#pragma once
/*
    #version:1# (machine generated, don't edit!)

    Generated by sokol-shdc (https://github.com/floooh/sokol-tools)

    Cmdline:
        sokol-shdc --input /Users/mac/Desktop/TrussC/addons/tcxFlowTools/shaders/bridge/bridge.glsl --output /Users/mac/Desktop/TrussC/addons/tcxFlowTools/shaders/bridge/bridge.glsl.h --slang metal_macos:hlsl5:glsl300es:wgsl --format sokol

    Overview:
    =========
    Shader program: 'tcx_flow_bridge_density':
        Get shader desc: tcx_flow_bridge_density_shader_desc(sg_query_backend());
        Vertex Shader: bridge_vs
        Fragment Shader: fs_bridge_density
        Attributes:
            ATTR_tcx_flow_bridge_density_position => 0
            ATTR_tcx_flow_bridge_density_texcoord0 => 1
    Shader program: 'tcx_flow_bridge_luminance_mask':
        Get shader desc: tcx_flow_bridge_luminance_mask_shader_desc(sg_query_backend());
        Vertex Shader: bridge_vs
        Fragment Shader: fs_bridge_luminance_mask
        Attributes:
            ATTR_tcx_flow_bridge_luminance_mask_position => 0
            ATTR_tcx_flow_bridge_luminance_mask_texcoord0 => 1
    Shader program: 'tcx_flow_bridge_temperature':
        Get shader desc: tcx_flow_bridge_temperature_shader_desc(sg_query_backend());
        Vertex Shader: bridge_vs
        Fragment Shader: fs_bridge_temperature
        Attributes:
            ATTR_tcx_flow_bridge_temperature_position => 0
            ATTR_tcx_flow_bridge_temperature_texcoord0 => 1
    Shader program: 'tcx_flow_bridge_velocity':
        Get shader desc: tcx_flow_bridge_velocity_shader_desc(sg_query_backend());
        Vertex Shader: bridge_vs
        Fragment Shader: fs_bridge_velocity
        Attributes:
            ATTR_tcx_flow_bridge_velocity_position => 0
            ATTR_tcx_flow_bridge_velocity_texcoord0 => 1
    Bindings:
        Uniform block 'bridge_params':
            C struct: bridge_params_t
            Bind slot: UB_bridge_params => 0
        Texture 'bridgeInputTex':
            Image type: SG_IMAGETYPE_2D
            Sample type: SG_IMAGESAMPLETYPE_FLOAT
            Multisampled: false
            Bind slot: VIEW_bridgeInputTex => 0
        Sampler 'bridgeInputSmp':
            Type: SG_SAMPLERTYPE_FILTERING
            Bind slot: SMP_bridgeInputSmp => 0
*/
#if !defined(SOKOL_GFX_INCLUDED)
#error "Please include sokol_gfx.h before bridge.glsl.h"
#endif
#if !defined(SOKOL_SHDC_ALIGN)
#if defined(_MSC_VER)
#define SOKOL_SHDC_ALIGN(a) __declspec(align(a))
#else
#define SOKOL_SHDC_ALIGN(a) __attribute__((aligned(a)))
#endif
#endif
#define ATTR_tcx_flow_bridge_density_position (0)
#define ATTR_tcx_flow_bridge_density_texcoord0 (1)
#define ATTR_tcx_flow_bridge_luminance_mask_position (0)
#define ATTR_tcx_flow_bridge_luminance_mask_texcoord0 (1)
#define ATTR_tcx_flow_bridge_temperature_position (0)
#define ATTR_tcx_flow_bridge_temperature_texcoord0 (1)
#define ATTR_tcx_flow_bridge_velocity_position (0)
#define ATTR_tcx_flow_bridge_velocity_texcoord0 (1)
#define UB_bridge_params (0)
#define VIEW_bridgeInputTex (0)
#define SMP_bridgeInputSmp (0)
#pragma pack(push,1)
SOKOL_SHDC_ALIGN(16) typedef struct bridge_params_t {
    float color[4];
    float resolution[4];
    float texel[4];
    float options[4];
} bridge_params_t;
#pragma pack(pop)
/*
    #version 300 es

    layout(location = 0) in vec2 position;
    out vec2 uv;
    layout(location = 1) in vec2 texcoord0;

    void main()
    {
        gl_Position = vec4(position, 0.0, 1.0);
        uv = texcoord0;
    }

*/
static const uint8_t bridge_vs_source_glsl300es[192] = {
    0x23,0x76,0x65,0x72,0x73,0x69,0x6f,0x6e,0x20,0x33,0x30,0x30,0x20,0x65,0x73,0x0a,
    0x0a,0x6c,0x61,0x79,0x6f,0x75,0x74,0x28,0x6c,0x6f,0x63,0x61,0x74,0x69,0x6f,0x6e,
    0x20,0x3d,0x20,0x30,0x29,0x20,0x69,0x6e,0x20,0x76,0x65,0x63,0x32,0x20,0x70,0x6f,
    0x73,0x69,0x74,0x69,0x6f,0x6e,0x3b,0x0a,0x6f,0x75,0x74,0x20,0x76,0x65,0x63,0x32,
    0x20,0x75,0x76,0x3b,0x0a,0x6c,0x61,0x79,0x6f,0x75,0x74,0x28,0x6c,0x6f,0x63,0x61,
    0x74,0x69,0x6f,0x6e,0x20,0x3d,0x20,0x31,0x29,0x20,0x69,0x6e,0x20,0x76,0x65,0x63,
    0x32,0x20,0x74,0x65,0x78,0x63,0x6f,0x6f,0x72,0x64,0x30,0x3b,0x0a,0x0a,0x76,0x6f,
    0x69,0x64,0x20,0x6d,0x61,0x69,0x6e,0x28,0x29,0x0a,0x7b,0x0a,0x20,0x20,0x20,0x20,
    0x67,0x6c,0x5f,0x50,0x6f,0x73,0x69,0x74,0x69,0x6f,0x6e,0x20,0x3d,0x20,0x76,0x65,
    0x63,0x34,0x28,0x70,0x6f,0x73,0x69,0x74,0x69,0x6f,0x6e,0x2c,0x20,0x30,0x2e,0x30,
    0x2c,0x20,0x31,0x2e,0x30,0x29,0x3b,0x0a,0x20,0x20,0x20,0x20,0x75,0x76,0x20,0x3d,
    0x20,0x74,0x65,0x78,0x63,0x6f,0x6f,0x72,0x64,0x30,0x3b,0x0a,0x7d,0x0a,0x0a,0x00,

};
/*
    #version 300 es
    precision mediump float;
    precision highp int;

    uniform highp vec4 bridge_params[4];
    uniform highp sampler2D bridgeInputTex_bridgeInputSmp;

    in highp vec2 uv;
    layout(location = 0) out highp vec4 frag_color;

    highp float bridge_flag(highp float _packed, highp float flag)
    {
        return floor(mod(floor(_packed / flag), 2.0));
    }

    highp vec2 bridge_sample_uv(highp vec2 p)
    {
        highp float param = bridge_params[3].w;
        highp float param_1 = 4.0;
        highp float param_2 = bridge_params[3].w;
        highp float param_3 = 8.0;
        return vec2(mix(p.x, 1.0 - p.x, bridge_flag(param, param_1)), mix(p.y, 1.0 - p.y, bridge_flag(param_2, param_3)));
    }

    highp float bridge_luminance(highp vec4 src)
    {
        highp float _103 = dot(src.xyz, vec3(0.2125999927520751953125, 0.715200006961822509765625, 0.072200000286102294921875));
        highp float param = bridge_params[3].w;
        highp float param_1 = 1.0;
        return mix(_103, 1.0 - _103, bridge_flag(param, param_1));
    }

    highp float bridge_mask_source_mode()
    {
        return floor(bridge_params[3].w * 0.0625);
    }

    highp float bridge_saturation(highp vec3 rgb)
    {
        highp float _131 = max(max(rgb.x, rgb.y), rgb.z);
        highp float _145;
        if (_131 <= 9.9999999747524270787835121154785e-07)
        {
            _145 = 0.0;
        }
        else
        {
            _145 = (_131 - min(min(rgb.x, rgb.y), rgb.z)) / _131;
        }
        return _145;
    }

    highp float bridge_mask_value(highp vec4 src, highp float intensity)
    {
        highp float param = bridge_params[3].w;
        highp float param_1 = 2.0;
        highp float mode = bridge_mask_source_mode();
        if (bridge_flag(param, param_1) > 0.5)
        {
            mode = 1.0;
        }
        if ((mode > 0.5) && (mode < 1.5))
        {
            return src.w;
        }
        if ((mode > 1.5) && (mode < 2.5))
        {
            return src.x;
        }
        if ((mode > 2.5) && (mode < 3.5))
        {
            return src.y;
        }
        if ((mode > 3.5) && (mode < 4.5))
        {
            return src.z;
        }
        if ((mode > 4.5) && (mode < 5.5))
        {
            return max(max(src.x, src.y), src.z);
        }
        if (mode > 5.5)
        {
            highp vec3 param_2 = src.xyz;
            return bridge_saturation(param_2);
        }
        return intensity;
    }

    highp float bridge_mask_gamma()
    {
        return max(bridge_params[2].w, 9.9999997473787516355514526367188e-05);
    }

    highp float bridge_soft_mask(highp float value)
    {
        highp float _254 = max(bridge_params[2].z, 0.0);
        highp float _259;
        if (_254 <= 9.9999997473787516355514526367188e-06)
        {
            _259 = step(bridge_params[3].y, value);
        }
        else
        {
            highp float _270 = _254 * 0.5;
            _259 = smoothstep(bridge_params[3].y - _270, bridge_params[3].y + _270, value);
        }
        return pow(clamp(_259, 0.0, 1.0), 1.0 / bridge_mask_gamma());
    }

    void main()
    {
        highp vec2 param = uv;
        highp vec4 _303 = texture(bridgeInputTex_bridgeInputSmp, bridge_sample_uv(param));
        highp vec4 param_1 = _303;
        highp float _307 = bridge_luminance(param_1);
        highp vec4 param_2 = _303;
        highp float param_3 = _307;
        highp float param_4 = bridge_mask_value(param_2, param_3);
        highp float _315 = bridge_soft_mask(param_4);
        highp float _323 = (_307 * _315) * bridge_params[3].x;
        frag_color = vec4(_323, _323, _323, _303.w * _315) * bridge_params[0];
    }

*/
static const uint8_t fs_bridge_luminance_mask_source_glsl300es[3262] = {
    0x23,0x76,0x65,0x72,0x73,0x69,0x6f,0x6e,0x20,0x33,0x30,0x30,0x20,0x65,0x73,0x0a,
    0x70,0x72,0x65,0x63,0x69,0x73,0x69,0x6f,0x6e,0x20,0x6d,0x65,0x64,0x69,0x75,0x6d,
    0x70,0x20,0x66,0x6c,0x6f,0x61,0x74,0x3b,0x0a,0x70,0x72,0x65,0x63,0x69,0x73,0x69,
    0x6f,0x6e,0x20,0x68,0x69,0x67,0x68,0x70,0x20,0x69,0x6e,0x74,0x3b,0x0a,0x0a,0x75,
    0x6e,0x69,0x66,0x6f,0x72,0x6d,0x20,0x68,0x69,0x67,0x68,0x70,0x20,0x76,0x65,0x63,
    0x34,0x20,0x62,0x72,0x69,0x64,0x67,0x65,0x5f,0x70,0x61,0x72,0x61,0x6d,0x73,0x5b,
    0x34,0x5d,0x3b,0x0a,0x75,0x6e,0x69,0x66,0x6f,0x72,0x6d,0x20,0x68,0x69,0x67,0x68,
    0x70,0x20,0x73,0x61,0x6d,0x70,0x6c,0x65,0x72,0x32,0x44,0x20,0x62,0x72,0x69,0x64,
    0x67,0x65,0x49,0x6e,0x70,0x75,0x74,0x54,0x65,0x78,0x5f,0x62,0x72,0x69,0x64,0x67,
    0x65,0x49,0x6e,0x70,0x75,0x74,0x53,0x6d,0x70,0x3b,0x0a,0x0a,0x69,0x6e,0x20,0x68,
    0x69,0x67,0x68,0x70,0x20,0x76,0x65,0x63,0x32,0x20,0x75,0x76,0x3b,0x0a,0x6c,0x61,
    0x79,0x6f,0x75,0x74,0x28,0x6c,0x6f,0x63,0x61,0x74,0x69,0x6f,0x6e,0x20,0x3d,0x20,
    0x30,0x29,0x20,0x6f,0x75,0x74,0x20,0x68,0x69,0x67,0x68,0x70,0x20,0x76,0x65,0x63,
    0x34,0x20,0x66,0x72,0x61,0x67,0x5f,0x63,0x6f,0x6c,0x6f,0x72,0x3b,0x0a,0x0a,0x68,
    0x69,0x67,0x68,0x70,0x20,0x66,0x6c,0x6f,0x61,0x74,0x20,0x62,0x72,0x69,0x64,0x67,
    0x65,0x5f,0x66,0x6c,0x61,0x67,0x28,0x68,0x69,0x67,0x68,0x70,0x20,0x66,0x6c,0x6f,
    0x61,0x74,0x20,0x5f,0x70,0x61,0x63,0x6b,0x65,0x64,0x2c,0x20,0x68,0x69,0x67,0x68,
    0x70,0x20,0x66,0x6c,0x6f,0x61,0x74,0x20,0x66,0x6c,0x61,0x67,0x29,0x0a,0x7b,0x0a,
    0x20,0x20,0x20,0x20,0x72,0x65,0x74,0x75,0x72,0x6e,0x20,0x66,0x6c,0x6f,0x6f,0x72,
    0x28,0x6d,0x6f,0x64,0x28,0x66,0x6c,0x6f,0x6f,0x72,0x28,0x5f,0x70,0x61,0x63,0x6b,
    0x65,0x64,0x20,0x2f,0x20,0x66,0x6c,0x61,0x67,0x29,0x2c,0x20,0x32,0x2e,0x30,0x29,
    0x29,0x3b,0x0a,0x7d,0x0a,0x0a,0x68,0x69,0x67,0x68,0x70,0x20,0x76,0x65,0x63,0x32,
    0x20,0x62,0x72,0x69,0x64,0x67,0x65,0x5f,0x73,0x61,0x6d,0x70,0x6c,0x65,0x5f,0x75,
    0x76,0x28,0x68,0x69,0x67,0x68,0x70,0x20,0x76,0x65,0x63,0x32,0x20,0x70,0x29,0x0a,
    0x7b,0x0a,0x20,0x20,0x20,0x20,0x68,0x69,0x67,0x68,0x70,0x20,0x66,0x6c,0x6f,0x61,
    0x74,0x20,0x70,0x61,0x72,0x61,0x6d,0x20,0x3d,0x20,0x62,0x72,0x69,0x64,0x67,0x65,
    0x5f,0x70,0x61,0x72,0x61,0x6d,0x73,0x5b,0x33,0x5d,0x2e,0x77,0x3b,0x0a,0x20,0x20,
    0x20,0x20,0x68,0x69,0x67,0x68,0x70,0x20,0x66,0x6c,0x6f,0x61,0x74,0x20,0x70,0x61,
    0x72,0x61,0x6d,0x5f,0x31,0x20,0x3d,0x20,0x34,0x2e,0x30,0x3b,0x0a,0x20,0x20,0x20,
    0x20,0x68,0x69,0x67,0x68,0x70,0x20,0x66,0x6c,0x6f,0x61,0x74,0x20,0x70,0x61,0x72,
    0x61,0x6d,0x5f,0x32,0x20,0x3d,0x20,0x62,0x72,0x69,0x64,0x67,0x65,0x5f,0x70,0x61,
    0x72,0x61,0x6d,0x73,0x5b,0x33,0x5d,0x2e,0x77,0x3b,0x0a,0x20,0x20,0x20,0x20,0x68,
    0x69,0x67,0x68,0x70,0x20,0x66,0x6c,0x6f,0x61,0x74,0x20,0x70,0x61,0x72,0x61,0x6d,
    0x5f,0x33,0x20,0x3d,0x20,0x38,0x2e,0x30,0x3b,0x0a,0x20,0x20,0x20,0x20,0x72,0x65,
    0x74,0x75,0x72,0x6e,0x20,0x76,0x65,0x63,0x32,0x28,0x6d,0x69,0x78,0x28,0x70,0x2e,
    0x78,0x2c,0x20,0x31,0x2e,0x30,0x20,0x2d,0x20,0x70,0x2e,0x78,0x2c,0x20,0x62,0x72,
    0x69,0x64,0x67,0x65,0x5f,0x66,0x6c,0x61,0x67,0x28,0x70,0x61,0x72,0x61,0x6d,0x2c,
    0x20,0x70,0x61,0x72,0x61,0x6d,0x5f,0x31,0x29,0x29,0x2c,0x20,0x6d,0x69,0x78,0x28,
    0x70,0x2e,0x79,0x2c,0x20,0x31,0x2e,0x30,0x20,0x2d,0x20,0x70,0x2e,0x79,0x2c,0x20,
    0x62,0x72,0x69,0x64,0x67,0x65,0x5f,0x66,0x6c,0x61,0x67,0x28,0x70,0x61,0x72,0x61,
    0x6d,0x5f,0x32,0x2c,0x20,0x70,0x61,0x72,0x61,0x6d,0x5f,0x33,0x29,0x29,0x29,0x3b,
    0x0a,0x7d,0x0a,0x0a,0x68,0x69,0x67,0x68,0x70,0x20,0x66,0x6c,0x6f,0x61,0x74,0x20,
    0x62,0x72,0x69,0x64,0x67,0x65,0x5f,0x6c,0x75,0x6d,0x69,0x6e,0x61,0x6e,0x63,0x65,
    0x28,0x68,0x69,0x67,0x68,0x70,0x20,0x76,0x65,0x63,0x34,0x20,0x73,0x72,0x63,0x29,
    0x0a,0x7b,0x0a,0x20,0x20,0x20,0x20,0x68,0x69,0x67,0x68,0x70,0x20,0x66,0x6c,0x6f,
    0x61,0x74,0x20,0x5f,0x31,0x30,0x33,0x20,0x3d,0x20,0x64,0x6f,0x74,0x28,0x73,0x72,
    0x63,0x2e,0x78,0x79,0x7a,0x2c,0x20,0x76,0x65,0x63,0x33,0x28,0x30,0x2e,0x32,0x31,
    0x32,0x35,0x39,0x39,0x39,0x39,0x32,0x37,0x35,0x32,0x30,0x37,0x35,0x31,0x39,0x35,
    0x33,0x31,0x32,0x35,0x2c,0x20,0x30,0x2e,0x37,0x31,0x35,0x32,0x30,0x30,0x30,0x30,
    0x36,0x39,0x36,0x31,0x38,0x32,0x32,0x35,0x30,0x39,0x37,0x36,0x35,0x36,0x32,0x35,
    0x2c,0x20,0x30,0x2e,0x30,0x37,0x32,0x32,0x30,0x30,0x30,0x30,0x30,0x32,0x38,0x36,
    0x31,0x30,0x32,0x32,0x39,0x34,0x39,0x32,0x31,0x38,0x37,0x35,0x29,0x29,0x3b,0x0a,
    0x20,0x20,0x20,0x20,0x68,0x69,0x67,0x68,0x70,0x20,0x66,0x6c,0x6f,0x61,0x74,0x20,
    0x70,0x61,0x72,0x61,0x6d,0x20,0x3d,0x20,0x62,0x72,0x69,0x64,0x67,0x65,0x5f,0x70,
    0x61,0x72,0x61,0x6d,0x73,0x5b,0x33,0x5d,0x2e,0x77,0x3b,0x0a,0x20,0x20,0x20,0x20,
    0x68,0x69,0x67,0x68,0x70,0x20,0x66,0x6c,0x6f,0x61,0x74,0x20,0x70,0x61,0x72,0x61,
    0x6d,0x5f,0x31,0x20,0x3d,0x20,0x31,0x2e,0x30,0x3b,0x0a,0x20,0x20,0x20,0x20,0x72,
    0x65,0x74,0x75,0x72,0x6e,0x20,0x6d,0x69,0x78,0x28,0x5f,0x31,0x30,0x33,0x2c,0x20,
    0x31,0x2e,0x30,0x20,0x2d,0x20,0x5f,0x31,0x30,0x33,0x2c,0x20,0x62,0x72,0x69,0x64,
    0x67,0x65,0x5f,0x66,0x6c,0x61,0x67,0x28,0x70,0x61,0x72,0x61,0x6d,0x2c,0x20,0x70,
    0x61,0x72,0x61,0x6d,0x5f,0x31,0x29,0x29,0x3b,0x0a,0x7d,0x0a,0x0a,0x68,0x69,0x67,
    0x68,0x70,0x20,0x66,0x6c,0x6f,0x61,0x74,0x20,0x62,0x72,0x69,0x64,0x67,0x65,0x5f,
    0x6d,0x61,0x73,0x6b,0x5f,0x73,0x6f,0x75,0x72,0x63,0x65,0x5f,0x6d,0x6f,0x64,0x65,
    0x28,0x29,0x0a,0x7b,0x0a,0x20,0x20,0x20,0x20,0x72,0x65,0x74,0x75,0x72,0x6e,0x20,
    0x66,0x6c,0x6f,0x6f,0x72,0x28,0x62,0x72,0x69,0x64,0x67,0x65,0x5f,0x70,0x61,0x72,
    0x61,0x6d,0x73,0x5b,0x33,0x5d,0x2e,0x77,0x20,0x2a,0x20,0x30,0x2e,0x30,0x36,0x32,
    0x35,0x29,0x3b,0x0a,0x7d,0x0a,0x0a,0x68,0x69,0x67,0x68,0x70,0x20,0x66,0x6c,0x6f,
    0x61,0x74,0x20,0x62,0x72,0x69,0x64,0x67,0x65,0x5f,0x73,0x61,0x74,0x75,0x72,0x61,
    0x74,0x69,0x6f,0x6e,0x28,0x68,0x69,0x67,0x68,0x70,0x20,0x76,0x65,0x63,0x33,0x20,
    0x72,0x67,0x62,0x29,0x0a,0x7b,0x0a,0x20,0x20,0x20,0x20,0x68,0x69,0x67,0x68,0x70,
    0x20,0x66,0x6c,0x6f,0x61,0x74,0x20,0x5f,0x31,0x33,0x31,0x20,0x3d,0x20,0x6d,0x61,
    0x78,0x28,0x6d,0x61,0x78,0x28,0x72,0x67,0x62,0x2e,0x78,0x2c,0x20,0x72,0x67,0x62,
    0x2e,0x79,0x29,0x2c,0x20,0x72,0x67,0x62,0x2e,0x7a,0x29,0x3b,0x0a,0x20,0x20,0x20,
    0x20,0x68,0x69,0x67,0x68,0x70,0x20,0x66,0x6c,0x6f,0x61,0x74,0x20,0x5f,0x31,0x34,
    0x35,0x3b,0x0a,0x20,0x20,0x20,0x20,0x69,0x66,0x20,0x28,0x5f,0x31,0x33,0x31,0x20,
    0x3c,0x3d,0x20,0x39,0x2e,0x39,0x39,0x39,0x39,0x39,0x39,0x39,0x37,0x34,0x37,0x35,
    0x32,0x34,0x32,0x37,0x30,0x37,0x38,0x37,0x38,0x33,0x35,0x31,0x32,0x31,0x31,0x35,
    0x34,0x37,0x38,0x35,0x65,0x2d,0x30,0x37,0x29,0x0a,0x20,0x20,0x20,0x20,0x7b,0x0a,
    0x20,0x20,0x20,0x20,0x20,0x20,0x20,0x20,0x5f,0x31,0x34,0x35,0x20,0x3d,0x20,0x30,
    0x2e,0x30,0x3b,0x0a,0x20,0x20,0x20,0x20,0x7d,0x0a,0x20,0x20,0x20,0x20,0x65,0x6c,
    0x73,0x65,0x0a,0x20,0x20,0x20,0x20,0x7b,0x0a,0x20,0x20,0x20,0x20,0x20,0x20,0x20,
    0x20,0x5f,0x31,0x34,0x35,0x20,0x3d,0x20,0x28,0x5f,0x31,0x33,0x31,0x20,0x2d,0x20,
    0x6d,0x69,0x6e,0x28,0x6d,0x69,0x6e,0x28,0x72,0x67,0x62,0x2e,0x78,0x2c,0x20,0x72,
    0x67,0x62,0x2e,0x79,0x29,0x2c,0x20,0x72,0x67,0x62,0x2e,0x7a,0x29,0x29,0x20,0x2f,
    0x20,0x5f,0x31,0x33,0x31,0x3b,0x0a,0x20,0x20,0x20,0x20,0x7d,0x0a,0x20,0x20,0x20,
    0x20,0x72,0x65,0x74,0x75,0x72,0x6e,0x20,0x5f,0x31,0x34,0x35,0x3b,0x0a,0x7d,0x0a,
    0x0a,0x68,0x69,0x67,0x68,0x70,0x20,0x66,0x6c,0x6f,0x61,0x74,0x20,0x62,0x72,0x69,
    0x64,0x67,0x65,0x5f,0x6d,0x61,0x73,0x6b,0x5f,0x76,0x61,0x6c,0x75,0x65,0x28,0x68,
    0x69,0x67,0x68,0x70,0x20,0x76,0x65,0x63,0x34,0x20,0x73,0x72,0x63,0x2c,0x20,0x68,
    0x69,0x67,0x68,0x70,0x20,0x66,0x6c,0x6f,0x61,0x74,0x20,0x69,0x6e,0x74,0x65,0x6e,
    0x73,0x69,0x74,0x79,0x29,0x0a,0x7b,0x0a,0x20,0x20,0x20,0x20,0x68,0x69,0x67,0x68,
    0x70,0x20,0x66,0x6c,0x6f,0x61,0x74,0x20,0x70,0x61,0x72,0x61,0x6d,0x20,0x3d,0x20,
    0x62,0x72,0x69,0x64,0x67,0x65,0x5f,0x70,0x61,0x72,0x61,0x6d,0x73,0x5b,0x33,0x5d,
    0x2e,0x77,0x3b,0x0a,0x20,0x20,0x20,0x20,0x68,0x69,0x67,0x68,0x70,0x20,0x66,0x6c,
    0x6f,0x61,0x74,0x20,0x70,0x61,0x72,0x61,0x6d,0x5f,0x31,0x20,0x3d,0x20,0x32,0x2e,
    0x30,0x3b,0x0a,0x20,0x20,0x20,0x20,0x68,0x69,0x67,0x68,0x70,0x20,0x66,0x6c,0x6f,
    0x61,0x74,0x20,0x6d,0x6f,0x64,0x65,0x20,0x3d,0x20,0x62,0x72,0x69,0x64,0x67,0x65,
    0x5f,0x6d,0x61,0x73,0x6b,0x5f,0x73,0x6f,0x75,0x72,0x63,0x65,0x5f,0x6d,0x6f,0x64,
    0x65,0x28,0x29,0x3b,0x0a,0x20,0x20,0x20,0x20,0x69,0x66,0x20,0x28,0x62,0x72,0x69,
    0x64,0x67,0x65,0x5f,0x66,0x6c,0x61,0x67,0x28,0x70,0x61,0x72,0x61,0x6d,0x2c,0x20,
    0x70,0x61,0x72,0x61,0x6d,0x5f,0x31,0x29,0x20,0x3e,0x20,0x30,0x2e,0x35,0x29,0x0a,
    0x20,0x20,0x20,0x20,0x7b,0x0a,0x20,0x20,0x20,0x20,0x20,0x20,0x20,0x20,0x6d,0x6f,
    0x64,0x65,0x20,0x3d,0x20,0x31,0x2e,0x30,0x3b,0x0a,0x20,0x20,0x20,0x20,0x7d,0x0a,
    0x20,0x20,0x20,0x20,0x69,0x66,0x20,0x28,0x28,0x6d,0x6f,0x64,0x65,0x20,0x3e,0x20,
    0x30,0x2e,0x35,0x29,0x20,0x26,0x26,0x20,0x28,0x6d,0x6f,0x64,0x65,0x20,0x3c,0x20,
    0x31,0x2e,0x35,0x29,0x29,0x0a,0x20,0x20,0x20,0x20,0x7b,0x0a,0x20,0x20,0x20,0x20,
    0x20,0x20,0x20,0x20,0x72,0x65,0x74,0x75,0x72,0x6e,0x20,0x73,0x72,0x63,0x2e,0x77,
    0x3b,0x0a,0x20,0x20,0x20,0x20,0x7d,0x0a,0x20,0x20,0x20,0x20,0x69,0x66,0x20,0x28,
    0x28,0x6d,0x6f,0x64,0x65,0x20,0x3e,0x20,0x31,0x2e,0x35,0x29,0x20,0x26,0x26,0x20,
    0x28,0x6d,0x6f,0x64,0x65,0x20,0x3c,0x20,0x32,0x2e,0x35,0x29,0x29,0x0a,0x20,0x20,
    0x20,0x20,0x7b,0x0a,0x20,0x20,0x20,0x20,0x20,0x20,0x20,0x20,0x72,0x65,0x74,0x75,
    0x72,0x6e,0x20,0x73,0x72,0x63,0x2e,0x78,0x3b,0x0a,0x20,0x20,0x20,0x20,0x7d,0x0a,
    0x20,0x20,0x20,0x20,0x69,0x66,0x20,0x28,0x28,0x6d,0x6f,0x64,0x65,0x20,0x3e,0x20,
    0x32,0x2e,0x35,0x29,0x20,0x26,0x26,0x20,0x28,0x6d,0x6f,0x64,0x65,0x20,0x3c,0x20,
    0x33,0x2e,0x35,0x29,0x29,0x0a,0x20,0x20,0x20,0x20,0x7b,0x0a,0x20,0x20,0x20,0x20,
    0x20,0x20,0x20,0x20,0x72,0x65,0x74,0x75,0x72,0x6e,0x20,0x73,0x72,0x63,0x2e,0x79,
    0x3b,0x0a,0x20,0x20,0x20,0x20,0x7d,0x0a,0x20,0x20,0x20,0x20,0x69,0x66,0x20,0x28,
    0x28,0x6d,0x6f,0x64,0x65,0x20,0x3e,0x20,0x33,0x2e,0x35,0x29,0x20,0x26,0x26,0x20,
    0x28,0x6d,0x6f,0x64,0x65,0x20,0x3c,0x20,0x34,0x2e,0x35,0x29,0x29,0x0a,0x20,0x20,
    0x20,0x20,0x7b,0x0a,0x20,0x20,0x20,0x20,0x20,0x20,0x20,0x20,0x72,0x65,0x74,0x75,
    0x72,0x6e,0x20,0x73,0x72,0x63,0x2e,0x7a,0x3b,0x0a,0x20,0x20,0x20,0x20,0x7d,0x0a,
    0x20,0x20,0x20,0x20,0x69,0x66,0x20,0x28,0x28,0x6d,0x6f,0x64,0x65,0x20,0x3e,0x20,
    0x34,0x2e,0x35,0x29,0x20,0x26,0x26,0x20,0x28,0x6d,0x6f,0x64,0x65,0x20,0x3c,0x20,
    0x35,0x2e,0x35,0x29,0x29,0x0a,0x20,0x20,0x20,0x20,0x7b,0x0a,0x20,0x20,0x20,0x20,
    0x20,0x20,0x20,0x20,0x72,0x65,0x74,0x75,0x72,0x6e,0x20,0x6d,0x61,0x78,0x28,0x6d,
    0x61,0x78,0x28,0x73,0x72,0x63,0x2e,0x78,0x2c,0x20,0x73,0x72,0x63,0x2e,0x79,0x29,
    0x2c,0x20,0x73,0x72,0x63,0x2e,0x7a,0x29,0x3b,0x0a,0x20,0x20,0x20,0x20,0x7d,0x0a,
    0x20,0x20,0x20,0x20,0x69,0x66,0x20,0x28,0x6d,0x6f,0x64,0x65,0x20,0x3e,0x20,0x35,
    0x2e,0x35,0x29,0x0a,0x20,0x20,0x20,0x20,0x7b,0x0a,0x20,0x20,0x20,0x20,0x20,0x20,
    0x20,0x20,0x68,0x69,0x67,0x68,0x70,0x20,0x76,0x65,0x63,0x33,0x20,0x70,0x61,0x72,
    0x61,0x6d,0x5f,0x32,0x20,0x3d,0x20,0x73,0x72,0x63,0x2e,0x78,0x79,0x7a,0x3b,0x0a,
    0x20,0x20,0x20,0x20,0x20,0x20,0x20,0x20,0x72,0x65,0x74,0x75,0x72,0x6e,0x20,0x62,
    0x72,0x69,0x64,0x67,0x65,0x5f,0x73,0x61,0x74,0x75,0x72,0x61,0x74,0x69,0x6f,0x6e,
    0x28,0x70,0x61,0x72,0x61,0x6d,0x5f,0x32,0x29,0x3b,0x0a,0x20,0x20,0x20,0x20,0x7d,
    0x0a,0x20,0x20,0x20,0x20,0x72,0x65,0x74,0x75,0x72,0x6e,0x20,0x69,0x6e,0x74,0x65,
    0x6e,0x73,0x69,0x74,0x79,0x3b,0x0a,0x7d,0x0a,0x0a,0x68,0x69,0x67,0x68,0x70,0x20,
    0x66,0x6c,0x6f,0x61,0x74,0x20,0x62,0x72,0x69,0x64,0x67,0x65,0x5f,0x6d,0x61,0x73,
    0x6b,0x5f,0x67,0x61,0x6d,0x6d,0x61,0x28,0x29,0x0a,0x7b,0x0a,0x20,0x20,0x20,0x20,
    0x72,0x65,0x74,0x75,0x72,0x6e,0x20,0x6d,0x61,0x78,0x28,0x62,0x72,0x69,0x64,0x67,
    0x65,0x5f,0x70,0x61,0x72,0x61,0x6d,0x73,0x5b,0x32,0x5d,0x2e,0x77,0x2c,0x20,0x39,
    0x2e,0x39,0x39,0x39,0x39,0x39,0x39,0x37,0x34,0x37,0x33,0x37,0x38,0x37,0x35,0x31,
    0x36,0x33,0x35,0x35,0x35,0x31,0x34,0x35,0x32,0x36,0x33,0x36,0x37,0x31,0x38,0x38,
    0x65,0x2d,0x30,0x35,0x29,0x3b,0x0a,0x7d,0x0a,0x0a,0x68,0x69,0x67,0x68,0x70,0x20,
    0x66,0x6c,0x6f,0x61,0x74,0x20,0x62,0x72,0x69,0x64,0x67,0x65,0x5f,0x73,0x6f,0x66,
    0x74,0x5f,0x6d,0x61,0x73,0x6b,0x28,0x68,0x69,0x67,0x68,0x70,0x20,0x66,0x6c,0x6f,
    0x61,0x74,0x20,0x76,0x61,0x6c,0x75,0x65,0x29,0x0a,0x7b,0x0a,0x20,0x20,0x20,0x20,
    0x68,0x69,0x67,0x68,0x70,0x20,0x66,0x6c,0x6f,0x61,0x74,0x20,0x5f,0x32,0x35,0x34,
    0x20,0x3d,0x20,0x6d,0x61,0x78,0x28,0x62,0x72,0x69,0x64,0x67,0x65,0x5f,0x70,0x61,
    0x72,0x61,0x6d,0x73,0x5b,0x32,0x5d,0x2e,0x7a,0x2c,0x20,0x30,0x2e,0x30,0x29,0x3b,
    0x0a,0x20,0x20,0x20,0x20,0x68,0x69,0x67,0x68,0x70,0x20,0x66,0x6c,0x6f,0x61,0x74,
    0x20,0x5f,0x32,0x35,0x39,0x3b,0x0a,0x20,0x20,0x20,0x20,0x69,0x66,0x20,0x28,0x5f,
    0x32,0x35,0x34,0x20,0x3c,0x3d,0x20,0x39,0x2e,0x39,0x39,0x39,0x39,0x39,0x39,0x37,
    0x34,0x37,0x33,0x37,0x38,0x37,0x35,0x31,0x36,0x33,0x35,0x35,0x35,0x31,0x34,0x35,
    0x32,0x36,0x33,0x36,0x37,0x31,0x38,0x38,0x65,0x2d,0x30,0x36,0x29,0x0a,0x20,0x20,
    0x20,0x20,0x7b,0x0a,0x20,0x20,0x20,0x20,0x20,0x20,0x20,0x20,0x5f,0x32,0x35,0x39,
    0x20,0x3d,0x20,0x73,0x74,0x65,0x70,0x28,0x62,0x72,0x69,0x64,0x67,0x65,0x5f,0x70,
    0x61,0x72,0x61,0x6d,0x73,0x5b,0x33,0x5d,0x2e,0x79,0x2c,0x20,0x76,0x61,0x6c,0x75,
    0x65,0x29,0x3b,0x0a,0x20,0x20,0x20,0x20,0x7d,0x0a,0x20,0x20,0x20,0x20,0x65,0x6c,
    0x73,0x65,0x0a,0x20,0x20,0x20,0x20,0x7b,0x0a,0x20,0x20,0x20,0x20,0x20,0x20,0x20,
    0x20,0x68,0x69,0x67,0x68,0x70,0x20,0x66,0x6c,0x6f,0x61,0x74,0x20,0x5f,0x32,0x37,
    0x30,0x20,0x3d,0x20,0x5f,0x32,0x35,0x34,0x20,0x2a,0x20,0x30,0x2e,0x35,0x3b,0x0a,
    0x20,0x20,0x20,0x20,0x20,0x20,0x20,0x20,0x5f,0x32,0x35,0x39,0x20,0x3d,0x20,0x73,
    0x6d,0x6f,0x6f,0x74,0x68,0x73,0x74,0x65,0x70,0x28,0x62,0x72,0x69,0x64,0x67,0x65,
    0x5f,0x70,0x61,0x72,0x61,0x6d,0x73,0x5b,0x33,0x5d,0x2e,0x79,0x20,0x2d,0x20,0x5f,
    0x32,0x37,0x30,0x2c,0x20,0x62,0x72,0x69,0x64,0x67,0x65,0x5f,0x70,0x61,0x72,0x61,
    0x6d,0x73,0x5b,0x33,0x5d,0x2e,0x79,0x20,0x2b,0x20,0x5f,0x32,0x37,0x30,0x2c,0x20,
    0x76,0x61,0x6c,0x75,0x65,0x29,0x3b,0x0a,0x20,0x20,0x20,0x20,0x7d,0x0a,0x20,0x20,
    0x20,0x20,0x72,0x65,0x74,0x75,0x72,0x6e,0x20,0x70,0x6f,0x77,0x28,0x63,0x6c,0x61,
    0x6d,0x70,0x28,0x5f,0x32,0x35,0x39,0x2c,0x20,0x30,0x2e,0x30,0x2c,0x20,0x31,0x2e,
    0x30,0x29,0x2c,0x20,0x31,0x2e,0x30,0x20,0x2f,0x20,0x62,0x72,0x69,0x64,0x67,0x65,
    0x5f,0x6d,0x61,0x73,0x6b,0x5f,0x67,0x61,0x6d,0x6d,0x61,0x28,0x29,0x29,0x3b,0x0a,
    0x7d,0x0a,0x0a,0x76,0x6f,0x69,0x64,0x20,0x6d,0x61,0x69,0x6e,0x28,0x29,0x0a,0x7b,
    0x0a,0x20,0x20,0x20,0x20,0x68,0x69,0x67,0x68,0x70,0x20,0x76,0x65,0x63,0x32,0x20,
    0x70,0x61,0x72,0x61,0x6d,0x20,0x3d,0x20,0x75,0x76,0x3b,0x0a,0x20,0x20,0x20,0x20,
    0x68,0x69,0x67,0x68,0x70,0x20,0x76,0x65,0x63,0x34,0x20,0x5f,0x33,0x30,0x33,0x20,
    0x3d,0x20,0x74,0x65,0x78,0x74,0x75,0x72,0x65,0x28,0x62,0x72,0x69,0x64,0x67,0x65,
    0x49,0x6e,0x70,0x75,0x74,0x54,0x65,0x78,0x5f,0x62,0x72,0x69,0x64,0x67,0x65,0x49,
    0x6e,0x70,0x75,0x74,0x53,0x6d,0x70,0x2c,0x20,0x62,0x72,0x69,0x64,0x67,0x65,0x5f,
    0x73,0x61,0x6d,0x70,0x6c,0x65,0x5f,0x75,0x76,0x28,0x70,0x61,0x72,0x61,0x6d,0x29,
    0x29,0x3b,0x0a,0x20,0x20,0x20,0x20,0x68,0x69,0x67,0x68,0x70,0x20,0x76,0x65,0x63,
    0x34,0x20,0x70,0x61,0x72,0x61,0x6d,0x5f,0x31,0x20,0x3d,0x20,0x5f,0x33,0x30,0x33,
    0x3b,0x0a,0x20,0x20,0x20,0x20,0x68,0x69,0x67,0x68,0x70,0x20,0x66,0x6c,0x6f,0x61,
    0x74,0x20,0x5f,0x33,0x30,0x37,0x20,0x3d,0x20,0x62,0x72,0x69,0x64,0x67,0x65,0x5f,
    0x6c,0x75,0x6d,0x69,0x6e,0x61,0x6e,0x63,0x65,0x28,0x70,0x61,0x72,0x61,0x6d,0x5f,
    0x31,0x29,0x3b,0x0a,0x20,0x20,0x20,0x20,0x68,0x69,0x67,0x68,0x70,0x20,0x76,0x65,
    0x63,0x34,0x20,0x70,0x61,0x72,0x61,0x6d,0x5f,0x32,0x20,0x3d,0x20,0x5f,0x33,0x30,
    0x33,0x3b,0x0a,0x20,0x20,0x20,0x20,0x68,0x69,0x67,0x68,0x70,0x20,0x66,0x6c,0x6f,
    0x61,0x74,0x20,0x70,0x61,0x72,0x61,0x6d,0x5f,0x33,0x20,0x3d,0x20,0x5f,0x33,0x30,
    0x37,0x3b,0x0a,0x20,0x20,0x20,0x20,0x68,0x69,0x67,0x68,0x70,0x20,0x66,0x6c,0x6f,
    0x61,0x74,0x20,0x70,0x61,0x72,0x61,0x6d,0x5f,0x34,0x20,0x3d,0x20,0x62,0x72,0x69,
    0x64,0x67,0x65,0x5f,0x6d,0x61,0x73,0x6b,0x5f,0x76,0x61,0x6c,0x75,0x65,0x28,0x70,
    0x61,0x72,0x61,0x6d,0x5f,0x32,0x2c,0x20,0x70,0x61,0x72,0x61,0x6d,0x5f,0x33,0x29,
    0x3b,0x0a,0x20,0x20,0x20,0x20,0x68,0x69,0x67,0x68,0x70,0x20,0x66,0x6c,0x6f,0x61,
    0x74,0x20,0x5f,0x33,0x31,0x35,0x20,0x3d,0x20,0x62,0x72,0x69,0x64,0x67,0x65,0x5f,
    0x73,0x6f,0x66,0x74,0x5f,0x6d,0x61,0x73,0x6b,0x28,0x70,0x61,0x72,0x61,0x6d,0x5f,
    0x34,0x29,0x3b,0x0a,0x20,0x20,0x20,0x20,0x68,0x69,0x67,0x68,0x70,0x20,0x66,0x6c,
    0x6f,0x61,0x74,0x20,0x5f,0x33,0x32,0x33,0x20,0x3d,0x20,0x28,0x5f,0x33,0x30,0x37,
    0x20,0x2a,0x20,0x5f,0x33,0x31,0x35,0x29,0x20,0x2a,0x20,0x62,0x72,0x69,0x64,0x67,
    0x65,0x5f,0x70,0x61,0x72,0x61,0x6d,0x73,0x5b,0x33,0x5d,0x2e,0x78,0x3b,0x0a,0x20,
    0x20,0x20,0x20,0x66,0x72,0x61,0x67,0x5f,0x63,0x6f,0x6c,0x6f,0x72,0x20,0x3d,0x20,
    0x76,0x65,0x63,0x34,0x28,0x5f,0x33,0x32,0x33,0x2c,0x20,0x5f,0x33,0x32,0x33,0x2c,
    0x20,0x5f,0x33,0x32,0x33,0x2c,0x20,0x5f,0x33,0x30,0x33,0x2e,0x77,0x20,0x2a,0x20,
    0x5f,0x33,0x31,0x35,0x29,0x20,0x2a,0x20,0x62,0x72,0x69,0x64,0x67,0x65,0x5f,0x70,
    0x61,0x72,0x61,0x6d,0x73,0x5b,0x30,0x5d,0x3b,0x0a,0x7d,0x0a,0x0a,0x00,
};
/*
    #version 300 es
    precision mediump float;
    precision highp int;

    uniform highp vec4 bridge_params[4];
    uniform highp sampler2D bridgeInputTex_bridgeInputSmp;

    in highp vec2 uv;
    layout(location = 0) out highp vec4 frag_color;

    highp float bridge_flag(highp float _packed, highp float flag)
    {
        return floor(mod(floor(_packed / flag), 2.0));
    }

    highp vec2 bridge_sample_uv(highp vec2 p)
    {
        highp float param = bridge_params[3].w;
        highp float param_1 = 4.0;
        highp float param_2 = bridge_params[3].w;
        highp float param_3 = 8.0;
        return vec2(mix(p.x, 1.0 - p.x, bridge_flag(param, param_1)), mix(p.y, 1.0 - p.y, bridge_flag(param_2, param_3)));
    }

    highp float bridge_luminance(highp vec4 src)
    {
        highp float _103 = dot(src.xyz, vec3(0.2125999927520751953125, 0.715200006961822509765625, 0.072200000286102294921875));
        highp float param = bridge_params[3].w;
        highp float param_1 = 1.0;
        return mix(_103, 1.0 - _103, bridge_flag(param, param_1));
    }

    highp float bridge_mask_source_mode()
    {
        return floor(bridge_params[3].w * 0.0625);
    }

    highp float bridge_saturation(highp vec3 rgb)
    {
        highp float _131 = max(max(rgb.x, rgb.y), rgb.z);
        highp float _145;
        if (_131 <= 9.9999999747524270787835121154785e-07)
        {
            _145 = 0.0;
        }
        else
        {
            _145 = (_131 - min(min(rgb.x, rgb.y), rgb.z)) / _131;
        }
        return _145;
    }

    highp float bridge_mask_value(highp vec4 src, highp float intensity)
    {
        highp float param = bridge_params[3].w;
        highp float param_1 = 2.0;
        highp float mode = bridge_mask_source_mode();
        if (bridge_flag(param, param_1) > 0.5)
        {
            mode = 1.0;
        }
        if ((mode > 0.5) && (mode < 1.5))
        {
            return src.w;
        }
        if ((mode > 1.5) && (mode < 2.5))
        {
            return src.x;
        }
        if ((mode > 2.5) && (mode < 3.5))
        {
            return src.y;
        }
        if ((mode > 3.5) && (mode < 4.5))
        {
            return src.z;
        }
        if ((mode > 4.5) && (mode < 5.5))
        {
            return max(max(src.x, src.y), src.z);
        }
        if (mode > 5.5)
        {
            highp vec3 param_2 = src.xyz;
            return bridge_saturation(param_2);
        }
        return intensity;
    }

    highp float bridge_mask_gamma()
    {
        return max(bridge_params[2].w, 9.9999997473787516355514526367188e-05);
    }

    highp float bridge_soft_mask(highp float value)
    {
        highp float _254 = max(bridge_params[2].z, 0.0);
        highp float _259;
        if (_254 <= 9.9999997473787516355514526367188e-06)
        {
            _259 = step(bridge_params[3].y, value);
        }
        else
        {
            highp float _270 = _254 * 0.5;
            _259 = smoothstep(bridge_params[3].y - _270, bridge_params[3].y + _270, value);
        }
        return pow(clamp(_259, 0.0, 1.0), 1.0 / bridge_mask_gamma());
    }

    void main()
    {
        highp vec2 _295 = bridge_params[2].xy * max(bridge_params[3].z, 1.0);
        highp vec2 param = uv;
        highp vec4 _312 = texture(bridgeInputTex_bridgeInputSmp, bridge_sample_uv(param));
        highp vec2 _320 = vec2(_295.x, 0.0);
        highp vec2 param_1 = uv - _320;
        highp vec4 _324 = texture(bridgeInputTex_bridgeInputSmp, bridge_sample_uv(param_1));
        highp vec2 param_2 = uv + _320;
        highp vec4 _336 = texture(bridgeInputTex_bridgeInputSmp, bridge_sample_uv(param_2));
        highp vec2 _344 = vec2(0.0, _295.y);
        highp vec2 param_3 = uv - _344;
        highp vec4 _348 = texture(bridgeInputTex_bridgeInputSmp, bridge_sample_uv(param_3));
        highp vec2 param_4 = uv + _344;
        highp vec4 _360 = texture(bridgeInputTex_bridgeInputSmp, bridge_sample_uv(param_4));
        highp vec4 param_5 = _312;
        highp vec4 param_6 = _324;
        highp float _368 = bridge_luminance(param_6);
        highp vec4 param_7 = _336;
        highp float _372 = bridge_luminance(param_7);
        highp vec4 param_8 = _348;
        highp float _376 = bridge_luminance(param_8);
        highp vec4 param_9 = _360;
        highp float _380 = bridge_luminance(param_9);
        highp vec4 param_10 = _312;
        highp float param_11 = bridge_luminance(param_5);
        highp vec4 param_12 = _324;
        highp float param_13 = _368;
        highp vec4 param_14 = _336;
        highp float param_15 = _372;
        highp vec4 param_16 = _348;
        highp float param_17 = _376;
        highp vec4 param_18 = _360;
        highp float param_19 = _380;
        highp float param_20 = max(max(max(max(bridge_mask_value(param_10, param_11), bridge_mask_value(param_12, param_13)), bridge_mask_value(param_14, param_15)), bridge_mask_value(param_16, param_17)), bridge_mask_value(param_18, param_19));
        frag_color = vec4(((vec2(_372 - _368, _380 - _376) * bridge_params[3].x) * bridge_soft_mask(param_20)) * bridge_params[0].xy, 0.0, 1.0);
    }

*/
static const uint8_t fs_bridge_velocity_source_glsl300es[4611] = {
    0x23,0x76,0x65,0x72,0x73,0x69,0x6f,0x6e,0x20,0x33,0x30,0x30,0x20,0x65,0x73,0x0a,
    0x70,0x72,0x65,0x63,0x69,0x73,0x69,0x6f,0x6e,0x20,0x6d,0x65,0x64,0x69,0x75,0x6d,
    0x70,0x20,0x66,0x6c,0x6f,0x61,0x74,0x3b,0x0a,0x70,0x72,0x65,0x63,0x69,0x73,0x69,
    0x6f,0x6e,0x20,0x68,0x69,0x67,0x68,0x70,0x20,0x69,0x6e,0x74,0x3b,0x0a,0x0a,0x75,
    0x6e,0x69,0x66,0x6f,0x72,0x6d,0x20,0x68,0x69,0x67,0x68,0x70,0x20,0x76,0x65,0x63,
    0x34,0x20,0x62,0x72,0x69,0x64,0x67,0x65,0x5f,0x70,0x61,0x72,0x61,0x6d,0x73,0x5b,
    0x34,0x5d,0x3b,0x0a,0x75,0x6e,0x69,0x66,0x6f,0x72,0x6d,0x20,0x68,0x69,0x67,0x68,
    0x70,0x20,0x73,0x61,0x6d,0x70,0x6c,0x65,0x72,0x32,0x44,0x20,0x62,0x72,0x69,0x64,
    0x67,0x65,0x49,0x6e,0x70,0x75,0x74,0x54,0x65,0x78,0x5f,0x62,0x72,0x69,0x64,0x67,
    0x65,0x49,0x6e,0x70,0x75,0x74,0x53,0x6d,0x70,0x3b,0x0a,0x0a,0x69,0x6e,0x20,0x68,
    0x69,0x67,0x68,0x70,0x20,0x76,0x65,0x63,0x32,0x20,0x75,0x76,0x3b,0x0a,0x6c,0x61,
    0x79,0x6f,0x75,0x74,0x28,0x6c,0x6f,0x63,0x61,0x74,0x69,0x6f,0x6e,0x20,0x3d,0x20,
    0x30,0x29,0x20,0x6f,0x75,0x74,0x20,0x68,0x69,0x67,0x68,0x70,0x20,0x76,0x65,0x63,
    0x34,0x20,0x66,0x72,0x61,0x67,0x5f,0x63,0x6f,0x6c,0x6f,0x72,0x3b,0x0a,0x0a,0x68,
    0x69,0x67,0x68,0x70,0x20,0x66,0x6c,0x6f,0x61,0x74,0x20,0x62,0x72,0x69,0x64,0x67,
    0x65,0x5f,0x66,0x6c,0x61,0x67,0x28,0x68,0x69,0x67,0x68,0x70,0x20,0x66,0x6c,0x6f,
    0x61,0x74,0x20,0x5f,0x70,0x61,0x63,0x6b,0x65,0x64,0x2c,0x20,0x68,0x69,0x67,0x68,
    0x70,0x20,0x66,0x6c,0x6f,0x61,0x74,0x20,0x66,0x6c,0x61,0x67,0x29,0x0a,0x7b,0x0a,
    0x20,0x20,0x20,0x20,0x72,0x65,0x74,0x75,0x72,0x6e,0x20,0x66,0x6c,0x6f,0x6f,0x72,
    0x28,0x6d,0x6f,0x64,0x28,0x66,0x6c,0x6f,0x6f,0x72,0x28,0x5f,0x70,0x61,0x63,0x6b,
    0x65,0x64,0x20,0x2f,0x20,0x66,0x6c,0x61,0x67,0x29,0x2c,0x20,0x32,0x2e,0x30,0x29,
    0x29,0x3b,0x0a,0x7d,0x0a,0x0a,0x68,0x69,0x67,0x68,0x70,0x20,0x76,0x65,0x63,0x32,
    0x20,0x62,0x72,0x69,0x64,0x67,0x65,0x5f,0x73,0x61,0x6d,0x70,0x6c,0x65,0x5f,0x75,
    0x76,0x28,0x68,0x69,0x67,0x68,0x70,0x20,0x76,0x65,0x63,0x32,0x20,0x70,0x29,0x0a,
    0x7b,0x0a,0x20,0x20,0x20,0x20,0x68,0x69,0x67,0x68,0x70,0x20,0x66,0x6c,0x6f,0x61,
    0x74,0x20,0x70,0x61,0x72,0x61,0x6d,0x20,0x3d,0x20,0x62,0x72,0x69,0x64,0x67,0x65,
    0x5f,0x70,0x61,0x72,0x61,0x6d,0x73,0x5b,0x33,0x5d,0x2e,0x77,0x3b,0x0a,0x20,0x20,
    0x20,0x20,0x68,0x69,0x67,0x68,0x70,0x20,0x66,0x6c,0x6f,0x61,0x74,0x20,0x70,0x61,
    0x72,0x61,0x6d,0x5f,0x31,0x20,0x3d,0x20,0x34,0x2e,0x30,0x3b,0x0a,0x20,0x20,0x20,
    0x20,0x68,0x69,0x67,0x68,0x70,0x20,0x66,0x6c,0x6f,0x61,0x74,0x20,0x70,0x61,0x72,
    0x61,0x6d,0x5f,0x32,0x20,0x3d,0x20,0x62,0x72,0x69,0x64,0x67,0x65,0x5f,0x70,0x61,
    0x72,0x61,0x6d,0x73,0x5b,0x33,0x5d,0x2e,0x77,0x3b,0x0a,0x20,0x20,0x20,0x20,0x68,
    0x69,0x67,0x68,0x70,0x20,0x66,0x6c,0x6f,0x61,0x74,0x20,0x70,0x61,0x72,0x61,0x6d,
    0x5f,0x33,0x20,0x3d,0x20,0x38,0x2e,0x30,0x3b,0x0a,0x20,0x20,0x20,0x20,0x72,0x65,
    0x74,0x75,0x72,0x6e,0x20,0x76,0x65,0x63,0x32,0x28,0x6d,0x69,0x78,0x28,0x70,0x2e,
    0x78,0x2c,0x20,0x31,0x2e,0x30,0x20,0x2d,0x20,0x70,0x2e,0x78,0x2c,0x20,0x62,0x72,
    0x69,0x64,0x67,0x65,0x5f,0x66,0x6c,0x61,0x67,0x28,0x70,0x61,0x72,0x61,0x6d,0x2c,
    0x20,0x70,0x61,0x72,0x61,0x6d,0x5f,0x31,0x29,0x29,0x2c,0x20,0x6d,0x69,0x78,0x28,
    0x70,0x2e,0x79,0x2c,0x20,0x31,0x2e,0x30,0x20,0x2d,0x20,0x70,0x2e,0x79,0x2c,0x20,
    0x62,0x72,0x69,0x64,0x67,0x65,0x5f,0x66,0x6c,0x61,0x67,0x28,0x70,0x61,0x72,0x61,
    0x6d,0x5f,0x32,0x2c,0x20,0x70,0x61,0x72,0x61,0x6d,0x5f,0x33,0x29,0x29,0x29,0x3b,
    0x0a,0x7d,0x0a,0x0a,0x68,0x69,0x67,0x68,0x70,0x20,0x66,0x6c,0x6f,0x61,0x74,0x20,
    0x62,0x72,0x69,0x64,0x67,0x65,0x5f,0x6c,0x75,0x6d,0x69,0x6e,0x61,0x6e,0x63,0x65,
    0x28,0x68,0x69,0x67,0x68,0x70,0x20,0x76,0x65,0x63,0x34,0x20,0x73,0x72,0x63,0x29,
    0x0a,0x7b,0x0a,0x20,0x20,0x20,0x20,0x68,0x69,0x67,0x68,0x70,0x20,0x66,0x6c,0x6f,
    0x61,0x74,0x20,0x5f,0x31,0x30,0x33,0x20,0x3d,0x20,0x64,0x6f,0x74,0x28,0x73,0x72,
    0x63,0x2e,0x78,0x79,0x7a,0x2c,0x20,0x76,0x65,0x63,0x33,0x28,0x30,0x2e,0x32,0x31,
    0x32,0x35,0x39,0x39,0x39,0x39,0x32,0x37,0x35,0x32,0x30,0x37,0x35,0x31,0x39,0x35,
    0x33,0x31,0x32,0x35,0x2c,0x20,0x30,0x2e,0x37,0x31,0x35,0x32,0x30,0x30,0x30,0x30,
    0x36,0x39,0x36,0x31,0x38,0x32,0x32,0x35,0x30,0x39,0x37,0x36,0x35,0x36,0x32,0x35,
    0x2c,0x20,0x30,0x2e,0x30,0x37,0x32,0x32,0x30,0x30,0x30,0x30,0x30,0x32,0x38,0x36,
    0x31,0x30,0x32,0x32,0x39,0x34,0x39,0x32,0x31,0x38,0x37,0x35,0x29,0x29,0x3b,0x0a,
    0x20,0x20,0x20,0x20,0x68,0x69,0x67,0x68,0x70,0x20,0x66,0x6c,0x6f,0x61,0x74,0x20,
    0x70,0x61,0x72,0x61,0x6d,0x20,0x3d,0x20,0x62,0x72,0x69,0x64,0x67,0x65,0x5f,0x70,
    0x61,0x72,0x61,0x6d,0x73,0x5b,0x33,0x5d,0x2e,0x77,0x3b,0x0a,0x20,0x20,0x20,0x20,
    0x68,0x69,0x67,0x68,0x70,0x20,0x66,0x6c,0x6f,0x61,0x74,0x20,0x70,0x61,0x72,0x61,
    0x6d,0x5f,0x31,0x20,0x3d,0x20,0x31,0x2e,0x30,0x3b,0x0a,0x20,0x20,0x20,0x20,0x72,
    0x65,0x74,0x75,0x72,0x6e,0x20,0x6d,0x69,0x78,0x28,0x5f,0x31,0x30,0x33,0x2c,0x20,
    0x31,0x2e,0x30,0x20,0x2d,0x20,0x5f,0x31,0x30,0x33,0x2c,0x20,0x62,0x72,0x69,0x64,
    0x67,0x65,0x5f,0x66,0x6c,0x61,0x67,0x28,0x70,0x61,0x72,0x61,0x6d,0x2c,0x20,0x70,
    0x61,0x72,0x61,0x6d,0x5f,0x31,0x29,0x29,0x3b,0x0a,0x7d,0x0a,0x0a,0x68,0x69,0x67,
    0x68,0x70,0x20,0x66,0x6c,0x6f,0x61,0x74,0x20,0x62,0x72,0x69,0x64,0x67,0x65,0x5f,
    0x6d,0x61,0x73,0x6b,0x5f,0x73,0x6f,0x75,0x72,0x63,0x65,0x5f,0x6d,0x6f,0x64,0x65,
    0x28,0x29,0x0a,0x7b,0x0a,0x20,0x20,0x20,0x20,0x72,0x65,0x74,0x75,0x72,0x6e,0x20,
    0x66,0x6c,0x6f,0x6f,0x72,0x28,0x62,0x72,0x69,0x64,0x67,0x65,0x5f,0x70,0x61,0x72,
    0x61,0x6d,0x73,0x5b,0x33,0x5d,0x2e,0x77,0x20,0x2a,0x20,0x30,0x2e,0x30,0x36,0x32,
    0x35,0x29,0x3b,0x0a,0x7d,0x0a,0x0a,0x68,0x69,0x67,0x68,0x70,0x20,0x66,0x6c,0x6f,
    0x61,0x74,0x20,0x62,0x72,0x69,0x64,0x67,0x65,0x5f,0x73,0x61,0x74,0x75,0x72,0x61,
    0x74,0x69,0x6f,0x6e,0x28,0x68,0x69,0x67,0x68,0x70,0x20,0x76,0x65,0x63,0x33,0x20,
    0x72,0x67,0x62,0x29,0x0a,0x7b,0x0a,0x20,0x20,0x20,0x20,0x68,0x69,0x67,0x68,0x70,
    0x20,0x66,0x6c,0x6f,0x61,0x74,0x20,0x5f,0x31,0x33,0x31,0x20,0x3d,0x20,0x6d,0x61,
    0x78,0x28,0x6d,0x61,0x78,0x28,0x72,0x67,0x62,0x2e,0x78,0x2c,0x20,0x72,0x67,0x62,
    0x2e,0x79,0x29,0x2c,0x20,0x72,0x67,0x62,0x2e,0x7a,0x29,0x3b,0x0a,0x20,0x20,0x20,
    0x20,0x68,0x69,0x67,0x68,0x70,0x20,0x66,0x6c,0x6f,0x61,0x74,0x20,0x5f,0x31,0x34,
    0x35,0x3b,0x0a,0x20,0x20,0x20,0x20,0x69,0x66,0x20,0x28,0x5f,0x31,0x33,0x31,0x20,
    0x3c,0x3d,0x20,0x39,0x2e,0x39,0x39,0x39,0x39,0x39,0x39,0x39,0x37,0x34,0x37,0x35,
    0x32,0x34,0x32,0x37,0x30,0x37,0x38,0x37,0x38,0x33,0x35,0x31,0x32,0x31,0x31,0x35,
    0x34,0x37,0x38,0x35,0x65,0x2d,0x30,0x37,0x29,0x0a,0x20,0x20,0x20,0x20,0x7b,0x0a,
    0x20,0x20,0x20,0x20,0x20,0x20,0x20,0x20,0x5f,0x31,0x34,0x35,0x20,0x3d,0x20,0x30,
    0x2e,0x30,0x3b,0x0a,0x20,0x20,0x20,0x20,0x7d,0x0a,0x20,0x20,0x20,0x20,0x65,0x6c,
    0x73,0x65,0x0a,0x20,0x20,0x20,0x20,0x7b,0x0a,0x20,0x20,0x20,0x20,0x20,0x20,0x20,
    0x20,0x5f,0x31,0x34,0x35,0x20,0x3d,0x20,0x28,0x5f,0x31,0x33,0x31,0x20,0x2d,0x20,
    0x6d,0x69,0x6e,0x28,0x6d,0x69,0x6e,0x28,0x72,0x67,0x62,0x2e,0x78,0x2c,0x20,0x72,
    0x67,0x62,0x2e,0x79,0x29,0x2c,0x20,0x72,0x67,0x62,0x2e,0x7a,0x29,0x29,0x20,0x2f,
    0x20,0x5f,0x31,0x33,0x31,0x3b,0x0a,0x20,0x20,0x20,0x20,0x7d,0x0a,0x20,0x20,0x20,
    0x20,0x72,0x65,0x74,0x75,0x72,0x6e,0x20,0x5f,0x31,0x34,0x35,0x3b,0x0a,0x7d,0x0a,
    0x0a,0x68,0x69,0x67,0x68,0x70,0x20,0x66,0x6c,0x6f,0x61,0x74,0x20,0x62,0x72,0x69,
    0x64,0x67,0x65,0x5f,0x6d,0x61,0x73,0x6b,0x5f,0x76,0x61,0x6c,0x75,0x65,0x28,0x68,
    0x69,0x67,0x68,0x70,0x20,0x76,0x65,0x63,0x34,0x20,0x73,0x72,0x63,0x2c,0x20,0x68,
    0x69,0x67,0x68,0x70,0x20,0x66,0x6c,0x6f,0x61,0x74,0x20,0x69,0x6e,0x74,0x65,0x6e,
    0x73,0x69,0x74,0x79,0x29,0x0a,0x7b,0x0a,0x20,0x20,0x20,0x20,0x68,0x69,0x67,0x68,
    0x70,0x20,0x66,0x6c,0x6f,0x61,0x74,0x20,0x70,0x61,0x72,0x61,0x6d,0x20,0x3d,0x20,
    0x62,0x72,0x69,0x64,0x67,0x65,0x5f,0x70,0x61,0x72,0x61,0x6d,0x73,0x5b,0x33,0x5d,
    0x2e,0x77,0x3b,0x0a,0x20,0x20,0x20,0x20,0x68,0x69,0x67,0x68,0x70,0x20,0x66,0x6c,
    0x6f,0x61,0x74,0x20,0x70,0x61,0x72,0x61,0x6d,0x5f,0x31,0x20,0x3d,0x20,0x32,0x2e,
    0x30,0x3b,0x0a,0x20,0x20,0x20,0x20,0x68,0x69,0x67,0x68,0x70,0x20,0x66,0x6c,0x6f,
    0x61,0x74,0x20,0x6d,0x6f,0x64,0x65,0x20,0x3d,0x20,0x62,0x72,0x69,0x64,0x67,0x65,
    0x5f,0x6d,0x61,0x73,0x6b,0x5f,0x73,0x6f,0x75,0x72,0x63,0x65,0x5f,0x6d,0x6f,0x64,
    0x65,0x28,0x29,0x3b,0x0a,0x20,0x20,0x20,0x20,0x69,0x66,0x20,0x28,0x62,0x72,0x69,
    0x64,0x67,0x65,0x5f,0x66,0x6c,0x61,0x67,0x28,0x70,0x61,0x72,0x61,0x6d,0x2c,0x20,
    0x70,0x61,0x72,0x61,0x6d,0x5f,0x31,0x29,0x20,0x3e,0x20,0x30,0x2e,0x35,0x29,0x0a,
    0x20,0x20,0x20,0x20,0x7b,0x0a,0x20,0x20,0x20,0x20,0x20,0x20,0x20,0x20,0x6d,0x6f,
    0x64,0x65,0x20,0x3d,0x20,0x31,0x2e,0x30,0x3b,0x0a,0x20,0x20,0x20,0x20,0x7d,0x0a,
    0x20,0x20,0x20,0x20,0x69,0x66,0x20,0x28,0x28,0x6d,0x6f,0x64,0x65,0x20,0x3e,0x20,
    0x30,0x2e,0x35,0x29,0x20,0x26,0x26,0x20,0x28,0x6d,0x6f,0x64,0x65,0x20,0x3c,0x20,
    0x31,0x2e,0x35,0x29,0x29,0x0a,0x20,0x20,0x20,0x20,0x7b,0x0a,0x20,0x20,0x20,0x20,
    0x20,0x20,0x20,0x20,0x72,0x65,0x74,0x75,0x72,0x6e,0x20,0x73,0x72,0x63,0x2e,0x77,
    0x3b,0x0a,0x20,0x20,0x20,0x20,0x7d,0x0a,0x20,0x20,0x20,0x20,0x69,0x66,0x20,0x28,
    0x28,0x6d,0x6f,0x64,0x65,0x20,0x3e,0x20,0x31,0x2e,0x35,0x29,0x20,0x26,0x26,0x20,
    0x28,0x6d,0x6f,0x64,0x65,0x20,0x3c,0x20,0x32,0x2e,0x35,0x29,0x29,0x0a,0x20,0x20,
    0x20,0x20,0x7b,0x0a,0x20,0x20,0x20,0x20,0x20,0x20,0x20,0x20,0x72,0x65,0x74,0x75,
    0x72,0x6e,0x20,0x73,0x72,0x63,0x2e,0x78,0x3b,0x0a,0x20,0x20,0x20,0x20,0x7d,0x0a,
    0x20,0x20,0x20,0x20,0x69,0x66,0x20,0x28,0x28,0x6d,0x6f,0x64,0x65,0x20,0x3e,0x20,
    0x32,0x2e,0x35,0x29,0x20,0x26,0x26,0x20,0x28,0x6d,0x6f,0x64,0x65,0x20,0x3c,0x20,
    0x33,0x2e,0x35,0x29,0x29,0x0a,0x20,0x20,0x20,0x20,0x7b,0x0a,0x20,0x20,0x20,0x20,
    0x20,0x20,0x20,0x20,0x72,0x65,0x74,0x75,0x72,0x6e,0x20,0x73,0x72,0x63,0x2e,0x79,
    0x3b,0x0a,0x20,0x20,0x20,0x20,0x7d,0x0a,0x20,0x20,0x20,0x20,0x69,0x66,0x20,0x28,
    0x28,0x6d,0x6f,0x64,0x65,0x20,0x3e,0x20,0x33,0x2e,0x35,0x29,0x20,0x26,0x26,0x20,
    0x28,0x6d,0x6f,0x64,0x65,0x20,0x3c,0x20,0x34,0x2e,0x35,0x29,0x29,0x0a,0x20,0x20,
    0x20,0x20,0x7b,0x0a,0x20,0x20,0x20,0x20,0x20,0x20,0x20,0x20,0x72,0x65,0x74,0x75,
    0x72,0x6e,0x20,0x73,0x72,0x63,0x2e,0x7a,0x3b,0x0a,0x20,0x20,0x20,0x20,0x7d,0x0a,
    0x20,0x20,0x20,0x20,0x69,0x66,0x20,0x28,0x28,0x6d,0x6f,0x64,0x65,0x20,0x3e,0x20,
    0x34,0x2e,0x35,0x29,0x20,0x26,0x26,0x20,0x28,0x6d,0x6f,0x64,0x65,0x20,0x3c,0x20,
    0x35,0x2e,0x35,0x29,0x29,0x0a,0x20,0x20,0x20,0x20,0x7b,0x0a,0x20,0x20,0x20,0x20,
    0x20,0x20,0x20,0x20,0x72,0x65,0x74,0x75,0x72,0x6e,0x20,0x6d,0x61,0x78,0x28,0x6d,
    0x61,0x78,0x28,0x73,0x72,0x63,0x2e,0x78,0x2c,0x20,0x73,0x72,0x63,0x2e,0x79,0x29,
    0x2c,0x20,0x73,0x72,0x63,0x2e,0x7a,0x29,0x3b,0x0a,0x20,0x20,0x20,0x20,0x7d,0x0a,
    0x20,0x20,0x20,0x20,0x69,0x66,0x20,0x28,0x6d,0x6f,0x64,0x65,0x20,0x3e,0x20,0x35,
    0x2e,0x35,0x29,0x0a,0x20,0x20,0x20,0x20,0x7b,0x0a,0x20,0x20,0x20,0x20,0x20,0x20,
    0x20,0x20,0x68,0x69,0x67,0x68,0x70,0x20,0x76,0x65,0x63,0x33,0x20,0x70,0x61,0x72,
    0x61,0x6d,0x5f,0x32,0x20,0x3d,0x20,0x73,0x72,0x63,0x2e,0x78,0x79,0x7a,0x3b,0x0a,
    0x20,0x20,0x20,0x20,0x20,0x20,0x20,0x20,0x72,0x65,0x74,0x75,0x72,0x6e,0x20,0x62,
    0x72,0x69,0x64,0x67,0x65,0x5f,0x73,0x61,0x74,0x75,0x72,0x61,0x74,0x69,0x6f,0x6e,
    0x28,0x70,0x61,0x72,0x61,0x6d,0x5f,0x32,0x29,0x3b,0x0a,0x20,0x20,0x20,0x20,0x7d,
    0x0a,0x20,0x20,0x20,0x20,0x72,0x65,0x74,0x75,0x72,0x6e,0x20,0x69,0x6e,0x74,0x65,
    0x6e,0x73,0x69,0x74,0x79,0x3b,0x0a,0x7d,0x0a,0x0a,0x68,0x69,0x67,0x68,0x70,0x20,
    0x66,0x6c,0x6f,0x61,0x74,0x20,0x62,0x72,0x69,0x64,0x67,0x65,0x5f,0x6d,0x61,0x73,
    0x6b,0x5f,0x67,0x61,0x6d,0x6d,0x61,0x28,0x29,0x0a,0x7b,0x0a,0x20,0x20,0x20,0x20,
    0x72,0x65,0x74,0x75,0x72,0x6e,0x20,0x6d,0x61,0x78,0x28,0x62,0x72,0x69,0x64,0x67,
    0x65,0x5f,0x70,0x61,0x72,0x61,0x6d,0x73,0x5b,0x32,0x5d,0x2e,0x77,0x2c,0x20,0x39,
    0x2e,0x39,0x39,0x39,0x39,0x39,0x39,0x37,0x34,0x37,0x33,0x37,0x38,0x37,0x35,0x31,
    0x36,0x33,0x35,0x35,0x35,0x31,0x34,0x35,0x32,0x36,0x33,0x36,0x37,0x31,0x38,0x38,
    0x65,0x2d,0x30,0x35,0x29,0x3b,0x0a,0x7d,0x0a,0x0a,0x68,0x69,0x67,0x68,0x70,0x20,
    0x66,0x6c,0x6f,0x61,0x74,0x20,0x62,0x72,0x69,0x64,0x67,0x65,0x5f,0x73,0x6f,0x66,
    0x74,0x5f,0x6d,0x61,0x73,0x6b,0x28,0x68,0x69,0x67,0x68,0x70,0x20,0x66,0x6c,0x6f,
    0x61,0x74,0x20,0x76,0x61,0x6c,0x75,0x65,0x29,0x0a,0x7b,0x0a,0x20,0x20,0x20,0x20,
    0x68,0x69,0x67,0x68,0x70,0x20,0x66,0x6c,0x6f,0x61,0x74,0x20,0x5f,0x32,0x35,0x34,
    0x20,0x3d,0x20,0x6d,0x61,0x78,0x28,0x62,0x72,0x69,0x64,0x67,0x65,0x5f,0x70,0x61,
    0x72,0x61,0x6d,0x73,0x5b,0x32,0x5d,0x2e,0x7a,0x2c,0x20,0x30,0x2e,0x30,0x29,0x3b,
    0x0a,0x20,0x20,0x20,0x20,0x68,0x69,0x67,0x68,0x70,0x20,0x66,0x6c,0x6f,0x61,0x74,
    0x20,0x5f,0x32,0x35,0x39,0x3b,0x0a,0x20,0x20,0x20,0x20,0x69,0x66,0x20,0x28,0x5f,
    0x32,0x35,0x34,0x20,0x3c,0x3d,0x20,0x39,0x2e,0x39,0x39,0x39,0x39,0x39,0x39,0x37,
    0x34,0x37,0x33,0x37,0x38,0x37,0x35,0x31,0x36,0x33,0x35,0x35,0x35,0x31,0x34,0x35,
    0x32,0x36,0x33,0x36,0x37,0x31,0x38,0x38,0x65,0x2d,0x30,0x36,0x29,0x0a,0x20,0x20,
    0x20,0x20,0x7b,0x0a,0x20,0x20,0x20,0x20,0x20,0x20,0x20,0x20,0x5f,0x32,0x35,0x39,
    0x20,0x3d,0x20,0x73,0x74,0x65,0x70,0x28,0x62,0x72,0x69,0x64,0x67,0x65,0x5f,0x70,
    0x61,0x72,0x61,0x6d,0x73,0x5b,0x33,0x5d,0x2e,0x79,0x2c,0x20,0x76,0x61,0x6c,0x75,
    0x65,0x29,0x3b,0x0a,0x20,0x20,0x20,0x20,0x7d,0x0a,0x20,0x20,0x20,0x20,0x65,0x6c,
    0x73,0x65,0x0a,0x20,0x20,0x20,0x20,0x7b,0x0a,0x20,0x20,0x20,0x20,0x20,0x20,0x20,
    0x20,0x68,0x69,0x67,0x68,0x70,0x20,0x66,0x6c,0x6f,0x61,0x74,0x20,0x5f,0x32,0x37,
    0x30,0x20,0x3d,0x20,0x5f,0x32,0x35,0x34,0x20,0x2a,0x20,0x30,0x2e,0x35,0x3b,0x0a,
    0x20,0x20,0x20,0x20,0x20,0x20,0x20,0x20,0x5f,0x32,0x35,0x39,0x20,0x3d,0x20,0x73,
    0x6d,0x6f,0x6f,0x74,0x68,0x73,0x74,0x65,0x70,0x28,0x62,0x72,0x69,0x64,0x67,0x65,
    0x5f,0x70,0x61,0x72,0x61,0x6d,0x73,0x5b,0x33,0x5d,0x2e,0x79,0x20,0x2d,0x20,0x5f,
    0x32,0x37,0x30,0x2c,0x20,0x62,0x72,0x69,0x64,0x67,0x65,0x5f,0x70,0x61,0x72,0x61,
    0x6d,0x73,0x5b,0x33,0x5d,0x2e,0x79,0x20,0x2b,0x20,0x5f,0x32,0x37,0x30,0x2c,0x20,
    0x76,0x61,0x6c,0x75,0x65,0x29,0x3b,0x0a,0x20,0x20,0x20,0x20,0x7d,0x0a,0x20,0x20,
    0x20,0x20,0x72,0x65,0x74,0x75,0x72,0x6e,0x20,0x70,0x6f,0x77,0x28,0x63,0x6c,0x61,
    0x6d,0x70,0x28,0x5f,0x32,0x35,0x39,0x2c,0x20,0x30,0x2e,0x30,0x2c,0x20,0x31,0x2e,
    0x30,0x29,0x2c,0x20,0x31,0x2e,0x30,0x20,0x2f,0x20,0x62,0x72,0x69,0x64,0x67,0x65,
    0x5f,0x6d,0x61,0x73,0x6b,0x5f,0x67,0x61,0x6d,0x6d,0x61,0x28,0x29,0x29,0x3b,0x0a,
    0x7d,0x0a,0x0a,0x76,0x6f,0x69,0x64,0x20,0x6d,0x61,0x69,0x6e,0x28,0x29,0x0a,0x7b,
    0x0a,0x20,0x20,0x20,0x20,0x68,0x69,0x67,0x68,0x70,0x20,0x76,0x65,0x63,0x32,0x20,
    0x5f,0x32,0x39,0x35,0x20,0x3d,0x20,0x62,0x72,0x69,0x64,0x67,0x65,0x5f,0x70,0x61,
    0x72,0x61,0x6d,0x73,0x5b,0x32,0x5d,0x2e,0x78,0x79,0x20,0x2a,0x20,0x6d,0x61,0x78,
    0x28,0x62,0x72,0x69,0x64,0x67,0x65,0x5f,0x70,0x61,0x72,0x61,0x6d,0x73,0x5b,0x33,
    0x5d,0x2e,0x7a,0x2c,0x20,0x31,0x2e,0x30,0x29,0x3b,0x0a,0x20,0x20,0x20,0x20,0x68,
    0x69,0x67,0x68,0x70,0x20,0x76,0x65,0x63,0x32,0x20,0x70,0x61,0x72,0x61,0x6d,0x20,
    0x3d,0x20,0x75,0x76,0x3b,0x0a,0x20,0x20,0x20,0x20,0x68,0x69,0x67,0x68,0x70,0x20,
    0x76,0x65,0x63,0x34,0x20,0x5f,0x33,0x31,0x32,0x20,0x3d,0x20,0x74,0x65,0x78,0x74,
    0x75,0x72,0x65,0x28,0x62,0x72,0x69,0x64,0x67,0x65,0x49,0x6e,0x70,0x75,0x74,0x54,
    0x65,0x78,0x5f,0x62,0x72,0x69,0x64,0x67,0x65,0x49,0x6e,0x70,0x75,0x74,0x53,0x6d,
    0x70,0x2c,0x20,0x62,0x72,0x69,0x64,0x67,0x65,0x5f,0x73,0x61,0x6d,0x70,0x6c,0x65,
    0x5f,0x75,0x76,0x28,0x70,0x61,0x72,0x61,0x6d,0x29,0x29,0x3b,0x0a,0x20,0x20,0x20,
    0x20,0x68,0x69,0x67,0x68,0x70,0x20,0x76,0x65,0x63,0x32,0x20,0x5f,0x33,0x32,0x30,
    0x20,0x3d,0x20,0x76,0x65,0x63,0x32,0x28,0x5f,0x32,0x39,0x35,0x2e,0x78,0x2c,0x20,
    0x30,0x2e,0x30,0x29,0x3b,0x0a,0x20,0x20,0x20,0x20,0x68,0x69,0x67,0x68,0x70,0x20,
    0x76,0x65,0x63,0x32,0x20,0x70,0x61,0x72,0x61,0x6d,0x5f,0x31,0x20,0x3d,0x20,0x75,
    0x76,0x20,0x2d,0x20,0x5f,0x33,0x32,0x30,0x3b,0x0a,0x20,0x20,0x20,0x20,0x68,0x69,
    0x67,0x68,0x70,0x20,0x76,0x65,0x63,0x34,0x20,0x5f,0x33,0x32,0x34,0x20,0x3d,0x20,
    0x74,0x65,0x78,0x74,0x75,0x72,0x65,0x28,0x62,0x72,0x69,0x64,0x67,0x65,0x49,0x6e,
    0x70,0x75,0x74,0x54,0x65,0x78,0x5f,0x62,0x72,0x69,0x64,0x67,0x65,0x49,0x6e,0x70,
    0x75,0x74,0x53,0x6d,0x70,0x2c,0x20,0x62,0x72,0x69,0x64,0x67,0x65,0x5f,0x73,0x61,
    0x6d,0x70,0x6c,0x65,0x5f,0x75,0x76,0x28,0x70,0x61,0x72,0x61,0x6d,0x5f,0x31,0x29,
    0x29,0x3b,0x0a,0x20,0x20,0x20,0x20,0x68,0x69,0x67,0x68,0x70,0x20,0x76,0x65,0x63,
    0x32,0x20,0x70,0x61,0x72,0x61,0x6d,0x5f,0x32,0x20,0x3d,0x20,0x75,0x76,0x20,0x2b,
    0x20,0x5f,0x33,0x32,0x30,0x3b,0x0a,0x20,0x20,0x20,0x20,0x68,0x69,0x67,0x68,0x70,
    0x20,0x76,0x65,0x63,0x34,0x20,0x5f,0x33,0x33,0x36,0x20,0x3d,0x20,0x74,0x65,0x78,
    0x74,0x75,0x72,0x65,0x28,0x62,0x72,0x69,0x64,0x67,0x65,0x49,0x6e,0x70,0x75,0x74,
    0x54,0x65,0x78,0x5f,0x62,0x72,0x69,0x64,0x67,0x65,0x49,0x6e,0x70,0x75,0x74,0x53,
    0x6d,0x70,0x2c,0x20,0x62,0x72,0x69,0x64,0x67,0x65,0x5f,0x73,0x61,0x6d,0x70,0x6c,
    0x65,0x5f,0x75,0x76,0x28,0x70,0x61,0x72,0x61,0x6d,0x5f,0x32,0x29,0x29,0x3b,0x0a,
    0x20,0x20,0x20,0x20,0x68,0x69,0x67,0x68,0x70,0x20,0x76,0x65,0x63,0x32,0x20,0x5f,
    0x33,0x34,0x34,0x20,0x3d,0x20,0x76,0x65,0x63,0x32,0x28,0x30,0x2e,0x30,0x2c,0x20,
    0x5f,0x32,0x39,0x35,0x2e,0x79,0x29,0x3b,0x0a,0x20,0x20,0x20,0x20,0x68,0x69,0x67,
    0x68,0x70,0x20,0x76,0x65,0x63,0x32,0x20,0x70,0x61,0x72,0x61,0x6d,0x5f,0x33,0x20,
    0x3d,0x20,0x75,0x76,0x20,0x2d,0x20,0x5f,0x33,0x34,0x34,0x3b,0x0a,0x20,0x20,0x20,
    0x20,0x68,0x69,0x67,0x68,0x70,0x20,0x76,0x65,0x63,0x34,0x20,0x5f,0x33,0x34,0x38,
    0x20,0x3d,0x20,0x74,0x65,0x78,0x74,0x75,0x72,0x65,0x28,0x62,0x72,0x69,0x64,0x67,
    0x65,0x49,0x6e,0x70,0x75,0x74,0x54,0x65,0x78,0x5f,0x62,0x72,0x69,0x64,0x67,0x65,
    0x49,0x6e,0x70,0x75,0x74,0x53,0x6d,0x70,0x2c,0x20,0x62,0x72,0x69,0x64,0x67,0x65,
    0x5f,0x73,0x61,0x6d,0x70,0x6c,0x65,0x5f,0x75,0x76,0x28,0x70,0x61,0x72,0x61,0x6d,
    0x5f,0x33,0x29,0x29,0x3b,0x0a,0x20,0x20,0x20,0x20,0x68,0x69,0x67,0x68,0x70,0x20,
    0x76,0x65,0x63,0x32,0x20,0x70,0x61,0x72,0x61,0x6d,0x5f,0x34,0x20,0x3d,0x20,0x75,
    0x76,0x20,0x2b,0x20,0x5f,0x33,0x34,0x34,0x3b,0x0a,0x20,0x20,0x20,0x20,0x68,0x69,
    0x67,0x68,0x70,0x20,0x76,0x65,0x63,0x34,0x20,0x5f,0x33,0x36,0x30,0x20,0x3d,0x20,
    0x74,0x65,0x78,0x74,0x75,0x72,0x65,0x28,0x62,0x72,0x69,0x64,0x67,0x65,0x49,0x6e,
    0x70,0x75,0x74,0x54,0x65,0x78,0x5f,0x62,0x72,0x69,0x64,0x67,0x65,0x49,0x6e,0x70,
    0x75,0x74,0x53,0x6d,0x70,0x2c,0x20,0x62,0x72,0x69,0x64,0x67,0x65,0x5f,0x73,0x61,
    0x6d,0x70,0x6c,0x65,0x5f,0x75,0x76,0x28,0x70,0x61,0x72,0x61,0x6d,0x5f,0x34,0x29,
    0x29,0x3b,0x0a,0x20,0x20,0x20,0x20,0x68,0x69,0x67,0x68,0x70,0x20,0x76,0x65,0x63,
    0x34,0x20,0x70,0x61,0x72,0x61,0x6d,0x5f,0x35,0x20,0x3d,0x20,0x5f,0x33,0x31,0x32,
    0x3b,0x0a,0x20,0x20,0x20,0x20,0x68,0x69,0x67,0x68,0x70,0x20,0x76,0x65,0x63,0x34,
    0x20,0x70,0x61,0x72,0x61,0x6d,0x5f,0x36,0x20,0x3d,0x20,0x5f,0x33,0x32,0x34,0x3b,
    0x0a,0x20,0x20,0x20,0x20,0x68,0x69,0x67,0x68,0x70,0x20,0x66,0x6c,0x6f,0x61,0x74,
    0x20,0x5f,0x33,0x36,0x38,0x20,0x3d,0x20,0x62,0x72,0x69,0x64,0x67,0x65,0x5f,0x6c,
    0x75,0x6d,0x69,0x6e,0x61,0x6e,0x63,0x65,0x28,0x70,0x61,0x72,0x61,0x6d,0x5f,0x36,
    0x29,0x3b,0x0a,0x20,0x20,0x20,0x20,0x68,0x69,0x67,0x68,0x70,0x20,0x76,0x65,0x63,
    0x34,0x20,0x70,0x61,0x72,0x61,0x6d,0x5f,0x37,0x20,0x3d,0x20,0x5f,0x33,0x33,0x36,
    0x3b,0x0a,0x20,0x20,0x20,0x20,0x68,0x69,0x67,0x68,0x70,0x20,0x66,0x6c,0x6f,0x61,
    0x74,0x20,0x5f,0x33,0x37,0x32,0x20,0x3d,0x20,0x62,0x72,0x69,0x64,0x67,0x65,0x5f,
    0x6c,0x75,0x6d,0x69,0x6e,0x61,0x6e,0x63,0x65,0x28,0x70,0x61,0x72,0x61,0x6d,0x5f,
    0x37,0x29,0x3b,0x0a,0x20,0x20,0x20,0x20,0x68,0x69,0x67,0x68,0x70,0x20,0x76,0x65,
    0x63,0x34,0x20,0x70,0x61,0x72,0x61,0x6d,0x5f,0x38,0x20,0x3d,0x20,0x5f,0x33,0x34,
    0x38,0x3b,0x0a,0x20,0x20,0x20,0x20,0x68,0x69,0x67,0x68,0x70,0x20,0x66,0x6c,0x6f,
    0x61,0x74,0x20,0x5f,0x33,0x37,0x36,0x20,0x3d,0x20,0x62,0x72,0x69,0x64,0x67,0x65,
    0x5f,0x6c,0x75,0x6d,0x69,0x6e,0x61,0x6e,0x63,0x65,0x28,0x70,0x61,0x72,0x61,0x6d,
    0x5f,0x38,0x29,0x3b,0x0a,0x20,0x20,0x20,0x20,0x68,0x69,0x67,0x68,0x70,0x20,0x76,
    0x65,0x63,0x34,0x20,0x70,0x61,0x72,0x61,0x6d,0x5f,0x39,0x20,0x3d,0x20,0x5f,0x33,
    0x36,0x30,0x3b,0x0a,0x20,0x20,0x20,0x20,0x68,0x69,0x67,0x68,0x70,0x20,0x66,0x6c,
    0x6f,0x61,0x74,0x20,0x5f,0x33,0x38,0x30,0x20,0x3d,0x20,0x62,0x72,0x69,0x64,0x67,
    0x65,0x5f,0x6c,0x75,0x6d,0x69,0x6e,0x61,0x6e,0x63,0x65,0x28,0x70,0x61,0x72,0x61,
    0x6d,0x5f,0x39,0x29,0x3b,0x0a,0x20,0x20,0x20,0x20,0x68,0x69,0x67,0x68,0x70,0x20,
    0x76,0x65,0x63,0x34,0x20,0x70,0x61,0x72,0x61,0x6d,0x5f,0x31,0x30,0x20,0x3d,0x20,
    0x5f,0x33,0x31,0x32,0x3b,0x0a,0x20,0x20,0x20,0x20,0x68,0x69,0x67,0x68,0x70,0x20,
    0x66,0x6c,0x6f,0x61,0x74,0x20,0x70,0x61,0x72,0x61,0x6d,0x5f,0x31,0x31,0x20,0x3d,
    0x20,0x62,0x72,0x69,0x64,0x67,0x65,0x5f,0x6c,0x75,0x6d,0x69,0x6e,0x61,0x6e,0x63,
    0x65,0x28,0x70,0x61,0x72,0x61,0x6d,0x5f,0x35,0x29,0x3b,0x0a,0x20,0x20,0x20,0x20,
    0x68,0x69,0x67,0x68,0x70,0x20,0x76,0x65,0x63,0x34,0x20,0x70,0x61,0x72,0x61,0x6d,
    0x5f,0x31,0x32,0x20,0x3d,0x20,0x5f,0x33,0x32,0x34,0x3b,0x0a,0x20,0x20,0x20,0x20,
    0x68,0x69,0x67,0x68,0x70,0x20,0x66,0x6c,0x6f,0x61,0x74,0x20,0x70,0x61,0x72,0x61,
    0x6d,0x5f,0x31,0x33,0x20,0x3d,0x20,0x5f,0x33,0x36,0x38,0x3b,0x0a,0x20,0x20,0x20,
    0x20,0x68,0x69,0x67,0x68,0x70,0x20,0x76,0x65,0x63,0x34,0x20,0x70,0x61,0x72,0x61,
    0x6d,0x5f,0x31,0x34,0x20,0x3d,0x20,0x5f,0x33,0x33,0x36,0x3b,0x0a,0x20,0x20,0x20,
    0x20,0x68,0x69,0x67,0x68,0x70,0x20,0x66,0x6c,0x6f,0x61,0x74,0x20,0x70,0x61,0x72,
    0x61,0x6d,0x5f,0x31,0x35,0x20,0x3d,0x20,0x5f,0x33,0x37,0x32,0x3b,0x0a,0x20,0x20,
    0x20,0x20,0x68,0x69,0x67,0x68,0x70,0x20,0x76,0x65,0x63,0x34,0x20,0x70,0x61,0x72,
    0x61,0x6d,0x5f,0x31,0x36,0x20,0x3d,0x20,0x5f,0x33,0x34,0x38,0x3b,0x0a,0x20,0x20,
    0x20,0x20,0x68,0x69,0x67,0x68,0x70,0x20,0x66,0x6c,0x6f,0x61,0x74,0x20,0x70,0x61,
    0x72,0x61,0x6d,0x5f,0x31,0x37,0x20,0x3d,0x20,0x5f,0x33,0x37,0x36,0x3b,0x0a,0x20,
    0x20,0x20,0x20,0x68,0x69,0x67,0x68,0x70,0x20,0x76,0x65,0x63,0x34,0x20,0x70,0x61,
    0x72,0x61,0x6d,0x5f,0x31,0x38,0x20,0x3d,0x20,0x5f,0x33,0x36,0x30,0x3b,0x0a,0x20,
    0x20,0x20,0x20,0x68,0x69,0x67,0x68,0x70,0x20,0x66,0x6c,0x6f,0x61,0x74,0x20,0x70,
    0x61,0x72,0x61,0x6d,0x5f,0x31,0x39,0x20,0x3d,0x20,0x5f,0x33,0x38,0x30,0x3b,0x0a,
    0x20,0x20,0x20,0x20,0x68,0x69,0x67,0x68,0x70,0x20,0x66,0x6c,0x6f,0x61,0x74,0x20,
    0x70,0x61,0x72,0x61,0x6d,0x5f,0x32,0x30,0x20,0x3d,0x20,0x6d,0x61,0x78,0x28,0x6d,
    0x61,0x78,0x28,0x6d,0x61,0x78,0x28,0x6d,0x61,0x78,0x28,0x62,0x72,0x69,0x64,0x67,
    0x65,0x5f,0x6d,0x61,0x73,0x6b,0x5f,0x76,0x61,0x6c,0x75,0x65,0x28,0x70,0x61,0x72,
    0x61,0x6d,0x5f,0x31,0x30,0x2c,0x20,0x70,0x61,0x72,0x61,0x6d,0x5f,0x31,0x31,0x29,
    0x2c,0x20,0x62,0x72,0x69,0x64,0x67,0x65,0x5f,0x6d,0x61,0x73,0x6b,0x5f,0x76,0x61,
    0x6c,0x75,0x65,0x28,0x70,0x61,0x72,0x61,0x6d,0x5f,0x31,0x32,0x2c,0x20,0x70,0x61,
    0x72,0x61,0x6d,0x5f,0x31,0x33,0x29,0x29,0x2c,0x20,0x62,0x72,0x69,0x64,0x67,0x65,
    0x5f,0x6d,0x61,0x73,0x6b,0x5f,0x76,0x61,0x6c,0x75,0x65,0x28,0x70,0x61,0x72,0x61,
    0x6d,0x5f,0x31,0x34,0x2c,0x20,0x70,0x61,0x72,0x61,0x6d,0x5f,0x31,0x35,0x29,0x29,
    0x2c,0x20,0x62,0x72,0x69,0x64,0x67,0x65,0x5f,0x6d,0x61,0x73,0x6b,0x5f,0x76,0x61,
    0x6c,0x75,0x65,0x28,0x70,0x61,0x72,0x61,0x6d,0x5f,0x31,0x36,0x2c,0x20,0x70,0x61,
    0x72,0x61,0x6d,0x5f,0x31,0x37,0x29,0x29,0x2c,0x20,0x62,0x72,0x69,0x64,0x67,0x65,
    0x5f,0x6d,0x61,0x73,0x6b,0x5f,0x76,0x61,0x6c,0x75,0x65,0x28,0x70,0x61,0x72,0x61,
    0x6d,0x5f,0x31,0x38,0x2c,0x20,0x70,0x61,0x72,0x61,0x6d,0x5f,0x31,0x39,0x29,0x29,
    0x3b,0x0a,0x20,0x20,0x20,0x20,0x66,0x72,0x61,0x67,0x5f,0x63,0x6f,0x6c,0x6f,0x72,
    0x20,0x3d,0x20,0x76,0x65,0x63,0x34,0x28,0x28,0x28,0x76,0x65,0x63,0x32,0x28,0x5f,
    0x33,0x37,0x32,0x20,0x2d,0x20,0x5f,0x33,0x36,0x38,0x2c,0x20,0x5f,0x33,0x38,0x30,
    0x20,0x2d,0x20,0x5f,0x33,0x37,0x36,0x29,0x20,0x2a,0x20,0x62,0x72,0x69,0x64,0x67,
    0x65,0x5f,0x70,0x61,0x72,0x61,0x6d,0x73,0x5b,0x33,0x5d,0x2e,0x78,0x29,0x20,0x2a,
    0x20,0x62,0x72,0x69,0x64,0x67,0x65,0x5f,0x73,0x6f,0x66,0x74,0x5f,0x6d,0x61,0x73,
    0x6b,0x28,0x70,0x61,0x72,0x61,0x6d,0x5f,0x32,0x30,0x29,0x29,0x20,0x2a,0x20,0x62,
    0x72,0x69,0x64,0x67,0x65,0x5f,0x70,0x61,0x72,0x61,0x6d,0x73,0x5b,0x30,0x5d,0x2e,
    0x78,0x79,0x2c,0x20,0x30,0x2e,0x30,0x2c,0x20,0x31,0x2e,0x30,0x29,0x3b,0x0a,0x7d,
    0x0a,0x0a,0x00,
};
/*
    #version 300 es
    precision mediump float;
    precision highp int;

    uniform highp vec4 bridge_params[4];
    uniform highp sampler2D bridgeInputTex_bridgeInputSmp;

    in highp vec2 uv;
    layout(location = 0) out highp vec4 frag_color;

    highp float bridge_flag(highp float _packed, highp float flag)
    {
        return floor(mod(floor(_packed / flag), 2.0));
    }

    highp vec2 bridge_sample_uv(highp vec2 p)
    {
        highp float param = bridge_params[3].w;
        highp float param_1 = 4.0;
        highp float param_2 = bridge_params[3].w;
        highp float param_3 = 8.0;
        return vec2(mix(p.x, 1.0 - p.x, bridge_flag(param, param_1)), mix(p.y, 1.0 - p.y, bridge_flag(param_2, param_3)));
    }

    highp float bridge_luminance(highp vec4 src)
    {
        highp float _103 = dot(src.xyz, vec3(0.2125999927520751953125, 0.715200006961822509765625, 0.072200000286102294921875));
        highp float param = bridge_params[3].w;
        highp float param_1 = 1.0;
        return mix(_103, 1.0 - _103, bridge_flag(param, param_1));
    }

    highp float bridge_mask_source_mode()
    {
        return floor(bridge_params[3].w * 0.0625);
    }

    highp float bridge_saturation(highp vec3 rgb)
    {
        highp float _131 = max(max(rgb.x, rgb.y), rgb.z);
        highp float _145;
        if (_131 <= 9.9999999747524270787835121154785e-07)
        {
            _145 = 0.0;
        }
        else
        {
            _145 = (_131 - min(min(rgb.x, rgb.y), rgb.z)) / _131;
        }
        return _145;
    }

    highp float bridge_mask_value(highp vec4 src, highp float intensity)
    {
        highp float param = bridge_params[3].w;
        highp float param_1 = 2.0;
        highp float mode = bridge_mask_source_mode();
        if (bridge_flag(param, param_1) > 0.5)
        {
            mode = 1.0;
        }
        if ((mode > 0.5) && (mode < 1.5))
        {
            return src.w;
        }
        if ((mode > 1.5) && (mode < 2.5))
        {
            return src.x;
        }
        if ((mode > 2.5) && (mode < 3.5))
        {
            return src.y;
        }
        if ((mode > 3.5) && (mode < 4.5))
        {
            return src.z;
        }
        if ((mode > 4.5) && (mode < 5.5))
        {
            return max(max(src.x, src.y), src.z);
        }
        if (mode > 5.5)
        {
            highp vec3 param_2 = src.xyz;
            return bridge_saturation(param_2);
        }
        return intensity;
    }

    highp float bridge_mask_gamma()
    {
        return max(bridge_params[2].w, 9.9999997473787516355514526367188e-05);
    }

    highp float bridge_soft_mask(highp float value)
    {
        highp float _254 = max(bridge_params[2].z, 0.0);
        highp float _259;
        if (_254 <= 9.9999997473787516355514526367188e-06)
        {
            _259 = step(bridge_params[3].y, value);
        }
        else
        {
            highp float _270 = _254 * 0.5;
            _259 = smoothstep(bridge_params[3].y - _270, bridge_params[3].y + _270, value);
        }
        return pow(clamp(_259, 0.0, 1.0), 1.0 / bridge_mask_gamma());
    }

    void main()
    {
        highp vec2 param = uv;
        highp vec4 _303 = texture(bridgeInputTex_bridgeInputSmp, bridge_sample_uv(param));
        highp vec4 param_1 = _303;
        highp float _307 = bridge_luminance(param_1);
        highp vec4 param_2 = _303;
        highp float param_3 = _307;
        highp float param_4 = bridge_mask_value(param_2, param_3);
        highp float _322 = (_307 * bridge_params[3].x) * bridge_soft_mask(param_4);
        frag_color = vec4(bridge_params[0].xyz * _322, _322);
    }

*/
static const uint8_t fs_bridge_density_source_glsl300es[3216] = {
    0x23,0x76,0x65,0x72,0x73,0x69,0x6f,0x6e,0x20,0x33,0x30,0x30,0x20,0x65,0x73,0x0a,
    0x70,0x72,0x65,0x63,0x69,0x73,0x69,0x6f,0x6e,0x20,0x6d,0x65,0x64,0x69,0x75,0x6d,
    0x70,0x20,0x66,0x6c,0x6f,0x61,0x74,0x3b,0x0a,0x70,0x72,0x65,0x63,0x69,0x73,0x69,
    0x6f,0x6e,0x20,0x68,0x69,0x67,0x68,0x70,0x20,0x69,0x6e,0x74,0x3b,0x0a,0x0a,0x75,
    0x6e,0x69,0x66,0x6f,0x72,0x6d,0x20,0x68,0x69,0x67,0x68,0x70,0x20,0x76,0x65,0x63,
    0x34,0x20,0x62,0x72,0x69,0x64,0x67,0x65,0x5f,0x70,0x61,0x72,0x61,0x6d,0x73,0x5b,
    0x34,0x5d,0x3b,0x0a,0x75,0x6e,0x69,0x66,0x6f,0x72,0x6d,0x20,0x68,0x69,0x67,0x68,
    0x70,0x20,0x73,0x61,0x6d,0x70,0x6c,0x65,0x72,0x32,0x44,0x20,0x62,0x72,0x69,0x64,
    0x67,0x65,0x49,0x6e,0x70,0x75,0x74,0x54,0x65,0x78,0x5f,0x62,0x72,0x69,0x64,0x67,
    0x65,0x49,0x6e,0x70,0x75,0x74,0x53,0x6d,0x70,0x3b,0x0a,0x0a,0x69,0x6e,0x20,0x68,
    0x69,0x67,0x68,0x70,0x20,0x76,0x65,0x63,0x32,0x20,0x75,0x76,0x3b,0x0a,0x6c,0x61,
    0x79,0x6f,0x75,0x74,0x28,0x6c,0x6f,0x63,0x61,0x74,0x69,0x6f,0x6e,0x20,0x3d,0x20,
    0x30,0x29,0x20,0x6f,0x75,0x74,0x20,0x68,0x69,0x67,0x68,0x70,0x20,0x76,0x65,0x63,
    0x34,0x20,0x66,0x72,0x61,0x67,0x5f,0x63,0x6f,0x6c,0x6f,0x72,0x3b,0x0a,0x0a,0x68,
    0x69,0x67,0x68,0x70,0x20,0x66,0x6c,0x6f,0x61,0x74,0x20,0x62,0x72,0x69,0x64,0x67,
    0x65,0x5f,0x66,0x6c,0x61,0x67,0x28,0x68,0x69,0x67,0x68,0x70,0x20,0x66,0x6c,0x6f,
    0x61,0x74,0x20,0x5f,0x70,0x61,0x63,0x6b,0x65,0x64,0x2c,0x20,0x68,0x69,0x67,0x68,
    0x70,0x20,0x66,0x6c,0x6f,0x61,0x74,0x20,0x66,0x6c,0x61,0x67,0x29,0x0a,0x7b,0x0a,
    0x20,0x20,0x20,0x20,0x72,0x65,0x74,0x75,0x72,0x6e,0x20,0x66,0x6c,0x6f,0x6f,0x72,
    0x28,0x6d,0x6f,0x64,0x28,0x66,0x6c,0x6f,0x6f,0x72,0x28,0x5f,0x70,0x61,0x63,0x6b,
    0x65,0x64,0x20,0x2f,0x20,0x66,0x6c,0x61,0x67,0x29,0x2c,0x20,0x32,0x2e,0x30,0x29,
    0x29,0x3b,0x0a,0x7d,0x0a,0x0a,0x68,0x69,0x67,0x68,0x70,0x20,0x76,0x65,0x63,0x32,
    0x20,0x62,0x72,0x69,0x64,0x67,0x65,0x5f,0x73,0x61,0x6d,0x70,0x6c,0x65,0x5f,0x75,
    0x76,0x28,0x68,0x69,0x67,0x68,0x70,0x20,0x76,0x65,0x63,0x32,0x20,0x70,0x29,0x0a,
    0x7b,0x0a,0x20,0x20,0x20,0x20,0x68,0x69,0x67,0x68,0x70,0x20,0x66,0x6c,0x6f,0x61,
    0x74,0x20,0x70,0x61,0x72,0x61,0x6d,0x20,0x3d,0x20,0x62,0x72,0x69,0x64,0x67,0x65,
    0x5f,0x70,0x61,0x72,0x61,0x6d,0x73,0x5b,0x33,0x5d,0x2e,0x77,0x3b,0x0a,0x20,0x20,
    0x20,0x20,0x68,0x69,0x67,0x68,0x70,0x20,0x66,0x6c,0x6f,0x61,0x74,0x20,0x70,0x61,
    0x72,0x61,0x6d,0x5f,0x31,0x20,0x3d,0x20,0x34,0x2e,0x30,0x3b,0x0a,0x20,0x20,0x20,
    0x20,0x68,0x69,0x67,0x68,0x70,0x20,0x66,0x6c,0x6f,0x61,0x74,0x20,0x70,0x61,0x72,
    0x61,0x6d,0x5f,0x32,0x20,0x3d,0x20,0x62,0x72,0x69,0x64,0x67,0x65,0x5f,0x70,0x61,
    0x72,0x61,0x6d,0x73,0x5b,0x33,0x5d,0x2e,0x77,0x3b,0x0a,0x20,0x20,0x20,0x20,0x68,
    0x69,0x67,0x68,0x70,0x20,0x66,0x6c,0x6f,0x61,0x74,0x20,0x70,0x61,0x72,0x61,0x6d,
    0x5f,0x33,0x20,0x3d,0x20,0x38,0x2e,0x30,0x3b,0x0a,0x20,0x20,0x20,0x20,0x72,0x65,
    0x74,0x75,0x72,0x6e,0x20,0x76,0x65,0x63,0x32,0x28,0x6d,0x69,0x78,0x28,0x70,0x2e,
    0x78,0x2c,0x20,0x31,0x2e,0x30,0x20,0x2d,0x20,0x70,0x2e,0x78,0x2c,0x20,0x62,0x72,
    0x69,0x64,0x67,0x65,0x5f,0x66,0x6c,0x61,0x67,0x28,0x70,0x61,0x72,0x61,0x6d,0x2c,
    0x20,0x70,0x61,0x72,0x61,0x6d,0x5f,0x31,0x29,0x29,0x2c,0x20,0x6d,0x69,0x78,0x28,
    0x70,0x2e,0x79,0x2c,0x20,0x31,0x2e,0x30,0x20,0x2d,0x20,0x70,0x2e,0x79,0x2c,0x20,
    0x62,0x72,0x69,0x64,0x67,0x65,0x5f,0x66,0x6c,0x61,0x67,0x28,0x70,0x61,0x72,0x61,
    0x6d,0x5f,0x32,0x2c,0x20,0x70,0x61,0x72,0x61,0x6d,0x5f,0x33,0x29,0x29,0x29,0x3b,
    0x0a,0x7d,0x0a,0x0a,0x68,0x69,0x67,0x68,0x70,0x20,0x66,0x6c,0x6f,0x61,0x74,0x20,
    0x62,0x72,0x69,0x64,0x67,0x65,0x5f,0x6c,0x75,0x6d,0x69,0x6e,0x61,0x6e,0x63,0x65,
    0x28,0x68,0x69,0x67,0x68,0x70,0x20,0x76,0x65,0x63,0x34,0x20,0x73,0x72,0x63,0x29,
    0x0a,0x7b,0x0a,0x20,0x20,0x20,0x20,0x68,0x69,0x67,0x68,0x70,0x20,0x66,0x6c,0x6f,
    0x61,0x74,0x20,0x5f,0x31,0x30,0x33,0x20,0x3d,0x20,0x64,0x6f,0x74,0x28,0x73,0x72,
    0x63,0x2e,0x78,0x79,0x7a,0x2c,0x20,0x76,0x65,0x63,0x33,0x28,0x30,0x2e,0x32,0x31,
    0x32,0x35,0x39,0x39,0x39,0x39,0x32,0x37,0x35,0x32,0x30,0x37,0x35,0x31,0x39,0x35,
    0x33,0x31,0x32,0x35,0x2c,0x20,0x30,0x2e,0x37,0x31,0x35,0x32,0x30,0x30,0x30,0x30,
    0x36,0x39,0x36,0x31,0x38,0x32,0x32,0x35,0x30,0x39,0x37,0x36,0x35,0x36,0x32,0x35,
    0x2c,0x20,0x30,0x2e,0x30,0x37,0x32,0x32,0x30,0x30,0x30,0x30,0x30,0x32,0x38,0x36,
    0x31,0x30,0x32,0x32,0x39,0x34,0x39,0x32,0x31,0x38,0x37,0x35,0x29,0x29,0x3b,0x0a,
    0x20,0x20,0x20,0x20,0x68,0x69,0x67,0x68,0x70,0x20,0x66,0x6c,0x6f,0x61,0x74,0x20,
    0x70,0x61,0x72,0x61,0x6d,0x20,0x3d,0x20,0x62,0x72,0x69,0x64,0x67,0x65,0x5f,0x70,
    0x61,0x72,0x61,0x6d,0x73,0x5b,0x33,0x5d,0x2e,0x77,0x3b,0x0a,0x20,0x20,0x20,0x20,
    0x68,0x69,0x67,0x68,0x70,0x20,0x66,0x6c,0x6f,0x61,0x74,0x20,0x70,0x61,0x72,0x61,
    0x6d,0x5f,0x31,0x20,0x3d,0x20,0x31,0x2e,0x30,0x3b,0x0a,0x20,0x20,0x20,0x20,0x72,
    0x65,0x74,0x75,0x72,0x6e,0x20,0x6d,0x69,0x78,0x28,0x5f,0x31,0x30,0x33,0x2c,0x20,
    0x31,0x2e,0x30,0x20,0x2d,0x20,0x5f,0x31,0x30,0x33,0x2c,0x20,0x62,0x72,0x69,0x64,
    0x67,0x65,0x5f,0x66,0x6c,0x61,0x67,0x28,0x70,0x61,0x72,0x61,0x6d,0x2c,0x20,0x70,
    0x61,0x72,0x61,0x6d,0x5f,0x31,0x29,0x29,0x3b,0x0a,0x7d,0x0a,0x0a,0x68,0x69,0x67,
    0x68,0x70,0x20,0x66,0x6c,0x6f,0x61,0x74,0x20,0x62,0x72,0x69,0x64,0x67,0x65,0x5f,
    0x6d,0x61,0x73,0x6b,0x5f,0x73,0x6f,0x75,0x72,0x63,0x65,0x5f,0x6d,0x6f,0x64,0x65,
    0x28,0x29,0x0a,0x7b,0x0a,0x20,0x20,0x20,0x20,0x72,0x65,0x74,0x75,0x72,0x6e,0x20,
    0x66,0x6c,0x6f,0x6f,0x72,0x28,0x62,0x72,0x69,0x64,0x67,0x65,0x5f,0x70,0x61,0x72,
    0x61,0x6d,0x73,0x5b,0x33,0x5d,0x2e,0x77,0x20,0x2a,0x20,0x30,0x2e,0x30,0x36,0x32,
    0x35,0x29,0x3b,0x0a,0x7d,0x0a,0x0a,0x68,0x69,0x67,0x68,0x70,0x20,0x66,0x6c,0x6f,
    0x61,0x74,0x20,0x62,0x72,0x69,0x64,0x67,0x65,0x5f,0x73,0x61,0x74,0x75,0x72,0x61,
    0x74,0x69,0x6f,0x6e,0x28,0x68,0x69,0x67,0x68,0x70,0x20,0x76,0x65,0x63,0x33,0x20,
    0x72,0x67,0x62,0x29,0x0a,0x7b,0x0a,0x20,0x20,0x20,0x20,0x68,0x69,0x67,0x68,0x70,
    0x20,0x66,0x6c,0x6f,0x61,0x74,0x20,0x5f,0x31,0x33,0x31,0x20,0x3d,0x20,0x6d,0x61,
    0x78,0x28,0x6d,0x61,0x78,0x28,0x72,0x67,0x62,0x2e,0x78,0x2c,0x20,0x72,0x67,0x62,
    0x2e,0x79,0x29,0x2c,0x20,0x72,0x67,0x62,0x2e,0x7a,0x29,0x3b,0x0a,0x20,0x20,0x20,
    0x20,0x68,0x69,0x67,0x68,0x70,0x20,0x66,0x6c,0x6f,0x61,0x74,0x20,0x5f,0x31,0x34,
    0x35,0x3b,0x0a,0x20,0x20,0x20,0x20,0x69,0x66,0x20,0x28,0x5f,0x31,0x33,0x31,0x20,
    0x3c,0x3d,0x20,0x39,0x2e,0x39,0x39,0x39,0x39,0x39,0x39,0x39,0x37,0x34,0x37,0x35,
    0x32,0x34,0x32,0x37,0x30,0x37,0x38,0x37,0x38,0x33,0x35,0x31,0x32,0x31,0x31,0x35,
    0x34,0x37,0x38,0x35,0x65,0x2d,0x30,0x37,0x29,0x0a,0x20,0x20,0x20,0x20,0x7b,0x0a,
    0x20,0x20,0x20,0x20,0x20,0x20,0x20,0x20,0x5f,0x31,0x34,0x35,0x20,0x3d,0x20,0x30,
    0x2e,0x30,0x3b,0x0a,0x20,0x20,0x20,0x20,0x7d,0x0a,0x20,0x20,0x20,0x20,0x65,0x6c,
    0x73,0x65,0x0a,0x20,0x20,0x20,0x20,0x7b,0x0a,0x20,0x20,0x20,0x20,0x20,0x20,0x20,
    0x20,0x5f,0x31,0x34,0x35,0x20,0x3d,0x20,0x28,0x5f,0x31,0x33,0x31,0x20,0x2d,0x20,
    0x6d,0x69,0x6e,0x28,0x6d,0x69,0x6e,0x28,0x72,0x67,0x62,0x2e,0x78,0x2c,0x20,0x72,
    0x67,0x62,0x2e,0x79,0x29,0x2c,0x20,0x72,0x67,0x62,0x2e,0x7a,0x29,0x29,0x20,0x2f,
    0x20,0x5f,0x31,0x33,0x31,0x3b,0x0a,0x20,0x20,0x20,0x20,0x7d,0x0a,0x20,0x20,0x20,
    0x20,0x72,0x65,0x74,0x75,0x72,0x6e,0x20,0x5f,0x31,0x34,0x35,0x3b,0x0a,0x7d,0x0a,
    0x0a,0x68,0x69,0x67,0x68,0x70,0x20,0x66,0x6c,0x6f,0x61,0x74,0x20,0x62,0x72,0x69,
    0x64,0x67,0x65,0x5f,0x6d,0x61,0x73,0x6b,0x5f,0x76,0x61,0x6c,0x75,0x65,0x28,0x68,
    0x69,0x67,0x68,0x70,0x20,0x76,0x65,0x63,0x34,0x20,0x73,0x72,0x63,0x2c,0x20,0x68,
    0x69,0x67,0x68,0x70,0x20,0x66,0x6c,0x6f,0x61,0x74,0x20,0x69,0x6e,0x74,0x65,0x6e,
    0x73,0x69,0x74,0x79,0x29,0x0a,0x7b,0x0a,0x20,0x20,0x20,0x20,0x68,0x69,0x67,0x68,
    0x70,0x20,0x66,0x6c,0x6f,0x61,0x74,0x20,0x70,0x61,0x72,0x61,0x6d,0x20,0x3d,0x20,
    0x62,0x72,0x69,0x64,0x67,0x65,0x5f,0x70,0x61,0x72,0x61,0x6d,0x73,0x5b,0x33,0x5d,
    0x2e,0x77,0x3b,0x0a,0x20,0x20,0x20,0x20,0x68,0x69,0x67,0x68,0x70,0x20,0x66,0x6c,
    0x6f,0x61,0x74,0x20,0x70,0x61,0x72,0x61,0x6d,0x5f,0x31,0x20,0x3d,0x20,0x32,0x2e,
    0x30,0x3b,0x0a,0x20,0x20,0x20,0x20,0x68,0x69,0x67,0x68,0x70,0x20,0x66,0x6c,0x6f,
    0x61,0x74,0x20,0x6d,0x6f,0x64,0x65,0x20,0x3d,0x20,0x62,0x72,0x69,0x64,0x67,0x65,
    0x5f,0x6d,0x61,0x73,0x6b,0x5f,0x73,0x6f,0x75,0x72,0x63,0x65,0x5f,0x6d,0x6f,0x64,
    0x65,0x28,0x29,0x3b,0x0a,0x20,0x20,0x20,0x20,0x69,0x66,0x20,0x28,0x62,0x72,0x69,
    0x64,0x67,0x65,0x5f,0x66,0x6c,0x61,0x67,0x28,0x70,0x61,0x72,0x61,0x6d,0x2c,0x20,
    0x70,0x61,0x72,0x61,0x6d,0x5f,0x31,0x29,0x20,0x3e,0x20,0x30,0x2e,0x35,0x29,0x0a,
    0x20,0x20,0x20,0x20,0x7b,0x0a,0x20,0x20,0x20,0x20,0x20,0x20,0x20,0x20,0x6d,0x6f,
    0x64,0x65,0x20,0x3d,0x20,0x31,0x2e,0x30,0x3b,0x0a,0x20,0x20,0x20,0x20,0x7d,0x0a,
    0x20,0x20,0x20,0x20,0x69,0x66,0x20,0x28,0x28,0x6d,0x6f,0x64,0x65,0x20,0x3e,0x20,
    0x30,0x2e,0x35,0x29,0x20,0x26,0x26,0x20,0x28,0x6d,0x6f,0x64,0x65,0x20,0x3c,0x20,
    0x31,0x2e,0x35,0x29,0x29,0x0a,0x20,0x20,0x20,0x20,0x7b,0x0a,0x20,0x20,0x20,0x20,
    0x20,0x20,0x20,0x20,0x72,0x65,0x74,0x75,0x72,0x6e,0x20,0x73,0x72,0x63,0x2e,0x77,
    0x3b,0x0a,0x20,0x20,0x20,0x20,0x7d,0x0a,0x20,0x20,0x20,0x20,0x69,0x66,0x20,0x28,
    0x28,0x6d,0x6f,0x64,0x65,0x20,0x3e,0x20,0x31,0x2e,0x35,0x29,0x20,0x26,0x26,0x20,
    0x28,0x6d,0x6f,0x64,0x65,0x20,0x3c,0x20,0x32,0x2e,0x35,0x29,0x29,0x0a,0x20,0x20,
    0x20,0x20,0x7b,0x0a,0x20,0x20,0x20,0x20,0x20,0x20,0x20,0x20,0x72,0x65,0x74,0x75,
    0x72,0x6e,0x20,0x73,0x72,0x63,0x2e,0x78,0x3b,0x0a,0x20,0x20,0x20,0x20,0x7d,0x0a,
    0x20,0x20,0x20,0x20,0x69,0x66,0x20,0x28,0x28,0x6d,0x6f,0x64,0x65,0x20,0x3e,0x20,
    0x32,0x2e,0x35,0x29,0x20,0x26,0x26,0x20,0x28,0x6d,0x6f,0x64,0x65,0x20,0x3c,0x20,
    0x33,0x2e,0x35,0x29,0x29,0x0a,0x20,0x20,0x20,0x20,0x7b,0x0a,0x20,0x20,0x20,0x20,
    0x20,0x20,0x20,0x20,0x72,0x65,0x74,0x75,0x72,0x6e,0x20,0x73,0x72,0x63,0x2e,0x79,
    0x3b,0x0a,0x20,0x20,0x20,0x20,0x7d,0x0a,0x20,0x20,0x20,0x20,0x69,0x66,0x20,0x28,
    0x28,0x6d,0x6f,0x64,0x65,0x20,0x3e,0x20,0x33,0x2e,0x35,0x29,0x20,0x26,0x26,0x20,
    0x28,0x6d,0x6f,0x64,0x65,0x20,0x3c,0x20,0x34,0x2e,0x35,0x29,0x29,0x0a,0x20,0x20,
    0x20,0x20,0x7b,0x0a,0x20,0x20,0x20,0x20,0x20,0x20,0x20,0x20,0x72,0x65,0x74,0x75,
    0x72,0x6e,0x20,0x73,0x72,0x63,0x2e,0x7a,0x3b,0x0a,0x20,0x20,0x20,0x20,0x7d,0x0a,
    0x20,0x20,0x20,0x20,0x69,0x66,0x20,0x28,0x28,0x6d,0x6f,0x64,0x65,0x20,0x3e,0x20,
    0x34,0x2e,0x35,0x29,0x20,0x26,0x26,0x20,0x28,0x6d,0x6f,0x64,0x65,0x20,0x3c,0x20,
    0x35,0x2e,0x35,0x29,0x29,0x0a,0x20,0x20,0x20,0x20,0x7b,0x0a,0x20,0x20,0x20,0x20,
    0x20,0x20,0x20,0x20,0x72,0x65,0x74,0x75,0x72,0x6e,0x20,0x6d,0x61,0x78,0x28,0x6d,
    0x61,0x78,0x28,0x73,0x72,0x63,0x2e,0x78,0x2c,0x20,0x73,0x72,0x63,0x2e,0x79,0x29,
    0x2c,0x20,0x73,0x72,0x63,0x2e,0x7a,0x29,0x3b,0x0a,0x20,0x20,0x20,0x20,0x7d,0x0a,
    0x20,0x20,0x20,0x20,0x69,0x66,0x20,0x28,0x6d,0x6f,0x64,0x65,0x20,0x3e,0x20,0x35,
    0x2e,0x35,0x29,0x0a,0x20,0x20,0x20,0x20,0x7b,0x0a,0x20,0x20,0x20,0x20,0x20,0x20,
    0x20,0x20,0x68,0x69,0x67,0x68,0x70,0x20,0x76,0x65,0x63,0x33,0x20,0x70,0x61,0x72,
    0x61,0x6d,0x5f,0x32,0x20,0x3d,0x20,0x73,0x72,0x63,0x2e,0x78,0x79,0x7a,0x3b,0x0a,
    0x20,0x20,0x20,0x20,0x20,0x20,0x20,0x20,0x72,0x65,0x74,0x75,0x72,0x6e,0x20,0x62,
    0x72,0x69,0x64,0x67,0x65,0x5f,0x73,0x61,0x74,0x75,0x72,0x61,0x74,0x69,0x6f,0x6e,
    0x28,0x70,0x61,0x72,0x61,0x6d,0x5f,0x32,0x29,0x3b,0x0a,0x20,0x20,0x20,0x20,0x7d,
    0x0a,0x20,0x20,0x20,0x20,0x72,0x65,0x74,0x75,0x72,0x6e,0x20,0x69,0x6e,0x74,0x65,
    0x6e,0x73,0x69,0x74,0x79,0x3b,0x0a,0x7d,0x0a,0x0a,0x68,0x69,0x67,0x68,0x70,0x20,
    0x66,0x6c,0x6f,0x61,0x74,0x20,0x62,0x72,0x69,0x64,0x67,0x65,0x5f,0x6d,0x61,0x73,
    0x6b,0x5f,0x67,0x61,0x6d,0x6d,0x61,0x28,0x29,0x0a,0x7b,0x0a,0x20,0x20,0x20,0x20,
    0x72,0x65,0x74,0x75,0x72,0x6e,0x20,0x6d,0x61,0x78,0x28,0x62,0x72,0x69,0x64,0x67,
    0x65,0x5f,0x70,0x61,0x72,0x61,0x6d,0x73,0x5b,0x32,0x5d,0x2e,0x77,0x2c,0x20,0x39,
    0x2e,0x39,0x39,0x39,0x39,0x39,0x39,0x37,0x34,0x37,0x33,0x37,0x38,0x37,0x35,0x31,
    0x36,0x33,0x35,0x35,0x35,0x31,0x34,0x35,0x32,0x36,0x33,0x36,0x37,0x31,0x38,0x38,
    0x65,0x2d,0x30,0x35,0x29,0x3b,0x0a,0x7d,0x0a,0x0a,0x68,0x69,0x67,0x68,0x70,0x20,
    0x66,0x6c,0x6f,0x61,0x74,0x20,0x62,0x72,0x69,0x64,0x67,0x65,0x5f,0x73,0x6f,0x66,
    0x74,0x5f,0x6d,0x61,0x73,0x6b,0x28,0x68,0x69,0x67,0x68,0x70,0x20,0x66,0x6c,0x6f,
    0x61,0x74,0x20,0x76,0x61,0x6c,0x75,0x65,0x29,0x0a,0x7b,0x0a,0x20,0x20,0x20,0x20,
    0x68,0x69,0x67,0x68,0x70,0x20,0x66,0x6c,0x6f,0x61,0x74,0x20,0x5f,0x32,0x35,0x34,
    0x20,0x3d,0x20,0x6d,0x61,0x78,0x28,0x62,0x72,0x69,0x64,0x67,0x65,0x5f,0x70,0x61,
    0x72,0x61,0x6d,0x73,0x5b,0x32,0x5d,0x2e,0x7a,0x2c,0x20,0x30,0x2e,0x30,0x29,0x3b,
    0x0a,0x20,0x20,0x20,0x20,0x68,0x69,0x67,0x68,0x70,0x20,0x66,0x6c,0x6f,0x61,0x74,
    0x20,0x5f,0x32,0x35,0x39,0x3b,0x0a,0x20,0x20,0x20,0x20,0x69,0x66,0x20,0x28,0x5f,
    0x32,0x35,0x34,0x20,0x3c,0x3d,0x20,0x39,0x2e,0x39,0x39,0x39,0x39,0x39,0x39,0x37,
    0x34,0x37,0x33,0x37,0x38,0x37,0x35,0x31,0x36,0x33,0x35,0x35,0x35,0x31,0x34,0x35,
    0x32,0x36,0x33,0x36,0x37,0x31,0x38,0x38,0x65,0x2d,0x30,0x36,0x29,0x0a,0x20,0x20,
    0x20,0x20,0x7b,0x0a,0x20,0x20,0x20,0x20,0x20,0x20,0x20,0x20,0x5f,0x32,0x35,0x39,
    0x20,0x3d,0x20,0x73,0x74,0x65,0x70,0x28,0x62,0x72,0x69,0x64,0x67,0x65,0x5f,0x70,
    0x61,0x72,0x61,0x6d,0x73,0x5b,0x33,0x5d,0x2e,0x79,0x2c,0x20,0x76,0x61,0x6c,0x75,
    0x65,0x29,0x3b,0x0a,0x20,0x20,0x20,0x20,0x7d,0x0a,0x20,0x20,0x20,0x20,0x65,0x6c,
    0x73,0x65,0x0a,0x20,0x20,0x20,0x20,0x7b,0x0a,0x20,0x20,0x20,0x20,0x20,0x20,0x20,
    0x20,0x68,0x69,0x67,0x68,0x70,0x20,0x66,0x6c,0x6f,0x61,0x74,0x20,0x5f,0x32,0x37,
    0x30,0x20,0x3d,0x20,0x5f,0x32,0x35,0x34,0x20,0x2a,0x20,0x30,0x2e,0x35,0x3b,0x0a,
    0x20,0x20,0x20,0x20,0x20,0x20,0x20,0x20,0x5f,0x32,0x35,0x39,0x20,0x3d,0x20,0x73,
    0x6d,0x6f,0x6f,0x74,0x68,0x73,0x74,0x65,0x70,0x28,0x62,0x72,0x69,0x64,0x67,0x65,
    0x5f,0x70,0x61,0x72,0x61,0x6d,0x73,0x5b,0x33,0x5d,0x2e,0x79,0x20,0x2d,0x20,0x5f,
    0x32,0x37,0x30,0x2c,0x20,0x62,0x72,0x69,0x64,0x67,0x65,0x5f,0x70,0x61,0x72,0x61,
    0x6d,0x73,0x5b,0x33,0x5d,0x2e,0x79,0x20,0x2b,0x20,0x5f,0x32,0x37,0x30,0x2c,0x20,
    0x76,0x61,0x6c,0x75,0x65,0x29,0x3b,0x0a,0x20,0x20,0x20,0x20,0x7d,0x0a,0x20,0x20,
    0x20,0x20,0x72,0x65,0x74,0x75,0x72,0x6e,0x20,0x70,0x6f,0x77,0x28,0x63,0x6c,0x61,
    0x6d,0x70,0x28,0x5f,0x32,0x35,0x39,0x2c,0x20,0x30,0x2e,0x30,0x2c,0x20,0x31,0x2e,
    0x30,0x29,0x2c,0x20,0x31,0x2e,0x30,0x20,0x2f,0x20,0x62,0x72,0x69,0x64,0x67,0x65,
    0x5f,0x6d,0x61,0x73,0x6b,0x5f,0x67,0x61,0x6d,0x6d,0x61,0x28,0x29,0x29,0x3b,0x0a,
    0x7d,0x0a,0x0a,0x76,0x6f,0x69,0x64,0x20,0x6d,0x61,0x69,0x6e,0x28,0x29,0x0a,0x7b,
    0x0a,0x20,0x20,0x20,0x20,0x68,0x69,0x67,0x68,0x70,0x20,0x76,0x65,0x63,0x32,0x20,
    0x70,0x61,0x72,0x61,0x6d,0x20,0x3d,0x20,0x75,0x76,0x3b,0x0a,0x20,0x20,0x20,0x20,
    0x68,0x69,0x67,0x68,0x70,0x20,0x76,0x65,0x63,0x34,0x20,0x5f,0x33,0x30,0x33,0x20,
    0x3d,0x20,0x74,0x65,0x78,0x74,0x75,0x72,0x65,0x28,0x62,0x72,0x69,0x64,0x67,0x65,
    0x49,0x6e,0x70,0x75,0x74,0x54,0x65,0x78,0x5f,0x62,0x72,0x69,0x64,0x67,0x65,0x49,
    0x6e,0x70,0x75,0x74,0x53,0x6d,0x70,0x2c,0x20,0x62,0x72,0x69,0x64,0x67,0x65,0x5f,
    0x73,0x61,0x6d,0x70,0x6c,0x65,0x5f,0x75,0x76,0x28,0x70,0x61,0x72,0x61,0x6d,0x29,
    0x29,0x3b,0x0a,0x20,0x20,0x20,0x20,0x68,0x69,0x67,0x68,0x70,0x20,0x76,0x65,0x63,
    0x34,0x20,0x70,0x61,0x72,0x61,0x6d,0x5f,0x31,0x20,0x3d,0x20,0x5f,0x33,0x30,0x33,
    0x3b,0x0a,0x20,0x20,0x20,0x20,0x68,0x69,0x67,0x68,0x70,0x20,0x66,0x6c,0x6f,0x61,
    0x74,0x20,0x5f,0x33,0x30,0x37,0x20,0x3d,0x20,0x62,0x72,0x69,0x64,0x67,0x65,0x5f,
    0x6c,0x75,0x6d,0x69,0x6e,0x61,0x6e,0x63,0x65,0x28,0x70,0x61,0x72,0x61,0x6d,0x5f,
    0x31,0x29,0x3b,0x0a,0x20,0x20,0x20,0x20,0x68,0x69,0x67,0x68,0x70,0x20,0x76,0x65,
    0x63,0x34,0x20,0x70,0x61,0x72,0x61,0x6d,0x5f,0x32,0x20,0x3d,0x20,0x5f,0x33,0x30,
    0x33,0x3b,0x0a,0x20,0x20,0x20,0x20,0x68,0x69,0x67,0x68,0x70,0x20,0x66,0x6c,0x6f,
    0x61,0x74,0x20,0x70,0x61,0x72,0x61,0x6d,0x5f,0x33,0x20,0x3d,0x20,0x5f,0x33,0x30,
    0x37,0x3b,0x0a,0x20,0x20,0x20,0x20,0x68,0x69,0x67,0x68,0x70,0x20,0x66,0x6c,0x6f,
    0x61,0x74,0x20,0x70,0x61,0x72,0x61,0x6d,0x5f,0x34,0x20,0x3d,0x20,0x62,0x72,0x69,
    0x64,0x67,0x65,0x5f,0x6d,0x61,0x73,0x6b,0x5f,0x76,0x61,0x6c,0x75,0x65,0x28,0x70,
    0x61,0x72,0x61,0x6d,0x5f,0x32,0x2c,0x20,0x70,0x61,0x72,0x61,0x6d,0x5f,0x33,0x29,
    0x3b,0x0a,0x20,0x20,0x20,0x20,0x68,0x69,0x67,0x68,0x70,0x20,0x66,0x6c,0x6f,0x61,
    0x74,0x20,0x5f,0x33,0x32,0x32,0x20,0x3d,0x20,0x28,0x5f,0x33,0x30,0x37,0x20,0x2a,
    0x20,0x62,0x72,0x69,0x64,0x67,0x65,0x5f,0x70,0x61,0x72,0x61,0x6d,0x73,0x5b,0x33,
    0x5d,0x2e,0x78,0x29,0x20,0x2a,0x20,0x62,0x72,0x69,0x64,0x67,0x65,0x5f,0x73,0x6f,
    0x66,0x74,0x5f,0x6d,0x61,0x73,0x6b,0x28,0x70,0x61,0x72,0x61,0x6d,0x5f,0x34,0x29,
    0x3b,0x0a,0x20,0x20,0x20,0x20,0x66,0x72,0x61,0x67,0x5f,0x63,0x6f,0x6c,0x6f,0x72,
    0x20,0x3d,0x20,0x76,0x65,0x63,0x34,0x28,0x62,0x72,0x69,0x64,0x67,0x65,0x5f,0x70,
    0x61,0x72,0x61,0x6d,0x73,0x5b,0x30,0x5d,0x2e,0x78,0x79,0x7a,0x20,0x2a,0x20,0x5f,
    0x33,0x32,0x32,0x2c,0x20,0x5f,0x33,0x32,0x32,0x29,0x3b,0x0a,0x7d,0x0a,0x0a,0x00,

};
/*
    #version 300 es
    precision mediump float;
    precision highp int;

    uniform highp vec4 bridge_params[4];
    uniform highp sampler2D bridgeInputTex_bridgeInputSmp;

    in highp vec2 uv;
    layout(location = 0) out highp vec4 frag_color;

    highp float bridge_flag(highp float _packed, highp float flag)
    {
        return floor(mod(floor(_packed / flag), 2.0));
    }

    highp vec2 bridge_sample_uv(highp vec2 p)
    {
        highp float param = bridge_params[3].w;
        highp float param_1 = 4.0;
        highp float param_2 = bridge_params[3].w;
        highp float param_3 = 8.0;
        return vec2(mix(p.x, 1.0 - p.x, bridge_flag(param, param_1)), mix(p.y, 1.0 - p.y, bridge_flag(param_2, param_3)));
    }

    highp float bridge_luminance(highp vec4 src)
    {
        highp float _103 = dot(src.xyz, vec3(0.2125999927520751953125, 0.715200006961822509765625, 0.072200000286102294921875));
        highp float param = bridge_params[3].w;
        highp float param_1 = 1.0;
        return mix(_103, 1.0 - _103, bridge_flag(param, param_1));
    }

    highp float bridge_mask_source_mode()
    {
        return floor(bridge_params[3].w * 0.0625);
    }

    highp float bridge_saturation(highp vec3 rgb)
    {
        highp float _131 = max(max(rgb.x, rgb.y), rgb.z);
        highp float _145;
        if (_131 <= 9.9999999747524270787835121154785e-07)
        {
            _145 = 0.0;
        }
        else
        {
            _145 = (_131 - min(min(rgb.x, rgb.y), rgb.z)) / _131;
        }
        return _145;
    }

    highp float bridge_mask_value(highp vec4 src, highp float intensity)
    {
        highp float param = bridge_params[3].w;
        highp float param_1 = 2.0;
        highp float mode = bridge_mask_source_mode();
        if (bridge_flag(param, param_1) > 0.5)
        {
            mode = 1.0;
        }
        if ((mode > 0.5) && (mode < 1.5))
        {
            return src.w;
        }
        if ((mode > 1.5) && (mode < 2.5))
        {
            return src.x;
        }
        if ((mode > 2.5) && (mode < 3.5))
        {
            return src.y;
        }
        if ((mode > 3.5) && (mode < 4.5))
        {
            return src.z;
        }
        if ((mode > 4.5) && (mode < 5.5))
        {
            return max(max(src.x, src.y), src.z);
        }
        if (mode > 5.5)
        {
            highp vec3 param_2 = src.xyz;
            return bridge_saturation(param_2);
        }
        return intensity;
    }

    highp float bridge_mask_gamma()
    {
        return max(bridge_params[2].w, 9.9999997473787516355514526367188e-05);
    }

    highp float bridge_soft_mask(highp float value)
    {
        highp float _254 = max(bridge_params[2].z, 0.0);
        highp float _259;
        if (_254 <= 9.9999997473787516355514526367188e-06)
        {
            _259 = step(bridge_params[3].y, value);
        }
        else
        {
            highp float _270 = _254 * 0.5;
            _259 = smoothstep(bridge_params[3].y - _270, bridge_params[3].y + _270, value);
        }
        return pow(clamp(_259, 0.0, 1.0), 1.0 / bridge_mask_gamma());
    }

    void main()
    {
        highp vec2 param = uv;
        highp vec4 _303 = texture(bridgeInputTex_bridgeInputSmp, bridge_sample_uv(param));
        highp vec4 param_1 = _303;
        highp float _307 = bridge_luminance(param_1);
        highp vec4 param_2 = _303;
        highp float param_3 = _307;
        highp float param_4 = bridge_mask_value(param_2, param_3);
        frag_color = vec4((max(_307 - bridge_params[3].y, 0.0) * bridge_params[3].x) * bridge_soft_mask(param_4)) * bridge_params[0];
    }

*/
static const uint8_t fs_bridge_temperature_source_glsl300es[3208] = {
    0x23,0x76,0x65,0x72,0x73,0x69,0x6f,0x6e,0x20,0x33,0x30,0x30,0x20,0x65,0x73,0x0a,
    0x70,0x72,0x65,0x63,0x69,0x73,0x69,0x6f,0x6e,0x20,0x6d,0x65,0x64,0x69,0x75,0x6d,
    0x70,0x20,0x66,0x6c,0x6f,0x61,0x74,0x3b,0x0a,0x70,0x72,0x65,0x63,0x69,0x73,0x69,
    0x6f,0x6e,0x20,0x68,0x69,0x67,0x68,0x70,0x20,0x69,0x6e,0x74,0x3b,0x0a,0x0a,0x75,
    0x6e,0x69,0x66,0x6f,0x72,0x6d,0x20,0x68,0x69,0x67,0x68,0x70,0x20,0x76,0x65,0x63,
    0x34,0x20,0x62,0x72,0x69,0x64,0x67,0x65,0x5f,0x70,0x61,0x72,0x61,0x6d,0x73,0x5b,
    0x34,0x5d,0x3b,0x0a,0x75,0x6e,0x69,0x66,0x6f,0x72,0x6d,0x20,0x68,0x69,0x67,0x68,
    0x70,0x20,0x73,0x61,0x6d,0x70,0x6c,0x65,0x72,0x32,0x44,0x20,0x62,0x72,0x69,0x64,
    0x67,0x65,0x49,0x6e,0x70,0x75,0x74,0x54,0x65,0x78,0x5f,0x62,0x72,0x69,0x64,0x67,
    0x65,0x49,0x6e,0x70,0x75,0x74,0x53,0x6d,0x70,0x3b,0x0a,0x0a,0x69,0x6e,0x20,0x68,
    0x69,0x67,0x68,0x70,0x20,0x76,0x65,0x63,0x32,0x20,0x75,0x76,0x3b,0x0a,0x6c,0x61,
    0x79,0x6f,0x75,0x74,0x28,0x6c,0x6f,0x63,0x61,0x74,0x69,0x6f,0x6e,0x20,0x3d,0x20,
    0x30,0x29,0x20,0x6f,0x75,0x74,0x20,0x68,0x69,0x67,0x68,0x70,0x20,0x76,0x65,0x63,
    0x34,0x20,0x66,0x72,0x61,0x67,0x5f,0x63,0x6f,0x6c,0x6f,0x72,0x3b,0x0a,0x0a,0x68,
    0x69,0x67,0x68,0x70,0x20,0x66,0x6c,0x6f,0x61,0x74,0x20,0x62,0x72,0x69,0x64,0x67,
    0x65,0x5f,0x66,0x6c,0x61,0x67,0x28,0x68,0x69,0x67,0x68,0x70,0x20,0x66,0x6c,0x6f,
    0x61,0x74,0x20,0x5f,0x70,0x61,0x63,0x6b,0x65,0x64,0x2c,0x20,0x68,0x69,0x67,0x68,
    0x70,0x20,0x66,0x6c,0x6f,0x61,0x74,0x20,0x66,0x6c,0x61,0x67,0x29,0x0a,0x7b,0x0a,
    0x20,0x20,0x20,0x20,0x72,0x65,0x74,0x75,0x72,0x6e,0x20,0x66,0x6c,0x6f,0x6f,0x72,
    0x28,0x6d,0x6f,0x64,0x28,0x66,0x6c,0x6f,0x6f,0x72,0x28,0x5f,0x70,0x61,0x63,0x6b,
    0x65,0x64,0x20,0x2f,0x20,0x66,0x6c,0x61,0x67,0x29,0x2c,0x20,0x32,0x2e,0x30,0x29,
    0x29,0x3b,0x0a,0x7d,0x0a,0x0a,0x68,0x69,0x67,0x68,0x70,0x20,0x76,0x65,0x63,0x32,
    0x20,0x62,0x72,0x69,0x64,0x67,0x65,0x5f,0x73,0x61,0x6d,0x70,0x6c,0x65,0x5f,0x75,
    0x76,0x28,0x68,0x69,0x67,0x68,0x70,0x20,0x76,0x65,0x63,0x32,0x20,0x70,0x29,0x0a,
    0x7b,0x0a,0x20,0x20,0x20,0x20,0x68,0x69,0x67,0x68,0x70,0x20,0x66,0x6c,0x6f,0x61,
    0x74,0x20,0x70,0x61,0x72,0x61,0x6d,0x20,0x3d,0x20,0x62,0x72,0x69,0x64,0x67,0x65,
    0x5f,0x70,0x61,0x72,0x61,0x6d,0x73,0x5b,0x33,0x5d,0x2e,0x77,0x3b,0x0a,0x20,0x20,
    0x20,0x20,0x68,0x69,0x67,0x68,0x70,0x20,0x66,0x6c,0x6f,0x61,0x74,0x20,0x70,0x61,
    0x72,0x61,0x6d,0x5f,0x31,0x20,0x3d,0x20,0x34,0x2e,0x30,0x3b,0x0a,0x20,0x20,0x20,
    0x20,0x68,0x69,0x67,0x68,0x70,0x20,0x66,0x6c,0x6f,0x61,0x74,0x20,0x70,0x61,0x72,
    0x61,0x6d,0x5f,0x32,0x20,0x3d,0x20,0x62,0x72,0x69,0x64,0x67,0x65,0x5f,0x70,0x61,
    0x72,0x61,0x6d,0x73,0x5b,0x33,0x5d,0x2e,0x77,0x3b,0x0a,0x20,0x20,0x20,0x20,0x68,
    0x69,0x67,0x68,0x70,0x20,0x66,0x6c,0x6f,0x61,0x74,0x20,0x70,0x61,0x72,0x61,0x6d,
    0x5f,0x33,0x20,0x3d,0x20,0x38,0x2e,0x30,0x3b,0x0a,0x20,0x20,0x20,0x20,0x72,0x65,
    0x74,0x75,0x72,0x6e,0x20,0x76,0x65,0x63,0x32,0x28,0x6d,0x69,0x78,0x28,0x70,0x2e,
    0x78,0x2c,0x20,0x31,0x2e,0x30,0x20,0x2d,0x20,0x70,0x2e,0x78,0x2c,0x20,0x62,0x72,
    0x69,0x64,0x67,0x65,0x5f,0x66,0x6c,0x61,0x67,0x28,0x70,0x61,0x72,0x61,0x6d,0x2c,
    0x20,0x70,0x61,0x72,0x61,0x6d,0x5f,0x31,0x29,0x29,0x2c,0x20,0x6d,0x69,0x78,0x28,
    0x70,0x2e,0x79,0x2c,0x20,0x31,0x2e,0x30,0x20,0x2d,0x20,0x70,0x2e,0x79,0x2c,0x20,
    0x62,0x72,0x69,0x64,0x67,0x65,0x5f,0x66,0x6c,0x61,0x67,0x28,0x70,0x61,0x72,0x61,
    0x6d,0x5f,0x32,0x2c,0x20,0x70,0x61,0x72,0x61,0x6d,0x5f,0x33,0x29,0x29,0x29,0x3b,
    0x0a,0x7d,0x0a,0x0a,0x68,0x69,0x67,0x68,0x70,0x20,0x66,0x6c,0x6f,0x61,0x74,0x20,
    0x62,0x72,0x69,0x64,0x67,0x65,0x5f,0x6c,0x75,0x6d,0x69,0x6e,0x61,0x6e,0x63,0x65,
    0x28,0x68,0x69,0x67,0x68,0x70,0x20,0x76,0x65,0x63,0x34,0x20,0x73,0x72,0x63,0x29,
    0x0a,0x7b,0x0a,0x20,0x20,0x20,0x20,0x68,0x69,0x67,0x68,0x70,0x20,0x66,0x6c,0x6f,
    0x61,0x74,0x20,0x5f,0x31,0x30,0x33,0x20,0x3d,0x20,0x64,0x6f,0x74,0x28,0x73,0x72,
    0x63,0x2e,0x78,0x79,0x7a,0x2c,0x20,0x76,0x65,0x63,0x33,0x28,0x30,0x2e,0x32,0x31,
    0x32,0x35,0x39,0x39,0x39,0x39,0x32,0x37,0x35,0x32,0x30,0x37,0x35,0x31,0x39,0x35,
    0x33,0x31,0x32,0x35,0x2c,0x20,0x30,0x2e,0x37,0x31,0x35,0x32,0x30,0x30,0x30,0x30,
    0x36,0x39,0x36,0x31,0x38,0x32,0x32,0x35,0x30,0x39,0x37,0x36,0x35,0x36,0x32,0x35,
    0x2c,0x20,0x30,0x2e,0x30,0x37,0x32,0x32,0x30,0x30,0x30,0x30,0x30,0x32,0x38,0x36,
    0x31,0x30,0x32,0x32,0x39,0x34,0x39,0x32,0x31,0x38,0x37,0x35,0x29,0x29,0x3b,0x0a,
    0x20,0x20,0x20,0x20,0x68,0x69,0x67,0x68,0x70,0x20,0x66,0x6c,0x6f,0x61,0x74,0x20,
    0x70,0x61,0x72,0x61,0x6d,0x20,0x3d,0x20,0x62,0x72,0x69,0x64,0x67,0x65,0x5f,0x70,
    0x61,0x72,0x61,0x6d,0x73,0x5b,0x33,0x5d,0x2e,0x77,0x3b,0x0a,0x20,0x20,0x20,0x20,
    0x68,0x69,0x67,0x68,0x70,0x20,0x66,0x6c,0x6f,0x61,0x74,0x20,0x70,0x61,0x72,0x61,
    0x6d,0x5f,0x31,0x20,0x3d,0x20,0x31,0x2e,0x30,0x3b,0x0a,0x20,0x20,0x20,0x20,0x72,
    0x65,0x74,0x75,0x72,0x6e,0x20,0x6d,0x69,0x78,0x28,0x5f,0x31,0x30,0x33,0x2c,0x20,
    0x31,0x2e,0x30,0x20,0x2d,0x20,0x5f,0x31,0x30,0x33,0x2c,0x20,0x62,0x72,0x69,0x64,
    0x67,0x65,0x5f,0x66,0x6c,0x61,0x67,0x28,0x70,0x61,0x72,0x61,0x6d,0x2c,0x20,0x70,
    0x61,0x72,0x61,0x6d,0x5f,0x31,0x29,0x29,0x3b,0x0a,0x7d,0x0a,0x0a,0x68,0x69,0x67,
    0x68,0x70,0x20,0x66,0x6c,0x6f,0x61,0x74,0x20,0x62,0x72,0x69,0x64,0x67,0x65,0x5f,
    0x6d,0x61,0x73,0x6b,0x5f,0x73,0x6f,0x75,0x72,0x63,0x65,0x5f,0x6d,0x6f,0x64,0x65,
    0x28,0x29,0x0a,0x7b,0x0a,0x20,0x20,0x20,0x20,0x72,0x65,0x74,0x75,0x72,0x6e,0x20,
    0x66,0x6c,0x6f,0x6f,0x72,0x28,0x62,0x72,0x69,0x64,0x67,0x65,0x5f,0x70,0x61,0x72,
    0x61,0x6d,0x73,0x5b,0x33,0x5d,0x2e,0x77,0x20,0x2a,0x20,0x30,0x2e,0x30,0x36,0x32,
    0x35,0x29,0x3b,0x0a,0x7d,0x0a,0x0a,0x68,0x69,0x67,0x68,0x70,0x20,0x66,0x6c,0x6f,
    0x61,0x74,0x20,0x62,0x72,0x69,0x64,0x67,0x65,0x5f,0x73,0x61,0x74,0x75,0x72,0x61,
    0x74,0x69,0x6f,0x6e,0x28,0x68,0x69,0x67,0x68,0x70,0x20,0x76,0x65,0x63,0x33,0x20,
    0x72,0x67,0x62,0x29,0x0a,0x7b,0x0a,0x20,0x20,0x20,0x20,0x68,0x69,0x67,0x68,0x70,
    0x20,0x66,0x6c,0x6f,0x61,0x74,0x20,0x5f,0x31,0x33,0x31,0x20,0x3d,0x20,0x6d,0x61,
    0x78,0x28,0x6d,0x61,0x78,0x28,0x72,0x67,0x62,0x2e,0x78,0x2c,0x20,0x72,0x67,0x62,
    0x2e,0x79,0x29,0x2c,0x20,0x72,0x67,0x62,0x2e,0x7a,0x29,0x3b,0x0a,0x20,0x20,0x20,
    0x20,0x68,0x69,0x67,0x68,0x70,0x20,0x66,0x6c,0x6f,0x61,0x74,0x20,0x5f,0x31,0x34,
    0x35,0x3b,0x0a,0x20,0x20,0x20,0x20,0x69,0x66,0x20,0x28,0x5f,0x31,0x33,0x31,0x20,
    0x3c,0x3d,0x20,0x39,0x2e,0x39,0x39,0x39,0x39,0x39,0x39,0x39,0x37,0x34,0x37,0x35,
    0x32,0x34,0x32,0x37,0x30,0x37,0x38,0x37,0x38,0x33,0x35,0x31,0x32,0x31,0x31,0x35,
    0x34,0x37,0x38,0x35,0x65,0x2d,0x30,0x37,0x29,0x0a,0x20,0x20,0x20,0x20,0x7b,0x0a,
    0x20,0x20,0x20,0x20,0x20,0x20,0x20,0x20,0x5f,0x31,0x34,0x35,0x20,0x3d,0x20,0x30,
    0x2e,0x30,0x3b,0x0a,0x20,0x20,0x20,0x20,0x7d,0x0a,0x20,0x20,0x20,0x20,0x65,0x6c,
    0x73,0x65,0x0a,0x20,0x20,0x20,0x20,0x7b,0x0a,0x20,0x20,0x20,0x20,0x20,0x20,0x20,
    0x20,0x5f,0x31,0x34,0x35,0x20,0x3d,0x20,0x28,0x5f,0x31,0x33,0x31,0x20,0x2d,0x20,
    0x6d,0x69,0x6e,0x28,0x6d,0x69,0x6e,0x28,0x72,0x67,0x62,0x2e,0x78,0x2c,0x20,0x72,
    0x67,0x62,0x2e,0x79,0x29,0x2c,0x20,0x72,0x67,0x62,0x2e,0x7a,0x29,0x29,0x20,0x2f,
    0x20,0x5f,0x31,0x33,0x31,0x3b,0x0a,0x20,0x20,0x20,0x20,0x7d,0x0a,0x20,0x20,0x20,
    0x20,0x72,0x65,0x74,0x75,0x72,0x6e,0x20,0x5f,0x31,0x34,0x35,0x3b,0x0a,0x7d,0x0a,
    0x0a,0x68,0x69,0x67,0x68,0x70,0x20,0x66,0x6c,0x6f,0x61,0x74,0x20,0x62,0x72,0x69,
    0x64,0x67,0x65,0x5f,0x6d,0x61,0x73,0x6b,0x5f,0x76,0x61,0x6c,0x75,0x65,0x28,0x68,
    0x69,0x67,0x68,0x70,0x20,0x76,0x65,0x63,0x34,0x20,0x73,0x72,0x63,0x2c,0x20,0x68,
    0x69,0x67,0x68,0x70,0x20,0x66,0x6c,0x6f,0x61,0x74,0x20,0x69,0x6e,0x74,0x65,0x6e,
    0x73,0x69,0x74,0x79,0x29,0x0a,0x7b,0x0a,0x20,0x20,0x20,0x20,0x68,0x69,0x67,0x68,
    0x70,0x20,0x66,0x6c,0x6f,0x61,0x74,0x20,0x70,0x61,0x72,0x61,0x6d,0x20,0x3d,0x20,
    0x62,0x72,0x69,0x64,0x67,0x65,0x5f,0x70,0x61,0x72,0x61,0x6d,0x73,0x5b,0x33,0x5d,
    0x2e,0x77,0x3b,0x0a,0x20,0x20,0x20,0x20,0x68,0x69,0x67,0x68,0x70,0x20,0x66,0x6c,
    0x6f,0x61,0x74,0x20,0x70,0x61,0x72,0x61,0x6d,0x5f,0x31,0x20,0x3d,0x20,0x32,0x2e,
    0x30,0x3b,0x0a,0x20,0x20,0x20,0x20,0x68,0x69,0x67,0x68,0x70,0x20,0x66,0x6c,0x6f,
    0x61,0x74,0x20,0x6d,0x6f,0x64,0x65,0x20,0x3d,0x20,0x62,0x72,0x69,0x64,0x67,0x65,
    0x5f,0x6d,0x61,0x73,0x6b,0x5f,0x73,0x6f,0x75,0x72,0x63,0x65,0x5f,0x6d,0x6f,0x64,
    0x65,0x28,0x29,0x3b,0x0a,0x20,0x20,0x20,0x20,0x69,0x66,0x20,0x28,0x62,0x72,0x69,
    0x64,0x67,0x65,0x5f,0x66,0x6c,0x61,0x67,0x28,0x70,0x61,0x72,0x61,0x6d,0x2c,0x20,
    0x70,0x61,0x72,0x61,0x6d,0x5f,0x31,0x29,0x20,0x3e,0x20,0x30,0x2e,0x35,0x29,0x0a,
    0x20,0x20,0x20,0x20,0x7b,0x0a,0x20,0x20,0x20,0x20,0x20,0x20,0x20,0x20,0x6d,0x6f,
    0x64,0x65,0x20,0x3d,0x20,0x31,0x2e,0x30,0x3b,0x0a,0x20,0x20,0x20,0x20,0x7d,0x0a,
    0x20,0x20,0x20,0x20,0x69,0x66,0x20,0x28,0x28,0x6d,0x6f,0x64,0x65,0x20,0x3e,0x20,
    0x30,0x2e,0x35,0x29,0x20,0x26,0x26,0x20,0x28,0x6d,0x6f,0x64,0x65,0x20,0x3c,0x20,
    0x31,0x2e,0x35,0x29,0x29,0x0a,0x20,0x20,0x20,0x20,0x7b,0x0a,0x20,0x20,0x20,0x20,
    0x20,0x20,0x20,0x20,0x72,0x65,0x74,0x75,0x72,0x6e,0x20,0x73,0x72,0x63,0x2e,0x77,
    0x3b,0x0a,0x20,0x20,0x20,0x20,0x7d,0x0a,0x20,0x20,0x20,0x20,0x69,0x66,0x20,0x28,
    0x28,0x6d,0x6f,0x64,0x65,0x20,0x3e,0x20,0x31,0x2e,0x35,0x29,0x20,0x26,0x26,0x20,
    0x28,0x6d,0x6f,0x64,0x65,0x20,0x3c,0x20,0x32,0x2e,0x35,0x29,0x29,0x0a,0x20,0x20,
    0x20,0x20,0x7b,0x0a,0x20,0x20,0x20,0x20,0x20,0x20,0x20,0x20,0x72,0x65,0x74,0x75,
    0x72,0x6e,0x20,0x73,0x72,0x63,0x2e,0x78,0x3b,0x0a,0x20,0x20,0x20,0x20,0x7d,0x0a,
    0x20,0x20,0x20,0x20,0x69,0x66,0x20,0x28,0x28,0x6d,0x6f,0x64,0x65,0x20,0x3e,0x20,
    0x32,0x2e,0x35,0x29,0x20,0x26,0x26,0x20,0x28,0x6d,0x6f,0x64,0x65,0x20,0x3c,0x20,
    0x33,0x2e,0x35,0x29,0x29,0x0a,0x20,0x20,0x20,0x20,0x7b,0x0a,0x20,0x20,0x20,0x20,
    0x20,0x20,0x20,0x20,0x72,0x65,0x74,0x75,0x72,0x6e,0x20,0x73,0x72,0x63,0x2e,0x79,
    0x3b,0x0a,0x20,0x20,0x20,0x20,0x7d,0x0a,0x20,0x20,0x20,0x20,0x69,0x66,0x20,0x28,
    0x28,0x6d,0x6f,0x64,0x65,0x20,0x3e,0x20,0x33,0x2e,0x35,0x29,0x20,0x26,0x26,0x20,
    0x28,0x6d,0x6f,0x64,0x65,0x20,0x3c,0x20,0x34,0x2e,0x35,0x29,0x29,0x0a,0x20,0x20,
    0x20,0x20,0x7b,0x0a,0x20,0x20,0x20,0x20,0x20,0x20,0x20,0x20,0x72,0x65,0x74,0x75,
    0x72,0x6e,0x20,0x73,0x72,0x63,0x2e,0x7a,0x3b,0x0a,0x20,0x20,0x20,0x20,0x7d,0x0a,
    0x20,0x20,0x20,0x20,0x69,0x66,0x20,0x28,0x28,0x6d,0x6f,0x64,0x65,0x20,0x3e,0x20,
    0x34,0x2e,0x35,0x29,0x20,0x26,0x26,0x20,0x28,0x6d,0x6f,0x64,0x65,0x20,0x3c,0x20,
    0x35,0x2e,0x35,0x29,0x29,0x0a,0x20,0x20,0x20,0x20,0x7b,0x0a,0x20,0x20,0x20,0x20,
    0x20,0x20,0x20,0x20,0x72,0x65,0x74,0x75,0x72,0x6e,0x20,0x6d,0x61,0x78,0x28,0x6d,
    0x61,0x78,0x28,0x73,0x72,0x63,0x2e,0x78,0x2c,0x20,0x73,0x72,0x63,0x2e,0x79,0x29,
    0x2c,0x20,0x73,0x72,0x63,0x2e,0x7a,0x29,0x3b,0x0a,0x20,0x20,0x20,0x20,0x7d,0x0a,
    0x20,0x20,0x20,0x20,0x69,0x66,0x20,0x28,0x6d,0x6f,0x64,0x65,0x20,0x3e,0x20,0x35,
    0x2e,0x35,0x29,0x0a,0x20,0x20,0x20,0x20,0x7b,0x0a,0x20,0x20,0x20,0x20,0x20,0x20,
    0x20,0x20,0x68,0x69,0x67,0x68,0x70,0x20,0x76,0x65,0x63,0x33,0x20,0x70,0x61,0x72,
    0x61,0x6d,0x5f,0x32,0x20,0x3d,0x20,0x73,0x72,0x63,0x2e,0x78,0x79,0x7a,0x3b,0x0a,
    0x20,0x20,0x20,0x20,0x20,0x20,0x20,0x20,0x72,0x65,0x74,0x75,0x72,0x6e,0x20,0x62,
    0x72,0x69,0x64,0x67,0x65,0x5f,0x73,0x61,0x74,0x75,0x72,0x61,0x74,0x69,0x6f,0x6e,
    0x28,0x70,0x61,0x72,0x61,0x6d,0x5f,0x32,0x29,0x3b,0x0a,0x20,0x20,0x20,0x20,0x7d,
    0x0a,0x20,0x20,0x20,0x20,0x72,0x65,0x74,0x75,0x72,0x6e,0x20,0x69,0x6e,0x74,0x65,
    0x6e,0x73,0x69,0x74,0x79,0x3b,0x0a,0x7d,0x0a,0x0a,0x68,0x69,0x67,0x68,0x70,0x20,
    0x66,0x6c,0x6f,0x61,0x74,0x20,0x62,0x72,0x69,0x64,0x67,0x65,0x5f,0x6d,0x61,0x73,
    0x6b,0x5f,0x67,0x61,0x6d,0x6d,0x61,0x28,0x29,0x0a,0x7b,0x0a,0x20,0x20,0x20,0x20,
    0x72,0x65,0x74,0x75,0x72,0x6e,0x20,0x6d,0x61,0x78,0x28,0x62,0x72,0x69,0x64,0x67,
    0x65,0x5f,0x70,0x61,0x72,0x61,0x6d,0x73,0x5b,0x32,0x5d,0x2e,0x77,0x2c,0x20,0x39,
    0x2e,0x39,0x39,0x39,0x39,0x39,0x39,0x37,0x34,0x37,0x33,0x37,0x38,0x37,0x35,0x31,
    0x36,0x33,0x35,0x35,0x35,0x31,0x34,0x35,0x32,0x36,0x33,0x36,0x37,0x31,0x38,0x38,
    0x65,0x2d,0x30,0x35,0x29,0x3b,0x0a,0x7d,0x0a,0x0a,0x68,0x69,0x67,0x68,0x70,0x20,
    0x66,0x6c,0x6f,0x61,0x74,0x20,0x62,0x72,0x69,0x64,0x67,0x65,0x5f,0x73,0x6f,0x66,
    0x74,0x5f,0x6d,0x61,0x73,0x6b,0x28,0x68,0x69,0x67,0x68,0x70,0x20,0x66,0x6c,0x6f,
    0x61,0x74,0x20,0x76,0x61,0x6c,0x75,0x65,0x29,0x0a,0x7b,0x0a,0x20,0x20,0x20,0x20,
    0x68,0x69,0x67,0x68,0x70,0x20,0x66,0x6c,0x6f,0x61,0x74,0x20,0x5f,0x32,0x35,0x34,
    0x20,0x3d,0x20,0x6d,0x61,0x78,0x28,0x62,0x72,0x69,0x64,0x67,0x65,0x5f,0x70,0x61,
    0x72,0x61,0x6d,0x73,0x5b,0x32,0x5d,0x2e,0x7a,0x2c,0x20,0x30,0x2e,0x30,0x29,0x3b,
    0x0a,0x20,0x20,0x20,0x20,0x68,0x69,0x67,0x68,0x70,0x20,0x66,0x6c,0x6f,0x61,0x74,
    0x20,0x5f,0x32,0x35,0x39,0x3b,0x0a,0x20,0x20,0x20,0x20,0x69,0x66,0x20,0x28,0x5f,
    0x32,0x35,0x34,0x20,0x3c,0x3d,0x20,0x39,0x2e,0x39,0x39,0x39,0x39,0x39,0x39,0x37,
    0x34,0x37,0x33,0x37,0x38,0x37,0x35,0x31,0x36,0x33,0x35,0x35,0x35,0x31,0x34,0x35,
    0x32,0x36,0x33,0x36,0x37,0x31,0x38,0x38,0x65,0x2d,0x30,0x36,0x29,0x0a,0x20,0x20,
    0x20,0x20,0x7b,0x0a,0x20,0x20,0x20,0x20,0x20,0x20,0x20,0x20,0x5f,0x32,0x35,0x39,
    0x20,0x3d,0x20,0x73,0x74,0x65,0x70,0x28,0x62,0x72,0x69,0x64,0x67,0x65,0x5f,0x70,
    0x61,0x72,0x61,0x6d,0x73,0x5b,0x33,0x5d,0x2e,0x79,0x2c,0x20,0x76,0x61,0x6c,0x75,
    0x65,0x29,0x3b,0x0a,0x20,0x20,0x20,0x20,0x7d,0x0a,0x20,0x20,0x20,0x20,0x65,0x6c,
    0x73,0x65,0x0a,0x20,0x20,0x20,0x20,0x7b,0x0a,0x20,0x20,0x20,0x20,0x20,0x20,0x20,
    0x20,0x68,0x69,0x67,0x68,0x70,0x20,0x66,0x6c,0x6f,0x61,0x74,0x20,0x5f,0x32,0x37,
    0x30,0x20,0x3d,0x20,0x5f,0x32,0x35,0x34,0x20,0x2a,0x20,0x30,0x2e,0x35,0x3b,0x0a,
    0x20,0x20,0x20,0x20,0x20,0x20,0x20,0x20,0x5f,0x32,0x35,0x39,0x20,0x3d,0x20,0x73,
    0x6d,0x6f,0x6f,0x74,0x68,0x73,0x74,0x65,0x70,0x28,0x62,0x72,0x69,0x64,0x67,0x65,
    0x5f,0x70,0x61,0x72,0x61,0x6d,0x73,0x5b,0x33,0x5d,0x2e,0x79,0x20,0x2d,0x20,0x5f,
    0x32,0x37,0x30,0x2c,0x20,0x62,0x72,0x69,0x64,0x67,0x65,0x5f,0x70,0x61,0x72,0x61,
    0x6d,0x73,0x5b,0x33,0x5d,0x2e,0x79,0x20,0x2b,0x20,0x5f,0x32,0x37,0x30,0x2c,0x20,
    0x76,0x61,0x6c,0x75,0x65,0x29,0x3b,0x0a,0x20,0x20,0x20,0x20,0x7d,0x0a,0x20,0x20,
    0x20,0x20,0x72,0x65,0x74,0x75,0x72,0x6e,0x20,0x70,0x6f,0x77,0x28,0x63,0x6c,0x61,
    0x6d,0x70,0x28,0x5f,0x32,0x35,0x39,0x2c,0x20,0x30,0x2e,0x30,0x2c,0x20,0x31,0x2e,
    0x30,0x29,0x2c,0x20,0x31,0x2e,0x30,0x20,0x2f,0x20,0x62,0x72,0x69,0x64,0x67,0x65,
    0x5f,0x6d,0x61,0x73,0x6b,0x5f,0x67,0x61,0x6d,0x6d,0x61,0x28,0x29,0x29,0x3b,0x0a,
    0x7d,0x0a,0x0a,0x76,0x6f,0x69,0x64,0x20,0x6d,0x61,0x69,0x6e,0x28,0x29,0x0a,0x7b,
    0x0a,0x20,0x20,0x20,0x20,0x68,0x69,0x67,0x68,0x70,0x20,0x76,0x65,0x63,0x32,0x20,
    0x70,0x61,0x72,0x61,0x6d,0x20,0x3d,0x20,0x75,0x76,0x3b,0x0a,0x20,0x20,0x20,0x20,
    0x68,0x69,0x67,0x68,0x70,0x20,0x76,0x65,0x63,0x34,0x20,0x5f,0x33,0x30,0x33,0x20,
    0x3d,0x20,0x74,0x65,0x78,0x74,0x75,0x72,0x65,0x28,0x62,0x72,0x69,0x64,0x67,0x65,
    0x49,0x6e,0x70,0x75,0x74,0x54,0x65,0x78,0x5f,0x62,0x72,0x69,0x64,0x67,0x65,0x49,
    0x6e,0x70,0x75,0x74,0x53,0x6d,0x70,0x2c,0x20,0x62,0x72,0x69,0x64,0x67,0x65,0x5f,
    0x73,0x61,0x6d,0x70,0x6c,0x65,0x5f,0x75,0x76,0x28,0x70,0x61,0x72,0x61,0x6d,0x29,
    0x29,0x3b,0x0a,0x20,0x20,0x20,0x20,0x68,0x69,0x67,0x68,0x70,0x20,0x76,0x65,0x63,
    0x34,0x20,0x70,0x61,0x72,0x61,0x6d,0x5f,0x31,0x20,0x3d,0x20,0x5f,0x33,0x30,0x33,
    0x3b,0x0a,0x20,0x20,0x20,0x20,0x68,0x69,0x67,0x68,0x70,0x20,0x66,0x6c,0x6f,0x61,
    0x74,0x20,0x5f,0x33,0x30,0x37,0x20,0x3d,0x20,0x62,0x72,0x69,0x64,0x67,0x65,0x5f,
    0x6c,0x75,0x6d,0x69,0x6e,0x61,0x6e,0x63,0x65,0x28,0x70,0x61,0x72,0x61,0x6d,0x5f,
    0x31,0x29,0x3b,0x0a,0x20,0x20,0x20,0x20,0x68,0x69,0x67,0x68,0x70,0x20,0x76,0x65,
    0x63,0x34,0x20,0x70,0x61,0x72,0x61,0x6d,0x5f,0x32,0x20,0x3d,0x20,0x5f,0x33,0x30,
    0x33,0x3b,0x0a,0x20,0x20,0x20,0x20,0x68,0x69,0x67,0x68,0x70,0x20,0x66,0x6c,0x6f,
    0x61,0x74,0x20,0x70,0x61,0x72,0x61,0x6d,0x5f,0x33,0x20,0x3d,0x20,0x5f,0x33,0x30,
    0x37,0x3b,0x0a,0x20,0x20,0x20,0x20,0x68,0x69,0x67,0x68,0x70,0x20,0x66,0x6c,0x6f,
    0x61,0x74,0x20,0x70,0x61,0x72,0x61,0x6d,0x5f,0x34,0x20,0x3d,0x20,0x62,0x72,0x69,
    0x64,0x67,0x65,0x5f,0x6d,0x61,0x73,0x6b,0x5f,0x76,0x61,0x6c,0x75,0x65,0x28,0x70,
    0x61,0x72,0x61,0x6d,0x5f,0x32,0x2c,0x20,0x70,0x61,0x72,0x61,0x6d,0x5f,0x33,0x29,
    0x3b,0x0a,0x20,0x20,0x20,0x20,0x66,0x72,0x61,0x67,0x5f,0x63,0x6f,0x6c,0x6f,0x72,
    0x20,0x3d,0x20,0x76,0x65,0x63,0x34,0x28,0x28,0x6d,0x61,0x78,0x28,0x5f,0x33,0x30,
    0x37,0x20,0x2d,0x20,0x62,0x72,0x69,0x64,0x67,0x65,0x5f,0x70,0x61,0x72,0x61,0x6d,
    0x73,0x5b,0x33,0x5d,0x2e,0x79,0x2c,0x20,0x30,0x2e,0x30,0x29,0x20,0x2a,0x20,0x62,
    0x72,0x69,0x64,0x67,0x65,0x5f,0x70,0x61,0x72,0x61,0x6d,0x73,0x5b,0x33,0x5d,0x2e,
    0x78,0x29,0x20,0x2a,0x20,0x62,0x72,0x69,0x64,0x67,0x65,0x5f,0x73,0x6f,0x66,0x74,
    0x5f,0x6d,0x61,0x73,0x6b,0x28,0x70,0x61,0x72,0x61,0x6d,0x5f,0x34,0x29,0x29,0x20,
    0x2a,0x20,0x62,0x72,0x69,0x64,0x67,0x65,0x5f,0x70,0x61,0x72,0x61,0x6d,0x73,0x5b,
    0x30,0x5d,0x3b,0x0a,0x7d,0x0a,0x0a,0x00,
};
/*
    static float4 gl_Position;
    static float2 position;
    static float2 uv;
    static float2 texcoord0;

    struct SPIRV_Cross_Input
    {
        float2 position : TEXCOORD0;
        float2 texcoord0 : TEXCOORD1;
    };

    struct SPIRV_Cross_Output
    {
        float2 uv : TEXCOORD0;
        float4 gl_Position : SV_Position;
    };

    void vert_main()
    {
        gl_Position = float4(position, 0.0f, 1.0f);
        uv = texcoord0;
    }

    SPIRV_Cross_Output main(SPIRV_Cross_Input stage_input)
    {
        position = stage_input.position;
        texcoord0 = stage_input.texcoord0;
        vert_main();
        SPIRV_Cross_Output stage_output;
        stage_output.gl_Position = gl_Position;
        stage_output.uv = uv;
        return stage_output;
    }
*/
static const uint8_t bridge_vs_source_hlsl5[665] = {
    0x73,0x74,0x61,0x74,0x69,0x63,0x20,0x66,0x6c,0x6f,0x61,0x74,0x34,0x20,0x67,0x6c,
    0x5f,0x50,0x6f,0x73,0x69,0x74,0x69,0x6f,0x6e,0x3b,0x0a,0x73,0x74,0x61,0x74,0x69,
    0x63,0x20,0x66,0x6c,0x6f,0x61,0x74,0x32,0x20,0x70,0x6f,0x73,0x69,0x74,0x69,0x6f,
    0x6e,0x3b,0x0a,0x73,0x74,0x61,0x74,0x69,0x63,0x20,0x66,0x6c,0x6f,0x61,0x74,0x32,
    0x20,0x75,0x76,0x3b,0x0a,0x73,0x74,0x61,0x74,0x69,0x63,0x20,0x66,0x6c,0x6f,0x61,
    0x74,0x32,0x20,0x74,0x65,0x78,0x63,0x6f,0x6f,0x72,0x64,0x30,0x3b,0x0a,0x0a,0x73,
    0x74,0x72,0x75,0x63,0x74,0x20,0x53,0x50,0x49,0x52,0x56,0x5f,0x43,0x72,0x6f,0x73,
    0x73,0x5f,0x49,0x6e,0x70,0x75,0x74,0x0a,0x7b,0x0a,0x20,0x20,0x20,0x20,0x66,0x6c,
    0x6f,0x61,0x74,0x32,0x20,0x70,0x6f,0x73,0x69,0x74,0x69,0x6f,0x6e,0x20,0x3a,0x20,
    0x54,0x45,0x58,0x43,0x4f,0x4f,0x52,0x44,0x30,0x3b,0x0a,0x20,0x20,0x20,0x20,0x66,
    0x6c,0x6f,0x61,0x74,0x32,0x20,0x74,0x65,0x78,0x63,0x6f,0x6f,0x72,0x64,0x30,0x20,
    0x3a,0x20,0x54,0x45,0x58,0x43,0x4f,0x4f,0x52,0x44,0x31,0x3b,0x0a,0x7d,0x3b,0x0a,
    0x0a,0x73,0x74,0x72,0x75,0x63,0x74,0x20,0x53,0x50,0x49,0x52,0x56,0x5f,0x43,0x72,
    0x6f,0x73,0x73,0x5f,0x4f,0x75,0x74,0x70,0x75,0x74,0x0a,0x7b,0x0a,0x20,0x20,0x20,
    0x20,0x66,0x6c,0x6f,0x61,0x74,0x32,0x20,0x75,0x76,0x20,0x3a,0x20,0x54,0x45,0x58,
    0x43,0x4f,0x4f,0x52,0x44,0x30,0x3b,0x0a,0x20,0x20,0x20,0x20,0x66,0x6c,0x6f,0x61,
    0x74,0x34,0x20,0x67,0x6c,0x5f,0x50,0x6f,0x73,0x69,0x74,0x69,0x6f,0x6e,0x20,0x3a,
    0x20,0x53,0x56,0x5f,0x50,0x6f,0x73,0x69,0x74,0x69,0x6f,0x6e,0x3b,0x0a,0x7d,0x3b,
    0x0a,0x0a,0x76,0x6f,0x69,0x64,0x20,0x76,0x65,0x72,0x74,0x5f,0x6d,0x61,0x69,0x6e,
    0x28,0x29,0x0a,0x7b,0x0a,0x20,0x20,0x20,0x20,0x67,0x6c,0x5f,0x50,0x6f,0x73,0x69,
    0x74,0x69,0x6f,0x6e,0x20,0x3d,0x20,0x66,0x6c,0x6f,0x61,0x74,0x34,0x28,0x70,0x6f,
    0x73,0x69,0x74,0x69,0x6f,0x6e,0x2c,0x20,0x30,0x2e,0x30,0x66,0x2c,0x20,0x31,0x2e,
    0x30,0x66,0x29,0x3b,0x0a,0x20,0x20,0x20,0x20,0x75,0x76,0x20,0x3d,0x20,0x74,0x65,
    0x78,0x63,0x6f,0x6f,0x72,0x64,0x30,0x3b,0x0a,0x7d,0x0a,0x0a,0x53,0x50,0x49,0x52,
    0x56,0x5f,0x43,0x72,0x6f,0x73,0x73,0x5f,0x4f,0x75,0x74,0x70,0x75,0x74,0x20,0x6d,
    0x61,0x69,0x6e,0x28,0x53,0x50,0x49,0x52,0x56,0x5f,0x43,0x72,0x6f,0x73,0x73,0x5f,
    0x49,0x6e,0x70,0x75,0x74,0x20,0x73,0x74,0x61,0x67,0x65,0x5f,0x69,0x6e,0x70,0x75,
    0x74,0x29,0x0a,0x7b,0x0a,0x20,0x20,0x20,0x20,0x70,0x6f,0x73,0x69,0x74,0x69,0x6f,
    0x6e,0x20,0x3d,0x20,0x73,0x74,0x61,0x67,0x65,0x5f,0x69,0x6e,0x70,0x75,0x74,0x2e,
    0x70,0x6f,0x73,0x69,0x74,0x69,0x6f,0x6e,0x3b,0x0a,0x20,0x20,0x20,0x20,0x74,0x65,
    0x78,0x63,0x6f,0x6f,0x72,0x64,0x30,0x20,0x3d,0x20,0x73,0x74,0x61,0x67,0x65,0x5f,
    0x69,0x6e,0x70,0x75,0x74,0x2e,0x74,0x65,0x78,0x63,0x6f,0x6f,0x72,0x64,0x30,0x3b,
    0x0a,0x20,0x20,0x20,0x20,0x76,0x65,0x72,0x74,0x5f,0x6d,0x61,0x69,0x6e,0x28,0x29,
    0x3b,0x0a,0x20,0x20,0x20,0x20,0x53,0x50,0x49,0x52,0x56,0x5f,0x43,0x72,0x6f,0x73,
    0x73,0x5f,0x4f,0x75,0x74,0x70,0x75,0x74,0x20,0x73,0x74,0x61,0x67,0x65,0x5f,0x6f,
    0x75,0x74,0x70,0x75,0x74,0x3b,0x0a,0x20,0x20,0x20,0x20,0x73,0x74,0x61,0x67,0x65,
    0x5f,0x6f,0x75,0x74,0x70,0x75,0x74,0x2e,0x67,0x6c,0x5f,0x50,0x6f,0x73,0x69,0x74,
    0x69,0x6f,0x6e,0x20,0x3d,0x20,0x67,0x6c,0x5f,0x50,0x6f,0x73,0x69,0x74,0x69,0x6f,
    0x6e,0x3b,0x0a,0x20,0x20,0x20,0x20,0x73,0x74,0x61,0x67,0x65,0x5f,0x6f,0x75,0x74,
    0x70,0x75,0x74,0x2e,0x75,0x76,0x20,0x3d,0x20,0x75,0x76,0x3b,0x0a,0x20,0x20,0x20,
    0x20,0x72,0x65,0x74,0x75,0x72,0x6e,0x20,0x73,0x74,0x61,0x67,0x65,0x5f,0x6f,0x75,
    0x74,0x70,0x75,0x74,0x3b,0x0a,0x7d,0x0a,0x00,
};
/*
    cbuffer bridge_params : register(b0)
    {
        float4 _57_color : packoffset(c0);
        float4 _57_resolution : packoffset(c1);
        float4 _57_texel : packoffset(c2);
        float4 _57_options : packoffset(c3);
    };

    Texture2D<float4> bridgeInputTex : register(t0);
    SamplerState bridgeInputSmp : register(s0);

    static float2 uv;
    static float4 frag_color;

    struct SPIRV_Cross_Input
    {
        float2 uv : TEXCOORD0;
    };

    struct SPIRV_Cross_Output
    {
        float4 frag_color : SV_Target0;
    };

    float mod(float x, float y)
    {
        return x - y * floor(x / y);
    }

    float2 mod(float2 x, float2 y)
    {
        return x - y * floor(x / y);
    }

    float3 mod(float3 x, float3 y)
    {
        return x - y * floor(x / y);
    }

    float4 mod(float4 x, float4 y)
    {
        return x - y * floor(x / y);
    }

    float bridge_flag(float _packed, float flag)
    {
        return floor(mod(floor(_packed / flag), 2.0f));
    }

    float2 bridge_sample_uv(float2 p)
    {
        float param = _57_options.w;
        float param_1 = 4.0f;
        float param_2 = _57_options.w;
        float param_3 = 8.0f;
        return float2(lerp(p.x, 1.0f - p.x, bridge_flag(param, param_1)), lerp(p.y, 1.0f - p.y, bridge_flag(param_2, param_3)));
    }

    float bridge_luminance(float4 src)
    {
        float _103 = dot(src.xyz, float3(0.2125999927520751953125f, 0.715200006961822509765625f, 0.072200000286102294921875f));
        float param = _57_options.w;
        float param_1 = 1.0f;
        return lerp(_103, 1.0f - _103, bridge_flag(param, param_1));
    }

    float bridge_mask_source_mode()
    {
        return floor(_57_options.w * 0.0625f);
    }

    float bridge_saturation(float3 rgb)
    {
        float _131 = max(max(rgb.x, rgb.y), rgb.z);
        float _145;
        if (_131 <= 9.9999999747524270787835121154785e-07f)
        {
            _145 = 0.0f;
        }
        else
        {
            _145 = (_131 - min(min(rgb.x, rgb.y), rgb.z)) / _131;
        }
        return _145;
    }

    float bridge_mask_value(float4 src, float intensity)
    {
        float param = _57_options.w;
        float param_1 = 2.0f;
        float mode = bridge_mask_source_mode();
        if (bridge_flag(param, param_1) > 0.5f)
        {
            mode = 1.0f;
        }
        if ((mode > 0.5f) && (mode < 1.5f))
        {
            return src.w;
        }
        if ((mode > 1.5f) && (mode < 2.5f))
        {
            return src.x;
        }
        if ((mode > 2.5f) && (mode < 3.5f))
        {
            return src.y;
        }
        if ((mode > 3.5f) && (mode < 4.5f))
        {
            return src.z;
        }
        if ((mode > 4.5f) && (mode < 5.5f))
        {
            return max(max(src.x, src.y), src.z);
        }
        if (mode > 5.5f)
        {
            float3 param_2 = src.xyz;
            return bridge_saturation(param_2);
        }
        return intensity;
    }

    float bridge_mask_gamma()
    {
        return max(_57_texel.w, 9.9999997473787516355514526367188e-05f);
    }

    float bridge_soft_mask(float value)
    {
        float _254 = max(_57_texel.z, 0.0f);
        float _259;
        if (_254 <= 9.9999997473787516355514526367188e-06f)
        {
            _259 = step(_57_options.y, value);
        }
        else
        {
            float _270 = _254 * 0.5f;
            _259 = smoothstep(_57_options.y - _270, _57_options.y + _270, value);
        }
        return pow(clamp(_259, 0.0f, 1.0f), 1.0f / bridge_mask_gamma());
    }

    void frag_main()
    {
        float2 param = uv;
        float4 _303 = bridgeInputTex.Sample(bridgeInputSmp, bridge_sample_uv(param));
        float4 param_1 = _303;
        float _307 = bridge_luminance(param_1);
        float4 param_2 = _303;
        float param_3 = _307;
        float param_4 = bridge_mask_value(param_2, param_3);
        float _315 = bridge_soft_mask(param_4);
        float _323 = (_307 * _315) * _57_options.x;
        frag_color = float4(_323, _323, _323, _303.w * _315) * _57_color;
    }

    SPIRV_Cross_Output main(SPIRV_Cross_Input stage_input)
    {
        uv = stage_input.uv;
        frag_main();
        SPIRV_Cross_Output stage_output;
        stage_output.frag_color = frag_color;
        return stage_output;
    }
*/
static const uint8_t fs_bridge_luminance_mask_source_hlsl5[3743] = {
    0x63,0x62,0x75,0x66,0x66,0x65,0x72,0x20,0x62,0x72,0x69,0x64,0x67,0x65,0x5f,0x70,
    0x61,0x72,0x61,0x6d,0x73,0x20,0x3a,0x20,0x72,0x65,0x67,0x69,0x73,0x74,0x65,0x72,
    0x28,0x62,0x30,0x29,0x0a,0x7b,0x0a,0x20,0x20,0x20,0x20,0x66,0x6c,0x6f,0x61,0x74,
    0x34,0x20,0x5f,0x35,0x37,0x5f,0x63,0x6f,0x6c,0x6f,0x72,0x20,0x3a,0x20,0x70,0x61,
    0x63,0x6b,0x6f,0x66,0x66,0x73,0x65,0x74,0x28,0x63,0x30,0x29,0x3b,0x0a,0x20,0x20,
    0x20,0x20,0x66,0x6c,0x6f,0x61,0x74,0x34,0x20,0x5f,0x35,0x37,0x5f,0x72,0x65,0x73,
    0x6f,0x6c,0x75,0x74,0x69,0x6f,0x6e,0x20,0x3a,0x20,0x70,0x61,0x63,0x6b,0x6f,0x66,
    0x66,0x73,0x65,0x74,0x28,0x63,0x31,0x29,0x3b,0x0a,0x20,0x20,0x20,0x20,0x66,0x6c,
    0x6f,0x61,0x74,0x34,0x20,0x5f,0x35,0x37,0x5f,0x74,0x65,0x78,0x65,0x6c,0x20,0x3a,
    0x20,0x70,0x61,0x63,0x6b,0x6f,0x66,0x66,0x73,0x65,0x74,0x28,0x63,0x32,0x29,0x3b,
    0x0a,0x20,0x20,0x20,0x20,0x66,0x6c,0x6f,0x61,0x74,0x34,0x20,0x5f,0x35,0x37,0x5f,
    0x6f,0x70,0x74,0x69,0x6f,0x6e,0x73,0x20,0x3a,0x20,0x70,0x61,0x63,0x6b,0x6f,0x66,
    0x66,0x73,0x65,0x74,0x28,0x63,0x33,0x29,0x3b,0x0a,0x7d,0x3b,0x0a,0x0a,0x54,0x65,
    0x78,0x74,0x75,0x72,0x65,0x32,0x44,0x3c,0x66,0x6c,0x6f,0x61,0x74,0x34,0x3e,0x20,
    0x62,0x72,0x69,0x64,0x67,0x65,0x49,0x6e,0x70,0x75,0x74,0x54,0x65,0x78,0x20,0x3a,
    0x20,0x72,0x65,0x67,0x69,0x73,0x74,0x65,0x72,0x28,0x74,0x30,0x29,0x3b,0x0a,0x53,
    0x61,0x6d,0x70,0x6c,0x65,0x72,0x53,0x74,0x61,0x74,0x65,0x20,0x62,0x72,0x69,0x64,
    0x67,0x65,0x49,0x6e,0x70,0x75,0x74,0x53,0x6d,0x70,0x20,0x3a,0x20,0x72,0x65,0x67,
    0x69,0x73,0x74,0x65,0x72,0x28,0x73,0x30,0x29,0x3b,0x0a,0x0a,0x73,0x74,0x61,0x74,
    0x69,0x63,0x20,0x66,0x6c,0x6f,0x61,0x74,0x32,0x20,0x75,0x76,0x3b,0x0a,0x73,0x74,
    0x61,0x74,0x69,0x63,0x20,0x66,0x6c,0x6f,0x61,0x74,0x34,0x20,0x66,0x72,0x61,0x67,
    0x5f,0x63,0x6f,0x6c,0x6f,0x72,0x3b,0x0a,0x0a,0x73,0x74,0x72,0x75,0x63,0x74,0x20,
    0x53,0x50,0x49,0x52,0x56,0x5f,0x43,0x72,0x6f,0x73,0x73,0x5f,0x49,0x6e,0x70,0x75,
    0x74,0x0a,0x7b,0x0a,0x20,0x20,0x20,0x20,0x66,0x6c,0x6f,0x61,0x74,0x32,0x20,0x75,
    0x76,0x20,0x3a,0x20,0x54,0x45,0x58,0x43,0x4f,0x4f,0x52,0x44,0x30,0x3b,0x0a,0x7d,
    0x3b,0x0a,0x0a,0x73,0x74,0x72,0x75,0x63,0x74,0x20,0x53,0x50,0x49,0x52,0x56,0x5f,
    0x43,0x72,0x6f,0x73,0x73,0x5f,0x4f,0x75,0x74,0x70,0x75,0x74,0x0a,0x7b,0x0a,0x20,
    0x20,0x20,0x20,0x66,0x6c,0x6f,0x61,0x74,0x34,0x20,0x66,0x72,0x61,0x67,0x5f,0x63,
    0x6f,0x6c,0x6f,0x72,0x20,0x3a,0x20,0x53,0x56,0x5f,0x54,0x61,0x72,0x67,0x65,0x74,
    0x30,0x3b,0x0a,0x7d,0x3b,0x0a,0x0a,0x66,0x6c,0x6f,0x61,0x74,0x20,0x6d,0x6f,0x64,
    0x28,0x66,0x6c,0x6f,0x61,0x74,0x20,0x78,0x2c,0x20,0x66,0x6c,0x6f,0x61,0x74,0x20,
    0x79,0x29,0x0a,0x7b,0x0a,0x20,0x20,0x20,0x20,0x72,0x65,0x74,0x75,0x72,0x6e,0x20,
    0x78,0x20,0x2d,0x20,0x79,0x20,0x2a,0x20,0x66,0x6c,0x6f,0x6f,0x72,0x28,0x78,0x20,
    0x2f,0x20,0x79,0x29,0x3b,0x0a,0x7d,0x0a,0x0a,0x66,0x6c,0x6f,0x61,0x74,0x32,0x20,
    0x6d,0x6f,0x64,0x28,0x66,0x6c,0x6f,0x61,0x74,0x32,0x20,0x78,0x2c,0x20,0x66,0x6c,
    0x6f,0x61,0x74,0x32,0x20,0x79,0x29,0x0a,0x7b,0x0a,0x20,0x20,0x20,0x20,0x72,0x65,
    0x74,0x75,0x72,0x6e,0x20,0x78,0x20,0x2d,0x20,0x79,0x20,0x2a,0x20,0x66,0x6c,0x6f,
    0x6f,0x72,0x28,0x78,0x20,0x2f,0x20,0x79,0x29,0x3b,0x0a,0x7d,0x0a,0x0a,0x66,0x6c,
    0x6f,0x61,0x74,0x33,0x20,0x6d,0x6f,0x64,0x28,0x66,0x6c,0x6f,0x61,0x74,0x33,0x20,
    0x78,0x2c,0x20,0x66,0x6c,0x6f,0x61,0x74,0x33,0x20,0x79,0x29,0x0a,0x7b,0x0a,0x20,
    0x20,0x20,0x20,0x72,0x65,0x74,0x75,0x72,0x6e,0x20,0x78,0x20,0x2d,0x20,0x79,0x20,
    0x2a,0x20,0x66,0x6c,0x6f,0x6f,0x72,0x28,0x78,0x20,0x2f,0x20,0x79,0x29,0x3b,0x0a,
    0x7d,0x0a,0x0a,0x66,0x6c,0x6f,0x61,0x74,0x34,0x20,0x6d,0x6f,0x64,0x28,0x66,0x6c,
    0x6f,0x61,0x74,0x34,0x20,0x78,0x2c,0x20,0x66,0x6c,0x6f,0x61,0x74,0x34,0x20,0x79,
    0x29,0x0a,0x7b,0x0a,0x20,0x20,0x20,0x20,0x72,0x65,0x74,0x75,0x72,0x6e,0x20,0x78,
    0x20,0x2d,0x20,0x79,0x20,0x2a,0x20,0x66,0x6c,0x6f,0x6f,0x72,0x28,0x78,0x20,0x2f,
    0x20,0x79,0x29,0x3b,0x0a,0x7d,0x0a,0x0a,0x66,0x6c,0x6f,0x61,0x74,0x20,0x62,0x72,
    0x69,0x64,0x67,0x65,0x5f,0x66,0x6c,0x61,0x67,0x28,0x66,0x6c,0x6f,0x61,0x74,0x20,
    0x5f,0x70,0x61,0x63,0x6b,0x65,0x64,0x2c,0x20,0x66,0x6c,0x6f,0x61,0x74,0x20,0x66,
    0x6c,0x61,0x67,0x29,0x0a,0x7b,0x0a,0x20,0x20,0x20,0x20,0x72,0x65,0x74,0x75,0x72,
    0x6e,0x20,0x66,0x6c,0x6f,0x6f,0x72,0x28,0x6d,0x6f,0x64,0x28,0x66,0x6c,0x6f,0x6f,
    0x72,0x28,0x5f,0x70,0x61,0x63,0x6b,0x65,0x64,0x20,0x2f,0x20,0x66,0x6c,0x61,0x67,
    0x29,0x2c,0x20,0x32,0x2e,0x30,0x66,0x29,0x29,0x3b,0x0a,0x7d,0x0a,0x0a,0x66,0x6c,
    0x6f,0x61,0x74,0x32,0x20,0x62,0x72,0x69,0x64,0x67,0x65,0x5f,0x73,0x61,0x6d,0x70,
    0x6c,0x65,0x5f,0x75,0x76,0x28,0x66,0x6c,0x6f,0x61,0x74,0x32,0x20,0x70,0x29,0x0a,
    0x7b,0x0a,0x20,0x20,0x20,0x20,0x66,0x6c,0x6f,0x61,0x74,0x20,0x70,0x61,0x72,0x61,
    0x6d,0x20,0x3d,0x20,0x5f,0x35,0x37,0x5f,0x6f,0x70,0x74,0x69,0x6f,0x6e,0x73,0x2e,
    0x77,0x3b,0x0a,0x20,0x20,0x20,0x20,0x66,0x6c,0x6f,0x61,0x74,0x20,0x70,0x61,0x72,
    0x61,0x6d,0x5f,0x31,0x20,0x3d,0x20,0x34,0x2e,0x30,0x66,0x3b,0x0a,0x20,0x20,0x20,
    0x20,0x66,0x6c,0x6f,0x61,0x74,0x20,0x70,0x61,0x72,0x61,0x6d,0x5f,0x32,0x20,0x3d,
    0x20,0x5f,0x35,0x37,0x5f,0x6f,0x70,0x74,0x69,0x6f,0x6e,0x73,0x2e,0x77,0x3b,0x0a,
    0x20,0x20,0x20,0x20,0x66,0x6c,0x6f,0x61,0x74,0x20,0x70,0x61,0x72,0x61,0x6d,0x5f,
    0x33,0x20,0x3d,0x20,0x38,0x2e,0x30,0x66,0x3b,0x0a,0x20,0x20,0x20,0x20,0x72,0x65,
    0x74,0x75,0x72,0x6e,0x20,0x66,0x6c,0x6f,0x61,0x74,0x32,0x28,0x6c,0x65,0x72,0x70,
    0x28,0x70,0x2e,0x78,0x2c,0x20,0x31,0x2e,0x30,0x66,0x20,0x2d,0x20,0x70,0x2e,0x78,
    0x2c,0x20,0x62,0x72,0x69,0x64,0x67,0x65,0x5f,0x66,0x6c,0x61,0x67,0x28,0x70,0x61,
    0x72,0x61,0x6d,0x2c,0x20,0x70,0x61,0x72,0x61,0x6d,0x5f,0x31,0x29,0x29,0x2c,0x20,
    0x6c,0x65,0x72,0x70,0x28,0x70,0x2e,0x79,0x2c,0x20,0x31,0x2e,0x30,0x66,0x20,0x2d,
    0x20,0x70,0x2e,0x79,0x2c,0x20,0x62,0x72,0x69,0x64,0x67,0x65,0x5f,0x66,0x6c,0x61,
    0x67,0x28,0x70,0x61,0x72,0x61,0x6d,0x5f,0x32,0x2c,0x20,0x70,0x61,0x72,0x61,0x6d,
    0x5f,0x33,0x29,0x29,0x29,0x3b,0x0a,0x7d,0x0a,0x0a,0x66,0x6c,0x6f,0x61,0x74,0x20,
    0x62,0x72,0x69,0x64,0x67,0x65,0x5f,0x6c,0x75,0x6d,0x69,0x6e,0x61,0x6e,0x63,0x65,
    0x28,0x66,0x6c,0x6f,0x61,0x74,0x34,0x20,0x73,0x72,0x63,0x29,0x0a,0x7b,0x0a,0x20,
    0x20,0x20,0x20,0x66,0x6c,0x6f,0x61,0x74,0x20,0x5f,0x31,0x30,0x33,0x20,0x3d,0x20,
    0x64,0x6f,0x74,0x28,0x73,0x72,0x63,0x2e,0x78,0x79,0x7a,0x2c,0x20,0x66,0x6c,0x6f,
    0x61,0x74,0x33,0x28,0x30,0x2e,0x32,0x31,0x32,0x35,0x39,0x39,0x39,0x39,0x32,0x37,
    0x35,0x32,0x30,0x37,0x35,0x31,0x39,0x35,0x33,0x31,0x32,0x35,0x66,0x2c,0x20,0x30,
    0x2e,0x37,0x31,0x35,0x32,0x30,0x30,0x30,0x30,0x36,0x39,0x36,0x31,0x38,0x32,0x32,
    0x35,0x30,0x39,0x37,0x36,0x35,0x36,0x32,0x35,0x66,0x2c,0x20,0x30,0x2e,0x30,0x37,
    0x32,0x32,0x30,0x30,0x30,0x30,0x30,0x32,0x38,0x36,0x31,0x30,0x32,0x32,0x39,0x34,
    0x39,0x32,0x31,0x38,0x37,0x35,0x66,0x29,0x29,0x3b,0x0a,0x20,0x20,0x20,0x20,0x66,
    0x6c,0x6f,0x61,0x74,0x20,0x70,0x61,0x72,0x61,0x6d,0x20,0x3d,0x20,0x5f,0x35,0x37,
    0x5f,0x6f,0x70,0x74,0x69,0x6f,0x6e,0x73,0x2e,0x77,0x3b,0x0a,0x20,0x20,0x20,0x20,
    0x66,0x6c,0x6f,0x61,0x74,0x20,0x70,0x61,0x72,0x61,0x6d,0x5f,0x31,0x20,0x3d,0x20,
    0x31,0x2e,0x30,0x66,0x3b,0x0a,0x20,0x20,0x20,0x20,0x72,0x65,0x74,0x75,0x72,0x6e,
    0x20,0x6c,0x65,0x72,0x70,0x28,0x5f,0x31,0x30,0x33,0x2c,0x20,0x31,0x2e,0x30,0x66,
    0x20,0x2d,0x20,0x5f,0x31,0x30,0x33,0x2c,0x20,0x62,0x72,0x69,0x64,0x67,0x65,0x5f,
    0x66,0x6c,0x61,0x67,0x28,0x70,0x61,0x72,0x61,0x6d,0x2c,0x20,0x70,0x61,0x72,0x61,
    0x6d,0x5f,0x31,0x29,0x29,0x3b,0x0a,0x7d,0x0a,0x0a,0x66,0x6c,0x6f,0x61,0x74,0x20,
    0x62,0x72,0x69,0x64,0x67,0x65,0x5f,0x6d,0x61,0x73,0x6b,0x5f,0x73,0x6f,0x75,0x72,
    0x63,0x65,0x5f,0x6d,0x6f,0x64,0x65,0x28,0x29,0x0a,0x7b,0x0a,0x20,0x20,0x20,0x20,
    0x72,0x65,0x74,0x75,0x72,0x6e,0x20,0x66,0x6c,0x6f,0x6f,0x72,0x28,0x5f,0x35,0x37,
    0x5f,0x6f,0x70,0x74,0x69,0x6f,0x6e,0x73,0x2e,0x77,0x20,0x2a,0x20,0x30,0x2e,0x30,
    0x36,0x32,0x35,0x66,0x29,0x3b,0x0a,0x7d,0x0a,0x0a,0x66,0x6c,0x6f,0x61,0x74,0x20,
    0x62,0x72,0x69,0x64,0x67,0x65,0x5f,0x73,0x61,0x74,0x75,0x72,0x61,0x74,0x69,0x6f,
    0x6e,0x28,0x66,0x6c,0x6f,0x61,0x74,0x33,0x20,0x72,0x67,0x62,0x29,0x0a,0x7b,0x0a,
    0x20,0x20,0x20,0x20,0x66,0x6c,0x6f,0x61,0x74,0x20,0x5f,0x31,0x33,0x31,0x20,0x3d,
    0x20,0x6d,0x61,0x78,0x28,0x6d,0x61,0x78,0x28,0x72,0x67,0x62,0x2e,0x78,0x2c,0x20,
    0x72,0x67,0x62,0x2e,0x79,0x29,0x2c,0x20,0x72,0x67,0x62,0x2e,0x7a,0x29,0x3b,0x0a,
    0x20,0x20,0x20,0x20,0x66,0x6c,0x6f,0x61,0x74,0x20,0x5f,0x31,0x34,0x35,0x3b,0x0a,
    0x20,0x20,0x20,0x20,0x69,0x66,0x20,0x28,0x5f,0x31,0x33,0x31,0x20,0x3c,0x3d,0x20,
    0x39,0x2e,0x39,0x39,0x39,0x39,0x39,0x39,0x39,0x37,0x34,0x37,0x35,0x32,0x34,0x32,
    0x37,0x30,0x37,0x38,0x37,0x38,0x33,0x35,0x31,0x32,0x31,0x31,0x35,0x34,0x37,0x38,
    0x35,0x65,0x2d,0x30,0x37,0x66,0x29,0x0a,0x20,0x20,0x20,0x20,0x7b,0x0a,0x20,0x20,
    0x20,0x20,0x20,0x20,0x20,0x20,0x5f,0x31,0x34,0x35,0x20,0x3d,0x20,0x30,0x2e,0x30,
    0x66,0x3b,0x0a,0x20,0x20,0x20,0x20,0x7d,0x0a,0x20,0x20,0x20,0x20,0x65,0x6c,0x73,
    0x65,0x0a,0x20,0x20,0x20,0x20,0x7b,0x0a,0x20,0x20,0x20,0x20,0x20,0x20,0x20,0x20,
    0x5f,0x31,0x34,0x35,0x20,0x3d,0x20,0x28,0x5f,0x31,0x33,0x31,0x20,0x2d,0x20,0x6d,
    0x69,0x6e,0x28,0x6d,0x69,0x6e,0x28,0x72,0x67,0x62,0x2e,0x78,0x2c,0x20,0x72,0x67,
    0x62,0x2e,0x79,0x29,0x2c,0x20,0x72,0x67,0x62,0x2e,0x7a,0x29,0x29,0x20,0x2f,0x20,
    0x5f,0x31,0x33,0x31,0x3b,0x0a,0x20,0x20,0x20,0x20,0x7d,0x0a,0x20,0x20,0x20,0x20,
    0x72,0x65,0x74,0x75,0x72,0x6e,0x20,0x5f,0x31,0x34,0x35,0x3b,0x0a,0x7d,0x0a,0x0a,
    0x66,0x6c,0x6f,0x61,0x74,0x20,0x62,0x72,0x69,0x64,0x67,0x65,0x5f,0x6d,0x61,0x73,
    0x6b,0x5f,0x76,0x61,0x6c,0x75,0x65,0x28,0x66,0x6c,0x6f,0x61,0x74,0x34,0x20,0x73,
    0x72,0x63,0x2c,0x20,0x66,0x6c,0x6f,0x61,0x74,0x20,0x69,0x6e,0x74,0x65,0x6e,0x73,
    0x69,0x74,0x79,0x29,0x0a,0x7b,0x0a,0x20,0x20,0x20,0x20,0x66,0x6c,0x6f,0x61,0x74,
    0x20,0x70,0x61,0x72,0x61,0x6d,0x20,0x3d,0x20,0x5f,0x35,0x37,0x5f,0x6f,0x70,0x74,
    0x69,0x6f,0x6e,0x73,0x2e,0x77,0x3b,0x0a,0x20,0x20,0x20,0x20,0x66,0x6c,0x6f,0x61,
    0x74,0x20,0x70,0x61,0x72,0x61,0x6d,0x5f,0x31,0x20,0x3d,0x20,0x32,0x2e,0x30,0x66,
    0x3b,0x0a,0x20,0x20,0x20,0x20,0x66,0x6c,0x6f,0x61,0x74,0x20,0x6d,0x6f,0x64,0x65,
    0x20,0x3d,0x20,0x62,0x72,0x69,0x64,0x67,0x65,0x5f,0x6d,0x61,0x73,0x6b,0x5f,0x73,
    0x6f,0x75,0x72,0x63,0x65,0x5f,0x6d,0x6f,0x64,0x65,0x28,0x29,0x3b,0x0a,0x20,0x20,
    0x20,0x20,0x69,0x66,0x20,0x28,0x62,0x72,0x69,0x64,0x67,0x65,0x5f,0x66,0x6c,0x61,
    0x67,0x28,0x70,0x61,0x72,0x61,0x6d,0x2c,0x20,0x70,0x61,0x72,0x61,0x6d,0x5f,0x31,
    0x29,0x20,0x3e,0x20,0x30,0x2e,0x35,0x66,0x29,0x0a,0x20,0x20,0x20,0x20,0x7b,0x0a,
    0x20,0x20,0x20,0x20,0x20,0x20,0x20,0x20,0x6d,0x6f,0x64,0x65,0x20,0x3d,0x20,0x31,
    0x2e,0x30,0x66,0x3b,0x0a,0x20,0x20,0x20,0x20,0x7d,0x0a,0x20,0x20,0x20,0x20,0x69,
    0x66,0x20,0x28,0x28,0x6d,0x6f,0x64,0x65,0x20,0x3e,0x20,0x30,0x2e,0x35,0x66,0x29,
    0x20,0x26,0x26,0x20,0x28,0x6d,0x6f,0x64,0x65,0x20,0x3c,0x20,0x31,0x2e,0x35,0x66,
    0x29,0x29,0x0a,0x20,0x20,0x20,0x20,0x7b,0x0a,0x20,0x20,0x20,0x20,0x20,0x20,0x20,
    0x20,0x72,0x65,0x74,0x75,0x72,0x6e,0x20,0x73,0x72,0x63,0x2e,0x77,0x3b,0x0a,0x20,
    0x20,0x20,0x20,0x7d,0x0a,0x20,0x20,0x20,0x20,0x69,0x66,0x20,0x28,0x28,0x6d,0x6f,
    0x64,0x65,0x20,0x3e,0x20,0x31,0x2e,0x35,0x66,0x29,0x20,0x26,0x26,0x20,0x28,0x6d,
    0x6f,0x64,0x65,0x20,0x3c,0x20,0x32,0x2e,0x35,0x66,0x29,0x29,0x0a,0x20,0x20,0x20,
    0x20,0x7b,0x0a,0x20,0x20,0x20,0x20,0x20,0x20,0x20,0x20,0x72,0x65,0x74,0x75,0x72,
    0x6e,0x20,0x73,0x72,0x63,0x2e,0x78,0x3b,0x0a,0x20,0x20,0x20,0x20,0x7d,0x0a,0x20,
    0x20,0x20,0x20,0x69,0x66,0x20,0x28,0x28,0x6d,0x6f,0x64,0x65,0x20,0x3e,0x20,0x32,
    0x2e,0x35,0x66,0x29,0x20,0x26,0x26,0x20,0x28,0x6d,0x6f,0x64,0x65,0x20,0x3c,0x20,
    0x33,0x2e,0x35,0x66,0x29,0x29,0x0a,0x20,0x20,0x20,0x20,0x7b,0x0a,0x20,0x20,0x20,
    0x20,0x20,0x20,0x20,0x20,0x72,0x65,0x74,0x75,0x72,0x6e,0x20,0x73,0x72,0x63,0x2e,
    0x79,0x3b,0x0a,0x20,0x20,0x20,0x20,0x7d,0x0a,0x20,0x20,0x20,0x20,0x69,0x66,0x20,
    0x28,0x28,0x6d,0x6f,0x64,0x65,0x20,0x3e,0x20,0x33,0x2e,0x35,0x66,0x29,0x20,0x26,
    0x26,0x20,0x28,0x6d,0x6f,0x64,0x65,0x20,0x3c,0x20,0x34,0x2e,0x35,0x66,0x29,0x29,
    0x0a,0x20,0x20,0x20,0x20,0x7b,0x0a,0x20,0x20,0x20,0x20,0x20,0x20,0x20,0x20,0x72,
    0x65,0x74,0x75,0x72,0x6e,0x20,0x73,0x72,0x63,0x2e,0x7a,0x3b,0x0a,0x20,0x20,0x20,
    0x20,0x7d,0x0a,0x20,0x20,0x20,0x20,0x69,0x66,0x20,0x28,0x28,0x6d,0x6f,0x64,0x65,
    0x20,0x3e,0x20,0x34,0x2e,0x35,0x66,0x29,0x20,0x26,0x26,0x20,0x28,0x6d,0x6f,0x64,
    0x65,0x20,0x3c,0x20,0x35,0x2e,0x35,0x66,0x29,0x29,0x0a,0x20,0x20,0x20,0x20,0x7b,
    0x0a,0x20,0x20,0x20,0x20,0x20,0x20,0x20,0x20,0x72,0x65,0x74,0x75,0x72,0x6e,0x20,
    0x6d,0x61,0x78,0x28,0x6d,0x61,0x78,0x28,0x73,0x72,0x63,0x2e,0x78,0x2c,0x20,0x73,
    0x72,0x63,0x2e,0x79,0x29,0x2c,0x20,0x73,0x72,0x63,0x2e,0x7a,0x29,0x3b,0x0a,0x20,
    0x20,0x20,0x20,0x7d,0x0a,0x20,0x20,0x20,0x20,0x69,0x66,0x20,0x28,0x6d,0x6f,0x64,
    0x65,0x20,0x3e,0x20,0x35,0x2e,0x35,0x66,0x29,0x0a,0x20,0x20,0x20,0x20,0x7b,0x0a,
    0x20,0x20,0x20,0x20,0x20,0x20,0x20,0x20,0x66,0x6c,0x6f,0x61,0x74,0x33,0x20,0x70,
    0x61,0x72,0x61,0x6d,0x5f,0x32,0x20,0x3d,0x20,0x73,0x72,0x63,0x2e,0x78,0x79,0x7a,
    0x3b,0x0a,0x20,0x20,0x20,0x20,0x20,0x20,0x20,0x20,0x72,0x65,0x74,0x75,0x72,0x6e,
    0x20,0x62,0x72,0x69,0x64,0x67,0x65,0x5f,0x73,0x61,0x74,0x75,0x72,0x61,0x74,0x69,
    0x6f,0x6e,0x28,0x70,0x61,0x72,0x61,0x6d,0x5f,0x32,0x29,0x3b,0x0a,0x20,0x20,0x20,
    0x20,0x7d,0x0a,0x20,0x20,0x20,0x20,0x72,0x65,0x74,0x75,0x72,0x6e,0x20,0x69,0x6e,
    0x74,0x65,0x6e,0x73,0x69,0x74,0x79,0x3b,0x0a,0x7d,0x0a,0x0a,0x66,0x6c,0x6f,0x61,
    0x74,0x20,0x62,0x72,0x69,0x64,0x67,0x65,0x5f,0x6d,0x61,0x73,0x6b,0x5f,0x67,0x61,
    0x6d,0x6d,0x61,0x28,0x29,0x0a,0x7b,0x0a,0x20,0x20,0x20,0x20,0x72,0x65,0x74,0x75,
    0x72,0x6e,0x20,0x6d,0x61,0x78,0x28,0x5f,0x35,0x37,0x5f,0x74,0x65,0x78,0x65,0x6c,
    0x2e,0x77,0x2c,0x20,0x39,0x2e,0x39,0x39,0x39,0x39,0x39,0x39,0x37,0x34,0x37,0x33,
    0x37,0x38,0x37,0x35,0x31,0x36,0x33,0x35,0x35,0x35,0x31,0x34,0x35,0x32,0x36,0x33,
    0x36,0x37,0x31,0x38,0x38,0x65,0x2d,0x30,0x35,0x66,0x29,0x3b,0x0a,0x7d,0x0a,0x0a,
    0x66,0x6c,0x6f,0x61,0x74,0x20,0x62,0x72,0x69,0x64,0x67,0x65,0x5f,0x73,0x6f,0x66,
    0x74,0x5f,0x6d,0x61,0x73,0x6b,0x28,0x66,0x6c,0x6f,0x61,0x74,0x20,0x76,0x61,0x6c,
    0x75,0x65,0x29,0x0a,0x7b,0x0a,0x20,0x20,0x20,0x20,0x66,0x6c,0x6f,0x61,0x74,0x20,
    0x5f,0x32,0x35,0x34,0x20,0x3d,0x20,0x6d,0x61,0x78,0x28,0x5f,0x35,0x37,0x5f,0x74,
    0x65,0x78,0x65,0x6c,0x2e,0x7a,0x2c,0x20,0x30,0x2e,0x30,0x66,0x29,0x3b,0x0a,0x20,
    0x20,0x20,0x20,0x66,0x6c,0x6f,0x61,0x74,0x20,0x5f,0x32,0x35,0x39,0x3b,0x0a,0x20,
    0x20,0x20,0x20,0x69,0x66,0x20,0x28,0x5f,0x32,0x35,0x34,0x20,0x3c,0x3d,0x20,0x39,
    0x2e,0x39,0x39,0x39,0x39,0x39,0x39,0x37,0x34,0x37,0x33,0x37,0x38,0x37,0x35,0x31,
    0x36,0x33,0x35,0x35,0x35,0x31,0x34,0x35,0x32,0x36,0x33,0x36,0x37,0x31,0x38,0x38,
    0x65,0x2d,0x30,0x36,0x66,0x29,0x0a,0x20,0x20,0x20,0x20,0x7b,0x0a,0x20,0x20,0x20,
    0x20,0x20,0x20,0x20,0x20,0x5f,0x32,0x35,0x39,0x20,0x3d,0x20,0x73,0x74,0x65,0x70,
    0x28,0x5f,0x35,0x37,0x5f,0x6f,0x70,0x74,0x69,0x6f,0x6e,0x73,0x2e,0x79,0x2c,0x20,
    0x76,0x61,0x6c,0x75,0x65,0x29,0x3b,0x0a,0x20,0x20,0x20,0x20,0x7d,0x0a,0x20,0x20,
    0x20,0x20,0x65,0x6c,0x73,0x65,0x0a,0x20,0x20,0x20,0x20,0x7b,0x0a,0x20,0x20,0x20,
    0x20,0x20,0x20,0x20,0x20,0x66,0x6c,0x6f,0x61,0x74,0x20,0x5f,0x32,0x37,0x30,0x20,
    0x3d,0x20,0x5f,0x32,0x35,0x34,0x20,0x2a,0x20,0x30,0x2e,0x35,0x66,0x3b,0x0a,0x20,
    0x20,0x20,0x20,0x20,0x20,0x20,0x20,0x5f,0x32,0x35,0x39,0x20,0x3d,0x20,0x73,0x6d,
    0x6f,0x6f,0x74,0x68,0x73,0x74,0x65,0x70,0x28,0x5f,0x35,0x37,0x5f,0x6f,0x70,0x74,
    0x69,0x6f,0x6e,0x73,0x2e,0x79,0x20,0x2d,0x20,0x5f,0x32,0x37,0x30,0x2c,0x20,0x5f,
    0x35,0x37,0x5f,0x6f,0x70,0x74,0x69,0x6f,0x6e,0x73,0x2e,0x79,0x20,0x2b,0x20,0x5f,
    0x32,0x37,0x30,0x2c,0x20,0x76,0x61,0x6c,0x75,0x65,0x29,0x3b,0x0a,0x20,0x20,0x20,
    0x20,0x7d,0x0a,0x20,0x20,0x20,0x20,0x72,0x65,0x74,0x75,0x72,0x6e,0x20,0x70,0x6f,
    0x77,0x28,0x63,0x6c,0x61,0x6d,0x70,0x28,0x5f,0x32,0x35,0x39,0x2c,0x20,0x30,0x2e,
    0x30,0x66,0x2c,0x20,0x31,0x2e,0x30,0x66,0x29,0x2c,0x20,0x31,0x2e,0x30,0x66,0x20,
    0x2f,0x20,0x62,0x72,0x69,0x64,0x67,0x65,0x5f,0x6d,0x61,0x73,0x6b,0x5f,0x67,0x61,
    0x6d,0x6d,0x61,0x28,0x29,0x29,0x3b,0x0a,0x7d,0x0a,0x0a,0x76,0x6f,0x69,0x64,0x20,
    0x66,0x72,0x61,0x67,0x5f,0x6d,0x61,0x69,0x6e,0x28,0x29,0x0a,0x7b,0x0a,0x20,0x20,
    0x20,0x20,0x66,0x6c,0x6f,0x61,0x74,0x32,0x20,0x70,0x61,0x72,0x61,0x6d,0x20,0x3d,
    0x20,0x75,0x76,0x3b,0x0a,0x20,0x20,0x20,0x20,0x66,0x6c,0x6f,0x61,0x74,0x34,0x20,
    0x5f,0x33,0x30,0x33,0x20,0x3d,0x20,0x62,0x72,0x69,0x64,0x67,0x65,0x49,0x6e,0x70,
    0x75,0x74,0x54,0x65,0x78,0x2e,0x53,0x61,0x6d,0x70,0x6c,0x65,0x28,0x62,0x72,0x69,
    0x64,0x67,0x65,0x49,0x6e,0x70,0x75,0x74,0x53,0x6d,0x70,0x2c,0x20,0x62,0x72,0x69,
    0x64,0x67,0x65,0x5f,0x73,0x61,0x6d,0x70,0x6c,0x65,0x5f,0x75,0x76,0x28,0x70,0x61,
    0x72,0x61,0x6d,0x29,0x29,0x3b,0x0a,0x20,0x20,0x20,0x20,0x66,0x6c,0x6f,0x61,0x74,
    0x34,0x20,0x70,0x61,0x72,0x61,0x6d,0x5f,0x31,0x20,0x3d,0x20,0x5f,0x33,0x30,0x33,
    0x3b,0x0a,0x20,0x20,0x20,0x20,0x66,0x6c,0x6f,0x61,0x74,0x20,0x5f,0x33,0x30,0x37,
    0x20,0x3d,0x20,0x62,0x72,0x69,0x64,0x67,0x65,0x5f,0x6c,0x75,0x6d,0x69,0x6e,0x61,
    0x6e,0x63,0x65,0x28,0x70,0x61,0x72,0x61,0x6d,0x5f,0x31,0x29,0x3b,0x0a,0x20,0x20,
    0x20,0x20,0x66,0x6c,0x6f,0x61,0x74,0x34,0x20,0x70,0x61,0x72,0x61,0x6d,0x5f,0x32,
    0x20,0x3d,0x20,0x5f,0x33,0x30,0x33,0x3b,0x0a,0x20,0x20,0x20,0x20,0x66,0x6c,0x6f,
    0x61,0x74,0x20,0x70,0x61,0x72,0x61,0x6d,0x5f,0x33,0x20,0x3d,0x20,0x5f,0x33,0x30,
    0x37,0x3b,0x0a,0x20,0x20,0x20,0x20,0x66,0x6c,0x6f,0x61,0x74,0x20,0x70,0x61,0x72,
    0x61,0x6d,0x5f,0x34,0x20,0x3d,0x20,0x62,0x72,0x69,0x64,0x67,0x65,0x5f,0x6d,0x61,
    0x73,0x6b,0x5f,0x76,0x61,0x6c,0x75,0x65,0x28,0x70,0x61,0x72,0x61,0x6d,0x5f,0x32,
    0x2c,0x20,0x70,0x61,0x72,0x61,0x6d,0x5f,0x33,0x29,0x3b,0x0a,0x20,0x20,0x20,0x20,
    0x66,0x6c,0x6f,0x61,0x74,0x20,0x5f,0x33,0x31,0x35,0x20,0x3d,0x20,0x62,0x72,0x69,
    0x64,0x67,0x65,0x5f,0x73,0x6f,0x66,0x74,0x5f,0x6d,0x61,0x73,0x6b,0x28,0x70,0x61,
    0x72,0x61,0x6d,0x5f,0x34,0x29,0x3b,0x0a,0x20,0x20,0x20,0x20,0x66,0x6c,0x6f,0x61,
    0x74,0x20,0x5f,0x33,0x32,0x33,0x20,0x3d,0x20,0x28,0x5f,0x33,0x30,0x37,0x20,0x2a,
    0x20,0x5f,0x33,0x31,0x35,0x29,0x20,0x2a,0x20,0x5f,0x35,0x37,0x5f,0x6f,0x70,0x74,
    0x69,0x6f,0x6e,0x73,0x2e,0x78,0x3b,0x0a,0x20,0x20,0x20,0x20,0x66,0x72,0x61,0x67,
    0x5f,0x63,0x6f,0x6c,0x6f,0x72,0x20,0x3d,0x20,0x66,0x6c,0x6f,0x61,0x74,0x34,0x28,
    0x5f,0x33,0x32,0x33,0x2c,0x20,0x5f,0x33,0x32,0x33,0x2c,0x20,0x5f,0x33,0x32,0x33,
    0x2c,0x20,0x5f,0x33,0x30,0x33,0x2e,0x77,0x20,0x2a,0x20,0x5f,0x33,0x31,0x35,0x29,
    0x20,0x2a,0x20,0x5f,0x35,0x37,0x5f,0x63,0x6f,0x6c,0x6f,0x72,0x3b,0x0a,0x7d,0x0a,
    0x0a,0x53,0x50,0x49,0x52,0x56,0x5f,0x43,0x72,0x6f,0x73,0x73,0x5f,0x4f,0x75,0x74,
    0x70,0x75,0x74,0x20,0x6d,0x61,0x69,0x6e,0x28,0x53,0x50,0x49,0x52,0x56,0x5f,0x43,
    0x72,0x6f,0x73,0x73,0x5f,0x49,0x6e,0x70,0x75,0x74,0x20,0x73,0x74,0x61,0x67,0x65,
    0x5f,0x69,0x6e,0x70,0x75,0x74,0x29,0x0a,0x7b,0x0a,0x20,0x20,0x20,0x20,0x75,0x76,
    0x20,0x3d,0x20,0x73,0x74,0x61,0x67,0x65,0x5f,0x69,0x6e,0x70,0x75,0x74,0x2e,0x75,
    0x76,0x3b,0x0a,0x20,0x20,0x20,0x20,0x66,0x72,0x61,0x67,0x5f,0x6d,0x61,0x69,0x6e,
    0x28,0x29,0x3b,0x0a,0x20,0x20,0x20,0x20,0x53,0x50,0x49,0x52,0x56,0x5f,0x43,0x72,
    0x6f,0x73,0x73,0x5f,0x4f,0x75,0x74,0x70,0x75,0x74,0x20,0x73,0x74,0x61,0x67,0x65,
    0x5f,0x6f,0x75,0x74,0x70,0x75,0x74,0x3b,0x0a,0x20,0x20,0x20,0x20,0x73,0x74,0x61,
    0x67,0x65,0x5f,0x6f,0x75,0x74,0x70,0x75,0x74,0x2e,0x66,0x72,0x61,0x67,0x5f,0x63,
    0x6f,0x6c,0x6f,0x72,0x20,0x3d,0x20,0x66,0x72,0x61,0x67,0x5f,0x63,0x6f,0x6c,0x6f,
    0x72,0x3b,0x0a,0x20,0x20,0x20,0x20,0x72,0x65,0x74,0x75,0x72,0x6e,0x20,0x73,0x74,
    0x61,0x67,0x65,0x5f,0x6f,0x75,0x74,0x70,0x75,0x74,0x3b,0x0a,0x7d,0x0a,0x00,
};
/*
    cbuffer bridge_params : register(b0)
    {
        float4 _57_color : packoffset(c0);
        float4 _57_resolution : packoffset(c1);
        float4 _57_texel : packoffset(c2);
        float4 _57_options : packoffset(c3);
    };

    Texture2D<float4> bridgeInputTex : register(t0);
    SamplerState bridgeInputSmp : register(s0);

    static float2 uv;
    static float4 frag_color;

    struct SPIRV_Cross_Input
    {
        float2 uv : TEXCOORD0;
    };

    struct SPIRV_Cross_Output
    {
        float4 frag_color : SV_Target0;
    };

    float mod(float x, float y)
    {
        return x - y * floor(x / y);
    }

    float2 mod(float2 x, float2 y)
    {
        return x - y * floor(x / y);
    }

    float3 mod(float3 x, float3 y)
    {
        return x - y * floor(x / y);
    }

    float4 mod(float4 x, float4 y)
    {
        return x - y * floor(x / y);
    }

    float bridge_flag(float _packed, float flag)
    {
        return floor(mod(floor(_packed / flag), 2.0f));
    }

    float2 bridge_sample_uv(float2 p)
    {
        float param = _57_options.w;
        float param_1 = 4.0f;
        float param_2 = _57_options.w;
        float param_3 = 8.0f;
        return float2(lerp(p.x, 1.0f - p.x, bridge_flag(param, param_1)), lerp(p.y, 1.0f - p.y, bridge_flag(param_2, param_3)));
    }

    float bridge_luminance(float4 src)
    {
        float _103 = dot(src.xyz, float3(0.2125999927520751953125f, 0.715200006961822509765625f, 0.072200000286102294921875f));
        float param = _57_options.w;
        float param_1 = 1.0f;
        return lerp(_103, 1.0f - _103, bridge_flag(param, param_1));
    }

    float bridge_mask_source_mode()
    {
        return floor(_57_options.w * 0.0625f);
    }

    float bridge_saturation(float3 rgb)
    {
        float _131 = max(max(rgb.x, rgb.y), rgb.z);
        float _145;
        if (_131 <= 9.9999999747524270787835121154785e-07f)
        {
            _145 = 0.0f;
        }
        else
        {
            _145 = (_131 - min(min(rgb.x, rgb.y), rgb.z)) / _131;
        }
        return _145;
    }

    float bridge_mask_value(float4 src, float intensity)
    {
        float param = _57_options.w;
        float param_1 = 2.0f;
        float mode = bridge_mask_source_mode();
        if (bridge_flag(param, param_1) > 0.5f)
        {
            mode = 1.0f;
        }
        if ((mode > 0.5f) && (mode < 1.5f))
        {
            return src.w;
        }
        if ((mode > 1.5f) && (mode < 2.5f))
        {
            return src.x;
        }
        if ((mode > 2.5f) && (mode < 3.5f))
        {
            return src.y;
        }
        if ((mode > 3.5f) && (mode < 4.5f))
        {
            return src.z;
        }
        if ((mode > 4.5f) && (mode < 5.5f))
        {
            return max(max(src.x, src.y), src.z);
        }
        if (mode > 5.5f)
        {
            float3 param_2 = src.xyz;
            return bridge_saturation(param_2);
        }
        return intensity;
    }

    float bridge_mask_gamma()
    {
        return max(_57_texel.w, 9.9999997473787516355514526367188e-05f);
    }

    float bridge_soft_mask(float value)
    {
        float _254 = max(_57_texel.z, 0.0f);
        float _259;
        if (_254 <= 9.9999997473787516355514526367188e-06f)
        {
            _259 = step(_57_options.y, value);
        }
        else
        {
            float _270 = _254 * 0.5f;
            _259 = smoothstep(_57_options.y - _270, _57_options.y + _270, value);
        }
        return pow(clamp(_259, 0.0f, 1.0f), 1.0f / bridge_mask_gamma());
    }

    void frag_main()
    {
        float2 _295 = _57_texel.xy * max(_57_options.z, 1.0f);
        float2 param = uv;
        float4 _312 = bridgeInputTex.Sample(bridgeInputSmp, bridge_sample_uv(param));
        float2 _320 = float2(_295.x, 0.0f);
        float2 param_1 = uv - _320;
        float4 _324 = bridgeInputTex.Sample(bridgeInputSmp, bridge_sample_uv(param_1));
        float2 param_2 = uv + _320;
        float4 _336 = bridgeInputTex.Sample(bridgeInputSmp, bridge_sample_uv(param_2));
        float2 _344 = float2(0.0f, _295.y);
        float2 param_3 = uv - _344;
        float4 _348 = bridgeInputTex.Sample(bridgeInputSmp, bridge_sample_uv(param_3));
        float2 param_4 = uv + _344;
        float4 _360 = bridgeInputTex.Sample(bridgeInputSmp, bridge_sample_uv(param_4));
        float4 param_5 = _312;
        float4 param_6 = _324;
        float _368 = bridge_luminance(param_6);
        float4 param_7 = _336;
        float _372 = bridge_luminance(param_7);
        float4 param_8 = _348;
        float _376 = bridge_luminance(param_8);
        float4 param_9 = _360;
        float _380 = bridge_luminance(param_9);
        float4 param_10 = _312;
        float param_11 = bridge_luminance(param_5);
        float4 param_12 = _324;
        float param_13 = _368;
        float4 param_14 = _336;
        float param_15 = _372;
        float4 param_16 = _348;
        float param_17 = _376;
        float4 param_18 = _360;
        float param_19 = _380;
        float param_20 = max(max(max(max(bridge_mask_value(param_10, param_11), bridge_mask_value(param_12, param_13)), bridge_mask_value(param_14, param_15)), bridge_mask_value(param_16, param_17)), bridge_mask_value(param_18, param_19));
        frag_color = float4(((float2(_372 - _368, _380 - _376) * _57_options.x) * bridge_soft_mask(param_20)) * _57_color.xy, 0.0f, 1.0f);
    }

    SPIRV_Cross_Output main(SPIRV_Cross_Input stage_input)
    {
        uv = stage_input.uv;
        frag_main();
        SPIRV_Cross_Output stage_output;
        stage_output.frag_color = frag_color;
        return stage_output;
    }
*/
static const uint8_t fs_bridge_velocity_source_hlsl5[4981] = {
    0x63,0x62,0x75,0x66,0x66,0x65,0x72,0x20,0x62,0x72,0x69,0x64,0x67,0x65,0x5f,0x70,
    0x61,0x72,0x61,0x6d,0x73,0x20,0x3a,0x20,0x72,0x65,0x67,0x69,0x73,0x74,0x65,0x72,
    0x28,0x62,0x30,0x29,0x0a,0x7b,0x0a,0x20,0x20,0x20,0x20,0x66,0x6c,0x6f,0x61,0x74,
    0x34,0x20,0x5f,0x35,0x37,0x5f,0x63,0x6f,0x6c,0x6f,0x72,0x20,0x3a,0x20,0x70,0x61,
    0x63,0x6b,0x6f,0x66,0x66,0x73,0x65,0x74,0x28,0x63,0x30,0x29,0x3b,0x0a,0x20,0x20,
    0x20,0x20,0x66,0x6c,0x6f,0x61,0x74,0x34,0x20,0x5f,0x35,0x37,0x5f,0x72,0x65,0x73,
    0x6f,0x6c,0x75,0x74,0x69,0x6f,0x6e,0x20,0x3a,0x20,0x70,0x61,0x63,0x6b,0x6f,0x66,
    0x66,0x73,0x65,0x74,0x28,0x63,0x31,0x29,0x3b,0x0a,0x20,0x20,0x20,0x20,0x66,0x6c,
    0x6f,0x61,0x74,0x34,0x20,0x5f,0x35,0x37,0x5f,0x74,0x65,0x78,0x65,0x6c,0x20,0x3a,
    0x20,0x70,0x61,0x63,0x6b,0x6f,0x66,0x66,0x73,0x65,0x74,0x28,0x63,0x32,0x29,0x3b,
    0x0a,0x20,0x20,0x20,0x20,0x66,0x6c,0x6f,0x61,0x74,0x34,0x20,0x5f,0x35,0x37,0x5f,
    0x6f,0x70,0x74,0x69,0x6f,0x6e,0x73,0x20,0x3a,0x20,0x70,0x61,0x63,0x6b,0x6f,0x66,
    0x66,0x73,0x65,0x74,0x28,0x63,0x33,0x29,0x3b,0x0a,0x7d,0x3b,0x0a,0x0a,0x54,0x65,
    0x78,0x74,0x75,0x72,0x65,0x32,0x44,0x3c,0x66,0x6c,0x6f,0x61,0x74,0x34,0x3e,0x20,
    0x62,0x72,0x69,0x64,0x67,0x65,0x49,0x6e,0x70,0x75,0x74,0x54,0x65,0x78,0x20,0x3a,
    0x20,0x72,0x65,0x67,0x69,0x73,0x74,0x65,0x72,0x28,0x74,0x30,0x29,0x3b,0x0a,0x53,
    0x61,0x6d,0x70,0x6c,0x65,0x72,0x53,0x74,0x61,0x74,0x65,0x20,0x62,0x72,0x69,0x64,
    0x67,0x65,0x49,0x6e,0x70,0x75,0x74,0x53,0x6d,0x70,0x20,0x3a,0x20,0x72,0x65,0x67,
    0x69,0x73,0x74,0x65,0x72,0x28,0x73,0x30,0x29,0x3b,0x0a,0x0a,0x73,0x74,0x61,0x74,
    0x69,0x63,0x20,0x66,0x6c,0x6f,0x61,0x74,0x32,0x20,0x75,0x76,0x3b,0x0a,0x73,0x74,
    0x61,0x74,0x69,0x63,0x20,0x66,0x6c,0x6f,0x61,0x74,0x34,0x20,0x66,0x72,0x61,0x67,
    0x5f,0x63,0x6f,0x6c,0x6f,0x72,0x3b,0x0a,0x0a,0x73,0x74,0x72,0x75,0x63,0x74,0x20,
    0x53,0x50,0x49,0x52,0x56,0x5f,0x43,0x72,0x6f,0x73,0x73,0x5f,0x49,0x6e,0x70,0x75,
    0x74,0x0a,0x7b,0x0a,0x20,0x20,0x20,0x20,0x66,0x6c,0x6f,0x61,0x74,0x32,0x20,0x75,
    0x76,0x20,0x3a,0x20,0x54,0x45,0x58,0x43,0x4f,0x4f,0x52,0x44,0x30,0x3b,0x0a,0x7d,
    0x3b,0x0a,0x0a,0x73,0x74,0x72,0x75,0x63,0x74,0x20,0x53,0x50,0x49,0x52,0x56,0x5f,
    0x43,0x72,0x6f,0x73,0x73,0x5f,0x4f,0x75,0x74,0x70,0x75,0x74,0x0a,0x7b,0x0a,0x20,
    0x20,0x20,0x20,0x66,0x6c,0x6f,0x61,0x74,0x34,0x20,0x66,0x72,0x61,0x67,0x5f,0x63,
    0x6f,0x6c,0x6f,0x72,0x20,0x3a,0x20,0x53,0x56,0x5f,0x54,0x61,0x72,0x67,0x65,0x74,
    0x30,0x3b,0x0a,0x7d,0x3b,0x0a,0x0a,0x66,0x6c,0x6f,0x61,0x74,0x20,0x6d,0x6f,0x64,
    0x28,0x66,0x6c,0x6f,0x61,0x74,0x20,0x78,0x2c,0x20,0x66,0x6c,0x6f,0x61,0x74,0x20,
    0x79,0x29,0x0a,0x7b,0x0a,0x20,0x20,0x20,0x20,0x72,0x65,0x74,0x75,0x72,0x6e,0x20,
    0x78,0x20,0x2d,0x20,0x79,0x20,0x2a,0x20,0x66,0x6c,0x6f,0x6f,0x72,0x28,0x78,0x20,
    0x2f,0x20,0x79,0x29,0x3b,0x0a,0x7d,0x0a,0x0a,0x66,0x6c,0x6f,0x61,0x74,0x32,0x20,
    0x6d,0x6f,0x64,0x28,0x66,0x6c,0x6f,0x61,0x74,0x32,0x20,0x78,0x2c,0x20,0x66,0x6c,
    0x6f,0x61,0x74,0x32,0x20,0x79,0x29,0x0a,0x7b,0x0a,0x20,0x20,0x20,0x20,0x72,0x65,
    0x74,0x75,0x72,0x6e,0x20,0x78,0x20,0x2d,0x20,0x79,0x20,0x2a,0x20,0x66,0x6c,0x6f,
    0x6f,0x72,0x28,0x78,0x20,0x2f,0x20,0x79,0x29,0x3b,0x0a,0x7d,0x0a,0x0a,0x66,0x6c,
    0x6f,0x61,0x74,0x33,0x20,0x6d,0x6f,0x64,0x28,0x66,0x6c,0x6f,0x61,0x74,0x33,0x20,
    0x78,0x2c,0x20,0x66,0x6c,0x6f,0x61,0x74,0x33,0x20,0x79,0x29,0x0a,0x7b,0x0a,0x20,
    0x20,0x20,0x20,0x72,0x65,0x74,0x75,0x72,0x6e,0x20,0x78,0x20,0x2d,0x20,0x79,0x20,
    0x2a,0x20,0x66,0x6c,0x6f,0x6f,0x72,0x28,0x78,0x20,0x2f,0x20,0x79,0x29,0x3b,0x0a,
    0x7d,0x0a,0x0a,0x66,0x6c,0x6f,0x61,0x74,0x34,0x20,0x6d,0x6f,0x64,0x28,0x66,0x6c,
    0x6f,0x61,0x74,0x34,0x20,0x78,0x2c,0x20,0x66,0x6c,0x6f,0x61,0x74,0x34,0x20,0x79,
    0x29,0x0a,0x7b,0x0a,0x20,0x20,0x20,0x20,0x72,0x65,0x74,0x75,0x72,0x6e,0x20,0x78,
    0x20,0x2d,0x20,0x79,0x20,0x2a,0x20,0x66,0x6c,0x6f,0x6f,0x72,0x28,0x78,0x20,0x2f,
    0x20,0x79,0x29,0x3b,0x0a,0x7d,0x0a,0x0a,0x66,0x6c,0x6f,0x61,0x74,0x20,0x62,0x72,
    0x69,0x64,0x67,0x65,0x5f,0x66,0x6c,0x61,0x67,0x28,0x66,0x6c,0x6f,0x61,0x74,0x20,
    0x5f,0x70,0x61,0x63,0x6b,0x65,0x64,0x2c,0x20,0x66,0x6c,0x6f,0x61,0x74,0x20,0x66,
    0x6c,0x61,0x67,0x29,0x0a,0x7b,0x0a,0x20,0x20,0x20,0x20,0x72,0x65,0x74,0x75,0x72,
    0x6e,0x20,0x66,0x6c,0x6f,0x6f,0x72,0x28,0x6d,0x6f,0x64,0x28,0x66,0x6c,0x6f,0x6f,
    0x72,0x28,0x5f,0x70,0x61,0x63,0x6b,0x65,0x64,0x20,0x2f,0x20,0x66,0x6c,0x61,0x67,
    0x29,0x2c,0x20,0x32,0x2e,0x30,0x66,0x29,0x29,0x3b,0x0a,0x7d,0x0a,0x0a,0x66,0x6c,
    0x6f,0x61,0x74,0x32,0x20,0x62,0x72,0x69,0x64,0x67,0x65,0x5f,0x73,0x61,0x6d,0x70,
    0x6c,0x65,0x5f,0x75,0x76,0x28,0x66,0x6c,0x6f,0x61,0x74,0x32,0x20,0x70,0x29,0x0a,
    0x7b,0x0a,0x20,0x20,0x20,0x20,0x66,0x6c,0x6f,0x61,0x74,0x20,0x70,0x61,0x72,0x61,
    0x6d,0x20,0x3d,0x20,0x5f,0x35,0x37,0x5f,0x6f,0x70,0x74,0x69,0x6f,0x6e,0x73,0x2e,
    0x77,0x3b,0x0a,0x20,0x20,0x20,0x20,0x66,0x6c,0x6f,0x61,0x74,0x20,0x70,0x61,0x72,
    0x61,0x6d,0x5f,0x31,0x20,0x3d,0x20,0x34,0x2e,0x30,0x66,0x3b,0x0a,0x20,0x20,0x20,
    0x20,0x66,0x6c,0x6f,0x61,0x74,0x20,0x70,0x61,0x72,0x61,0x6d,0x5f,0x32,0x20,0x3d,
    0x20,0x5f,0x35,0x37,0x5f,0x6f,0x70,0x74,0x69,0x6f,0x6e,0x73,0x2e,0x77,0x3b,0x0a,
    0x20,0x20,0x20,0x20,0x66,0x6c,0x6f,0x61,0x74,0x20,0x70,0x61,0x72,0x61,0x6d,0x5f,
    0x33,0x20,0x3d,0x20,0x38,0x2e,0x30,0x66,0x3b,0x0a,0x20,0x20,0x20,0x20,0x72,0x65,
    0x74,0x75,0x72,0x6e,0x20,0x66,0x6c,0x6f,0x61,0x74,0x32,0x28,0x6c,0x65,0x72,0x70,
    0x28,0x70,0x2e,0x78,0x2c,0x20,0x31,0x2e,0x30,0x66,0x20,0x2d,0x20,0x70,0x2e,0x78,
    0x2c,0x20,0x62,0x72,0x69,0x64,0x67,0x65,0x5f,0x66,0x6c,0x61,0x67,0x28,0x70,0x61,
    0x72,0x61,0x6d,0x2c,0x20,0x70,0x61,0x72,0x61,0x6d,0x5f,0x31,0x29,0x29,0x2c,0x20,
    0x6c,0x65,0x72,0x70,0x28,0x70,0x2e,0x79,0x2c,0x20,0x31,0x2e,0x30,0x66,0x20,0x2d,
    0x20,0x70,0x2e,0x79,0x2c,0x20,0x62,0x72,0x69,0x64,0x67,0x65,0x5f,0x66,0x6c,0x61,
    0x67,0x28,0x70,0x61,0x72,0x61,0x6d,0x5f,0x32,0x2c,0x20,0x70,0x61,0x72,0x61,0x6d,
    0x5f,0x33,0x29,0x29,0x29,0x3b,0x0a,0x7d,0x0a,0x0a,0x66,0x6c,0x6f,0x61,0x74,0x20,
    0x62,0x72,0x69,0x64,0x67,0x65,0x5f,0x6c,0x75,0x6d,0x69,0x6e,0x61,0x6e,0x63,0x65,
    0x28,0x66,0x6c,0x6f,0x61,0x74,0x34,0x20,0x73,0x72,0x63,0x29,0x0a,0x7b,0x0a,0x20,
    0x20,0x20,0x20,0x66,0x6c,0x6f,0x61,0x74,0x20,0x5f,0x31,0x30,0x33,0x20,0x3d,0x20,
    0x64,0x6f,0x74,0x28,0x73,0x72,0x63,0x2e,0x78,0x79,0x7a,0x2c,0x20,0x66,0x6c,0x6f,
    0x61,0x74,0x33,0x28,0x30,0x2e,0x32,0x31,0x32,0x35,0x39,0x39,0x39,0x39,0x32,0x37,
    0x35,0x32,0x30,0x37,0x35,0x31,0x39,0x35,0x33,0x31,0x32,0x35,0x66,0x2c,0x20,0x30,
    0x2e,0x37,0x31,0x35,0x32,0x30,0x30,0x30,0x30,0x36,0x39,0x36,0x31,0x38,0x32,0x32,
    0x35,0x30,0x39,0x37,0x36,0x35,0x36,0x32,0x35,0x66,0x2c,0x20,0x30,0x2e,0x30,0x37,
    0x32,0x32,0x30,0x30,0x30,0x30,0x30,0x32,0x38,0x36,0x31,0x30,0x32,0x32,0x39,0x34,
    0x39,0x32,0x31,0x38,0x37,0x35,0x66,0x29,0x29,0x3b,0x0a,0x20,0x20,0x20,0x20,0x66,
    0x6c,0x6f,0x61,0x74,0x20,0x70,0x61,0x72,0x61,0x6d,0x20,0x3d,0x20,0x5f,0x35,0x37,
    0x5f,0x6f,0x70,0x74,0x69,0x6f,0x6e,0x73,0x2e,0x77,0x3b,0x0a,0x20,0x20,0x20,0x20,
    0x66,0x6c,0x6f,0x61,0x74,0x20,0x70,0x61,0x72,0x61,0x6d,0x5f,0x31,0x20,0x3d,0x20,
    0x31,0x2e,0x30,0x66,0x3b,0x0a,0x20,0x20,0x20,0x20,0x72,0x65,0x74,0x75,0x72,0x6e,
    0x20,0x6c,0x65,0x72,0x70,0x28,0x5f,0x31,0x30,0x33,0x2c,0x20,0x31,0x2e,0x30,0x66,
    0x20,0x2d,0x20,0x5f,0x31,0x30,0x33,0x2c,0x20,0x62,0x72,0x69,0x64,0x67,0x65,0x5f,
    0x66,0x6c,0x61,0x67,0x28,0x70,0x61,0x72,0x61,0x6d,0x2c,0x20,0x70,0x61,0x72,0x61,
    0x6d,0x5f,0x31,0x29,0x29,0x3b,0x0a,0x7d,0x0a,0x0a,0x66,0x6c,0x6f,0x61,0x74,0x20,
    0x62,0x72,0x69,0x64,0x67,0x65,0x5f,0x6d,0x61,0x73,0x6b,0x5f,0x73,0x6f,0x75,0x72,
    0x63,0x65,0x5f,0x6d,0x6f,0x64,0x65,0x28,0x29,0x0a,0x7b,0x0a,0x20,0x20,0x20,0x20,
    0x72,0x65,0x74,0x75,0x72,0x6e,0x20,0x66,0x6c,0x6f,0x6f,0x72,0x28,0x5f,0x35,0x37,
    0x5f,0x6f,0x70,0x74,0x69,0x6f,0x6e,0x73,0x2e,0x77,0x20,0x2a,0x20,0x30,0x2e,0x30,
    0x36,0x32,0x35,0x66,0x29,0x3b,0x0a,0x7d,0x0a,0x0a,0x66,0x6c,0x6f,0x61,0x74,0x20,
    0x62,0x72,0x69,0x64,0x67,0x65,0x5f,0x73,0x61,0x74,0x75,0x72,0x61,0x74,0x69,0x6f,
    0x6e,0x28,0x66,0x6c,0x6f,0x61,0x74,0x33,0x20,0x72,0x67,0x62,0x29,0x0a,0x7b,0x0a,
    0x20,0x20,0x20,0x20,0x66,0x6c,0x6f,0x61,0x74,0x20,0x5f,0x31,0x33,0x31,0x20,0x3d,
    0x20,0x6d,0x61,0x78,0x28,0x6d,0x61,0x78,0x28,0x72,0x67,0x62,0x2e,0x78,0x2c,0x20,
    0x72,0x67,0x62,0x2e,0x79,0x29,0x2c,0x20,0x72,0x67,0x62,0x2e,0x7a,0x29,0x3b,0x0a,
    0x20,0x20,0x20,0x20,0x66,0x6c,0x6f,0x61,0x74,0x20,0x5f,0x31,0x34,0x35,0x3b,0x0a,
    0x20,0x20,0x20,0x20,0x69,0x66,0x20,0x28,0x5f,0x31,0x33,0x31,0x20,0x3c,0x3d,0x20,
    0x39,0x2e,0x39,0x39,0x39,0x39,0x39,0x39,0x39,0x37,0x34,0x37,0x35,0x32,0x34,0x32,
    0x37,0x30,0x37,0x38,0x37,0x38,0x33,0x35,0x31,0x32,0x31,0x31,0x35,0x34,0x37,0x38,
    0x35,0x65,0x2d,0x30,0x37,0x66,0x29,0x0a,0x20,0x20,0x20,0x20,0x7b,0x0a,0x20,0x20,
    0x20,0x20,0x20,0x20,0x20,0x20,0x5f,0x31,0x34,0x35,0x20,0x3d,0x20,0x30,0x2e,0x30,
    0x66,0x3b,0x0a,0x20,0x20,0x20,0x20,0x7d,0x0a,0x20,0x20,0x20,0x20,0x65,0x6c,0x73,
    0x65,0x0a,0x20,0x20,0x20,0x20,0x7b,0x0a,0x20,0x20,0x20,0x20,0x20,0x20,0x20,0x20,
    0x5f,0x31,0x34,0x35,0x20,0x3d,0x20,0x28,0x5f,0x31,0x33,0x31,0x20,0x2d,0x20,0x6d,
    0x69,0x6e,0x28,0x6d,0x69,0x6e,0x28,0x72,0x67,0x62,0x2e,0x78,0x2c,0x20,0x72,0x67,
    0x62,0x2e,0x79,0x29,0x2c,0x20,0x72,0x67,0x62,0x2e,0x7a,0x29,0x29,0x20,0x2f,0x20,
    0x5f,0x31,0x33,0x31,0x3b,0x0a,0x20,0x20,0x20,0x20,0x7d,0x0a,0x20,0x20,0x20,0x20,
    0x72,0x65,0x74,0x75,0x72,0x6e,0x20,0x5f,0x31,0x34,0x35,0x3b,0x0a,0x7d,0x0a,0x0a,
    0x66,0x6c,0x6f,0x61,0x74,0x20,0x62,0x72,0x69,0x64,0x67,0x65,0x5f,0x6d,0x61,0x73,
    0x6b,0x5f,0x76,0x61,0x6c,0x75,0x65,0x28,0x66,0x6c,0x6f,0x61,0x74,0x34,0x20,0x73,
    0x72,0x63,0x2c,0x20,0x66,0x6c,0x6f,0x61,0x74,0x20,0x69,0x6e,0x74,0x65,0x6e,0x73,
    0x69,0x74,0x79,0x29,0x0a,0x7b,0x0a,0x20,0x20,0x20,0x20,0x66,0x6c,0x6f,0x61,0x74,
    0x20,0x70,0x61,0x72,0x61,0x6d,0x20,0x3d,0x20,0x5f,0x35,0x37,0x5f,0x6f,0x70,0x74,
    0x69,0x6f,0x6e,0x73,0x2e,0x77,0x3b,0x0a,0x20,0x20,0x20,0x20,0x66,0x6c,0x6f,0x61,
    0x74,0x20,0x70,0x61,0x72,0x61,0x6d,0x5f,0x31,0x20,0x3d,0x20,0x32,0x2e,0x30,0x66,
    0x3b,0x0a,0x20,0x20,0x20,0x20,0x66,0x6c,0x6f,0x61,0x74,0x20,0x6d,0x6f,0x64,0x65,
    0x20,0x3d,0x20,0x62,0x72,0x69,0x64,0x67,0x65,0x5f,0x6d,0x61,0x73,0x6b,0x5f,0x73,
    0x6f,0x75,0x72,0x63,0x65,0x5f,0x6d,0x6f,0x64,0x65,0x28,0x29,0x3b,0x0a,0x20,0x20,
    0x20,0x20,0x69,0x66,0x20,0x28,0x62,0x72,0x69,0x64,0x67,0x65,0x5f,0x66,0x6c,0x61,
    0x67,0x28,0x70,0x61,0x72,0x61,0x6d,0x2c,0x20,0x70,0x61,0x72,0x61,0x6d,0x5f,0x31,
    0x29,0x20,0x3e,0x20,0x30,0x2e,0x35,0x66,0x29,0x0a,0x20,0x20,0x20,0x20,0x7b,0x0a,
    0x20,0x20,0x20,0x20,0x20,0x20,0x20,0x20,0x6d,0x6f,0x64,0x65,0x20,0x3d,0x20,0x31,
    0x2e,0x30,0x66,0x3b,0x0a,0x20,0x20,0x20,0x20,0x7d,0x0a,0x20,0x20,0x20,0x20,0x69,
    0x66,0x20,0x28,0x28,0x6d,0x6f,0x64,0x65,0x20,0x3e,0x20,0x30,0x2e,0x35,0x66,0x29,
    0x20,0x26,0x26,0x20,0x28,0x6d,0x6f,0x64,0x65,0x20,0x3c,0x20,0x31,0x2e,0x35,0x66,
    0x29,0x29,0x0a,0x20,0x20,0x20,0x20,0x7b,0x0a,0x20,0x20,0x20,0x20,0x20,0x20,0x20,
    0x20,0x72,0x65,0x74,0x75,0x72,0x6e,0x20,0x73,0x72,0x63,0x2e,0x77,0x3b,0x0a,0x20,
    0x20,0x20,0x20,0x7d,0x0a,0x20,0x20,0x20,0x20,0x69,0x66,0x20,0x28,0x28,0x6d,0x6f,
    0x64,0x65,0x20,0x3e,0x20,0x31,0x2e,0x35,0x66,0x29,0x20,0x26,0x26,0x20,0x28,0x6d,
    0x6f,0x64,0x65,0x20,0x3c,0x20,0x32,0x2e,0x35,0x66,0x29,0x29,0x0a,0x20,0x20,0x20,
    0x20,0x7b,0x0a,0x20,0x20,0x20,0x20,0x20,0x20,0x20,0x20,0x72,0x65,0x74,0x75,0x72,
    0x6e,0x20,0x73,0x72,0x63,0x2e,0x78,0x3b,0x0a,0x20,0x20,0x20,0x20,0x7d,0x0a,0x20,
    0x20,0x20,0x20,0x69,0x66,0x20,0x28,0x28,0x6d,0x6f,0x64,0x65,0x20,0x3e,0x20,0x32,
    0x2e,0x35,0x66,0x29,0x20,0x26,0x26,0x20,0x28,0x6d,0x6f,0x64,0x65,0x20,0x3c,0x20,
    0x33,0x2e,0x35,0x66,0x29,0x29,0x0a,0x20,0x20,0x20,0x20,0x7b,0x0a,0x20,0x20,0x20,
    0x20,0x20,0x20,0x20,0x20,0x72,0x65,0x74,0x75,0x72,0x6e,0x20,0x73,0x72,0x63,0x2e,
    0x79,0x3b,0x0a,0x20,0x20,0x20,0x20,0x7d,0x0a,0x20,0x20,0x20,0x20,0x69,0x66,0x20,
    0x28,0x28,0x6d,0x6f,0x64,0x65,0x20,0x3e,0x20,0x33,0x2e,0x35,0x66,0x29,0x20,0x26,
    0x26,0x20,0x28,0x6d,0x6f,0x64,0x65,0x20,0x3c,0x20,0x34,0x2e,0x35,0x66,0x29,0x29,
    0x0a,0x20,0x20,0x20,0x20,0x7b,0x0a,0x20,0x20,0x20,0x20,0x20,0x20,0x20,0x20,0x72,
    0x65,0x74,0x75,0x72,0x6e,0x20,0x73,0x72,0x63,0x2e,0x7a,0x3b,0x0a,0x20,0x20,0x20,
    0x20,0x7d,0x0a,0x20,0x20,0x20,0x20,0x69,0x66,0x20,0x28,0x28,0x6d,0x6f,0x64,0x65,
    0x20,0x3e,0x20,0x34,0x2e,0x35,0x66,0x29,0x20,0x26,0x26,0x20,0x28,0x6d,0x6f,0x64,
    0x65,0x20,0x3c,0x20,0x35,0x2e,0x35,0x66,0x29,0x29,0x0a,0x20,0x20,0x20,0x20,0x7b,
    0x0a,0x20,0x20,0x20,0x20,0x20,0x20,0x20,0x20,0x72,0x65,0x74,0x75,0x72,0x6e,0x20,
    0x6d,0x61,0x78,0x28,0x6d,0x61,0x78,0x28,0x73,0x72,0x63,0x2e,0x78,0x2c,0x20,0x73,
    0x72,0x63,0x2e,0x79,0x29,0x2c,0x20,0x73,0x72,0x63,0x2e,0x7a,0x29,0x3b,0x0a,0x20,
    0x20,0x20,0x20,0x7d,0x0a,0x20,0x20,0x20,0x20,0x69,0x66,0x20,0x28,0x6d,0x6f,0x64,
    0x65,0x20,0x3e,0x20,0x35,0x2e,0x35,0x66,0x29,0x0a,0x20,0x20,0x20,0x20,0x7b,0x0a,
    0x20,0x20,0x20,0x20,0x20,0x20,0x20,0x20,0x66,0x6c,0x6f,0x61,0x74,0x33,0x20,0x70,
    0x61,0x72,0x61,0x6d,0x5f,0x32,0x20,0x3d,0x20,0x73,0x72,0x63,0x2e,0x78,0x79,0x7a,
    0x3b,0x0a,0x20,0x20,0x20,0x20,0x20,0x20,0x20,0x20,0x72,0x65,0x74,0x75,0x72,0x6e,
    0x20,0x62,0x72,0x69,0x64,0x67,0x65,0x5f,0x73,0x61,0x74,0x75,0x72,0x61,0x74,0x69,
    0x6f,0x6e,0x28,0x70,0x61,0x72,0x61,0x6d,0x5f,0x32,0x29,0x3b,0x0a,0x20,0x20,0x20,
    0x20,0x7d,0x0a,0x20,0x20,0x20,0x20,0x72,0x65,0x74,0x75,0x72,0x6e,0x20,0x69,0x6e,
    0x74,0x65,0x6e,0x73,0x69,0x74,0x79,0x3b,0x0a,0x7d,0x0a,0x0a,0x66,0x6c,0x6f,0x61,
    0x74,0x20,0x62,0x72,0x69,0x64,0x67,0x65,0x5f,0x6d,0x61,0x73,0x6b,0x5f,0x67,0x61,
    0x6d,0x6d,0x61,0x28,0x29,0x0a,0x7b,0x0a,0x20,0x20,0x20,0x20,0x72,0x65,0x74,0x75,
    0x72,0x6e,0x20,0x6d,0x61,0x78,0x28,0x5f,0x35,0x37,0x5f,0x74,0x65,0x78,0x65,0x6c,
    0x2e,0x77,0x2c,0x20,0x39,0x2e,0x39,0x39,0x39,0x39,0x39,0x39,0x37,0x34,0x37,0x33,
    0x37,0x38,0x37,0x35,0x31,0x36,0x33,0x35,0x35,0x35,0x31,0x34,0x35,0x32,0x36,0x33,
    0x36,0x37,0x31,0x38,0x38,0x65,0x2d,0x30,0x35,0x66,0x29,0x3b,0x0a,0x7d,0x0a,0x0a,
    0x66,0x6c,0x6f,0x61,0x74,0x20,0x62,0x72,0x69,0x64,0x67,0x65,0x5f,0x73,0x6f,0x66,
    0x74,0x5f,0x6d,0x61,0x73,0x6b,0x28,0x66,0x6c,0x6f,0x61,0x74,0x20,0x76,0x61,0x6c,
    0x75,0x65,0x29,0x0a,0x7b,0x0a,0x20,0x20,0x20,0x20,0x66,0x6c,0x6f,0x61,0x74,0x20,
    0x5f,0x32,0x35,0x34,0x20,0x3d,0x20,0x6d,0x61,0x78,0x28,0x5f,0x35,0x37,0x5f,0x74,
    0x65,0x78,0x65,0x6c,0x2e,0x7a,0x2c,0x20,0x30,0x2e,0x30,0x66,0x29,0x3b,0x0a,0x20,
    0x20,0x20,0x20,0x66,0x6c,0x6f,0x61,0x74,0x20,0x5f,0x32,0x35,0x39,0x3b,0x0a,0x20,
    0x20,0x20,0x20,0x69,0x66,0x20,0x28,0x5f,0x32,0x35,0x34,0x20,0x3c,0x3d,0x20,0x39,
    0x2e,0x39,0x39,0x39,0x39,0x39,0x39,0x37,0x34,0x37,0x33,0x37,0x38,0x37,0x35,0x31,
    0x36,0x33,0x35,0x35,0x35,0x31,0x34,0x35,0x32,0x36,0x33,0x36,0x37,0x31,0x38,0x38,
    0x65,0x2d,0x30,0x36,0x66,0x29,0x0a,0x20,0x20,0x20,0x20,0x7b,0x0a,0x20,0x20,0x20,
    0x20,0x20,0x20,0x20,0x20,0x5f,0x32,0x35,0x39,0x20,0x3d,0x20,0x73,0x74,0x65,0x70,
    0x28,0x5f,0x35,0x37,0x5f,0x6f,0x70,0x74,0x69,0x6f,0x6e,0x73,0x2e,0x79,0x2c,0x20,
    0x76,0x61,0x6c,0x75,0x65,0x29,0x3b,0x0a,0x20,0x20,0x20,0x20,0x7d,0x0a,0x20,0x20,
    0x20,0x20,0x65,0x6c,0x73,0x65,0x0a,0x20,0x20,0x20,0x20,0x7b,0x0a,0x20,0x20,0x20,
    0x20,0x20,0x20,0x20,0x20,0x66,0x6c,0x6f,0x61,0x74,0x20,0x5f,0x32,0x37,0x30,0x20,
    0x3d,0x20,0x5f,0x32,0x35,0x34,0x20,0x2a,0x20,0x30,0x2e,0x35,0x66,0x3b,0x0a,0x20,
    0x20,0x20,0x20,0x20,0x20,0x20,0x20,0x5f,0x32,0x35,0x39,0x20,0x3d,0x20,0x73,0x6d,
    0x6f,0x6f,0x74,0x68,0x73,0x74,0x65,0x70,0x28,0x5f,0x35,0x37,0x5f,0x6f,0x70,0x74,
    0x69,0x6f,0x6e,0x73,0x2e,0x79,0x20,0x2d,0x20,0x5f,0x32,0x37,0x30,0x2c,0x20,0x5f,
    0x35,0x37,0x5f,0x6f,0x70,0x74,0x69,0x6f,0x6e,0x73,0x2e,0x79,0x20,0x2b,0x20,0x5f,
    0x32,0x37,0x30,0x2c,0x20,0x76,0x61,0x6c,0x75,0x65,0x29,0x3b,0x0a,0x20,0x20,0x20,
    0x20,0x7d,0x0a,0x20,0x20,0x20,0x20,0x72,0x65,0x74,0x75,0x72,0x6e,0x20,0x70,0x6f,
    0x77,0x28,0x63,0x6c,0x61,0x6d,0x70,0x28,0x5f,0x32,0x35,0x39,0x2c,0x20,0x30,0x2e,
    0x30,0x66,0x2c,0x20,0x31,0x2e,0x30,0x66,0x29,0x2c,0x20,0x31,0x2e,0x30,0x66,0x20,
    0x2f,0x20,0x62,0x72,0x69,0x64,0x67,0x65,0x5f,0x6d,0x61,0x73,0x6b,0x5f,0x67,0x61,
    0x6d,0x6d,0x61,0x28,0x29,0x29,0x3b,0x0a,0x7d,0x0a,0x0a,0x76,0x6f,0x69,0x64,0x20,
    0x66,0x72,0x61,0x67,0x5f,0x6d,0x61,0x69,0x6e,0x28,0x29,0x0a,0x7b,0x0a,0x20,0x20,
    0x20,0x20,0x66,0x6c,0x6f,0x61,0x74,0x32,0x20,0x5f,0x32,0x39,0x35,0x20,0x3d,0x20,
    0x5f,0x35,0x37,0x5f,0x74,0x65,0x78,0x65,0x6c,0x2e,0x78,0x79,0x20,0x2a,0x20,0x6d,
    0x61,0x78,0x28,0x5f,0x35,0x37,0x5f,0x6f,0x70,0x74,0x69,0x6f,0x6e,0x73,0x2e,0x7a,
    0x2c,0x20,0x31,0x2e,0x30,0x66,0x29,0x3b,0x0a,0x20,0x20,0x20,0x20,0x66,0x6c,0x6f,
    0x61,0x74,0x32,0x20,0x70,0x61,0x72,0x61,0x6d,0x20,0x3d,0x20,0x75,0x76,0x3b,0x0a,
    0x20,0x20,0x20,0x20,0x66,0x6c,0x6f,0x61,0x74,0x34,0x20,0x5f,0x33,0x31,0x32,0x20,
    0x3d,0x20,0x62,0x72,0x69,0x64,0x67,0x65,0x49,0x6e,0x70,0x75,0x74,0x54,0x65,0x78,
    0x2e,0x53,0x61,0x6d,0x70,0x6c,0x65,0x28,0x62,0x72,0x69,0x64,0x67,0x65,0x49,0x6e,
    0x70,0x75,0x74,0x53,0x6d,0x70,0x2c,0x20,0x62,0x72,0x69,0x64,0x67,0x65,0x5f,0x73,
    0x61,0x6d,0x70,0x6c,0x65,0x5f,0x75,0x76,0x28,0x70,0x61,0x72,0x61,0x6d,0x29,0x29,
    0x3b,0x0a,0x20,0x20,0x20,0x20,0x66,0x6c,0x6f,0x61,0x74,0x32,0x20,0x5f,0x33,0x32,
    0x30,0x20,0x3d,0x20,0x66,0x6c,0x6f,0x61,0x74,0x32,0x28,0x5f,0x32,0x39,0x35,0x2e,
    0x78,0x2c,0x20,0x30,0x2e,0x30,0x66,0x29,0x3b,0x0a,0x20,0x20,0x20,0x20,0x66,0x6c,
    0x6f,0x61,0x74,0x32,0x20,0x70,0x61,0x72,0x61,0x6d,0x5f,0x31,0x20,0x3d,0x20,0x75,
    0x76,0x20,0x2d,0x20,0x5f,0x33,0x32,0x30,0x3b,0x0a,0x20,0x20,0x20,0x20,0x66,0x6c,
    0x6f,0x61,0x74,0x34,0x20,0x5f,0x33,0x32,0x34,0x20,0x3d,0x20,0x62,0x72,0x69,0x64,
    0x67,0x65,0x49,0x6e,0x70,0x75,0x74,0x54,0x65,0x78,0x2e,0x53,0x61,0x6d,0x70,0x6c,
    0x65,0x28,0x62,0x72,0x69,0x64,0x67,0x65,0x49,0x6e,0x70,0x75,0x74,0x53,0x6d,0x70,
    0x2c,0x20,0x62,0x72,0x69,0x64,0x67,0x65,0x5f,0x73,0x61,0x6d,0x70,0x6c,0x65,0x5f,
    0x75,0x76,0x28,0x70,0x61,0x72,0x61,0x6d,0x5f,0x31,0x29,0x29,0x3b,0x0a,0x20,0x20,
    0x20,0x20,0x66,0x6c,0x6f,0x61,0x74,0x32,0x20,0x70,0x61,0x72,0x61,0x6d,0x5f,0x32,
    0x20,0x3d,0x20,0x75,0x76,0x20,0x2b,0x20,0x5f,0x33,0x32,0x30,0x3b,0x0a,0x20,0x20,
    0x20,0x20,0x66,0x6c,0x6f,0x61,0x74,0x34,0x20,0x5f,0x33,0x33,0x36,0x20,0x3d,0x20,
    0x62,0x72,0x69,0x64,0x67,0x65,0x49,0x6e,0x70,0x75,0x74,0x54,0x65,0x78,0x2e,0x53,
    0x61,0x6d,0x70,0x6c,0x65,0x28,0x62,0x72,0x69,0x64,0x67,0x65,0x49,0x6e,0x70,0x75,
    0x74,0x53,0x6d,0x70,0x2c,0x20,0x62,0x72,0x69,0x64,0x67,0x65,0x5f,0x73,0x61,0x6d,
    0x70,0x6c,0x65,0x5f,0x75,0x76,0x28,0x70,0x61,0x72,0x61,0x6d,0x5f,0x32,0x29,0x29,
    0x3b,0x0a,0x20,0x20,0x20,0x20,0x66,0x6c,0x6f,0x61,0x74,0x32,0x20,0x5f,0x33,0x34,
    0x34,0x20,0x3d,0x20,0x66,0x6c,0x6f,0x61,0x74,0x32,0x28,0x30,0x2e,0x30,0x66,0x2c,
    0x20,0x5f,0x32,0x39,0x35,0x2e,0x79,0x29,0x3b,0x0a,0x20,0x20,0x20,0x20,0x66,0x6c,
    0x6f,0x61,0x74,0x32,0x20,0x70,0x61,0x72,0x61,0x6d,0x5f,0x33,0x20,0x3d,0x20,0x75,
    0x76,0x20,0x2d,0x20,0x5f,0x33,0x34,0x34,0x3b,0x0a,0x20,0x20,0x20,0x20,0x66,0x6c,
    0x6f,0x61,0x74,0x34,0x20,0x5f,0x33,0x34,0x38,0x20,0x3d,0x20,0x62,0x72,0x69,0x64,
    0x67,0x65,0x49,0x6e,0x70,0x75,0x74,0x54,0x65,0x78,0x2e,0x53,0x61,0x6d,0x70,0x6c,
    0x65,0x28,0x62,0x72,0x69,0x64,0x67,0x65,0x49,0x6e,0x70,0x75,0x74,0x53,0x6d,0x70,
    0x2c,0x20,0x62,0x72,0x69,0x64,0x67,0x65,0x5f,0x73,0x61,0x6d,0x70,0x6c,0x65,0x5f,
    0x75,0x76,0x28,0x70,0x61,0x72,0x61,0x6d,0x5f,0x33,0x29,0x29,0x3b,0x0a,0x20,0x20,
    0x20,0x20,0x66,0x6c,0x6f,0x61,0x74,0x32,0x20,0x70,0x61,0x72,0x61,0x6d,0x5f,0x34,
    0x20,0x3d,0x20,0x75,0x76,0x20,0x2b,0x20,0x5f,0x33,0x34,0x34,0x3b,0x0a,0x20,0x20,
    0x20,0x20,0x66,0x6c,0x6f,0x61,0x74,0x34,0x20,0x5f,0x33,0x36,0x30,0x20,0x3d,0x20,
    0x62,0x72,0x69,0x64,0x67,0x65,0x49,0x6e,0x70,0x75,0x74,0x54,0x65,0x78,0x2e,0x53,
    0x61,0x6d,0x70,0x6c,0x65,0x28,0x62,0x72,0x69,0x64,0x67,0x65,0x49,0x6e,0x70,0x75,
    0x74,0x53,0x6d,0x70,0x2c,0x20,0x62,0x72,0x69,0x64,0x67,0x65,0x5f,0x73,0x61,0x6d,
    0x70,0x6c,0x65,0x5f,0x75,0x76,0x28,0x70,0x61,0x72,0x61,0x6d,0x5f,0x34,0x29,0x29,
    0x3b,0x0a,0x20,0x20,0x20,0x20,0x66,0x6c,0x6f,0x61,0x74,0x34,0x20,0x70,0x61,0x72,
    0x61,0x6d,0x5f,0x35,0x20,0x3d,0x20,0x5f,0x33,0x31,0x32,0x3b,0x0a,0x20,0x20,0x20,
    0x20,0x66,0x6c,0x6f,0x61,0x74,0x34,0x20,0x70,0x61,0x72,0x61,0x6d,0x5f,0x36,0x20,
    0x3d,0x20,0x5f,0x33,0x32,0x34,0x3b,0x0a,0x20,0x20,0x20,0x20,0x66,0x6c,0x6f,0x61,
    0x74,0x20,0x5f,0x33,0x36,0x38,0x20,0x3d,0x20,0x62,0x72,0x69,0x64,0x67,0x65,0x5f,
    0x6c,0x75,0x6d,0x69,0x6e,0x61,0x6e,0x63,0x65,0x28,0x70,0x61,0x72,0x61,0x6d,0x5f,
    0x36,0x29,0x3b,0x0a,0x20,0x20,0x20,0x20,0x66,0x6c,0x6f,0x61,0x74,0x34,0x20,0x70,
    0x61,0x72,0x61,0x6d,0x5f,0x37,0x20,0x3d,0x20,0x5f,0x33,0x33,0x36,0x3b,0x0a,0x20,
    0x20,0x20,0x20,0x66,0x6c,0x6f,0x61,0x74,0x20,0x5f,0x33,0x37,0x32,0x20,0x3d,0x20,
    0x62,0x72,0x69,0x64,0x67,0x65,0x5f,0x6c,0x75,0x6d,0x69,0x6e,0x61,0x6e,0x63,0x65,
    0x28,0x70,0x61,0x72,0x61,0x6d,0x5f,0x37,0x29,0x3b,0x0a,0x20,0x20,0x20,0x20,0x66,
    0x6c,0x6f,0x61,0x74,0x34,0x20,0x70,0x61,0x72,0x61,0x6d,0x5f,0x38,0x20,0x3d,0x20,
    0x5f,0x33,0x34,0x38,0x3b,0x0a,0x20,0x20,0x20,0x20,0x66,0x6c,0x6f,0x61,0x74,0x20,
    0x5f,0x33,0x37,0x36,0x20,0x3d,0x20,0x62,0x72,0x69,0x64,0x67,0x65,0x5f,0x6c,0x75,
    0x6d,0x69,0x6e,0x61,0x6e,0x63,0x65,0x28,0x70,0x61,0x72,0x61,0x6d,0x5f,0x38,0x29,
    0x3b,0x0a,0x20,0x20,0x20,0x20,0x66,0x6c,0x6f,0x61,0x74,0x34,0x20,0x70,0x61,0x72,
    0x61,0x6d,0x5f,0x39,0x20,0x3d,0x20,0x5f,0x33,0x36,0x30,0x3b,0x0a,0x20,0x20,0x20,
    0x20,0x66,0x6c,0x6f,0x61,0x74,0x20,0x5f,0x33,0x38,0x30,0x20,0x3d,0x20,0x62,0x72,
    0x69,0x64,0x67,0x65,0x5f,0x6c,0x75,0x6d,0x69,0x6e,0x61,0x6e,0x63,0x65,0x28,0x70,
    0x61,0x72,0x61,0x6d,0x5f,0x39,0x29,0x3b,0x0a,0x20,0x20,0x20,0x20,0x66,0x6c,0x6f,
    0x61,0x74,0x34,0x20,0x70,0x61,0x72,0x61,0x6d,0x5f,0x31,0x30,0x20,0x3d,0x20,0x5f,
    0x33,0x31,0x32,0x3b,0x0a,0x20,0x20,0x20,0x20,0x66,0x6c,0x6f,0x61,0x74,0x20,0x70,
    0x61,0x72,0x61,0x6d,0x5f,0x31,0x31,0x20,0x3d,0x20,0x62,0x72,0x69,0x64,0x67,0x65,
    0x5f,0x6c,0x75,0x6d,0x69,0x6e,0x61,0x6e,0x63,0x65,0x28,0x70,0x61,0x72,0x61,0x6d,
    0x5f,0x35,0x29,0x3b,0x0a,0x20,0x20,0x20,0x20,0x66,0x6c,0x6f,0x61,0x74,0x34,0x20,
    0x70,0x61,0x72,0x61,0x6d,0x5f,0x31,0x32,0x20,0x3d,0x20,0x5f,0x33,0x32,0x34,0x3b,
    0x0a,0x20,0x20,0x20,0x20,0x66,0x6c,0x6f,0x61,0x74,0x20,0x70,0x61,0x72,0x61,0x6d,
    0x5f,0x31,0x33,0x20,0x3d,0x20,0x5f,0x33,0x36,0x38,0x3b,0x0a,0x20,0x20,0x20,0x20,
    0x66,0x6c,0x6f,0x61,0x74,0x34,0x20,0x70,0x61,0x72,0x61,0x6d,0x5f,0x31,0x34,0x20,
    0x3d,0x20,0x5f,0x33,0x33,0x36,0x3b,0x0a,0x20,0x20,0x20,0x20,0x66,0x6c,0x6f,0x61,
    0x74,0x20,0x70,0x61,0x72,0x61,0x6d,0x5f,0x31,0x35,0x20,0x3d,0x20,0x5f,0x33,0x37,
    0x32,0x3b,0x0a,0x20,0x20,0x20,0x20,0x66,0x6c,0x6f,0x61,0x74,0x34,0x20,0x70,0x61,
    0x72,0x61,0x6d,0x5f,0x31,0x36,0x20,0x3d,0x20,0x5f,0x33,0x34,0x38,0x3b,0x0a,0x20,
    0x20,0x20,0x20,0x66,0x6c,0x6f,0x61,0x74,0x20,0x70,0x61,0x72,0x61,0x6d,0x5f,0x31,
    0x37,0x20,0x3d,0x20,0x5f,0x33,0x37,0x36,0x3b,0x0a,0x20,0x20,0x20,0x20,0x66,0x6c,
    0x6f,0x61,0x74,0x34,0x20,0x70,0x61,0x72,0x61,0x6d,0x5f,0x31,0x38,0x20,0x3d,0x20,
    0x5f,0x33,0x36,0x30,0x3b,0x0a,0x20,0x20,0x20,0x20,0x66,0x6c,0x6f,0x61,0x74,0x20,
    0x70,0x61,0x72,0x61,0x6d,0x5f,0x31,0x39,0x20,0x3d,0x20,0x5f,0x33,0x38,0x30,0x3b,
    0x0a,0x20,0x20,0x20,0x20,0x66,0x6c,0x6f,0x61,0x74,0x20,0x70,0x61,0x72,0x61,0x6d,
    0x5f,0x32,0x30,0x20,0x3d,0x20,0x6d,0x61,0x78,0x28,0x6d,0x61,0x78,0x28,0x6d,0x61,
    0x78,0x28,0x6d,0x61,0x78,0x28,0x62,0x72,0x69,0x64,0x67,0x65,0x5f,0x6d,0x61,0x73,
    0x6b,0x5f,0x76,0x61,0x6c,0x75,0x65,0x28,0x70,0x61,0x72,0x61,0x6d,0x5f,0x31,0x30,
    0x2c,0x20,0x70,0x61,0x72,0x61,0x6d,0x5f,0x31,0x31,0x29,0x2c,0x20,0x62,0x72,0x69,
    0x64,0x67,0x65,0x5f,0x6d,0x61,0x73,0x6b,0x5f,0x76,0x61,0x6c,0x75,0x65,0x28,0x70,
    0x61,0x72,0x61,0x6d,0x5f,0x31,0x32,0x2c,0x20,0x70,0x61,0x72,0x61,0x6d,0x5f,0x31,
    0x33,0x29,0x29,0x2c,0x20,0x62,0x72,0x69,0x64,0x67,0x65,0x5f,0x6d,0x61,0x73,0x6b,
    0x5f,0x76,0x61,0x6c,0x75,0x65,0x28,0x70,0x61,0x72,0x61,0x6d,0x5f,0x31,0x34,0x2c,
    0x20,0x70,0x61,0x72,0x61,0x6d,0x5f,0x31,0x35,0x29,0x29,0x2c,0x20,0x62,0x72,0x69,
    0x64,0x67,0x65,0x5f,0x6d,0x61,0x73,0x6b,0x5f,0x76,0x61,0x6c,0x75,0x65,0x28,0x70,
    0x61,0x72,0x61,0x6d,0x5f,0x31,0x36,0x2c,0x20,0x70,0x61,0x72,0x61,0x6d,0x5f,0x31,
    0x37,0x29,0x29,0x2c,0x20,0x62,0x72,0x69,0x64,0x67,0x65,0x5f,0x6d,0x61,0x73,0x6b,
    0x5f,0x76,0x61,0x6c,0x75,0x65,0x28,0x70,0x61,0x72,0x61,0x6d,0x5f,0x31,0x38,0x2c,
    0x20,0x70,0x61,0x72,0x61,0x6d,0x5f,0x31,0x39,0x29,0x29,0x3b,0x0a,0x20,0x20,0x20,
    0x20,0x66,0x72,0x61,0x67,0x5f,0x63,0x6f,0x6c,0x6f,0x72,0x20,0x3d,0x20,0x66,0x6c,
    0x6f,0x61,0x74,0x34,0x28,0x28,0x28,0x66,0x6c,0x6f,0x61,0x74,0x32,0x28,0x5f,0x33,
    0x37,0x32,0x20,0x2d,0x20,0x5f,0x33,0x36,0x38,0x2c,0x20,0x5f,0x33,0x38,0x30,0x20,
    0x2d,0x20,0x5f,0x33,0x37,0x36,0x29,0x20,0x2a,0x20,0x5f,0x35,0x37,0x5f,0x6f,0x70,
    0x74,0x69,0x6f,0x6e,0x73,0x2e,0x78,0x29,0x20,0x2a,0x20,0x62,0x72,0x69,0x64,0x67,
    0x65,0x5f,0x73,0x6f,0x66,0x74,0x5f,0x6d,0x61,0x73,0x6b,0x28,0x70,0x61,0x72,0x61,
    0x6d,0x5f,0x32,0x30,0x29,0x29,0x20,0x2a,0x20,0x5f,0x35,0x37,0x5f,0x63,0x6f,0x6c,
    0x6f,0x72,0x2e,0x78,0x79,0x2c,0x20,0x30,0x2e,0x30,0x66,0x2c,0x20,0x31,0x2e,0x30,
    0x66,0x29,0x3b,0x0a,0x7d,0x0a,0x0a,0x53,0x50,0x49,0x52,0x56,0x5f,0x43,0x72,0x6f,
    0x73,0x73,0x5f,0x4f,0x75,0x74,0x70,0x75,0x74,0x20,0x6d,0x61,0x69,0x6e,0x28,0x53,
    0x50,0x49,0x52,0x56,0x5f,0x43,0x72,0x6f,0x73,0x73,0x5f,0x49,0x6e,0x70,0x75,0x74,
    0x20,0x73,0x74,0x61,0x67,0x65,0x5f,0x69,0x6e,0x70,0x75,0x74,0x29,0x0a,0x7b,0x0a,
    0x20,0x20,0x20,0x20,0x75,0x76,0x20,0x3d,0x20,0x73,0x74,0x61,0x67,0x65,0x5f,0x69,
    0x6e,0x70,0x75,0x74,0x2e,0x75,0x76,0x3b,0x0a,0x20,0x20,0x20,0x20,0x66,0x72,0x61,
    0x67,0x5f,0x6d,0x61,0x69,0x6e,0x28,0x29,0x3b,0x0a,0x20,0x20,0x20,0x20,0x53,0x50,
    0x49,0x52,0x56,0x5f,0x43,0x72,0x6f,0x73,0x73,0x5f,0x4f,0x75,0x74,0x70,0x75,0x74,
    0x20,0x73,0x74,0x61,0x67,0x65,0x5f,0x6f,0x75,0x74,0x70,0x75,0x74,0x3b,0x0a,0x20,
    0x20,0x20,0x20,0x73,0x74,0x61,0x67,0x65,0x5f,0x6f,0x75,0x74,0x70,0x75,0x74,0x2e,
    0x66,0x72,0x61,0x67,0x5f,0x63,0x6f,0x6c,0x6f,0x72,0x20,0x3d,0x20,0x66,0x72,0x61,
    0x67,0x5f,0x63,0x6f,0x6c,0x6f,0x72,0x3b,0x0a,0x20,0x20,0x20,0x20,0x72,0x65,0x74,
    0x75,0x72,0x6e,0x20,0x73,0x74,0x61,0x67,0x65,0x5f,0x6f,0x75,0x74,0x70,0x75,0x74,
    0x3b,0x0a,0x7d,0x0a,0x00,
};
/*
    cbuffer bridge_params : register(b0)
    {
        float4 _57_color : packoffset(c0);
        float4 _57_resolution : packoffset(c1);
        float4 _57_texel : packoffset(c2);
        float4 _57_options : packoffset(c3);
    };

    Texture2D<float4> bridgeInputTex : register(t0);
    SamplerState bridgeInputSmp : register(s0);

    static float2 uv;
    static float4 frag_color;

    struct SPIRV_Cross_Input
    {
        float2 uv : TEXCOORD0;
    };

    struct SPIRV_Cross_Output
    {
        float4 frag_color : SV_Target0;
    };

    float mod(float x, float y)
    {
        return x - y * floor(x / y);
    }

    float2 mod(float2 x, float2 y)
    {
        return x - y * floor(x / y);
    }

    float3 mod(float3 x, float3 y)
    {
        return x - y * floor(x / y);
    }

    float4 mod(float4 x, float4 y)
    {
        return x - y * floor(x / y);
    }

    float bridge_flag(float _packed, float flag)
    {
        return floor(mod(floor(_packed / flag), 2.0f));
    }

    float2 bridge_sample_uv(float2 p)
    {
        float param = _57_options.w;
        float param_1 = 4.0f;
        float param_2 = _57_options.w;
        float param_3 = 8.0f;
        return float2(lerp(p.x, 1.0f - p.x, bridge_flag(param, param_1)), lerp(p.y, 1.0f - p.y, bridge_flag(param_2, param_3)));
    }

    float bridge_luminance(float4 src)
    {
        float _103 = dot(src.xyz, float3(0.2125999927520751953125f, 0.715200006961822509765625f, 0.072200000286102294921875f));
        float param = _57_options.w;
        float param_1 = 1.0f;
        return lerp(_103, 1.0f - _103, bridge_flag(param, param_1));
    }

    float bridge_mask_source_mode()
    {
        return floor(_57_options.w * 0.0625f);
    }

    float bridge_saturation(float3 rgb)
    {
        float _131 = max(max(rgb.x, rgb.y), rgb.z);
        float _145;
        if (_131 <= 9.9999999747524270787835121154785e-07f)
        {
            _145 = 0.0f;
        }
        else
        {
            _145 = (_131 - min(min(rgb.x, rgb.y), rgb.z)) / _131;
        }
        return _145;
    }

    float bridge_mask_value(float4 src, float intensity)
    {
        float param = _57_options.w;
        float param_1 = 2.0f;
        float mode = bridge_mask_source_mode();
        if (bridge_flag(param, param_1) > 0.5f)
        {
            mode = 1.0f;
        }
        if ((mode > 0.5f) && (mode < 1.5f))
        {
            return src.w;
        }
        if ((mode > 1.5f) && (mode < 2.5f))
        {
            return src.x;
        }
        if ((mode > 2.5f) && (mode < 3.5f))
        {
            return src.y;
        }
        if ((mode > 3.5f) && (mode < 4.5f))
        {
            return src.z;
        }
        if ((mode > 4.5f) && (mode < 5.5f))
        {
            return max(max(src.x, src.y), src.z);
        }
        if (mode > 5.5f)
        {
            float3 param_2 = src.xyz;
            return bridge_saturation(param_2);
        }
        return intensity;
    }

    float bridge_mask_gamma()
    {
        return max(_57_texel.w, 9.9999997473787516355514526367188e-05f);
    }

    float bridge_soft_mask(float value)
    {
        float _254 = max(_57_texel.z, 0.0f);
        float _259;
        if (_254 <= 9.9999997473787516355514526367188e-06f)
        {
            _259 = step(_57_options.y, value);
        }
        else
        {
            float _270 = _254 * 0.5f;
            _259 = smoothstep(_57_options.y - _270, _57_options.y + _270, value);
        }
        return pow(clamp(_259, 0.0f, 1.0f), 1.0f / bridge_mask_gamma());
    }

    void frag_main()
    {
        float2 param = uv;
        float4 _303 = bridgeInputTex.Sample(bridgeInputSmp, bridge_sample_uv(param));
        float4 param_1 = _303;
        float _307 = bridge_luminance(param_1);
        float4 param_2 = _303;
        float param_3 = _307;
        float param_4 = bridge_mask_value(param_2, param_3);
        float _322 = (_307 * _57_options.x) * bridge_soft_mask(param_4);
        frag_color = float4(_57_color.xyz * _322, _322);
    }

    SPIRV_Cross_Output main(SPIRV_Cross_Input stage_input)
    {
        uv = stage_input.uv;
        frag_main();
        SPIRV_Cross_Output stage_output;
        stage_output.frag_color = frag_color;
        return stage_output;
    }
*/
static const uint8_t fs_bridge_density_source_hlsl5[3703] = {
    0x63,0x62,0x75,0x66,0x66,0x65,0x72,0x20,0x62,0x72,0x69,0x64,0x67,0x65,0x5f,0x70,
    0x61,0x72,0x61,0x6d,0x73,0x20,0x3a,0x20,0x72,0x65,0x67,0x69,0x73,0x74,0x65,0x72,
    0x28,0x62,0x30,0x29,0x0a,0x7b,0x0a,0x20,0x20,0x20,0x20,0x66,0x6c,0x6f,0x61,0x74,
    0x34,0x20,0x5f,0x35,0x37,0x5f,0x63,0x6f,0x6c,0x6f,0x72,0x20,0x3a,0x20,0x70,0x61,
    0x63,0x6b,0x6f,0x66,0x66,0x73,0x65,0x74,0x28,0x63,0x30,0x29,0x3b,0x0a,0x20,0x20,
    0x20,0x20,0x66,0x6c,0x6f,0x61,0x74,0x34,0x20,0x5f,0x35,0x37,0x5f,0x72,0x65,0x73,
    0x6f,0x6c,0x75,0x74,0x69,0x6f,0x6e,0x20,0x3a,0x20,0x70,0x61,0x63,0x6b,0x6f,0x66,
    0x66,0x73,0x65,0x74,0x28,0x63,0x31,0x29,0x3b,0x0a,0x20,0x20,0x20,0x20,0x66,0x6c,
    0x6f,0x61,0x74,0x34,0x20,0x5f,0x35,0x37,0x5f,0x74,0x65,0x78,0x65,0x6c,0x20,0x3a,
    0x20,0x70,0x61,0x63,0x6b,0x6f,0x66,0x66,0x73,0x65,0x74,0x28,0x63,0x32,0x29,0x3b,
    0x0a,0x20,0x20,0x20,0x20,0x66,0x6c,0x6f,0x61,0x74,0x34,0x20,0x5f,0x35,0x37,0x5f,
    0x6f,0x70,0x74,0x69,0x6f,0x6e,0x73,0x20,0x3a,0x20,0x70,0x61,0x63,0x6b,0x6f,0x66,
    0x66,0x73,0x65,0x74,0x28,0x63,0x33,0x29,0x3b,0x0a,0x7d,0x3b,0x0a,0x0a,0x54,0x65,
    0x78,0x74,0x75,0x72,0x65,0x32,0x44,0x3c,0x66,0x6c,0x6f,0x61,0x74,0x34,0x3e,0x20,
    0x62,0x72,0x69,0x64,0x67,0x65,0x49,0x6e,0x70,0x75,0x74,0x54,0x65,0x78,0x20,0x3a,
    0x20,0x72,0x65,0x67,0x69,0x73,0x74,0x65,0x72,0x28,0x74,0x30,0x29,0x3b,0x0a,0x53,
    0x61,0x6d,0x70,0x6c,0x65,0x72,0x53,0x74,0x61,0x74,0x65,0x20,0x62,0x72,0x69,0x64,
    0x67,0x65,0x49,0x6e,0x70,0x75,0x74,0x53,0x6d,0x70,0x20,0x3a,0x20,0x72,0x65,0x67,
    0x69,0x73,0x74,0x65,0x72,0x28,0x73,0x30,0x29,0x3b,0x0a,0x0a,0x73,0x74,0x61,0x74,
    0x69,0x63,0x20,0x66,0x6c,0x6f,0x61,0x74,0x32,0x20,0x75,0x76,0x3b,0x0a,0x73,0x74,
    0x61,0x74,0x69,0x63,0x20,0x66,0x6c,0x6f,0x61,0x74,0x34,0x20,0x66,0x72,0x61,0x67,
    0x5f,0x63,0x6f,0x6c,0x6f,0x72,0x3b,0x0a,0x0a,0x73,0x74,0x72,0x75,0x63,0x74,0x20,
    0x53,0x50,0x49,0x52,0x56,0x5f,0x43,0x72,0x6f,0x73,0x73,0x5f,0x49,0x6e,0x70,0x75,
    0x74,0x0a,0x7b,0x0a,0x20,0x20,0x20,0x20,0x66,0x6c,0x6f,0x61,0x74,0x32,0x20,0x75,
    0x76,0x20,0x3a,0x20,0x54,0x45,0x58,0x43,0x4f,0x4f,0x52,0x44,0x30,0x3b,0x0a,0x7d,
    0x3b,0x0a,0x0a,0x73,0x74,0x72,0x75,0x63,0x74,0x20,0x53,0x50,0x49,0x52,0x56,0x5f,
    0x43,0x72,0x6f,0x73,0x73,0x5f,0x4f,0x75,0x74,0x70,0x75,0x74,0x0a,0x7b,0x0a,0x20,
    0x20,0x20,0x20,0x66,0x6c,0x6f,0x61,0x74,0x34,0x20,0x66,0x72,0x61,0x67,0x5f,0x63,
    0x6f,0x6c,0x6f,0x72,0x20,0x3a,0x20,0x53,0x56,0x5f,0x54,0x61,0x72,0x67,0x65,0x74,
    0x30,0x3b,0x0a,0x7d,0x3b,0x0a,0x0a,0x66,0x6c,0x6f,0x61,0x74,0x20,0x6d,0x6f,0x64,
    0x28,0x66,0x6c,0x6f,0x61,0x74,0x20,0x78,0x2c,0x20,0x66,0x6c,0x6f,0x61,0x74,0x20,
    0x79,0x29,0x0a,0x7b,0x0a,0x20,0x20,0x20,0x20,0x72,0x65,0x74,0x75,0x72,0x6e,0x20,
    0x78,0x20,0x2d,0x20,0x79,0x20,0x2a,0x20,0x66,0x6c,0x6f,0x6f,0x72,0x28,0x78,0x20,
    0x2f,0x20,0x79,0x29,0x3b,0x0a,0x7d,0x0a,0x0a,0x66,0x6c,0x6f,0x61,0x74,0x32,0x20,
    0x6d,0x6f,0x64,0x28,0x66,0x6c,0x6f,0x61,0x74,0x32,0x20,0x78,0x2c,0x20,0x66,0x6c,
    0x6f,0x61,0x74,0x32,0x20,0x79,0x29,0x0a,0x7b,0x0a,0x20,0x20,0x20,0x20,0x72,0x65,
    0x74,0x75,0x72,0x6e,0x20,0x78,0x20,0x2d,0x20,0x79,0x20,0x2a,0x20,0x66,0x6c,0x6f,
    0x6f,0x72,0x28,0x78,0x20,0x2f,0x20,0x79,0x29,0x3b,0x0a,0x7d,0x0a,0x0a,0x66,0x6c,
    0x6f,0x61,0x74,0x33,0x20,0x6d,0x6f,0x64,0x28,0x66,0x6c,0x6f,0x61,0x74,0x33,0x20,
    0x78,0x2c,0x20,0x66,0x6c,0x6f,0x61,0x74,0x33,0x20,0x79,0x29,0x0a,0x7b,0x0a,0x20,
    0x20,0x20,0x20,0x72,0x65,0x74,0x75,0x72,0x6e,0x20,0x78,0x20,0x2d,0x20,0x79,0x20,
    0x2a,0x20,0x66,0x6c,0x6f,0x6f,0x72,0x28,0x78,0x20,0x2f,0x20,0x79,0x29,0x3b,0x0a,
    0x7d,0x0a,0x0a,0x66,0x6c,0x6f,0x61,0x74,0x34,0x20,0x6d,0x6f,0x64,0x28,0x66,0x6c,
    0x6f,0x61,0x74,0x34,0x20,0x78,0x2c,0x20,0x66,0x6c,0x6f,0x61,0x74,0x34,0x20,0x79,
    0x29,0x0a,0x7b,0x0a,0x20,0x20,0x20,0x20,0x72,0x65,0x74,0x75,0x72,0x6e,0x20,0x78,
    0x20,0x2d,0x20,0x79,0x20,0x2a,0x20,0x66,0x6c,0x6f,0x6f,0x72,0x28,0x78,0x20,0x2f,
    0x20,0x79,0x29,0x3b,0x0a,0x7d,0x0a,0x0a,0x66,0x6c,0x6f,0x61,0x74,0x20,0x62,0x72,
    0x69,0x64,0x67,0x65,0x5f,0x66,0x6c,0x61,0x67,0x28,0x66,0x6c,0x6f,0x61,0x74,0x20,
    0x5f,0x70,0x61,0x63,0x6b,0x65,0x64,0x2c,0x20,0x66,0x6c,0x6f,0x61,0x74,0x20,0x66,
    0x6c,0x61,0x67,0x29,0x0a,0x7b,0x0a,0x20,0x20,0x20,0x20,0x72,0x65,0x74,0x75,0x72,
    0x6e,0x20,0x66,0x6c,0x6f,0x6f,0x72,0x28,0x6d,0x6f,0x64,0x28,0x66,0x6c,0x6f,0x6f,
    0x72,0x28,0x5f,0x70,0x61,0x63,0x6b,0x65,0x64,0x20,0x2f,0x20,0x66,0x6c,0x61,0x67,
    0x29,0x2c,0x20,0x32,0x2e,0x30,0x66,0x29,0x29,0x3b,0x0a,0x7d,0x0a,0x0a,0x66,0x6c,
    0x6f,0x61,0x74,0x32,0x20,0x62,0x72,0x69,0x64,0x67,0x65,0x5f,0x73,0x61,0x6d,0x70,
    0x6c,0x65,0x5f,0x75,0x76,0x28,0x66,0x6c,0x6f,0x61,0x74,0x32,0x20,0x70,0x29,0x0a,
    0x7b,0x0a,0x20,0x20,0x20,0x20,0x66,0x6c,0x6f,0x61,0x74,0x20,0x70,0x61,0x72,0x61,
    0x6d,0x20,0x3d,0x20,0x5f,0x35,0x37,0x5f,0x6f,0x70,0x74,0x69,0x6f,0x6e,0x73,0x2e,
    0x77,0x3b,0x0a,0x20,0x20,0x20,0x20,0x66,0x6c,0x6f,0x61,0x74,0x20,0x70,0x61,0x72,
    0x61,0x6d,0x5f,0x31,0x20,0x3d,0x20,0x34,0x2e,0x30,0x66,0x3b,0x0a,0x20,0x20,0x20,
    0x20,0x66,0x6c,0x6f,0x61,0x74,0x20,0x70,0x61,0x72,0x61,0x6d,0x5f,0x32,0x20,0x3d,
    0x20,0x5f,0x35,0x37,0x5f,0x6f,0x70,0x74,0x69,0x6f,0x6e,0x73,0x2e,0x77,0x3b,0x0a,
    0x20,0x20,0x20,0x20,0x66,0x6c,0x6f,0x61,0x74,0x20,0x70,0x61,0x72,0x61,0x6d,0x5f,
    0x33,0x20,0x3d,0x20,0x38,0x2e,0x30,0x66,0x3b,0x0a,0x20,0x20,0x20,0x20,0x72,0x65,
    0x74,0x75,0x72,0x6e,0x20,0x66,0x6c,0x6f,0x61,0x74,0x32,0x28,0x6c,0x65,0x72,0x70,
    0x28,0x70,0x2e,0x78,0x2c,0x20,0x31,0x2e,0x30,0x66,0x20,0x2d,0x20,0x70,0x2e,0x78,
    0x2c,0x20,0x62,0x72,0x69,0x64,0x67,0x65,0x5f,0x66,0x6c,0x61,0x67,0x28,0x70,0x61,
    0x72,0x61,0x6d,0x2c,0x20,0x70,0x61,0x72,0x61,0x6d,0x5f,0x31,0x29,0x29,0x2c,0x20,
    0x6c,0x65,0x72,0x70,0x28,0x70,0x2e,0x79,0x2c,0x20,0x31,0x2e,0x30,0x66,0x20,0x2d,
    0x20,0x70,0x2e,0x79,0x2c,0x20,0x62,0x72,0x69,0x64,0x67,0x65,0x5f,0x66,0x6c,0x61,
    0x67,0x28,0x70,0x61,0x72,0x61,0x6d,0x5f,0x32,0x2c,0x20,0x70,0x61,0x72,0x61,0x6d,
    0x5f,0x33,0x29,0x29,0x29,0x3b,0x0a,0x7d,0x0a,0x0a,0x66,0x6c,0x6f,0x61,0x74,0x20,
    0x62,0x72,0x69,0x64,0x67,0x65,0x5f,0x6c,0x75,0x6d,0x69,0x6e,0x61,0x6e,0x63,0x65,
    0x28,0x66,0x6c,0x6f,0x61,0x74,0x34,0x20,0x73,0x72,0x63,0x29,0x0a,0x7b,0x0a,0x20,
    0x20,0x20,0x20,0x66,0x6c,0x6f,0x61,0x74,0x20,0x5f,0x31,0x30,0x33,0x20,0x3d,0x20,
    0x64,0x6f,0x74,0x28,0x73,0x72,0x63,0x2e,0x78,0x79,0x7a,0x2c,0x20,0x66,0x6c,0x6f,
    0x61,0x74,0x33,0x28,0x30,0x2e,0x32,0x31,0x32,0x35,0x39,0x39,0x39,0x39,0x32,0x37,
    0x35,0x32,0x30,0x37,0x35,0x31,0x39,0x35,0x33,0x31,0x32,0x35,0x66,0x2c,0x20,0x30,
    0x2e,0x37,0x31,0x35,0x32,0x30,0x30,0x30,0x30,0x36,0x39,0x36,0x31,0x38,0x32,0x32,
    0x35,0x30,0x39,0x37,0x36,0x35,0x36,0x32,0x35,0x66,0x2c,0x20,0x30,0x2e,0x30,0x37,
    0x32,0x32,0x30,0x30,0x30,0x30,0x30,0x32,0x38,0x36,0x31,0x30,0x32,0x32,0x39,0x34,
    0x39,0x32,0x31,0x38,0x37,0x35,0x66,0x29,0x29,0x3b,0x0a,0x20,0x20,0x20,0x20,0x66,
    0x6c,0x6f,0x61,0x74,0x20,0x70,0x61,0x72,0x61,0x6d,0x20,0x3d,0x20,0x5f,0x35,0x37,
    0x5f,0x6f,0x70,0x74,0x69,0x6f,0x6e,0x73,0x2e,0x77,0x3b,0x0a,0x20,0x20,0x20,0x20,
    0x66,0x6c,0x6f,0x61,0x74,0x20,0x70,0x61,0x72,0x61,0x6d,0x5f,0x31,0x20,0x3d,0x20,
    0x31,0x2e,0x30,0x66,0x3b,0x0a,0x20,0x20,0x20,0x20,0x72,0x65,0x74,0x75,0x72,0x6e,
    0x20,0x6c,0x65,0x72,0x70,0x28,0x5f,0x31,0x30,0x33,0x2c,0x20,0x31,0x2e,0x30,0x66,
    0x20,0x2d,0x20,0x5f,0x31,0x30,0x33,0x2c,0x20,0x62,0x72,0x69,0x64,0x67,0x65,0x5f,
    0x66,0x6c,0x61,0x67,0x28,0x70,0x61,0x72,0x61,0x6d,0x2c,0x20,0x70,0x61,0x72,0x61,
    0x6d,0x5f,0x31,0x29,0x29,0x3b,0x0a,0x7d,0x0a,0x0a,0x66,0x6c,0x6f,0x61,0x74,0x20,
    0x62,0x72,0x69,0x64,0x67,0x65,0x5f,0x6d,0x61,0x73,0x6b,0x5f,0x73,0x6f,0x75,0x72,
    0x63,0x65,0x5f,0x6d,0x6f,0x64,0x65,0x28,0x29,0x0a,0x7b,0x0a,0x20,0x20,0x20,0x20,
    0x72,0x65,0x74,0x75,0x72,0x6e,0x20,0x66,0x6c,0x6f,0x6f,0x72,0x28,0x5f,0x35,0x37,
    0x5f,0x6f,0x70,0x74,0x69,0x6f,0x6e,0x73,0x2e,0x77,0x20,0x2a,0x20,0x30,0x2e,0x30,
    0x36,0x32,0x35,0x66,0x29,0x3b,0x0a,0x7d,0x0a,0x0a,0x66,0x6c,0x6f,0x61,0x74,0x20,
    0x62,0x72,0x69,0x64,0x67,0x65,0x5f,0x73,0x61,0x74,0x75,0x72,0x61,0x74,0x69,0x6f,
    0x6e,0x28,0x66,0x6c,0x6f,0x61,0x74,0x33,0x20,0x72,0x67,0x62,0x29,0x0a,0x7b,0x0a,
    0x20,0x20,0x20,0x20,0x66,0x6c,0x6f,0x61,0x74,0x20,0x5f,0x31,0x33,0x31,0x20,0x3d,
    0x20,0x6d,0x61,0x78,0x28,0x6d,0x61,0x78,0x28,0x72,0x67,0x62,0x2e,0x78,0x2c,0x20,
    0x72,0x67,0x62,0x2e,0x79,0x29,0x2c,0x20,0x72,0x67,0x62,0x2e,0x7a,0x29,0x3b,0x0a,
    0x20,0x20,0x20,0x20,0x66,0x6c,0x6f,0x61,0x74,0x20,0x5f,0x31,0x34,0x35,0x3b,0x0a,
    0x20,0x20,0x20,0x20,0x69,0x66,0x20,0x28,0x5f,0x31,0x33,0x31,0x20,0x3c,0x3d,0x20,
    0x39,0x2e,0x39,0x39,0x39,0x39,0x39,0x39,0x39,0x37,0x34,0x37,0x35,0x32,0x34,0x32,
    0x37,0x30,0x37,0x38,0x37,0x38,0x33,0x35,0x31,0x32,0x31,0x31,0x35,0x34,0x37,0x38,
    0x35,0x65,0x2d,0x30,0x37,0x66,0x29,0x0a,0x20,0x20,0x20,0x20,0x7b,0x0a,0x20,0x20,
    0x20,0x20,0x20,0x20,0x20,0x20,0x5f,0x31,0x34,0x35,0x20,0x3d,0x20,0x30,0x2e,0x30,
    0x66,0x3b,0x0a,0x20,0x20,0x20,0x20,0x7d,0x0a,0x20,0x20,0x20,0x20,0x65,0x6c,0x73,
    0x65,0x0a,0x20,0x20,0x20,0x20,0x7b,0x0a,0x20,0x20,0x20,0x20,0x20,0x20,0x20,0x20,
    0x5f,0x31,0x34,0x35,0x20,0x3d,0x20,0x28,0x5f,0x31,0x33,0x31,0x20,0x2d,0x20,0x6d,
    0x69,0x6e,0x28,0x6d,0x69,0x6e,0x28,0x72,0x67,0x62,0x2e,0x78,0x2c,0x20,0x72,0x67,
    0x62,0x2e,0x79,0x29,0x2c,0x20,0x72,0x67,0x62,0x2e,0x7a,0x29,0x29,0x20,0x2f,0x20,
    0x5f,0x31,0x33,0x31,0x3b,0x0a,0x20,0x20,0x20,0x20,0x7d,0x0a,0x20,0x20,0x20,0x20,
    0x72,0x65,0x74,0x75,0x72,0x6e,0x20,0x5f,0x31,0x34,0x35,0x3b,0x0a,0x7d,0x0a,0x0a,
    0x66,0x6c,0x6f,0x61,0x74,0x20,0x62,0x72,0x69,0x64,0x67,0x65,0x5f,0x6d,0x61,0x73,
    0x6b,0x5f,0x76,0x61,0x6c,0x75,0x65,0x28,0x66,0x6c,0x6f,0x61,0x74,0x34,0x20,0x73,
    0x72,0x63,0x2c,0x20,0x66,0x6c,0x6f,0x61,0x74,0x20,0x69,0x6e,0x74,0x65,0x6e,0x73,
    0x69,0x74,0x79,0x29,0x0a,0x7b,0x0a,0x20,0x20,0x20,0x20,0x66,0x6c,0x6f,0x61,0x74,
    0x20,0x70,0x61,0x72,0x61,0x6d,0x20,0x3d,0x20,0x5f,0x35,0x37,0x5f,0x6f,0x70,0x74,
    0x69,0x6f,0x6e,0x73,0x2e,0x77,0x3b,0x0a,0x20,0x20,0x20,0x20,0x66,0x6c,0x6f,0x61,
    0x74,0x20,0x70,0x61,0x72,0x61,0x6d,0x5f,0x31,0x20,0x3d,0x20,0x32,0x2e,0x30,0x66,
    0x3b,0x0a,0x20,0x20,0x20,0x20,0x66,0x6c,0x6f,0x61,0x74,0x20,0x6d,0x6f,0x64,0x65,
    0x20,0x3d,0x20,0x62,0x72,0x69,0x64,0x67,0x65,0x5f,0x6d,0x61,0x73,0x6b,0x5f,0x73,
    0x6f,0x75,0x72,0x63,0x65,0x5f,0x6d,0x6f,0x64,0x65,0x28,0x29,0x3b,0x0a,0x20,0x20,
    0x20,0x20,0x69,0x66,0x20,0x28,0x62,0x72,0x69,0x64,0x67,0x65,0x5f,0x66,0x6c,0x61,
    0x67,0x28,0x70,0x61,0x72,0x61,0x6d,0x2c,0x20,0x70,0x61,0x72,0x61,0x6d,0x5f,0x31,
    0x29,0x20,0x3e,0x20,0x30,0x2e,0x35,0x66,0x29,0x0a,0x20,0x20,0x20,0x20,0x7b,0x0a,
    0x20,0x20,0x20,0x20,0x20,0x20,0x20,0x20,0x6d,0x6f,0x64,0x65,0x20,0x3d,0x20,0x31,
    0x2e,0x30,0x66,0x3b,0x0a,0x20,0x20,0x20,0x20,0x7d,0x0a,0x20,0x20,0x20,0x20,0x69,
    0x66,0x20,0x28,0x28,0x6d,0x6f,0x64,0x65,0x20,0x3e,0x20,0x30,0x2e,0x35,0x66,0x29,
    0x20,0x26,0x26,0x20,0x28,0x6d,0x6f,0x64,0x65,0x20,0x3c,0x20,0x31,0x2e,0x35,0x66,
    0x29,0x29,0x0a,0x20,0x20,0x20,0x20,0x7b,0x0a,0x20,0x20,0x20,0x20,0x20,0x20,0x20,
    0x20,0x72,0x65,0x74,0x75,0x72,0x6e,0x20,0x73,0x72,0x63,0x2e,0x77,0x3b,0x0a,0x20,
    0x20,0x20,0x20,0x7d,0x0a,0x20,0x20,0x20,0x20,0x69,0x66,0x20,0x28,0x28,0x6d,0x6f,
    0x64,0x65,0x20,0x3e,0x20,0x31,0x2e,0x35,0x66,0x29,0x20,0x26,0x26,0x20,0x28,0x6d,
    0x6f,0x64,0x65,0x20,0x3c,0x20,0x32,0x2e,0x35,0x66,0x29,0x29,0x0a,0x20,0x20,0x20,
    0x20,0x7b,0x0a,0x20,0x20,0x20,0x20,0x20,0x20,0x20,0x20,0x72,0x65,0x74,0x75,0x72,
    0x6e,0x20,0x73,0x72,0x63,0x2e,0x78,0x3b,0x0a,0x20,0x20,0x20,0x20,0x7d,0x0a,0x20,
    0x20,0x20,0x20,0x69,0x66,0x20,0x28,0x28,0x6d,0x6f,0x64,0x65,0x20,0x3e,0x20,0x32,
    0x2e,0x35,0x66,0x29,0x20,0x26,0x26,0x20,0x28,0x6d,0x6f,0x64,0x65,0x20,0x3c,0x20,
    0x33,0x2e,0x35,0x66,0x29,0x29,0x0a,0x20,0x20,0x20,0x20,0x7b,0x0a,0x20,0x20,0x20,
    0x20,0x20,0x20,0x20,0x20,0x72,0x65,0x74,0x75,0x72,0x6e,0x20,0x73,0x72,0x63,0x2e,
    0x79,0x3b,0x0a,0x20,0x20,0x20,0x20,0x7d,0x0a,0x20,0x20,0x20,0x20,0x69,0x66,0x20,
    0x28,0x28,0x6d,0x6f,0x64,0x65,0x20,0x3e,0x20,0x33,0x2e,0x35,0x66,0x29,0x20,0x26,
    0x26,0x20,0x28,0x6d,0x6f,0x64,0x65,0x20,0x3c,0x20,0x34,0x2e,0x35,0x66,0x29,0x29,
    0x0a,0x20,0x20,0x20,0x20,0x7b,0x0a,0x20,0x20,0x20,0x20,0x20,0x20,0x20,0x20,0x72,
    0x65,0x74,0x75,0x72,0x6e,0x20,0x73,0x72,0x63,0x2e,0x7a,0x3b,0x0a,0x20,0x20,0x20,
    0x20,0x7d,0x0a,0x20,0x20,0x20,0x20,0x69,0x66,0x20,0x28,0x28,0x6d,0x6f,0x64,0x65,
    0x20,0x3e,0x20,0x34,0x2e,0x35,0x66,0x29,0x20,0x26,0x26,0x20,0x28,0x6d,0x6f,0x64,
    0x65,0x20,0x3c,0x20,0x35,0x2e,0x35,0x66,0x29,0x29,0x0a,0x20,0x20,0x20,0x20,0x7b,
    0x0a,0x20,0x20,0x20,0x20,0x20,0x20,0x20,0x20,0x72,0x65,0x74,0x75,0x72,0x6e,0x20,
    0x6d,0x61,0x78,0x28,0x6d,0x61,0x78,0x28,0x73,0x72,0x63,0x2e,0x78,0x2c,0x20,0x73,
    0x72,0x63,0x2e,0x79,0x29,0x2c,0x20,0x73,0x72,0x63,0x2e,0x7a,0x29,0x3b,0x0a,0x20,
    0x20,0x20,0x20,0x7d,0x0a,0x20,0x20,0x20,0x20,0x69,0x66,0x20,0x28,0x6d,0x6f,0x64,
    0x65,0x20,0x3e,0x20,0x35,0x2e,0x35,0x66,0x29,0x0a,0x20,0x20,0x20,0x20,0x7b,0x0a,
    0x20,0x20,0x20,0x20,0x20,0x20,0x20,0x20,0x66,0x6c,0x6f,0x61,0x74,0x33,0x20,0x70,
    0x61,0x72,0x61,0x6d,0x5f,0x32,0x20,0x3d,0x20,0x73,0x72,0x63,0x2e,0x78,0x79,0x7a,
    0x3b,0x0a,0x20,0x20,0x20,0x20,0x20,0x20,0x20,0x20,0x72,0x65,0x74,0x75,0x72,0x6e,
    0x20,0x62,0x72,0x69,0x64,0x67,0x65,0x5f,0x73,0x61,0x74,0x75,0x72,0x61,0x74,0x69,
    0x6f,0x6e,0x28,0x70,0x61,0x72,0x61,0x6d,0x5f,0x32,0x29,0x3b,0x0a,0x20,0x20,0x20,
    0x20,0x7d,0x0a,0x20,0x20,0x20,0x20,0x72,0x65,0x74,0x75,0x72,0x6e,0x20,0x69,0x6e,
    0x74,0x65,0x6e,0x73,0x69,0x74,0x79,0x3b,0x0a,0x7d,0x0a,0x0a,0x66,0x6c,0x6f,0x61,
    0x74,0x20,0x62,0x72,0x69,0x64,0x67,0x65,0x5f,0x6d,0x61,0x73,0x6b,0x5f,0x67,0x61,
    0x6d,0x6d,0x61,0x28,0x29,0x0a,0x7b,0x0a,0x20,0x20,0x20,0x20,0x72,0x65,0x74,0x75,
    0x72,0x6e,0x20,0x6d,0x61,0x78,0x28,0x5f,0x35,0x37,0x5f,0x74,0x65,0x78,0x65,0x6c,
    0x2e,0x77,0x2c,0x20,0x39,0x2e,0x39,0x39,0x39,0x39,0x39,0x39,0x37,0x34,0x37,0x33,
    0x37,0x38,0x37,0x35,0x31,0x36,0x33,0x35,0x35,0x35,0x31,0x34,0x35,0x32,0x36,0x33,
    0x36,0x37,0x31,0x38,0x38,0x65,0x2d,0x30,0x35,0x66,0x29,0x3b,0x0a,0x7d,0x0a,0x0a,
    0x66,0x6c,0x6f,0x61,0x74,0x20,0x62,0x72,0x69,0x64,0x67,0x65,0x5f,0x73,0x6f,0x66,
    0x74,0x5f,0x6d,0x61,0x73,0x6b,0x28,0x66,0x6c,0x6f,0x61,0x74,0x20,0x76,0x61,0x6c,
    0x75,0x65,0x29,0x0a,0x7b,0x0a,0x20,0x20,0x20,0x20,0x66,0x6c,0x6f,0x61,0x74,0x20,
    0x5f,0x32,0x35,0x34,0x20,0x3d,0x20,0x6d,0x61,0x78,0x28,0x5f,0x35,0x37,0x5f,0x74,
    0x65,0x78,0x65,0x6c,0x2e,0x7a,0x2c,0x20,0x30,0x2e,0x30,0x66,0x29,0x3b,0x0a,0x20,
    0x20,0x20,0x20,0x66,0x6c,0x6f,0x61,0x74,0x20,0x5f,0x32,0x35,0x39,0x3b,0x0a,0x20,
    0x20,0x20,0x20,0x69,0x66,0x20,0x28,0x5f,0x32,0x35,0x34,0x20,0x3c,0x3d,0x20,0x39,
    0x2e,0x39,0x39,0x39,0x39,0x39,0x39,0x37,0x34,0x37,0x33,0x37,0x38,0x37,0x35,0x31,
    0x36,0x33,0x35,0x35,0x35,0x31,0x34,0x35,0x32,0x36,0x33,0x36,0x37,0x31,0x38,0x38,
    0x65,0x2d,0x30,0x36,0x66,0x29,0x0a,0x20,0x20,0x20,0x20,0x7b,0x0a,0x20,0x20,0x20,
    0x20,0x20,0x20,0x20,0x20,0x5f,0x32,0x35,0x39,0x20,0x3d,0x20,0x73,0x74,0x65,0x70,
    0x28,0x5f,0x35,0x37,0x5f,0x6f,0x70,0x74,0x69,0x6f,0x6e,0x73,0x2e,0x79,0x2c,0x20,
    0x76,0x61,0x6c,0x75,0x65,0x29,0x3b,0x0a,0x20,0x20,0x20,0x20,0x7d,0x0a,0x20,0x20,
    0x20,0x20,0x65,0x6c,0x73,0x65,0x0a,0x20,0x20,0x20,0x20,0x7b,0x0a,0x20,0x20,0x20,
    0x20,0x20,0x20,0x20,0x20,0x66,0x6c,0x6f,0x61,0x74,0x20,0x5f,0x32,0x37,0x30,0x20,
    0x3d,0x20,0x5f,0x32,0x35,0x34,0x20,0x2a,0x20,0x30,0x2e,0x35,0x66,0x3b,0x0a,0x20,
    0x20,0x20,0x20,0x20,0x20,0x20,0x20,0x5f,0x32,0x35,0x39,0x20,0x3d,0x20,0x73,0x6d,
    0x6f,0x6f,0x74,0x68,0x73,0x74,0x65,0x70,0x28,0x5f,0x35,0x37,0x5f,0x6f,0x70,0x74,
    0x69,0x6f,0x6e,0x73,0x2e,0x79,0x20,0x2d,0x20,0x5f,0x32,0x37,0x30,0x2c,0x20,0x5f,
    0x35,0x37,0x5f,0x6f,0x70,0x74,0x69,0x6f,0x6e,0x73,0x2e,0x79,0x20,0x2b,0x20,0x5f,
    0x32,0x37,0x30,0x2c,0x20,0x76,0x61,0x6c,0x75,0x65,0x29,0x3b,0x0a,0x20,0x20,0x20,
    0x20,0x7d,0x0a,0x20,0x20,0x20,0x20,0x72,0x65,0x74,0x75,0x72,0x6e,0x20,0x70,0x6f,
    0x77,0x28,0x63,0x6c,0x61,0x6d,0x70,0x28,0x5f,0x32,0x35,0x39,0x2c,0x20,0x30,0x2e,
    0x30,0x66,0x2c,0x20,0x31,0x2e,0x30,0x66,0x29,0x2c,0x20,0x31,0x2e,0x30,0x66,0x20,
    0x2f,0x20,0x62,0x72,0x69,0x64,0x67,0x65,0x5f,0x6d,0x61,0x73,0x6b,0x5f,0x67,0x61,
    0x6d,0x6d,0x61,0x28,0x29,0x29,0x3b,0x0a,0x7d,0x0a,0x0a,0x76,0x6f,0x69,0x64,0x20,
    0x66,0x72,0x61,0x67,0x5f,0x6d,0x61,0x69,0x6e,0x28,0x29,0x0a,0x7b,0x0a,0x20,0x20,
    0x20,0x20,0x66,0x6c,0x6f,0x61,0x74,0x32,0x20,0x70,0x61,0x72,0x61,0x6d,0x20,0x3d,
    0x20,0x75,0x76,0x3b,0x0a,0x20,0x20,0x20,0x20,0x66,0x6c,0x6f,0x61,0x74,0x34,0x20,
    0x5f,0x33,0x30,0x33,0x20,0x3d,0x20,0x62,0x72,0x69,0x64,0x67,0x65,0x49,0x6e,0x70,
    0x75,0x74,0x54,0x65,0x78,0x2e,0x53,0x61,0x6d,0x70,0x6c,0x65,0x28,0x62,0x72,0x69,
    0x64,0x67,0x65,0x49,0x6e,0x70,0x75,0x74,0x53,0x6d,0x70,0x2c,0x20,0x62,0x72,0x69,
    0x64,0x67,0x65,0x5f,0x73,0x61,0x6d,0x70,0x6c,0x65,0x5f,0x75,0x76,0x28,0x70,0x61,
    0x72,0x61,0x6d,0x29,0x29,0x3b,0x0a,0x20,0x20,0x20,0x20,0x66,0x6c,0x6f,0x61,0x74,
    0x34,0x20,0x70,0x61,0x72,0x61,0x6d,0x5f,0x31,0x20,0x3d,0x20,0x5f,0x33,0x30,0x33,
    0x3b,0x0a,0x20,0x20,0x20,0x20,0x66,0x6c,0x6f,0x61,0x74,0x20,0x5f,0x33,0x30,0x37,
    0x20,0x3d,0x20,0x62,0x72,0x69,0x64,0x67,0x65,0x5f,0x6c,0x75,0x6d,0x69,0x6e,0x61,
    0x6e,0x63,0x65,0x28,0x70,0x61,0x72,0x61,0x6d,0x5f,0x31,0x29,0x3b,0x0a,0x20,0x20,
    0x20,0x20,0x66,0x6c,0x6f,0x61,0x74,0x34,0x20,0x70,0x61,0x72,0x61,0x6d,0x5f,0x32,
    0x20,0x3d,0x20,0x5f,0x33,0x30,0x33,0x3b,0x0a,0x20,0x20,0x20,0x20,0x66,0x6c,0x6f,
    0x61,0x74,0x20,0x70,0x61,0x72,0x61,0x6d,0x5f,0x33,0x20,0x3d,0x20,0x5f,0x33,0x30,
    0x37,0x3b,0x0a,0x20,0x20,0x20,0x20,0x66,0x6c,0x6f,0x61,0x74,0x20,0x70,0x61,0x72,
    0x61,0x6d,0x5f,0x34,0x20,0x3d,0x20,0x62,0x72,0x69,0x64,0x67,0x65,0x5f,0x6d,0x61,
    0x73,0x6b,0x5f,0x76,0x61,0x6c,0x75,0x65,0x28,0x70,0x61,0x72,0x61,0x6d,0x5f,0x32,
    0x2c,0x20,0x70,0x61,0x72,0x61,0x6d,0x5f,0x33,0x29,0x3b,0x0a,0x20,0x20,0x20,0x20,
    0x66,0x6c,0x6f,0x61,0x74,0x20,0x5f,0x33,0x32,0x32,0x20,0x3d,0x20,0x28,0x5f,0x33,
    0x30,0x37,0x20,0x2a,0x20,0x5f,0x35,0x37,0x5f,0x6f,0x70,0x74,0x69,0x6f,0x6e,0x73,
    0x2e,0x78,0x29,0x20,0x2a,0x20,0x62,0x72,0x69,0x64,0x67,0x65,0x5f,0x73,0x6f,0x66,
    0x74,0x5f,0x6d,0x61,0x73,0x6b,0x28,0x70,0x61,0x72,0x61,0x6d,0x5f,0x34,0x29,0x3b,
    0x0a,0x20,0x20,0x20,0x20,0x66,0x72,0x61,0x67,0x5f,0x63,0x6f,0x6c,0x6f,0x72,0x20,
    0x3d,0x20,0x66,0x6c,0x6f,0x61,0x74,0x34,0x28,0x5f,0x35,0x37,0x5f,0x63,0x6f,0x6c,
    0x6f,0x72,0x2e,0x78,0x79,0x7a,0x20,0x2a,0x20,0x5f,0x33,0x32,0x32,0x2c,0x20,0x5f,
    0x33,0x32,0x32,0x29,0x3b,0x0a,0x7d,0x0a,0x0a,0x53,0x50,0x49,0x52,0x56,0x5f,0x43,
    0x72,0x6f,0x73,0x73,0x5f,0x4f,0x75,0x74,0x70,0x75,0x74,0x20,0x6d,0x61,0x69,0x6e,
    0x28,0x53,0x50,0x49,0x52,0x56,0x5f,0x43,0x72,0x6f,0x73,0x73,0x5f,0x49,0x6e,0x70,
    0x75,0x74,0x20,0x73,0x74,0x61,0x67,0x65,0x5f,0x69,0x6e,0x70,0x75,0x74,0x29,0x0a,
    0x7b,0x0a,0x20,0x20,0x20,0x20,0x75,0x76,0x20,0x3d,0x20,0x73,0x74,0x61,0x67,0x65,
    0x5f,0x69,0x6e,0x70,0x75,0x74,0x2e,0x75,0x76,0x3b,0x0a,0x20,0x20,0x20,0x20,0x66,
    0x72,0x61,0x67,0x5f,0x6d,0x61,0x69,0x6e,0x28,0x29,0x3b,0x0a,0x20,0x20,0x20,0x20,
    0x53,0x50,0x49,0x52,0x56,0x5f,0x43,0x72,0x6f,0x73,0x73,0x5f,0x4f,0x75,0x74,0x70,
    0x75,0x74,0x20,0x73,0x74,0x61,0x67,0x65,0x5f,0x6f,0x75,0x74,0x70,0x75,0x74,0x3b,
    0x0a,0x20,0x20,0x20,0x20,0x73,0x74,0x61,0x67,0x65,0x5f,0x6f,0x75,0x74,0x70,0x75,
    0x74,0x2e,0x66,0x72,0x61,0x67,0x5f,0x63,0x6f,0x6c,0x6f,0x72,0x20,0x3d,0x20,0x66,
    0x72,0x61,0x67,0x5f,0x63,0x6f,0x6c,0x6f,0x72,0x3b,0x0a,0x20,0x20,0x20,0x20,0x72,
    0x65,0x74,0x75,0x72,0x6e,0x20,0x73,0x74,0x61,0x67,0x65,0x5f,0x6f,0x75,0x74,0x70,
    0x75,0x74,0x3b,0x0a,0x7d,0x0a,0x00,
};
/*
    cbuffer bridge_params : register(b0)
    {
        float4 _57_color : packoffset(c0);
        float4 _57_resolution : packoffset(c1);
        float4 _57_texel : packoffset(c2);
        float4 _57_options : packoffset(c3);
    };

    Texture2D<float4> bridgeInputTex : register(t0);
    SamplerState bridgeInputSmp : register(s0);

    static float2 uv;
    static float4 frag_color;

    struct SPIRV_Cross_Input
    {
        float2 uv : TEXCOORD0;
    };

    struct SPIRV_Cross_Output
    {
        float4 frag_color : SV_Target0;
    };

    float mod(float x, float y)
    {
        return x - y * floor(x / y);
    }

    float2 mod(float2 x, float2 y)
    {
        return x - y * floor(x / y);
    }

    float3 mod(float3 x, float3 y)
    {
        return x - y * floor(x / y);
    }

    float4 mod(float4 x, float4 y)
    {
        return x - y * floor(x / y);
    }

    float bridge_flag(float _packed, float flag)
    {
        return floor(mod(floor(_packed / flag), 2.0f));
    }

    float2 bridge_sample_uv(float2 p)
    {
        float param = _57_options.w;
        float param_1 = 4.0f;
        float param_2 = _57_options.w;
        float param_3 = 8.0f;
        return float2(lerp(p.x, 1.0f - p.x, bridge_flag(param, param_1)), lerp(p.y, 1.0f - p.y, bridge_flag(param_2, param_3)));
    }

    float bridge_luminance(float4 src)
    {
        float _103 = dot(src.xyz, float3(0.2125999927520751953125f, 0.715200006961822509765625f, 0.072200000286102294921875f));
        float param = _57_options.w;
        float param_1 = 1.0f;
        return lerp(_103, 1.0f - _103, bridge_flag(param, param_1));
    }

    float bridge_mask_source_mode()
    {
        return floor(_57_options.w * 0.0625f);
    }

    float bridge_saturation(float3 rgb)
    {
        float _131 = max(max(rgb.x, rgb.y), rgb.z);
        float _145;
        if (_131 <= 9.9999999747524270787835121154785e-07f)
        {
            _145 = 0.0f;
        }
        else
        {
            _145 = (_131 - min(min(rgb.x, rgb.y), rgb.z)) / _131;
        }
        return _145;
    }

    float bridge_mask_value(float4 src, float intensity)
    {
        float param = _57_options.w;
        float param_1 = 2.0f;
        float mode = bridge_mask_source_mode();
        if (bridge_flag(param, param_1) > 0.5f)
        {
            mode = 1.0f;
        }
        if ((mode > 0.5f) && (mode < 1.5f))
        {
            return src.w;
        }
        if ((mode > 1.5f) && (mode < 2.5f))
        {
            return src.x;
        }
        if ((mode > 2.5f) && (mode < 3.5f))
        {
            return src.y;
        }
        if ((mode > 3.5f) && (mode < 4.5f))
        {
            return src.z;
        }
        if ((mode > 4.5f) && (mode < 5.5f))
        {
            return max(max(src.x, src.y), src.z);
        }
        if (mode > 5.5f)
        {
            float3 param_2 = src.xyz;
            return bridge_saturation(param_2);
        }
        return intensity;
    }

    float bridge_mask_gamma()
    {
        return max(_57_texel.w, 9.9999997473787516355514526367188e-05f);
    }

    float bridge_soft_mask(float value)
    {
        float _254 = max(_57_texel.z, 0.0f);
        float _259;
        if (_254 <= 9.9999997473787516355514526367188e-06f)
        {
            _259 = step(_57_options.y, value);
        }
        else
        {
            float _270 = _254 * 0.5f;
            _259 = smoothstep(_57_options.y - _270, _57_options.y + _270, value);
        }
        return pow(clamp(_259, 0.0f, 1.0f), 1.0f / bridge_mask_gamma());
    }

    void frag_main()
    {
        float2 param = uv;
        float4 _303 = bridgeInputTex.Sample(bridgeInputSmp, bridge_sample_uv(param));
        float4 param_1 = _303;
        float _307 = bridge_luminance(param_1);
        float4 param_2 = _303;
        float param_3 = _307;
        float param_4 = bridge_mask_value(param_2, param_3);
        frag_color = ((max(_307 - _57_options.y, 0.0f) * _57_options.x) * bridge_soft_mask(param_4)).xxxx * _57_color;
    }

    SPIRV_Cross_Output main(SPIRV_Cross_Input stage_input)
    {
        uv = stage_input.uv;
        frag_main();
        SPIRV_Cross_Output stage_output;
        stage_output.frag_color = frag_color;
        return stage_output;
    }
*/
static const uint8_t fs_bridge_temperature_source_hlsl5[3696] = {
    0x63,0x62,0x75,0x66,0x66,0x65,0x72,0x20,0x62,0x72,0x69,0x64,0x67,0x65,0x5f,0x70,
    0x61,0x72,0x61,0x6d,0x73,0x20,0x3a,0x20,0x72,0x65,0x67,0x69,0x73,0x74,0x65,0x72,
    0x28,0x62,0x30,0x29,0x0a,0x7b,0x0a,0x20,0x20,0x20,0x20,0x66,0x6c,0x6f,0x61,0x74,
    0x34,0x20,0x5f,0x35,0x37,0x5f,0x63,0x6f,0x6c,0x6f,0x72,0x20,0x3a,0x20,0x70,0x61,
    0x63,0x6b,0x6f,0x66,0x66,0x73,0x65,0x74,0x28,0x63,0x30,0x29,0x3b,0x0a,0x20,0x20,
    0x20,0x20,0x66,0x6c,0x6f,0x61,0x74,0x34,0x20,0x5f,0x35,0x37,0x5f,0x72,0x65,0x73,
    0x6f,0x6c,0x75,0x74,0x69,0x6f,0x6e,0x20,0x3a,0x20,0x70,0x61,0x63,0x6b,0x6f,0x66,
    0x66,0x73,0x65,0x74,0x28,0x63,0x31,0x29,0x3b,0x0a,0x20,0x20,0x20,0x20,0x66,0x6c,
    0x6f,0x61,0x74,0x34,0x20,0x5f,0x35,0x37,0x5f,0x74,0x65,0x78,0x65,0x6c,0x20,0x3a,
    0x20,0x70,0x61,0x63,0x6b,0x6f,0x66,0x66,0x73,0x65,0x74,0x28,0x63,0x32,0x29,0x3b,
    0x0a,0x20,0x20,0x20,0x20,0x66,0x6c,0x6f,0x61,0x74,0x34,0x20,0x5f,0x35,0x37,0x5f,
    0x6f,0x70,0x74,0x69,0x6f,0x6e,0x73,0x20,0x3a,0x20,0x70,0x61,0x63,0x6b,0x6f,0x66,
    0x66,0x73,0x65,0x74,0x28,0x63,0x33,0x29,0x3b,0x0a,0x7d,0x3b,0x0a,0x0a,0x54,0x65,
    0x78,0x74,0x75,0x72,0x65,0x32,0x44,0x3c,0x66,0x6c,0x6f,0x61,0x74,0x34,0x3e,0x20,
    0x62,0x72,0x69,0x64,0x67,0x65,0x49,0x6e,0x70,0x75,0x74,0x54,0x65,0x78,0x20,0x3a,
    0x20,0x72,0x65,0x67,0x69,0x73,0x74,0x65,0x72,0x28,0x74,0x30,0x29,0x3b,0x0a,0x53,
    0x61,0x6d,0x70,0x6c,0x65,0x72,0x53,0x74,0x61,0x74,0x65,0x20,0x62,0x72,0x69,0x64,
    0x67,0x65,0x49,0x6e,0x70,0x75,0x74,0x53,0x6d,0x70,0x20,0x3a,0x20,0x72,0x65,0x67,
    0x69,0x73,0x74,0x65,0x72,0x28,0x73,0x30,0x29,0x3b,0x0a,0x0a,0x73,0x74,0x61,0x74,
    0x69,0x63,0x20,0x66,0x6c,0x6f,0x61,0x74,0x32,0x20,0x75,0x76,0x3b,0x0a,0x73,0x74,
    0x61,0x74,0x69,0x63,0x20,0x66,0x6c,0x6f,0x61,0x74,0x34,0x20,0x66,0x72,0x61,0x67,
    0x5f,0x63,0x6f,0x6c,0x6f,0x72,0x3b,0x0a,0x0a,0x73,0x74,0x72,0x75,0x63,0x74,0x20,
    0x53,0x50,0x49,0x52,0x56,0x5f,0x43,0x72,0x6f,0x73,0x73,0x5f,0x49,0x6e,0x70,0x75,
    0x74,0x0a,0x7b,0x0a,0x20,0x20,0x20,0x20,0x66,0x6c,0x6f,0x61,0x74,0x32,0x20,0x75,
    0x76,0x20,0x3a,0x20,0x54,0x45,0x58,0x43,0x4f,0x4f,0x52,0x44,0x30,0x3b,0x0a,0x7d,
    0x3b,0x0a,0x0a,0x73,0x74,0x72,0x75,0x63,0x74,0x20,0x53,0x50,0x49,0x52,0x56,0x5f,
    0x43,0x72,0x6f,0x73,0x73,0x5f,0x4f,0x75,0x74,0x70,0x75,0x74,0x0a,0x7b,0x0a,0x20,
    0x20,0x20,0x20,0x66,0x6c,0x6f,0x61,0x74,0x34,0x20,0x66,0x72,0x61,0x67,0x5f,0x63,
    0x6f,0x6c,0x6f,0x72,0x20,0x3a,0x20,0x53,0x56,0x5f,0x54,0x61,0x72,0x67,0x65,0x74,
    0x30,0x3b,0x0a,0x7d,0x3b,0x0a,0x0a,0x66,0x6c,0x6f,0x61,0x74,0x20,0x6d,0x6f,0x64,
    0x28,0x66,0x6c,0x6f,0x61,0x74,0x20,0x78,0x2c,0x20,0x66,0x6c,0x6f,0x61,0x74,0x20,
    0x79,0x29,0x0a,0x7b,0x0a,0x20,0x20,0x20,0x20,0x72,0x65,0x74,0x75,0x72,0x6e,0x20,
    0x78,0x20,0x2d,0x20,0x79,0x20,0x2a,0x20,0x66,0x6c,0x6f,0x6f,0x72,0x28,0x78,0x20,
    0x2f,0x20,0x79,0x29,0x3b,0x0a,0x7d,0x0a,0x0a,0x66,0x6c,0x6f,0x61,0x74,0x32,0x20,
    0x6d,0x6f,0x64,0x28,0x66,0x6c,0x6f,0x61,0x74,0x32,0x20,0x78,0x2c,0x20,0x66,0x6c,
    0x6f,0x61,0x74,0x32,0x20,0x79,0x29,0x0a,0x7b,0x0a,0x20,0x20,0x20,0x20,0x72,0x65,
    0x74,0x75,0x72,0x6e,0x20,0x78,0x20,0x2d,0x20,0x79,0x20,0x2a,0x20,0x66,0x6c,0x6f,
    0x6f,0x72,0x28,0x78,0x20,0x2f,0x20,0x79,0x29,0x3b,0x0a,0x7d,0x0a,0x0a,0x66,0x6c,
    0x6f,0x61,0x74,0x33,0x20,0x6d,0x6f,0x64,0x28,0x66,0x6c,0x6f,0x61,0x74,0x33,0x20,
    0x78,0x2c,0x20,0x66,0x6c,0x6f,0x61,0x74,0x33,0x20,0x79,0x29,0x0a,0x7b,0x0a,0x20,
    0x20,0x20,0x20,0x72,0x65,0x74,0x75,0x72,0x6e,0x20,0x78,0x20,0x2d,0x20,0x79,0x20,
    0x2a,0x20,0x66,0x6c,0x6f,0x6f,0x72,0x28,0x78,0x20,0x2f,0x20,0x79,0x29,0x3b,0x0a,
    0x7d,0x0a,0x0a,0x66,0x6c,0x6f,0x61,0x74,0x34,0x20,0x6d,0x6f,0x64,0x28,0x66,0x6c,
    0x6f,0x61,0x74,0x34,0x20,0x78,0x2c,0x20,0x66,0x6c,0x6f,0x61,0x74,0x34,0x20,0x79,
    0x29,0x0a,0x7b,0x0a,0x20,0x20,0x20,0x20,0x72,0x65,0x74,0x75,0x72,0x6e,0x20,0x78,
    0x20,0x2d,0x20,0x79,0x20,0x2a,0x20,0x66,0x6c,0x6f,0x6f,0x72,0x28,0x78,0x20,0x2f,
    0x20,0x79,0x29,0x3b,0x0a,0x7d,0x0a,0x0a,0x66,0x6c,0x6f,0x61,0x74,0x20,0x62,0x72,
    0x69,0x64,0x67,0x65,0x5f,0x66,0x6c,0x61,0x67,0x28,0x66,0x6c,0x6f,0x61,0x74,0x20,
    0x5f,0x70,0x61,0x63,0x6b,0x65,0x64,0x2c,0x20,0x66,0x6c,0x6f,0x61,0x74,0x20,0x66,
    0x6c,0x61,0x67,0x29,0x0a,0x7b,0x0a,0x20,0x20,0x20,0x20,0x72,0x65,0x74,0x75,0x72,
    0x6e,0x20,0x66,0x6c,0x6f,0x6f,0x72,0x28,0x6d,0x6f,0x64,0x28,0x66,0x6c,0x6f,0x6f,
    0x72,0x28,0x5f,0x70,0x61,0x63,0x6b,0x65,0x64,0x20,0x2f,0x20,0x66,0x6c,0x61,0x67,
    0x29,0x2c,0x20,0x32,0x2e,0x30,0x66,0x29,0x29,0x3b,0x0a,0x7d,0x0a,0x0a,0x66,0x6c,
    0x6f,0x61,0x74,0x32,0x20,0x62,0x72,0x69,0x64,0x67,0x65,0x5f,0x73,0x61,0x6d,0x70,
    0x6c,0x65,0x5f,0x75,0x76,0x28,0x66,0x6c,0x6f,0x61,0x74,0x32,0x20,0x70,0x29,0x0a,
    0x7b,0x0a,0x20,0x20,0x20,0x20,0x66,0x6c,0x6f,0x61,0x74,0x20,0x70,0x61,0x72,0x61,
    0x6d,0x20,0x3d,0x20,0x5f,0x35,0x37,0x5f,0x6f,0x70,0x74,0x69,0x6f,0x6e,0x73,0x2e,
    0x77,0x3b,0x0a,0x20,0x20,0x20,0x20,0x66,0x6c,0x6f,0x61,0x74,0x20,0x70,0x61,0x72,
    0x61,0x6d,0x5f,0x31,0x20,0x3d,0x20,0x34,0x2e,0x30,0x66,0x3b,0x0a,0x20,0x20,0x20,
    0x20,0x66,0x6c,0x6f,0x61,0x74,0x20,0x70,0x61,0x72,0x61,0x6d,0x5f,0x32,0x20,0x3d,
    0x20,0x5f,0x35,0x37,0x5f,0x6f,0x70,0x74,0x69,0x6f,0x6e,0x73,0x2e,0x77,0x3b,0x0a,
    0x20,0x20,0x20,0x20,0x66,0x6c,0x6f,0x61,0x74,0x20,0x70,0x61,0x72,0x61,0x6d,0x5f,
    0x33,0x20,0x3d,0x20,0x38,0x2e,0x30,0x66,0x3b,0x0a,0x20,0x20,0x20,0x20,0x72,0x65,
    0x74,0x75,0x72,0x6e,0x20,0x66,0x6c,0x6f,0x61,0x74,0x32,0x28,0x6c,0x65,0x72,0x70,
    0x28,0x70,0x2e,0x78,0x2c,0x20,0x31,0x2e,0x30,0x66,0x20,0x2d,0x20,0x70,0x2e,0x78,
    0x2c,0x20,0x62,0x72,0x69,0x64,0x67,0x65,0x5f,0x66,0x6c,0x61,0x67,0x28,0x70,0x61,
    0x72,0x61,0x6d,0x2c,0x20,0x70,0x61,0x72,0x61,0x6d,0x5f,0x31,0x29,0x29,0x2c,0x20,
    0x6c,0x65,0x72,0x70,0x28,0x70,0x2e,0x79,0x2c,0x20,0x31,0x2e,0x30,0x66,0x20,0x2d,
    0x20,0x70,0x2e,0x79,0x2c,0x20,0x62,0x72,0x69,0x64,0x67,0x65,0x5f,0x66,0x6c,0x61,
    0x67,0x28,0x70,0x61,0x72,0x61,0x6d,0x5f,0x32,0x2c,0x20,0x70,0x61,0x72,0x61,0x6d,
    0x5f,0x33,0x29,0x29,0x29,0x3b,0x0a,0x7d,0x0a,0x0a,0x66,0x6c,0x6f,0x61,0x74,0x20,
    0x62,0x72,0x69,0x64,0x67,0x65,0x5f,0x6c,0x75,0x6d,0x69,0x6e,0x61,0x6e,0x63,0x65,
    0x28,0x66,0x6c,0x6f,0x61,0x74,0x34,0x20,0x73,0x72,0x63,0x29,0x0a,0x7b,0x0a,0x20,
    0x20,0x20,0x20,0x66,0x6c,0x6f,0x61,0x74,0x20,0x5f,0x31,0x30,0x33,0x20,0x3d,0x20,
    0x64,0x6f,0x74,0x28,0x73,0x72,0x63,0x2e,0x78,0x79,0x7a,0x2c,0x20,0x66,0x6c,0x6f,
    0x61,0x74,0x33,0x28,0x30,0x2e,0x32,0x31,0x32,0x35,0x39,0x39,0x39,0x39,0x32,0x37,
    0x35,0x32,0x30,0x37,0x35,0x31,0x39,0x35,0x33,0x31,0x32,0x35,0x66,0x2c,0x20,0x30,
    0x2e,0x37,0x31,0x35,0x32,0x30,0x30,0x30,0x30,0x36,0x39,0x36,0x31,0x38,0x32,0x32,
    0x35,0x30,0x39,0x37,0x36,0x35,0x36,0x32,0x35,0x66,0x2c,0x20,0x30,0x2e,0x30,0x37,
    0x32,0x32,0x30,0x30,0x30,0x30,0x30,0x32,0x38,0x36,0x31,0x30,0x32,0x32,0x39,0x34,
    0x39,0x32,0x31,0x38,0x37,0x35,0x66,0x29,0x29,0x3b,0x0a,0x20,0x20,0x20,0x20,0x66,
    0x6c,0x6f,0x61,0x74,0x20,0x70,0x61,0x72,0x61,0x6d,0x20,0x3d,0x20,0x5f,0x35,0x37,
    0x5f,0x6f,0x70,0x74,0x69,0x6f,0x6e,0x73,0x2e,0x77,0x3b,0x0a,0x20,0x20,0x20,0x20,
    0x66,0x6c,0x6f,0x61,0x74,0x20,0x70,0x61,0x72,0x61,0x6d,0x5f,0x31,0x20,0x3d,0x20,
    0x31,0x2e,0x30,0x66,0x3b,0x0a,0x20,0x20,0x20,0x20,0x72,0x65,0x74,0x75,0x72,0x6e,
    0x20,0x6c,0x65,0x72,0x70,0x28,0x5f,0x31,0x30,0x33,0x2c,0x20,0x31,0x2e,0x30,0x66,
    0x20,0x2d,0x20,0x5f,0x31,0x30,0x33,0x2c,0x20,0x62,0x72,0x69,0x64,0x67,0x65,0x5f,
    0x66,0x6c,0x61,0x67,0x28,0x70,0x61,0x72,0x61,0x6d,0x2c,0x20,0x70,0x61,0x72,0x61,
    0x6d,0x5f,0x31,0x29,0x29,0x3b,0x0a,0x7d,0x0a,0x0a,0x66,0x6c,0x6f,0x61,0x74,0x20,
    0x62,0x72,0x69,0x64,0x67,0x65,0x5f,0x6d,0x61,0x73,0x6b,0x5f,0x73,0x6f,0x75,0x72,
    0x63,0x65,0x5f,0x6d,0x6f,0x64,0x65,0x28,0x29,0x0a,0x7b,0x0a,0x20,0x20,0x20,0x20,
    0x72,0x65,0x74,0x75,0x72,0x6e,0x20,0x66,0x6c,0x6f,0x6f,0x72,0x28,0x5f,0x35,0x37,
    0x5f,0x6f,0x70,0x74,0x69,0x6f,0x6e,0x73,0x2e,0x77,0x20,0x2a,0x20,0x30,0x2e,0x30,
    0x36,0x32,0x35,0x66,0x29,0x3b,0x0a,0x7d,0x0a,0x0a,0x66,0x6c,0x6f,0x61,0x74,0x20,
    0x62,0x72,0x69,0x64,0x67,0x65,0x5f,0x73,0x61,0x74,0x75,0x72,0x61,0x74,0x69,0x6f,
    0x6e,0x28,0x66,0x6c,0x6f,0x61,0x74,0x33,0x20,0x72,0x67,0x62,0x29,0x0a,0x7b,0x0a,
    0x20,0x20,0x20,0x20,0x66,0x6c,0x6f,0x61,0x74,0x20,0x5f,0x31,0x33,0x31,0x20,0x3d,
    0x20,0x6d,0x61,0x78,0x28,0x6d,0x61,0x78,0x28,0x72,0x67,0x62,0x2e,0x78,0x2c,0x20,
    0x72,0x67,0x62,0x2e,0x79,0x29,0x2c,0x20,0x72,0x67,0x62,0x2e,0x7a,0x29,0x3b,0x0a,
    0x20,0x20,0x20,0x20,0x66,0x6c,0x6f,0x61,0x74,0x20,0x5f,0x31,0x34,0x35,0x3b,0x0a,
    0x20,0x20,0x20,0x20,0x69,0x66,0x20,0x28,0x5f,0x31,0x33,0x31,0x20,0x3c,0x3d,0x20,
    0x39,0x2e,0x39,0x39,0x39,0x39,0x39,0x39,0x39,0x37,0x34,0x37,0x35,0x32,0x34,0x32,
    0x37,0x30,0x37,0x38,0x37,0x38,0x33,0x35,0x31,0x32,0x31,0x31,0x35,0x34,0x37,0x38,
    0x35,0x65,0x2d,0x30,0x37,0x66,0x29,0x0a,0x20,0x20,0x20,0x20,0x7b,0x0a,0x20,0x20,
    0x20,0x20,0x20,0x20,0x20,0x20,0x5f,0x31,0x34,0x35,0x20,0x3d,0x20,0x30,0x2e,0x30,
    0x66,0x3b,0x0a,0x20,0x20,0x20,0x20,0x7d,0x0a,0x20,0x20,0x20,0x20,0x65,0x6c,0x73,
    0x65,0x0a,0x20,0x20,0x20,0x20,0x7b,0x0a,0x20,0x20,0x20,0x20,0x20,0x20,0x20,0x20,
    0x5f,0x31,0x34,0x35,0x20,0x3d,0x20,0x28,0x5f,0x31,0x33,0x31,0x20,0x2d,0x20,0x6d,
    0x69,0x6e,0x28,0x6d,0x69,0x6e,0x28,0x72,0x67,0x62,0x2e,0x78,0x2c,0x20,0x72,0x67,
    0x62,0x2e,0x79,0x29,0x2c,0x20,0x72,0x67,0x62,0x2e,0x7a,0x29,0x29,0x20,0x2f,0x20,
    0x5f,0x31,0x33,0x31,0x3b,0x0a,0x20,0x20,0x20,0x20,0x7d,0x0a,0x20,0x20,0x20,0x20,
    0x72,0x65,0x74,0x75,0x72,0x6e,0x20,0x5f,0x31,0x34,0x35,0x3b,0x0a,0x7d,0x0a,0x0a,
    0x66,0x6c,0x6f,0x61,0x74,0x20,0x62,0x72,0x69,0x64,0x67,0x65,0x5f,0x6d,0x61,0x73,
    0x6b,0x5f,0x76,0x61,0x6c,0x75,0x65,0x28,0x66,0x6c,0x6f,0x61,0x74,0x34,0x20,0x73,
    0x72,0x63,0x2c,0x20,0x66,0x6c,0x6f,0x61,0x74,0x20,0x69,0x6e,0x74,0x65,0x6e,0x73,
    0x69,0x74,0x79,0x29,0x0a,0x7b,0x0a,0x20,0x20,0x20,0x20,0x66,0x6c,0x6f,0x61,0x74,
    0x20,0x70,0x61,0x72,0x61,0x6d,0x20,0x3d,0x20,0x5f,0x35,0x37,0x5f,0x6f,0x70,0x74,
    0x69,0x6f,0x6e,0x73,0x2e,0x77,0x3b,0x0a,0x20,0x20,0x20,0x20,0x66,0x6c,0x6f,0x61,
    0x74,0x20,0x70,0x61,0x72,0x61,0x6d,0x5f,0x31,0x20,0x3d,0x20,0x32,0x2e,0x30,0x66,
    0x3b,0x0a,0x20,0x20,0x20,0x20,0x66,0x6c,0x6f,0x61,0x74,0x20,0x6d,0x6f,0x64,0x65,
    0x20,0x3d,0x20,0x62,0x72,0x69,0x64,0x67,0x65,0x5f,0x6d,0x61,0x73,0x6b,0x5f,0x73,
    0x6f,0x75,0x72,0x63,0x65,0x5f,0x6d,0x6f,0x64,0x65,0x28,0x29,0x3b,0x0a,0x20,0x20,
    0x20,0x20,0x69,0x66,0x20,0x28,0x62,0x72,0x69,0x64,0x67,0x65,0x5f,0x66,0x6c,0x61,
    0x67,0x28,0x70,0x61,0x72,0x61,0x6d,0x2c,0x20,0x70,0x61,0x72,0x61,0x6d,0x5f,0x31,
    0x29,0x20,0x3e,0x20,0x30,0x2e,0x35,0x66,0x29,0x0a,0x20,0x20,0x20,0x20,0x7b,0x0a,
    0x20,0x20,0x20,0x20,0x20,0x20,0x20,0x20,0x6d,0x6f,0x64,0x65,0x20,0x3d,0x20,0x31,
    0x2e,0x30,0x66,0x3b,0x0a,0x20,0x20,0x20,0x20,0x7d,0x0a,0x20,0x20,0x20,0x20,0x69,
    0x66,0x20,0x28,0x28,0x6d,0x6f,0x64,0x65,0x20,0x3e,0x20,0x30,0x2e,0x35,0x66,0x29,
    0x20,0x26,0x26,0x20,0x28,0x6d,0x6f,0x64,0x65,0x20,0x3c,0x20,0x31,0x2e,0x35,0x66,
    0x29,0x29,0x0a,0x20,0x20,0x20,0x20,0x7b,0x0a,0x20,0x20,0x20,0x20,0x20,0x20,0x20,
    0x20,0x72,0x65,0x74,0x75,0x72,0x6e,0x20,0x73,0x72,0x63,0x2e,0x77,0x3b,0x0a,0x20,
    0x20,0x20,0x20,0x7d,0x0a,0x20,0x20,0x20,0x20,0x69,0x66,0x20,0x28,0x28,0x6d,0x6f,
    0x64,0x65,0x20,0x3e,0x20,0x31,0x2e,0x35,0x66,0x29,0x20,0x26,0x26,0x20,0x28,0x6d,
    0x6f,0x64,0x65,0x20,0x3c,0x20,0x32,0x2e,0x35,0x66,0x29,0x29,0x0a,0x20,0x20,0x20,
    0x20,0x7b,0x0a,0x20,0x20,0x20,0x20,0x20,0x20,0x20,0x20,0x72,0x65,0x74,0x75,0x72,
    0x6e,0x20,0x73,0x72,0x63,0x2e,0x78,0x3b,0x0a,0x20,0x20,0x20,0x20,0x7d,0x0a,0x20,
    0x20,0x20,0x20,0x69,0x66,0x20,0x28,0x28,0x6d,0x6f,0x64,0x65,0x20,0x3e,0x20,0x32,
    0x2e,0x35,0x66,0x29,0x20,0x26,0x26,0x20,0x28,0x6d,0x6f,0x64,0x65,0x20,0x3c,0x20,
    0x33,0x2e,0x35,0x66,0x29,0x29,0x0a,0x20,0x20,0x20,0x20,0x7b,0x0a,0x20,0x20,0x20,
    0x20,0x20,0x20,0x20,0x20,0x72,0x65,0x74,0x75,0x72,0x6e,0x20,0x73,0x72,0x63,0x2e,
    0x79,0x3b,0x0a,0x20,0x20,0x20,0x20,0x7d,0x0a,0x20,0x20,0x20,0x20,0x69,0x66,0x20,
    0x28,0x28,0x6d,0x6f,0x64,0x65,0x20,0x3e,0x20,0x33,0x2e,0x35,0x66,0x29,0x20,0x26,
    0x26,0x20,0x28,0x6d,0x6f,0x64,0x65,0x20,0x3c,0x20,0x34,0x2e,0x35,0x66,0x29,0x29,
    0x0a,0x20,0x20,0x20,0x20,0x7b,0x0a,0x20,0x20,0x20,0x20,0x20,0x20,0x20,0x20,0x72,
    0x65,0x74,0x75,0x72,0x6e,0x20,0x73,0x72,0x63,0x2e,0x7a,0x3b,0x0a,0x20,0x20,0x20,
    0x20,0x7d,0x0a,0x20,0x20,0x20,0x20,0x69,0x66,0x20,0x28,0x28,0x6d,0x6f,0x64,0x65,
    0x20,0x3e,0x20,0x34,0x2e,0x35,0x66,0x29,0x20,0x26,0x26,0x20,0x28,0x6d,0x6f,0x64,
    0x65,0x20,0x3c,0x20,0x35,0x2e,0x35,0x66,0x29,0x29,0x0a,0x20,0x20,0x20,0x20,0x7b,
    0x0a,0x20,0x20,0x20,0x20,0x20,0x20,0x20,0x20,0x72,0x65,0x74,0x75,0x72,0x6e,0x20,
    0x6d,0x61,0x78,0x28,0x6d,0x61,0x78,0x28,0x73,0x72,0x63,0x2e,0x78,0x2c,0x20,0x73,
    0x72,0x63,0x2e,0x79,0x29,0x2c,0x20,0x73,0x72,0x63,0x2e,0x7a,0x29,0x3b,0x0a,0x20,
    0x20,0x20,0x20,0x7d,0x0a,0x20,0x20,0x20,0x20,0x69,0x66,0x20,0x28,0x6d,0x6f,0x64,
    0x65,0x20,0x3e,0x20,0x35,0x2e,0x35,0x66,0x29,0x0a,0x20,0x20,0x20,0x20,0x7b,0x0a,
    0x20,0x20,0x20,0x20,0x20,0x20,0x20,0x20,0x66,0x6c,0x6f,0x61,0x74,0x33,0x20,0x70,
    0x61,0x72,0x61,0x6d,0x5f,0x32,0x20,0x3d,0x20,0x73,0x72,0x63,0x2e,0x78,0x79,0x7a,
    0x3b,0x0a,0x20,0x20,0x20,0x20,0x20,0x20,0x20,0x20,0x72,0x65,0x74,0x75,0x72,0x6e,
    0x20,0x62,0x72,0x69,0x64,0x67,0x65,0x5f,0x73,0x61,0x74,0x75,0x72,0x61,0x74,0x69,
    0x6f,0x6e,0x28,0x70,0x61,0x72,0x61,0x6d,0x5f,0x32,0x29,0x3b,0x0a,0x20,0x20,0x20,
    0x20,0x7d,0x0a,0x20,0x20,0x20,0x20,0x72,0x65,0x74,0x75,0x72,0x6e,0x20,0x69,0x6e,
    0x74,0x65,0x6e,0x73,0x69,0x74,0x79,0x3b,0x0a,0x7d,0x0a,0x0a,0x66,0x6c,0x6f,0x61,
    0x74,0x20,0x62,0x72,0x69,0x64,0x67,0x65,0x5f,0x6d,0x61,0x73,0x6b,0x5f,0x67,0x61,
    0x6d,0x6d,0x61,0x28,0x29,0x0a,0x7b,0x0a,0x20,0x20,0x20,0x20,0x72,0x65,0x74,0x75,
    0x72,0x6e,0x20,0x6d,0x61,0x78,0x28,0x5f,0x35,0x37,0x5f,0x74,0x65,0x78,0x65,0x6c,
    0x2e,0x77,0x2c,0x20,0x39,0x2e,0x39,0x39,0x39,0x39,0x39,0x39,0x37,0x34,0x37,0x33,
    0x37,0x38,0x37,0x35,0x31,0x36,0x33,0x35,0x35,0x35,0x31,0x34,0x35,0x32,0x36,0x33,
    0x36,0x37,0x31,0x38,0x38,0x65,0x2d,0x30,0x35,0x66,0x29,0x3b,0x0a,0x7d,0x0a,0x0a,
    0x66,0x6c,0x6f,0x61,0x74,0x20,0x62,0x72,0x69,0x64,0x67,0x65,0x5f,0x73,0x6f,0x66,
    0x74,0x5f,0x6d,0x61,0x73,0x6b,0x28,0x66,0x6c,0x6f,0x61,0x74,0x20,0x76,0x61,0x6c,
    0x75,0x65,0x29,0x0a,0x7b,0x0a,0x20,0x20,0x20,0x20,0x66,0x6c,0x6f,0x61,0x74,0x20,
    0x5f,0x32,0x35,0x34,0x20,0x3d,0x20,0x6d,0x61,0x78,0x28,0x5f,0x35,0x37,0x5f,0x74,
    0x65,0x78,0x65,0x6c,0x2e,0x7a,0x2c,0x20,0x30,0x2e,0x30,0x66,0x29,0x3b,0x0a,0x20,
    0x20,0x20,0x20,0x66,0x6c,0x6f,0x61,0x74,0x20,0x5f,0x32,0x35,0x39,0x3b,0x0a,0x20,
    0x20,0x20,0x20,0x69,0x66,0x20,0x28,0x5f,0x32,0x35,0x34,0x20,0x3c,0x3d,0x20,0x39,
    0x2e,0x39,0x39,0x39,0x39,0x39,0x39,0x37,0x34,0x37,0x33,0x37,0x38,0x37,0x35,0x31,
    0x36,0x33,0x35,0x35,0x35,0x31,0x34,0x35,0x32,0x36,0x33,0x36,0x37,0x31,0x38,0x38,
    0x65,0x2d,0x30,0x36,0x66,0x29,0x0a,0x20,0x20,0x20,0x20,0x7b,0x0a,0x20,0x20,0x20,
    0x20,0x20,0x20,0x20,0x20,0x5f,0x32,0x35,0x39,0x20,0x3d,0x20,0x73,0x74,0x65,0x70,
    0x28,0x5f,0x35,0x37,0x5f,0x6f,0x70,0x74,0x69,0x6f,0x6e,0x73,0x2e,0x79,0x2c,0x20,
    0x76,0x61,0x6c,0x75,0x65,0x29,0x3b,0x0a,0x20,0x20,0x20,0x20,0x7d,0x0a,0x20,0x20,
    0x20,0x20,0x65,0x6c,0x73,0x65,0x0a,0x20,0x20,0x20,0x20,0x7b,0x0a,0x20,0x20,0x20,
    0x20,0x20,0x20,0x20,0x20,0x66,0x6c,0x6f,0x61,0x74,0x20,0x5f,0x32,0x37,0x30,0x20,
    0x3d,0x20,0x5f,0x32,0x35,0x34,0x20,0x2a,0x20,0x30,0x2e,0x35,0x66,0x3b,0x0a,0x20,
    0x20,0x20,0x20,0x20,0x20,0x20,0x20,0x5f,0x32,0x35,0x39,0x20,0x3d,0x20,0x73,0x6d,
    0x6f,0x6f,0x74,0x68,0x73,0x74,0x65,0x70,0x28,0x5f,0x35,0x37,0x5f,0x6f,0x70,0x74,
    0x69,0x6f,0x6e,0x73,0x2e,0x79,0x20,0x2d,0x20,0x5f,0x32,0x37,0x30,0x2c,0x20,0x5f,
    0x35,0x37,0x5f,0x6f,0x70,0x74,0x69,0x6f,0x6e,0x73,0x2e,0x79,0x20,0x2b,0x20,0x5f,
    0x32,0x37,0x30,0x2c,0x20,0x76,0x61,0x6c,0x75,0x65,0x29,0x3b,0x0a,0x20,0x20,0x20,
    0x20,0x7d,0x0a,0x20,0x20,0x20,0x20,0x72,0x65,0x74,0x75,0x72,0x6e,0x20,0x70,0x6f,
    0x77,0x28,0x63,0x6c,0x61,0x6d,0x70,0x28,0x5f,0x32,0x35,0x39,0x2c,0x20,0x30,0x2e,
    0x30,0x66,0x2c,0x20,0x31,0x2e,0x30,0x66,0x29,0x2c,0x20,0x31,0x2e,0x30,0x66,0x20,
    0x2f,0x20,0x62,0x72,0x69,0x64,0x67,0x65,0x5f,0x6d,0x61,0x73,0x6b,0x5f,0x67,0x61,
    0x6d,0x6d,0x61,0x28,0x29,0x29,0x3b,0x0a,0x7d,0x0a,0x0a,0x76,0x6f,0x69,0x64,0x20,
    0x66,0x72,0x61,0x67,0x5f,0x6d,0x61,0x69,0x6e,0x28,0x29,0x0a,0x7b,0x0a,0x20,0x20,
    0x20,0x20,0x66,0x6c,0x6f,0x61,0x74,0x32,0x20,0x70,0x61,0x72,0x61,0x6d,0x20,0x3d,
    0x20,0x75,0x76,0x3b,0x0a,0x20,0x20,0x20,0x20,0x66,0x6c,0x6f,0x61,0x74,0x34,0x20,
    0x5f,0x33,0x30,0x33,0x20,0x3d,0x20,0x62,0x72,0x69,0x64,0x67,0x65,0x49,0x6e,0x70,
    0x75,0x74,0x54,0x65,0x78,0x2e,0x53,0x61,0x6d,0x70,0x6c,0x65,0x28,0x62,0x72,0x69,
    0x64,0x67,0x65,0x49,0x6e,0x70,0x75,0x74,0x53,0x6d,0x70,0x2c,0x20,0x62,0x72,0x69,
    0x64,0x67,0x65,0x5f,0x73,0x61,0x6d,0x70,0x6c,0x65,0x5f,0x75,0x76,0x28,0x70,0x61,
    0x72,0x61,0x6d,0x29,0x29,0x3b,0x0a,0x20,0x20,0x20,0x20,0x66,0x6c,0x6f,0x61,0x74,
    0x34,0x20,0x70,0x61,0x72,0x61,0x6d,0x5f,0x31,0x20,0x3d,0x20,0x5f,0x33,0x30,0x33,
    0x3b,0x0a,0x20,0x20,0x20,0x20,0x66,0x6c,0x6f,0x61,0x74,0x20,0x5f,0x33,0x30,0x37,
    0x20,0x3d,0x20,0x62,0x72,0x69,0x64,0x67,0x65,0x5f,0x6c,0x75,0x6d,0x69,0x6e,0x61,
    0x6e,0x63,0x65,0x28,0x70,0x61,0x72,0x61,0x6d,0x5f,0x31,0x29,0x3b,0x0a,0x20,0x20,
    0x20,0x20,0x66,0x6c,0x6f,0x61,0x74,0x34,0x20,0x70,0x61,0x72,0x61,0x6d,0x5f,0x32,
    0x20,0x3d,0x20,0x5f,0x33,0x30,0x33,0x3b,0x0a,0x20,0x20,0x20,0x20,0x66,0x6c,0x6f,
    0x61,0x74,0x20,0x70,0x61,0x72,0x61,0x6d,0x5f,0x33,0x20,0x3d,0x20,0x5f,0x33,0x30,
    0x37,0x3b,0x0a,0x20,0x20,0x20,0x20,0x66,0x6c,0x6f,0x61,0x74,0x20,0x70,0x61,0x72,
    0x61,0x6d,0x5f,0x34,0x20,0x3d,0x20,0x62,0x72,0x69,0x64,0x67,0x65,0x5f,0x6d,0x61,
    0x73,0x6b,0x5f,0x76,0x61,0x6c,0x75,0x65,0x28,0x70,0x61,0x72,0x61,0x6d,0x5f,0x32,
    0x2c,0x20,0x70,0x61,0x72,0x61,0x6d,0x5f,0x33,0x29,0x3b,0x0a,0x20,0x20,0x20,0x20,
    0x66,0x72,0x61,0x67,0x5f,0x63,0x6f,0x6c,0x6f,0x72,0x20,0x3d,0x20,0x28,0x28,0x6d,
    0x61,0x78,0x28,0x5f,0x33,0x30,0x37,0x20,0x2d,0x20,0x5f,0x35,0x37,0x5f,0x6f,0x70,
    0x74,0x69,0x6f,0x6e,0x73,0x2e,0x79,0x2c,0x20,0x30,0x2e,0x30,0x66,0x29,0x20,0x2a,
    0x20,0x5f,0x35,0x37,0x5f,0x6f,0x70,0x74,0x69,0x6f,0x6e,0x73,0x2e,0x78,0x29,0x20,
    0x2a,0x20,0x62,0x72,0x69,0x64,0x67,0x65,0x5f,0x73,0x6f,0x66,0x74,0x5f,0x6d,0x61,
    0x73,0x6b,0x28,0x70,0x61,0x72,0x61,0x6d,0x5f,0x34,0x29,0x29,0x2e,0x78,0x78,0x78,
    0x78,0x20,0x2a,0x20,0x5f,0x35,0x37,0x5f,0x63,0x6f,0x6c,0x6f,0x72,0x3b,0x0a,0x7d,
    0x0a,0x0a,0x53,0x50,0x49,0x52,0x56,0x5f,0x43,0x72,0x6f,0x73,0x73,0x5f,0x4f,0x75,
    0x74,0x70,0x75,0x74,0x20,0x6d,0x61,0x69,0x6e,0x28,0x53,0x50,0x49,0x52,0x56,0x5f,
    0x43,0x72,0x6f,0x73,0x73,0x5f,0x49,0x6e,0x70,0x75,0x74,0x20,0x73,0x74,0x61,0x67,
    0x65,0x5f,0x69,0x6e,0x70,0x75,0x74,0x29,0x0a,0x7b,0x0a,0x20,0x20,0x20,0x20,0x75,
    0x76,0x20,0x3d,0x20,0x73,0x74,0x61,0x67,0x65,0x5f,0x69,0x6e,0x70,0x75,0x74,0x2e,
    0x75,0x76,0x3b,0x0a,0x20,0x20,0x20,0x20,0x66,0x72,0x61,0x67,0x5f,0x6d,0x61,0x69,
    0x6e,0x28,0x29,0x3b,0x0a,0x20,0x20,0x20,0x20,0x53,0x50,0x49,0x52,0x56,0x5f,0x43,
    0x72,0x6f,0x73,0x73,0x5f,0x4f,0x75,0x74,0x70,0x75,0x74,0x20,0x73,0x74,0x61,0x67,
    0x65,0x5f,0x6f,0x75,0x74,0x70,0x75,0x74,0x3b,0x0a,0x20,0x20,0x20,0x20,0x73,0x74,
    0x61,0x67,0x65,0x5f,0x6f,0x75,0x74,0x70,0x75,0x74,0x2e,0x66,0x72,0x61,0x67,0x5f,
    0x63,0x6f,0x6c,0x6f,0x72,0x20,0x3d,0x20,0x66,0x72,0x61,0x67,0x5f,0x63,0x6f,0x6c,
    0x6f,0x72,0x3b,0x0a,0x20,0x20,0x20,0x20,0x72,0x65,0x74,0x75,0x72,0x6e,0x20,0x73,
    0x74,0x61,0x67,0x65,0x5f,0x6f,0x75,0x74,0x70,0x75,0x74,0x3b,0x0a,0x7d,0x0a,0x00,

};
/*
    #include <metal_stdlib>
    #include <simd/simd.h>

    using namespace metal;

    struct main0_out
    {
        float2 uv [[user(locn0)]];
        float4 gl_Position [[position]];
    };

    struct main0_in
    {
        float2 position [[attribute(0)]];
        float2 texcoord0 [[attribute(1)]];
    };

    vertex main0_out main0(main0_in in [[stage_in]])
    {
        main0_out out = {};
        out.gl_Position = float4(in.position, 0.0, 1.0);
        out.uv = in.texcoord0;
        return out;
    }

*/
static const uint8_t bridge_vs_source_metal_macos[437] = {
    0x23,0x69,0x6e,0x63,0x6c,0x75,0x64,0x65,0x20,0x3c,0x6d,0x65,0x74,0x61,0x6c,0x5f,
    0x73,0x74,0x64,0x6c,0x69,0x62,0x3e,0x0a,0x23,0x69,0x6e,0x63,0x6c,0x75,0x64,0x65,
    0x20,0x3c,0x73,0x69,0x6d,0x64,0x2f,0x73,0x69,0x6d,0x64,0x2e,0x68,0x3e,0x0a,0x0a,
    0x75,0x73,0x69,0x6e,0x67,0x20,0x6e,0x61,0x6d,0x65,0x73,0x70,0x61,0x63,0x65,0x20,
    0x6d,0x65,0x74,0x61,0x6c,0x3b,0x0a,0x0a,0x73,0x74,0x72,0x75,0x63,0x74,0x20,0x6d,
    0x61,0x69,0x6e,0x30,0x5f,0x6f,0x75,0x74,0x0a,0x7b,0x0a,0x20,0x20,0x20,0x20,0x66,
    0x6c,0x6f,0x61,0x74,0x32,0x20,0x75,0x76,0x20,0x5b,0x5b,0x75,0x73,0x65,0x72,0x28,
    0x6c,0x6f,0x63,0x6e,0x30,0x29,0x5d,0x5d,0x3b,0x0a,0x20,0x20,0x20,0x20,0x66,0x6c,
    0x6f,0x61,0x74,0x34,0x20,0x67,0x6c,0x5f,0x50,0x6f,0x73,0x69,0x74,0x69,0x6f,0x6e,
    0x20,0x5b,0x5b,0x70,0x6f,0x73,0x69,0x74,0x69,0x6f,0x6e,0x5d,0x5d,0x3b,0x0a,0x7d,
    0x3b,0x0a,0x0a,0x73,0x74,0x72,0x75,0x63,0x74,0x20,0x6d,0x61,0x69,0x6e,0x30,0x5f,
    0x69,0x6e,0x0a,0x7b,0x0a,0x20,0x20,0x20,0x20,0x66,0x6c,0x6f,0x61,0x74,0x32,0x20,
    0x70,0x6f,0x73,0x69,0x74,0x69,0x6f,0x6e,0x20,0x5b,0x5b,0x61,0x74,0x74,0x72,0x69,
    0x62,0x75,0x74,0x65,0x28,0x30,0x29,0x5d,0x5d,0x3b,0x0a,0x20,0x20,0x20,0x20,0x66,
    0x6c,0x6f,0x61,0x74,0x32,0x20,0x74,0x65,0x78,0x63,0x6f,0x6f,0x72,0x64,0x30,0x20,
    0x5b,0x5b,0x61,0x74,0x74,0x72,0x69,0x62,0x75,0x74,0x65,0x28,0x31,0x29,0x5d,0x5d,
    0x3b,0x0a,0x7d,0x3b,0x0a,0x0a,0x76,0x65,0x72,0x74,0x65,0x78,0x20,0x6d,0x61,0x69,
    0x6e,0x30,0x5f,0x6f,0x75,0x74,0x20,0x6d,0x61,0x69,0x6e,0x30,0x28,0x6d,0x61,0x69,
    0x6e,0x30,0x5f,0x69,0x6e,0x20,0x69,0x6e,0x20,0x5b,0x5b,0x73,0x74,0x61,0x67,0x65,
    0x5f,0x69,0x6e,0x5d,0x5d,0x29,0x0a,0x7b,0x0a,0x20,0x20,0x20,0x20,0x6d,0x61,0x69,
    0x6e,0x30,0x5f,0x6f,0x75,0x74,0x20,0x6f,0x75,0x74,0x20,0x3d,0x20,0x7b,0x7d,0x3b,
    0x0a,0x20,0x20,0x20,0x20,0x6f,0x75,0x74,0x2e,0x67,0x6c,0x5f,0x50,0x6f,0x73,0x69,
    0x74,0x69,0x6f,0x6e,0x20,0x3d,0x20,0x66,0x6c,0x6f,0x61,0x74,0x34,0x28,0x69,0x6e,
    0x2e,0x70,0x6f,0x73,0x69,0x74,0x69,0x6f,0x6e,0x2c,0x20,0x30,0x2e,0x30,0x2c,0x20,
    0x31,0x2e,0x30,0x29,0x3b,0x0a,0x20,0x20,0x20,0x20,0x6f,0x75,0x74,0x2e,0x75,0x76,
    0x20,0x3d,0x20,0x69,0x6e,0x2e,0x74,0x65,0x78,0x63,0x6f,0x6f,0x72,0x64,0x30,0x3b,
    0x0a,0x20,0x20,0x20,0x20,0x72,0x65,0x74,0x75,0x72,0x6e,0x20,0x6f,0x75,0x74,0x3b,
    0x0a,0x7d,0x0a,0x0a,0x00,
};
/*
    #pragma clang diagnostic ignored "-Wmissing-prototypes"

    #include <metal_stdlib>
    #include <simd/simd.h>

    using namespace metal;

    // Implementation of the GLSL mod() function, which is slightly different than Metal fmod()
    template<typename Tx, typename Ty>
    inline Tx mod(Tx x, Ty y)
    {
        return x - y * floor(x / y);
    }

    struct bridge_params
    {
        float4 color;
        float4 resolution;
        float4 texel;
        float4 options;
    };

    struct main0_out
    {
        float4 frag_color [[color(0)]];
    };

    struct main0_in
    {
        float2 uv [[user(locn0)]];
    };

    static inline __attribute__((always_inline))
    float bridge_flag(thread const float& _packed, thread const float& flag)
    {
        return floor(mod(floor(_packed / flag), 2.0));
    }

    static inline __attribute__((always_inline))
    float2 bridge_sample_uv(thread const float2& p, constant bridge_params& _57)
    {
        float param = _57.options.w;
        float param_1 = 4.0;
        float param_2 = _57.options.w;
        float param_3 = 8.0;
        return float2(mix(p.x, 1.0 - p.x, bridge_flag(param, param_1)), mix(p.y, 1.0 - p.y, bridge_flag(param_2, param_3)));
    }

    static inline __attribute__((always_inline))
    float bridge_luminance(thread const float4& src, constant bridge_params& _57)
    {
        float _103 = dot(src.xyz, float3(0.2125999927520751953125, 0.715200006961822509765625, 0.072200000286102294921875));
        float param = _57.options.w;
        float param_1 = 1.0;
        return mix(_103, 1.0 - _103, bridge_flag(param, param_1));
    }

    static inline __attribute__((always_inline))
    float bridge_mask_source_mode(constant bridge_params& _57)
    {
        return floor(_57.options.w * 0.0625);
    }

    static inline __attribute__((always_inline))
    float bridge_saturation(thread const float3& rgb)
    {
        float _131 = fast::max(fast::max(rgb.x, rgb.y), rgb.z);
        float _145;
        if (_131 <= 9.9999999747524270787835121154785e-07)
        {
            _145 = 0.0;
        }
        else
        {
            _145 = (_131 - fast::min(fast::min(rgb.x, rgb.y), rgb.z)) / _131;
        }
        return _145;
    }

    static inline __attribute__((always_inline))
    float bridge_mask_value(thread const float4& src, thread const float& intensity, constant bridge_params& _57)
    {
        float param = _57.options.w;
        float param_1 = 2.0;
        float mode = bridge_mask_source_mode(_57);
        if (bridge_flag(param, param_1) > 0.5)
        {
            mode = 1.0;
        }
        if ((mode > 0.5) && (mode < 1.5))
        {
            return src.w;
        }
        if ((mode > 1.5) && (mode < 2.5))
        {
            return src.x;
        }
        if ((mode > 2.5) && (mode < 3.5))
        {
            return src.y;
        }
        if ((mode > 3.5) && (mode < 4.5))
        {
            return src.z;
        }
        if ((mode > 4.5) && (mode < 5.5))
        {
            return fast::max(fast::max(src.x, src.y), src.z);
        }
        if (mode > 5.5)
        {
            float3 param_2 = src.xyz;
            return bridge_saturation(param_2);
        }
        return intensity;
    }

    static inline __attribute__((always_inline))
    float bridge_mask_gamma(constant bridge_params& _57)
    {
        return fast::max(_57.texel.w, 9.9999997473787516355514526367188e-05);
    }

    static inline __attribute__((always_inline))
    float bridge_soft_mask(thread const float& value, constant bridge_params& _57)
    {
        float _254 = fast::max(_57.texel.z, 0.0);
        float _259;
        if (_254 <= 9.9999997473787516355514526367188e-06)
        {
            _259 = step(_57.options.y, value);
        }
        else
        {
            float _270 = _254 * 0.5;
            _259 = smoothstep(_57.options.y - _270, _57.options.y + _270, value);
        }
        return powr(fast::clamp(_259, 0.0, 1.0), 1.0 / bridge_mask_gamma(_57));
    }

    fragment main0_out main0(main0_in in [[stage_in]], constant bridge_params& _57 [[buffer(0)]], texture2d<float> bridgeInputTex [[texture(0)]], sampler bridgeInputSmp [[sampler(0)]])
    {
        main0_out out = {};
        float2 param = in.uv;
        float4 _303 = bridgeInputTex.sample(bridgeInputSmp, bridge_sample_uv(param, _57));
        float4 param_1 = _303;
        float _307 = bridge_luminance(param_1, _57);
        float4 param_2 = _303;
        float param_3 = _307;
        float param_4 = bridge_mask_value(param_2, param_3, _57);
        float _315 = bridge_soft_mask(param_4, _57);
        float _323 = (_307 * _315) * _57.options.x;
        out.frag_color = float4(_323, _323, _323, _303.w * _315) * _57.color;
        return out;
    }

*/
static const uint8_t fs_bridge_luminance_mask_source_metal_macos[4229] = {
    0x23,0x70,0x72,0x61,0x67,0x6d,0x61,0x20,0x63,0x6c,0x61,0x6e,0x67,0x20,0x64,0x69,
    0x61,0x67,0x6e,0x6f,0x73,0x74,0x69,0x63,0x20,0x69,0x67,0x6e,0x6f,0x72,0x65,0x64,
    0x20,0x22,0x2d,0x57,0x6d,0x69,0x73,0x73,0x69,0x6e,0x67,0x2d,0x70,0x72,0x6f,0x74,
    0x6f,0x74,0x79,0x70,0x65,0x73,0x22,0x0a,0x0a,0x23,0x69,0x6e,0x63,0x6c,0x75,0x64,
    0x65,0x20,0x3c,0x6d,0x65,0x74,0x61,0x6c,0x5f,0x73,0x74,0x64,0x6c,0x69,0x62,0x3e,
    0x0a,0x23,0x69,0x6e,0x63,0x6c,0x75,0x64,0x65,0x20,0x3c,0x73,0x69,0x6d,0x64,0x2f,
    0x73,0x69,0x6d,0x64,0x2e,0x68,0x3e,0x0a,0x0a,0x75,0x73,0x69,0x6e,0x67,0x20,0x6e,
    0x61,0x6d,0x65,0x73,0x70,0x61,0x63,0x65,0x20,0x6d,0x65,0x74,0x61,0x6c,0x3b,0x0a,
    0x0a,0x2f,0x2f,0x20,0x49,0x6d,0x70,0x6c,0x65,0x6d,0x65,0x6e,0x74,0x61,0x74,0x69,
    0x6f,0x6e,0x20,0x6f,0x66,0x20,0x74,0x68,0x65,0x20,0x47,0x4c,0x53,0x4c,0x20,0x6d,
    0x6f,0x64,0x28,0x29,0x20,0x66,0x75,0x6e,0x63,0x74,0x69,0x6f,0x6e,0x2c,0x20,0x77,
    0x68,0x69,0x63,0x68,0x20,0x69,0x73,0x20,0x73,0x6c,0x69,0x67,0x68,0x74,0x6c,0x79,
    0x20,0x64,0x69,0x66,0x66,0x65,0x72,0x65,0x6e,0x74,0x20,0x74,0x68,0x61,0x6e,0x20,
    0x4d,0x65,0x74,0x61,0x6c,0x20,0x66,0x6d,0x6f,0x64,0x28,0x29,0x0a,0x74,0x65,0x6d,
    0x70,0x6c,0x61,0x74,0x65,0x3c,0x74,0x79,0x70,0x65,0x6e,0x61,0x6d,0x65,0x20,0x54,
    0x78,0x2c,0x20,0x74,0x79,0x70,0x65,0x6e,0x61,0x6d,0x65,0x20,0x54,0x79,0x3e,0x0a,
    0x69,0x6e,0x6c,0x69,0x6e,0x65,0x20,0x54,0x78,0x20,0x6d,0x6f,0x64,0x28,0x54,0x78,
    0x20,0x78,0x2c,0x20,0x54,0x79,0x20,0x79,0x29,0x0a,0x7b,0x0a,0x20,0x20,0x20,0x20,
    0x72,0x65,0x74,0x75,0x72,0x6e,0x20,0x78,0x20,0x2d,0x20,0x79,0x20,0x2a,0x20,0x66,
    0x6c,0x6f,0x6f,0x72,0x28,0x78,0x20,0x2f,0x20,0x79,0x29,0x3b,0x0a,0x7d,0x0a,0x0a,
    0x73,0x74,0x72,0x75,0x63,0x74,0x20,0x62,0x72,0x69,0x64,0x67,0x65,0x5f,0x70,0x61,
    0x72,0x61,0x6d,0x73,0x0a,0x7b,0x0a,0x20,0x20,0x20,0x20,0x66,0x6c,0x6f,0x61,0x74,
    0x34,0x20,0x63,0x6f,0x6c,0x6f,0x72,0x3b,0x0a,0x20,0x20,0x20,0x20,0x66,0x6c,0x6f,
    0x61,0x74,0x34,0x20,0x72,0x65,0x73,0x6f,0x6c,0x75,0x74,0x69,0x6f,0x6e,0x3b,0x0a,
    0x20,0x20,0x20,0x20,0x66,0x6c,0x6f,0x61,0x74,0x34,0x20,0x74,0x65,0x78,0x65,0x6c,
    0x3b,0x0a,0x20,0x20,0x20,0x20,0x66,0x6c,0x6f,0x61,0x74,0x34,0x20,0x6f,0x70,0x74,
    0x69,0x6f,0x6e,0x73,0x3b,0x0a,0x7d,0x3b,0x0a,0x0a,0x73,0x74,0x72,0x75,0x63,0x74,
    0x20,0x6d,0x61,0x69,0x6e,0x30,0x5f,0x6f,0x75,0x74,0x0a,0x7b,0x0a,0x20,0x20,0x20,
    0x20,0x66,0x6c,0x6f,0x61,0x74,0x34,0x20,0x66,0x72,0x61,0x67,0x5f,0x63,0x6f,0x6c,
    0x6f,0x72,0x20,0x5b,0x5b,0x63,0x6f,0x6c,0x6f,0x72,0x28,0x30,0x29,0x5d,0x5d,0x3b,
    0x0a,0x7d,0x3b,0x0a,0x0a,0x73,0x74,0x72,0x75,0x63,0x74,0x20,0x6d,0x61,0x69,0x6e,
    0x30,0x5f,0x69,0x6e,0x0a,0x7b,0x0a,0x20,0x20,0x20,0x20,0x66,0x6c,0x6f,0x61,0x74,
    0x32,0x20,0x75,0x76,0x20,0x5b,0x5b,0x75,0x73,0x65,0x72,0x28,0x6c,0x6f,0x63,0x6e,
    0x30,0x29,0x5d,0x5d,0x3b,0x0a,0x7d,0x3b,0x0a,0x0a,0x73,0x74,0x61,0x74,0x69,0x63,
    0x20,0x69,0x6e,0x6c,0x69,0x6e,0x65,0x20,0x5f,0x5f,0x61,0x74,0x74,0x72,0x69,0x62,
    0x75,0x74,0x65,0x5f,0x5f,0x28,0x28,0x61,0x6c,0x77,0x61,0x79,0x73,0x5f,0x69,0x6e,
    0x6c,0x69,0x6e,0x65,0x29,0x29,0x0a,0x66,0x6c,0x6f,0x61,0x74,0x20,0x62,0x72,0x69,
    0x64,0x67,0x65,0x5f,0x66,0x6c,0x61,0x67,0x28,0x74,0x68,0x72,0x65,0x61,0x64,0x20,
    0x63,0x6f,0x6e,0x73,0x74,0x20,0x66,0x6c,0x6f,0x61,0x74,0x26,0x20,0x5f,0x70,0x61,
    0x63,0x6b,0x65,0x64,0x2c,0x20,0x74,0x68,0x72,0x65,0x61,0x64,0x20,0x63,0x6f,0x6e,
    0x73,0x74,0x20,0x66,0x6c,0x6f,0x61,0x74,0x26,0x20,0x66,0x6c,0x61,0x67,0x29,0x0a,
    0x7b,0x0a,0x20,0x20,0x20,0x20,0x72,0x65,0x74,0x75,0x72,0x6e,0x20,0x66,0x6c,0x6f,
    0x6f,0x72,0x28,0x6d,0x6f,0x64,0x28,0x66,0x6c,0x6f,0x6f,0x72,0x28,0x5f,0x70,0x61,
    0x63,0x6b,0x65,0x64,0x20,0x2f,0x20,0x66,0x6c,0x61,0x67,0x29,0x2c,0x20,0x32,0x2e,
    0x30,0x29,0x29,0x3b,0x0a,0x7d,0x0a,0x0a,0x73,0x74,0x61,0x74,0x69,0x63,0x20,0x69,
    0x6e,0x6c,0x69,0x6e,0x65,0x20,0x5f,0x5f,0x61,0x74,0x74,0x72,0x69,0x62,0x75,0x74,
    0x65,0x5f,0x5f,0x28,0x28,0x61,0x6c,0x77,0x61,0x79,0x73,0x5f,0x69,0x6e,0x6c,0x69,
    0x6e,0x65,0x29,0x29,0x0a,0x66,0x6c,0x6f,0x61,0x74,0x32,0x20,0x62,0x72,0x69,0x64,
    0x67,0x65,0x5f,0x73,0x61,0x6d,0x70,0x6c,0x65,0x5f,0x75,0x76,0x28,0x74,0x68,0x72,
    0x65,0x61,0x64,0x20,0x63,0x6f,0x6e,0x73,0x74,0x20,0x66,0x6c,0x6f,0x61,0x74,0x32,
    0x26,0x20,0x70,0x2c,0x20,0x63,0x6f,0x6e,0x73,0x74,0x61,0x6e,0x74,0x20,0x62,0x72,
    0x69,0x64,0x67,0x65,0x5f,0x70,0x61,0x72,0x61,0x6d,0x73,0x26,0x20,0x5f,0x35,0x37,
    0x29,0x0a,0x7b,0x0a,0x20,0x20,0x20,0x20,0x66,0x6c,0x6f,0x61,0x74,0x20,0x70,0x61,
    0x72,0x61,0x6d,0x20,0x3d,0x20,0x5f,0x35,0x37,0x2e,0x6f,0x70,0x74,0x69,0x6f,0x6e,
    0x73,0x2e,0x77,0x3b,0x0a,0x20,0x20,0x20,0x20,0x66,0x6c,0x6f,0x61,0x74,0x20,0x70,
    0x61,0x72,0x61,0x6d,0x5f,0x31,0x20,0x3d,0x20,0x34,0x2e,0x30,0x3b,0x0a,0x20,0x20,
    0x20,0x20,0x66,0x6c,0x6f,0x61,0x74,0x20,0x70,0x61,0x72,0x61,0x6d,0x5f,0x32,0x20,
    0x3d,0x20,0x5f,0x35,0x37,0x2e,0x6f,0x70,0x74,0x69,0x6f,0x6e,0x73,0x2e,0x77,0x3b,
    0x0a,0x20,0x20,0x20,0x20,0x66,0x6c,0x6f,0x61,0x74,0x20,0x70,0x61,0x72,0x61,0x6d,
    0x5f,0x33,0x20,0x3d,0x20,0x38,0x2e,0x30,0x3b,0x0a,0x20,0x20,0x20,0x20,0x72,0x65,
    0x74,0x75,0x72,0x6e,0x20,0x66,0x6c,0x6f,0x61,0x74,0x32,0x28,0x6d,0x69,0x78,0x28,
    0x70,0x2e,0x78,0x2c,0x20,0x31,0x2e,0x30,0x20,0x2d,0x20,0x70,0x2e,0x78,0x2c,0x20,
    0x62,0x72,0x69,0x64,0x67,0x65,0x5f,0x66,0x6c,0x61,0x67,0x28,0x70,0x61,0x72,0x61,
    0x6d,0x2c,0x20,0x70,0x61,0x72,0x61,0x6d,0x5f,0x31,0x29,0x29,0x2c,0x20,0x6d,0x69,
    0x78,0x28,0x70,0x2e,0x79,0x2c,0x20,0x31,0x2e,0x30,0x20,0x2d,0x20,0x70,0x2e,0x79,
    0x2c,0x20,0x62,0x72,0x69,0x64,0x67,0x65,0x5f,0x66,0x6c,0x61,0x67,0x28,0x70,0x61,
    0x72,0x61,0x6d,0x5f,0x32,0x2c,0x20,0x70,0x61,0x72,0x61,0x6d,0x5f,0x33,0x29,0x29,
    0x29,0x3b,0x0a,0x7d,0x0a,0x0a,0x73,0x74,0x61,0x74,0x69,0x63,0x20,0x69,0x6e,0x6c,
    0x69,0x6e,0x65,0x20,0x5f,0x5f,0x61,0x74,0x74,0x72,0x69,0x62,0x75,0x74,0x65,0x5f,
    0x5f,0x28,0x28,0x61,0x6c,0x77,0x61,0x79,0x73,0x5f,0x69,0x6e,0x6c,0x69,0x6e,0x65,
    0x29,0x29,0x0a,0x66,0x6c,0x6f,0x61,0x74,0x20,0x62,0x72,0x69,0x64,0x67,0x65,0x5f,
    0x6c,0x75,0x6d,0x69,0x6e,0x61,0x6e,0x63,0x65,0x28,0x74,0x68,0x72,0x65,0x61,0x64,
    0x20,0x63,0x6f,0x6e,0x73,0x74,0x20,0x66,0x6c,0x6f,0x61,0x74,0x34,0x26,0x20,0x73,
    0x72,0x63,0x2c,0x20,0x63,0x6f,0x6e,0x73,0x74,0x61,0x6e,0x74,0x20,0x62,0x72,0x69,
    0x64,0x67,0x65,0x5f,0x70,0x61,0x72,0x61,0x6d,0x73,0x26,0x20,0x5f,0x35,0x37,0x29,
    0x0a,0x7b,0x0a,0x20,0x20,0x20,0x20,0x66,0x6c,0x6f,0x61,0x74,0x20,0x5f,0x31,0x30,
    0x33,0x20,0x3d,0x20,0x64,0x6f,0x74,0x28,0x73,0x72,0x63,0x2e,0x78,0x79,0x7a,0x2c,
    0x20,0x66,0x6c,0x6f,0x61,0x74,0x33,0x28,0x30,0x2e,0x32,0x31,0x32,0x35,0x39,0x39,
    0x39,0x39,0x32,0x37,0x35,0x32,0x30,0x37,0x35,0x31,0x39,0x35,0x33,0x31,0x32,0x35,
    0x2c,0x20,0x30,0x2e,0x37,0x31,0x35,0x32,0x30,0x30,0x30,0x30,0x36,0x39,0x36,0x31,
    0x38,0x32,0x32,0x35,0x30,0x39,0x37,0x36,0x35,0x36,0x32,0x35,0x2c,0x20,0x30,0x2e,
    0x30,0x37,0x32,0x32,0x30,0x30,0x30,0x30,0x30,0x32,0x38,0x36,0x31,0x30,0x32,0x32,
    0x39,0x34,0x39,0x32,0x31,0x38,0x37,0x35,0x29,0x29,0x3b,0x0a,0x20,0x20,0x20,0x20,
    0x66,0x6c,0x6f,0x61,0x74,0x20,0x70,0x61,0x72,0x61,0x6d,0x20,0x3d,0x20,0x5f,0x35,
    0x37,0x2e,0x6f,0x70,0x74,0x69,0x6f,0x6e,0x73,0x2e,0x77,0x3b,0x0a,0x20,0x20,0x20,
    0x20,0x66,0x6c,0x6f,0x61,0x74,0x20,0x70,0x61,0x72,0x61,0x6d,0x5f,0x31,0x20,0x3d,
    0x20,0x31,0x2e,0x30,0x3b,0x0a,0x20,0x20,0x20,0x20,0x72,0x65,0x74,0x75,0x72,0x6e,
    0x20,0x6d,0x69,0x78,0x28,0x5f,0x31,0x30,0x33,0x2c,0x20,0x31,0x2e,0x30,0x20,0x2d,
    0x20,0x5f,0x31,0x30,0x33,0x2c,0x20,0x62,0x72,0x69,0x64,0x67,0x65,0x5f,0x66,0x6c,
    0x61,0x67,0x28,0x70,0x61,0x72,0x61,0x6d,0x2c,0x20,0x70,0x61,0x72,0x61,0x6d,0x5f,
    0x31,0x29,0x29,0x3b,0x0a,0x7d,0x0a,0x0a,0x73,0x74,0x61,0x74,0x69,0x63,0x20,0x69,
    0x6e,0x6c,0x69,0x6e,0x65,0x20,0x5f,0x5f,0x61,0x74,0x74,0x72,0x69,0x62,0x75,0x74,
    0x65,0x5f,0x5f,0x28,0x28,0x61,0x6c,0x77,0x61,0x79,0x73,0x5f,0x69,0x6e,0x6c,0x69,
    0x6e,0x65,0x29,0x29,0x0a,0x66,0x6c,0x6f,0x61,0x74,0x20,0x62,0x72,0x69,0x64,0x67,
    0x65,0x5f,0x6d,0x61,0x73,0x6b,0x5f,0x73,0x6f,0x75,0x72,0x63,0x65,0x5f,0x6d,0x6f,
    0x64,0x65,0x28,0x63,0x6f,0x6e,0x73,0x74,0x61,0x6e,0x74,0x20,0x62,0x72,0x69,0x64,
    0x67,0x65,0x5f,0x70,0x61,0x72,0x61,0x6d,0x73,0x26,0x20,0x5f,0x35,0x37,0x29,0x0a,
    0x7b,0x0a,0x20,0x20,0x20,0x20,0x72,0x65,0x74,0x75,0x72,0x6e,0x20,0x66,0x6c,0x6f,
    0x6f,0x72,0x28,0x5f,0x35,0x37,0x2e,0x6f,0x70,0x74,0x69,0x6f,0x6e,0x73,0x2e,0x77,
    0x20,0x2a,0x20,0x30,0x2e,0x30,0x36,0x32,0x35,0x29,0x3b,0x0a,0x7d,0x0a,0x0a,0x73,
    0x74,0x61,0x74,0x69,0x63,0x20,0x69,0x6e,0x6c,0x69,0x6e,0x65,0x20,0x5f,0x5f,0x61,
    0x74,0x74,0x72,0x69,0x62,0x75,0x74,0x65,0x5f,0x5f,0x28,0x28,0x61,0x6c,0x77,0x61,
    0x79,0x73,0x5f,0x69,0x6e,0x6c,0x69,0x6e,0x65,0x29,0x29,0x0a,0x66,0x6c,0x6f,0x61,
    0x74,0x20,0x62,0x72,0x69,0x64,0x67,0x65,0x5f,0x73,0x61,0x74,0x75,0x72,0x61,0x74,
    0x69,0x6f,0x6e,0x28,0x74,0x68,0x72,0x65,0x61,0x64,0x20,0x63,0x6f,0x6e,0x73,0x74,
    0x20,0x66,0x6c,0x6f,0x61,0x74,0x33,0x26,0x20,0x72,0x67,0x62,0x29,0x0a,0x7b,0x0a,
    0x20,0x20,0x20,0x20,0x66,0x6c,0x6f,0x61,0x74,0x20,0x5f,0x31,0x33,0x31,0x20,0x3d,
    0x20,0x66,0x61,0x73,0x74,0x3a,0x3a,0x6d,0x61,0x78,0x28,0x66,0x61,0x73,0x74,0x3a,
    0x3a,0x6d,0x61,0x78,0x28,0x72,0x67,0x62,0x2e,0x78,0x2c,0x20,0x72,0x67,0x62,0x2e,
    0x79,0x29,0x2c,0x20,0x72,0x67,0x62,0x2e,0x7a,0x29,0x3b,0x0a,0x20,0x20,0x20,0x20,
    0x66,0x6c,0x6f,0x61,0x74,0x20,0x5f,0x31,0x34,0x35,0x3b,0x0a,0x20,0x20,0x20,0x20,
    0x69,0x66,0x20,0x28,0x5f,0x31,0x33,0x31,0x20,0x3c,0x3d,0x20,0x39,0x2e,0x39,0x39,
    0x39,0x39,0x39,0x39,0x39,0x37,0x34,0x37,0x35,0x32,0x34,0x32,0x37,0x30,0x37,0x38,
    0x37,0x38,0x33,0x35,0x31,0x32,0x31,0x31,0x35,0x34,0x37,0x38,0x35,0x65,0x2d,0x30,
    0x37,0x29,0x0a,0x20,0x20,0x20,0x20,0x7b,0x0a,0x20,0x20,0x20,0x20,0x20,0x20,0x20,
    0x20,0x5f,0x31,0x34,0x35,0x20,0x3d,0x20,0x30,0x2e,0x30,0x3b,0x0a,0x20,0x20,0x20,
    0x20,0x7d,0x0a,0x20,0x20,0x20,0x20,0x65,0x6c,0x73,0x65,0x0a,0x20,0x20,0x20,0x20,
    0x7b,0x0a,0x20,0x20,0x20,0x20,0x20,0x20,0x20,0x20,0x5f,0x31,0x34,0x35,0x20,0x3d,
    0x20,0x28,0x5f,0x31,0x33,0x31,0x20,0x2d,0x20,0x66,0x61,0x73,0x74,0x3a,0x3a,0x6d,
    0x69,0x6e,0x28,0x66,0x61,0x73,0x74,0x3a,0x3a,0x6d,0x69,0x6e,0x28,0x72,0x67,0x62,
    0x2e,0x78,0x2c,0x20,0x72,0x67,0x62,0x2e,0x79,0x29,0x2c,0x20,0x72,0x67,0x62,0x2e,
    0x7a,0x29,0x29,0x20,0x2f,0x20,0x5f,0x31,0x33,0x31,0x3b,0x0a,0x20,0x20,0x20,0x20,
    0x7d,0x0a,0x20,0x20,0x20,0x20,0x72,0x65,0x74,0x75,0x72,0x6e,0x20,0x5f,0x31,0x34,
    0x35,0x3b,0x0a,0x7d,0x0a,0x0a,0x73,0x74,0x61,0x74,0x69,0x63,0x20,0x69,0x6e,0x6c,
    0x69,0x6e,0x65,0x20,0x5f,0x5f,0x61,0x74,0x74,0x72,0x69,0x62,0x75,0x74,0x65,0x5f,
    0x5f,0x28,0x28,0x61,0x6c,0x77,0x61,0x79,0x73,0x5f,0x69,0x6e,0x6c,0x69,0x6e,0x65,
    0x29,0x29,0x0a,0x66,0x6c,0x6f,0x61,0x74,0x20,0x62,0x72,0x69,0x64,0x67,0x65,0x5f,
    0x6d,0x61,0x73,0x6b,0x5f,0x76,0x61,0x6c,0x75,0x65,0x28,0x74,0x68,0x72,0x65,0x61,
    0x64,0x20,0x63,0x6f,0x6e,0x73,0x74,0x20,0x66,0x6c,0x6f,0x61,0x74,0x34,0x26,0x20,
    0x73,0x72,0x63,0x2c,0x20,0x74,0x68,0x72,0x65,0x61,0x64,0x20,0x63,0x6f,0x6e,0x73,
    0x74,0x20,0x66,0x6c,0x6f,0x61,0x74,0x26,0x20,0x69,0x6e,0x74,0x65,0x6e,0x73,0x69,
    0x74,0x79,0x2c,0x20,0x63,0x6f,0x6e,0x73,0x74,0x61,0x6e,0x74,0x20,0x62,0x72,0x69,
    0x64,0x67,0x65,0x5f,0x70,0x61,0x72,0x61,0x6d,0x73,0x26,0x20,0x5f,0x35,0x37,0x29,
    0x0a,0x7b,0x0a,0x20,0x20,0x20,0x20,0x66,0x6c,0x6f,0x61,0x74,0x20,0x70,0x61,0x72,
    0x61,0x6d,0x20,0x3d,0x20,0x5f,0x35,0x37,0x2e,0x6f,0x70,0x74,0x69,0x6f,0x6e,0x73,
    0x2e,0x77,0x3b,0x0a,0x20,0x20,0x20,0x20,0x66,0x6c,0x6f,0x61,0x74,0x20,0x70,0x61,
    0x72,0x61,0x6d,0x5f,0x31,0x20,0x3d,0x20,0x32,0x2e,0x30,0x3b,0x0a,0x20,0x20,0x20,
    0x20,0x66,0x6c,0x6f,0x61,0x74,0x20,0x6d,0x6f,0x64,0x65,0x20,0x3d,0x20,0x62,0x72,
    0x69,0x64,0x67,0x65,0x5f,0x6d,0x61,0x73,0x6b,0x5f,0x73,0x6f,0x75,0x72,0x63,0x65,
    0x5f,0x6d,0x6f,0x64,0x65,0x28,0x5f,0x35,0x37,0x29,0x3b,0x0a,0x20,0x20,0x20,0x20,
    0x69,0x66,0x20,0x28,0x62,0x72,0x69,0x64,0x67,0x65,0x5f,0x66,0x6c,0x61,0x67,0x28,
    0x70,0x61,0x72,0x61,0x6d,0x2c,0x20,0x70,0x61,0x72,0x61,0x6d,0x5f,0x31,0x29,0x20,
    0x3e,0x20,0x30,0x2e,0x35,0x29,0x0a,0x20,0x20,0x20,0x20,0x7b,0x0a,0x20,0x20,0x20,
    0x20,0x20,0x20,0x20,0x20,0x6d,0x6f,0x64,0x65,0x20,0x3d,0x20,0x31,0x2e,0x30,0x3b,
    0x0a,0x20,0x20,0x20,0x20,0x7d,0x0a,0x20,0x20,0x20,0x20,0x69,0x66,0x20,0x28,0x28,
    0x6d,0x6f,0x64,0x65,0x20,0x3e,0x20,0x30,0x2e,0x35,0x29,0x20,0x26,0x26,0x20,0x28,
    0x6d,0x6f,0x64,0x65,0x20,0x3c,0x20,0x31,0x2e,0x35,0x29,0x29,0x0a,0x20,0x20,0x20,
    0x20,0x7b,0x0a,0x20,0x20,0x20,0x20,0x20,0x20,0x20,0x20,0x72,0x65,0x74,0x75,0x72,
    0x6e,0x20,0x73,0x72,0x63,0x2e,0x77,0x3b,0x0a,0x20,0x20,0x20,0x20,0x7d,0x0a,0x20,
    0x20,0x20,0x20,0x69,0x66,0x20,0x28,0x28,0x6d,0x6f,0x64,0x65,0x20,0x3e,0x20,0x31,
    0x2e,0x35,0x29,0x20,0x26,0x26,0x20,0x28,0x6d,0x6f,0x64,0x65,0x20,0x3c,0x20,0x32,
    0x2e,0x35,0x29,0x29,0x0a,0x20,0x20,0x20,0x20,0x7b,0x0a,0x20,0x20,0x20,0x20,0x20,
    0x20,0x20,0x20,0x72,0x65,0x74,0x75,0x72,0x6e,0x20,0x73,0x72,0x63,0x2e,0x78,0x3b,
    0x0a,0x20,0x20,0x20,0x20,0x7d,0x0a,0x20,0x20,0x20,0x20,0x69,0x66,0x20,0x28,0x28,
    0x6d,0x6f,0x64,0x65,0x20,0x3e,0x20,0x32,0x2e,0x35,0x29,0x20,0x26,0x26,0x20,0x28,
    0x6d,0x6f,0x64,0x65,0x20,0x3c,0x20,0x33,0x2e,0x35,0x29,0x29,0x0a,0x20,0x20,0x20,
    0x20,0x7b,0x0a,0x20,0x20,0x20,0x20,0x20,0x20,0x20,0x20,0x72,0x65,0x74,0x75,0x72,
    0x6e,0x20,0x73,0x72,0x63,0x2e,0x79,0x3b,0x0a,0x20,0x20,0x20,0x20,0x7d,0x0a,0x20,
    0x20,0x20,0x20,0x69,0x66,0x20,0x28,0x28,0x6d,0x6f,0x64,0x65,0x20,0x3e,0x20,0x33,
    0x2e,0x35,0x29,0x20,0x26,0x26,0x20,0x28,0x6d,0x6f,0x64,0x65,0x20,0x3c,0x20,0x34,
    0x2e,0x35,0x29,0x29,0x0a,0x20,0x20,0x20,0x20,0x7b,0x0a,0x20,0x20,0x20,0x20,0x20,
    0x20,0x20,0x20,0x72,0x65,0x74,0x75,0x72,0x6e,0x20,0x73,0x72,0x63,0x2e,0x7a,0x3b,
    0x0a,0x20,0x20,0x20,0x20,0x7d,0x0a,0x20,0x20,0x20,0x20,0x69,0x66,0x20,0x28,0x28,
    0x6d,0x6f,0x64,0x65,0x20,0x3e,0x20,0x34,0x2e,0x35,0x29,0x20,0x26,0x26,0x20,0x28,
    0x6d,0x6f,0x64,0x65,0x20,0x3c,0x20,0x35,0x2e,0x35,0x29,0x29,0x0a,0x20,0x20,0x20,
    0x20,0x7b,0x0a,0x20,0x20,0x20,0x20,0x20,0x20,0x20,0x20,0x72,0x65,0x74,0x75,0x72,
    0x6e,0x20,0x66,0x61,0x73,0x74,0x3a,0x3a,0x6d,0x61,0x78,0x28,0x66,0x61,0x73,0x74,
    0x3a,0x3a,0x6d,0x61,0x78,0x28,0x73,0x72,0x63,0x2e,0x78,0x2c,0x20,0x73,0x72,0x63,
    0x2e,0x79,0x29,0x2c,0x20,0x73,0x72,0x63,0x2e,0x7a,0x29,0x3b,0x0a,0x20,0x20,0x20,
    0x20,0x7d,0x0a,0x20,0x20,0x20,0x20,0x69,0x66,0x20,0x28,0x6d,0x6f,0x64,0x65,0x20,
    0x3e,0x20,0x35,0x2e,0x35,0x29,0x0a,0x20,0x20,0x20,0x20,0x7b,0x0a,0x20,0x20,0x20,
    0x20,0x20,0x20,0x20,0x20,0x66,0x6c,0x6f,0x61,0x74,0x33,0x20,0x70,0x61,0x72,0x61,
    0x6d,0x5f,0x32,0x20,0x3d,0x20,0x73,0x72,0x63,0x2e,0x78,0x79,0x7a,0x3b,0x0a,0x20,
    0x20,0x20,0x20,0x20,0x20,0x20,0x20,0x72,0x65,0x74,0x75,0x72,0x6e,0x20,0x62,0x72,
    0x69,0x64,0x67,0x65,0x5f,0x73,0x61,0x74,0x75,0x72,0x61,0x74,0x69,0x6f,0x6e,0x28,
    0x70,0x61,0x72,0x61,0x6d,0x5f,0x32,0x29,0x3b,0x0a,0x20,0x20,0x20,0x20,0x7d,0x0a,
    0x20,0x20,0x20,0x20,0x72,0x65,0x74,0x75,0x72,0x6e,0x20,0x69,0x6e,0x74,0x65,0x6e,
    0x73,0x69,0x74,0x79,0x3b,0x0a,0x7d,0x0a,0x0a,0x73,0x74,0x61,0x74,0x69,0x63,0x20,
    0x69,0x6e,0x6c,0x69,0x6e,0x65,0x20,0x5f,0x5f,0x61,0x74,0x74,0x72,0x69,0x62,0x75,
    0x74,0x65,0x5f,0x5f,0x28,0x28,0x61,0x6c,0x77,0x61,0x79,0x73,0x5f,0x69,0x6e,0x6c,
    0x69,0x6e,0x65,0x29,0x29,0x0a,0x66,0x6c,0x6f,0x61,0x74,0x20,0x62,0x72,0x69,0x64,
    0x67,0x65,0x5f,0x6d,0x61,0x73,0x6b,0x5f,0x67,0x61,0x6d,0x6d,0x61,0x28,0x63,0x6f,
    0x6e,0x73,0x74,0x61,0x6e,0x74,0x20,0x62,0x72,0x69,0x64,0x67,0x65,0x5f,0x70,0x61,
    0x72,0x61,0x6d,0x73,0x26,0x20,0x5f,0x35,0x37,0x29,0x0a,0x7b,0x0a,0x20,0x20,0x20,
    0x20,0x72,0x65,0x74,0x75,0x72,0x6e,0x20,0x66,0x61,0x73,0x74,0x3a,0x3a,0x6d,0x61,
    0x78,0x28,0x5f,0x35,0x37,0x2e,0x74,0x65,0x78,0x65,0x6c,0x2e,0x77,0x2c,0x20,0x39,
    0x2e,0x39,0x39,0x39,0x39,0x39,0x39,0x37,0x34,0x37,0x33,0x37,0x38,0x37,0x35,0x31,
    0x36,0x33,0x35,0x35,0x35,0x31,0x34,0x35,0x32,0x36,0x33,0x36,0x37,0x31,0x38,0x38,
    0x65,0x2d,0x30,0x35,0x29,0x3b,0x0a,0x7d,0x0a,0x0a,0x73,0x74,0x61,0x74,0x69,0x63,
    0x20,0x69,0x6e,0x6c,0x69,0x6e,0x65,0x20,0x5f,0x5f,0x61,0x74,0x74,0x72,0x69,0x62,
    0x75,0x74,0x65,0x5f,0x5f,0x28,0x28,0x61,0x6c,0x77,0x61,0x79,0x73,0x5f,0x69,0x6e,
    0x6c,0x69,0x6e,0x65,0x29,0x29,0x0a,0x66,0x6c,0x6f,0x61,0x74,0x20,0x62,0x72,0x69,
    0x64,0x67,0x65,0x5f,0x73,0x6f,0x66,0x74,0x5f,0x6d,0x61,0x73,0x6b,0x28,0x74,0x68,
    0x72,0x65,0x61,0x64,0x20,0x63,0x6f,0x6e,0x73,0x74,0x20,0x66,0x6c,0x6f,0x61,0x74,
    0x26,0x20,0x76,0x61,0x6c,0x75,0x65,0x2c,0x20,0x63,0x6f,0x6e,0x73,0x74,0x61,0x6e,
    0x74,0x20,0x62,0x72,0x69,0x64,0x67,0x65,0x5f,0x70,0x61,0x72,0x61,0x6d,0x73,0x26,
    0x20,0x5f,0x35,0x37,0x29,0x0a,0x7b,0x0a,0x20,0x20,0x20,0x20,0x66,0x6c,0x6f,0x61,
    0x74,0x20,0x5f,0x32,0x35,0x34,0x20,0x3d,0x20,0x66,0x61,0x73,0x74,0x3a,0x3a,0x6d,
    0x61,0x78,0x28,0x5f,0x35,0x37,0x2e,0x74,0x65,0x78,0x65,0x6c,0x2e,0x7a,0x2c,0x20,
    0x30,0x2e,0x30,0x29,0x3b,0x0a,0x20,0x20,0x20,0x20,0x66,0x6c,0x6f,0x61,0x74,0x20,
    0x5f,0x32,0x35,0x39,0x3b,0x0a,0x20,0x20,0x20,0x20,0x69,0x66,0x20,0x28,0x5f,0x32,
    0x35,0x34,0x20,0x3c,0x3d,0x20,0x39,0x2e,0x39,0x39,0x39,0x39,0x39,0x39,0x37,0x34,
    0x37,0x33,0x37,0x38,0x37,0x35,0x31,0x36,0x33,0x35,0x35,0x35,0x31,0x34,0x35,0x32,
    0x36,0x33,0x36,0x37,0x31,0x38,0x38,0x65,0x2d,0x30,0x36,0x29,0x0a,0x20,0x20,0x20,
    0x20,0x7b,0x0a,0x20,0x20,0x20,0x20,0x20,0x20,0x20,0x20,0x5f,0x32,0x35,0x39,0x20,
    0x3d,0x20,0x73,0x74,0x65,0x70,0x28,0x5f,0x35,0x37,0x2e,0x6f,0x70,0x74,0x69,0x6f,
    0x6e,0x73,0x2e,0x79,0x2c,0x20,0x76,0x61,0x6c,0x75,0x65,0x29,0x3b,0x0a,0x20,0x20,
    0x20,0x20,0x7d,0x0a,0x20,0x20,0x20,0x20,0x65,0x6c,0x73,0x65,0x0a,0x20,0x20,0x20,
    0x20,0x7b,0x0a,0x20,0x20,0x20,0x20,0x20,0x20,0x20,0x20,0x66,0x6c,0x6f,0x61,0x74,
    0x20,0x5f,0x32,0x37,0x30,0x20,0x3d,0x20,0x5f,0x32,0x35,0x34,0x20,0x2a,0x20,0x30,
    0x2e,0x35,0x3b,0x0a,0x20,0x20,0x20,0x20,0x20,0x20,0x20,0x20,0x5f,0x32,0x35,0x39,
    0x20,0x3d,0x20,0x73,0x6d,0x6f,0x6f,0x74,0x68,0x73,0x74,0x65,0x70,0x28,0x5f,0x35,
    0x37,0x2e,0x6f,0x70,0x74,0x69,0x6f,0x6e,0x73,0x2e,0x79,0x20,0x2d,0x20,0x5f,0x32,
    0x37,0x30,0x2c,0x20,0x5f,0x35,0x37,0x2e,0x6f,0x70,0x74,0x69,0x6f,0x6e,0x73,0x2e,
    0x79,0x20,0x2b,0x20,0x5f,0x32,0x37,0x30,0x2c,0x20,0x76,0x61,0x6c,0x75,0x65,0x29,
    0x3b,0x0a,0x20,0x20,0x20,0x20,0x7d,0x0a,0x20,0x20,0x20,0x20,0x72,0x65,0x74,0x75,
    0x72,0x6e,0x20,0x70,0x6f,0x77,0x72,0x28,0x66,0x61,0x73,0x74,0x3a,0x3a,0x63,0x6c,
    0x61,0x6d,0x70,0x28,0x5f,0x32,0x35,0x39,0x2c,0x20,0x30,0x2e,0x30,0x2c,0x20,0x31,
    0x2e,0x30,0x29,0x2c,0x20,0x31,0x2e,0x30,0x20,0x2f,0x20,0x62,0x72,0x69,0x64,0x67,
    0x65,0x5f,0x6d,0x61,0x73,0x6b,0x5f,0x67,0x61,0x6d,0x6d,0x61,0x28,0x5f,0x35,0x37,
    0x29,0x29,0x3b,0x0a,0x7d,0x0a,0x0a,0x66,0x72,0x61,0x67,0x6d,0x65,0x6e,0x74,0x20,
    0x6d,0x61,0x69,0x6e,0x30,0x5f,0x6f,0x75,0x74,0x20,0x6d,0x61,0x69,0x6e,0x30,0x28,
    0x6d,0x61,0x69,0x6e,0x30,0x5f,0x69,0x6e,0x20,0x69,0x6e,0x20,0x5b,0x5b,0x73,0x74,
    0x61,0x67,0x65,0x5f,0x69,0x6e,0x5d,0x5d,0x2c,0x20,0x63,0x6f,0x6e,0x73,0x74,0x61,
    0x6e,0x74,0x20,0x62,0x72,0x69,0x64,0x67,0x65,0x5f,0x70,0x61,0x72,0x61,0x6d,0x73,
    0x26,0x20,0x5f,0x35,0x37,0x20,0x5b,0x5b,0x62,0x75,0x66,0x66,0x65,0x72,0x28,0x30,
    0x29,0x5d,0x5d,0x2c,0x20,0x74,0x65,0x78,0x74,0x75,0x72,0x65,0x32,0x64,0x3c,0x66,
    0x6c,0x6f,0x61,0x74,0x3e,0x20,0x62,0x72,0x69,0x64,0x67,0x65,0x49,0x6e,0x70,0x75,
    0x74,0x54,0x65,0x78,0x20,0x5b,0x5b,0x74,0x65,0x78,0x74,0x75,0x72,0x65,0x28,0x30,
    0x29,0x5d,0x5d,0x2c,0x20,0x73,0x61,0x6d,0x70,0x6c,0x65,0x72,0x20,0x62,0x72,0x69,
    0x64,0x67,0x65,0x49,0x6e,0x70,0x75,0x74,0x53,0x6d,0x70,0x20,0x5b,0x5b,0x73,0x61,
    0x6d,0x70,0x6c,0x65,0x72,0x28,0x30,0x29,0x5d,0x5d,0x29,0x0a,0x7b,0x0a,0x20,0x20,
    0x20,0x20,0x6d,0x61,0x69,0x6e,0x30,0x5f,0x6f,0x75,0x74,0x20,0x6f,0x75,0x74,0x20,
    0x3d,0x20,0x7b,0x7d,0x3b,0x0a,0x20,0x20,0x20,0x20,0x66,0x6c,0x6f,0x61,0x74,0x32,
    0x20,0x70,0x61,0x72,0x61,0x6d,0x20,0x3d,0x20,0x69,0x6e,0x2e,0x75,0x76,0x3b,0x0a,
    0x20,0x20,0x20,0x20,0x66,0x6c,0x6f,0x61,0x74,0x34,0x20,0x5f,0x33,0x30,0x33,0x20,
    0x3d,0x20,0x62,0x72,0x69,0x64,0x67,0x65,0x49,0x6e,0x70,0x75,0x74,0x54,0x65,0x78,
    0x2e,0x73,0x61,0x6d,0x70,0x6c,0x65,0x28,0x62,0x72,0x69,0x64,0x67,0x65,0x49,0x6e,
    0x70,0x75,0x74,0x53,0x6d,0x70,0x2c,0x20,0x62,0x72,0x69,0x64,0x67,0x65,0x5f,0x73,
    0x61,0x6d,0x70,0x6c,0x65,0x5f,0x75,0x76,0x28,0x70,0x61,0x72,0x61,0x6d,0x2c,0x20,
    0x5f,0x35,0x37,0x29,0x29,0x3b,0x0a,0x20,0x20,0x20,0x20,0x66,0x6c,0x6f,0x61,0x74,
    0x34,0x20,0x70,0x61,0x72,0x61,0x6d,0x5f,0x31,0x20,0x3d,0x20,0x5f,0x33,0x30,0x33,
    0x3b,0x0a,0x20,0x20,0x20,0x20,0x66,0x6c,0x6f,0x61,0x74,0x20,0x5f,0x33,0x30,0x37,
    0x20,0x3d,0x20,0x62,0x72,0x69,0x64,0x67,0x65,0x5f,0x6c,0x75,0x6d,0x69,0x6e,0x61,
    0x6e,0x63,0x65,0x28,0x70,0x61,0x72,0x61,0x6d,0x5f,0x31,0x2c,0x20,0x5f,0x35,0x37,
    0x29,0x3b,0x0a,0x20,0x20,0x20,0x20,0x66,0x6c,0x6f,0x61,0x74,0x34,0x20,0x70,0x61,
    0x72,0x61,0x6d,0x5f,0x32,0x20,0x3d,0x20,0x5f,0x33,0x30,0x33,0x3b,0x0a,0x20,0x20,
    0x20,0x20,0x66,0x6c,0x6f,0x61,0x74,0x20,0x70,0x61,0x72,0x61,0x6d,0x5f,0x33,0x20,
    0x3d,0x20,0x5f,0x33,0x30,0x37,0x3b,0x0a,0x20,0x20,0x20,0x20,0x66,0x6c,0x6f,0x61,
    0x74,0x20,0x70,0x61,0x72,0x61,0x6d,0x5f,0x34,0x20,0x3d,0x20,0x62,0x72,0x69,0x64,
    0x67,0x65,0x5f,0x6d,0x61,0x73,0x6b,0x5f,0x76,0x61,0x6c,0x75,0x65,0x28,0x70,0x61,
    0x72,0x61,0x6d,0x5f,0x32,0x2c,0x20,0x70,0x61,0x72,0x61,0x6d,0x5f,0x33,0x2c,0x20,
    0x5f,0x35,0x37,0x29,0x3b,0x0a,0x20,0x20,0x20,0x20,0x66,0x6c,0x6f,0x61,0x74,0x20,
    0x5f,0x33,0x31,0x35,0x20,0x3d,0x20,0x62,0x72,0x69,0x64,0x67,0x65,0x5f,0x73,0x6f,
    0x66,0x74,0x5f,0x6d,0x61,0x73,0x6b,0x28,0x70,0x61,0x72,0x61,0x6d,0x5f,0x34,0x2c,
    0x20,0x5f,0x35,0x37,0x29,0x3b,0x0a,0x20,0x20,0x20,0x20,0x66,0x6c,0x6f,0x61,0x74,
    0x20,0x5f,0x33,0x32,0x33,0x20,0x3d,0x20,0x28,0x5f,0x33,0x30,0x37,0x20,0x2a,0x20,
    0x5f,0x33,0x31,0x35,0x29,0x20,0x2a,0x20,0x5f,0x35,0x37,0x2e,0x6f,0x70,0x74,0x69,
    0x6f,0x6e,0x73,0x2e,0x78,0x3b,0x0a,0x20,0x20,0x20,0x20,0x6f,0x75,0x74,0x2e,0x66,
    0x72,0x61,0x67,0x5f,0x63,0x6f,0x6c,0x6f,0x72,0x20,0x3d,0x20,0x66,0x6c,0x6f,0x61,
    0x74,0x34,0x28,0x5f,0x33,0x32,0x33,0x2c,0x20,0x5f,0x33,0x32,0x33,0x2c,0x20,0x5f,
    0x33,0x32,0x33,0x2c,0x20,0x5f,0x33,0x30,0x33,0x2e,0x77,0x20,0x2a,0x20,0x5f,0x33,
    0x31,0x35,0x29,0x20,0x2a,0x20,0x5f,0x35,0x37,0x2e,0x63,0x6f,0x6c,0x6f,0x72,0x3b,
    0x0a,0x20,0x20,0x20,0x20,0x72,0x65,0x74,0x75,0x72,0x6e,0x20,0x6f,0x75,0x74,0x3b,
    0x0a,0x7d,0x0a,0x0a,0x00,
};
/*
    #pragma clang diagnostic ignored "-Wmissing-prototypes"

    #include <metal_stdlib>
    #include <simd/simd.h>

    using namespace metal;

    // Implementation of the GLSL mod() function, which is slightly different than Metal fmod()
    template<typename Tx, typename Ty>
    inline Tx mod(Tx x, Ty y)
    {
        return x - y * floor(x / y);
    }

    struct bridge_params
    {
        float4 color;
        float4 resolution;
        float4 texel;
        float4 options;
    };

    struct main0_out
    {
        float4 frag_color [[color(0)]];
    };

    struct main0_in
    {
        float2 uv [[user(locn0)]];
    };

    static inline __attribute__((always_inline))
    float bridge_flag(thread const float& _packed, thread const float& flag)
    {
        return floor(mod(floor(_packed / flag), 2.0));
    }

    static inline __attribute__((always_inline))
    float2 bridge_sample_uv(thread const float2& p, constant bridge_params& _57)
    {
        float param = _57.options.w;
        float param_1 = 4.0;
        float param_2 = _57.options.w;
        float param_3 = 8.0;
        return float2(mix(p.x, 1.0 - p.x, bridge_flag(param, param_1)), mix(p.y, 1.0 - p.y, bridge_flag(param_2, param_3)));
    }

    static inline __attribute__((always_inline))
    float bridge_luminance(thread const float4& src, constant bridge_params& _57)
    {
        float _103 = dot(src.xyz, float3(0.2125999927520751953125, 0.715200006961822509765625, 0.072200000286102294921875));
        float param = _57.options.w;
        float param_1 = 1.0;
        return mix(_103, 1.0 - _103, bridge_flag(param, param_1));
    }

    static inline __attribute__((always_inline))
    float bridge_mask_source_mode(constant bridge_params& _57)
    {
        return floor(_57.options.w * 0.0625);
    }

    static inline __attribute__((always_inline))
    float bridge_saturation(thread const float3& rgb)
    {
        float _131 = fast::max(fast::max(rgb.x, rgb.y), rgb.z);
        float _145;
        if (_131 <= 9.9999999747524270787835121154785e-07)
        {
            _145 = 0.0;
        }
        else
        {
            _145 = (_131 - fast::min(fast::min(rgb.x, rgb.y), rgb.z)) / _131;
        }
        return _145;
    }

    static inline __attribute__((always_inline))
    float bridge_mask_value(thread const float4& src, thread const float& intensity, constant bridge_params& _57)
    {
        float param = _57.options.w;
        float param_1 = 2.0;
        float mode = bridge_mask_source_mode(_57);
        if (bridge_flag(param, param_1) > 0.5)
        {
            mode = 1.0;
        }
        if ((mode > 0.5) && (mode < 1.5))
        {
            return src.w;
        }
        if ((mode > 1.5) && (mode < 2.5))
        {
            return src.x;
        }
        if ((mode > 2.5) && (mode < 3.5))
        {
            return src.y;
        }
        if ((mode > 3.5) && (mode < 4.5))
        {
            return src.z;
        }
        if ((mode > 4.5) && (mode < 5.5))
        {
            return fast::max(fast::max(src.x, src.y), src.z);
        }
        if (mode > 5.5)
        {
            float3 param_2 = src.xyz;
            return bridge_saturation(param_2);
        }
        return intensity;
    }

    static inline __attribute__((always_inline))
    float bridge_mask_gamma(constant bridge_params& _57)
    {
        return fast::max(_57.texel.w, 9.9999997473787516355514526367188e-05);
    }

    static inline __attribute__((always_inline))
    float bridge_soft_mask(thread const float& value, constant bridge_params& _57)
    {
        float _254 = fast::max(_57.texel.z, 0.0);
        float _259;
        if (_254 <= 9.9999997473787516355514526367188e-06)
        {
            _259 = step(_57.options.y, value);
        }
        else
        {
            float _270 = _254 * 0.5;
            _259 = smoothstep(_57.options.y - _270, _57.options.y + _270, value);
        }
        return powr(fast::clamp(_259, 0.0, 1.0), 1.0 / bridge_mask_gamma(_57));
    }

    fragment main0_out main0(main0_in in [[stage_in]], constant bridge_params& _57 [[buffer(0)]], texture2d<float> bridgeInputTex [[texture(0)]], sampler bridgeInputSmp [[sampler(0)]])
    {
        main0_out out = {};
        float2 _295 = _57.texel.xy * fast::max(_57.options.z, 1.0);
        float2 param = in.uv;
        float4 _312 = bridgeInputTex.sample(bridgeInputSmp, bridge_sample_uv(param, _57));
        float2 _320 = float2(_295.x, 0.0);
        float2 param_1 = in.uv - _320;
        float4 _324 = bridgeInputTex.sample(bridgeInputSmp, bridge_sample_uv(param_1, _57));
        float2 param_2 = in.uv + _320;
        float4 _336 = bridgeInputTex.sample(bridgeInputSmp, bridge_sample_uv(param_2, _57));
        float2 _344 = float2(0.0, _295.y);
        float2 param_3 = in.uv - _344;
        float4 _348 = bridgeInputTex.sample(bridgeInputSmp, bridge_sample_uv(param_3, _57));
        float2 param_4 = in.uv + _344;
        float4 _360 = bridgeInputTex.sample(bridgeInputSmp, bridge_sample_uv(param_4, _57));
        float4 param_5 = _312;
        float4 param_6 = _324;
        float _368 = bridge_luminance(param_6, _57);
        float4 param_7 = _336;
        float _372 = bridge_luminance(param_7, _57);
        float4 param_8 = _348;
        float _376 = bridge_luminance(param_8, _57);
        float4 param_9 = _360;
        float _380 = bridge_luminance(param_9, _57);
        float4 param_10 = _312;
        float param_11 = bridge_luminance(param_5, _57);
        float4 param_12 = _324;
        float param_13 = _368;
        float4 param_14 = _336;
        float param_15 = _372;
        float4 param_16 = _348;
        float param_17 = _376;
        float4 param_18 = _360;
        float param_19 = _380;
        float param_20 = fast::max(fast::max(fast::max(fast::max(bridge_mask_value(param_10, param_11, _57), bridge_mask_value(param_12, param_13, _57)), bridge_mask_value(param_14, param_15, _57)), bridge_mask_value(param_16, param_17, _57)), bridge_mask_value(param_18, param_19, _57));
        out.frag_color = float4(((float2(_372 - _368, _380 - _376) * _57.options.x) * bridge_soft_mask(param_20, _57)) * _57.color.xy, 0.0, 1.0);
        return out;
    }

*/
static const uint8_t fs_bridge_velocity_source_metal_macos[5564] = {
    0x23,0x70,0x72,0x61,0x67,0x6d,0x61,0x20,0x63,0x6c,0x61,0x6e,0x67,0x20,0x64,0x69,
    0x61,0x67,0x6e,0x6f,0x73,0x74,0x69,0x63,0x20,0x69,0x67,0x6e,0x6f,0x72,0x65,0x64,
    0x20,0x22,0x2d,0x57,0x6d,0x69,0x73,0x73,0x69,0x6e,0x67,0x2d,0x70,0x72,0x6f,0x74,
    0x6f,0x74,0x79,0x70,0x65,0x73,0x22,0x0a,0x0a,0x23,0x69,0x6e,0x63,0x6c,0x75,0x64,
    0x65,0x20,0x3c,0x6d,0x65,0x74,0x61,0x6c,0x5f,0x73,0x74,0x64,0x6c,0x69,0x62,0x3e,
    0x0a,0x23,0x69,0x6e,0x63,0x6c,0x75,0x64,0x65,0x20,0x3c,0x73,0x69,0x6d,0x64,0x2f,
    0x73,0x69,0x6d,0x64,0x2e,0x68,0x3e,0x0a,0x0a,0x75,0x73,0x69,0x6e,0x67,0x20,0x6e,
    0x61,0x6d,0x65,0x73,0x70,0x61,0x63,0x65,0x20,0x6d,0x65,0x74,0x61,0x6c,0x3b,0x0a,
    0x0a,0x2f,0x2f,0x20,0x49,0x6d,0x70,0x6c,0x65,0x6d,0x65,0x6e,0x74,0x61,0x74,0x69,
    0x6f,0x6e,0x20,0x6f,0x66,0x20,0x74,0x68,0x65,0x20,0x47,0x4c,0x53,0x4c,0x20,0x6d,
    0x6f,0x64,0x28,0x29,0x20,0x66,0x75,0x6e,0x63,0x74,0x69,0x6f,0x6e,0x2c,0x20,0x77,
    0x68,0x69,0x63,0x68,0x20,0x69,0x73,0x20,0x73,0x6c,0x69,0x67,0x68,0x74,0x6c,0x79,
    0x20,0x64,0x69,0x66,0x66,0x65,0x72,0x65,0x6e,0x74,0x20,0x74,0x68,0x61,0x6e,0x20,
    0x4d,0x65,0x74,0x61,0x6c,0x20,0x66,0x6d,0x6f,0x64,0x28,0x29,0x0a,0x74,0x65,0x6d,
    0x70,0x6c,0x61,0x74,0x65,0x3c,0x74,0x79,0x70,0x65,0x6e,0x61,0x6d,0x65,0x20,0x54,
    0x78,0x2c,0x20,0x74,0x79,0x70,0x65,0x6e,0x61,0x6d,0x65,0x20,0x54,0x79,0x3e,0x0a,
    0x69,0x6e,0x6c,0x69,0x6e,0x65,0x20,0x54,0x78,0x20,0x6d,0x6f,0x64,0x28,0x54,0x78,
    0x20,0x78,0x2c,0x20,0x54,0x79,0x20,0x79,0x29,0x0a,0x7b,0x0a,0x20,0x20,0x20,0x20,
    0x72,0x65,0x74,0x75,0x72,0x6e,0x20,0x78,0x20,0x2d,0x20,0x79,0x20,0x2a,0x20,0x66,
    0x6c,0x6f,0x6f,0x72,0x28,0x78,0x20,0x2f,0x20,0x79,0x29,0x3b,0x0a,0x7d,0x0a,0x0a,
    0x73,0x74,0x72,0x75,0x63,0x74,0x20,0x62,0x72,0x69,0x64,0x67,0x65,0x5f,0x70,0x61,
    0x72,0x61,0x6d,0x73,0x0a,0x7b,0x0a,0x20,0x20,0x20,0x20,0x66,0x6c,0x6f,0x61,0x74,
    0x34,0x20,0x63,0x6f,0x6c,0x6f,0x72,0x3b,0x0a,0x20,0x20,0x20,0x20,0x66,0x6c,0x6f,
    0x61,0x74,0x34,0x20,0x72,0x65,0x73,0x6f,0x6c,0x75,0x74,0x69,0x6f,0x6e,0x3b,0x0a,
    0x20,0x20,0x20,0x20,0x66,0x6c,0x6f,0x61,0x74,0x34,0x20,0x74,0x65,0x78,0x65,0x6c,
    0x3b,0x0a,0x20,0x20,0x20,0x20,0x66,0x6c,0x6f,0x61,0x74,0x34,0x20,0x6f,0x70,0x74,
    0x69,0x6f,0x6e,0x73,0x3b,0x0a,0x7d,0x3b,0x0a,0x0a,0x73,0x74,0x72,0x75,0x63,0x74,
    0x20,0x6d,0x61,0x69,0x6e,0x30,0x5f,0x6f,0x75,0x74,0x0a,0x7b,0x0a,0x20,0x20,0x20,
    0x20,0x66,0x6c,0x6f,0x61,0x74,0x34,0x20,0x66,0x72,0x61,0x67,0x5f,0x63,0x6f,0x6c,
    0x6f,0x72,0x20,0x5b,0x5b,0x63,0x6f,0x6c,0x6f,0x72,0x28,0x30,0x29,0x5d,0x5d,0x3b,
    0x0a,0x7d,0x3b,0x0a,0x0a,0x73,0x74,0x72,0x75,0x63,0x74,0x20,0x6d,0x61,0x69,0x6e,
    0x30,0x5f,0x69,0x6e,0x0a,0x7b,0x0a,0x20,0x20,0x20,0x20,0x66,0x6c,0x6f,0x61,0x74,
    0x32,0x20,0x75,0x76,0x20,0x5b,0x5b,0x75,0x73,0x65,0x72,0x28,0x6c,0x6f,0x63,0x6e,
    0x30,0x29,0x5d,0x5d,0x3b,0x0a,0x7d,0x3b,0x0a,0x0a,0x73,0x74,0x61,0x74,0x69,0x63,
    0x20,0x69,0x6e,0x6c,0x69,0x6e,0x65,0x20,0x5f,0x5f,0x61,0x74,0x74,0x72,0x69,0x62,
    0x75,0x74,0x65,0x5f,0x5f,0x28,0x28,0x61,0x6c,0x77,0x61,0x79,0x73,0x5f,0x69,0x6e,
    0x6c,0x69,0x6e,0x65,0x29,0x29,0x0a,0x66,0x6c,0x6f,0x61,0x74,0x20,0x62,0x72,0x69,
    0x64,0x67,0x65,0x5f,0x66,0x6c,0x61,0x67,0x28,0x74,0x68,0x72,0x65,0x61,0x64,0x20,
    0x63,0x6f,0x6e,0x73,0x74,0x20,0x66,0x6c,0x6f,0x61,0x74,0x26,0x20,0x5f,0x70,0x61,
    0x63,0x6b,0x65,0x64,0x2c,0x20,0x74,0x68,0x72,0x65,0x61,0x64,0x20,0x63,0x6f,0x6e,
    0x73,0x74,0x20,0x66,0x6c,0x6f,0x61,0x74,0x26,0x20,0x66,0x6c,0x61,0x67,0x29,0x0a,
    0x7b,0x0a,0x20,0x20,0x20,0x20,0x72,0x65,0x74,0x75,0x72,0x6e,0x20,0x66,0x6c,0x6f,
    0x6f,0x72,0x28,0x6d,0x6f,0x64,0x28,0x66,0x6c,0x6f,0x6f,0x72,0x28,0x5f,0x70,0x61,
    0x63,0x6b,0x65,0x64,0x20,0x2f,0x20,0x66,0x6c,0x61,0x67,0x29,0x2c,0x20,0x32,0x2e,
    0x30,0x29,0x29,0x3b,0x0a,0x7d,0x0a,0x0a,0x73,0x74,0x61,0x74,0x69,0x63,0x20,0x69,
    0x6e,0x6c,0x69,0x6e,0x65,0x20,0x5f,0x5f,0x61,0x74,0x74,0x72,0x69,0x62,0x75,0x74,
    0x65,0x5f,0x5f,0x28,0x28,0x61,0x6c,0x77,0x61,0x79,0x73,0x5f,0x69,0x6e,0x6c,0x69,
    0x6e,0x65,0x29,0x29,0x0a,0x66,0x6c,0x6f,0x61,0x74,0x32,0x20,0x62,0x72,0x69,0x64,
    0x67,0x65,0x5f,0x73,0x61,0x6d,0x70,0x6c,0x65,0x5f,0x75,0x76,0x28,0x74,0x68,0x72,
    0x65,0x61,0x64,0x20,0x63,0x6f,0x6e,0x73,0x74,0x20,0x66,0x6c,0x6f,0x61,0x74,0x32,
    0x26,0x20,0x70,0x2c,0x20,0x63,0x6f,0x6e,0x73,0x74,0x61,0x6e,0x74,0x20,0x62,0x72,
    0x69,0x64,0x67,0x65,0x5f,0x70,0x61,0x72,0x61,0x6d,0x73,0x26,0x20,0x5f,0x35,0x37,
    0x29,0x0a,0x7b,0x0a,0x20,0x20,0x20,0x20,0x66,0x6c,0x6f,0x61,0x74,0x20,0x70,0x61,
    0x72,0x61,0x6d,0x20,0x3d,0x20,0x5f,0x35,0x37,0x2e,0x6f,0x70,0x74,0x69,0x6f,0x6e,
    0x73,0x2e,0x77,0x3b,0x0a,0x20,0x20,0x20,0x20,0x66,0x6c,0x6f,0x61,0x74,0x20,0x70,
    0x61,0x72,0x61,0x6d,0x5f,0x31,0x20,0x3d,0x20,0x34,0x2e,0x30,0x3b,0x0a,0x20,0x20,
    0x20,0x20,0x66,0x6c,0x6f,0x61,0x74,0x20,0x70,0x61,0x72,0x61,0x6d,0x5f,0x32,0x20,
    0x3d,0x20,0x5f,0x35,0x37,0x2e,0x6f,0x70,0x74,0x69,0x6f,0x6e,0x73,0x2e,0x77,0x3b,
    0x0a,0x20,0x20,0x20,0x20,0x66,0x6c,0x6f,0x61,0x74,0x20,0x70,0x61,0x72,0x61,0x6d,
    0x5f,0x33,0x20,0x3d,0x20,0x38,0x2e,0x30,0x3b,0x0a,0x20,0x20,0x20,0x20,0x72,0x65,
    0x74,0x75,0x72,0x6e,0x20,0x66,0x6c,0x6f,0x61,0x74,0x32,0x28,0x6d,0x69,0x78,0x28,
    0x70,0x2e,0x78,0x2c,0x20,0x31,0x2e,0x30,0x20,0x2d,0x20,0x70,0x2e,0x78,0x2c,0x20,
    0x62,0x72,0x69,0x64,0x67,0x65,0x5f,0x66,0x6c,0x61,0x67,0x28,0x70,0x61,0x72,0x61,
    0x6d,0x2c,0x20,0x70,0x61,0x72,0x61,0x6d,0x5f,0x31,0x29,0x29,0x2c,0x20,0x6d,0x69,
    0x78,0x28,0x70,0x2e,0x79,0x2c,0x20,0x31,0x2e,0x30,0x20,0x2d,0x20,0x70,0x2e,0x79,
    0x2c,0x20,0x62,0x72,0x69,0x64,0x67,0x65,0x5f,0x66,0x6c,0x61,0x67,0x28,0x70,0x61,
    0x72,0x61,0x6d,0x5f,0x32,0x2c,0x20,0x70,0x61,0x72,0x61,0x6d,0x5f,0x33,0x29,0x29,
    0x29,0x3b,0x0a,0x7d,0x0a,0x0a,0x73,0x74,0x61,0x74,0x69,0x63,0x20,0x69,0x6e,0x6c,
    0x69,0x6e,0x65,0x20,0x5f,0x5f,0x61,0x74,0x74,0x72,0x69,0x62,0x75,0x74,0x65,0x5f,
    0x5f,0x28,0x28,0x61,0x6c,0x77,0x61,0x79,0x73,0x5f,0x69,0x6e,0x6c,0x69,0x6e,0x65,
    0x29,0x29,0x0a,0x66,0x6c,0x6f,0x61,0x74,0x20,0x62,0x72,0x69,0x64,0x67,0x65,0x5f,
    0x6c,0x75,0x6d,0x69,0x6e,0x61,0x6e,0x63,0x65,0x28,0x74,0x68,0x72,0x65,0x61,0x64,
    0x20,0x63,0x6f,0x6e,0x73,0x74,0x20,0x66,0x6c,0x6f,0x61,0x74,0x34,0x26,0x20,0x73,
    0x72,0x63,0x2c,0x20,0x63,0x6f,0x6e,0x73,0x74,0x61,0x6e,0x74,0x20,0x62,0x72,0x69,
    0x64,0x67,0x65,0x5f,0x70,0x61,0x72,0x61,0x6d,0x73,0x26,0x20,0x5f,0x35,0x37,0x29,
    0x0a,0x7b,0x0a,0x20,0x20,0x20,0x20,0x66,0x6c,0x6f,0x61,0x74,0x20,0x5f,0x31,0x30,
    0x33,0x20,0x3d,0x20,0x64,0x6f,0x74,0x28,0x73,0x72,0x63,0x2e,0x78,0x79,0x7a,0x2c,
    0x20,0x66,0x6c,0x6f,0x61,0x74,0x33,0x28,0x30,0x2e,0x32,0x31,0x32,0x35,0x39,0x39,
    0x39,0x39,0x32,0x37,0x35,0x32,0x30,0x37,0x35,0x31,0x39,0x35,0x33,0x31,0x32,0x35,
    0x2c,0x20,0x30,0x2e,0x37,0x31,0x35,0x32,0x30,0x30,0x30,0x30,0x36,0x39,0x36,0x31,
    0x38,0x32,0x32,0x35,0x30,0x39,0x37,0x36,0x35,0x36,0x32,0x35,0x2c,0x20,0x30,0x2e,
    0x30,0x37,0x32,0x32,0x30,0x30,0x30,0x30,0x30,0x32,0x38,0x36,0x31,0x30,0x32,0x32,
    0x39,0x34,0x39,0x32,0x31,0x38,0x37,0x35,0x29,0x29,0x3b,0x0a,0x20,0x20,0x20,0x20,
    0x66,0x6c,0x6f,0x61,0x74,0x20,0x70,0x61,0x72,0x61,0x6d,0x20,0x3d,0x20,0x5f,0x35,
    0x37,0x2e,0x6f,0x70,0x74,0x69,0x6f,0x6e,0x73,0x2e,0x77,0x3b,0x0a,0x20,0x20,0x20,
    0x20,0x66,0x6c,0x6f,0x61,0x74,0x20,0x70,0x61,0x72,0x61,0x6d,0x5f,0x31,0x20,0x3d,
    0x20,0x31,0x2e,0x30,0x3b,0x0a,0x20,0x20,0x20,0x20,0x72,0x65,0x74,0x75,0x72,0x6e,
    0x20,0x6d,0x69,0x78,0x28,0x5f,0x31,0x30,0x33,0x2c,0x20,0x31,0x2e,0x30,0x20,0x2d,
    0x20,0x5f,0x31,0x30,0x33,0x2c,0x20,0x62,0x72,0x69,0x64,0x67,0x65,0x5f,0x66,0x6c,
    0x61,0x67,0x28,0x70,0x61,0x72,0x61,0x6d,0x2c,0x20,0x70,0x61,0x72,0x61,0x6d,0x5f,
    0x31,0x29,0x29,0x3b,0x0a,0x7d,0x0a,0x0a,0x73,0x74,0x61,0x74,0x69,0x63,0x20,0x69,
    0x6e,0x6c,0x69,0x6e,0x65,0x20,0x5f,0x5f,0x61,0x74,0x74,0x72,0x69,0x62,0x75,0x74,
    0x65,0x5f,0x5f,0x28,0x28,0x61,0x6c,0x77,0x61,0x79,0x73,0x5f,0x69,0x6e,0x6c,0x69,
    0x6e,0x65,0x29,0x29,0x0a,0x66,0x6c,0x6f,0x61,0x74,0x20,0x62,0x72,0x69,0x64,0x67,
    0x65,0x5f,0x6d,0x61,0x73,0x6b,0x5f,0x73,0x6f,0x75,0x72,0x63,0x65,0x5f,0x6d,0x6f,
    0x64,0x65,0x28,0x63,0x6f,0x6e,0x73,0x74,0x61,0x6e,0x74,0x20,0x62,0x72,0x69,0x64,
    0x67,0x65,0x5f,0x70,0x61,0x72,0x61,0x6d,0x73,0x26,0x20,0x5f,0x35,0x37,0x29,0x0a,
    0x7b,0x0a,0x20,0x20,0x20,0x20,0x72,0x65,0x74,0x75,0x72,0x6e,0x20,0x66,0x6c,0x6f,
    0x6f,0x72,0x28,0x5f,0x35,0x37,0x2e,0x6f,0x70,0x74,0x69,0x6f,0x6e,0x73,0x2e,0x77,
    0x20,0x2a,0x20,0x30,0x2e,0x30,0x36,0x32,0x35,0x29,0x3b,0x0a,0x7d,0x0a,0x0a,0x73,
    0x74,0x61,0x74,0x69,0x63,0x20,0x69,0x6e,0x6c,0x69,0x6e,0x65,0x20,0x5f,0x5f,0x61,
    0x74,0x74,0x72,0x69,0x62,0x75,0x74,0x65,0x5f,0x5f,0x28,0x28,0x61,0x6c,0x77,0x61,
    0x79,0x73,0x5f,0x69,0x6e,0x6c,0x69,0x6e,0x65,0x29,0x29,0x0a,0x66,0x6c,0x6f,0x61,
    0x74,0x20,0x62,0x72,0x69,0x64,0x67,0x65,0x5f,0x73,0x61,0x74,0x75,0x72,0x61,0x74,
    0x69,0x6f,0x6e,0x28,0x74,0x68,0x72,0x65,0x61,0x64,0x20,0x63,0x6f,0x6e,0x73,0x74,
    0x20,0x66,0x6c,0x6f,0x61,0x74,0x33,0x26,0x20,0x72,0x67,0x62,0x29,0x0a,0x7b,0x0a,
    0x20,0x20,0x20,0x20,0x66,0x6c,0x6f,0x61,0x74,0x20,0x5f,0x31,0x33,0x31,0x20,0x3d,
    0x20,0x66,0x61,0x73,0x74,0x3a,0x3a,0x6d,0x61,0x78,0x28,0x66,0x61,0x73,0x74,0x3a,
    0x3a,0x6d,0x61,0x78,0x28,0x72,0x67,0x62,0x2e,0x78,0x2c,0x20,0x72,0x67,0x62,0x2e,
    0x79,0x29,0x2c,0x20,0x72,0x67,0x62,0x2e,0x7a,0x29,0x3b,0x0a,0x20,0x20,0x20,0x20,
    0x66,0x6c,0x6f,0x61,0x74,0x20,0x5f,0x31,0x34,0x35,0x3b,0x0a,0x20,0x20,0x20,0x20,
    0x69,0x66,0x20,0x28,0x5f,0x31,0x33,0x31,0x20,0x3c,0x3d,0x20,0x39,0x2e,0x39,0x39,
    0x39,0x39,0x39,0x39,0x39,0x37,0x34,0x37,0x35,0x32,0x34,0x32,0x37,0x30,0x37,0x38,
    0x37,0x38,0x33,0x35,0x31,0x32,0x31,0x31,0x35,0x34,0x37,0x38,0x35,0x65,0x2d,0x30,
    0x37,0x29,0x0a,0x20,0x20,0x20,0x20,0x7b,0x0a,0x20,0x20,0x20,0x20,0x20,0x20,0x20,
    0x20,0x5f,0x31,0x34,0x35,0x20,0x3d,0x20,0x30,0x2e,0x30,0x3b,0x0a,0x20,0x20,0x20,
    0x20,0x7d,0x0a,0x20,0x20,0x20,0x20,0x65,0x6c,0x73,0x65,0x0a,0x20,0x20,0x20,0x20,
    0x7b,0x0a,0x20,0x20,0x20,0x20,0x20,0x20,0x20,0x20,0x5f,0x31,0x34,0x35,0x20,0x3d,
    0x20,0x28,0x5f,0x31,0x33,0x31,0x20,0x2d,0x20,0x66,0x61,0x73,0x74,0x3a,0x3a,0x6d,
    0x69,0x6e,0x28,0x66,0x61,0x73,0x74,0x3a,0x3a,0x6d,0x69,0x6e,0x28,0x72,0x67,0x62,
    0x2e,0x78,0x2c,0x20,0x72,0x67,0x62,0x2e,0x79,0x29,0x2c,0x20,0x72,0x67,0x62,0x2e,
    0x7a,0x29,0x29,0x20,0x2f,0x20,0x5f,0x31,0x33,0x31,0x3b,0x0a,0x20,0x20,0x20,0x20,
    0x7d,0x0a,0x20,0x20,0x20,0x20,0x72,0x65,0x74,0x75,0x72,0x6e,0x20,0x5f,0x31,0x34,
    0x35,0x3b,0x0a,0x7d,0x0a,0x0a,0x73,0x74,0x61,0x74,0x69,0x63,0x20,0x69,0x6e,0x6c,
    0x69,0x6e,0x65,0x20,0x5f,0x5f,0x61,0x74,0x74,0x72,0x69,0x62,0x75,0x74,0x65,0x5f,
    0x5f,0x28,0x28,0x61,0x6c,0x77,0x61,0x79,0x73,0x5f,0x69,0x6e,0x6c,0x69,0x6e,0x65,
    0x29,0x29,0x0a,0x66,0x6c,0x6f,0x61,0x74,0x20,0x62,0x72,0x69,0x64,0x67,0x65,0x5f,
    0x6d,0x61,0x73,0x6b,0x5f,0x76,0x61,0x6c,0x75,0x65,0x28,0x74,0x68,0x72,0x65,0x61,
    0x64,0x20,0x63,0x6f,0x6e,0x73,0x74,0x20,0x66,0x6c,0x6f,0x61,0x74,0x34,0x26,0x20,
    0x73,0x72,0x63,0x2c,0x20,0x74,0x68,0x72,0x65,0x61,0x64,0x20,0x63,0x6f,0x6e,0x73,
    0x74,0x20,0x66,0x6c,0x6f,0x61,0x74,0x26,0x20,0x69,0x6e,0x74,0x65,0x6e,0x73,0x69,
    0x74,0x79,0x2c,0x20,0x63,0x6f,0x6e,0x73,0x74,0x61,0x6e,0x74,0x20,0x62,0x72,0x69,
    0x64,0x67,0x65,0x5f,0x70,0x61,0x72,0x61,0x6d,0x73,0x26,0x20,0x5f,0x35,0x37,0x29,
    0x0a,0x7b,0x0a,0x20,0x20,0x20,0x20,0x66,0x6c,0x6f,0x61,0x74,0x20,0x70,0x61,0x72,
    0x61,0x6d,0x20,0x3d,0x20,0x5f,0x35,0x37,0x2e,0x6f,0x70,0x74,0x69,0x6f,0x6e,0x73,
    0x2e,0x77,0x3b,0x0a,0x20,0x20,0x20,0x20,0x66,0x6c,0x6f,0x61,0x74,0x20,0x70,0x61,
    0x72,0x61,0x6d,0x5f,0x31,0x20,0x3d,0x20,0x32,0x2e,0x30,0x3b,0x0a,0x20,0x20,0x20,
    0x20,0x66,0x6c,0x6f,0x61,0x74,0x20,0x6d,0x6f,0x64,0x65,0x20,0x3d,0x20,0x62,0x72,
    0x69,0x64,0x67,0x65,0x5f,0x6d,0x61,0x73,0x6b,0x5f,0x73,0x6f,0x75,0x72,0x63,0x65,
    0x5f,0x6d,0x6f,0x64,0x65,0x28,0x5f,0x35,0x37,0x29,0x3b,0x0a,0x20,0x20,0x20,0x20,
    0x69,0x66,0x20,0x28,0x62,0x72,0x69,0x64,0x67,0x65,0x5f,0x66,0x6c,0x61,0x67,0x28,
    0x70,0x61,0x72,0x61,0x6d,0x2c,0x20,0x70,0x61,0x72,0x61,0x6d,0x5f,0x31,0x29,0x20,
    0x3e,0x20,0x30,0x2e,0x35,0x29,0x0a,0x20,0x20,0x20,0x20,0x7b,0x0a,0x20,0x20,0x20,
    0x20,0x20,0x20,0x20,0x20,0x6d,0x6f,0x64,0x65,0x20,0x3d,0x20,0x31,0x2e,0x30,0x3b,
    0x0a,0x20,0x20,0x20,0x20,0x7d,0x0a,0x20,0x20,0x20,0x20,0x69,0x66,0x20,0x28,0x28,
    0x6d,0x6f,0x64,0x65,0x20,0x3e,0x20,0x30,0x2e,0x35,0x29,0x20,0x26,0x26,0x20,0x28,
    0x6d,0x6f,0x64,0x65,0x20,0x3c,0x20,0x31,0x2e,0x35,0x29,0x29,0x0a,0x20,0x20,0x20,
    0x20,0x7b,0x0a,0x20,0x20,0x20,0x20,0x20,0x20,0x20,0x20,0x72,0x65,0x74,0x75,0x72,
    0x6e,0x20,0x73,0x72,0x63,0x2e,0x77,0x3b,0x0a,0x20,0x20,0x20,0x20,0x7d,0x0a,0x20,
    0x20,0x20,0x20,0x69,0x66,0x20,0x28,0x28,0x6d,0x6f,0x64,0x65,0x20,0x3e,0x20,0x31,
    0x2e,0x35,0x29,0x20,0x26,0x26,0x20,0x28,0x6d,0x6f,0x64,0x65,0x20,0x3c,0x20,0x32,
    0x2e,0x35,0x29,0x29,0x0a,0x20,0x20,0x20,0x20,0x7b,0x0a,0x20,0x20,0x20,0x20,0x20,
    0x20,0x20,0x20,0x72,0x65,0x74,0x75,0x72,0x6e,0x20,0x73,0x72,0x63,0x2e,0x78,0x3b,
    0x0a,0x20,0x20,0x20,0x20,0x7d,0x0a,0x20,0x20,0x20,0x20,0x69,0x66,0x20,0x28,0x28,
    0x6d,0x6f,0x64,0x65,0x20,0x3e,0x20,0x32,0x2e,0x35,0x29,0x20,0x26,0x26,0x20,0x28,
    0x6d,0x6f,0x64,0x65,0x20,0x3c,0x20,0x33,0x2e,0x35,0x29,0x29,0x0a,0x20,0x20,0x20,
    0x20,0x7b,0x0a,0x20,0x20,0x20,0x20,0x20,0x20,0x20,0x20,0x72,0x65,0x74,0x75,0x72,
    0x6e,0x20,0x73,0x72,0x63,0x2e,0x79,0x3b,0x0a,0x20,0x20,0x20,0x20,0x7d,0x0a,0x20,
    0x20,0x20,0x20,0x69,0x66,0x20,0x28,0x28,0x6d,0x6f,0x64,0x65,0x20,0x3e,0x20,0x33,
    0x2e,0x35,0x29,0x20,0x26,0x26,0x20,0x28,0x6d,0x6f,0x64,0x65,0x20,0x3c,0x20,0x34,
    0x2e,0x35,0x29,0x29,0x0a,0x20,0x20,0x20,0x20,0x7b,0x0a,0x20,0x20,0x20,0x20,0x20,
    0x20,0x20,0x20,0x72,0x65,0x74,0x75,0x72,0x6e,0x20,0x73,0x72,0x63,0x2e,0x7a,0x3b,
    0x0a,0x20,0x20,0x20,0x20,0x7d,0x0a,0x20,0x20,0x20,0x20,0x69,0x66,0x20,0x28,0x28,
    0x6d,0x6f,0x64,0x65,0x20,0x3e,0x20,0x34,0x2e,0x35,0x29,0x20,0x26,0x26,0x20,0x28,
    0x6d,0x6f,0x64,0x65,0x20,0x3c,0x20,0x35,0x2e,0x35,0x29,0x29,0x0a,0x20,0x20,0x20,
    0x20,0x7b,0x0a,0x20,0x20,0x20,0x20,0x20,0x20,0x20,0x20,0x72,0x65,0x74,0x75,0x72,
    0x6e,0x20,0x66,0x61,0x73,0x74,0x3a,0x3a,0x6d,0x61,0x78,0x28,0x66,0x61,0x73,0x74,
    0x3a,0x3a,0x6d,0x61,0x78,0x28,0x73,0x72,0x63,0x2e,0x78,0x2c,0x20,0x73,0x72,0x63,
    0x2e,0x79,0x29,0x2c,0x20,0x73,0x72,0x63,0x2e,0x7a,0x29,0x3b,0x0a,0x20,0x20,0x20,
    0x20,0x7d,0x0a,0x20,0x20,0x20,0x20,0x69,0x66,0x20,0x28,0x6d,0x6f,0x64,0x65,0x20,
    0x3e,0x20,0x35,0x2e,0x35,0x29,0x0a,0x20,0x20,0x20,0x20,0x7b,0x0a,0x20,0x20,0x20,
    0x20,0x20,0x20,0x20,0x20,0x66,0x6c,0x6f,0x61,0x74,0x33,0x20,0x70,0x61,0x72,0x61,
    0x6d,0x5f,0x32,0x20,0x3d,0x20,0x73,0x72,0x63,0x2e,0x78,0x79,0x7a,0x3b,0x0a,0x20,
    0x20,0x20,0x20,0x20,0x20,0x20,0x20,0x72,0x65,0x74,0x75,0x72,0x6e,0x20,0x62,0x72,
    0x69,0x64,0x67,0x65,0x5f,0x73,0x61,0x74,0x75,0x72,0x61,0x74,0x69,0x6f,0x6e,0x28,
    0x70,0x61,0x72,0x61,0x6d,0x5f,0x32,0x29,0x3b,0x0a,0x20,0x20,0x20,0x20,0x7d,0x0a,
    0x20,0x20,0x20,0x20,0x72,0x65,0x74,0x75,0x72,0x6e,0x20,0x69,0x6e,0x74,0x65,0x6e,
    0x73,0x69,0x74,0x79,0x3b,0x0a,0x7d,0x0a,0x0a,0x73,0x74,0x61,0x74,0x69,0x63,0x20,
    0x69,0x6e,0x6c,0x69,0x6e,0x65,0x20,0x5f,0x5f,0x61,0x74,0x74,0x72,0x69,0x62,0x75,
    0x74,0x65,0x5f,0x5f,0x28,0x28,0x61,0x6c,0x77,0x61,0x79,0x73,0x5f,0x69,0x6e,0x6c,
    0x69,0x6e,0x65,0x29,0x29,0x0a,0x66,0x6c,0x6f,0x61,0x74,0x20,0x62,0x72,0x69,0x64,
    0x67,0x65,0x5f,0x6d,0x61,0x73,0x6b,0x5f,0x67,0x61,0x6d,0x6d,0x61,0x28,0x63,0x6f,
    0x6e,0x73,0x74,0x61,0x6e,0x74,0x20,0x62,0x72,0x69,0x64,0x67,0x65,0x5f,0x70,0x61,
    0x72,0x61,0x6d,0x73,0x26,0x20,0x5f,0x35,0x37,0x29,0x0a,0x7b,0x0a,0x20,0x20,0x20,
    0x20,0x72,0x65,0x74,0x75,0x72,0x6e,0x20,0x66,0x61,0x73,0x74,0x3a,0x3a,0x6d,0x61,
    0x78,0x28,0x5f,0x35,0x37,0x2e,0x74,0x65,0x78,0x65,0x6c,0x2e,0x77,0x2c,0x20,0x39,
    0x2e,0x39,0x39,0x39,0x39,0x39,0x39,0x37,0x34,0x37,0x33,0x37,0x38,0x37,0x35,0x31,
    0x36,0x33,0x35,0x35,0x35,0x31,0x34,0x35,0x32,0x36,0x33,0x36,0x37,0x31,0x38,0x38,
    0x65,0x2d,0x30,0x35,0x29,0x3b,0x0a,0x7d,0x0a,0x0a,0x73,0x74,0x61,0x74,0x69,0x63,
    0x20,0x69,0x6e,0x6c,0x69,0x6e,0x65,0x20,0x5f,0x5f,0x61,0x74,0x74,0x72,0x69,0x62,
    0x75,0x74,0x65,0x5f,0x5f,0x28,0x28,0x61,0x6c,0x77,0x61,0x79,0x73,0x5f,0x69,0x6e,
    0x6c,0x69,0x6e,0x65,0x29,0x29,0x0a,0x66,0x6c,0x6f,0x61,0x74,0x20,0x62,0x72,0x69,
    0x64,0x67,0x65,0x5f,0x73,0x6f,0x66,0x74,0x5f,0x6d,0x61,0x73,0x6b,0x28,0x74,0x68,
    0x72,0x65,0x61,0x64,0x20,0x63,0x6f,0x6e,0x73,0x74,0x20,0x66,0x6c,0x6f,0x61,0x74,
    0x26,0x20,0x76,0x61,0x6c,0x75,0x65,0x2c,0x20,0x63,0x6f,0x6e,0x73,0x74,0x61,0x6e,
    0x74,0x20,0x62,0x72,0x69,0x64,0x67,0x65,0x5f,0x70,0x61,0x72,0x61,0x6d,0x73,0x26,
    0x20,0x5f,0x35,0x37,0x29,0x0a,0x7b,0x0a,0x20,0x20,0x20,0x20,0x66,0x6c,0x6f,0x61,
    0x74,0x20,0x5f,0x32,0x35,0x34,0x20,0x3d,0x20,0x66,0x61,0x73,0x74,0x3a,0x3a,0x6d,
    0x61,0x78,0x28,0x5f,0x35,0x37,0x2e,0x74,0x65,0x78,0x65,0x6c,0x2e,0x7a,0x2c,0x20,
    0x30,0x2e,0x30,0x29,0x3b,0x0a,0x20,0x20,0x20,0x20,0x66,0x6c,0x6f,0x61,0x74,0x20,
    0x5f,0x32,0x35,0x39,0x3b,0x0a,0x20,0x20,0x20,0x20,0x69,0x66,0x20,0x28,0x5f,0x32,
    0x35,0x34,0x20,0x3c,0x3d,0x20,0x39,0x2e,0x39,0x39,0x39,0x39,0x39,0x39,0x37,0x34,
    0x37,0x33,0x37,0x38,0x37,0x35,0x31,0x36,0x33,0x35,0x35,0x35,0x31,0x34,0x35,0x32,
    0x36,0x33,0x36,0x37,0x31,0x38,0x38,0x65,0x2d,0x30,0x36,0x29,0x0a,0x20,0x20,0x20,
    0x20,0x7b,0x0a,0x20,0x20,0x20,0x20,0x20,0x20,0x20,0x20,0x5f,0x32,0x35,0x39,0x20,
    0x3d,0x20,0x73,0x74,0x65,0x70,0x28,0x5f,0x35,0x37,0x2e,0x6f,0x70,0x74,0x69,0x6f,
    0x6e,0x73,0x2e,0x79,0x2c,0x20,0x76,0x61,0x6c,0x75,0x65,0x29,0x3b,0x0a,0x20,0x20,
    0x20,0x20,0x7d,0x0a,0x20,0x20,0x20,0x20,0x65,0x6c,0x73,0x65,0x0a,0x20,0x20,0x20,
    0x20,0x7b,0x0a,0x20,0x20,0x20,0x20,0x20,0x20,0x20,0x20,0x66,0x6c,0x6f,0x61,0x74,
    0x20,0x5f,0x32,0x37,0x30,0x20,0x3d,0x20,0x5f,0x32,0x35,0x34,0x20,0x2a,0x20,0x30,
    0x2e,0x35,0x3b,0x0a,0x20,0x20,0x20,0x20,0x20,0x20,0x20,0x20,0x5f,0x32,0x35,0x39,
    0x20,0x3d,0x20,0x73,0x6d,0x6f,0x6f,0x74,0x68,0x73,0x74,0x65,0x70,0x28,0x5f,0x35,
    0x37,0x2e,0x6f,0x70,0x74,0x69,0x6f,0x6e,0x73,0x2e,0x79,0x20,0x2d,0x20,0x5f,0x32,
    0x37,0x30,0x2c,0x20,0x5f,0x35,0x37,0x2e,0x6f,0x70,0x74,0x69,0x6f,0x6e,0x73,0x2e,
    0x79,0x20,0x2b,0x20,0x5f,0x32,0x37,0x30,0x2c,0x20,0x76,0x61,0x6c,0x75,0x65,0x29,
    0x3b,0x0a,0x20,0x20,0x20,0x20,0x7d,0x0a,0x20,0x20,0x20,0x20,0x72,0x65,0x74,0x75,
    0x72,0x6e,0x20,0x70,0x6f,0x77,0x72,0x28,0x66,0x61,0x73,0x74,0x3a,0x3a,0x63,0x6c,
    0x61,0x6d,0x70,0x28,0x5f,0x32,0x35,0x39,0x2c,0x20,0x30,0x2e,0x30,0x2c,0x20,0x31,
    0x2e,0x30,0x29,0x2c,0x20,0x31,0x2e,0x30,0x20,0x2f,0x20,0x62,0x72,0x69,0x64,0x67,
    0x65,0x5f,0x6d,0x61,0x73,0x6b,0x5f,0x67,0x61,0x6d,0x6d,0x61,0x28,0x5f,0x35,0x37,
    0x29,0x29,0x3b,0x0a,0x7d,0x0a,0x0a,0x66,0x72,0x61,0x67,0x6d,0x65,0x6e,0x74,0x20,
    0x6d,0x61,0x69,0x6e,0x30,0x5f,0x6f,0x75,0x74,0x20,0x6d,0x61,0x69,0x6e,0x30,0x28,
    0x6d,0x61,0x69,0x6e,0x30,0x5f,0x69,0x6e,0x20,0x69,0x6e,0x20,0x5b,0x5b,0x73,0x74,
    0x61,0x67,0x65,0x5f,0x69,0x6e,0x5d,0x5d,0x2c,0x20,0x63,0x6f,0x6e,0x73,0x74,0x61,
    0x6e,0x74,0x20,0x62,0x72,0x69,0x64,0x67,0x65,0x5f,0x70,0x61,0x72,0x61,0x6d,0x73,
    0x26,0x20,0x5f,0x35,0x37,0x20,0x5b,0x5b,0x62,0x75,0x66,0x66,0x65,0x72,0x28,0x30,
    0x29,0x5d,0x5d,0x2c,0x20,0x74,0x65,0x78,0x74,0x75,0x72,0x65,0x32,0x64,0x3c,0x66,
    0x6c,0x6f,0x61,0x74,0x3e,0x20,0x62,0x72,0x69,0x64,0x67,0x65,0x49,0x6e,0x70,0x75,
    0x74,0x54,0x65,0x78,0x20,0x5b,0x5b,0x74,0x65,0x78,0x74,0x75,0x72,0x65,0x28,0x30,
    0x29,0x5d,0x5d,0x2c,0x20,0x73,0x61,0x6d,0x70,0x6c,0x65,0x72,0x20,0x62,0x72,0x69,
    0x64,0x67,0x65,0x49,0x6e,0x70,0x75,0x74,0x53,0x6d,0x70,0x20,0x5b,0x5b,0x73,0x61,
    0x6d,0x70,0x6c,0x65,0x72,0x28,0x30,0x29,0x5d,0x5d,0x29,0x0a,0x7b,0x0a,0x20,0x20,
    0x20,0x20,0x6d,0x61,0x69,0x6e,0x30,0x5f,0x6f,0x75,0x74,0x20,0x6f,0x75,0x74,0x20,
    0x3d,0x20,0x7b,0x7d,0x3b,0x0a,0x20,0x20,0x20,0x20,0x66,0x6c,0x6f,0x61,0x74,0x32,
    0x20,0x5f,0x32,0x39,0x35,0x20,0x3d,0x20,0x5f,0x35,0x37,0x2e,0x74,0x65,0x78,0x65,
    0x6c,0x2e,0x78,0x79,0x20,0x2a,0x20,0x66,0x61,0x73,0x74,0x3a,0x3a,0x6d,0x61,0x78,
    0x28,0x5f,0x35,0x37,0x2e,0x6f,0x70,0x74,0x69,0x6f,0x6e,0x73,0x2e,0x7a,0x2c,0x20,
    0x31,0x2e,0x30,0x29,0x3b,0x0a,0x20,0x20,0x20,0x20,0x66,0x6c,0x6f,0x61,0x74,0x32,
    0x20,0x70,0x61,0x72,0x61,0x6d,0x20,0x3d,0x20,0x69,0x6e,0x2e,0x75,0x76,0x3b,0x0a,
    0x20,0x20,0x20,0x20,0x66,0x6c,0x6f,0x61,0x74,0x34,0x20,0x5f,0x33,0x31,0x32,0x20,
    0x3d,0x20,0x62,0x72,0x69,0x64,0x67,0x65,0x49,0x6e,0x70,0x75,0x74,0x54,0x65,0x78,
    0x2e,0x73,0x61,0x6d,0x70,0x6c,0x65,0x28,0x62,0x72,0x69,0x64,0x67,0x65,0x49,0x6e,
    0x70,0x75,0x74,0x53,0x6d,0x70,0x2c,0x20,0x62,0x72,0x69,0x64,0x67,0x65,0x5f,0x73,
    0x61,0x6d,0x70,0x6c,0x65,0x5f,0x75,0x76,0x28,0x70,0x61,0x72,0x61,0x6d,0x2c,0x20,
    0x5f,0x35,0x37,0x29,0x29,0x3b,0x0a,0x20,0x20,0x20,0x20,0x66,0x6c,0x6f,0x61,0x74,
    0x32,0x20,0x5f,0x33,0x32,0x30,0x20,0x3d,0x20,0x66,0x6c,0x6f,0x61,0x74,0x32,0x28,
    0x5f,0x32,0x39,0x35,0x2e,0x78,0x2c,0x20,0x30,0x2e,0x30,0x29,0x3b,0x0a,0x20,0x20,
    0x20,0x20,0x66,0x6c,0x6f,0x61,0x74,0x32,0x20,0x70,0x61,0x72,0x61,0x6d,0x5f,0x31,
    0x20,0x3d,0x20,0x69,0x6e,0x2e,0x75,0x76,0x20,0x2d,0x20,0x5f,0x33,0x32,0x30,0x3b,
    0x0a,0x20,0x20,0x20,0x20,0x66,0x6c,0x6f,0x61,0x74,0x34,0x20,0x5f,0x33,0x32,0x34,
    0x20,0x3d,0x20,0x62,0x72,0x69,0x64,0x67,0x65,0x49,0x6e,0x70,0x75,0x74,0x54,0x65,
    0x78,0x2e,0x73,0x61,0x6d,0x70,0x6c,0x65,0x28,0x62,0x72,0x69,0x64,0x67,0x65,0x49,
    0x6e,0x70,0x75,0x74,0x53,0x6d,0x70,0x2c,0x20,0x62,0x72,0x69,0x64,0x67,0x65,0x5f,
    0x73,0x61,0x6d,0x70,0x6c,0x65,0x5f,0x75,0x76,0x28,0x70,0x61,0x72,0x61,0x6d,0x5f,
    0x31,0x2c,0x20,0x5f,0x35,0x37,0x29,0x29,0x3b,0x0a,0x20,0x20,0x20,0x20,0x66,0x6c,
    0x6f,0x61,0x74,0x32,0x20,0x70,0x61,0x72,0x61,0x6d,0x5f,0x32,0x20,0x3d,0x20,0x69,
    0x6e,0x2e,0x75,0x76,0x20,0x2b,0x20,0x5f,0x33,0x32,0x30,0x3b,0x0a,0x20,0x20,0x20,
    0x20,0x66,0x6c,0x6f,0x61,0x74,0x34,0x20,0x5f,0x33,0x33,0x36,0x20,0x3d,0x20,0x62,
    0x72,0x69,0x64,0x67,0x65,0x49,0x6e,0x70,0x75,0x74,0x54,0x65,0x78,0x2e,0x73,0x61,
    0x6d,0x70,0x6c,0x65,0x28,0x62,0x72,0x69,0x64,0x67,0x65,0x49,0x6e,0x70,0x75,0x74,
    0x53,0x6d,0x70,0x2c,0x20,0x62,0x72,0x69,0x64,0x67,0x65,0x5f,0x73,0x61,0x6d,0x70,
    0x6c,0x65,0x5f,0x75,0x76,0x28,0x70,0x61,0x72,0x61,0x6d,0x5f,0x32,0x2c,0x20,0x5f,
    0x35,0x37,0x29,0x29,0x3b,0x0a,0x20,0x20,0x20,0x20,0x66,0x6c,0x6f,0x61,0x74,0x32,
    0x20,0x5f,0x33,0x34,0x34,0x20,0x3d,0x20,0x66,0x6c,0x6f,0x61,0x74,0x32,0x28,0x30,
    0x2e,0x30,0x2c,0x20,0x5f,0x32,0x39,0x35,0x2e,0x79,0x29,0x3b,0x0a,0x20,0x20,0x20,
    0x20,0x66,0x6c,0x6f,0x61,0x74,0x32,0x20,0x70,0x61,0x72,0x61,0x6d,0x5f,0x33,0x20,
    0x3d,0x20,0x69,0x6e,0x2e,0x75,0x76,0x20,0x2d,0x20,0x5f,0x33,0x34,0x34,0x3b,0x0a,
    0x20,0x20,0x20,0x20,0x66,0x6c,0x6f,0x61,0x74,0x34,0x20,0x5f,0x33,0x34,0x38,0x20,
    0x3d,0x20,0x62,0x72,0x69,0x64,0x67,0x65,0x49,0x6e,0x70,0x75,0x74,0x54,0x65,0x78,
    0x2e,0x73,0x61,0x6d,0x70,0x6c,0x65,0x28,0x62,0x72,0x69,0x64,0x67,0x65,0x49,0x6e,
    0x70,0x75,0x74,0x53,0x6d,0x70,0x2c,0x20,0x62,0x72,0x69,0x64,0x67,0x65,0x5f,0x73,
    0x61,0x6d,0x70,0x6c,0x65,0x5f,0x75,0x76,0x28,0x70,0x61,0x72,0x61,0x6d,0x5f,0x33,
    0x2c,0x20,0x5f,0x35,0x37,0x29,0x29,0x3b,0x0a,0x20,0x20,0x20,0x20,0x66,0x6c,0x6f,
    0x61,0x74,0x32,0x20,0x70,0x61,0x72,0x61,0x6d,0x5f,0x34,0x20,0x3d,0x20,0x69,0x6e,
    0x2e,0x75,0x76,0x20,0x2b,0x20,0x5f,0x33,0x34,0x34,0x3b,0x0a,0x20,0x20,0x20,0x20,
    0x66,0x6c,0x6f,0x61,0x74,0x34,0x20,0x5f,0x33,0x36,0x30,0x20,0x3d,0x20,0x62,0x72,
    0x69,0x64,0x67,0x65,0x49,0x6e,0x70,0x75,0x74,0x54,0x65,0x78,0x2e,0x73,0x61,0x6d,
    0x70,0x6c,0x65,0x28,0x62,0x72,0x69,0x64,0x67,0x65,0x49,0x6e,0x70,0x75,0x74,0x53,
    0x6d,0x70,0x2c,0x20,0x62,0x72,0x69,0x64,0x67,0x65,0x5f,0x73,0x61,0x6d,0x70,0x6c,
    0x65,0x5f,0x75,0x76,0x28,0x70,0x61,0x72,0x61,0x6d,0x5f,0x34,0x2c,0x20,0x5f,0x35,
    0x37,0x29,0x29,0x3b,0x0a,0x20,0x20,0x20,0x20,0x66,0x6c,0x6f,0x61,0x74,0x34,0x20,
    0x70,0x61,0x72,0x61,0x6d,0x5f,0x35,0x20,0x3d,0x20,0x5f,0x33,0x31,0x32,0x3b,0x0a,
    0x20,0x20,0x20,0x20,0x66,0x6c,0x6f,0x61,0x74,0x34,0x20,0x70,0x61,0x72,0x61,0x6d,
    0x5f,0x36,0x20,0x3d,0x20,0x5f,0x33,0x32,0x34,0x3b,0x0a,0x20,0x20,0x20,0x20,0x66,
    0x6c,0x6f,0x61,0x74,0x20,0x5f,0x33,0x36,0x38,0x20,0x3d,0x20,0x62,0x72,0x69,0x64,
    0x67,0x65,0x5f,0x6c,0x75,0x6d,0x69,0x6e,0x61,0x6e,0x63,0x65,0x28,0x70,0x61,0x72,
    0x61,0x6d,0x5f,0x36,0x2c,0x20,0x5f,0x35,0x37,0x29,0x3b,0x0a,0x20,0x20,0x20,0x20,
    0x66,0x6c,0x6f,0x61,0x74,0x34,0x20,0x70,0x61,0x72,0x61,0x6d,0x5f,0x37,0x20,0x3d,
    0x20,0x5f,0x33,0x33,0x36,0x3b,0x0a,0x20,0x20,0x20,0x20,0x66,0x6c,0x6f,0x61,0x74,
    0x20,0x5f,0x33,0x37,0x32,0x20,0x3d,0x20,0x62,0x72,0x69,0x64,0x67,0x65,0x5f,0x6c,
    0x75,0x6d,0x69,0x6e,0x61,0x6e,0x63,0x65,0x28,0x70,0x61,0x72,0x61,0x6d,0x5f,0x37,
    0x2c,0x20,0x5f,0x35,0x37,0x29,0x3b,0x0a,0x20,0x20,0x20,0x20,0x66,0x6c,0x6f,0x61,
    0x74,0x34,0x20,0x70,0x61,0x72,0x61,0x6d,0x5f,0x38,0x20,0x3d,0x20,0x5f,0x33,0x34,
    0x38,0x3b,0x0a,0x20,0x20,0x20,0x20,0x66,0x6c,0x6f,0x61,0x74,0x20,0x5f,0x33,0x37,
    0x36,0x20,0x3d,0x20,0x62,0x72,0x69,0x64,0x67,0x65,0x5f,0x6c,0x75,0x6d,0x69,0x6e,
    0x61,0x6e,0x63,0x65,0x28,0x70,0x61,0x72,0x61,0x6d,0x5f,0x38,0x2c,0x20,0x5f,0x35,
    0x37,0x29,0x3b,0x0a,0x20,0x20,0x20,0x20,0x66,0x6c,0x6f,0x61,0x74,0x34,0x20,0x70,
    0x61,0x72,0x61,0x6d,0x5f,0x39,0x20,0x3d,0x20,0x5f,0x33,0x36,0x30,0x3b,0x0a,0x20,
    0x20,0x20,0x20,0x66,0x6c,0x6f,0x61,0x74,0x20,0x5f,0x33,0x38,0x30,0x20,0x3d,0x20,
    0x62,0x72,0x69,0x64,0x67,0x65,0x5f,0x6c,0x75,0x6d,0x69,0x6e,0x61,0x6e,0x63,0x65,
    0x28,0x70,0x61,0x72,0x61,0x6d,0x5f,0x39,0x2c,0x20,0x5f,0x35,0x37,0x29,0x3b,0x0a,
    0x20,0x20,0x20,0x20,0x66,0x6c,0x6f,0x61,0x74,0x34,0x20,0x70,0x61,0x72,0x61,0x6d,
    0x5f,0x31,0x30,0x20,0x3d,0x20,0x5f,0x33,0x31,0x32,0x3b,0x0a,0x20,0x20,0x20,0x20,
    0x66,0x6c,0x6f,0x61,0x74,0x20,0x70,0x61,0x72,0x61,0x6d,0x5f,0x31,0x31,0x20,0x3d,
    0x20,0x62,0x72,0x69,0x64,0x67,0x65,0x5f,0x6c,0x75,0x6d,0x69,0x6e,0x61,0x6e,0x63,
    0x65,0x28,0x70,0x61,0x72,0x61,0x6d,0x5f,0x35,0x2c,0x20,0x5f,0x35,0x37,0x29,0x3b,
    0x0a,0x20,0x20,0x20,0x20,0x66,0x6c,0x6f,0x61,0x74,0x34,0x20,0x70,0x61,0x72,0x61,
    0x6d,0x5f,0x31,0x32,0x20,0x3d,0x20,0x5f,0x33,0x32,0x34,0x3b,0x0a,0x20,0x20,0x20,
    0x20,0x66,0x6c,0x6f,0x61,0x74,0x20,0x70,0x61,0x72,0x61,0x6d,0x5f,0x31,0x33,0x20,
    0x3d,0x20,0x5f,0x33,0x36,0x38,0x3b,0x0a,0x20,0x20,0x20,0x20,0x66,0x6c,0x6f,0x61,
    0x74,0x34,0x20,0x70,0x61,0x72,0x61,0x6d,0x5f,0x31,0x34,0x20,0x3d,0x20,0x5f,0x33,
    0x33,0x36,0x3b,0x0a,0x20,0x20,0x20,0x20,0x66,0x6c,0x6f,0x61,0x74,0x20,0x70,0x61,
    0x72,0x61,0x6d,0x5f,0x31,0x35,0x20,0x3d,0x20,0x5f,0x33,0x37,0x32,0x3b,0x0a,0x20,
    0x20,0x20,0x20,0x66,0x6c,0x6f,0x61,0x74,0x34,0x20,0x70,0x61,0x72,0x61,0x6d,0x5f,
    0x31,0x36,0x20,0x3d,0x20,0x5f,0x33,0x34,0x38,0x3b,0x0a,0x20,0x20,0x20,0x20,0x66,
    0x6c,0x6f,0x61,0x74,0x20,0x70,0x61,0x72,0x61,0x6d,0x5f,0x31,0x37,0x20,0x3d,0x20,
    0x5f,0x33,0x37,0x36,0x3b,0x0a,0x20,0x20,0x20,0x20,0x66,0x6c,0x6f,0x61,0x74,0x34,
    0x20,0x70,0x61,0x72,0x61,0x6d,0x5f,0x31,0x38,0x20,0x3d,0x20,0x5f,0x33,0x36,0x30,
    0x3b,0x0a,0x20,0x20,0x20,0x20,0x66,0x6c,0x6f,0x61,0x74,0x20,0x70,0x61,0x72,0x61,
    0x6d,0x5f,0x31,0x39,0x20,0x3d,0x20,0x5f,0x33,0x38,0x30,0x3b,0x0a,0x20,0x20,0x20,
    0x20,0x66,0x6c,0x6f,0x61,0x74,0x20,0x70,0x61,0x72,0x61,0x6d,0x5f,0x32,0x30,0x20,
    0x3d,0x20,0x66,0x61,0x73,0x74,0x3a,0x3a,0x6d,0x61,0x78,0x28,0x66,0x61,0x73,0x74,
    0x3a,0x3a,0x6d,0x61,0x78,0x28,0x66,0x61,0x73,0x74,0x3a,0x3a,0x6d,0x61,0x78,0x28,
    0x66,0x61,0x73,0x74,0x3a,0x3a,0x6d,0x61,0x78,0x28,0x62,0x72,0x69,0x64,0x67,0x65,
    0x5f,0x6d,0x61,0x73,0x6b,0x5f,0x76,0x61,0x6c,0x75,0x65,0x28,0x70,0x61,0x72,0x61,
    0x6d,0x5f,0x31,0x30,0x2c,0x20,0x70,0x61,0x72,0x61,0x6d,0x5f,0x31,0x31,0x2c,0x20,
    0x5f,0x35,0x37,0x29,0x2c,0x20,0x62,0x72,0x69,0x64,0x67,0x65,0x5f,0x6d,0x61,0x73,
    0x6b,0x5f,0x76,0x61,0x6c,0x75,0x65,0x28,0x70,0x61,0x72,0x61,0x6d,0x5f,0x31,0x32,
    0x2c,0x20,0x70,0x61,0x72,0x61,0x6d,0x5f,0x31,0x33,0x2c,0x20,0x5f,0x35,0x37,0x29,
    0x29,0x2c,0x20,0x62,0x72,0x69,0x64,0x67,0x65,0x5f,0x6d,0x61,0x73,0x6b,0x5f,0x76,
    0x61,0x6c,0x75,0x65,0x28,0x70,0x61,0x72,0x61,0x6d,0x5f,0x31,0x34,0x2c,0x20,0x70,
    0x61,0x72,0x61,0x6d,0x5f,0x31,0x35,0x2c,0x20,0x5f,0x35,0x37,0x29,0x29,0x2c,0x20,
    0x62,0x72,0x69,0x64,0x67,0x65,0x5f,0x6d,0x61,0x73,0x6b,0x5f,0x76,0x61,0x6c,0x75,
    0x65,0x28,0x70,0x61,0x72,0x61,0x6d,0x5f,0x31,0x36,0x2c,0x20,0x70,0x61,0x72,0x61,
    0x6d,0x5f,0x31,0x37,0x2c,0x20,0x5f,0x35,0x37,0x29,0x29,0x2c,0x20,0x62,0x72,0x69,
    0x64,0x67,0x65,0x5f,0x6d,0x61,0x73,0x6b,0x5f,0x76,0x61,0x6c,0x75,0x65,0x28,0x70,
    0x61,0x72,0x61,0x6d,0x5f,0x31,0x38,0x2c,0x20,0x70,0x61,0x72,0x61,0x6d,0x5f,0x31,
    0x39,0x2c,0x20,0x5f,0x35,0x37,0x29,0x29,0x3b,0x0a,0x20,0x20,0x20,0x20,0x6f,0x75,
    0x74,0x2e,0x66,0x72,0x61,0x67,0x5f,0x63,0x6f,0x6c,0x6f,0x72,0x20,0x3d,0x20,0x66,
    0x6c,0x6f,0x61,0x74,0x34,0x28,0x28,0x28,0x66,0x6c,0x6f,0x61,0x74,0x32,0x28,0x5f,
    0x33,0x37,0x32,0x20,0x2d,0x20,0x5f,0x33,0x36,0x38,0x2c,0x20,0x5f,0x33,0x38,0x30,
    0x20,0x2d,0x20,0x5f,0x33,0x37,0x36,0x29,0x20,0x2a,0x20,0x5f,0x35,0x37,0x2e,0x6f,
    0x70,0x74,0x69,0x6f,0x6e,0x73,0x2e,0x78,0x29,0x20,0x2a,0x20,0x62,0x72,0x69,0x64,
    0x67,0x65,0x5f,0x73,0x6f,0x66,0x74,0x5f,0x6d,0x61,0x73,0x6b,0x28,0x70,0x61,0x72,
    0x61,0x6d,0x5f,0x32,0x30,0x2c,0x20,0x5f,0x35,0x37,0x29,0x29,0x20,0x2a,0x20,0x5f,
    0x35,0x37,0x2e,0x63,0x6f,0x6c,0x6f,0x72,0x2e,0x78,0x79,0x2c,0x20,0x30,0x2e,0x30,
    0x2c,0x20,0x31,0x2e,0x30,0x29,0x3b,0x0a,0x20,0x20,0x20,0x20,0x72,0x65,0x74,0x75,
    0x72,0x6e,0x20,0x6f,0x75,0x74,0x3b,0x0a,0x7d,0x0a,0x0a,0x00,
};
/*
    #pragma clang diagnostic ignored "-Wmissing-prototypes"

    #include <metal_stdlib>
    #include <simd/simd.h>

    using namespace metal;

    // Implementation of the GLSL mod() function, which is slightly different than Metal fmod()
    template<typename Tx, typename Ty>
    inline Tx mod(Tx x, Ty y)
    {
        return x - y * floor(x / y);
    }

    struct bridge_params
    {
        float4 color;
        float4 resolution;
        float4 texel;
        float4 options;
    };

    struct main0_out
    {
        float4 frag_color [[color(0)]];
    };

    struct main0_in
    {
        float2 uv [[user(locn0)]];
    };

    static inline __attribute__((always_inline))
    float bridge_flag(thread const float& _packed, thread const float& flag)
    {
        return floor(mod(floor(_packed / flag), 2.0));
    }

    static inline __attribute__((always_inline))
    float2 bridge_sample_uv(thread const float2& p, constant bridge_params& _57)
    {
        float param = _57.options.w;
        float param_1 = 4.0;
        float param_2 = _57.options.w;
        float param_3 = 8.0;
        return float2(mix(p.x, 1.0 - p.x, bridge_flag(param, param_1)), mix(p.y, 1.0 - p.y, bridge_flag(param_2, param_3)));
    }

    static inline __attribute__((always_inline))
    float bridge_luminance(thread const float4& src, constant bridge_params& _57)
    {
        float _103 = dot(src.xyz, float3(0.2125999927520751953125, 0.715200006961822509765625, 0.072200000286102294921875));
        float param = _57.options.w;
        float param_1 = 1.0;
        return mix(_103, 1.0 - _103, bridge_flag(param, param_1));
    }

    static inline __attribute__((always_inline))
    float bridge_mask_source_mode(constant bridge_params& _57)
    {
        return floor(_57.options.w * 0.0625);
    }

    static inline __attribute__((always_inline))
    float bridge_saturation(thread const float3& rgb)
    {
        float _131 = fast::max(fast::max(rgb.x, rgb.y), rgb.z);
        float _145;
        if (_131 <= 9.9999999747524270787835121154785e-07)
        {
            _145 = 0.0;
        }
        else
        {
            _145 = (_131 - fast::min(fast::min(rgb.x, rgb.y), rgb.z)) / _131;
        }
        return _145;
    }

    static inline __attribute__((always_inline))
    float bridge_mask_value(thread const float4& src, thread const float& intensity, constant bridge_params& _57)
    {
        float param = _57.options.w;
        float param_1 = 2.0;
        float mode = bridge_mask_source_mode(_57);
        if (bridge_flag(param, param_1) > 0.5)
        {
            mode = 1.0;
        }
        if ((mode > 0.5) && (mode < 1.5))
        {
            return src.w;
        }
        if ((mode > 1.5) && (mode < 2.5))
        {
            return src.x;
        }
        if ((mode > 2.5) && (mode < 3.5))
        {
            return src.y;
        }
        if ((mode > 3.5) && (mode < 4.5))
        {
            return src.z;
        }
        if ((mode > 4.5) && (mode < 5.5))
        {
            return fast::max(fast::max(src.x, src.y), src.z);
        }
        if (mode > 5.5)
        {
            float3 param_2 = src.xyz;
            return bridge_saturation(param_2);
        }
        return intensity;
    }

    static inline __attribute__((always_inline))
    float bridge_mask_gamma(constant bridge_params& _57)
    {
        return fast::max(_57.texel.w, 9.9999997473787516355514526367188e-05);
    }

    static inline __attribute__((always_inline))
    float bridge_soft_mask(thread const float& value, constant bridge_params& _57)
    {
        float _254 = fast::max(_57.texel.z, 0.0);
        float _259;
        if (_254 <= 9.9999997473787516355514526367188e-06)
        {
            _259 = step(_57.options.y, value);
        }
        else
        {
            float _270 = _254 * 0.5;
            _259 = smoothstep(_57.options.y - _270, _57.options.y + _270, value);
        }
        return powr(fast::clamp(_259, 0.0, 1.0), 1.0 / bridge_mask_gamma(_57));
    }

    fragment main0_out main0(main0_in in [[stage_in]], constant bridge_params& _57 [[buffer(0)]], texture2d<float> bridgeInputTex [[texture(0)]], sampler bridgeInputSmp [[sampler(0)]])
    {
        main0_out out = {};
        float2 param = in.uv;
        float4 _303 = bridgeInputTex.sample(bridgeInputSmp, bridge_sample_uv(param, _57));
        float4 param_1 = _303;
        float _307 = bridge_luminance(param_1, _57);
        float4 param_2 = _303;
        float param_3 = _307;
        float param_4 = bridge_mask_value(param_2, param_3, _57);
        float _322 = (_307 * _57.options.x) * bridge_soft_mask(param_4, _57);
        out.frag_color = float4(_57.color.xyz * _322, _322);
        return out;
    }

*/
static const uint8_t fs_bridge_density_source_metal_macos[4189] = {
    0x23,0x70,0x72,0x61,0x67,0x6d,0x61,0x20,0x63,0x6c,0x61,0x6e,0x67,0x20,0x64,0x69,
    0x61,0x67,0x6e,0x6f,0x73,0x74,0x69,0x63,0x20,0x69,0x67,0x6e,0x6f,0x72,0x65,0x64,
    0x20,0x22,0x2d,0x57,0x6d,0x69,0x73,0x73,0x69,0x6e,0x67,0x2d,0x70,0x72,0x6f,0x74,
    0x6f,0x74,0x79,0x70,0x65,0x73,0x22,0x0a,0x0a,0x23,0x69,0x6e,0x63,0x6c,0x75,0x64,
    0x65,0x20,0x3c,0x6d,0x65,0x74,0x61,0x6c,0x5f,0x73,0x74,0x64,0x6c,0x69,0x62,0x3e,
    0x0a,0x23,0x69,0x6e,0x63,0x6c,0x75,0x64,0x65,0x20,0x3c,0x73,0x69,0x6d,0x64,0x2f,
    0x73,0x69,0x6d,0x64,0x2e,0x68,0x3e,0x0a,0x0a,0x75,0x73,0x69,0x6e,0x67,0x20,0x6e,
    0x61,0x6d,0x65,0x73,0x70,0x61,0x63,0x65,0x20,0x6d,0x65,0x74,0x61,0x6c,0x3b,0x0a,
    0x0a,0x2f,0x2f,0x20,0x49,0x6d,0x70,0x6c,0x65,0x6d,0x65,0x6e,0x74,0x61,0x74,0x69,
    0x6f,0x6e,0x20,0x6f,0x66,0x20,0x74,0x68,0x65,0x20,0x47,0x4c,0x53,0x4c,0x20,0x6d,
    0x6f,0x64,0x28,0x29,0x20,0x66,0x75,0x6e,0x63,0x74,0x69,0x6f,0x6e,0x2c,0x20,0x77,
    0x68,0x69,0x63,0x68,0x20,0x69,0x73,0x20,0x73,0x6c,0x69,0x67,0x68,0x74,0x6c,0x79,
    0x20,0x64,0x69,0x66,0x66,0x65,0x72,0x65,0x6e,0x74,0x20,0x74,0x68,0x61,0x6e,0x20,
    0x4d,0x65,0x74,0x61,0x6c,0x20,0x66,0x6d,0x6f,0x64,0x28,0x29,0x0a,0x74,0x65,0x6d,
    0x70,0x6c,0x61,0x74,0x65,0x3c,0x74,0x79,0x70,0x65,0x6e,0x61,0x6d,0x65,0x20,0x54,
    0x78,0x2c,0x20,0x74,0x79,0x70,0x65,0x6e,0x61,0x6d,0x65,0x20,0x54,0x79,0x3e,0x0a,
    0x69,0x6e,0x6c,0x69,0x6e,0x65,0x20,0x54,0x78,0x20,0x6d,0x6f,0x64,0x28,0x54,0x78,
    0x20,0x78,0x2c,0x20,0x54,0x79,0x20,0x79,0x29,0x0a,0x7b,0x0a,0x20,0x20,0x20,0x20,
    0x72,0x65,0x74,0x75,0x72,0x6e,0x20,0x78,0x20,0x2d,0x20,0x79,0x20,0x2a,0x20,0x66,
    0x6c,0x6f,0x6f,0x72,0x28,0x78,0x20,0x2f,0x20,0x79,0x29,0x3b,0x0a,0x7d,0x0a,0x0a,
    0x73,0x74,0x72,0x75,0x63,0x74,0x20,0x62,0x72,0x69,0x64,0x67,0x65,0x5f,0x70,0x61,
    0x72,0x61,0x6d,0x73,0x0a,0x7b,0x0a,0x20,0x20,0x20,0x20,0x66,0x6c,0x6f,0x61,0x74,
    0x34,0x20,0x63,0x6f,0x6c,0x6f,0x72,0x3b,0x0a,0x20,0x20,0x20,0x20,0x66,0x6c,0x6f,
    0x61,0x74,0x34,0x20,0x72,0x65,0x73,0x6f,0x6c,0x75,0x74,0x69,0x6f,0x6e,0x3b,0x0a,
    0x20,0x20,0x20,0x20,0x66,0x6c,0x6f,0x61,0x74,0x34,0x20,0x74,0x65,0x78,0x65,0x6c,
    0x3b,0x0a,0x20,0x20,0x20,0x20,0x66,0x6c,0x6f,0x61,0x74,0x34,0x20,0x6f,0x70,0x74,
    0x69,0x6f,0x6e,0x73,0x3b,0x0a,0x7d,0x3b,0x0a,0x0a,0x73,0x74,0x72,0x75,0x63,0x74,
    0x20,0x6d,0x61,0x69,0x6e,0x30,0x5f,0x6f,0x75,0x74,0x0a,0x7b,0x0a,0x20,0x20,0x20,
    0x20,0x66,0x6c,0x6f,0x61,0x74,0x34,0x20,0x66,0x72,0x61,0x67,0x5f,0x63,0x6f,0x6c,
    0x6f,0x72,0x20,0x5b,0x5b,0x63,0x6f,0x6c,0x6f,0x72,0x28,0x30,0x29,0x5d,0x5d,0x3b,
    0x0a,0x7d,0x3b,0x0a,0x0a,0x73,0x74,0x72,0x75,0x63,0x74,0x20,0x6d,0x61,0x69,0x6e,
    0x30,0x5f,0x69,0x6e,0x0a,0x7b,0x0a,0x20,0x20,0x20,0x20,0x66,0x6c,0x6f,0x61,0x74,
    0x32,0x20,0x75,0x76,0x20,0x5b,0x5b,0x75,0x73,0x65,0x72,0x28,0x6c,0x6f,0x63,0x6e,
    0x30,0x29,0x5d,0x5d,0x3b,0x0a,0x7d,0x3b,0x0a,0x0a,0x73,0x74,0x61,0x74,0x69,0x63,
    0x20,0x69,0x6e,0x6c,0x69,0x6e,0x65,0x20,0x5f,0x5f,0x61,0x74,0x74,0x72,0x69,0x62,
    0x75,0x74,0x65,0x5f,0x5f,0x28,0x28,0x61,0x6c,0x77,0x61,0x79,0x73,0x5f,0x69,0x6e,
    0x6c,0x69,0x6e,0x65,0x29,0x29,0x0a,0x66,0x6c,0x6f,0x61,0x74,0x20,0x62,0x72,0x69,
    0x64,0x67,0x65,0x5f,0x66,0x6c,0x61,0x67,0x28,0x74,0x68,0x72,0x65,0x61,0x64,0x20,
    0x63,0x6f,0x6e,0x73,0x74,0x20,0x66,0x6c,0x6f,0x61,0x74,0x26,0x20,0x5f,0x70,0x61,
    0x63,0x6b,0x65,0x64,0x2c,0x20,0x74,0x68,0x72,0x65,0x61,0x64,0x20,0x63,0x6f,0x6e,
    0x73,0x74,0x20,0x66,0x6c,0x6f,0x61,0x74,0x26,0x20,0x66,0x6c,0x61,0x67,0x29,0x0a,
    0x7b,0x0a,0x20,0x20,0x20,0x20,0x72,0x65,0x74,0x75,0x72,0x6e,0x20,0x66,0x6c,0x6f,
    0x6f,0x72,0x28,0x6d,0x6f,0x64,0x28,0x66,0x6c,0x6f,0x6f,0x72,0x28,0x5f,0x70,0x61,
    0x63,0x6b,0x65,0x64,0x20,0x2f,0x20,0x66,0x6c,0x61,0x67,0x29,0x2c,0x20,0x32,0x2e,
    0x30,0x29,0x29,0x3b,0x0a,0x7d,0x0a,0x0a,0x73,0x74,0x61,0x74,0x69,0x63,0x20,0x69,
    0x6e,0x6c,0x69,0x6e,0x65,0x20,0x5f,0x5f,0x61,0x74,0x74,0x72,0x69,0x62,0x75,0x74,
    0x65,0x5f,0x5f,0x28,0x28,0x61,0x6c,0x77,0x61,0x79,0x73,0x5f,0x69,0x6e,0x6c,0x69,
    0x6e,0x65,0x29,0x29,0x0a,0x66,0x6c,0x6f,0x61,0x74,0x32,0x20,0x62,0x72,0x69,0x64,
    0x67,0x65,0x5f,0x73,0x61,0x6d,0x70,0x6c,0x65,0x5f,0x75,0x76,0x28,0x74,0x68,0x72,
    0x65,0x61,0x64,0x20,0x63,0x6f,0x6e,0x73,0x74,0x20,0x66,0x6c,0x6f,0x61,0x74,0x32,
    0x26,0x20,0x70,0x2c,0x20,0x63,0x6f,0x6e,0x73,0x74,0x61,0x6e,0x74,0x20,0x62,0x72,
    0x69,0x64,0x67,0x65,0x5f,0x70,0x61,0x72,0x61,0x6d,0x73,0x26,0x20,0x5f,0x35,0x37,
    0x29,0x0a,0x7b,0x0a,0x20,0x20,0x20,0x20,0x66,0x6c,0x6f,0x61,0x74,0x20,0x70,0x61,
    0x72,0x61,0x6d,0x20,0x3d,0x20,0x5f,0x35,0x37,0x2e,0x6f,0x70,0x74,0x69,0x6f,0x6e,
    0x73,0x2e,0x77,0x3b,0x0a,0x20,0x20,0x20,0x20,0x66,0x6c,0x6f,0x61,0x74,0x20,0x70,
    0x61,0x72,0x61,0x6d,0x5f,0x31,0x20,0x3d,0x20,0x34,0x2e,0x30,0x3b,0x0a,0x20,0x20,
    0x20,0x20,0x66,0x6c,0x6f,0x61,0x74,0x20,0x70,0x61,0x72,0x61,0x6d,0x5f,0x32,0x20,
    0x3d,0x20,0x5f,0x35,0x37,0x2e,0x6f,0x70,0x74,0x69,0x6f,0x6e,0x73,0x2e,0x77,0x3b,
    0x0a,0x20,0x20,0x20,0x20,0x66,0x6c,0x6f,0x61,0x74,0x20,0x70,0x61,0x72,0x61,0x6d,
    0x5f,0x33,0x20,0x3d,0x20,0x38,0x2e,0x30,0x3b,0x0a,0x20,0x20,0x20,0x20,0x72,0x65,
    0x74,0x75,0x72,0x6e,0x20,0x66,0x6c,0x6f,0x61,0x74,0x32,0x28,0x6d,0x69,0x78,0x28,
    0x70,0x2e,0x78,0x2c,0x20,0x31,0x2e,0x30,0x20,0x2d,0x20,0x70,0x2e,0x78,0x2c,0x20,
    0x62,0x72,0x69,0x64,0x67,0x65,0x5f,0x66,0x6c,0x61,0x67,0x28,0x70,0x61,0x72,0x61,
    0x6d,0x2c,0x20,0x70,0x61,0x72,0x61,0x6d,0x5f,0x31,0x29,0x29,0x2c,0x20,0x6d,0x69,
    0x78,0x28,0x70,0x2e,0x79,0x2c,0x20,0x31,0x2e,0x30,0x20,0x2d,0x20,0x70,0x2e,0x79,
    0x2c,0x20,0x62,0x72,0x69,0x64,0x67,0x65,0x5f,0x66,0x6c,0x61,0x67,0x28,0x70,0x61,
    0x72,0x61,0x6d,0x5f,0x32,0x2c,0x20,0x70,0x61,0x72,0x61,0x6d,0x5f,0x33,0x29,0x29,
    0x29,0x3b,0x0a,0x7d,0x0a,0x0a,0x73,0x74,0x61,0x74,0x69,0x63,0x20,0x69,0x6e,0x6c,
    0x69,0x6e,0x65,0x20,0x5f,0x5f,0x61,0x74,0x74,0x72,0x69,0x62,0x75,0x74,0x65,0x5f,
    0x5f,0x28,0x28,0x61,0x6c,0x77,0x61,0x79,0x73,0x5f,0x69,0x6e,0x6c,0x69,0x6e,0x65,
    0x29,0x29,0x0a,0x66,0x6c,0x6f,0x61,0x74,0x20,0x62,0x72,0x69,0x64,0x67,0x65,0x5f,
    0x6c,0x75,0x6d,0x69,0x6e,0x61,0x6e,0x63,0x65,0x28,0x74,0x68,0x72,0x65,0x61,0x64,
    0x20,0x63,0x6f,0x6e,0x73,0x74,0x20,0x66,0x6c,0x6f,0x61,0x74,0x34,0x26,0x20,0x73,
    0x72,0x63,0x2c,0x20,0x63,0x6f,0x6e,0x73,0x74,0x61,0x6e,0x74,0x20,0x62,0x72,0x69,
    0x64,0x67,0x65,0x5f,0x70,0x61,0x72,0x61,0x6d,0x73,0x26,0x20,0x5f,0x35,0x37,0x29,
    0x0a,0x7b,0x0a,0x20,0x20,0x20,0x20,0x66,0x6c,0x6f,0x61,0x74,0x20,0x5f,0x31,0x30,
    0x33,0x20,0x3d,0x20,0x64,0x6f,0x74,0x28,0x73,0x72,0x63,0x2e,0x78,0x79,0x7a,0x2c,
    0x20,0x66,0x6c,0x6f,0x61,0x74,0x33,0x28,0x30,0x2e,0x32,0x31,0x32,0x35,0x39,0x39,
    0x39,0x39,0x32,0x37,0x35,0x32,0x30,0x37,0x35,0x31,0x39,0x35,0x33,0x31,0x32,0x35,
    0x2c,0x20,0x30,0x2e,0x37,0x31,0x35,0x32,0x30,0x30,0x30,0x30,0x36,0x39,0x36,0x31,
    0x38,0x32,0x32,0x35,0x30,0x39,0x37,0x36,0x35,0x36,0x32,0x35,0x2c,0x20,0x30,0x2e,
    0x30,0x37,0x32,0x32,0x30,0x30,0x30,0x30,0x30,0x32,0x38,0x36,0x31,0x30,0x32,0x32,
    0x39,0x34,0x39,0x32,0x31,0x38,0x37,0x35,0x29,0x29,0x3b,0x0a,0x20,0x20,0x20,0x20,
    0x66,0x6c,0x6f,0x61,0x74,0x20,0x70,0x61,0x72,0x61,0x6d,0x20,0x3d,0x20,0x5f,0x35,
    0x37,0x2e,0x6f,0x70,0x74,0x69,0x6f,0x6e,0x73,0x2e,0x77,0x3b,0x0a,0x20,0x20,0x20,
    0x20,0x66,0x6c,0x6f,0x61,0x74,0x20,0x70,0x61,0x72,0x61,0x6d,0x5f,0x31,0x20,0x3d,
    0x20,0x31,0x2e,0x30,0x3b,0x0a,0x20,0x20,0x20,0x20,0x72,0x65,0x74,0x75,0x72,0x6e,
    0x20,0x6d,0x69,0x78,0x28,0x5f,0x31,0x30,0x33,0x2c,0x20,0x31,0x2e,0x30,0x20,0x2d,
    0x20,0x5f,0x31,0x30,0x33,0x2c,0x20,0x62,0x72,0x69,0x64,0x67,0x65,0x5f,0x66,0x6c,
    0x61,0x67,0x28,0x70,0x61,0x72,0x61,0x6d,0x2c,0x20,0x70,0x61,0x72,0x61,0x6d,0x5f,
    0x31,0x29,0x29,0x3b,0x0a,0x7d,0x0a,0x0a,0x73,0x74,0x61,0x74,0x69,0x63,0x20,0x69,
    0x6e,0x6c,0x69,0x6e,0x65,0x20,0x5f,0x5f,0x61,0x74,0x74,0x72,0x69,0x62,0x75,0x74,
    0x65,0x5f,0x5f,0x28,0x28,0x61,0x6c,0x77,0x61,0x79,0x73,0x5f,0x69,0x6e,0x6c,0x69,
    0x6e,0x65,0x29,0x29,0x0a,0x66,0x6c,0x6f,0x61,0x74,0x20,0x62,0x72,0x69,0x64,0x67,
    0x65,0x5f,0x6d,0x61,0x73,0x6b,0x5f,0x73,0x6f,0x75,0x72,0x63,0x65,0x5f,0x6d,0x6f,
    0x64,0x65,0x28,0x63,0x6f,0x6e,0x73,0x74,0x61,0x6e,0x74,0x20,0x62,0x72,0x69,0x64,
    0x67,0x65,0x5f,0x70,0x61,0x72,0x61,0x6d,0x73,0x26,0x20,0x5f,0x35,0x37,0x29,0x0a,
    0x7b,0x0a,0x20,0x20,0x20,0x20,0x72,0x65,0x74,0x75,0x72,0x6e,0x20,0x66,0x6c,0x6f,
    0x6f,0x72,0x28,0x5f,0x35,0x37,0x2e,0x6f,0x70,0x74,0x69,0x6f,0x6e,0x73,0x2e,0x77,
    0x20,0x2a,0x20,0x30,0x2e,0x30,0x36,0x32,0x35,0x29,0x3b,0x0a,0x7d,0x0a,0x0a,0x73,
    0x74,0x61,0x74,0x69,0x63,0x20,0x69,0x6e,0x6c,0x69,0x6e,0x65,0x20,0x5f,0x5f,0x61,
    0x74,0x74,0x72,0x69,0x62,0x75,0x74,0x65,0x5f,0x5f,0x28,0x28,0x61,0x6c,0x77,0x61,
    0x79,0x73,0x5f,0x69,0x6e,0x6c,0x69,0x6e,0x65,0x29,0x29,0x0a,0x66,0x6c,0x6f,0x61,
    0x74,0x20,0x62,0x72,0x69,0x64,0x67,0x65,0x5f,0x73,0x61,0x74,0x75,0x72,0x61,0x74,
    0x69,0x6f,0x6e,0x28,0x74,0x68,0x72,0x65,0x61,0x64,0x20,0x63,0x6f,0x6e,0x73,0x74,
    0x20,0x66,0x6c,0x6f,0x61,0x74,0x33,0x26,0x20,0x72,0x67,0x62,0x29,0x0a,0x7b,0x0a,
    0x20,0x20,0x20,0x20,0x66,0x6c,0x6f,0x61,0x74,0x20,0x5f,0x31,0x33,0x31,0x20,0x3d,
    0x20,0x66,0x61,0x73,0x74,0x3a,0x3a,0x6d,0x61,0x78,0x28,0x66,0x61,0x73,0x74,0x3a,
    0x3a,0x6d,0x61,0x78,0x28,0x72,0x67,0x62,0x2e,0x78,0x2c,0x20,0x72,0x67,0x62,0x2e,
    0x79,0x29,0x2c,0x20,0x72,0x67,0x62,0x2e,0x7a,0x29,0x3b,0x0a,0x20,0x20,0x20,0x20,
    0x66,0x6c,0x6f,0x61,0x74,0x20,0x5f,0x31,0x34,0x35,0x3b,0x0a,0x20,0x20,0x20,0x20,
    0x69,0x66,0x20,0x28,0x5f,0x31,0x33,0x31,0x20,0x3c,0x3d,0x20,0x39,0x2e,0x39,0x39,
    0x39,0x39,0x39,0x39,0x39,0x37,0x34,0x37,0x35,0x32,0x34,0x32,0x37,0x30,0x37,0x38,
    0x37,0x38,0x33,0x35,0x31,0x32,0x31,0x31,0x35,0x34,0x37,0x38,0x35,0x65,0x2d,0x30,
    0x37,0x29,0x0a,0x20,0x20,0x20,0x20,0x7b,0x0a,0x20,0x20,0x20,0x20,0x20,0x20,0x20,
    0x20,0x5f,0x31,0x34,0x35,0x20,0x3d,0x20,0x30,0x2e,0x30,0x3b,0x0a,0x20,0x20,0x20,
    0x20,0x7d,0x0a,0x20,0x20,0x20,0x20,0x65,0x6c,0x73,0x65,0x0a,0x20,0x20,0x20,0x20,
    0x7b,0x0a,0x20,0x20,0x20,0x20,0x20,0x20,0x20,0x20,0x5f,0x31,0x34,0x35,0x20,0x3d,
    0x20,0x28,0x5f,0x31,0x33,0x31,0x20,0x2d,0x20,0x66,0x61,0x73,0x74,0x3a,0x3a,0x6d,
    0x69,0x6e,0x28,0x66,0x61,0x73,0x74,0x3a,0x3a,0x6d,0x69,0x6e,0x28,0x72,0x67,0x62,
    0x2e,0x78,0x2c,0x20,0x72,0x67,0x62,0x2e,0x79,0x29,0x2c,0x20,0x72,0x67,0x62,0x2e,
    0x7a,0x29,0x29,0x20,0x2f,0x20,0x5f,0x31,0x33,0x31,0x3b,0x0a,0x20,0x20,0x20,0x20,
    0x7d,0x0a,0x20,0x20,0x20,0x20,0x72,0x65,0x74,0x75,0x72,0x6e,0x20,0x5f,0x31,0x34,
    0x35,0x3b,0x0a,0x7d,0x0a,0x0a,0x73,0x74,0x61,0x74,0x69,0x63,0x20,0x69,0x6e,0x6c,
    0x69,0x6e,0x65,0x20,0x5f,0x5f,0x61,0x74,0x74,0x72,0x69,0x62,0x75,0x74,0x65,0x5f,
    0x5f,0x28,0x28,0x61,0x6c,0x77,0x61,0x79,0x73,0x5f,0x69,0x6e,0x6c,0x69,0x6e,0x65,
    0x29,0x29,0x0a,0x66,0x6c,0x6f,0x61,0x74,0x20,0x62,0x72,0x69,0x64,0x67,0x65,0x5f,
    0x6d,0x61,0x73,0x6b,0x5f,0x76,0x61,0x6c,0x75,0x65,0x28,0x74,0x68,0x72,0x65,0x61,
    0x64,0x20,0x63,0x6f,0x6e,0x73,0x74,0x20,0x66,0x6c,0x6f,0x61,0x74,0x34,0x26,0x20,
    0x73,0x72,0x63,0x2c,0x20,0x74,0x68,0x72,0x65,0x61,0x64,0x20,0x63,0x6f,0x6e,0x73,
    0x74,0x20,0x66,0x6c,0x6f,0x61,0x74,0x26,0x20,0x69,0x6e,0x74,0x65,0x6e,0x73,0x69,
    0x74,0x79,0x2c,0x20,0x63,0x6f,0x6e,0x73,0x74,0x61,0x6e,0x74,0x20,0x62,0x72,0x69,
    0x64,0x67,0x65,0x5f,0x70,0x61,0x72,0x61,0x6d,0x73,0x26,0x20,0x5f,0x35,0x37,0x29,
    0x0a,0x7b,0x0a,0x20,0x20,0x20,0x20,0x66,0x6c,0x6f,0x61,0x74,0x20,0x70,0x61,0x72,
    0x61,0x6d,0x20,0x3d,0x20,0x5f,0x35,0x37,0x2e,0x6f,0x70,0x74,0x69,0x6f,0x6e,0x73,
    0x2e,0x77,0x3b,0x0a,0x20,0x20,0x20,0x20,0x66,0x6c,0x6f,0x61,0x74,0x20,0x70,0x61,
    0x72,0x61,0x6d,0x5f,0x31,0x20,0x3d,0x20,0x32,0x2e,0x30,0x3b,0x0a,0x20,0x20,0x20,
    0x20,0x66,0x6c,0x6f,0x61,0x74,0x20,0x6d,0x6f,0x64,0x65,0x20,0x3d,0x20,0x62,0x72,
    0x69,0x64,0x67,0x65,0x5f,0x6d,0x61,0x73,0x6b,0x5f,0x73,0x6f,0x75,0x72,0x63,0x65,
    0x5f,0x6d,0x6f,0x64,0x65,0x28,0x5f,0x35,0x37,0x29,0x3b,0x0a,0x20,0x20,0x20,0x20,
    0x69,0x66,0x20,0x28,0x62,0x72,0x69,0x64,0x67,0x65,0x5f,0x66,0x6c,0x61,0x67,0x28,
    0x70,0x61,0x72,0x61,0x6d,0x2c,0x20,0x70,0x61,0x72,0x61,0x6d,0x5f,0x31,0x29,0x20,
    0x3e,0x20,0x30,0x2e,0x35,0x29,0x0a,0x20,0x20,0x20,0x20,0x7b,0x0a,0x20,0x20,0x20,
    0x20,0x20,0x20,0x20,0x20,0x6d,0x6f,0x64,0x65,0x20,0x3d,0x20,0x31,0x2e,0x30,0x3b,
    0x0a,0x20,0x20,0x20,0x20,0x7d,0x0a,0x20,0x20,0x20,0x20,0x69,0x66,0x20,0x28,0x28,
    0x6d,0x6f,0x64,0x65,0x20,0x3e,0x20,0x30,0x2e,0x35,0x29,0x20,0x26,0x26,0x20,0x28,
    0x6d,0x6f,0x64,0x65,0x20,0x3c,0x20,0x31,0x2e,0x35,0x29,0x29,0x0a,0x20,0x20,0x20,
    0x20,0x7b,0x0a,0x20,0x20,0x20,0x20,0x20,0x20,0x20,0x20,0x72,0x65,0x74,0x75,0x72,
    0x6e,0x20,0x73,0x72,0x63,0x2e,0x77,0x3b,0x0a,0x20,0x20,0x20,0x20,0x7d,0x0a,0x20,
    0x20,0x20,0x20,0x69,0x66,0x20,0x28,0x28,0x6d,0x6f,0x64,0x65,0x20,0x3e,0x20,0x31,
    0x2e,0x35,0x29,0x20,0x26,0x26,0x20,0x28,0x6d,0x6f,0x64,0x65,0x20,0x3c,0x20,0x32,
    0x2e,0x35,0x29,0x29,0x0a,0x20,0x20,0x20,0x20,0x7b,0x0a,0x20,0x20,0x20,0x20,0x20,
    0x20,0x20,0x20,0x72,0x65,0x74,0x75,0x72,0x6e,0x20,0x73,0x72,0x63,0x2e,0x78,0x3b,
    0x0a,0x20,0x20,0x20,0x20,0x7d,0x0a,0x20,0x20,0x20,0x20,0x69,0x66,0x20,0x28,0x28,
    0x6d,0x6f,0x64,0x65,0x20,0x3e,0x20,0x32,0x2e,0x35,0x29,0x20,0x26,0x26,0x20,0x28,
    0x6d,0x6f,0x64,0x65,0x20,0x3c,0x20,0x33,0x2e,0x35,0x29,0x29,0x0a,0x20,0x20,0x20,
    0x20,0x7b,0x0a,0x20,0x20,0x20,0x20,0x20,0x20,0x20,0x20,0x72,0x65,0x74,0x75,0x72,
    0x6e,0x20,0x73,0x72,0x63,0x2e,0x79,0x3b,0x0a,0x20,0x20,0x20,0x20,0x7d,0x0a,0x20,
    0x20,0x20,0x20,0x69,0x66,0x20,0x28,0x28,0x6d,0x6f,0x64,0x65,0x20,0x3e,0x20,0x33,
    0x2e,0x35,0x29,0x20,0x26,0x26,0x20,0x28,0x6d,0x6f,0x64,0x65,0x20,0x3c,0x20,0x34,
    0x2e,0x35,0x29,0x29,0x0a,0x20,0x20,0x20,0x20,0x7b,0x0a,0x20,0x20,0x20,0x20,0x20,
    0x20,0x20,0x20,0x72,0x65,0x74,0x75,0x72,0x6e,0x20,0x73,0x72,0x63,0x2e,0x7a,0x3b,
    0x0a,0x20,0x20,0x20,0x20,0x7d,0x0a,0x20,0x20,0x20,0x20,0x69,0x66,0x20,0x28,0x28,
    0x6d,0x6f,0x64,0x65,0x20,0x3e,0x20,0x34,0x2e,0x35,0x29,0x20,0x26,0x26,0x20,0x28,
    0x6d,0x6f,0x64,0x65,0x20,0x3c,0x20,0x35,0x2e,0x35,0x29,0x29,0x0a,0x20,0x20,0x20,
    0x20,0x7b,0x0a,0x20,0x20,0x20,0x20,0x20,0x20,0x20,0x20,0x72,0x65,0x74,0x75,0x72,
    0x6e,0x20,0x66,0x61,0x73,0x74,0x3a,0x3a,0x6d,0x61,0x78,0x28,0x66,0x61,0x73,0x74,
    0x3a,0x3a,0x6d,0x61,0x78,0x28,0x73,0x72,0x63,0x2e,0x78,0x2c,0x20,0x73,0x72,0x63,
    0x2e,0x79,0x29,0x2c,0x20,0x73,0x72,0x63,0x2e,0x7a,0x29,0x3b,0x0a,0x20,0x20,0x20,
    0x20,0x7d,0x0a,0x20,0x20,0x20,0x20,0x69,0x66,0x20,0x28,0x6d,0x6f,0x64,0x65,0x20,
    0x3e,0x20,0x35,0x2e,0x35,0x29,0x0a,0x20,0x20,0x20,0x20,0x7b,0x0a,0x20,0x20,0x20,
    0x20,0x20,0x20,0x20,0x20,0x66,0x6c,0x6f,0x61,0x74,0x33,0x20,0x70,0x61,0x72,0x61,
    0x6d,0x5f,0x32,0x20,0x3d,0x20,0x73,0x72,0x63,0x2e,0x78,0x79,0x7a,0x3b,0x0a,0x20,
    0x20,0x20,0x20,0x20,0x20,0x20,0x20,0x72,0x65,0x74,0x75,0x72,0x6e,0x20,0x62,0x72,
    0x69,0x64,0x67,0x65,0x5f,0x73,0x61,0x74,0x75,0x72,0x61,0x74,0x69,0x6f,0x6e,0x28,
    0x70,0x61,0x72,0x61,0x6d,0x5f,0x32,0x29,0x3b,0x0a,0x20,0x20,0x20,0x20,0x7d,0x0a,
    0x20,0x20,0x20,0x20,0x72,0x65,0x74,0x75,0x72,0x6e,0x20,0x69,0x6e,0x74,0x65,0x6e,
    0x73,0x69,0x74,0x79,0x3b,0x0a,0x7d,0x0a,0x0a,0x73,0x74,0x61,0x74,0x69,0x63,0x20,
    0x69,0x6e,0x6c,0x69,0x6e,0x65,0x20,0x5f,0x5f,0x61,0x74,0x74,0x72,0x69,0x62,0x75,
    0x74,0x65,0x5f,0x5f,0x28,0x28,0x61,0x6c,0x77,0x61,0x79,0x73,0x5f,0x69,0x6e,0x6c,
    0x69,0x6e,0x65,0x29,0x29,0x0a,0x66,0x6c,0x6f,0x61,0x74,0x20,0x62,0x72,0x69,0x64,
    0x67,0x65,0x5f,0x6d,0x61,0x73,0x6b,0x5f,0x67,0x61,0x6d,0x6d,0x61,0x28,0x63,0x6f,
    0x6e,0x73,0x74,0x61,0x6e,0x74,0x20,0x62,0x72,0x69,0x64,0x67,0x65,0x5f,0x70,0x61,
    0x72,0x61,0x6d,0x73,0x26,0x20,0x5f,0x35,0x37,0x29,0x0a,0x7b,0x0a,0x20,0x20,0x20,
    0x20,0x72,0x65,0x74,0x75,0x72,0x6e,0x20,0x66,0x61,0x73,0x74,0x3a,0x3a,0x6d,0x61,
    0x78,0x28,0x5f,0x35,0x37,0x2e,0x74,0x65,0x78,0x65,0x6c,0x2e,0x77,0x2c,0x20,0x39,
    0x2e,0x39,0x39,0x39,0x39,0x39,0x39,0x37,0x34,0x37,0x33,0x37,0x38,0x37,0x35,0x31,
    0x36,0x33,0x35,0x35,0x35,0x31,0x34,0x35,0x32,0x36,0x33,0x36,0x37,0x31,0x38,0x38,
    0x65,0x2d,0x30,0x35,0x29,0x3b,0x0a,0x7d,0x0a,0x0a,0x73,0x74,0x61,0x74,0x69,0x63,
    0x20,0x69,0x6e,0x6c,0x69,0x6e,0x65,0x20,0x5f,0x5f,0x61,0x74,0x74,0x72,0x69,0x62,
    0x75,0x74,0x65,0x5f,0x5f,0x28,0x28,0x61,0x6c,0x77,0x61,0x79,0x73,0x5f,0x69,0x6e,
    0x6c,0x69,0x6e,0x65,0x29,0x29,0x0a,0x66,0x6c,0x6f,0x61,0x74,0x20,0x62,0x72,0x69,
    0x64,0x67,0x65,0x5f,0x73,0x6f,0x66,0x74,0x5f,0x6d,0x61,0x73,0x6b,0x28,0x74,0x68,
    0x72,0x65,0x61,0x64,0x20,0x63,0x6f,0x6e,0x73,0x74,0x20,0x66,0x6c,0x6f,0x61,0x74,
    0x26,0x20,0x76,0x61,0x6c,0x75,0x65,0x2c,0x20,0x63,0x6f,0x6e,0x73,0x74,0x61,0x6e,
    0x74,0x20,0x62,0x72,0x69,0x64,0x67,0x65,0x5f,0x70,0x61,0x72,0x61,0x6d,0x73,0x26,
    0x20,0x5f,0x35,0x37,0x29,0x0a,0x7b,0x0a,0x20,0x20,0x20,0x20,0x66,0x6c,0x6f,0x61,
    0x74,0x20,0x5f,0x32,0x35,0x34,0x20,0x3d,0x20,0x66,0x61,0x73,0x74,0x3a,0x3a,0x6d,
    0x61,0x78,0x28,0x5f,0x35,0x37,0x2e,0x74,0x65,0x78,0x65,0x6c,0x2e,0x7a,0x2c,0x20,
    0x30,0x2e,0x30,0x29,0x3b,0x0a,0x20,0x20,0x20,0x20,0x66,0x6c,0x6f,0x61,0x74,0x20,
    0x5f,0x32,0x35,0x39,0x3b,0x0a,0x20,0x20,0x20,0x20,0x69,0x66,0x20,0x28,0x5f,0x32,
    0x35,0x34,0x20,0x3c,0x3d,0x20,0x39,0x2e,0x39,0x39,0x39,0x39,0x39,0x39,0x37,0x34,
    0x37,0x33,0x37,0x38,0x37,0x35,0x31,0x36,0x33,0x35,0x35,0x35,0x31,0x34,0x35,0x32,
    0x36,0x33,0x36,0x37,0x31,0x38,0x38,0x65,0x2d,0x30,0x36,0x29,0x0a,0x20,0x20,0x20,
    0x20,0x7b,0x0a,0x20,0x20,0x20,0x20,0x20,0x20,0x20,0x20,0x5f,0x32,0x35,0x39,0x20,
    0x3d,0x20,0x73,0x74,0x65,0x70,0x28,0x5f,0x35,0x37,0x2e,0x6f,0x70,0x74,0x69,0x6f,
    0x6e,0x73,0x2e,0x79,0x2c,0x20,0x76,0x61,0x6c,0x75,0x65,0x29,0x3b,0x0a,0x20,0x20,
    0x20,0x20,0x7d,0x0a,0x20,0x20,0x20,0x20,0x65,0x6c,0x73,0x65,0x0a,0x20,0x20,0x20,
    0x20,0x7b,0x0a,0x20,0x20,0x20,0x20,0x20,0x20,0x20,0x20,0x66,0x6c,0x6f,0x61,0x74,
    0x20,0x5f,0x32,0x37,0x30,0x20,0x3d,0x20,0x5f,0x32,0x35,0x34,0x20,0x2a,0x20,0x30,
    0x2e,0x35,0x3b,0x0a,0x20,0x20,0x20,0x20,0x20,0x20,0x20,0x20,0x5f,0x32,0x35,0x39,
    0x20,0x3d,0x20,0x73,0x6d,0x6f,0x6f,0x74,0x68,0x73,0x74,0x65,0x70,0x28,0x5f,0x35,
    0x37,0x2e,0x6f,0x70,0x74,0x69,0x6f,0x6e,0x73,0x2e,0x79,0x20,0x2d,0x20,0x5f,0x32,
    0x37,0x30,0x2c,0x20,0x5f,0x35,0x37,0x2e,0x6f,0x70,0x74,0x69,0x6f,0x6e,0x73,0x2e,
    0x79,0x20,0x2b,0x20,0x5f,0x32,0x37,0x30,0x2c,0x20,0x76,0x61,0x6c,0x75,0x65,0x29,
    0x3b,0x0a,0x20,0x20,0x20,0x20,0x7d,0x0a,0x20,0x20,0x20,0x20,0x72,0x65,0x74,0x75,
    0x72,0x6e,0x20,0x70,0x6f,0x77,0x72,0x28,0x66,0x61,0x73,0x74,0x3a,0x3a,0x63,0x6c,
    0x61,0x6d,0x70,0x28,0x5f,0x32,0x35,0x39,0x2c,0x20,0x30,0x2e,0x30,0x2c,0x20,0x31,
    0x2e,0x30,0x29,0x2c,0x20,0x31,0x2e,0x30,0x20,0x2f,0x20,0x62,0x72,0x69,0x64,0x67,
    0x65,0x5f,0x6d,0x61,0x73,0x6b,0x5f,0x67,0x61,0x6d,0x6d,0x61,0x28,0x5f,0x35,0x37,
    0x29,0x29,0x3b,0x0a,0x7d,0x0a,0x0a,0x66,0x72,0x61,0x67,0x6d,0x65,0x6e,0x74,0x20,
    0x6d,0x61,0x69,0x6e,0x30,0x5f,0x6f,0x75,0x74,0x20,0x6d,0x61,0x69,0x6e,0x30,0x28,
    0x6d,0x61,0x69,0x6e,0x30,0x5f,0x69,0x6e,0x20,0x69,0x6e,0x20,0x5b,0x5b,0x73,0x74,
    0x61,0x67,0x65,0x5f,0x69,0x6e,0x5d,0x5d,0x2c,0x20,0x63,0x6f,0x6e,0x73,0x74,0x61,
    0x6e,0x74,0x20,0x62,0x72,0x69,0x64,0x67,0x65,0x5f,0x70,0x61,0x72,0x61,0x6d,0x73,
    0x26,0x20,0x5f,0x35,0x37,0x20,0x5b,0x5b,0x62,0x75,0x66,0x66,0x65,0x72,0x28,0x30,
    0x29,0x5d,0x5d,0x2c,0x20,0x74,0x65,0x78,0x74,0x75,0x72,0x65,0x32,0x64,0x3c,0x66,
    0x6c,0x6f,0x61,0x74,0x3e,0x20,0x62,0x72,0x69,0x64,0x67,0x65,0x49,0x6e,0x70,0x75,
    0x74,0x54,0x65,0x78,0x20,0x5b,0x5b,0x74,0x65,0x78,0x74,0x75,0x72,0x65,0x28,0x30,
    0x29,0x5d,0x5d,0x2c,0x20,0x73,0x61,0x6d,0x70,0x6c,0x65,0x72,0x20,0x62,0x72,0x69,
    0x64,0x67,0x65,0x49,0x6e,0x70,0x75,0x74,0x53,0x6d,0x70,0x20,0x5b,0x5b,0x73,0x61,
    0x6d,0x70,0x6c,0x65,0x72,0x28,0x30,0x29,0x5d,0x5d,0x29,0x0a,0x7b,0x0a,0x20,0x20,
    0x20,0x20,0x6d,0x61,0x69,0x6e,0x30,0x5f,0x6f,0x75,0x74,0x20,0x6f,0x75,0x74,0x20,
    0x3d,0x20,0x7b,0x7d,0x3b,0x0a,0x20,0x20,0x20,0x20,0x66,0x6c,0x6f,0x61,0x74,0x32,
    0x20,0x70,0x61,0x72,0x61,0x6d,0x20,0x3d,0x20,0x69,0x6e,0x2e,0x75,0x76,0x3b,0x0a,
    0x20,0x20,0x20,0x20,0x66,0x6c,0x6f,0x61,0x74,0x34,0x20,0x5f,0x33,0x30,0x33,0x20,
    0x3d,0x20,0x62,0x72,0x69,0x64,0x67,0x65,0x49,0x6e,0x70,0x75,0x74,0x54,0x65,0x78,
    0x2e,0x73,0x61,0x6d,0x70,0x6c,0x65,0x28,0x62,0x72,0x69,0x64,0x67,0x65,0x49,0x6e,
    0x70,0x75,0x74,0x53,0x6d,0x70,0x2c,0x20,0x62,0x72,0x69,0x64,0x67,0x65,0x5f,0x73,
    0x61,0x6d,0x70,0x6c,0x65,0x5f,0x75,0x76,0x28,0x70,0x61,0x72,0x61,0x6d,0x2c,0x20,
    0x5f,0x35,0x37,0x29,0x29,0x3b,0x0a,0x20,0x20,0x20,0x20,0x66,0x6c,0x6f,0x61,0x74,
    0x34,0x20,0x70,0x61,0x72,0x61,0x6d,0x5f,0x31,0x20,0x3d,0x20,0x5f,0x33,0x30,0x33,
    0x3b,0x0a,0x20,0x20,0x20,0x20,0x66,0x6c,0x6f,0x61,0x74,0x20,0x5f,0x33,0x30,0x37,
    0x20,0x3d,0x20,0x62,0x72,0x69,0x64,0x67,0x65,0x5f,0x6c,0x75,0x6d,0x69,0x6e,0x61,
    0x6e,0x63,0x65,0x28,0x70,0x61,0x72,0x61,0x6d,0x5f,0x31,0x2c,0x20,0x5f,0x35,0x37,
    0x29,0x3b,0x0a,0x20,0x20,0x20,0x20,0x66,0x6c,0x6f,0x61,0x74,0x34,0x20,0x70,0x61,
    0x72,0x61,0x6d,0x5f,0x32,0x20,0x3d,0x20,0x5f,0x33,0x30,0x33,0x3b,0x0a,0x20,0x20,
    0x20,0x20,0x66,0x6c,0x6f,0x61,0x74,0x20,0x70,0x61,0x72,0x61,0x6d,0x5f,0x33,0x20,
    0x3d,0x20,0x5f,0x33,0x30,0x37,0x3b,0x0a,0x20,0x20,0x20,0x20,0x66,0x6c,0x6f,0x61,
    0x74,0x20,0x70,0x61,0x72,0x61,0x6d,0x5f,0x34,0x20,0x3d,0x20,0x62,0x72,0x69,0x64,
    0x67,0x65,0x5f,0x6d,0x61,0x73,0x6b,0x5f,0x76,0x61,0x6c,0x75,0x65,0x28,0x70,0x61,
    0x72,0x61,0x6d,0x5f,0x32,0x2c,0x20,0x70,0x61,0x72,0x61,0x6d,0x5f,0x33,0x2c,0x20,
    0x5f,0x35,0x37,0x29,0x3b,0x0a,0x20,0x20,0x20,0x20,0x66,0x6c,0x6f,0x61,0x74,0x20,
    0x5f,0x33,0x32,0x32,0x20,0x3d,0x20,0x28,0x5f,0x33,0x30,0x37,0x20,0x2a,0x20,0x5f,
    0x35,0x37,0x2e,0x6f,0x70,0x74,0x69,0x6f,0x6e,0x73,0x2e,0x78,0x29,0x20,0x2a,0x20,
    0x62,0x72,0x69,0x64,0x67,0x65,0x5f,0x73,0x6f,0x66,0x74,0x5f,0x6d,0x61,0x73,0x6b,
    0x28,0x70,0x61,0x72,0x61,0x6d,0x5f,0x34,0x2c,0x20,0x5f,0x35,0x37,0x29,0x3b,0x0a,
    0x20,0x20,0x20,0x20,0x6f,0x75,0x74,0x2e,0x66,0x72,0x61,0x67,0x5f,0x63,0x6f,0x6c,
    0x6f,0x72,0x20,0x3d,0x20,0x66,0x6c,0x6f,0x61,0x74,0x34,0x28,0x5f,0x35,0x37,0x2e,
    0x63,0x6f,0x6c,0x6f,0x72,0x2e,0x78,0x79,0x7a,0x20,0x2a,0x20,0x5f,0x33,0x32,0x32,
    0x2c,0x20,0x5f,0x33,0x32,0x32,0x29,0x3b,0x0a,0x20,0x20,0x20,0x20,0x72,0x65,0x74,
    0x75,0x72,0x6e,0x20,0x6f,0x75,0x74,0x3b,0x0a,0x7d,0x0a,0x0a,0x00,
};
/*
    #pragma clang diagnostic ignored "-Wmissing-prototypes"

    #include <metal_stdlib>
    #include <simd/simd.h>

    using namespace metal;

    // Implementation of the GLSL mod() function, which is slightly different than Metal fmod()
    template<typename Tx, typename Ty>
    inline Tx mod(Tx x, Ty y)
    {
        return x - y * floor(x / y);
    }

    struct bridge_params
    {
        float4 color;
        float4 resolution;
        float4 texel;
        float4 options;
    };

    struct main0_out
    {
        float4 frag_color [[color(0)]];
    };

    struct main0_in
    {
        float2 uv [[user(locn0)]];
    };

    static inline __attribute__((always_inline))
    float bridge_flag(thread const float& _packed, thread const float& flag)
    {
        return floor(mod(floor(_packed / flag), 2.0));
    }

    static inline __attribute__((always_inline))
    float2 bridge_sample_uv(thread const float2& p, constant bridge_params& _57)
    {
        float param = _57.options.w;
        float param_1 = 4.0;
        float param_2 = _57.options.w;
        float param_3 = 8.0;
        return float2(mix(p.x, 1.0 - p.x, bridge_flag(param, param_1)), mix(p.y, 1.0 - p.y, bridge_flag(param_2, param_3)));
    }

    static inline __attribute__((always_inline))
    float bridge_luminance(thread const float4& src, constant bridge_params& _57)
    {
        float _103 = dot(src.xyz, float3(0.2125999927520751953125, 0.715200006961822509765625, 0.072200000286102294921875));
        float param = _57.options.w;
        float param_1 = 1.0;
        return mix(_103, 1.0 - _103, bridge_flag(param, param_1));
    }

    static inline __attribute__((always_inline))
    float bridge_mask_source_mode(constant bridge_params& _57)
    {
        return floor(_57.options.w * 0.0625);
    }

    static inline __attribute__((always_inline))
    float bridge_saturation(thread const float3& rgb)
    {
        float _131 = fast::max(fast::max(rgb.x, rgb.y), rgb.z);
        float _145;
        if (_131 <= 9.9999999747524270787835121154785e-07)
        {
            _145 = 0.0;
        }
        else
        {
            _145 = (_131 - fast::min(fast::min(rgb.x, rgb.y), rgb.z)) / _131;
        }
        return _145;
    }

    static inline __attribute__((always_inline))
    float bridge_mask_value(thread const float4& src, thread const float& intensity, constant bridge_params& _57)
    {
        float param = _57.options.w;
        float param_1 = 2.0;
        float mode = bridge_mask_source_mode(_57);
        if (bridge_flag(param, param_1) > 0.5)
        {
            mode = 1.0;
        }
        if ((mode > 0.5) && (mode < 1.5))
        {
            return src.w;
        }
        if ((mode > 1.5) && (mode < 2.5))
        {
            return src.x;
        }
        if ((mode > 2.5) && (mode < 3.5))
        {
            return src.y;
        }
        if ((mode > 3.5) && (mode < 4.5))
        {
            return src.z;
        }
        if ((mode > 4.5) && (mode < 5.5))
        {
            return fast::max(fast::max(src.x, src.y), src.z);
        }
        if (mode > 5.5)
        {
            float3 param_2 = src.xyz;
            return bridge_saturation(param_2);
        }
        return intensity;
    }

    static inline __attribute__((always_inline))
    float bridge_mask_gamma(constant bridge_params& _57)
    {
        return fast::max(_57.texel.w, 9.9999997473787516355514526367188e-05);
    }

    static inline __attribute__((always_inline))
    float bridge_soft_mask(thread const float& value, constant bridge_params& _57)
    {
        float _254 = fast::max(_57.texel.z, 0.0);
        float _259;
        if (_254 <= 9.9999997473787516355514526367188e-06)
        {
            _259 = step(_57.options.y, value);
        }
        else
        {
            float _270 = _254 * 0.5;
            _259 = smoothstep(_57.options.y - _270, _57.options.y + _270, value);
        }
        return powr(fast::clamp(_259, 0.0, 1.0), 1.0 / bridge_mask_gamma(_57));
    }

    fragment main0_out main0(main0_in in [[stage_in]], constant bridge_params& _57 [[buffer(0)]], texture2d<float> bridgeInputTex [[texture(0)]], sampler bridgeInputSmp [[sampler(0)]])
    {
        main0_out out = {};
        float2 param = in.uv;
        float4 _303 = bridgeInputTex.sample(bridgeInputSmp, bridge_sample_uv(param, _57));
        float4 param_1 = _303;
        float _307 = bridge_luminance(param_1, _57);
        float4 param_2 = _303;
        float param_3 = _307;
        float param_4 = bridge_mask_value(param_2, param_3, _57);
        out.frag_color = float4((fast::max(_307 - _57.options.y, 0.0) * _57.options.x) * bridge_soft_mask(param_4, _57)) * _57.color;
        return out;
    }

*/
static const uint8_t fs_bridge_temperature_source_metal_macos[4188] = {
    0x23,0x70,0x72,0x61,0x67,0x6d,0x61,0x20,0x63,0x6c,0x61,0x6e,0x67,0x20,0x64,0x69,
    0x61,0x67,0x6e,0x6f,0x73,0x74,0x69,0x63,0x20,0x69,0x67,0x6e,0x6f,0x72,0x65,0x64,
    0x20,0x22,0x2d,0x57,0x6d,0x69,0x73,0x73,0x69,0x6e,0x67,0x2d,0x70,0x72,0x6f,0x74,
    0x6f,0x74,0x79,0x70,0x65,0x73,0x22,0x0a,0x0a,0x23,0x69,0x6e,0x63,0x6c,0x75,0x64,
    0x65,0x20,0x3c,0x6d,0x65,0x74,0x61,0x6c,0x5f,0x73,0x74,0x64,0x6c,0x69,0x62,0x3e,
    0x0a,0x23,0x69,0x6e,0x63,0x6c,0x75,0x64,0x65,0x20,0x3c,0x73,0x69,0x6d,0x64,0x2f,
    0x73,0x69,0x6d,0x64,0x2e,0x68,0x3e,0x0a,0x0a,0x75,0x73,0x69,0x6e,0x67,0x20,0x6e,
    0x61,0x6d,0x65,0x73,0x70,0x61,0x63,0x65,0x20,0x6d,0x65,0x74,0x61,0x6c,0x3b,0x0a,
    0x0a,0x2f,0x2f,0x20,0x49,0x6d,0x70,0x6c,0x65,0x6d,0x65,0x6e,0x74,0x61,0x74,0x69,
    0x6f,0x6e,0x20,0x6f,0x66,0x20,0x74,0x68,0x65,0x20,0x47,0x4c,0x53,0x4c,0x20,0x6d,
    0x6f,0x64,0x28,0x29,0x20,0x66,0x75,0x6e,0x63,0x74,0x69,0x6f,0x6e,0x2c,0x20,0x77,
    0x68,0x69,0x63,0x68,0x20,0x69,0x73,0x20,0x73,0x6c,0x69,0x67,0x68,0x74,0x6c,0x79,
    0x20,0x64,0x69,0x66,0x66,0x65,0x72,0x65,0x6e,0x74,0x20,0x74,0x68,0x61,0x6e,0x20,
    0x4d,0x65,0x74,0x61,0x6c,0x20,0x66,0x6d,0x6f,0x64,0x28,0x29,0x0a,0x74,0x65,0x6d,
    0x70,0x6c,0x61,0x74,0x65,0x3c,0x74,0x79,0x70,0x65,0x6e,0x61,0x6d,0x65,0x20,0x54,
    0x78,0x2c,0x20,0x74,0x79,0x70,0x65,0x6e,0x61,0x6d,0x65,0x20,0x54,0x79,0x3e,0x0a,
    0x69,0x6e,0x6c,0x69,0x6e,0x65,0x20,0x54,0x78,0x20,0x6d,0x6f,0x64,0x28,0x54,0x78,
    0x20,0x78,0x2c,0x20,0x54,0x79,0x20,0x79,0x29,0x0a,0x7b,0x0a,0x20,0x20,0x20,0x20,
    0x72,0x65,0x74,0x75,0x72,0x6e,0x20,0x78,0x20,0x2d,0x20,0x79,0x20,0x2a,0x20,0x66,
    0x6c,0x6f,0x6f,0x72,0x28,0x78,0x20,0x2f,0x20,0x79,0x29,0x3b,0x0a,0x7d,0x0a,0x0a,
    0x73,0x74,0x72,0x75,0x63,0x74,0x20,0x62,0x72,0x69,0x64,0x67,0x65,0x5f,0x70,0x61,
    0x72,0x61,0x6d,0x73,0x0a,0x7b,0x0a,0x20,0x20,0x20,0x20,0x66,0x6c,0x6f,0x61,0x74,
    0x34,0x20,0x63,0x6f,0x6c,0x6f,0x72,0x3b,0x0a,0x20,0x20,0x20,0x20,0x66,0x6c,0x6f,
    0x61,0x74,0x34,0x20,0x72,0x65,0x73,0x6f,0x6c,0x75,0x74,0x69,0x6f,0x6e,0x3b,0x0a,
    0x20,0x20,0x20,0x20,0x66,0x6c,0x6f,0x61,0x74,0x34,0x20,0x74,0x65,0x78,0x65,0x6c,
    0x3b,0x0a,0x20,0x20,0x20,0x20,0x66,0x6c,0x6f,0x61,0x74,0x34,0x20,0x6f,0x70,0x74,
    0x69,0x6f,0x6e,0x73,0x3b,0x0a,0x7d,0x3b,0x0a,0x0a,0x73,0x74,0x72,0x75,0x63,0x74,
    0x20,0x6d,0x61,0x69,0x6e,0x30,0x5f,0x6f,0x75,0x74,0x0a,0x7b,0x0a,0x20,0x20,0x20,
    0x20,0x66,0x6c,0x6f,0x61,0x74,0x34,0x20,0x66,0x72,0x61,0x67,0x5f,0x63,0x6f,0x6c,
    0x6f,0x72,0x20,0x5b,0x5b,0x63,0x6f,0x6c,0x6f,0x72,0x28,0x30,0x29,0x5d,0x5d,0x3b,
    0x0a,0x7d,0x3b,0x0a,0x0a,0x73,0x74,0x72,0x75,0x63,0x74,0x20,0x6d,0x61,0x69,0x6e,
    0x30,0x5f,0x69,0x6e,0x0a,0x7b,0x0a,0x20,0x20,0x20,0x20,0x66,0x6c,0x6f,0x61,0x74,
    0x32,0x20,0x75,0x76,0x20,0x5b,0x5b,0x75,0x73,0x65,0x72,0x28,0x6c,0x6f,0x63,0x6e,
    0x30,0x29,0x5d,0x5d,0x3b,0x0a,0x7d,0x3b,0x0a,0x0a,0x73,0x74,0x61,0x74,0x69,0x63,
    0x20,0x69,0x6e,0x6c,0x69,0x6e,0x65,0x20,0x5f,0x5f,0x61,0x74,0x74,0x72,0x69,0x62,
    0x75,0x74,0x65,0x5f,0x5f,0x28,0x28,0x61,0x6c,0x77,0x61,0x79,0x73,0x5f,0x69,0x6e,
    0x6c,0x69,0x6e,0x65,0x29,0x29,0x0a,0x66,0x6c,0x6f,0x61,0x74,0x20,0x62,0x72,0x69,
    0x64,0x67,0x65,0x5f,0x66,0x6c,0x61,0x67,0x28,0x74,0x68,0x72,0x65,0x61,0x64,0x20,
    0x63,0x6f,0x6e,0x73,0x74,0x20,0x66,0x6c,0x6f,0x61,0x74,0x26,0x20,0x5f,0x70,0x61,
    0x63,0x6b,0x65,0x64,0x2c,0x20,0x74,0x68,0x72,0x65,0x61,0x64,0x20,0x63,0x6f,0x6e,
    0x73,0x74,0x20,0x66,0x6c,0x6f,0x61,0x74,0x26,0x20,0x66,0x6c,0x61,0x67,0x29,0x0a,
    0x7b,0x0a,0x20,0x20,0x20,0x20,0x72,0x65,0x74,0x75,0x72,0x6e,0x20,0x66,0x6c,0x6f,
    0x6f,0x72,0x28,0x6d,0x6f,0x64,0x28,0x66,0x6c,0x6f,0x6f,0x72,0x28,0x5f,0x70,0x61,
    0x63,0x6b,0x65,0x64,0x20,0x2f,0x20,0x66,0x6c,0x61,0x67,0x29,0x2c,0x20,0x32,0x2e,
    0x30,0x29,0x29,0x3b,0x0a,0x7d,0x0a,0x0a,0x73,0x74,0x61,0x74,0x69,0x63,0x20,0x69,
    0x6e,0x6c,0x69,0x6e,0x65,0x20,0x5f,0x5f,0x61,0x74,0x74,0x72,0x69,0x62,0x75,0x74,
    0x65,0x5f,0x5f,0x28,0x28,0x61,0x6c,0x77,0x61,0x79,0x73,0x5f,0x69,0x6e,0x6c,0x69,
    0x6e,0x65,0x29,0x29,0x0a,0x66,0x6c,0x6f,0x61,0x74,0x32,0x20,0x62,0x72,0x69,0x64,
    0x67,0x65,0x5f,0x73,0x61,0x6d,0x70,0x6c,0x65,0x5f,0x75,0x76,0x28,0x74,0x68,0x72,
    0x65,0x61,0x64,0x20,0x63,0x6f,0x6e,0x73,0x74,0x20,0x66,0x6c,0x6f,0x61,0x74,0x32,
    0x26,0x20,0x70,0x2c,0x20,0x63,0x6f,0x6e,0x73,0x74,0x61,0x6e,0x74,0x20,0x62,0x72,
    0x69,0x64,0x67,0x65,0x5f,0x70,0x61,0x72,0x61,0x6d,0x73,0x26,0x20,0x5f,0x35,0x37,
    0x29,0x0a,0x7b,0x0a,0x20,0x20,0x20,0x20,0x66,0x6c,0x6f,0x61,0x74,0x20,0x70,0x61,
    0x72,0x61,0x6d,0x20,0x3d,0x20,0x5f,0x35,0x37,0x2e,0x6f,0x70,0x74,0x69,0x6f,0x6e,
    0x73,0x2e,0x77,0x3b,0x0a,0x20,0x20,0x20,0x20,0x66,0x6c,0x6f,0x61,0x74,0x20,0x70,
    0x61,0x72,0x61,0x6d,0x5f,0x31,0x20,0x3d,0x20,0x34,0x2e,0x30,0x3b,0x0a,0x20,0x20,
    0x20,0x20,0x66,0x6c,0x6f,0x61,0x74,0x20,0x70,0x61,0x72,0x61,0x6d,0x5f,0x32,0x20,
    0x3d,0x20,0x5f,0x35,0x37,0x2e,0x6f,0x70,0x74,0x69,0x6f,0x6e,0x73,0x2e,0x77,0x3b,
    0x0a,0x20,0x20,0x20,0x20,0x66,0x6c,0x6f,0x61,0x74,0x20,0x70,0x61,0x72,0x61,0x6d,
    0x5f,0x33,0x20,0x3d,0x20,0x38,0x2e,0x30,0x3b,0x0a,0x20,0x20,0x20,0x20,0x72,0x65,
    0x74,0x75,0x72,0x6e,0x20,0x66,0x6c,0x6f,0x61,0x74,0x32,0x28,0x6d,0x69,0x78,0x28,
    0x70,0x2e,0x78,0x2c,0x20,0x31,0x2e,0x30,0x20,0x2d,0x20,0x70,0x2e,0x78,0x2c,0x20,
    0x62,0x72,0x69,0x64,0x67,0x65,0x5f,0x66,0x6c,0x61,0x67,0x28,0x70,0x61,0x72,0x61,
    0x6d,0x2c,0x20,0x70,0x61,0x72,0x61,0x6d,0x5f,0x31,0x29,0x29,0x2c,0x20,0x6d,0x69,
    0x78,0x28,0x70,0x2e,0x79,0x2c,0x20,0x31,0x2e,0x30,0x20,0x2d,0x20,0x70,0x2e,0x79,
    0x2c,0x20,0x62,0x72,0x69,0x64,0x67,0x65,0x5f,0x66,0x6c,0x61,0x67,0x28,0x70,0x61,
    0x72,0x61,0x6d,0x5f,0x32,0x2c,0x20,0x70,0x61,0x72,0x61,0x6d,0x5f,0x33,0x29,0x29,
    0x29,0x3b,0x0a,0x7d,0x0a,0x0a,0x73,0x74,0x61,0x74,0x69,0x63,0x20,0x69,0x6e,0x6c,
    0x69,0x6e,0x65,0x20,0x5f,0x5f,0x61,0x74,0x74,0x72,0x69,0x62,0x75,0x74,0x65,0x5f,
    0x5f,0x28,0x28,0x61,0x6c,0x77,0x61,0x79,0x73,0x5f,0x69,0x6e,0x6c,0x69,0x6e,0x65,
    0x29,0x29,0x0a,0x66,0x6c,0x6f,0x61,0x74,0x20,0x62,0x72,0x69,0x64,0x67,0x65,0x5f,
    0x6c,0x75,0x6d,0x69,0x6e,0x61,0x6e,0x63,0x65,0x28,0x74,0x68,0x72,0x65,0x61,0x64,
    0x20,0x63,0x6f,0x6e,0x73,0x74,0x20,0x66,0x6c,0x6f,0x61,0x74,0x34,0x26,0x20,0x73,
    0x72,0x63,0x2c,0x20,0x63,0x6f,0x6e,0x73,0x74,0x61,0x6e,0x74,0x20,0x62,0x72,0x69,
    0x64,0x67,0x65,0x5f,0x70,0x61,0x72,0x61,0x6d,0x73,0x26,0x20,0x5f,0x35,0x37,0x29,
    0x0a,0x7b,0x0a,0x20,0x20,0x20,0x20,0x66,0x6c,0x6f,0x61,0x74,0x20,0x5f,0x31,0x30,
    0x33,0x20,0x3d,0x20,0x64,0x6f,0x74,0x28,0x73,0x72,0x63,0x2e,0x78,0x79,0x7a,0x2c,
    0x20,0x66,0x6c,0x6f,0x61,0x74,0x33,0x28,0x30,0x2e,0x32,0x31,0x32,0x35,0x39,0x39,
    0x39,0x39,0x32,0x37,0x35,0x32,0x30,0x37,0x35,0x31,0x39,0x35,0x33,0x31,0x32,0x35,
    0x2c,0x20,0x30,0x2e,0x37,0x31,0x35,0x32,0x30,0x30,0x30,0x30,0x36,0x39,0x36,0x31,
    0x38,0x32,0x32,0x35,0x30,0x39,0x37,0x36,0x35,0x36,0x32,0x35,0x2c,0x20,0x30,0x2e,
    0x30,0x37,0x32,0x32,0x30,0x30,0x30,0x30,0x30,0x32,0x38,0x36,0x31,0x30,0x32,0x32,
    0x39,0x34,0x39,0x32,0x31,0x38,0x37,0x35,0x29,0x29,0x3b,0x0a,0x20,0x20,0x20,0x20,
    0x66,0x6c,0x6f,0x61,0x74,0x20,0x70,0x61,0x72,0x61,0x6d,0x20,0x3d,0x20,0x5f,0x35,
    0x37,0x2e,0x6f,0x70,0x74,0x69,0x6f,0x6e,0x73,0x2e,0x77,0x3b,0x0a,0x20,0x20,0x20,
    0x20,0x66,0x6c,0x6f,0x61,0x74,0x20,0x70,0x61,0x72,0x61,0x6d,0x5f,0x31,0x20,0x3d,
    0x20,0x31,0x2e,0x30,0x3b,0x0a,0x20,0x20,0x20,0x20,0x72,0x65,0x74,0x75,0x72,0x6e,
    0x20,0x6d,0x69,0x78,0x28,0x5f,0x31,0x30,0x33,0x2c,0x20,0x31,0x2e,0x30,0x20,0x2d,
    0x20,0x5f,0x31,0x30,0x33,0x2c,0x20,0x62,0x72,0x69,0x64,0x67,0x65,0x5f,0x66,0x6c,
    0x61,0x67,0x28,0x70,0x61,0x72,0x61,0x6d,0x2c,0x20,0x70,0x61,0x72,0x61,0x6d,0x5f,
    0x31,0x29,0x29,0x3b,0x0a,0x7d,0x0a,0x0a,0x73,0x74,0x61,0x74,0x69,0x63,0x20,0x69,
    0x6e,0x6c,0x69,0x6e,0x65,0x20,0x5f,0x5f,0x61,0x74,0x74,0x72,0x69,0x62,0x75,0x74,
    0x65,0x5f,0x5f,0x28,0x28,0x61,0x6c,0x77,0x61,0x79,0x73,0x5f,0x69,0x6e,0x6c,0x69,
    0x6e,0x65,0x29,0x29,0x0a,0x66,0x6c,0x6f,0x61,0x74,0x20,0x62,0x72,0x69,0x64,0x67,
    0x65,0x5f,0x6d,0x61,0x73,0x6b,0x5f,0x73,0x6f,0x75,0x72,0x63,0x65,0x5f,0x6d,0x6f,
    0x64,0x65,0x28,0x63,0x6f,0x6e,0x73,0x74,0x61,0x6e,0x74,0x20,0x62,0x72,0x69,0x64,
    0x67,0x65,0x5f,0x70,0x61,0x72,0x61,0x6d,0x73,0x26,0x20,0x5f,0x35,0x37,0x29,0x0a,
    0x7b,0x0a,0x20,0x20,0x20,0x20,0x72,0x65,0x74,0x75,0x72,0x6e,0x20,0x66,0x6c,0x6f,
    0x6f,0x72,0x28,0x5f,0x35,0x37,0x2e,0x6f,0x70,0x74,0x69,0x6f,0x6e,0x73,0x2e,0x77,
    0x20,0x2a,0x20,0x30,0x2e,0x30,0x36,0x32,0x35,0x29,0x3b,0x0a,0x7d,0x0a,0x0a,0x73,
    0x74,0x61,0x74,0x69,0x63,0x20,0x69,0x6e,0x6c,0x69,0x6e,0x65,0x20,0x5f,0x5f,0x61,
    0x74,0x74,0x72,0x69,0x62,0x75,0x74,0x65,0x5f,0x5f,0x28,0x28,0x61,0x6c,0x77,0x61,
    0x79,0x73,0x5f,0x69,0x6e,0x6c,0x69,0x6e,0x65,0x29,0x29,0x0a,0x66,0x6c,0x6f,0x61,
    0x74,0x20,0x62,0x72,0x69,0x64,0x67,0x65,0x5f,0x73,0x61,0x74,0x75,0x72,0x61,0x74,
    0x69,0x6f,0x6e,0x28,0x74,0x68,0x72,0x65,0x61,0x64,0x20,0x63,0x6f,0x6e,0x73,0x74,
    0x20,0x66,0x6c,0x6f,0x61,0x74,0x33,0x26,0x20,0x72,0x67,0x62,0x29,0x0a,0x7b,0x0a,
    0x20,0x20,0x20,0x20,0x66,0x6c,0x6f,0x61,0x74,0x20,0x5f,0x31,0x33,0x31,0x20,0x3d,
    0x20,0x66,0x61,0x73,0x74,0x3a,0x3a,0x6d,0x61,0x78,0x28,0x66,0x61,0x73,0x74,0x3a,
    0x3a,0x6d,0x61,0x78,0x28,0x72,0x67,0x62,0x2e,0x78,0x2c,0x20,0x72,0x67,0x62,0x2e,
    0x79,0x29,0x2c,0x20,0x72,0x67,0x62,0x2e,0x7a,0x29,0x3b,0x0a,0x20,0x20,0x20,0x20,
    0x66,0x6c,0x6f,0x61,0x74,0x20,0x5f,0x31,0x34,0x35,0x3b,0x0a,0x20,0x20,0x20,0x20,
    0x69,0x66,0x20,0x28,0x5f,0x31,0x33,0x31,0x20,0x3c,0x3d,0x20,0x39,0x2e,0x39,0x39,
    0x39,0x39,0x39,0x39,0x39,0x37,0x34,0x37,0x35,0x32,0x34,0x32,0x37,0x30,0x37,0x38,
    0x37,0x38,0x33,0x35,0x31,0x32,0x31,0x31,0x35,0x34,0x37,0x38,0x35,0x65,0x2d,0x30,
    0x37,0x29,0x0a,0x20,0x20,0x20,0x20,0x7b,0x0a,0x20,0x20,0x20,0x20,0x20,0x20,0x20,
    0x20,0x5f,0x31,0x34,0x35,0x20,0x3d,0x20,0x30,0x2e,0x30,0x3b,0x0a,0x20,0x20,0x20,
    0x20,0x7d,0x0a,0x20,0x20,0x20,0x20,0x65,0x6c,0x73,0x65,0x0a,0x20,0x20,0x20,0x20,
    0x7b,0x0a,0x20,0x20,0x20,0x20,0x20,0x20,0x20,0x20,0x5f,0x31,0x34,0x35,0x20,0x3d,
    0x20,0x28,0x5f,0x31,0x33,0x31,0x20,0x2d,0x20,0x66,0x61,0x73,0x74,0x3a,0x3a,0x6d,
    0x69,0x6e,0x28,0x66,0x61,0x73,0x74,0x3a,0x3a,0x6d,0x69,0x6e,0x28,0x72,0x67,0x62,
    0x2e,0x78,0x2c,0x20,0x72,0x67,0x62,0x2e,0x79,0x29,0x2c,0x20,0x72,0x67,0x62,0x2e,
    0x7a,0x29,0x29,0x20,0x2f,0x20,0x5f,0x31,0x33,0x31,0x3b,0x0a,0x20,0x20,0x20,0x20,
    0x7d,0x0a,0x20,0x20,0x20,0x20,0x72,0x65,0x74,0x75,0x72,0x6e,0x20,0x5f,0x31,0x34,
    0x35,0x3b,0x0a,0x7d,0x0a,0x0a,0x73,0x74,0x61,0x74,0x69,0x63,0x20,0x69,0x6e,0x6c,
    0x69,0x6e,0x65,0x20,0x5f,0x5f,0x61,0x74,0x74,0x72,0x69,0x62,0x75,0x74,0x65,0x5f,
    0x5f,0x28,0x28,0x61,0x6c,0x77,0x61,0x79,0x73,0x5f,0x69,0x6e,0x6c,0x69,0x6e,0x65,
    0x29,0x29,0x0a,0x66,0x6c,0x6f,0x61,0x74,0x20,0x62,0x72,0x69,0x64,0x67,0x65,0x5f,
    0x6d,0x61,0x73,0x6b,0x5f,0x76,0x61,0x6c,0x75,0x65,0x28,0x74,0x68,0x72,0x65,0x61,
    0x64,0x20,0x63,0x6f,0x6e,0x73,0x74,0x20,0x66,0x6c,0x6f,0x61,0x74,0x34,0x26,0x20,
    0x73,0x72,0x63,0x2c,0x20,0x74,0x68,0x72,0x65,0x61,0x64,0x20,0x63,0x6f,0x6e,0x73,
    0x74,0x20,0x66,0x6c,0x6f,0x61,0x74,0x26,0x20,0x69,0x6e,0x74,0x65,0x6e,0x73,0x69,
    0x74,0x79,0x2c,0x20,0x63,0x6f,0x6e,0x73,0x74,0x61,0x6e,0x74,0x20,0x62,0x72,0x69,
    0x64,0x67,0x65,0x5f,0x70,0x61,0x72,0x61,0x6d,0x73,0x26,0x20,0x5f,0x35,0x37,0x29,
    0x0a,0x7b,0x0a,0x20,0x20,0x20,0x20,0x66,0x6c,0x6f,0x61,0x74,0x20,0x70,0x61,0x72,
    0x61,0x6d,0x20,0x3d,0x20,0x5f,0x35,0x37,0x2e,0x6f,0x70,0x74,0x69,0x6f,0x6e,0x73,
    0x2e,0x77,0x3b,0x0a,0x20,0x20,0x20,0x20,0x66,0x6c,0x6f,0x61,0x74,0x20,0x70,0x61,
    0x72,0x61,0x6d,0x5f,0x31,0x20,0x3d,0x20,0x32,0x2e,0x30,0x3b,0x0a,0x20,0x20,0x20,
    0x20,0x66,0x6c,0x6f,0x61,0x74,0x20,0x6d,0x6f,0x64,0x65,0x20,0x3d,0x20,0x62,0x72,
    0x69,0x64,0x67,0x65,0x5f,0x6d,0x61,0x73,0x6b,0x5f,0x73,0x6f,0x75,0x72,0x63,0x65,
    0x5f,0x6d,0x6f,0x64,0x65,0x28,0x5f,0x35,0x37,0x29,0x3b,0x0a,0x20,0x20,0x20,0x20,
    0x69,0x66,0x20,0x28,0x62,0x72,0x69,0x64,0x67,0x65,0x5f,0x66,0x6c,0x61,0x67,0x28,
    0x70,0x61,0x72,0x61,0x6d,0x2c,0x20,0x70,0x61,0x72,0x61,0x6d,0x5f,0x31,0x29,0x20,
    0x3e,0x20,0x30,0x2e,0x35,0x29,0x0a,0x20,0x20,0x20,0x20,0x7b,0x0a,0x20,0x20,0x20,
    0x20,0x20,0x20,0x20,0x20,0x6d,0x6f,0x64,0x65,0x20,0x3d,0x20,0x31,0x2e,0x30,0x3b,
    0x0a,0x20,0x20,0x20,0x20,0x7d,0x0a,0x20,0x20,0x20,0x20,0x69,0x66,0x20,0x28,0x28,
    0x6d,0x6f,0x64,0x65,0x20,0x3e,0x20,0x30,0x2e,0x35,0x29,0x20,0x26,0x26,0x20,0x28,
    0x6d,0x6f,0x64,0x65,0x20,0x3c,0x20,0x31,0x2e,0x35,0x29,0x29,0x0a,0x20,0x20,0x20,
    0x20,0x7b,0x0a,0x20,0x20,0x20,0x20,0x20,0x20,0x20,0x20,0x72,0x65,0x74,0x75,0x72,
    0x6e,0x20,0x73,0x72,0x63,0x2e,0x77,0x3b,0x0a,0x20,0x20,0x20,0x20,0x7d,0x0a,0x20,
    0x20,0x20,0x20,0x69,0x66,0x20,0x28,0x28,0x6d,0x6f,0x64,0x65,0x20,0x3e,0x20,0x31,
    0x2e,0x35,0x29,0x20,0x26,0x26,0x20,0x28,0x6d,0x6f,0x64,0x65,0x20,0x3c,0x20,0x32,
    0x2e,0x35,0x29,0x29,0x0a,0x20,0x20,0x20,0x20,0x7b,0x0a,0x20,0x20,0x20,0x20,0x20,
    0x20,0x20,0x20,0x72,0x65,0x74,0x75,0x72,0x6e,0x20,0x73,0x72,0x63,0x2e,0x78,0x3b,
    0x0a,0x20,0x20,0x20,0x20,0x7d,0x0a,0x20,0x20,0x20,0x20,0x69,0x66,0x20,0x28,0x28,
    0x6d,0x6f,0x64,0x65,0x20,0x3e,0x20,0x32,0x2e,0x35,0x29,0x20,0x26,0x26,0x20,0x28,
    0x6d,0x6f,0x64,0x65,0x20,0x3c,0x20,0x33,0x2e,0x35,0x29,0x29,0x0a,0x20,0x20,0x20,
    0x20,0x7b,0x0a,0x20,0x20,0x20,0x20,0x20,0x20,0x20,0x20,0x72,0x65,0x74,0x75,0x72,
    0x6e,0x20,0x73,0x72,0x63,0x2e,0x79,0x3b,0x0a,0x20,0x20,0x20,0x20,0x7d,0x0a,0x20,
    0x20,0x20,0x20,0x69,0x66,0x20,0x28,0x28,0x6d,0x6f,0x64,0x65,0x20,0x3e,0x20,0x33,
    0x2e,0x35,0x29,0x20,0x26,0x26,0x20,0x28,0x6d,0x6f,0x64,0x65,0x20,0x3c,0x20,0x34,
    0x2e,0x35,0x29,0x29,0x0a,0x20,0x20,0x20,0x20,0x7b,0x0a,0x20,0x20,0x20,0x20,0x20,
    0x20,0x20,0x20,0x72,0x65,0x74,0x75,0x72,0x6e,0x20,0x73,0x72,0x63,0x2e,0x7a,0x3b,
    0x0a,0x20,0x20,0x20,0x20,0x7d,0x0a,0x20,0x20,0x20,0x20,0x69,0x66,0x20,0x28,0x28,
    0x6d,0x6f,0x64,0x65,0x20,0x3e,0x20,0x34,0x2e,0x35,0x29,0x20,0x26,0x26,0x20,0x28,
    0x6d,0x6f,0x64,0x65,0x20,0x3c,0x20,0x35,0x2e,0x35,0x29,0x29,0x0a,0x20,0x20,0x20,
    0x20,0x7b,0x0a,0x20,0x20,0x20,0x20,0x20,0x20,0x20,0x20,0x72,0x65,0x74,0x75,0x72,
    0x6e,0x20,0x66,0x61,0x73,0x74,0x3a,0x3a,0x6d,0x61,0x78,0x28,0x66,0x61,0x73,0x74,
    0x3a,0x3a,0x6d,0x61,0x78,0x28,0x73,0x72,0x63,0x2e,0x78,0x2c,0x20,0x73,0x72,0x63,
    0x2e,0x79,0x29,0x2c,0x20,0x73,0x72,0x63,0x2e,0x7a,0x29,0x3b,0x0a,0x20,0x20,0x20,
    0x20,0x7d,0x0a,0x20,0x20,0x20,0x20,0x69,0x66,0x20,0x28,0x6d,0x6f,0x64,0x65,0x20,
    0x3e,0x20,0x35,0x2e,0x35,0x29,0x0a,0x20,0x20,0x20,0x20,0x7b,0x0a,0x20,0x20,0x20,
    0x20,0x20,0x20,0x20,0x20,0x66,0x6c,0x6f,0x61,0x74,0x33,0x20,0x70,0x61,0x72,0x61,
    0x6d,0x5f,0x32,0x20,0x3d,0x20,0x73,0x72,0x63,0x2e,0x78,0x79,0x7a,0x3b,0x0a,0x20,
    0x20,0x20,0x20,0x20,0x20,0x20,0x20,0x72,0x65,0x74,0x75,0x72,0x6e,0x20,0x62,0x72,
    0x69,0x64,0x67,0x65,0x5f,0x73,0x61,0x74,0x75,0x72,0x61,0x74,0x69,0x6f,0x6e,0x28,
    0x70,0x61,0x72,0x61,0x6d,0x5f,0x32,0x29,0x3b,0x0a,0x20,0x20,0x20,0x20,0x7d,0x0a,
    0x20,0x20,0x20,0x20,0x72,0x65,0x74,0x75,0x72,0x6e,0x20,0x69,0x6e,0x74,0x65,0x6e,
    0x73,0x69,0x74,0x79,0x3b,0x0a,0x7d,0x0a,0x0a,0x73,0x74,0x61,0x74,0x69,0x63,0x20,
    0x69,0x6e,0x6c,0x69,0x6e,0x65,0x20,0x5f,0x5f,0x61,0x74,0x74,0x72,0x69,0x62,0x75,
    0x74,0x65,0x5f,0x5f,0x28,0x28,0x61,0x6c,0x77,0x61,0x79,0x73,0x5f,0x69,0x6e,0x6c,
    0x69,0x6e,0x65,0x29,0x29,0x0a,0x66,0x6c,0x6f,0x61,0x74,0x20,0x62,0x72,0x69,0x64,
    0x67,0x65,0x5f,0x6d,0x61,0x73,0x6b,0x5f,0x67,0x61,0x6d,0x6d,0x61,0x28,0x63,0x6f,
    0x6e,0x73,0x74,0x61,0x6e,0x74,0x20,0x62,0x72,0x69,0x64,0x67,0x65,0x5f,0x70,0x61,
    0x72,0x61,0x6d,0x73,0x26,0x20,0x5f,0x35,0x37,0x29,0x0a,0x7b,0x0a,0x20,0x20,0x20,
    0x20,0x72,0x65,0x74,0x75,0x72,0x6e,0x20,0x66,0x61,0x73,0x74,0x3a,0x3a,0x6d,0x61,
    0x78,0x28,0x5f,0x35,0x37,0x2e,0x74,0x65,0x78,0x65,0x6c,0x2e,0x77,0x2c,0x20,0x39,
    0x2e,0x39,0x39,0x39,0x39,0x39,0x39,0x37,0x34,0x37,0x33,0x37,0x38,0x37,0x35,0x31,
    0x36,0x33,0x35,0x35,0x35,0x31,0x34,0x35,0x32,0x36,0x33,0x36,0x37,0x31,0x38,0x38,
    0x65,0x2d,0x30,0x35,0x29,0x3b,0x0a,0x7d,0x0a,0x0a,0x73,0x74,0x61,0x74,0x69,0x63,
    0x20,0x69,0x6e,0x6c,0x69,0x6e,0x65,0x20,0x5f,0x5f,0x61,0x74,0x74,0x72,0x69,0x62,
    0x75,0x74,0x65,0x5f,0x5f,0x28,0x28,0x61,0x6c,0x77,0x61,0x79,0x73,0x5f,0x69,0x6e,
    0x6c,0x69,0x6e,0x65,0x29,0x29,0x0a,0x66,0x6c,0x6f,0x61,0x74,0x20,0x62,0x72,0x69,
    0x64,0x67,0x65,0x5f,0x73,0x6f,0x66,0x74,0x5f,0x6d,0x61,0x73,0x6b,0x28,0x74,0x68,
    0x72,0x65,0x61,0x64,0x20,0x63,0x6f,0x6e,0x73,0x74,0x20,0x66,0x6c,0x6f,0x61,0x74,
    0x26,0x20,0x76,0x61,0x6c,0x75,0x65,0x2c,0x20,0x63,0x6f,0x6e,0x73,0x74,0x61,0x6e,
    0x74,0x20,0x62,0x72,0x69,0x64,0x67,0x65,0x5f,0x70,0x61,0x72,0x61,0x6d,0x73,0x26,
    0x20,0x5f,0x35,0x37,0x29,0x0a,0x7b,0x0a,0x20,0x20,0x20,0x20,0x66,0x6c,0x6f,0x61,
    0x74,0x20,0x5f,0x32,0x35,0x34,0x20,0x3d,0x20,0x66,0x61,0x73,0x74,0x3a,0x3a,0x6d,
    0x61,0x78,0x28,0x5f,0x35,0x37,0x2e,0x74,0x65,0x78,0x65,0x6c,0x2e,0x7a,0x2c,0x20,
    0x30,0x2e,0x30,0x29,0x3b,0x0a,0x20,0x20,0x20,0x20,0x66,0x6c,0x6f,0x61,0x74,0x20,
    0x5f,0x32,0x35,0x39,0x3b,0x0a,0x20,0x20,0x20,0x20,0x69,0x66,0x20,0x28,0x5f,0x32,
    0x35,0x34,0x20,0x3c,0x3d,0x20,0x39,0x2e,0x39,0x39,0x39,0x39,0x39,0x39,0x37,0x34,
    0x37,0x33,0x37,0x38,0x37,0x35,0x31,0x36,0x33,0x35,0x35,0x35,0x31,0x34,0x35,0x32,
    0x36,0x33,0x36,0x37,0x31,0x38,0x38,0x65,0x2d,0x30,0x36,0x29,0x0a,0x20,0x20,0x20,
    0x20,0x7b,0x0a,0x20,0x20,0x20,0x20,0x20,0x20,0x20,0x20,0x5f,0x32,0x35,0x39,0x20,
    0x3d,0x20,0x73,0x74,0x65,0x70,0x28,0x5f,0x35,0x37,0x2e,0x6f,0x70,0x74,0x69,0x6f,
    0x6e,0x73,0x2e,0x79,0x2c,0x20,0x76,0x61,0x6c,0x75,0x65,0x29,0x3b,0x0a,0x20,0x20,
    0x20,0x20,0x7d,0x0a,0x20,0x20,0x20,0x20,0x65,0x6c,0x73,0x65,0x0a,0x20,0x20,0x20,
    0x20,0x7b,0x0a,0x20,0x20,0x20,0x20,0x20,0x20,0x20,0x20,0x66,0x6c,0x6f,0x61,0x74,
    0x20,0x5f,0x32,0x37,0x30,0x20,0x3d,0x20,0x5f,0x32,0x35,0x34,0x20,0x2a,0x20,0x30,
    0x2e,0x35,0x3b,0x0a,0x20,0x20,0x20,0x20,0x20,0x20,0x20,0x20,0x5f,0x32,0x35,0x39,
    0x20,0x3d,0x20,0x73,0x6d,0x6f,0x6f,0x74,0x68,0x73,0x74,0x65,0x70,0x28,0x5f,0x35,
    0x37,0x2e,0x6f,0x70,0x74,0x69,0x6f,0x6e,0x73,0x2e,0x79,0x20,0x2d,0x20,0x5f,0x32,
    0x37,0x30,0x2c,0x20,0x5f,0x35,0x37,0x2e,0x6f,0x70,0x74,0x69,0x6f,0x6e,0x73,0x2e,
    0x79,0x20,0x2b,0x20,0x5f,0x32,0x37,0x30,0x2c,0x20,0x76,0x61,0x6c,0x75,0x65,0x29,
    0x3b,0x0a,0x20,0x20,0x20,0x20,0x7d,0x0a,0x20,0x20,0x20,0x20,0x72,0x65,0x74,0x75,
    0x72,0x6e,0x20,0x70,0x6f,0x77,0x72,0x28,0x66,0x61,0x73,0x74,0x3a,0x3a,0x63,0x6c,
    0x61,0x6d,0x70,0x28,0x5f,0x32,0x35,0x39,0x2c,0x20,0x30,0x2e,0x30,0x2c,0x20,0x31,
    0x2e,0x30,0x29,0x2c,0x20,0x31,0x2e,0x30,0x20,0x2f,0x20,0x62,0x72,0x69,0x64,0x67,
    0x65,0x5f,0x6d,0x61,0x73,0x6b,0x5f,0x67,0x61,0x6d,0x6d,0x61,0x28,0x5f,0x35,0x37,
    0x29,0x29,0x3b,0x0a,0x7d,0x0a,0x0a,0x66,0x72,0x61,0x67,0x6d,0x65,0x6e,0x74,0x20,
    0x6d,0x61,0x69,0x6e,0x30,0x5f,0x6f,0x75,0x74,0x20,0x6d,0x61,0x69,0x6e,0x30,0x28,
    0x6d,0x61,0x69,0x6e,0x30,0x5f,0x69,0x6e,0x20,0x69,0x6e,0x20,0x5b,0x5b,0x73,0x74,
    0x61,0x67,0x65,0x5f,0x69,0x6e,0x5d,0x5d,0x2c,0x20,0x63,0x6f,0x6e,0x73,0x74,0x61,
    0x6e,0x74,0x20,0x62,0x72,0x69,0x64,0x67,0x65,0x5f,0x70,0x61,0x72,0x61,0x6d,0x73,
    0x26,0x20,0x5f,0x35,0x37,0x20,0x5b,0x5b,0x62,0x75,0x66,0x66,0x65,0x72,0x28,0x30,
    0x29,0x5d,0x5d,0x2c,0x20,0x74,0x65,0x78,0x74,0x75,0x72,0x65,0x32,0x64,0x3c,0x66,
    0x6c,0x6f,0x61,0x74,0x3e,0x20,0x62,0x72,0x69,0x64,0x67,0x65,0x49,0x6e,0x70,0x75,
    0x74,0x54,0x65,0x78,0x20,0x5b,0x5b,0x74,0x65,0x78,0x74,0x75,0x72,0x65,0x28,0x30,
    0x29,0x5d,0x5d,0x2c,0x20,0x73,0x61,0x6d,0x70,0x6c,0x65,0x72,0x20,0x62,0x72,0x69,
    0x64,0x67,0x65,0x49,0x6e,0x70,0x75,0x74,0x53,0x6d,0x70,0x20,0x5b,0x5b,0x73,0x61,
    0x6d,0x70,0x6c,0x65,0x72,0x28,0x30,0x29,0x5d,0x5d,0x29,0x0a,0x7b,0x0a,0x20,0x20,
    0x20,0x20,0x6d,0x61,0x69,0x6e,0x30,0x5f,0x6f,0x75,0x74,0x20,0x6f,0x75,0x74,0x20,
    0x3d,0x20,0x7b,0x7d,0x3b,0x0a,0x20,0x20,0x20,0x20,0x66,0x6c,0x6f,0x61,0x74,0x32,
    0x20,0x70,0x61,0x72,0x61,0x6d,0x20,0x3d,0x20,0x69,0x6e,0x2e,0x75,0x76,0x3b,0x0a,
    0x20,0x20,0x20,0x20,0x66,0x6c,0x6f,0x61,0x74,0x34,0x20,0x5f,0x33,0x30,0x33,0x20,
    0x3d,0x20,0x62,0x72,0x69,0x64,0x67,0x65,0x49,0x6e,0x70,0x75,0x74,0x54,0x65,0x78,
    0x2e,0x73,0x61,0x6d,0x70,0x6c,0x65,0x28,0x62,0x72,0x69,0x64,0x67,0x65,0x49,0x6e,
    0x70,0x75,0x74,0x53,0x6d,0x70,0x2c,0x20,0x62,0x72,0x69,0x64,0x67,0x65,0x5f,0x73,
    0x61,0x6d,0x70,0x6c,0x65,0x5f,0x75,0x76,0x28,0x70,0x61,0x72,0x61,0x6d,0x2c,0x20,
    0x5f,0x35,0x37,0x29,0x29,0x3b,0x0a,0x20,0x20,0x20,0x20,0x66,0x6c,0x6f,0x61,0x74,
    0x34,0x20,0x70,0x61,0x72,0x61,0x6d,0x5f,0x31,0x20,0x3d,0x20,0x5f,0x33,0x30,0x33,
    0x3b,0x0a,0x20,0x20,0x20,0x20,0x66,0x6c,0x6f,0x61,0x74,0x20,0x5f,0x33,0x30,0x37,
    0x20,0x3d,0x20,0x62,0x72,0x69,0x64,0x67,0x65,0x5f,0x6c,0x75,0x6d,0x69,0x6e,0x61,
    0x6e,0x63,0x65,0x28,0x70,0x61,0x72,0x61,0x6d,0x5f,0x31,0x2c,0x20,0x5f,0x35,0x37,
    0x29,0x3b,0x0a,0x20,0x20,0x20,0x20,0x66,0x6c,0x6f,0x61,0x74,0x34,0x20,0x70,0x61,
    0x72,0x61,0x6d,0x5f,0x32,0x20,0x3d,0x20,0x5f,0x33,0x30,0x33,0x3b,0x0a,0x20,0x20,
    0x20,0x20,0x66,0x6c,0x6f,0x61,0x74,0x20,0x70,0x61,0x72,0x61,0x6d,0x5f,0x33,0x20,
    0x3d,0x20,0x5f,0x33,0x30,0x37,0x3b,0x0a,0x20,0x20,0x20,0x20,0x66,0x6c,0x6f,0x61,
    0x74,0x20,0x70,0x61,0x72,0x61,0x6d,0x5f,0x34,0x20,0x3d,0x20,0x62,0x72,0x69,0x64,
    0x67,0x65,0x5f,0x6d,0x61,0x73,0x6b,0x5f,0x76,0x61,0x6c,0x75,0x65,0x28,0x70,0x61,
    0x72,0x61,0x6d,0x5f,0x32,0x2c,0x20,0x70,0x61,0x72,0x61,0x6d,0x5f,0x33,0x2c,0x20,
    0x5f,0x35,0x37,0x29,0x3b,0x0a,0x20,0x20,0x20,0x20,0x6f,0x75,0x74,0x2e,0x66,0x72,
    0x61,0x67,0x5f,0x63,0x6f,0x6c,0x6f,0x72,0x20,0x3d,0x20,0x66,0x6c,0x6f,0x61,0x74,
    0x34,0x28,0x28,0x66,0x61,0x73,0x74,0x3a,0x3a,0x6d,0x61,0x78,0x28,0x5f,0x33,0x30,
    0x37,0x20,0x2d,0x20,0x5f,0x35,0x37,0x2e,0x6f,0x70,0x74,0x69,0x6f,0x6e,0x73,0x2e,
    0x79,0x2c,0x20,0x30,0x2e,0x30,0x29,0x20,0x2a,0x20,0x5f,0x35,0x37,0x2e,0x6f,0x70,
    0x74,0x69,0x6f,0x6e,0x73,0x2e,0x78,0x29,0x20,0x2a,0x20,0x62,0x72,0x69,0x64,0x67,
    0x65,0x5f,0x73,0x6f,0x66,0x74,0x5f,0x6d,0x61,0x73,0x6b,0x28,0x70,0x61,0x72,0x61,
    0x6d,0x5f,0x34,0x2c,0x20,0x5f,0x35,0x37,0x29,0x29,0x20,0x2a,0x20,0x5f,0x35,0x37,
    0x2e,0x63,0x6f,0x6c,0x6f,0x72,0x3b,0x0a,0x20,0x20,0x20,0x20,0x72,0x65,0x74,0x75,
    0x72,0x6e,0x20,0x6f,0x75,0x74,0x3b,0x0a,0x7d,0x0a,0x0a,0x00,
};
/*
    diagnostic(off, derivative_uniformity);

    var<private> position_1 : vec2f;

    var<private> uv : vec2f;

    var<private> texcoord0 : vec2f;

    var<private> gl_Position : vec4f;

    fn main_1() {
      gl_Position = vec4f(position_1.x, position_1.y, 0.0f, 1.0f);
      uv = texcoord0;
      return;
    }

    struct main_out {
      @builtin(position)
      gl_Position : vec4f,
      @location(0)
      uv_1 : vec2f,
    }

    @vertex
    fn main(@location(0) position_1_param : vec2f, @location(1) texcoord0_param : vec2f) -> main_out {
      position_1 = position_1_param;
      texcoord0 = texcoord0_param;
      main_1();
      return main_out(gl_Position, uv);
    }
*/
static const uint8_t bridge_vs_source_wgsl[595] = {
    0x64,0x69,0x61,0x67,0x6e,0x6f,0x73,0x74,0x69,0x63,0x28,0x6f,0x66,0x66,0x2c,0x20,
    0x64,0x65,0x72,0x69,0x76,0x61,0x74,0x69,0x76,0x65,0x5f,0x75,0x6e,0x69,0x66,0x6f,
    0x72,0x6d,0x69,0x74,0x79,0x29,0x3b,0x0a,0x0a,0x76,0x61,0x72,0x3c,0x70,0x72,0x69,
    0x76,0x61,0x74,0x65,0x3e,0x20,0x70,0x6f,0x73,0x69,0x74,0x69,0x6f,0x6e,0x5f,0x31,
    0x20,0x3a,0x20,0x76,0x65,0x63,0x32,0x66,0x3b,0x0a,0x0a,0x76,0x61,0x72,0x3c,0x70,
    0x72,0x69,0x76,0x61,0x74,0x65,0x3e,0x20,0x75,0x76,0x20,0x3a,0x20,0x76,0x65,0x63,
    0x32,0x66,0x3b,0x0a,0x0a,0x76,0x61,0x72,0x3c,0x70,0x72,0x69,0x76,0x61,0x74,0x65,
    0x3e,0x20,0x74,0x65,0x78,0x63,0x6f,0x6f,0x72,0x64,0x30,0x20,0x3a,0x20,0x76,0x65,
    0x63,0x32,0x66,0x3b,0x0a,0x0a,0x76,0x61,0x72,0x3c,0x70,0x72,0x69,0x76,0x61,0x74,
    0x65,0x3e,0x20,0x67,0x6c,0x5f,0x50,0x6f,0x73,0x69,0x74,0x69,0x6f,0x6e,0x20,0x3a,
    0x20,0x76,0x65,0x63,0x34,0x66,0x3b,0x0a,0x0a,0x66,0x6e,0x20,0x6d,0x61,0x69,0x6e,
    0x5f,0x31,0x28,0x29,0x20,0x7b,0x0a,0x20,0x20,0x67,0x6c,0x5f,0x50,0x6f,0x73,0x69,
    0x74,0x69,0x6f,0x6e,0x20,0x3d,0x20,0x76,0x65,0x63,0x34,0x66,0x28,0x70,0x6f,0x73,
    0x69,0x74,0x69,0x6f,0x6e,0x5f,0x31,0x2e,0x78,0x2c,0x20,0x70,0x6f,0x73,0x69,0x74,
    0x69,0x6f,0x6e,0x5f,0x31,0x2e,0x79,0x2c,0x20,0x30,0x2e,0x30,0x66,0x2c,0x20,0x31,
    0x2e,0x30,0x66,0x29,0x3b,0x0a,0x20,0x20,0x75,0x76,0x20,0x3d,0x20,0x74,0x65,0x78,
    0x63,0x6f,0x6f,0x72,0x64,0x30,0x3b,0x0a,0x20,0x20,0x72,0x65,0x74,0x75,0x72,0x6e,
    0x3b,0x0a,0x7d,0x0a,0x0a,0x73,0x74,0x72,0x75,0x63,0x74,0x20,0x6d,0x61,0x69,0x6e,
    0x5f,0x6f,0x75,0x74,0x20,0x7b,0x0a,0x20,0x20,0x40,0x62,0x75,0x69,0x6c,0x74,0x69,
    0x6e,0x28,0x70,0x6f,0x73,0x69,0x74,0x69,0x6f,0x6e,0x29,0x0a,0x20,0x20,0x67,0x6c,
    0x5f,0x50,0x6f,0x73,0x69,0x74,0x69,0x6f,0x6e,0x20,0x3a,0x20,0x76,0x65,0x63,0x34,
    0x66,0x2c,0x0a,0x20,0x20,0x40,0x6c,0x6f,0x63,0x61,0x74,0x69,0x6f,0x6e,0x28,0x30,
    0x29,0x0a,0x20,0x20,0x75,0x76,0x5f,0x31,0x20,0x3a,0x20,0x76,0x65,0x63,0x32,0x66,
    0x2c,0x0a,0x7d,0x0a,0x0a,0x40,0x76,0x65,0x72,0x74,0x65,0x78,0x0a,0x66,0x6e,0x20,
    0x6d,0x61,0x69,0x6e,0x28,0x40,0x6c,0x6f,0x63,0x61,0x74,0x69,0x6f,0x6e,0x28,0x30,
    0x29,0x20,0x70,0x6f,0x73,0x69,0x74,0x69,0x6f,0x6e,0x5f,0x31,0x5f,0x70,0x61,0x72,
    0x61,0x6d,0x20,0x3a,0x20,0x76,0x65,0x63,0x32,0x66,0x2c,0x20,0x40,0x6c,0x6f,0x63,
    0x61,0x74,0x69,0x6f,0x6e,0x28,0x31,0x29,0x20,0x74,0x65,0x78,0x63,0x6f,0x6f,0x72,
    0x64,0x30,0x5f,0x70,0x61,0x72,0x61,0x6d,0x20,0x3a,0x20,0x76,0x65,0x63,0x32,0x66,
    0x29,0x20,0x2d,0x3e,0x20,0x6d,0x61,0x69,0x6e,0x5f,0x6f,0x75,0x74,0x20,0x7b,0x0a,
    0x20,0x20,0x70,0x6f,0x73,0x69,0x74,0x69,0x6f,0x6e,0x5f,0x31,0x20,0x3d,0x20,0x70,
    0x6f,0x73,0x69,0x74,0x69,0x6f,0x6e,0x5f,0x31,0x5f,0x70,0x61,0x72,0x61,0x6d,0x3b,
    0x0a,0x20,0x20,0x74,0x65,0x78,0x63,0x6f,0x6f,0x72,0x64,0x30,0x20,0x3d,0x20,0x74,
    0x65,0x78,0x63,0x6f,0x6f,0x72,0x64,0x30,0x5f,0x70,0x61,0x72,0x61,0x6d,0x3b,0x0a,
    0x20,0x20,0x6d,0x61,0x69,0x6e,0x5f,0x31,0x28,0x29,0x3b,0x0a,0x20,0x20,0x72,0x65,
    0x74,0x75,0x72,0x6e,0x20,0x6d,0x61,0x69,0x6e,0x5f,0x6f,0x75,0x74,0x28,0x67,0x6c,
    0x5f,0x50,0x6f,0x73,0x69,0x74,0x69,0x6f,0x6e,0x2c,0x20,0x75,0x76,0x29,0x3b,0x0a,
    0x7d,0x0a,0x00,
};
/*
    diagnostic(off, derivative_uniformity);

    struct bridge_params {
      /_ @offset(0) _/
      color : vec4f,
      /_ @offset(16) _/
      resolution : vec4f,
      /_ @offset(32) _/
      texel : vec4f,
      /_ @offset(48) _/
      options : vec4f,
    }

    @binding(0) @group(0) var<uniform> x_57 : bridge_params;

    @binding(0) @group(1) var bridgeInputTex : texture_2d<f32>;

    @binding(32) @group(1) var bridgeInputSmp : sampler;

    var<private> uv : vec2f;

    var<private> frag_color : vec4f;

    fn bridge_flag_f1_f1_(packed : ptr<function, f32>, flag : ptr<function, f32>) -> f32 {
      let x_45 = *(packed);
      let x_46 = *(flag);
      return floor((floor((x_45 / x_46)) - (2.0f * floor((floor((x_45 / x_46)) / 2.0f)))));
    }

    fn bridge_sample_uv_vf2_(p : ptr<function, vec2f>) -> vec2f {
      var mirror_x : f32;
      var param : f32;
      var param_1 : f32;
      var mirror_y : f32;
      var param_2 : f32;
      var param_3 : f32;
      param = x_57.options.w;
      param_1 = 4.0f;
      let x_68 = bridge_flag_f1_f1_(&(param), &(param_1));
      mirror_x = x_68;
      param_2 = x_57.options.w;
      param_3 = 8.0f;
      let x_75 = bridge_flag_f1_f1_(&(param_2), &(param_3));
      mirror_y = x_75;
      let x_78 = (*(p)).x;
      let x_81 = (*(p)).x;
      let x_83 = mirror_x;
      let x_87 = (*(p)).y;
      let x_89 = (*(p)).y;
      let x_91 = mirror_y;
      return vec2f(mix(x_78, (1.0f - x_81), x_83), mix(x_87, (1.0f - x_89), x_91));
    }

    fn bridge_luminance_vf4_(src : ptr<function, vec4f>) -> f32 {
      var y : f32;
      var param_4 : f32;
      var param_5 : f32;
      y = dot((*(src)).xyz, vec3f(0.21259999275207519531f, 0.71520000696182250977f, 0.07220000028610229492f));
      let x_104 = y;
      let x_105 = y;
      param_4 = x_57.options.w;
      param_5 = 1.0f;
      let x_111 = bridge_flag_f1_f1_(&(param_4), &(param_5));
      return mix(x_104, (1.0f - x_105), x_111);
    }

    fn bridge_mask_source_mode_() -> f32 {
      let x_116 = x_57.options.w;
      return floor((x_116 / 16.0f));
    }

    fn bridge_saturation_vf3_(rgb : ptr<function, vec3f>) -> f32 {
      var hi : f32;
      var lo : f32;
      var x_145 : f32;
      hi = max(max((*(rgb)).x, (*(rgb)).y), (*(rgb)).z);
      lo = min(min((*(rgb)).x, (*(rgb)).y), (*(rgb)).z);
      if ((hi <= 0.00000099999999747524f)) {
        x_145 = 0.0f;
      } else {
        x_145 = ((hi - lo) / hi);
      }
      let x_155 = x_145;
      return x_155;
    }

    fn bridge_mask_value_vf4_f1_(src_1 : ptr<function, vec4f>, intensity : ptr<function, f32>) -> f32 {
      var use_alpha : f32;
      var param_6 : f32;
      var param_7 : f32;
      var mode : f32;
      var param_8 : vec3f;
      param_6 = x_57.options.w;
      param_7 = 2.0f;
      let x_170 = bridge_flag_f1_f1_(&(param_6), &(param_7));
      use_alpha = x_170;
      let x_172 = bridge_mask_source_mode_();
      mode = x_172;
      if ((use_alpha > 0.5f)) {
        mode = 1.0f;
      }
      if (((mode > 0.5f) & (mode < 1.5f))) {
        let x_187 = (*(src_1)).w;
        return x_187;
      }
      if (((mode > 1.5f) & (mode < 2.5f))) {
        let x_198 = (*(src_1)).x;
        return x_198;
      }
      if (((mode > 2.5f) & (mode < 3.5f))) {
        let x_209 = (*(src_1)).y;
        return x_209;
      }
      if (((mode > 3.5f) & (mode < 4.5f))) {
        let x_220 = (*(src_1)).z;
        return x_220;
      }
      if (((mode > 4.5f) & (mode < 5.5f))) {
        let x_231 = (*(src_1)).x;
        let x_233 = (*(src_1)).y;
        let x_236 = (*(src_1)).z;
        return max(max(x_231, x_233), x_236);
      }
      if ((mode > 5.5f)) {
        param_8 = (*(src_1)).xyz;
        let x_246 = bridge_saturation_vf3_(&(param_8));
        return x_246;
      }
      let x_248 = *(intensity);
      return x_248;
    }

    fn bridge_mask_gamma_() -> f32 {
      let x_160 = x_57.texel.w;
      return max(x_160, 0.00009999999747378752f);
    }

    fn bridge_soft_mask_f1_(value : ptr<function, f32>) -> f32 {
      var softness : f32;
      var mask : f32;
      var x_259 : f32;
      softness = max(x_57.texel.z, 0.0f);
      if ((softness <= 0.00000999999974737875f)) {
        x_259 = step(x_57.options.y, *(value));
      } else {
        x_259 = smoothstep((x_57.options.y - (softness * 0.5f)), (x_57.options.y + (softness * 0.5f)), *(value));
      }
      mask = x_259;
      let x_280 = mask;
      let x_282 = bridge_mask_gamma_();
      return pow(clamp(x_280, 0.0f, 1.0f), (1.0f / x_282));
    }

    fn main_1() {
      var src_2 : vec4f;
      var param_9 : vec2f;
      var y_1 : f32;
      var param_10 : vec4f;
      var mask_1 : f32;
      var param_11 : vec4f;
      var param_12 : f32;
      var param_13 : f32;
      param_9 = uv;
      let x_302 = bridge_sample_uv_vf2_(&(param_9));
      let x_303 = textureSample(bridgeInputTex, bridgeInputSmp, x_302);
      src_2 = x_303;
      param_10 = src_2;
      let x_307 = bridge_luminance_vf4_(&(param_10));
      y_1 = x_307;
      param_11 = src_2;
      param_12 = y_1;
      let x_313 = bridge_mask_value_vf4_f1_(&(param_11), &(param_12));
      param_13 = x_313;
      let x_315 = bridge_soft_mask_f1_(&(param_13));
      mask_1 = x_315;
      let x_324 = vec3f(((y_1 * mask_1) * x_57.options.x));
      frag_color = (vec4f(x_324.x, x_324.y, x_324.z, (src_2.w * mask_1)) * x_57.color);
      return;
    }

    struct main_out {
      @location(0)
      frag_color_1 : vec4f,
    }

    @fragment
    fn main(@location(0) uv_param : vec2f) -> main_out {
      uv = uv_param;
      main_1();
      return main_out(frag_color);
    }
*/
static const uint8_t fs_bridge_luminance_mask_source_wgsl[4936] = {
    0x64,0x69,0x61,0x67,0x6e,0x6f,0x73,0x74,0x69,0x63,0x28,0x6f,0x66,0x66,0x2c,0x20,
    0x64,0x65,0x72,0x69,0x76,0x61,0x74,0x69,0x76,0x65,0x5f,0x75,0x6e,0x69,0x66,0x6f,
    0x72,0x6d,0x69,0x74,0x79,0x29,0x3b,0x0a,0x0a,0x73,0x74,0x72,0x75,0x63,0x74,0x20,
    0x62,0x72,0x69,0x64,0x67,0x65,0x5f,0x70,0x61,0x72,0x61,0x6d,0x73,0x20,0x7b,0x0a,
    0x20,0x20,0x2f,0x2a,0x20,0x40,0x6f,0x66,0x66,0x73,0x65,0x74,0x28,0x30,0x29,0x20,
    0x2a,0x2f,0x0a,0x20,0x20,0x63,0x6f,0x6c,0x6f,0x72,0x20,0x3a,0x20,0x76,0x65,0x63,
    0x34,0x66,0x2c,0x0a,0x20,0x20,0x2f,0x2a,0x20,0x40,0x6f,0x66,0x66,0x73,0x65,0x74,
    0x28,0x31,0x36,0x29,0x20,0x2a,0x2f,0x0a,0x20,0x20,0x72,0x65,0x73,0x6f,0x6c,0x75,
    0x74,0x69,0x6f,0x6e,0x20,0x3a,0x20,0x76,0x65,0x63,0x34,0x66,0x2c,0x0a,0x20,0x20,
    0x2f,0x2a,0x20,0x40,0x6f,0x66,0x66,0x73,0x65,0x74,0x28,0x33,0x32,0x29,0x20,0x2a,
    0x2f,0x0a,0x20,0x20,0x74,0x65,0x78,0x65,0x6c,0x20,0x3a,0x20,0x76,0x65,0x63,0x34,
    0x66,0x2c,0x0a,0x20,0x20,0x2f,0x2a,0x20,0x40,0x6f,0x66,0x66,0x73,0x65,0x74,0x28,
    0x34,0x38,0x29,0x20,0x2a,0x2f,0x0a,0x20,0x20,0x6f,0x70,0x74,0x69,0x6f,0x6e,0x73,
    0x20,0x3a,0x20,0x76,0x65,0x63,0x34,0x66,0x2c,0x0a,0x7d,0x0a,0x0a,0x40,0x62,0x69,
    0x6e,0x64,0x69,0x6e,0x67,0x28,0x30,0x29,0x20,0x40,0x67,0x72,0x6f,0x75,0x70,0x28,
    0x30,0x29,0x20,0x76,0x61,0x72,0x3c,0x75,0x6e,0x69,0x66,0x6f,0x72,0x6d,0x3e,0x20,
    0x78,0x5f,0x35,0x37,0x20,0x3a,0x20,0x62,0x72,0x69,0x64,0x67,0x65,0x5f,0x70,0x61,
    0x72,0x61,0x6d,0x73,0x3b,0x0a,0x0a,0x40,0x62,0x69,0x6e,0x64,0x69,0x6e,0x67,0x28,
    0x30,0x29,0x20,0x40,0x67,0x72,0x6f,0x75,0x70,0x28,0x31,0x29,0x20,0x76,0x61,0x72,
    0x20,0x62,0x72,0x69,0x64,0x67,0x65,0x49,0x6e,0x70,0x75,0x74,0x54,0x65,0x78,0x20,
    0x3a,0x20,0x74,0x65,0x78,0x74,0x75,0x72,0x65,0x5f,0x32,0x64,0x3c,0x66,0x33,0x32,
    0x3e,0x3b,0x0a,0x0a,0x40,0x62,0x69,0x6e,0x64,0x69,0x6e,0x67,0x28,0x33,0x32,0x29,
    0x20,0x40,0x67,0x72,0x6f,0x75,0x70,0x28,0x31,0x29,0x20,0x76,0x61,0x72,0x20,0x62,
    0x72,0x69,0x64,0x67,0x65,0x49,0x6e,0x70,0x75,0x74,0x53,0x6d,0x70,0x20,0x3a,0x20,
    0x73,0x61,0x6d,0x70,0x6c,0x65,0x72,0x3b,0x0a,0x0a,0x76,0x61,0x72,0x3c,0x70,0x72,
    0x69,0x76,0x61,0x74,0x65,0x3e,0x20,0x75,0x76,0x20,0x3a,0x20,0x76,0x65,0x63,0x32,
    0x66,0x3b,0x0a,0x0a,0x76,0x61,0x72,0x3c,0x70,0x72,0x69,0x76,0x61,0x74,0x65,0x3e,
    0x20,0x66,0x72,0x61,0x67,0x5f,0x63,0x6f,0x6c,0x6f,0x72,0x20,0x3a,0x20,0x76,0x65,
    0x63,0x34,0x66,0x3b,0x0a,0x0a,0x66,0x6e,0x20,0x62,0x72,0x69,0x64,0x67,0x65,0x5f,
    0x66,0x6c,0x61,0x67,0x5f,0x66,0x31,0x5f,0x66,0x31,0x5f,0x28,0x70,0x61,0x63,0x6b,
    0x65,0x64,0x20,0x3a,0x20,0x70,0x74,0x72,0x3c,0x66,0x75,0x6e,0x63,0x74,0x69,0x6f,
    0x6e,0x2c,0x20,0x66,0x33,0x32,0x3e,0x2c,0x20,0x66,0x6c,0x61,0x67,0x20,0x3a,0x20,
    0x70,0x74,0x72,0x3c,0x66,0x75,0x6e,0x63,0x74,0x69,0x6f,0x6e,0x2c,0x20,0x66,0x33,
    0x32,0x3e,0x29,0x20,0x2d,0x3e,0x20,0x66,0x33,0x32,0x20,0x7b,0x0a,0x20,0x20,0x6c,
    0x65,0x74,0x20,0x78,0x5f,0x34,0x35,0x20,0x3d,0x20,0x2a,0x28,0x70,0x61,0x63,0x6b,
    0x65,0x64,0x29,0x3b,0x0a,0x20,0x20,0x6c,0x65,0x74,0x20,0x78,0x5f,0x34,0x36,0x20,
    0x3d,0x20,0x2a,0x28,0x66,0x6c,0x61,0x67,0x29,0x3b,0x0a,0x20,0x20,0x72,0x65,0x74,
    0x75,0x72,0x6e,0x20,0x66,0x6c,0x6f,0x6f,0x72,0x28,0x28,0x66,0x6c,0x6f,0x6f,0x72,
    0x28,0x28,0x78,0x5f,0x34,0x35,0x20,0x2f,0x20,0x78,0x5f,0x34,0x36,0x29,0x29,0x20,
    0x2d,0x20,0x28,0x32,0x2e,0x30,0x66,0x20,0x2a,0x20,0x66,0x6c,0x6f,0x6f,0x72,0x28,
    0x28,0x66,0x6c,0x6f,0x6f,0x72,0x28,0x28,0x78,0x5f,0x34,0x35,0x20,0x2f,0x20,0x78,
    0x5f,0x34,0x36,0x29,0x29,0x20,0x2f,0x20,0x32,0x2e,0x30,0x66,0x29,0x29,0x29,0x29,
    0x29,0x3b,0x0a,0x7d,0x0a,0x0a,0x66,0x6e,0x20,0x62,0x72,0x69,0x64,0x67,0x65,0x5f,
    0x73,0x61,0x6d,0x70,0x6c,0x65,0x5f,0x75,0x76,0x5f,0x76,0x66,0x32,0x5f,0x28,0x70,
    0x20,0x3a,0x20,0x70,0x74,0x72,0x3c,0x66,0x75,0x6e,0x63,0x74,0x69,0x6f,0x6e,0x2c,
    0x20,0x76,0x65,0x63,0x32,0x66,0x3e,0x29,0x20,0x2d,0x3e,0x20,0x76,0x65,0x63,0x32,
    0x66,0x20,0x7b,0x0a,0x20,0x20,0x76,0x61,0x72,0x20,0x6d,0x69,0x72,0x72,0x6f,0x72,
    0x5f,0x78,0x20,0x3a,0x20,0x66,0x33,0x32,0x3b,0x0a,0x20,0x20,0x76,0x61,0x72,0x20,
    0x70,0x61,0x72,0x61,0x6d,0x20,0x3a,0x20,0x66,0x33,0x32,0x3b,0x0a,0x20,0x20,0x76,
    0x61,0x72,0x20,0x70,0x61,0x72,0x61,0x6d,0x5f,0x31,0x20,0x3a,0x20,0x66,0x33,0x32,
    0x3b,0x0a,0x20,0x20,0x76,0x61,0x72,0x20,0x6d,0x69,0x72,0x72,0x6f,0x72,0x5f,0x79,
    0x20,0x3a,0x20,0x66,0x33,0x32,0x3b,0x0a,0x20,0x20,0x76,0x61,0x72,0x20,0x70,0x61,
    0x72,0x61,0x6d,0x5f,0x32,0x20,0x3a,0x20,0x66,0x33,0x32,0x3b,0x0a,0x20,0x20,0x76,
    0x61,0x72,0x20,0x70,0x61,0x72,0x61,0x6d,0x5f,0x33,0x20,0x3a,0x20,0x66,0x33,0x32,
    0x3b,0x0a,0x20,0x20,0x70,0x61,0x72,0x61,0x6d,0x20,0x3d,0x20,0x78,0x5f,0x35,0x37,
    0x2e,0x6f,0x70,0x74,0x69,0x6f,0x6e,0x73,0x2e,0x77,0x3b,0x0a,0x20,0x20,0x70,0x61,
    0x72,0x61,0x6d,0x5f,0x31,0x20,0x3d,0x20,0x34,0x2e,0x30,0x66,0x3b,0x0a,0x20,0x20,
    0x6c,0x65,0x74,0x20,0x78,0x5f,0x36,0x38,0x20,0x3d,0x20,0x62,0x72,0x69,0x64,0x67,
    0x65,0x5f,0x66,0x6c,0x61,0x67,0x5f,0x66,0x31,0x5f,0x66,0x31,0x5f,0x28,0x26,0x28,
    0x70,0x61,0x72,0x61,0x6d,0x29,0x2c,0x20,0x26,0x28,0x70,0x61,0x72,0x61,0x6d,0x5f,
    0x31,0x29,0x29,0x3b,0x0a,0x20,0x20,0x6d,0x69,0x72,0x72,0x6f,0x72,0x5f,0x78,0x20,
    0x3d,0x20,0x78,0x5f,0x36,0x38,0x3b,0x0a,0x20,0x20,0x70,0x61,0x72,0x61,0x6d,0x5f,
    0x32,0x20,0x3d,0x20,0x78,0x5f,0x35,0x37,0x2e,0x6f,0x70,0x74,0x69,0x6f,0x6e,0x73,
    0x2e,0x77,0x3b,0x0a,0x20,0x20,0x70,0x61,0x72,0x61,0x6d,0x5f,0x33,0x20,0x3d,0x20,
    0x38,0x2e,0x30,0x66,0x3b,0x0a,0x20,0x20,0x6c,0x65,0x74,0x20,0x78,0x5f,0x37,0x35,
    0x20,0x3d,0x20,0x62,0x72,0x69,0x64,0x67,0x65,0x5f,0x66,0x6c,0x61,0x67,0x5f,0x66,
    0x31,0x5f,0x66,0x31,0x5f,0x28,0x26,0x28,0x70,0x61,0x72,0x61,0x6d,0x5f,0x32,0x29,
    0x2c,0x20,0x26,0x28,0x70,0x61,0x72,0x61,0x6d,0x5f,0x33,0x29,0x29,0x3b,0x0a,0x20,
    0x20,0x6d,0x69,0x72,0x72,0x6f,0x72,0x5f,0x79,0x20,0x3d,0x20,0x78,0x5f,0x37,0x35,
    0x3b,0x0a,0x20,0x20,0x6c,0x65,0x74,0x20,0x78,0x5f,0x37,0x38,0x20,0x3d,0x20,0x28,
    0x2a,0x28,0x70,0x29,0x29,0x2e,0x78,0x3b,0x0a,0x20,0x20,0x6c,0x65,0x74,0x20,0x78,
    0x5f,0x38,0x31,0x20,0x3d,0x20,0x28,0x2a,0x28,0x70,0x29,0x29,0x2e,0x78,0x3b,0x0a,
    0x20,0x20,0x6c,0x65,0x74,0x20,0x78,0x5f,0x38,0x33,0x20,0x3d,0x20,0x6d,0x69,0x72,
    0x72,0x6f,0x72,0x5f,0x78,0x3b,0x0a,0x20,0x20,0x6c,0x65,0x74,0x20,0x78,0x5f,0x38,
    0x37,0x20,0x3d,0x20,0x28,0x2a,0x28,0x70,0x29,0x29,0x2e,0x79,0x3b,0x0a,0x20,0x20,
    0x6c,0x65,0x74,0x20,0x78,0x5f,0x38,0x39,0x20,0x3d,0x20,0x28,0x2a,0x28,0x70,0x29,
    0x29,0x2e,0x79,0x3b,0x0a,0x20,0x20,0x6c,0x65,0x74,0x20,0x78,0x5f,0x39,0x31,0x20,
    0x3d,0x20,0x6d,0x69,0x72,0x72,0x6f,0x72,0x5f,0x79,0x3b,0x0a,0x20,0x20,0x72,0x65,
    0x74,0x75,0x72,0x6e,0x20,0x76,0x65,0x63,0x32,0x66,0x28,0x6d,0x69,0x78,0x28,0x78,
    0x5f,0x37,0x38,0x2c,0x20,0x28,0x31,0x2e,0x30,0x66,0x20,0x2d,0x20,0x78,0x5f,0x38,
    0x31,0x29,0x2c,0x20,0x78,0x5f,0x38,0x33,0x29,0x2c,0x20,0x6d,0x69,0x78,0x28,0x78,
    0x5f,0x38,0x37,0x2c,0x20,0x28,0x31,0x2e,0x30,0x66,0x20,0x2d,0x20,0x78,0x5f,0x38,
    0x39,0x29,0x2c,0x20,0x78,0x5f,0x39,0x31,0x29,0x29,0x3b,0x0a,0x7d,0x0a,0x0a,0x66,
    0x6e,0x20,0x62,0x72,0x69,0x64,0x67,0x65,0x5f,0x6c,0x75,0x6d,0x69,0x6e,0x61,0x6e,
    0x63,0x65,0x5f,0x76,0x66,0x34,0x5f,0x28,0x73,0x72,0x63,0x20,0x3a,0x20,0x70,0x74,
    0x72,0x3c,0x66,0x75,0x6e,0x63,0x74,0x69,0x6f,0x6e,0x2c,0x20,0x76,0x65,0x63,0x34,
    0x66,0x3e,0x29,0x20,0x2d,0x3e,0x20,0x66,0x33,0x32,0x20,0x7b,0x0a,0x20,0x20,0x76,
    0x61,0x72,0x20,0x79,0x20,0x3a,0x20,0x66,0x33,0x32,0x3b,0x0a,0x20,0x20,0x76,0x61,
    0x72,0x20,0x70,0x61,0x72,0x61,0x6d,0x5f,0x34,0x20,0x3a,0x20,0x66,0x33,0x32,0x3b,
    0x0a,0x20,0x20,0x76,0x61,0x72,0x20,0x70,0x61,0x72,0x61,0x6d,0x5f,0x35,0x20,0x3a,
    0x20,0x66,0x33,0x32,0x3b,0x0a,0x20,0x20,0x79,0x20,0x3d,0x20,0x64,0x6f,0x74,0x28,
    0x28,0x2a,0x28,0x73,0x72,0x63,0x29,0x29,0x2e,0x78,0x79,0x7a,0x2c,0x20,0x76,0x65,
    0x63,0x33,0x66,0x28,0x30,0x2e,0x32,0x31,0x32,0x35,0x39,0x39,0x39,0x39,0x32,0x37,
    0x35,0x32,0x30,0x37,0x35,0x31,0x39,0x35,0x33,0x31,0x66,0x2c,0x20,0x30,0x2e,0x37,
    0x31,0x35,0x32,0x30,0x30,0x30,0x30,0x36,0x39,0x36,0x31,0x38,0x32,0x32,0x35,0x30,
    0x39,0x37,0x37,0x66,0x2c,0x20,0x30,0x2e,0x30,0x37,0x32,0x32,0x30,0x30,0x30,0x30,
    0x30,0x32,0x38,0x36,0x31,0x30,0x32,0x32,0x39,0x34,0x39,0x32,0x66,0x29,0x29,0x3b,
    0x0a,0x20,0x20,0x6c,0x65,0x74,0x20,0x78,0x5f,0x31,0x30,0x34,0x20,0x3d,0x20,0x79,
    0x3b,0x0a,0x20,0x20,0x6c,0x65,0x74,0x20,0x78,0x5f,0x31,0x30,0x35,0x20,0x3d,0x20,
    0x79,0x3b,0x0a,0x20,0x20,0x70,0x61,0x72,0x61,0x6d,0x5f,0x34,0x20,0x3d,0x20,0x78,
    0x5f,0x35,0x37,0x2e,0x6f,0x70,0x74,0x69,0x6f,0x6e,0x73,0x2e,0x77,0x3b,0x0a,0x20,
    0x20,0x70,0x61,0x72,0x61,0x6d,0x5f,0x35,0x20,0x3d,0x20,0x31,0x2e,0x30,0x66,0x3b,
    0x0a,0x20,0x20,0x6c,0x65,0x74,0x20,0x78,0x5f,0x31,0x31,0x31,0x20,0x3d,0x20,0x62,
    0x72,0x69,0x64,0x67,0x65,0x5f,0x66,0x6c,0x61,0x67,0x5f,0x66,0x31,0x5f,0x66,0x31,
    0x5f,0x28,0x26,0x28,0x70,0x61,0x72,0x61,0x6d,0x5f,0x34,0x29,0x2c,0x20,0x26,0x28,
    0x70,0x61,0x72,0x61,0x6d,0x5f,0x35,0x29,0x29,0x3b,0x0a,0x20,0x20,0x72,0x65,0x74,
    0x75,0x72,0x6e,0x20,0x6d,0x69,0x78,0x28,0x78,0x5f,0x31,0x30,0x34,0x2c,0x20,0x28,
    0x31,0x2e,0x30,0x66,0x20,0x2d,0x20,0x78,0x5f,0x31,0x30,0x35,0x29,0x2c,0x20,0x78,
    0x5f,0x31,0x31,0x31,0x29,0x3b,0x0a,0x7d,0x0a,0x0a,0x66,0x6e,0x20,0x62,0x72,0x69,
    0x64,0x67,0x65,0x5f,0x6d,0x61,0x73,0x6b,0x5f,0x73,0x6f,0x75,0x72,0x63,0x65,0x5f,
    0x6d,0x6f,0x64,0x65,0x5f,0x28,0x29,0x20,0x2d,0x3e,0x20,0x66,0x33,0x32,0x20,0x7b,
    0x0a,0x20,0x20,0x6c,0x65,0x74,0x20,0x78,0x5f,0x31,0x31,0x36,0x20,0x3d,0x20,0x78,
    0x5f,0x35,0x37,0x2e,0x6f,0x70,0x74,0x69,0x6f,0x6e,0x73,0x2e,0x77,0x3b,0x0a,0x20,
    0x20,0x72,0x65,0x74,0x75,0x72,0x6e,0x20,0x66,0x6c,0x6f,0x6f,0x72,0x28,0x28,0x78,
    0x5f,0x31,0x31,0x36,0x20,0x2f,0x20,0x31,0x36,0x2e,0x30,0x66,0x29,0x29,0x3b,0x0a,
    0x7d,0x0a,0x0a,0x66,0x6e,0x20,0x62,0x72,0x69,0x64,0x67,0x65,0x5f,0x73,0x61,0x74,
    0x75,0x72,0x61,0x74,0x69,0x6f,0x6e,0x5f,0x76,0x66,0x33,0x5f,0x28,0x72,0x67,0x62,
    0x20,0x3a,0x20,0x70,0x74,0x72,0x3c,0x66,0x75,0x6e,0x63,0x74,0x69,0x6f,0x6e,0x2c,
    0x20,0x76,0x65,0x63,0x33,0x66,0x3e,0x29,0x20,0x2d,0x3e,0x20,0x66,0x33,0x32,0x20,
    0x7b,0x0a,0x20,0x20,0x76,0x61,0x72,0x20,0x68,0x69,0x20,0x3a,0x20,0x66,0x33,0x32,
    0x3b,0x0a,0x20,0x20,0x76,0x61,0x72,0x20,0x6c,0x6f,0x20,0x3a,0x20,0x66,0x33,0x32,
    0x3b,0x0a,0x20,0x20,0x76,0x61,0x72,0x20,0x78,0x5f,0x31,0x34,0x35,0x20,0x3a,0x20,
    0x66,0x33,0x32,0x3b,0x0a,0x20,0x20,0x68,0x69,0x20,0x3d,0x20,0x6d,0x61,0x78,0x28,
    0x6d,0x61,0x78,0x28,0x28,0x2a,0x28,0x72,0x67,0x62,0x29,0x29,0x2e,0x78,0x2c,0x20,
    0x28,0x2a,0x28,0x72,0x67,0x62,0x29,0x29,0x2e,0x79,0x29,0x2c,0x20,0x28,0x2a,0x28,
    0x72,0x67,0x62,0x29,0x29,0x2e,0x7a,0x29,0x3b,0x0a,0x20,0x20,0x6c,0x6f,0x20,0x3d,
    0x20,0x6d,0x69,0x6e,0x28,0x6d,0x69,0x6e,0x28,0x28,0x2a,0x28,0x72,0x67,0x62,0x29,
    0x29,0x2e,0x78,0x2c,0x20,0x28,0x2a,0x28,0x72,0x67,0x62,0x29,0x29,0x2e,0x79,0x29,
    0x2c,0x20,0x28,0x2a,0x28,0x72,0x67,0x62,0x29,0x29,0x2e,0x7a,0x29,0x3b,0x0a,0x20,
    0x20,0x69,0x66,0x20,0x28,0x28,0x68,0x69,0x20,0x3c,0x3d,0x20,0x30,0x2e,0x30,0x30,
    0x30,0x30,0x30,0x30,0x39,0x39,0x39,0x39,0x39,0x39,0x39,0x39,0x37,0x34,0x37,0x35,
    0x32,0x34,0x66,0x29,0x29,0x20,0x7b,0x0a,0x20,0x20,0x20,0x20,0x78,0x5f,0x31,0x34,
    0x35,0x20,0x3d,0x20,0x30,0x2e,0x30,0x66,0x3b,0x0a,0x20,0x20,0x7d,0x20,0x65,0x6c,
    0x73,0x65,0x20,0x7b,0x0a,0x20,0x20,0x20,0x20,0x78,0x5f,0x31,0x34,0x35,0x20,0x3d,
    0x20,0x28,0x28,0x68,0x69,0x20,0x2d,0x20,0x6c,0x6f,0x29,0x20,0x2f,0x20,0x68,0x69,
    0x29,0x3b,0x0a,0x20,0x20,0x7d,0x0a,0x20,0x20,0x6c,0x65,0x74,0x20,0x78,0x5f,0x31,
    0x35,0x35,0x20,0x3d,0x20,0x78,0x5f,0x31,0x34,0x35,0x3b,0x0a,0x20,0x20,0x72,0x65,
    0x74,0x75,0x72,0x6e,0x20,0x78,0x5f,0x31,0x35,0x35,0x3b,0x0a,0x7d,0x0a,0x0a,0x66,
    0x6e,0x20,0x62,0x72,0x69,0x64,0x67,0x65,0x5f,0x6d,0x61,0x73,0x6b,0x5f,0x76,0x61,
    0x6c,0x75,0x65,0x5f,0x76,0x66,0x34,0x5f,0x66,0x31,0x5f,0x28,0x73,0x72,0x63,0x5f,
    0x31,0x20,0x3a,0x20,0x70,0x74,0x72,0x3c,0x66,0x75,0x6e,0x63,0x74,0x69,0x6f,0x6e,
    0x2c,0x20,0x76,0x65,0x63,0x34,0x66,0x3e,0x2c,0x20,0x69,0x6e,0x74,0x65,0x6e,0x73,
    0x69,0x74,0x79,0x20,0x3a,0x20,0x70,0x74,0x72,0x3c,0x66,0x75,0x6e,0x63,0x74,0x69,
    0x6f,0x6e,0x2c,0x20,0x66,0x33,0x32,0x3e,0x29,0x20,0x2d,0x3e,0x20,0x66,0x33,0x32,
    0x20,0x7b,0x0a,0x20,0x20,0x76,0x61,0x72,0x20,0x75,0x73,0x65,0x5f,0x61,0x6c,0x70,
    0x68,0x61,0x20,0x3a,0x20,0x66,0x33,0x32,0x3b,0x0a,0x20,0x20,0x76,0x61,0x72,0x20,
    0x70,0x61,0x72,0x61,0x6d,0x5f,0x36,0x20,0x3a,0x20,0x66,0x33,0x32,0x3b,0x0a,0x20,
    0x20,0x76,0x61,0x72,0x20,0x70,0x61,0x72,0x61,0x6d,0x5f,0x37,0x20,0x3a,0x20,0x66,
    0x33,0x32,0x3b,0x0a,0x20,0x20,0x76,0x61,0x72,0x20,0x6d,0x6f,0x64,0x65,0x20,0x3a,
    0x20,0x66,0x33,0x32,0x3b,0x0a,0x20,0x20,0x76,0x61,0x72,0x20,0x70,0x61,0x72,0x61,
    0x6d,0x5f,0x38,0x20,0x3a,0x20,0x76,0x65,0x63,0x33,0x66,0x3b,0x0a,0x20,0x20,0x70,
    0x61,0x72,0x61,0x6d,0x5f,0x36,0x20,0x3d,0x20,0x78,0x5f,0x35,0x37,0x2e,0x6f,0x70,
    0x74,0x69,0x6f,0x6e,0x73,0x2e,0x77,0x3b,0x0a,0x20,0x20,0x70,0x61,0x72,0x61,0x6d,
    0x5f,0x37,0x20,0x3d,0x20,0x32,0x2e,0x30,0x66,0x3b,0x0a,0x20,0x20,0x6c,0x65,0x74,
    0x20,0x78,0x5f,0x31,0x37,0x30,0x20,0x3d,0x20,0x62,0x72,0x69,0x64,0x67,0x65,0x5f,
    0x66,0x6c,0x61,0x67,0x5f,0x66,0x31,0x5f,0x66,0x31,0x5f,0x28,0x26,0x28,0x70,0x61,
    0x72,0x61,0x6d,0x5f,0x36,0x29,0x2c,0x20,0x26,0x28,0x70,0x61,0x72,0x61,0x6d,0x5f,
    0x37,0x29,0x29,0x3b,0x0a,0x20,0x20,0x75,0x73,0x65,0x5f,0x61,0x6c,0x70,0x68,0x61,
    0x20,0x3d,0x20,0x78,0x5f,0x31,0x37,0x30,0x3b,0x0a,0x20,0x20,0x6c,0x65,0x74,0x20,
    0x78,0x5f,0x31,0x37,0x32,0x20,0x3d,0x20,0x62,0x72,0x69,0x64,0x67,0x65,0x5f,0x6d,
    0x61,0x73,0x6b,0x5f,0x73,0x6f,0x75,0x72,0x63,0x65,0x5f,0x6d,0x6f,0x64,0x65,0x5f,
    0x28,0x29,0x3b,0x0a,0x20,0x20,0x6d,0x6f,0x64,0x65,0x20,0x3d,0x20,0x78,0x5f,0x31,
    0x37,0x32,0x3b,0x0a,0x20,0x20,0x69,0x66,0x20,0x28,0x28,0x75,0x73,0x65,0x5f,0x61,
    0x6c,0x70,0x68,0x61,0x20,0x3e,0x20,0x30,0x2e,0x35,0x66,0x29,0x29,0x20,0x7b,0x0a,
    0x20,0x20,0x20,0x20,0x6d,0x6f,0x64,0x65,0x20,0x3d,0x20,0x31,0x2e,0x30,0x66,0x3b,
    0x0a,0x20,0x20,0x7d,0x0a,0x20,0x20,0x69,0x66,0x20,0x28,0x28,0x28,0x6d,0x6f,0x64,
    0x65,0x20,0x3e,0x20,0x30,0x2e,0x35,0x66,0x29,0x20,0x26,0x20,0x28,0x6d,0x6f,0x64,
    0x65,0x20,0x3c,0x20,0x31,0x2e,0x35,0x66,0x29,0x29,0x29,0x20,0x7b,0x0a,0x20,0x20,
    0x20,0x20,0x6c,0x65,0x74,0x20,0x78,0x5f,0x31,0x38,0x37,0x20,0x3d,0x20,0x28,0x2a,
    0x28,0x73,0x72,0x63,0x5f,0x31,0x29,0x29,0x2e,0x77,0x3b,0x0a,0x20,0x20,0x20,0x20,
    0x72,0x65,0x74,0x75,0x72,0x6e,0x20,0x78,0x5f,0x31,0x38,0x37,0x3b,0x0a,0x20,0x20,
    0x7d,0x0a,0x20,0x20,0x69,0x66,0x20,0x28,0x28,0x28,0x6d,0x6f,0x64,0x65,0x20,0x3e,
    0x20,0x31,0x2e,0x35,0x66,0x29,0x20,0x26,0x20,0x28,0x6d,0x6f,0x64,0x65,0x20,0x3c,
    0x20,0x32,0x2e,0x35,0x66,0x29,0x29,0x29,0x20,0x7b,0x0a,0x20,0x20,0x20,0x20,0x6c,
    0x65,0x74,0x20,0x78,0x5f,0x31,0x39,0x38,0x20,0x3d,0x20,0x28,0x2a,0x28,0x73,0x72,
    0x63,0x5f,0x31,0x29,0x29,0x2e,0x78,0x3b,0x0a,0x20,0x20,0x20,0x20,0x72,0x65,0x74,
    0x75,0x72,0x6e,0x20,0x78,0x5f,0x31,0x39,0x38,0x3b,0x0a,0x20,0x20,0x7d,0x0a,0x20,
    0x20,0x69,0x66,0x20,0x28,0x28,0x28,0x6d,0x6f,0x64,0x65,0x20,0x3e,0x20,0x32,0x2e,
    0x35,0x66,0x29,0x20,0x26,0x20,0x28,0x6d,0x6f,0x64,0x65,0x20,0x3c,0x20,0x33,0x2e,
    0x35,0x66,0x29,0x29,0x29,0x20,0x7b,0x0a,0x20,0x20,0x20,0x20,0x6c,0x65,0x74,0x20,
    0x78,0x5f,0x32,0x30,0x39,0x20,0x3d,0x20,0x28,0x2a,0x28,0x73,0x72,0x63,0x5f,0x31,
    0x29,0x29,0x2e,0x79,0x3b,0x0a,0x20,0x20,0x20,0x20,0x72,0x65,0x74,0x75,0x72,0x6e,
    0x20,0x78,0x5f,0x32,0x30,0x39,0x3b,0x0a,0x20,0x20,0x7d,0x0a,0x20,0x20,0x69,0x66,
    0x20,0x28,0x28,0x28,0x6d,0x6f,0x64,0x65,0x20,0x3e,0x20,0x33,0x2e,0x35,0x66,0x29,
    0x20,0x26,0x20,0x28,0x6d,0x6f,0x64,0x65,0x20,0x3c,0x20,0x34,0x2e,0x35,0x66,0x29,
    0x29,0x29,0x20,0x7b,0x0a,0x20,0x20,0x20,0x20,0x6c,0x65,0x74,0x20,0x78,0x5f,0x32,
    0x32,0x30,0x20,0x3d,0x20,0x28,0x2a,0x28,0x73,0x72,0x63,0x5f,0x31,0x29,0x29,0x2e,
    0x7a,0x3b,0x0a,0x20,0x20,0x20,0x20,0x72,0x65,0x74,0x75,0x72,0x6e,0x20,0x78,0x5f,
    0x32,0x32,0x30,0x3b,0x0a,0x20,0x20,0x7d,0x0a,0x20,0x20,0x69,0x66,0x20,0x28,0x28,
    0x28,0x6d,0x6f,0x64,0x65,0x20,0x3e,0x20,0x34,0x2e,0x35,0x66,0x29,0x20,0x26,0x20,
    0x28,0x6d,0x6f,0x64,0x65,0x20,0x3c,0x20,0x35,0x2e,0x35,0x66,0x29,0x29,0x29,0x20,
    0x7b,0x0a,0x20,0x20,0x20,0x20,0x6c,0x65,0x74,0x20,0x78,0x5f,0x32,0x33,0x31,0x20,
    0x3d,0x20,0x28,0x2a,0x28,0x73,0x72,0x63,0x5f,0x31,0x29,0x29,0x2e,0x78,0x3b,0x0a,
    0x20,0x20,0x20,0x20,0x6c,0x65,0x74,0x20,0x78,0x5f,0x32,0x33,0x33,0x20,0x3d,0x20,
    0x28,0x2a,0x28,0x73,0x72,0x63,0x5f,0x31,0x29,0x29,0x2e,0x79,0x3b,0x0a,0x20,0x20,
    0x20,0x20,0x6c,0x65,0x74,0x20,0x78,0x5f,0x32,0x33,0x36,0x20,0x3d,0x20,0x28,0x2a,
    0x28,0x73,0x72,0x63,0x5f,0x31,0x29,0x29,0x2e,0x7a,0x3b,0x0a,0x20,0x20,0x20,0x20,
    0x72,0x65,0x74,0x75,0x72,0x6e,0x20,0x6d,0x61,0x78,0x28,0x6d,0x61,0x78,0x28,0x78,
    0x5f,0x32,0x33,0x31,0x2c,0x20,0x78,0x5f,0x32,0x33,0x33,0x29,0x2c,0x20,0x78,0x5f,
    0x32,0x33,0x36,0x29,0x3b,0x0a,0x20,0x20,0x7d,0x0a,0x20,0x20,0x69,0x66,0x20,0x28,
    0x28,0x6d,0x6f,0x64,0x65,0x20,0x3e,0x20,0x35,0x2e,0x35,0x66,0x29,0x29,0x20,0x7b,
    0x0a,0x20,0x20,0x20,0x20,0x70,0x61,0x72,0x61,0x6d,0x5f,0x38,0x20,0x3d,0x20,0x28,
    0x2a,0x28,0x73,0x72,0x63,0x5f,0x31,0x29,0x29,0x2e,0x78,0x79,0x7a,0x3b,0x0a,0x20,
    0x20,0x20,0x20,0x6c,0x65,0x74,0x20,0x78,0x5f,0x32,0x34,0x36,0x20,0x3d,0x20,0x62,
    0x72,0x69,0x64,0x67,0x65,0x5f,0x73,0x61,0x74,0x75,0x72,0x61,0x74,0x69,0x6f,0x6e,
    0x5f,0x76,0x66,0x33,0x5f,0x28,0x26,0x28,0x70,0x61,0x72,0x61,0x6d,0x5f,0x38,0x29,
    0x29,0x3b,0x0a,0x20,0x20,0x20,0x20,0x72,0x65,0x74,0x75,0x72,0x6e,0x20,0x78,0x5f,
    0x32,0x34,0x36,0x3b,0x0a,0x20,0x20,0x7d,0x0a,0x20,0x20,0x6c,0x65,0x74,0x20,0x78,
    0x5f,0x32,0x34,0x38,0x20,0x3d,0x20,0x2a,0x28,0x69,0x6e,0x74,0x65,0x6e,0x73,0x69,
    0x74,0x79,0x29,0x3b,0x0a,0x20,0x20,0x72,0x65,0x74,0x75,0x72,0x6e,0x20,0x78,0x5f,
    0x32,0x34,0x38,0x3b,0x0a,0x7d,0x0a,0x0a,0x66,0x6e,0x20,0x62,0x72,0x69,0x64,0x67,
    0x65,0x5f,0x6d,0x61,0x73,0x6b,0x5f,0x67,0x61,0x6d,0x6d,0x61,0x5f,0x28,0x29,0x20,
    0x2d,0x3e,0x20,0x66,0x33,0x32,0x20,0x7b,0x0a,0x20,0x20,0x6c,0x65,0x74,0x20,0x78,
    0x5f,0x31,0x36,0x30,0x20,0x3d,0x20,0x78,0x5f,0x35,0x37,0x2e,0x74,0x65,0x78,0x65,
    0x6c,0x2e,0x77,0x3b,0x0a,0x20,0x20,0x72,0x65,0x74,0x75,0x72,0x6e,0x20,0x6d,0x61,
    0x78,0x28,0x78,0x5f,0x31,0x36,0x30,0x2c,0x20,0x30,0x2e,0x30,0x30,0x30,0x30,0x39,
    0x39,0x39,0x39,0x39,0x39,0x39,0x37,0x34,0x37,0x33,0x37,0x38,0x37,0x35,0x32,0x66,
    0x29,0x3b,0x0a,0x7d,0x0a,0x0a,0x66,0x6e,0x20,0x62,0x72,0x69,0x64,0x67,0x65,0x5f,
    0x73,0x6f,0x66,0x74,0x5f,0x6d,0x61,0x73,0x6b,0x5f,0x66,0x31,0x5f,0x28,0x76,0x61,
    0x6c,0x75,0x65,0x20,0x3a,0x20,0x70,0x74,0x72,0x3c,0x66,0x75,0x6e,0x63,0x74,0x69,
    0x6f,0x6e,0x2c,0x20,0x66,0x33,0x32,0x3e,0x29,0x20,0x2d,0x3e,0x20,0x66,0x33,0x32,
    0x20,0x7b,0x0a,0x20,0x20,0x76,0x61,0x72,0x20,0x73,0x6f,0x66,0x74,0x6e,0x65,0x73,
    0x73,0x20,0x3a,0x20,0x66,0x33,0x32,0x3b,0x0a,0x20,0x20,0x76,0x61,0x72,0x20,0x6d,
    0x61,0x73,0x6b,0x20,0x3a,0x20,0x66,0x33,0x32,0x3b,0x0a,0x20,0x20,0x76,0x61,0x72,
    0x20,0x78,0x5f,0x32,0x35,0x39,0x20,0x3a,0x20,0x66,0x33,0x32,0x3b,0x0a,0x20,0x20,
    0x73,0x6f,0x66,0x74,0x6e,0x65,0x73,0x73,0x20,0x3d,0x20,0x6d,0x61,0x78,0x28,0x78,
    0x5f,0x35,0x37,0x2e,0x74,0x65,0x78,0x65,0x6c,0x2e,0x7a,0x2c,0x20,0x30,0x2e,0x30,
    0x66,0x29,0x3b,0x0a,0x20,0x20,0x69,0x66,0x20,0x28,0x28,0x73,0x6f,0x66,0x74,0x6e,
    0x65,0x73,0x73,0x20,0x3c,0x3d,0x20,0x30,0x2e,0x30,0x30,0x30,0x30,0x30,0x39,0x39,
    0x39,0x39,0x39,0x39,0x39,0x37,0x34,0x37,0x33,0x37,0x38,0x37,0x35,0x66,0x29,0x29,
    0x20,0x7b,0x0a,0x20,0x20,0x20,0x20,0x78,0x5f,0x32,0x35,0x39,0x20,0x3d,0x20,0x73,
    0x74,0x65,0x70,0x28,0x78,0x5f,0x35,0x37,0x2e,0x6f,0x70,0x74,0x69,0x6f,0x6e,0x73,
    0x2e,0x79,0x2c,0x20,0x2a,0x28,0x76,0x61,0x6c,0x75,0x65,0x29,0x29,0x3b,0x0a,0x20,
    0x20,0x7d,0x20,0x65,0x6c,0x73,0x65,0x20,0x7b,0x0a,0x20,0x20,0x20,0x20,0x78,0x5f,
    0x32,0x35,0x39,0x20,0x3d,0x20,0x73,0x6d,0x6f,0x6f,0x74,0x68,0x73,0x74,0x65,0x70,
    0x28,0x28,0x78,0x5f,0x35,0x37,0x2e,0x6f,0x70,0x74,0x69,0x6f,0x6e,0x73,0x2e,0x79,
    0x20,0x2d,0x20,0x28,0x73,0x6f,0x66,0x74,0x6e,0x65,0x73,0x73,0x20,0x2a,0x20,0x30,
    0x2e,0x35,0x66,0x29,0x29,0x2c,0x20,0x28,0x78,0x5f,0x35,0x37,0x2e,0x6f,0x70,0x74,
    0x69,0x6f,0x6e,0x73,0x2e,0x79,0x20,0x2b,0x20,0x28,0x73,0x6f,0x66,0x74,0x6e,0x65,
    0x73,0x73,0x20,0x2a,0x20,0x30,0x2e,0x35,0x66,0x29,0x29,0x2c,0x20,0x2a,0x28,0x76,
    0x61,0x6c,0x75,0x65,0x29,0x29,0x3b,0x0a,0x20,0x20,0x7d,0x0a,0x20,0x20,0x6d,0x61,
    0x73,0x6b,0x20,0x3d,0x20,0x78,0x5f,0x32,0x35,0x39,0x3b,0x0a,0x20,0x20,0x6c,0x65,
    0x74,0x20,0x78,0x5f,0x32,0x38,0x30,0x20,0x3d,0x20,0x6d,0x61,0x73,0x6b,0x3b,0x0a,
    0x20,0x20,0x6c,0x65,0x74,0x20,0x78,0x5f,0x32,0x38,0x32,0x20,0x3d,0x20,0x62,0x72,
    0x69,0x64,0x67,0x65,0x5f,0x6d,0x61,0x73,0x6b,0x5f,0x67,0x61,0x6d,0x6d,0x61,0x5f,
    0x28,0x29,0x3b,0x0a,0x20,0x20,0x72,0x65,0x74,0x75,0x72,0x6e,0x20,0x70,0x6f,0x77,
    0x28,0x63,0x6c,0x61,0x6d,0x70,0x28,0x78,0x5f,0x32,0x38,0x30,0x2c,0x20,0x30,0x2e,
    0x30,0x66,0x2c,0x20,0x31,0x2e,0x30,0x66,0x29,0x2c,0x20,0x28,0x31,0x2e,0x30,0x66,
    0x20,0x2f,0x20,0x78,0x5f,0x32,0x38,0x32,0x29,0x29,0x3b,0x0a,0x7d,0x0a,0x0a,0x66,
    0x6e,0x20,0x6d,0x61,0x69,0x6e,0x5f,0x31,0x28,0x29,0x20,0x7b,0x0a,0x20,0x20,0x76,
    0x61,0x72,0x20,0x73,0x72,0x63,0x5f,0x32,0x20,0x3a,0x20,0x76,0x65,0x63,0x34,0x66,
    0x3b,0x0a,0x20,0x20,0x76,0x61,0x72,0x20,0x70,0x61,0x72,0x61,0x6d,0x5f,0x39,0x20,
    0x3a,0x20,0x76,0x65,0x63,0x32,0x66,0x3b,0x0a,0x20,0x20,0x76,0x61,0x72,0x20,0x79,
    0x5f,0x31,0x20,0x3a,0x20,0x66,0x33,0x32,0x3b,0x0a,0x20,0x20,0x76,0x61,0x72,0x20,
    0x70,0x61,0x72,0x61,0x6d,0x5f,0x31,0x30,0x20,0x3a,0x20,0x76,0x65,0x63,0x34,0x66,
    0x3b,0x0a,0x20,0x20,0x76,0x61,0x72,0x20,0x6d,0x61,0x73,0x6b,0x5f,0x31,0x20,0x3a,
    0x20,0x66,0x33,0x32,0x3b,0x0a,0x20,0x20,0x76,0x61,0x72,0x20,0x70,0x61,0x72,0x61,
    0x6d,0x5f,0x31,0x31,0x20,0x3a,0x20,0x76,0x65,0x63,0x34,0x66,0x3b,0x0a,0x20,0x20,
    0x76,0x61,0x72,0x20,0x70,0x61,0x72,0x61,0x6d,0x5f,0x31,0x32,0x20,0x3a,0x20,0x66,
    0x33,0x32,0x3b,0x0a,0x20,0x20,0x76,0x61,0x72,0x20,0x70,0x61,0x72,0x61,0x6d,0x5f,
    0x31,0x33,0x20,0x3a,0x20,0x66,0x33,0x32,0x3b,0x0a,0x20,0x20,0x70,0x61,0x72,0x61,
    0x6d,0x5f,0x39,0x20,0x3d,0x20,0x75,0x76,0x3b,0x0a,0x20,0x20,0x6c,0x65,0x74,0x20,
    0x78,0x5f,0x33,0x30,0x32,0x20,0x3d,0x20,0x62,0x72,0x69,0x64,0x67,0x65,0x5f,0x73,
    0x61,0x6d,0x70,0x6c,0x65,0x5f,0x75,0x76,0x5f,0x76,0x66,0x32,0x5f,0x28,0x26,0x28,
    0x70,0x61,0x72,0x61,0x6d,0x5f,0x39,0x29,0x29,0x3b,0x0a,0x20,0x20,0x6c,0x65,0x74,
    0x20,0x78,0x5f,0x33,0x30,0x33,0x20,0x3d,0x20,0x74,0x65,0x78,0x74,0x75,0x72,0x65,
    0x53,0x61,0x6d,0x70,0x6c,0x65,0x28,0x62,0x72,0x69,0x64,0x67,0x65,0x49,0x6e,0x70,
    0x75,0x74,0x54,0x65,0x78,0x2c,0x20,0x62,0x72,0x69,0x64,0x67,0x65,0x49,0x6e,0x70,
    0x75,0x74,0x53,0x6d,0x70,0x2c,0x20,0x78,0x5f,0x33,0x30,0x32,0x29,0x3b,0x0a,0x20,
    0x20,0x73,0x72,0x63,0x5f,0x32,0x20,0x3d,0x20,0x78,0x5f,0x33,0x30,0x33,0x3b,0x0a,
    0x20,0x20,0x70,0x61,0x72,0x61,0x6d,0x5f,0x31,0x30,0x20,0x3d,0x20,0x73,0x72,0x63,
    0x5f,0x32,0x3b,0x0a,0x20,0x20,0x6c,0x65,0x74,0x20,0x78,0x5f,0x33,0x30,0x37,0x20,
    0x3d,0x20,0x62,0x72,0x69,0x64,0x67,0x65,0x5f,0x6c,0x75,0x6d,0x69,0x6e,0x61,0x6e,
    0x63,0x65,0x5f,0x76,0x66,0x34,0x5f,0x28,0x26,0x28,0x70,0x61,0x72,0x61,0x6d,0x5f,
    0x31,0x30,0x29,0x29,0x3b,0x0a,0x20,0x20,0x79,0x5f,0x31,0x20,0x3d,0x20,0x78,0x5f,
    0x33,0x30,0x37,0x3b,0x0a,0x20,0x20,0x70,0x61,0x72,0x61,0x6d,0x5f,0x31,0x31,0x20,
    0x3d,0x20,0x73,0x72,0x63,0x5f,0x32,0x3b,0x0a,0x20,0x20,0x70,0x61,0x72,0x61,0x6d,
    0x5f,0x31,0x32,0x20,0x3d,0x20,0x79,0x5f,0x31,0x3b,0x0a,0x20,0x20,0x6c,0x65,0x74,
    0x20,0x78,0x5f,0x33,0x31,0x33,0x20,0x3d,0x20,0x62,0x72,0x69,0x64,0x67,0x65,0x5f,
    0x6d,0x61,0x73,0x6b,0x5f,0x76,0x61,0x6c,0x75,0x65,0x5f,0x76,0x66,0x34,0x5f,0x66,
    0x31,0x5f,0x28,0x26,0x28,0x70,0x61,0x72,0x61,0x6d,0x5f,0x31,0x31,0x29,0x2c,0x20,
    0x26,0x28,0x70,0x61,0x72,0x61,0x6d,0x5f,0x31,0x32,0x29,0x29,0x3b,0x0a,0x20,0x20,
    0x70,0x61,0x72,0x61,0x6d,0x5f,0x31,0x33,0x20,0x3d,0x20,0x78,0x5f,0x33,0x31,0x33,
    0x3b,0x0a,0x20,0x20,0x6c,0x65,0x74,0x20,0x78,0x5f,0x33,0x31,0x35,0x20,0x3d,0x20,
    0x62,0x72,0x69,0x64,0x67,0x65,0x5f,0x73,0x6f,0x66,0x74,0x5f,0x6d,0x61,0x73,0x6b,
    0x5f,0x66,0x31,0x5f,0x28,0x26,0x28,0x70,0x61,0x72,0x61,0x6d,0x5f,0x31,0x33,0x29,
    0x29,0x3b,0x0a,0x20,0x20,0x6d,0x61,0x73,0x6b,0x5f,0x31,0x20,0x3d,0x20,0x78,0x5f,
    0x33,0x31,0x35,0x3b,0x0a,0x20,0x20,0x6c,0x65,0x74,0x20,0x78,0x5f,0x33,0x32,0x34,
    0x20,0x3d,0x20,0x76,0x65,0x63,0x33,0x66,0x28,0x28,0x28,0x79,0x5f,0x31,0x20,0x2a,
    0x20,0x6d,0x61,0x73,0x6b,0x5f,0x31,0x29,0x20,0x2a,0x20,0x78,0x5f,0x35,0x37,0x2e,
    0x6f,0x70,0x74,0x69,0x6f,0x6e,0x73,0x2e,0x78,0x29,0x29,0x3b,0x0a,0x20,0x20,0x66,
    0x72,0x61,0x67,0x5f,0x63,0x6f,0x6c,0x6f,0x72,0x20,0x3d,0x20,0x28,0x76,0x65,0x63,
    0x34,0x66,0x28,0x78,0x5f,0x33,0x32,0x34,0x2e,0x78,0x2c,0x20,0x78,0x5f,0x33,0x32,
    0x34,0x2e,0x79,0x2c,0x20,0x78,0x5f,0x33,0x32,0x34,0x2e,0x7a,0x2c,0x20,0x28,0x73,
    0x72,0x63,0x5f,0x32,0x2e,0x77,0x20,0x2a,0x20,0x6d,0x61,0x73,0x6b,0x5f,0x31,0x29,
    0x29,0x20,0x2a,0x20,0x78,0x5f,0x35,0x37,0x2e,0x63,0x6f,0x6c,0x6f,0x72,0x29,0x3b,
    0x0a,0x20,0x20,0x72,0x65,0x74,0x75,0x72,0x6e,0x3b,0x0a,0x7d,0x0a,0x0a,0x73,0x74,
    0x72,0x75,0x63,0x74,0x20,0x6d,0x61,0x69,0x6e,0x5f,0x6f,0x75,0x74,0x20,0x7b,0x0a,
    0x20,0x20,0x40,0x6c,0x6f,0x63,0x61,0x74,0x69,0x6f,0x6e,0x28,0x30,0x29,0x0a,0x20,
    0x20,0x66,0x72,0x61,0x67,0x5f,0x63,0x6f,0x6c,0x6f,0x72,0x5f,0x31,0x20,0x3a,0x20,
    0x76,0x65,0x63,0x34,0x66,0x2c,0x0a,0x7d,0x0a,0x0a,0x40,0x66,0x72,0x61,0x67,0x6d,
    0x65,0x6e,0x74,0x0a,0x66,0x6e,0x20,0x6d,0x61,0x69,0x6e,0x28,0x40,0x6c,0x6f,0x63,
    0x61,0x74,0x69,0x6f,0x6e,0x28,0x30,0x29,0x20,0x75,0x76,0x5f,0x70,0x61,0x72,0x61,
    0x6d,0x20,0x3a,0x20,0x76,0x65,0x63,0x32,0x66,0x29,0x20,0x2d,0x3e,0x20,0x6d,0x61,
    0x69,0x6e,0x5f,0x6f,0x75,0x74,0x20,0x7b,0x0a,0x20,0x20,0x75,0x76,0x20,0x3d,0x20,
    0x75,0x76,0x5f,0x70,0x61,0x72,0x61,0x6d,0x3b,0x0a,0x20,0x20,0x6d,0x61,0x69,0x6e,
    0x5f,0x31,0x28,0x29,0x3b,0x0a,0x20,0x20,0x72,0x65,0x74,0x75,0x72,0x6e,0x20,0x6d,
    0x61,0x69,0x6e,0x5f,0x6f,0x75,0x74,0x28,0x66,0x72,0x61,0x67,0x5f,0x63,0x6f,0x6c,
    0x6f,0x72,0x29,0x3b,0x0a,0x7d,0x0a,0x00,
};
/*
    diagnostic(off, derivative_uniformity);

    struct bridge_params {
      /_ @offset(0) _/
      color : vec4f,
      /_ @offset(16) _/
      resolution : vec4f,
      /_ @offset(32) _/
      texel : vec4f,
      /_ @offset(48) _/
      options : vec4f,
    }

    @binding(0) @group(0) var<uniform> x_57 : bridge_params;

    @binding(0) @group(1) var bridgeInputTex : texture_2d<f32>;

    @binding(32) @group(1) var bridgeInputSmp : sampler;

    var<private> uv : vec2f;

    var<private> frag_color : vec4f;

    fn bridge_flag_f1_f1_(packed : ptr<function, f32>, flag : ptr<function, f32>) -> f32 {
      let x_45 = *(packed);
      let x_46 = *(flag);
      return floor((floor((x_45 / x_46)) - (2.0f * floor((floor((x_45 / x_46)) / 2.0f)))));
    }

    fn bridge_sample_uv_vf2_(p : ptr<function, vec2f>) -> vec2f {
      var mirror_x : f32;
      var param : f32;
      var param_1 : f32;
      var mirror_y : f32;
      var param_2 : f32;
      var param_3 : f32;
      param = x_57.options.w;
      param_1 = 4.0f;
      let x_68 = bridge_flag_f1_f1_(&(param), &(param_1));
      mirror_x = x_68;
      param_2 = x_57.options.w;
      param_3 = 8.0f;
      let x_75 = bridge_flag_f1_f1_(&(param_2), &(param_3));
      mirror_y = x_75;
      let x_78 = (*(p)).x;
      let x_81 = (*(p)).x;
      let x_83 = mirror_x;
      let x_87 = (*(p)).y;
      let x_89 = (*(p)).y;
      let x_91 = mirror_y;
      return vec2f(mix(x_78, (1.0f - x_81), x_83), mix(x_87, (1.0f - x_89), x_91));
    }

    fn bridge_luminance_vf4_(src : ptr<function, vec4f>) -> f32 {
      var y : f32;
      var param_4 : f32;
      var param_5 : f32;
      y = dot((*(src)).xyz, vec3f(0.21259999275207519531f, 0.71520000696182250977f, 0.07220000028610229492f));
      let x_104 = y;
      let x_105 = y;
      param_4 = x_57.options.w;
      param_5 = 1.0f;
      let x_111 = bridge_flag_f1_f1_(&(param_4), &(param_5));
      return mix(x_104, (1.0f - x_105), x_111);
    }

    fn bridge_mask_source_mode_() -> f32 {
      let x_116 = x_57.options.w;
      return floor((x_116 / 16.0f));
    }

    fn bridge_saturation_vf3_(rgb : ptr<function, vec3f>) -> f32 {
      var hi : f32;
      var lo : f32;
      var x_145 : f32;
      hi = max(max((*(rgb)).x, (*(rgb)).y), (*(rgb)).z);
      lo = min(min((*(rgb)).x, (*(rgb)).y), (*(rgb)).z);
      if ((hi <= 0.00000099999999747524f)) {
        x_145 = 0.0f;
      } else {
        x_145 = ((hi - lo) / hi);
      }
      let x_155 = x_145;
      return x_155;
    }

    fn bridge_mask_value_vf4_f1_(src_1 : ptr<function, vec4f>, intensity : ptr<function, f32>) -> f32 {
      var use_alpha : f32;
      var param_6 : f32;
      var param_7 : f32;
      var mode : f32;
      var param_8 : vec3f;
      param_6 = x_57.options.w;
      param_7 = 2.0f;
      let x_170 = bridge_flag_f1_f1_(&(param_6), &(param_7));
      use_alpha = x_170;
      let x_172 = bridge_mask_source_mode_();
      mode = x_172;
      if ((use_alpha > 0.5f)) {
        mode = 1.0f;
      }
      if (((mode > 0.5f) & (mode < 1.5f))) {
        let x_187 = (*(src_1)).w;
        return x_187;
      }
      if (((mode > 1.5f) & (mode < 2.5f))) {
        let x_198 = (*(src_1)).x;
        return x_198;
      }
      if (((mode > 2.5f) & (mode < 3.5f))) {
        let x_209 = (*(src_1)).y;
        return x_209;
      }
      if (((mode > 3.5f) & (mode < 4.5f))) {
        let x_220 = (*(src_1)).z;
        return x_220;
      }
      if (((mode > 4.5f) & (mode < 5.5f))) {
        let x_231 = (*(src_1)).x;
        let x_233 = (*(src_1)).y;
        let x_236 = (*(src_1)).z;
        return max(max(x_231, x_233), x_236);
      }
      if ((mode > 5.5f)) {
        param_8 = (*(src_1)).xyz;
        let x_246 = bridge_saturation_vf3_(&(param_8));
        return x_246;
      }
      let x_248 = *(intensity);
      return x_248;
    }

    fn bridge_mask_gamma_() -> f32 {
      let x_160 = x_57.texel.w;
      return max(x_160, 0.00009999999747378752f);
    }

    fn bridge_soft_mask_f1_(value : ptr<function, f32>) -> f32 {
      var softness : f32;
      var mask : f32;
      var x_259 : f32;
      softness = max(x_57.texel.z, 0.0f);
      if ((softness <= 0.00000999999974737875f)) {
        x_259 = step(x_57.options.y, *(value));
      } else {
        x_259 = smoothstep((x_57.options.y - (softness * 0.5f)), (x_57.options.y + (softness * 0.5f)), *(value));
      }
      mask = x_259;
      let x_280 = mask;
      let x_282 = bridge_mask_gamma_();
      return pow(clamp(x_280, 0.0f, 1.0f), (1.0f / x_282));
    }

    fn main_1() {
      var px : vec2f;
      var src_c : vec4f;
      var param_9 : vec2f;
      var src_l : vec4f;
      var param_10 : vec2f;
      var src_r : vec4f;
      var param_11 : vec2f;
      var src_u : vec4f;
      var param_12 : vec2f;
      var src_d : vec4f;
      var param_13 : vec2f;
      var c : f32;
      var param_14 : vec4f;
      var l : f32;
      var param_15 : vec4f;
      var r : f32;
      var param_16 : vec4f;
      var u : f32;
      var param_17 : vec4f;
      var d : f32;
      var param_18 : vec4f;
      var mask_1 : f32;
      var param_19 : vec4f;
      var param_20 : f32;
      var param_21 : vec4f;
      var param_22 : f32;
      var param_23 : vec4f;
      var param_24 : f32;
      var param_25 : vec4f;
      var param_26 : f32;
      var param_27 : vec4f;
      var param_28 : f32;
      var param_29 : f32;
      var v : vec2f;
      px = (x_57.texel.xy * max(x_57.options.z, 1.0f));
      param_9 = uv;
      let x_311 = bridge_sample_uv_vf2_(&(param_9));
      let x_312 = textureSample(bridgeInputTex, bridgeInputSmp, x_311);
      src_c = x_312;
      param_10 = (uv - vec2f(px.x, 0.0f));
      let x_323 = bridge_sample_uv_vf2_(&(param_10));
      let x_324 = textureSample(bridgeInputTex, bridgeInputSmp, x_323);
      src_l = x_324;
      param_11 = (uv + vec2f(px.x, 0.0f));
      let x_335 = bridge_sample_uv_vf2_(&(param_11));
      let x_336 = textureSample(bridgeInputTex, bridgeInputSmp, x_335);
      src_r = x_336;
      param_12 = (uv - vec2f(0.0f, px.y));
      let x_347 = bridge_sample_uv_vf2_(&(param_12));
      let x_348 = textureSample(bridgeInputTex, bridgeInputSmp, x_347);
      src_u = x_348;
      param_13 = (uv + vec2f(0.0f, px.y));
      let x_359 = bridge_sample_uv_vf2_(&(param_13));
      let x_360 = textureSample(bridgeInputTex, bridgeInputSmp, x_359);
      src_d = x_360;
      param_14 = src_c;
      let x_364 = bridge_luminance_vf4_(&(param_14));
      c = x_364;
      param_15 = src_l;
      let x_368 = bridge_luminance_vf4_(&(param_15));
      l = x_368;
      param_16 = src_r;
      let x_372 = bridge_luminance_vf4_(&(param_16));
      r = x_372;
      param_17 = src_u;
      let x_376 = bridge_luminance_vf4_(&(param_17));
      u = x_376;
      param_18 = src_d;
      let x_380 = bridge_luminance_vf4_(&(param_18));
      d = x_380;
      param_19 = src_c;
      param_20 = c;
      let x_386 = bridge_mask_value_vf4_f1_(&(param_19), &(param_20));
      param_21 = src_l;
      param_22 = l;
      let x_391 = bridge_mask_value_vf4_f1_(&(param_21), &(param_22));
      param_23 = src_r;
      param_24 = r;
      let x_397 = bridge_mask_value_vf4_f1_(&(param_23), &(param_24));
      param_25 = src_u;
      param_26 = u;
      let x_403 = bridge_mask_value_vf4_f1_(&(param_25), &(param_26));
      param_27 = src_d;
      param_28 = d;
      let x_409 = bridge_mask_value_vf4_f1_(&(param_27), &(param_28));
      param_29 = max(max(max(max(x_386, x_391), x_397), x_403), x_409);
      let x_412 = bridge_soft_mask_f1_(&(param_29));
      mask_1 = x_412;
      v = (((vec2f((r - l), (d - u)) * x_57.options.x) * mask_1) * x_57.color.xy);
      frag_color = vec4f(v.x, v.y, 0.0f, 1.0f);
      return;
    }

    struct main_out {
      @location(0)
      frag_color_1 : vec4f,
    }

    @fragment
    fn main(@location(0) uv_param : vec2f) -> main_out {
      uv = uv_param;
      main_1();
      return main_out(frag_color);
    }
*/
static const uint8_t fs_bridge_velocity_source_wgsl[7008] = {
    0x64,0x69,0x61,0x67,0x6e,0x6f,0x73,0x74,0x69,0x63,0x28,0x6f,0x66,0x66,0x2c,0x20,
    0x64,0x65,0x72,0x69,0x76,0x61,0x74,0x69,0x76,0x65,0x5f,0x75,0x6e,0x69,0x66,0x6f,
    0x72,0x6d,0x69,0x74,0x79,0x29,0x3b,0x0a,0x0a,0x73,0x74,0x72,0x75,0x63,0x74,0x20,
    0x62,0x72,0x69,0x64,0x67,0x65,0x5f,0x70,0x61,0x72,0x61,0x6d,0x73,0x20,0x7b,0x0a,
    0x20,0x20,0x2f,0x2a,0x20,0x40,0x6f,0x66,0x66,0x73,0x65,0x74,0x28,0x30,0x29,0x20,
    0x2a,0x2f,0x0a,0x20,0x20,0x63,0x6f,0x6c,0x6f,0x72,0x20,0x3a,0x20,0x76,0x65,0x63,
    0x34,0x66,0x2c,0x0a,0x20,0x20,0x2f,0x2a,0x20,0x40,0x6f,0x66,0x66,0x73,0x65,0x74,
    0x28,0x31,0x36,0x29,0x20,0x2a,0x2f,0x0a,0x20,0x20,0x72,0x65,0x73,0x6f,0x6c,0x75,
    0x74,0x69,0x6f,0x6e,0x20,0x3a,0x20,0x76,0x65,0x63,0x34,0x66,0x2c,0x0a,0x20,0x20,
    0x2f,0x2a,0x20,0x40,0x6f,0x66,0x66,0x73,0x65,0x74,0x28,0x33,0x32,0x29,0x20,0x2a,
    0x2f,0x0a,0x20,0x20,0x74,0x65,0x78,0x65,0x6c,0x20,0x3a,0x20,0x76,0x65,0x63,0x34,
    0x66,0x2c,0x0a,0x20,0x20,0x2f,0x2a,0x20,0x40,0x6f,0x66,0x66,0x73,0x65,0x74,0x28,
    0x34,0x38,0x29,0x20,0x2a,0x2f,0x0a,0x20,0x20,0x6f,0x70,0x74,0x69,0x6f,0x6e,0x73,
    0x20,0x3a,0x20,0x76,0x65,0x63,0x34,0x66,0x2c,0x0a,0x7d,0x0a,0x0a,0x40,0x62,0x69,
    0x6e,0x64,0x69,0x6e,0x67,0x28,0x30,0x29,0x20,0x40,0x67,0x72,0x6f,0x75,0x70,0x28,
    0x30,0x29,0x20,0x76,0x61,0x72,0x3c,0x75,0x6e,0x69,0x66,0x6f,0x72,0x6d,0x3e,0x20,
    0x78,0x5f,0x35,0x37,0x20,0x3a,0x20,0x62,0x72,0x69,0x64,0x67,0x65,0x5f,0x70,0x61,
    0x72,0x61,0x6d,0x73,0x3b,0x0a,0x0a,0x40,0x62,0x69,0x6e,0x64,0x69,0x6e,0x67,0x28,
    0x30,0x29,0x20,0x40,0x67,0x72,0x6f,0x75,0x70,0x28,0x31,0x29,0x20,0x76,0x61,0x72,
    0x20,0x62,0x72,0x69,0x64,0x67,0x65,0x49,0x6e,0x70,0x75,0x74,0x54,0x65,0x78,0x20,
    0x3a,0x20,0x74,0x65,0x78,0x74,0x75,0x72,0x65,0x5f,0x32,0x64,0x3c,0x66,0x33,0x32,
    0x3e,0x3b,0x0a,0x0a,0x40,0x62,0x69,0x6e,0x64,0x69,0x6e,0x67,0x28,0x33,0x32,0x29,
    0x20,0x40,0x67,0x72,0x6f,0x75,0x70,0x28,0x31,0x29,0x20,0x76,0x61,0x72,0x20,0x62,
    0x72,0x69,0x64,0x67,0x65,0x49,0x6e,0x70,0x75,0x74,0x53,0x6d,0x70,0x20,0x3a,0x20,
    0x73,0x61,0x6d,0x70,0x6c,0x65,0x72,0x3b,0x0a,0x0a,0x76,0x61,0x72,0x3c,0x70,0x72,
    0x69,0x76,0x61,0x74,0x65,0x3e,0x20,0x75,0x76,0x20,0x3a,0x20,0x76,0x65,0x63,0x32,
    0x66,0x3b,0x0a,0x0a,0x76,0x61,0x72,0x3c,0x70,0x72,0x69,0x76,0x61,0x74,0x65,0x3e,
    0x20,0x66,0x72,0x61,0x67,0x5f,0x63,0x6f,0x6c,0x6f,0x72,0x20,0x3a,0x20,0x76,0x65,
    0x63,0x34,0x66,0x3b,0x0a,0x0a,0x66,0x6e,0x20,0x62,0x72,0x69,0x64,0x67,0x65,0x5f,
    0x66,0x6c,0x61,0x67,0x5f,0x66,0x31,0x5f,0x66,0x31,0x5f,0x28,0x70,0x61,0x63,0x6b,
    0x65,0x64,0x20,0x3a,0x20,0x70,0x74,0x72,0x3c,0x66,0x75,0x6e,0x63,0x74,0x69,0x6f,
    0x6e,0x2c,0x20,0x66,0x33,0x32,0x3e,0x2c,0x20,0x66,0x6c,0x61,0x67,0x20,0x3a,0x20,
    0x70,0x74,0x72,0x3c,0x66,0x75,0x6e,0x63,0x74,0x69,0x6f,0x6e,0x2c,0x20,0x66,0x33,
    0x32,0x3e,0x29,0x20,0x2d,0x3e,0x20,0x66,0x33,0x32,0x20,0x7b,0x0a,0x20,0x20,0x6c,
    0x65,0x74,0x20,0x78,0x5f,0x34,0x35,0x20,0x3d,0x20,0x2a,0x28,0x70,0x61,0x63,0x6b,
    0x65,0x64,0x29,0x3b,0x0a,0x20,0x20,0x6c,0x65,0x74,0x20,0x78,0x5f,0x34,0x36,0x20,
    0x3d,0x20,0x2a,0x28,0x66,0x6c,0x61,0x67,0x29,0x3b,0x0a,0x20,0x20,0x72,0x65,0x74,
    0x75,0x72,0x6e,0x20,0x66,0x6c,0x6f,0x6f,0x72,0x28,0x28,0x66,0x6c,0x6f,0x6f,0x72,
    0x28,0x28,0x78,0x5f,0x34,0x35,0x20,0x2f,0x20,0x78,0x5f,0x34,0x36,0x29,0x29,0x20,
    0x2d,0x20,0x28,0x32,0x2e,0x30,0x66,0x20,0x2a,0x20,0x66,0x6c,0x6f,0x6f,0x72,0x28,
    0x28,0x66,0x6c,0x6f,0x6f,0x72,0x28,0x28,0x78,0x5f,0x34,0x35,0x20,0x2f,0x20,0x78,
    0x5f,0x34,0x36,0x29,0x29,0x20,0x2f,0x20,0x32,0x2e,0x30,0x66,0x29,0x29,0x29,0x29,
    0x29,0x3b,0x0a,0x7d,0x0a,0x0a,0x66,0x6e,0x20,0x62,0x72,0x69,0x64,0x67,0x65,0x5f,
    0x73,0x61,0x6d,0x70,0x6c,0x65,0x5f,0x75,0x76,0x5f,0x76,0x66,0x32,0x5f,0x28,0x70,
    0x20,0x3a,0x20,0x70,0x74,0x72,0x3c,0x66,0x75,0x6e,0x63,0x74,0x69,0x6f,0x6e,0x2c,
    0x20,0x76,0x65,0x63,0x32,0x66,0x3e,0x29,0x20,0x2d,0x3e,0x20,0x76,0x65,0x63,0x32,
    0x66,0x20,0x7b,0x0a,0x20,0x20,0x76,0x61,0x72,0x20,0x6d,0x69,0x72,0x72,0x6f,0x72,
    0x5f,0x78,0x20,0x3a,0x20,0x66,0x33,0x32,0x3b,0x0a,0x20,0x20,0x76,0x61,0x72,0x20,
    0x70,0x61,0x72,0x61,0x6d,0x20,0x3a,0x20,0x66,0x33,0x32,0x3b,0x0a,0x20,0x20,0x76,
    0x61,0x72,0x20,0x70,0x61,0x72,0x61,0x6d,0x5f,0x31,0x20,0x3a,0x20,0x66,0x33,0x32,
    0x3b,0x0a,0x20,0x20,0x76,0x61,0x72,0x20,0x6d,0x69,0x72,0x72,0x6f,0x72,0x5f,0x79,
    0x20,0x3a,0x20,0x66,0x33,0x32,0x3b,0x0a,0x20,0x20,0x76,0x61,0x72,0x20,0x70,0x61,
    0x72,0x61,0x6d,0x5f,0x32,0x20,0x3a,0x20,0x66,0x33,0x32,0x3b,0x0a,0x20,0x20,0x76,
    0x61,0x72,0x20,0x70,0x61,0x72,0x61,0x6d,0x5f,0x33,0x20,0x3a,0x20,0x66,0x33,0x32,
    0x3b,0x0a,0x20,0x20,0x70,0x61,0x72,0x61,0x6d,0x20,0x3d,0x20,0x78,0x5f,0x35,0x37,
    0x2e,0x6f,0x70,0x74,0x69,0x6f,0x6e,0x73,0x2e,0x77,0x3b,0x0a,0x20,0x20,0x70,0x61,
    0x72,0x61,0x6d,0x5f,0x31,0x20,0x3d,0x20,0x34,0x2e,0x30,0x66,0x3b,0x0a,0x20,0x20,
    0x6c,0x65,0x74,0x20,0x78,0x5f,0x36,0x38,0x20,0x3d,0x20,0x62,0x72,0x69,0x64,0x67,
    0x65,0x5f,0x66,0x6c,0x61,0x67,0x5f,0x66,0x31,0x5f,0x66,0x31,0x5f,0x28,0x26,0x28,
    0x70,0x61,0x72,0x61,0x6d,0x29,0x2c,0x20,0x26,0x28,0x70,0x61,0x72,0x61,0x6d,0x5f,
    0x31,0x29,0x29,0x3b,0x0a,0x20,0x20,0x6d,0x69,0x72,0x72,0x6f,0x72,0x5f,0x78,0x20,
    0x3d,0x20,0x78,0x5f,0x36,0x38,0x3b,0x0a,0x20,0x20,0x70,0x61,0x72,0x61,0x6d,0x5f,
    0x32,0x20,0x3d,0x20,0x78,0x5f,0x35,0x37,0x2e,0x6f,0x70,0x74,0x69,0x6f,0x6e,0x73,
    0x2e,0x77,0x3b,0x0a,0x20,0x20,0x70,0x61,0x72,0x61,0x6d,0x5f,0x33,0x20,0x3d,0x20,
    0x38,0x2e,0x30,0x66,0x3b,0x0a,0x20,0x20,0x6c,0x65,0x74,0x20,0x78,0x5f,0x37,0x35,
    0x20,0x3d,0x20,0x62,0x72,0x69,0x64,0x67,0x65,0x5f,0x66,0x6c,0x61,0x67,0x5f,0x66,
    0x31,0x5f,0x66,0x31,0x5f,0x28,0x26,0x28,0x70,0x61,0x72,0x61,0x6d,0x5f,0x32,0x29,
    0x2c,0x20,0x26,0x28,0x70,0x61,0x72,0x61,0x6d,0x5f,0x33,0x29,0x29,0x3b,0x0a,0x20,
    0x20,0x6d,0x69,0x72,0x72,0x6f,0x72,0x5f,0x79,0x20,0x3d,0x20,0x78,0x5f,0x37,0x35,
    0x3b,0x0a,0x20,0x20,0x6c,0x65,0x74,0x20,0x78,0x5f,0x37,0x38,0x20,0x3d,0x20,0x28,
    0x2a,0x28,0x70,0x29,0x29,0x2e,0x78,0x3b,0x0a,0x20,0x20,0x6c,0x65,0x74,0x20,0x78,
    0x5f,0x38,0x31,0x20,0x3d,0x20,0x28,0x2a,0x28,0x70,0x29,0x29,0x2e,0x78,0x3b,0x0a,
    0x20,0x20,0x6c,0x65,0x74,0x20,0x78,0x5f,0x38,0x33,0x20,0x3d,0x20,0x6d,0x69,0x72,
    0x72,0x6f,0x72,0x5f,0x78,0x3b,0x0a,0x20,0x20,0x6c,0x65,0x74,0x20,0x78,0x5f,0x38,
    0x37,0x20,0x3d,0x20,0x28,0x2a,0x28,0x70,0x29,0x29,0x2e,0x79,0x3b,0x0a,0x20,0x20,
    0x6c,0x65,0x74,0x20,0x78,0x5f,0x38,0x39,0x20,0x3d,0x20,0x28,0x2a,0x28,0x70,0x29,
    0x29,0x2e,0x79,0x3b,0x0a,0x20,0x20,0x6c,0x65,0x74,0x20,0x78,0x5f,0x39,0x31,0x20,
    0x3d,0x20,0x6d,0x69,0x72,0x72,0x6f,0x72,0x5f,0x79,0x3b,0x0a,0x20,0x20,0x72,0x65,
    0x74,0x75,0x72,0x6e,0x20,0x76,0x65,0x63,0x32,0x66,0x28,0x6d,0x69,0x78,0x28,0x78,
    0x5f,0x37,0x38,0x2c,0x20,0x28,0x31,0x2e,0x30,0x66,0x20,0x2d,0x20,0x78,0x5f,0x38,
    0x31,0x29,0x2c,0x20,0x78,0x5f,0x38,0x33,0x29,0x2c,0x20,0x6d,0x69,0x78,0x28,0x78,
    0x5f,0x38,0x37,0x2c,0x20,0x28,0x31,0x2e,0x30,0x66,0x20,0x2d,0x20,0x78,0x5f,0x38,
    0x39,0x29,0x2c,0x20,0x78,0x5f,0x39,0x31,0x29,0x29,0x3b,0x0a,0x7d,0x0a,0x0a,0x66,
    0x6e,0x20,0x62,0x72,0x69,0x64,0x67,0x65,0x5f,0x6c,0x75,0x6d,0x69,0x6e,0x61,0x6e,
    0x63,0x65,0x5f,0x76,0x66,0x34,0x5f,0x28,0x73,0x72,0x63,0x20,0x3a,0x20,0x70,0x74,
    0x72,0x3c,0x66,0x75,0x6e,0x63,0x74,0x69,0x6f,0x6e,0x2c,0x20,0x76,0x65,0x63,0x34,
    0x66,0x3e,0x29,0x20,0x2d,0x3e,0x20,0x66,0x33,0x32,0x20,0x7b,0x0a,0x20,0x20,0x76,
    0x61,0x72,0x20,0x79,0x20,0x3a,0x20,0x66,0x33,0x32,0x3b,0x0a,0x20,0x20,0x76,0x61,
    0x72,0x20,0x70,0x61,0x72,0x61,0x6d,0x5f,0x34,0x20,0x3a,0x20,0x66,0x33,0x32,0x3b,
    0x0a,0x20,0x20,0x76,0x61,0x72,0x20,0x70,0x61,0x72,0x61,0x6d,0x5f,0x35,0x20,0x3a,
    0x20,0x66,0x33,0x32,0x3b,0x0a,0x20,0x20,0x79,0x20,0x3d,0x20,0x64,0x6f,0x74,0x28,
    0x28,0x2a,0x28,0x73,0x72,0x63,0x29,0x29,0x2e,0x78,0x79,0x7a,0x2c,0x20,0x76,0x65,
    0x63,0x33,0x66,0x28,0x30,0x2e,0x32,0x31,0x32,0x35,0x39,0x39,0x39,0x39,0x32,0x37,
    0x35,0x32,0x30,0x37,0x35,0x31,0x39,0x35,0x33,0x31,0x66,0x2c,0x20,0x30,0x2e,0x37,
    0x31,0x35,0x32,0x30,0x30,0x30,0x30,0x36,0x39,0x36,0x31,0x38,0x32,0x32,0x35,0x30,
    0x39,0x37,0x37,0x66,0x2c,0x20,0x30,0x2e,0x30,0x37,0x32,0x32,0x30,0x30,0x30,0x30,
    0x30,0x32,0x38,0x36,0x31,0x30,0x32,0x32,0x39,0x34,0x39,0x32,0x66,0x29,0x29,0x3b,
    0x0a,0x20,0x20,0x6c,0x65,0x74,0x20,0x78,0x5f,0x31,0x30,0x34,0x20,0x3d,0x20,0x79,
    0x3b,0x0a,0x20,0x20,0x6c,0x65,0x74,0x20,0x78,0x5f,0x31,0x30,0x35,0x20,0x3d,0x20,
    0x79,0x3b,0x0a,0x20,0x20,0x70,0x61,0x72,0x61,0x6d,0x5f,0x34,0x20,0x3d,0x20,0x78,
    0x5f,0x35,0x37,0x2e,0x6f,0x70,0x74,0x69,0x6f,0x6e,0x73,0x2e,0x77,0x3b,0x0a,0x20,
    0x20,0x70,0x61,0x72,0x61,0x6d,0x5f,0x35,0x20,0x3d,0x20,0x31,0x2e,0x30,0x66,0x3b,
    0x0a,0x20,0x20,0x6c,0x65,0x74,0x20,0x78,0x5f,0x31,0x31,0x31,0x20,0x3d,0x20,0x62,
    0x72,0x69,0x64,0x67,0x65,0x5f,0x66,0x6c,0x61,0x67,0x5f,0x66,0x31,0x5f,0x66,0x31,
    0x5f,0x28,0x26,0x28,0x70,0x61,0x72,0x61,0x6d,0x5f,0x34,0x29,0x2c,0x20,0x26,0x28,
    0x70,0x61,0x72,0x61,0x6d,0x5f,0x35,0x29,0x29,0x3b,0x0a,0x20,0x20,0x72,0x65,0x74,
    0x75,0x72,0x6e,0x20,0x6d,0x69,0x78,0x28,0x78,0x5f,0x31,0x30,0x34,0x2c,0x20,0x28,
    0x31,0x2e,0x30,0x66,0x20,0x2d,0x20,0x78,0x5f,0x31,0x30,0x35,0x29,0x2c,0x20,0x78,
    0x5f,0x31,0x31,0x31,0x29,0x3b,0x0a,0x7d,0x0a,0x0a,0x66,0x6e,0x20,0x62,0x72,0x69,
    0x64,0x67,0x65,0x5f,0x6d,0x61,0x73,0x6b,0x5f,0x73,0x6f,0x75,0x72,0x63,0x65,0x5f,
    0x6d,0x6f,0x64,0x65,0x5f,0x28,0x29,0x20,0x2d,0x3e,0x20,0x66,0x33,0x32,0x20,0x7b,
    0x0a,0x20,0x20,0x6c,0x65,0x74,0x20,0x78,0x5f,0x31,0x31,0x36,0x20,0x3d,0x20,0x78,
    0x5f,0x35,0x37,0x2e,0x6f,0x70,0x74,0x69,0x6f,0x6e,0x73,0x2e,0x77,0x3b,0x0a,0x20,
    0x20,0x72,0x65,0x74,0x75,0x72,0x6e,0x20,0x66,0x6c,0x6f,0x6f,0x72,0x28,0x28,0x78,
    0x5f,0x31,0x31,0x36,0x20,0x2f,0x20,0x31,0x36,0x2e,0x30,0x66,0x29,0x29,0x3b,0x0a,
    0x7d,0x0a,0x0a,0x66,0x6e,0x20,0x62,0x72,0x69,0x64,0x67,0x65,0x5f,0x73,0x61,0x74,
    0x75,0x72,0x61,0x74,0x69,0x6f,0x6e,0x5f,0x76,0x66,0x33,0x5f,0x28,0x72,0x67,0x62,
    0x20,0x3a,0x20,0x70,0x74,0x72,0x3c,0x66,0x75,0x6e,0x63,0x74,0x69,0x6f,0x6e,0x2c,
    0x20,0x76,0x65,0x63,0x33,0x66,0x3e,0x29,0x20,0x2d,0x3e,0x20,0x66,0x33,0x32,0x20,
    0x7b,0x0a,0x20,0x20,0x76,0x61,0x72,0x20,0x68,0x69,0x20,0x3a,0x20,0x66,0x33,0x32,
    0x3b,0x0a,0x20,0x20,0x76,0x61,0x72,0x20,0x6c,0x6f,0x20,0x3a,0x20,0x66,0x33,0x32,
    0x3b,0x0a,0x20,0x20,0x76,0x61,0x72,0x20,0x78,0x5f,0x31,0x34,0x35,0x20,0x3a,0x20,
    0x66,0x33,0x32,0x3b,0x0a,0x20,0x20,0x68,0x69,0x20,0x3d,0x20,0x6d,0x61,0x78,0x28,
    0x6d,0x61,0x78,0x28,0x28,0x2a,0x28,0x72,0x67,0x62,0x29,0x29,0x2e,0x78,0x2c,0x20,
    0x28,0x2a,0x28,0x72,0x67,0x62,0x29,0x29,0x2e,0x79,0x29,0x2c,0x20,0x28,0x2a,0x28,
    0x72,0x67,0x62,0x29,0x29,0x2e,0x7a,0x29,0x3b,0x0a,0x20,0x20,0x6c,0x6f,0x20,0x3d,
    0x20,0x6d,0x69,0x6e,0x28,0x6d,0x69,0x6e,0x28,0x28,0x2a,0x28,0x72,0x67,0x62,0x29,
    0x29,0x2e,0x78,0x2c,0x20,0x28,0x2a,0x28,0x72,0x67,0x62,0x29,0x29,0x2e,0x79,0x29,
    0x2c,0x20,0x28,0x2a,0x28,0x72,0x67,0x62,0x29,0x29,0x2e,0x7a,0x29,0x3b,0x0a,0x20,
    0x20,0x69,0x66,0x20,0x28,0x28,0x68,0x69,0x20,0x3c,0x3d,0x20,0x30,0x2e,0x30,0x30,
    0x30,0x30,0x30,0x30,0x39,0x39,0x39,0x39,0x39,0x39,0x39,0x39,0x37,0x34,0x37,0x35,
    0x32,0x34,0x66,0x29,0x29,0x20,0x7b,0x0a,0x20,0x20,0x20,0x20,0x78,0x5f,0x31,0x34,
    0x35,0x20,0x3d,0x20,0x30,0x2e,0x30,0x66,0x3b,0x0a,0x20,0x20,0x7d,0x20,0x65,0x6c,
    0x73,0x65,0x20,0x7b,0x0a,0x20,0x20,0x20,0x20,0x78,0x5f,0x31,0x34,0x35,0x20,0x3d,
    0x20,0x28,0x28,0x68,0x69,0x20,0x2d,0x20,0x6c,0x6f,0x29,0x20,0x2f,0x20,0x68,0x69,
    0x29,0x3b,0x0a,0x20,0x20,0x7d,0x0a,0x20,0x20,0x6c,0x65,0x74,0x20,0x78,0x5f,0x31,
    0x35,0x35,0x20,0x3d,0x20,0x78,0x5f,0x31,0x34,0x35,0x3b,0x0a,0x20,0x20,0x72,0x65,
    0x74,0x75,0x72,0x6e,0x20,0x78,0x5f,0x31,0x35,0x35,0x3b,0x0a,0x7d,0x0a,0x0a,0x66,
    0x6e,0x20,0x62,0x72,0x69,0x64,0x67,0x65,0x5f,0x6d,0x61,0x73,0x6b,0x5f,0x76,0x61,
    0x6c,0x75,0x65,0x5f,0x76,0x66,0x34,0x5f,0x66,0x31,0x5f,0x28,0x73,0x72,0x63,0x5f,
    0x31,0x20,0x3a,0x20,0x70,0x74,0x72,0x3c,0x66,0x75,0x6e,0x63,0x74,0x69,0x6f,0x6e,
    0x2c,0x20,0x76,0x65,0x63,0x34,0x66,0x3e,0x2c,0x20,0x69,0x6e,0x74,0x65,0x6e,0x73,
    0x69,0x74,0x79,0x20,0x3a,0x20,0x70,0x74,0x72,0x3c,0x66,0x75,0x6e,0x63,0x74,0x69,
    0x6f,0x6e,0x2c,0x20,0x66,0x33,0x32,0x3e,0x29,0x20,0x2d,0x3e,0x20,0x66,0x33,0x32,
    0x20,0x7b,0x0a,0x20,0x20,0x76,0x61,0x72,0x20,0x75,0x73,0x65,0x5f,0x61,0x6c,0x70,
    0x68,0x61,0x20,0x3a,0x20,0x66,0x33,0x32,0x3b,0x0a,0x20,0x20,0x76,0x61,0x72,0x20,
    0x70,0x61,0x72,0x61,0x6d,0x5f,0x36,0x20,0x3a,0x20,0x66,0x33,0x32,0x3b,0x0a,0x20,
    0x20,0x76,0x61,0x72,0x20,0x70,0x61,0x72,0x61,0x6d,0x5f,0x37,0x20,0x3a,0x20,0x66,
    0x33,0x32,0x3b,0x0a,0x20,0x20,0x76,0x61,0x72,0x20,0x6d,0x6f,0x64,0x65,0x20,0x3a,
    0x20,0x66,0x33,0x32,0x3b,0x0a,0x20,0x20,0x76,0x61,0x72,0x20,0x70,0x61,0x72,0x61,
    0x6d,0x5f,0x38,0x20,0x3a,0x20,0x76,0x65,0x63,0x33,0x66,0x3b,0x0a,0x20,0x20,0x70,
    0x61,0x72,0x61,0x6d,0x5f,0x36,0x20,0x3d,0x20,0x78,0x5f,0x35,0x37,0x2e,0x6f,0x70,
    0x74,0x69,0x6f,0x6e,0x73,0x2e,0x77,0x3b,0x0a,0x20,0x20,0x70,0x61,0x72,0x61,0x6d,
    0x5f,0x37,0x20,0x3d,0x20,0x32,0x2e,0x30,0x66,0x3b,0x0a,0x20,0x20,0x6c,0x65,0x74,
    0x20,0x78,0x5f,0x31,0x37,0x30,0x20,0x3d,0x20,0x62,0x72,0x69,0x64,0x67,0x65,0x5f,
    0x66,0x6c,0x61,0x67,0x5f,0x66,0x31,0x5f,0x66,0x31,0x5f,0x28,0x26,0x28,0x70,0x61,
    0x72,0x61,0x6d,0x5f,0x36,0x29,0x2c,0x20,0x26,0x28,0x70,0x61,0x72,0x61,0x6d,0x5f,
    0x37,0x29,0x29,0x3b,0x0a,0x20,0x20,0x75,0x73,0x65,0x5f,0x61,0x6c,0x70,0x68,0x61,
    0x20,0x3d,0x20,0x78,0x5f,0x31,0x37,0x30,0x3b,0x0a,0x20,0x20,0x6c,0x65,0x74,0x20,
    0x78,0x5f,0x31,0x37,0x32,0x20,0x3d,0x20,0x62,0x72,0x69,0x64,0x67,0x65,0x5f,0x6d,
    0x61,0x73,0x6b,0x5f,0x73,0x6f,0x75,0x72,0x63,0x65,0x5f,0x6d,0x6f,0x64,0x65,0x5f,
    0x28,0x29,0x3b,0x0a,0x20,0x20,0x6d,0x6f,0x64,0x65,0x20,0x3d,0x20,0x78,0x5f,0x31,
    0x37,0x32,0x3b,0x0a,0x20,0x20,0x69,0x66,0x20,0x28,0x28,0x75,0x73,0x65,0x5f,0x61,
    0x6c,0x70,0x68,0x61,0x20,0x3e,0x20,0x30,0x2e,0x35,0x66,0x29,0x29,0x20,0x7b,0x0a,
    0x20,0x20,0x20,0x20,0x6d,0x6f,0x64,0x65,0x20,0x3d,0x20,0x31,0x2e,0x30,0x66,0x3b,
    0x0a,0x20,0x20,0x7d,0x0a,0x20,0x20,0x69,0x66,0x20,0x28,0x28,0x28,0x6d,0x6f,0x64,
    0x65,0x20,0x3e,0x20,0x30,0x2e,0x35,0x66,0x29,0x20,0x26,0x20,0x28,0x6d,0x6f,0x64,
    0x65,0x20,0x3c,0x20,0x31,0x2e,0x35,0x66,0x29,0x29,0x29,0x20,0x7b,0x0a,0x20,0x20,
    0x20,0x20,0x6c,0x65,0x74,0x20,0x78,0x5f,0x31,0x38,0x37,0x20,0x3d,0x20,0x28,0x2a,
    0x28,0x73,0x72,0x63,0x5f,0x31,0x29,0x29,0x2e,0x77,0x3b,0x0a,0x20,0x20,0x20,0x20,
    0x72,0x65,0x74,0x75,0x72,0x6e,0x20,0x78,0x5f,0x31,0x38,0x37,0x3b,0x0a,0x20,0x20,
    0x7d,0x0a,0x20,0x20,0x69,0x66,0x20,0x28,0x28,0x28,0x6d,0x6f,0x64,0x65,0x20,0x3e,
    0x20,0x31,0x2e,0x35,0x66,0x29,0x20,0x26,0x20,0x28,0x6d,0x6f,0x64,0x65,0x20,0x3c,
    0x20,0x32,0x2e,0x35,0x66,0x29,0x29,0x29,0x20,0x7b,0x0a,0x20,0x20,0x20,0x20,0x6c,
    0x65,0x74,0x20,0x78,0x5f,0x31,0x39,0x38,0x20,0x3d,0x20,0x28,0x2a,0x28,0x73,0x72,
    0x63,0x5f,0x31,0x29,0x29,0x2e,0x78,0x3b,0x0a,0x20,0x20,0x20,0x20,0x72,0x65,0x74,
    0x75,0x72,0x6e,0x20,0x78,0x5f,0x31,0x39,0x38,0x3b,0x0a,0x20,0x20,0x7d,0x0a,0x20,
    0x20,0x69,0x66,0x20,0x28,0x28,0x28,0x6d,0x6f,0x64,0x65,0x20,0x3e,0x20,0x32,0x2e,
    0x35,0x66,0x29,0x20,0x26,0x20,0x28,0x6d,0x6f,0x64,0x65,0x20,0x3c,0x20,0x33,0x2e,
    0x35,0x66,0x29,0x29,0x29,0x20,0x7b,0x0a,0x20,0x20,0x20,0x20,0x6c,0x65,0x74,0x20,
    0x78,0x5f,0x32,0x30,0x39,0x20,0x3d,0x20,0x28,0x2a,0x28,0x73,0x72,0x63,0x5f,0x31,
    0x29,0x29,0x2e,0x79,0x3b,0x0a,0x20,0x20,0x20,0x20,0x72,0x65,0x74,0x75,0x72,0x6e,
    0x20,0x78,0x5f,0x32,0x30,0x39,0x3b,0x0a,0x20,0x20,0x7d,0x0a,0x20,0x20,0x69,0x66,
    0x20,0x28,0x28,0x28,0x6d,0x6f,0x64,0x65,0x20,0x3e,0x20,0x33,0x2e,0x35,0x66,0x29,
    0x20,0x26,0x20,0x28,0x6d,0x6f,0x64,0x65,0x20,0x3c,0x20,0x34,0x2e,0x35,0x66,0x29,
    0x29,0x29,0x20,0x7b,0x0a,0x20,0x20,0x20,0x20,0x6c,0x65,0x74,0x20,0x78,0x5f,0x32,
    0x32,0x30,0x20,0x3d,0x20,0x28,0x2a,0x28,0x73,0x72,0x63,0x5f,0x31,0x29,0x29,0x2e,
    0x7a,0x3b,0x0a,0x20,0x20,0x20,0x20,0x72,0x65,0x74,0x75,0x72,0x6e,0x20,0x78,0x5f,
    0x32,0x32,0x30,0x3b,0x0a,0x20,0x20,0x7d,0x0a,0x20,0x20,0x69,0x66,0x20,0x28,0x28,
    0x28,0x6d,0x6f,0x64,0x65,0x20,0x3e,0x20,0x34,0x2e,0x35,0x66,0x29,0x20,0x26,0x20,
    0x28,0x6d,0x6f,0x64,0x65,0x20,0x3c,0x20,0x35,0x2e,0x35,0x66,0x29,0x29,0x29,0x20,
    0x7b,0x0a,0x20,0x20,0x20,0x20,0x6c,0x65,0x74,0x20,0x78,0x5f,0x32,0x33,0x31,0x20,
    0x3d,0x20,0x28,0x2a,0x28,0x73,0x72,0x63,0x5f,0x31,0x29,0x29,0x2e,0x78,0x3b,0x0a,
    0x20,0x20,0x20,0x20,0x6c,0x65,0x74,0x20,0x78,0x5f,0x32,0x33,0x33,0x20,0x3d,0x20,
    0x28,0x2a,0x28,0x73,0x72,0x63,0x5f,0x31,0x29,0x29,0x2e,0x79,0x3b,0x0a,0x20,0x20,
    0x20,0x20,0x6c,0x65,0x74,0x20,0x78,0x5f,0x32,0x33,0x36,0x20,0x3d,0x20,0x28,0x2a,
    0x28,0x73,0x72,0x63,0x5f,0x31,0x29,0x29,0x2e,0x7a,0x3b,0x0a,0x20,0x20,0x20,0x20,
    0x72,0x65,0x74,0x75,0x72,0x6e,0x20,0x6d,0x61,0x78,0x28,0x6d,0x61,0x78,0x28,0x78,
    0x5f,0x32,0x33,0x31,0x2c,0x20,0x78,0x5f,0x32,0x33,0x33,0x29,0x2c,0x20,0x78,0x5f,
    0x32,0x33,0x36,0x29,0x3b,0x0a,0x20,0x20,0x7d,0x0a,0x20,0x20,0x69,0x66,0x20,0x28,
    0x28,0x6d,0x6f,0x64,0x65,0x20,0x3e,0x20,0x35,0x2e,0x35,0x66,0x29,0x29,0x20,0x7b,
    0x0a,0x20,0x20,0x20,0x20,0x70,0x61,0x72,0x61,0x6d,0x5f,0x38,0x20,0x3d,0x20,0x28,
    0x2a,0x28,0x73,0x72,0x63,0x5f,0x31,0x29,0x29,0x2e,0x78,0x79,0x7a,0x3b,0x0a,0x20,
    0x20,0x20,0x20,0x6c,0x65,0x74,0x20,0x78,0x5f,0x32,0x34,0x36,0x20,0x3d,0x20,0x62,
    0x72,0x69,0x64,0x67,0x65,0x5f,0x73,0x61,0x74,0x75,0x72,0x61,0x74,0x69,0x6f,0x6e,
    0x5f,0x76,0x66,0x33,0x5f,0x28,0x26,0x28,0x70,0x61,0x72,0x61,0x6d,0x5f,0x38,0x29,
    0x29,0x3b,0x0a,0x20,0x20,0x20,0x20,0x72,0x65,0x74,0x75,0x72,0x6e,0x20,0x78,0x5f,
    0x32,0x34,0x36,0x3b,0x0a,0x20,0x20,0x7d,0x0a,0x20,0x20,0x6c,0x65,0x74,0x20,0x78,
    0x5f,0x32,0x34,0x38,0x20,0x3d,0x20,0x2a,0x28,0x69,0x6e,0x74,0x65,0x6e,0x73,0x69,
    0x74,0x79,0x29,0x3b,0x0a,0x20,0x20,0x72,0x65,0x74,0x75,0x72,0x6e,0x20,0x78,0x5f,
    0x32,0x34,0x38,0x3b,0x0a,0x7d,0x0a,0x0a,0x66,0x6e,0x20,0x62,0x72,0x69,0x64,0x67,
    0x65,0x5f,0x6d,0x61,0x73,0x6b,0x5f,0x67,0x61,0x6d,0x6d,0x61,0x5f,0x28,0x29,0x20,
    0x2d,0x3e,0x20,0x66,0x33,0x32,0x20,0x7b,0x0a,0x20,0x20,0x6c,0x65,0x74,0x20,0x78,
    0x5f,0x31,0x36,0x30,0x20,0x3d,0x20,0x78,0x5f,0x35,0x37,0x2e,0x74,0x65,0x78,0x65,
    0x6c,0x2e,0x77,0x3b,0x0a,0x20,0x20,0x72,0x65,0x74,0x75,0x72,0x6e,0x20,0x6d,0x61,
    0x78,0x28,0x78,0x5f,0x31,0x36,0x30,0x2c,0x20,0x30,0x2e,0x30,0x30,0x30,0x30,0x39,
    0x39,0x39,0x39,0x39,0x39,0x39,0x37,0x34,0x37,0x33,0x37,0x38,0x37,0x35,0x32,0x66,
    0x29,0x3b,0x0a,0x7d,0x0a,0x0a,0x66,0x6e,0x20,0x62,0x72,0x69,0x64,0x67,0x65,0x5f,
    0x73,0x6f,0x66,0x74,0x5f,0x6d,0x61,0x73,0x6b,0x5f,0x66,0x31,0x5f,0x28,0x76,0x61,
    0x6c,0x75,0x65,0x20,0x3a,0x20,0x70,0x74,0x72,0x3c,0x66,0x75,0x6e,0x63,0x74,0x69,
    0x6f,0x6e,0x2c,0x20,0x66,0x33,0x32,0x3e,0x29,0x20,0x2d,0x3e,0x20,0x66,0x33,0x32,
    0x20,0x7b,0x0a,0x20,0x20,0x76,0x61,0x72,0x20,0x73,0x6f,0x66,0x74,0x6e,0x65,0x73,
    0x73,0x20,0x3a,0x20,0x66,0x33,0x32,0x3b,0x0a,0x20,0x20,0x76,0x61,0x72,0x20,0x6d,
    0x61,0x73,0x6b,0x20,0x3a,0x20,0x66,0x33,0x32,0x3b,0x0a,0x20,0x20,0x76,0x61,0x72,
    0x20,0x78,0x5f,0x32,0x35,0x39,0x20,0x3a,0x20,0x66,0x33,0x32,0x3b,0x0a,0x20,0x20,
    0x73,0x6f,0x66,0x74,0x6e,0x65,0x73,0x73,0x20,0x3d,0x20,0x6d,0x61,0x78,0x28,0x78,
    0x5f,0x35,0x37,0x2e,0x74,0x65,0x78,0x65,0x6c,0x2e,0x7a,0x2c,0x20,0x30,0x2e,0x30,
    0x66,0x29,0x3b,0x0a,0x20,0x20,0x69,0x66,0x20,0x28,0x28,0x73,0x6f,0x66,0x74,0x6e,
    0x65,0x73,0x73,0x20,0x3c,0x3d,0x20,0x30,0x2e,0x30,0x30,0x30,0x30,0x30,0x39,0x39,
    0x39,0x39,0x39,0x39,0x39,0x37,0x34,0x37,0x33,0x37,0x38,0x37,0x35,0x66,0x29,0x29,
    0x20,0x7b,0x0a,0x20,0x20,0x20,0x20,0x78,0x5f,0x32,0x35,0x39,0x20,0x3d,0x20,0x73,
    0x74,0x65,0x70,0x28,0x78,0x5f,0x35,0x37,0x2e,0x6f,0x70,0x74,0x69,0x6f,0x6e,0x73,
    0x2e,0x79,0x2c,0x20,0x2a,0x28,0x76,0x61,0x6c,0x75,0x65,0x29,0x29,0x3b,0x0a,0x20,
    0x20,0x7d,0x20,0x65,0x6c,0x73,0x65,0x20,0x7b,0x0a,0x20,0x20,0x20,0x20,0x78,0x5f,
    0x32,0x35,0x39,0x20,0x3d,0x20,0x73,0x6d,0x6f,0x6f,0x74,0x68,0x73,0x74,0x65,0x70,
    0x28,0x28,0x78,0x5f,0x35,0x37,0x2e,0x6f,0x70,0x74,0x69,0x6f,0x6e,0x73,0x2e,0x79,
    0x20,0x2d,0x20,0x28,0x73,0x6f,0x66,0x74,0x6e,0x65,0x73,0x73,0x20,0x2a,0x20,0x30,
    0x2e,0x35,0x66,0x29,0x29,0x2c,0x20,0x28,0x78,0x5f,0x35,0x37,0x2e,0x6f,0x70,0x74,
    0x69,0x6f,0x6e,0x73,0x2e,0x79,0x20,0x2b,0x20,0x28,0x73,0x6f,0x66,0x74,0x6e,0x65,
    0x73,0x73,0x20,0x2a,0x20,0x30,0x2e,0x35,0x66,0x29,0x29,0x2c,0x20,0x2a,0x28,0x76,
    0x61,0x6c,0x75,0x65,0x29,0x29,0x3b,0x0a,0x20,0x20,0x7d,0x0a,0x20,0x20,0x6d,0x61,
    0x73,0x6b,0x20,0x3d,0x20,0x78,0x5f,0x32,0x35,0x39,0x3b,0x0a,0x20,0x20,0x6c,0x65,
    0x74,0x20,0x78,0x5f,0x32,0x38,0x30,0x20,0x3d,0x20,0x6d,0x61,0x73,0x6b,0x3b,0x0a,
    0x20,0x20,0x6c,0x65,0x74,0x20,0x78,0x5f,0x32,0x38,0x32,0x20,0x3d,0x20,0x62,0x72,
    0x69,0x64,0x67,0x65,0x5f,0x6d,0x61,0x73,0x6b,0x5f,0x67,0x61,0x6d,0x6d,0x61,0x5f,
    0x28,0x29,0x3b,0x0a,0x20,0x20,0x72,0x65,0x74,0x75,0x72,0x6e,0x20,0x70,0x6f,0x77,
    0x28,0x63,0x6c,0x61,0x6d,0x70,0x28,0x78,0x5f,0x32,0x38,0x30,0x2c,0x20,0x30,0x2e,
    0x30,0x66,0x2c,0x20,0x31,0x2e,0x30,0x66,0x29,0x2c,0x20,0x28,0x31,0x2e,0x30,0x66,
    0x20,0x2f,0x20,0x78,0x5f,0x32,0x38,0x32,0x29,0x29,0x3b,0x0a,0x7d,0x0a,0x0a,0x66,
    0x6e,0x20,0x6d,0x61,0x69,0x6e,0x5f,0x31,0x28,0x29,0x20,0x7b,0x0a,0x20,0x20,0x76,
    0x61,0x72,0x20,0x70,0x78,0x20,0x3a,0x20,0x76,0x65,0x63,0x32,0x66,0x3b,0x0a,0x20,
    0x20,0x76,0x61,0x72,0x20,0x73,0x72,0x63,0x5f,0x63,0x20,0x3a,0x20,0x76,0x65,0x63,
    0x34,0x66,0x3b,0x0a,0x20,0x20,0x76,0x61,0x72,0x20,0x70,0x61,0x72,0x61,0x6d,0x5f,
    0x39,0x20,0x3a,0x20,0x76,0x65,0x63,0x32,0x66,0x3b,0x0a,0x20,0x20,0x76,0x61,0x72,
    0x20,0x73,0x72,0x63,0x5f,0x6c,0x20,0x3a,0x20,0x76,0x65,0x63,0x34,0x66,0x3b,0x0a,
    0x20,0x20,0x76,0x61,0x72,0x20,0x70,0x61,0x72,0x61,0x6d,0x5f,0x31,0x30,0x20,0x3a,
    0x20,0x76,0x65,0x63,0x32,0x66,0x3b,0x0a,0x20,0x20,0x76,0x61,0x72,0x20,0x73,0x72,
    0x63,0x5f,0x72,0x20,0x3a,0x20,0x76,0x65,0x63,0x34,0x66,0x3b,0x0a,0x20,0x20,0x76,
    0x61,0x72,0x20,0x70,0x61,0x72,0x61,0x6d,0x5f,0x31,0x31,0x20,0x3a,0x20,0x76,0x65,
    0x63,0x32,0x66,0x3b,0x0a,0x20,0x20,0x76,0x61,0x72,0x20,0x73,0x72,0x63,0x5f,0x75,
    0x20,0x3a,0x20,0x76,0x65,0x63,0x34,0x66,0x3b,0x0a,0x20,0x20,0x76,0x61,0x72,0x20,
    0x70,0x61,0x72,0x61,0x6d,0x5f,0x31,0x32,0x20,0x3a,0x20,0x76,0x65,0x63,0x32,0x66,
    0x3b,0x0a,0x20,0x20,0x76,0x61,0x72,0x20,0x73,0x72,0x63,0x5f,0x64,0x20,0x3a,0x20,
    0x76,0x65,0x63,0x34,0x66,0x3b,0x0a,0x20,0x20,0x76,0x61,0x72,0x20,0x70,0x61,0x72,
    0x61,0x6d,0x5f,0x31,0x33,0x20,0x3a,0x20,0x76,0x65,0x63,0x32,0x66,0x3b,0x0a,0x20,
    0x20,0x76,0x61,0x72,0x20,0x63,0x20,0x3a,0x20,0x66,0x33,0x32,0x3b,0x0a,0x20,0x20,
    0x76,0x61,0x72,0x20,0x70,0x61,0x72,0x61,0x6d,0x5f,0x31,0x34,0x20,0x3a,0x20,0x76,
    0x65,0x63,0x34,0x66,0x3b,0x0a,0x20,0x20,0x76,0x61,0x72,0x20,0x6c,0x20,0x3a,0x20,
    0x66,0x33,0x32,0x3b,0x0a,0x20,0x20,0x76,0x61,0x72,0x20,0x70,0x61,0x72,0x61,0x6d,
    0x5f,0x31,0x35,0x20,0x3a,0x20,0x76,0x65,0x63,0x34,0x66,0x3b,0x0a,0x20,0x20,0x76,
    0x61,0x72,0x20,0x72,0x20,0x3a,0x20,0x66,0x33,0x32,0x3b,0x0a,0x20,0x20,0x76,0x61,
    0x72,0x20,0x70,0x61,0x72,0x61,0x6d,0x5f,0x31,0x36,0x20,0x3a,0x20,0x76,0x65,0x63,
    0x34,0x66,0x3b,0x0a,0x20,0x20,0x76,0x61,0x72,0x20,0x75,0x20,0x3a,0x20,0x66,0x33,
    0x32,0x3b,0x0a,0x20,0x20,0x76,0x61,0x72,0x20,0x70,0x61,0x72,0x61,0x6d,0x5f,0x31,
    0x37,0x20,0x3a,0x20,0x76,0x65,0x63,0x34,0x66,0x3b,0x0a,0x20,0x20,0x76,0x61,0x72,
    0x20,0x64,0x20,0x3a,0x20,0x66,0x33,0x32,0x3b,0x0a,0x20,0x20,0x76,0x61,0x72,0x20,
    0x70,0x61,0x72,0x61,0x6d,0x5f,0x31,0x38,0x20,0x3a,0x20,0x76,0x65,0x63,0x34,0x66,
    0x3b,0x0a,0x20,0x20,0x76,0x61,0x72,0x20,0x6d,0x61,0x73,0x6b,0x5f,0x31,0x20,0x3a,
    0x20,0x66,0x33,0x32,0x3b,0x0a,0x20,0x20,0x76,0x61,0x72,0x20,0x70,0x61,0x72,0x61,
    0x6d,0x5f,0x31,0x39,0x20,0x3a,0x20,0x76,0x65,0x63,0x34,0x66,0x3b,0x0a,0x20,0x20,
    0x76,0x61,0x72,0x20,0x70,0x61,0x72,0x61,0x6d,0x5f,0x32,0x30,0x20,0x3a,0x20,0x66,
    0x33,0x32,0x3b,0x0a,0x20,0x20,0x76,0x61,0x72,0x20,0x70,0x61,0x72,0x61,0x6d,0x5f,
    0x32,0x31,0x20,0x3a,0x20,0x76,0x65,0x63,0x34,0x66,0x3b,0x0a,0x20,0x20,0x76,0x61,
    0x72,0x20,0x70,0x61,0x72,0x61,0x6d,0x5f,0x32,0x32,0x20,0x3a,0x20,0x66,0x33,0x32,
    0x3b,0x0a,0x20,0x20,0x76,0x61,0x72,0x20,0x70,0x61,0x72,0x61,0x6d,0x5f,0x32,0x33,
    0x20,0x3a,0x20,0x76,0x65,0x63,0x34,0x66,0x3b,0x0a,0x20,0x20,0x76,0x61,0x72,0x20,
    0x70,0x61,0x72,0x61,0x6d,0x5f,0x32,0x34,0x20,0x3a,0x20,0x66,0x33,0x32,0x3b,0x0a,
    0x20,0x20,0x76,0x61,0x72,0x20,0x70,0x61,0x72,0x61,0x6d,0x5f,0x32,0x35,0x20,0x3a,
    0x20,0x76,0x65,0x63,0x34,0x66,0x3b,0x0a,0x20,0x20,0x76,0x61,0x72,0x20,0x70,0x61,
    0x72,0x61,0x6d,0x5f,0x32,0x36,0x20,0x3a,0x20,0x66,0x33,0x32,0x3b,0x0a,0x20,0x20,
    0x76,0x61,0x72,0x20,0x70,0x61,0x72,0x61,0x6d,0x5f,0x32,0x37,0x20,0x3a,0x20,0x76,
    0x65,0x63,0x34,0x66,0x3b,0x0a,0x20,0x20,0x76,0x61,0x72,0x20,0x70,0x61,0x72,0x61,
    0x6d,0x5f,0x32,0x38,0x20,0x3a,0x20,0x66,0x33,0x32,0x3b,0x0a,0x20,0x20,0x76,0x61,
    0x72,0x20,0x70,0x61,0x72,0x61,0x6d,0x5f,0x32,0x39,0x20,0x3a,0x20,0x66,0x33,0x32,
    0x3b,0x0a,0x20,0x20,0x76,0x61,0x72,0x20,0x76,0x20,0x3a,0x20,0x76,0x65,0x63,0x32,
    0x66,0x3b,0x0a,0x20,0x20,0x70,0x78,0x20,0x3d,0x20,0x28,0x78,0x5f,0x35,0x37,0x2e,
    0x74,0x65,0x78,0x65,0x6c,0x2e,0x78,0x79,0x20,0x2a,0x20,0x6d,0x61,0x78,0x28,0x78,
    0x5f,0x35,0x37,0x2e,0x6f,0x70,0x74,0x69,0x6f,0x6e,0x73,0x2e,0x7a,0x2c,0x20,0x31,
    0x2e,0x30,0x66,0x29,0x29,0x3b,0x0a,0x20,0x20,0x70,0x61,0x72,0x61,0x6d,0x5f,0x39,
    0x20,0x3d,0x20,0x75,0x76,0x3b,0x0a,0x20,0x20,0x6c,0x65,0x74,0x20,0x78,0x5f,0x33,
    0x31,0x31,0x20,0x3d,0x20,0x62,0x72,0x69,0x64,0x67,0x65,0x5f,0x73,0x61,0x6d,0x70,
    0x6c,0x65,0x5f,0x75,0x76,0x5f,0x76,0x66,0x32,0x5f,0x28,0x26,0x28,0x70,0x61,0x72,
    0x61,0x6d,0x5f,0x39,0x29,0x29,0x3b,0x0a,0x20,0x20,0x6c,0x65,0x74,0x20,0x78,0x5f,
    0x33,0x31,0x32,0x20,0x3d,0x20,0x74,0x65,0x78,0x74,0x75,0x72,0x65,0x53,0x61,0x6d,
    0x70,0x6c,0x65,0x28,0x62,0x72,0x69,0x64,0x67,0x65,0x49,0x6e,0x70,0x75,0x74,0x54,
    0x65,0x78,0x2c,0x20,0x62,0x72,0x69,0x64,0x67,0x65,0x49,0x6e,0x70,0x75,0x74,0x53,
    0x6d,0x70,0x2c,0x20,0x78,0x5f,0x33,0x31,0x31,0x29,0x3b,0x0a,0x20,0x20,0x73,0x72,
    0x63,0x5f,0x63,0x20,0x3d,0x20,0x78,0x5f,0x33,0x31,0x32,0x3b,0x0a,0x20,0x20,0x70,
    0x61,0x72,0x61,0x6d,0x5f,0x31,0x30,0x20,0x3d,0x20,0x28,0x75,0x76,0x20,0x2d,0x20,
    0x76,0x65,0x63,0x32,0x66,0x28,0x70,0x78,0x2e,0x78,0x2c,0x20,0x30,0x2e,0x30,0x66,
    0x29,0x29,0x3b,0x0a,0x20,0x20,0x6c,0x65,0x74,0x20,0x78,0x5f,0x33,0x32,0x33,0x20,
    0x3d,0x20,0x62,0x72,0x69,0x64,0x67,0x65,0x5f,0x73,0x61,0x6d,0x70,0x6c,0x65,0x5f,
    0x75,0x76,0x5f,0x76,0x66,0x32,0x5f,0x28,0x26,0x28,0x70,0x61,0x72,0x61,0x6d,0x5f,
    0x31,0x30,0x29,0x29,0x3b,0x0a,0x20,0x20,0x6c,0x65,0x74,0x20,0x78,0x5f,0x33,0x32,
    0x34,0x20,0x3d,0x20,0x74,0x65,0x78,0x74,0x75,0x72,0x65,0x53,0x61,0x6d,0x70,0x6c,
    0x65,0x28,0x62,0x72,0x69,0x64,0x67,0x65,0x49,0x6e,0x70,0x75,0x74,0x54,0x65,0x78,
    0x2c,0x20,0x62,0x72,0x69,0x64,0x67,0x65,0x49,0x6e,0x70,0x75,0x74,0x53,0x6d,0x70,
    0x2c,0x20,0x78,0x5f,0x33,0x32,0x33,0x29,0x3b,0x0a,0x20,0x20,0x73,0x72,0x63,0x5f,
    0x6c,0x20,0x3d,0x20,0x78,0x5f,0x33,0x32,0x34,0x3b,0x0a,0x20,0x20,0x70,0x61,0x72,
    0x61,0x6d,0x5f,0x31,0x31,0x20,0x3d,0x20,0x28,0x75,0x76,0x20,0x2b,0x20,0x76,0x65,
    0x63,0x32,0x66,0x28,0x70,0x78,0x2e,0x78,0x2c,0x20,0x30,0x2e,0x30,0x66,0x29,0x29,
    0x3b,0x0a,0x20,0x20,0x6c,0x65,0x74,0x20,0x78,0x5f,0x33,0x33,0x35,0x20,0x3d,0x20,
    0x62,0x72,0x69,0x64,0x67,0x65,0x5f,0x73,0x61,0x6d,0x70,0x6c,0x65,0x5f,0x75,0x76,
    0x5f,0x76,0x66,0x32,0x5f,0x28,0x26,0x28,0x70,0x61,0x72,0x61,0x6d,0x5f,0x31,0x31,
    0x29,0x29,0x3b,0x0a,0x20,0x20,0x6c,0x65,0x74,0x20,0x78,0x5f,0x33,0x33,0x36,0x20,
    0x3d,0x20,0x74,0x65,0x78,0x74,0x75,0x72,0x65,0x53,0x61,0x6d,0x70,0x6c,0x65,0x28,
    0x62,0x72,0x69,0x64,0x67,0x65,0x49,0x6e,0x70,0x75,0x74,0x54,0x65,0x78,0x2c,0x20,
    0x62,0x72,0x69,0x64,0x67,0x65,0x49,0x6e,0x70,0x75,0x74,0x53,0x6d,0x70,0x2c,0x20,
    0x78,0x5f,0x33,0x33,0x35,0x29,0x3b,0x0a,0x20,0x20,0x73,0x72,0x63,0x5f,0x72,0x20,
    0x3d,0x20,0x78,0x5f,0x33,0x33,0x36,0x3b,0x0a,0x20,0x20,0x70,0x61,0x72,0x61,0x6d,
    0x5f,0x31,0x32,0x20,0x3d,0x20,0x28,0x75,0x76,0x20,0x2d,0x20,0x76,0x65,0x63,0x32,
    0x66,0x28,0x30,0x2e,0x30,0x66,0x2c,0x20,0x70,0x78,0x2e,0x79,0x29,0x29,0x3b,0x0a,
    0x20,0x20,0x6c,0x65,0x74,0x20,0x78,0x5f,0x33,0x34,0x37,0x20,0x3d,0x20,0x62,0x72,
    0x69,0x64,0x67,0x65,0x5f,0x73,0x61,0x6d,0x70,0x6c,0x65,0x5f,0x75,0x76,0x5f,0x76,
    0x66,0x32,0x5f,0x28,0x26,0x28,0x70,0x61,0x72,0x61,0x6d,0x5f,0x31,0x32,0x29,0x29,
    0x3b,0x0a,0x20,0x20,0x6c,0x65,0x74,0x20,0x78,0x5f,0x33,0x34,0x38,0x20,0x3d,0x20,
    0x74,0x65,0x78,0x74,0x75,0x72,0x65,0x53,0x61,0x6d,0x70,0x6c,0x65,0x28,0x62,0x72,
    0x69,0x64,0x67,0x65,0x49,0x6e,0x70,0x75,0x74,0x54,0x65,0x78,0x2c,0x20,0x62,0x72,
    0x69,0x64,0x67,0x65,0x49,0x6e,0x70,0x75,0x74,0x53,0x6d,0x70,0x2c,0x20,0x78,0x5f,
    0x33,0x34,0x37,0x29,0x3b,0x0a,0x20,0x20,0x73,0x72,0x63,0x5f,0x75,0x20,0x3d,0x20,
    0x78,0x5f,0x33,0x34,0x38,0x3b,0x0a,0x20,0x20,0x70,0x61,0x72,0x61,0x6d,0x5f,0x31,
    0x33,0x20,0x3d,0x20,0x28,0x75,0x76,0x20,0x2b,0x20,0x76,0x65,0x63,0x32,0x66,0x28,
    0x30,0x2e,0x30,0x66,0x2c,0x20,0x70,0x78,0x2e,0x79,0x29,0x29,0x3b,0x0a,0x20,0x20,
    0x6c,0x65,0x74,0x20,0x78,0x5f,0x33,0x35,0x39,0x20,0x3d,0x20,0x62,0x72,0x69,0x64,
    0x67,0x65,0x5f,0x73,0x61,0x6d,0x70,0x6c,0x65,0x5f,0x75,0x76,0x5f,0x76,0x66,0x32,
    0x5f,0x28,0x26,0x28,0x70,0x61,0x72,0x61,0x6d,0x5f,0x31,0x33,0x29,0x29,0x3b,0x0a,
    0x20,0x20,0x6c,0x65,0x74,0x20,0x78,0x5f,0x33,0x36,0x30,0x20,0x3d,0x20,0x74,0x65,
    0x78,0x74,0x75,0x72,0x65,0x53,0x61,0x6d,0x70,0x6c,0x65,0x28,0x62,0x72,0x69,0x64,
    0x67,0x65,0x49,0x6e,0x70,0x75,0x74,0x54,0x65,0x78,0x2c,0x20,0x62,0x72,0x69,0x64,
    0x67,0x65,0x49,0x6e,0x70,0x75,0x74,0x53,0x6d,0x70,0x2c,0x20,0x78,0x5f,0x33,0x35,
    0x39,0x29,0x3b,0x0a,0x20,0x20,0x73,0x72,0x63,0x5f,0x64,0x20,0x3d,0x20,0x78,0x5f,
    0x33,0x36,0x30,0x3b,0x0a,0x20,0x20,0x70,0x61,0x72,0x61,0x6d,0x5f,0x31,0x34,0x20,
    0x3d,0x20,0x73,0x72,0x63,0x5f,0x63,0x3b,0x0a,0x20,0x20,0x6c,0x65,0x74,0x20,0x78,
    0x5f,0x33,0x36,0x34,0x20,0x3d,0x20,0x62,0x72,0x69,0x64,0x67,0x65,0x5f,0x6c,0x75,
    0x6d,0x69,0x6e,0x61,0x6e,0x63,0x65,0x5f,0x76,0x66,0x34,0x5f,0x28,0x26,0x28,0x70,
    0x61,0x72,0x61,0x6d,0x5f,0x31,0x34,0x29,0x29,0x3b,0x0a,0x20,0x20,0x63,0x20,0x3d,
    0x20,0x78,0x5f,0x33,0x36,0x34,0x3b,0x0a,0x20,0x20,0x70,0x61,0x72,0x61,0x6d,0x5f,
    0x31,0x35,0x20,0x3d,0x20,0x73,0x72,0x63,0x5f,0x6c,0x3b,0x0a,0x20,0x20,0x6c,0x65,
    0x74,0x20,0x78,0x5f,0x33,0x36,0x38,0x20,0x3d,0x20,0x62,0x72,0x69,0x64,0x67,0x65,
    0x5f,0x6c,0x75,0x6d,0x69,0x6e,0x61,0x6e,0x63,0x65,0x5f,0x76,0x66,0x34,0x5f,0x28,
    0x26,0x28,0x70,0x61,0x72,0x61,0x6d,0x5f,0x31,0x35,0x29,0x29,0x3b,0x0a,0x20,0x20,
    0x6c,0x20,0x3d,0x20,0x78,0x5f,0x33,0x36,0x38,0x3b,0x0a,0x20,0x20,0x70,0x61,0x72,
    0x61,0x6d,0x5f,0x31,0x36,0x20,0x3d,0x20,0x73,0x72,0x63,0x5f,0x72,0x3b,0x0a,0x20,
    0x20,0x6c,0x65,0x74,0x20,0x78,0x5f,0x33,0x37,0x32,0x20,0x3d,0x20,0x62,0x72,0x69,
    0x64,0x67,0x65,0x5f,0x6c,0x75,0x6d,0x69,0x6e,0x61,0x6e,0x63,0x65,0x5f,0x76,0x66,
    0x34,0x5f,0x28,0x26,0x28,0x70,0x61,0x72,0x61,0x6d,0x5f,0x31,0x36,0x29,0x29,0x3b,
    0x0a,0x20,0x20,0x72,0x20,0x3d,0x20,0x78,0x5f,0x33,0x37,0x32,0x3b,0x0a,0x20,0x20,
    0x70,0x61,0x72,0x61,0x6d,0x5f,0x31,0x37,0x20,0x3d,0x20,0x73,0x72,0x63,0x5f,0x75,
    0x3b,0x0a,0x20,0x20,0x6c,0x65,0x74,0x20,0x78,0x5f,0x33,0x37,0x36,0x20,0x3d,0x20,
    0x62,0x72,0x69,0x64,0x67,0x65,0x5f,0x6c,0x75,0x6d,0x69,0x6e,0x61,0x6e,0x63,0x65,
    0x5f,0x76,0x66,0x34,0x5f,0x28,0x26,0x28,0x70,0x61,0x72,0x61,0x6d,0x5f,0x31,0x37,
    0x29,0x29,0x3b,0x0a,0x20,0x20,0x75,0x20,0x3d,0x20,0x78,0x5f,0x33,0x37,0x36,0x3b,
    0x0a,0x20,0x20,0x70,0x61,0x72,0x61,0x6d,0x5f,0x31,0x38,0x20,0x3d,0x20,0x73,0x72,
    0x63,0x5f,0x64,0x3b,0x0a,0x20,0x20,0x6c,0x65,0x74,0x20,0x78,0x5f,0x33,0x38,0x30,
    0x20,0x3d,0x20,0x62,0x72,0x69,0x64,0x67,0x65,0x5f,0x6c,0x75,0x6d,0x69,0x6e,0x61,
    0x6e,0x63,0x65,0x5f,0x76,0x66,0x34,0x5f,0x28,0x26,0x28,0x70,0x61,0x72,0x61,0x6d,
    0x5f,0x31,0x38,0x29,0x29,0x3b,0x0a,0x20,0x20,0x64,0x20,0x3d,0x20,0x78,0x5f,0x33,
    0x38,0x30,0x3b,0x0a,0x20,0x20,0x70,0x61,0x72,0x61,0x6d,0x5f,0x31,0x39,0x20,0x3d,
    0x20,0x73,0x72,0x63,0x5f,0x63,0x3b,0x0a,0x20,0x20,0x70,0x61,0x72,0x61,0x6d,0x5f,
    0x32,0x30,0x20,0x3d,0x20,0x63,0x3b,0x0a,0x20,0x20,0x6c,0x65,0x74,0x20,0x78,0x5f,
    0x33,0x38,0x36,0x20,0x3d,0x20,0x62,0x72,0x69,0x64,0x67,0x65,0x5f,0x6d,0x61,0x73,
    0x6b,0x5f,0x76,0x61,0x6c,0x75,0x65,0x5f,0x76,0x66,0x34,0x5f,0x66,0x31,0x5f,0x28,
    0x26,0x28,0x70,0x61,0x72,0x61,0x6d,0x5f,0x31,0x39,0x29,0x2c,0x20,0x26,0x28,0x70,
    0x61,0x72,0x61,0x6d,0x5f,0x32,0x30,0x29,0x29,0x3b,0x0a,0x20,0x20,0x70,0x61,0x72,
    0x61,0x6d,0x5f,0x32,0x31,0x20,0x3d,0x20,0x73,0x72,0x63,0x5f,0x6c,0x3b,0x0a,0x20,
    0x20,0x70,0x61,0x72,0x61,0x6d,0x5f,0x32,0x32,0x20,0x3d,0x20,0x6c,0x3b,0x0a,0x20,
    0x20,0x6c,0x65,0x74,0x20,0x78,0x5f,0x33,0x39,0x31,0x20,0x3d,0x20,0x62,0x72,0x69,
    0x64,0x67,0x65,0x5f,0x6d,0x61,0x73,0x6b,0x5f,0x76,0x61,0x6c,0x75,0x65,0x5f,0x76,
    0x66,0x34,0x5f,0x66,0x31,0x5f,0x28,0x26,0x28,0x70,0x61,0x72,0x61,0x6d,0x5f,0x32,
    0x31,0x29,0x2c,0x20,0x26,0x28,0x70,0x61,0x72,0x61,0x6d,0x5f,0x32,0x32,0x29,0x29,
    0x3b,0x0a,0x20,0x20,0x70,0x61,0x72,0x61,0x6d,0x5f,0x32,0x33,0x20,0x3d,0x20,0x73,
    0x72,0x63,0x5f,0x72,0x3b,0x0a,0x20,0x20,0x70,0x61,0x72,0x61,0x6d,0x5f,0x32,0x34,
    0x20,0x3d,0x20,0x72,0x3b,0x0a,0x20,0x20,0x6c,0x65,0x74,0x20,0x78,0x5f,0x33,0x39,
    0x37,0x20,0x3d,0x20,0x62,0x72,0x69,0x64,0x67,0x65,0x5f,0x6d,0x61,0x73,0x6b,0x5f,
    0x76,0x61,0x6c,0x75,0x65,0x5f,0x76,0x66,0x34,0x5f,0x66,0x31,0x5f,0x28,0x26,0x28,
    0x70,0x61,0x72,0x61,0x6d,0x5f,0x32,0x33,0x29,0x2c,0x20,0x26,0x28,0x70,0x61,0x72,
    0x61,0x6d,0x5f,0x32,0x34,0x29,0x29,0x3b,0x0a,0x20,0x20,0x70,0x61,0x72,0x61,0x6d,
    0x5f,0x32,0x35,0x20,0x3d,0x20,0x73,0x72,0x63,0x5f,0x75,0x3b,0x0a,0x20,0x20,0x70,
    0x61,0x72,0x61,0x6d,0x5f,0x32,0x36,0x20,0x3d,0x20,0x75,0x3b,0x0a,0x20,0x20,0x6c,
    0x65,0x74,0x20,0x78,0x5f,0x34,0x30,0x33,0x20,0x3d,0x20,0x62,0x72,0x69,0x64,0x67,
    0x65,0x5f,0x6d,0x61,0x73,0x6b,0x5f,0x76,0x61,0x6c,0x75,0x65,0x5f,0x76,0x66,0x34,
    0x5f,0x66,0x31,0x5f,0x28,0x26,0x28,0x70,0x61,0x72,0x61,0x6d,0x5f,0x32,0x35,0x29,
    0x2c,0x20,0x26,0x28,0x70,0x61,0x72,0x61,0x6d,0x5f,0x32,0x36,0x29,0x29,0x3b,0x0a,
    0x20,0x20,0x70,0x61,0x72,0x61,0x6d,0x5f,0x32,0x37,0x20,0x3d,0x20,0x73,0x72,0x63,
    0x5f,0x64,0x3b,0x0a,0x20,0x20,0x70,0x61,0x72,0x61,0x6d,0x5f,0x32,0x38,0x20,0x3d,
    0x20,0x64,0x3b,0x0a,0x20,0x20,0x6c,0x65,0x74,0x20,0x78,0x5f,0x34,0x30,0x39,0x20,
    0x3d,0x20,0x62,0x72,0x69,0x64,0x67,0x65,0x5f,0x6d,0x61,0x73,0x6b,0x5f,0x76,0x61,
    0x6c,0x75,0x65,0x5f,0x76,0x66,0x34,0x5f,0x66,0x31,0x5f,0x28,0x26,0x28,0x70,0x61,
    0x72,0x61,0x6d,0x5f,0x32,0x37,0x29,0x2c,0x20,0x26,0x28,0x70,0x61,0x72,0x61,0x6d,
    0x5f,0x32,0x38,0x29,0x29,0x3b,0x0a,0x20,0x20,0x70,0x61,0x72,0x61,0x6d,0x5f,0x32,
    0x39,0x20,0x3d,0x20,0x6d,0x61,0x78,0x28,0x6d,0x61,0x78,0x28,0x6d,0x61,0x78,0x28,
    0x6d,0x61,0x78,0x28,0x78,0x5f,0x33,0x38,0x36,0x2c,0x20,0x78,0x5f,0x33,0x39,0x31,
    0x29,0x2c,0x20,0x78,0x5f,0x33,0x39,0x37,0x29,0x2c,0x20,0x78,0x5f,0x34,0x30,0x33,
    0x29,0x2c,0x20,0x78,0x5f,0x34,0x30,0x39,0x29,0x3b,0x0a,0x20,0x20,0x6c,0x65,0x74,
    0x20,0x78,0x5f,0x34,0x31,0x32,0x20,0x3d,0x20,0x62,0x72,0x69,0x64,0x67,0x65,0x5f,
    0x73,0x6f,0x66,0x74,0x5f,0x6d,0x61,0x73,0x6b,0x5f,0x66,0x31,0x5f,0x28,0x26,0x28,
    0x70,0x61,0x72,0x61,0x6d,0x5f,0x32,0x39,0x29,0x29,0x3b,0x0a,0x20,0x20,0x6d,0x61,
    0x73,0x6b,0x5f,0x31,0x20,0x3d,0x20,0x78,0x5f,0x34,0x31,0x32,0x3b,0x0a,0x20,0x20,
    0x76,0x20,0x3d,0x20,0x28,0x28,0x28,0x76,0x65,0x63,0x32,0x66,0x28,0x28,0x72,0x20,
    0x2d,0x20,0x6c,0x29,0x2c,0x20,0x28,0x64,0x20,0x2d,0x20,0x75,0x29,0x29,0x20,0x2a,
    0x20,0x78,0x5f,0x35,0x37,0x2e,0x6f,0x70,0x74,0x69,0x6f,0x6e,0x73,0x2e,0x78,0x29,
    0x20,0x2a,0x20,0x6d,0x61,0x73,0x6b,0x5f,0x31,0x29,0x20,0x2a,0x20,0x78,0x5f,0x35,
    0x37,0x2e,0x63,0x6f,0x6c,0x6f,0x72,0x2e,0x78,0x79,0x29,0x3b,0x0a,0x20,0x20,0x66,
    0x72,0x61,0x67,0x5f,0x63,0x6f,0x6c,0x6f,0x72,0x20,0x3d,0x20,0x76,0x65,0x63,0x34,
    0x66,0x28,0x76,0x2e,0x78,0x2c,0x20,0x76,0x2e,0x79,0x2c,0x20,0x30,0x2e,0x30,0x66,
    0x2c,0x20,0x31,0x2e,0x30,0x66,0x29,0x3b,0x0a,0x20,0x20,0x72,0x65,0x74,0x75,0x72,
    0x6e,0x3b,0x0a,0x7d,0x0a,0x0a,0x73,0x74,0x72,0x75,0x63,0x74,0x20,0x6d,0x61,0x69,
    0x6e,0x5f,0x6f,0x75,0x74,0x20,0x7b,0x0a,0x20,0x20,0x40,0x6c,0x6f,0x63,0x61,0x74,
    0x69,0x6f,0x6e,0x28,0x30,0x29,0x0a,0x20,0x20,0x66,0x72,0x61,0x67,0x5f,0x63,0x6f,
    0x6c,0x6f,0x72,0x5f,0x31,0x20,0x3a,0x20,0x76,0x65,0x63,0x34,0x66,0x2c,0x0a,0x7d,
    0x0a,0x0a,0x40,0x66,0x72,0x61,0x67,0x6d,0x65,0x6e,0x74,0x0a,0x66,0x6e,0x20,0x6d,
    0x61,0x69,0x6e,0x28,0x40,0x6c,0x6f,0x63,0x61,0x74,0x69,0x6f,0x6e,0x28,0x30,0x29,
    0x20,0x75,0x76,0x5f,0x70,0x61,0x72,0x61,0x6d,0x20,0x3a,0x20,0x76,0x65,0x63,0x32,
    0x66,0x29,0x20,0x2d,0x3e,0x20,0x6d,0x61,0x69,0x6e,0x5f,0x6f,0x75,0x74,0x20,0x7b,
    0x0a,0x20,0x20,0x75,0x76,0x20,0x3d,0x20,0x75,0x76,0x5f,0x70,0x61,0x72,0x61,0x6d,
    0x3b,0x0a,0x20,0x20,0x6d,0x61,0x69,0x6e,0x5f,0x31,0x28,0x29,0x3b,0x0a,0x20,0x20,
    0x72,0x65,0x74,0x75,0x72,0x6e,0x20,0x6d,0x61,0x69,0x6e,0x5f,0x6f,0x75,0x74,0x28,
    0x66,0x72,0x61,0x67,0x5f,0x63,0x6f,0x6c,0x6f,0x72,0x29,0x3b,0x0a,0x7d,0x0a,0x00,

};
/*
    diagnostic(off, derivative_uniformity);

    struct bridge_params {
      /_ @offset(0) _/
      color : vec4f,
      /_ @offset(16) _/
      resolution : vec4f,
      /_ @offset(32) _/
      texel : vec4f,
      /_ @offset(48) _/
      options : vec4f,
    }

    @binding(0) @group(0) var<uniform> x_57 : bridge_params;

    @binding(0) @group(1) var bridgeInputTex : texture_2d<f32>;

    @binding(32) @group(1) var bridgeInputSmp : sampler;

    var<private> uv : vec2f;

    var<private> frag_color : vec4f;

    fn bridge_flag_f1_f1_(packed : ptr<function, f32>, flag : ptr<function, f32>) -> f32 {
      let x_45 = *(packed);
      let x_46 = *(flag);
      return floor((floor((x_45 / x_46)) - (2.0f * floor((floor((x_45 / x_46)) / 2.0f)))));
    }

    fn bridge_sample_uv_vf2_(p : ptr<function, vec2f>) -> vec2f {
      var mirror_x : f32;
      var param : f32;
      var param_1 : f32;
      var mirror_y : f32;
      var param_2 : f32;
      var param_3 : f32;
      param = x_57.options.w;
      param_1 = 4.0f;
      let x_68 = bridge_flag_f1_f1_(&(param), &(param_1));
      mirror_x = x_68;
      param_2 = x_57.options.w;
      param_3 = 8.0f;
      let x_75 = bridge_flag_f1_f1_(&(param_2), &(param_3));
      mirror_y = x_75;
      let x_78 = (*(p)).x;
      let x_81 = (*(p)).x;
      let x_83 = mirror_x;
      let x_87 = (*(p)).y;
      let x_89 = (*(p)).y;
      let x_91 = mirror_y;
      return vec2f(mix(x_78, (1.0f - x_81), x_83), mix(x_87, (1.0f - x_89), x_91));
    }

    fn bridge_luminance_vf4_(src : ptr<function, vec4f>) -> f32 {
      var y : f32;
      var param_4 : f32;
      var param_5 : f32;
      y = dot((*(src)).xyz, vec3f(0.21259999275207519531f, 0.71520000696182250977f, 0.07220000028610229492f));
      let x_104 = y;
      let x_105 = y;
      param_4 = x_57.options.w;
      param_5 = 1.0f;
      let x_111 = bridge_flag_f1_f1_(&(param_4), &(param_5));
      return mix(x_104, (1.0f - x_105), x_111);
    }

    fn bridge_mask_source_mode_() -> f32 {
      let x_116 = x_57.options.w;
      return floor((x_116 / 16.0f));
    }

    fn bridge_saturation_vf3_(rgb : ptr<function, vec3f>) -> f32 {
      var hi : f32;
      var lo : f32;
      var x_145 : f32;
      hi = max(max((*(rgb)).x, (*(rgb)).y), (*(rgb)).z);
      lo = min(min((*(rgb)).x, (*(rgb)).y), (*(rgb)).z);
      if ((hi <= 0.00000099999999747524f)) {
        x_145 = 0.0f;
      } else {
        x_145 = ((hi - lo) / hi);
      }
      let x_155 = x_145;
      return x_155;
    }

    fn bridge_mask_value_vf4_f1_(src_1 : ptr<function, vec4f>, intensity : ptr<function, f32>) -> f32 {
      var use_alpha : f32;
      var param_6 : f32;
      var param_7 : f32;
      var mode : f32;
      var param_8 : vec3f;
      param_6 = x_57.options.w;
      param_7 = 2.0f;
      let x_170 = bridge_flag_f1_f1_(&(param_6), &(param_7));
      use_alpha = x_170;
      let x_172 = bridge_mask_source_mode_();
      mode = x_172;
      if ((use_alpha > 0.5f)) {
        mode = 1.0f;
      }
      if (((mode > 0.5f) & (mode < 1.5f))) {
        let x_187 = (*(src_1)).w;
        return x_187;
      }
      if (((mode > 1.5f) & (mode < 2.5f))) {
        let x_198 = (*(src_1)).x;
        return x_198;
      }
      if (((mode > 2.5f) & (mode < 3.5f))) {
        let x_209 = (*(src_1)).y;
        return x_209;
      }
      if (((mode > 3.5f) & (mode < 4.5f))) {
        let x_220 = (*(src_1)).z;
        return x_220;
      }
      if (((mode > 4.5f) & (mode < 5.5f))) {
        let x_231 = (*(src_1)).x;
        let x_233 = (*(src_1)).y;
        let x_236 = (*(src_1)).z;
        return max(max(x_231, x_233), x_236);
      }
      if ((mode > 5.5f)) {
        param_8 = (*(src_1)).xyz;
        let x_246 = bridge_saturation_vf3_(&(param_8));
        return x_246;
      }
      let x_248 = *(intensity);
      return x_248;
    }

    fn bridge_mask_gamma_() -> f32 {
      let x_160 = x_57.texel.w;
      return max(x_160, 0.00009999999747378752f);
    }

    fn bridge_soft_mask_f1_(value : ptr<function, f32>) -> f32 {
      var softness : f32;
      var mask : f32;
      var x_259 : f32;
      softness = max(x_57.texel.z, 0.0f);
      if ((softness <= 0.00000999999974737875f)) {
        x_259 = step(x_57.options.y, *(value));
      } else {
        x_259 = smoothstep((x_57.options.y - (softness * 0.5f)), (x_57.options.y + (softness * 0.5f)), *(value));
      }
      mask = x_259;
      let x_280 = mask;
      let x_282 = bridge_mask_gamma_();
      return pow(clamp(x_280, 0.0f, 1.0f), (1.0f / x_282));
    }

    fn main_1() {
      var src_2 : vec4f;
      var param_9 : vec2f;
      var y_1 : f32;
      var param_10 : vec4f;
      var mask_1 : f32;
      var param_11 : vec4f;
      var param_12 : f32;
      var param_13 : f32;
      var density : f32;
      param_9 = uv;
      let x_302 = bridge_sample_uv_vf2_(&(param_9));
      let x_303 = textureSample(bridgeInputTex, bridgeInputSmp, x_302);
      src_2 = x_303;
      param_10 = src_2;
      let x_307 = bridge_luminance_vf4_(&(param_10));
      y_1 = x_307;
      param_11 = src_2;
      param_12 = y_1;
      let x_313 = bridge_mask_value_vf4_f1_(&(param_11), &(param_12));
      param_13 = x_313;
      let x_315 = bridge_soft_mask_f1_(&(param_13));
      mask_1 = x_315;
      density = ((y_1 * x_57.options.x) * mask_1);
      let x_331 = (x_57.color.xyz * density);
      frag_color = vec4f(x_331.x, x_331.y, x_331.z, density);
      return;
    }

    struct main_out {
      @location(0)
      frag_color_1 : vec4f,
    }

    @fragment
    fn main(@location(0) uv_param : vec2f) -> main_out {
      uv = uv_param;
      main_1();
      return main_out(frag_color);
    }
*/
static const uint8_t fs_bridge_density_source_wgsl[4964] = {
    0x64,0x69,0x61,0x67,0x6e,0x6f,0x73,0x74,0x69,0x63,0x28,0x6f,0x66,0x66,0x2c,0x20,
    0x64,0x65,0x72,0x69,0x76,0x61,0x74,0x69,0x76,0x65,0x5f,0x75,0x6e,0x69,0x66,0x6f,
    0x72,0x6d,0x69,0x74,0x79,0x29,0x3b,0x0a,0x0a,0x73,0x74,0x72,0x75,0x63,0x74,0x20,
    0x62,0x72,0x69,0x64,0x67,0x65,0x5f,0x70,0x61,0x72,0x61,0x6d,0x73,0x20,0x7b,0x0a,
    0x20,0x20,0x2f,0x2a,0x20,0x40,0x6f,0x66,0x66,0x73,0x65,0x74,0x28,0x30,0x29,0x20,
    0x2a,0x2f,0x0a,0x20,0x20,0x63,0x6f,0x6c,0x6f,0x72,0x20,0x3a,0x20,0x76,0x65,0x63,
    0x34,0x66,0x2c,0x0a,0x20,0x20,0x2f,0x2a,0x20,0x40,0x6f,0x66,0x66,0x73,0x65,0x74,
    0x28,0x31,0x36,0x29,0x20,0x2a,0x2f,0x0a,0x20,0x20,0x72,0x65,0x73,0x6f,0x6c,0x75,
    0x74,0x69,0x6f,0x6e,0x20,0x3a,0x20,0x76,0x65,0x63,0x34,0x66,0x2c,0x0a,0x20,0x20,
    0x2f,0x2a,0x20,0x40,0x6f,0x66,0x66,0x73,0x65,0x74,0x28,0x33,0x32,0x29,0x20,0x2a,
    0x2f,0x0a,0x20,0x20,0x74,0x65,0x78,0x65,0x6c,0x20,0x3a,0x20,0x76,0x65,0x63,0x34,
    0x66,0x2c,0x0a,0x20,0x20,0x2f,0x2a,0x20,0x40,0x6f,0x66,0x66,0x73,0x65,0x74,0x28,
    0x34,0x38,0x29,0x20,0x2a,0x2f,0x0a,0x20,0x20,0x6f,0x70,0x74,0x69,0x6f,0x6e,0x73,
    0x20,0x3a,0x20,0x76,0x65,0x63,0x34,0x66,0x2c,0x0a,0x7d,0x0a,0x0a,0x40,0x62,0x69,
    0x6e,0x64,0x69,0x6e,0x67,0x28,0x30,0x29,0x20,0x40,0x67,0x72,0x6f,0x75,0x70,0x28,
    0x30,0x29,0x20,0x76,0x61,0x72,0x3c,0x75,0x6e,0x69,0x66,0x6f,0x72,0x6d,0x3e,0x20,
    0x78,0x5f,0x35,0x37,0x20,0x3a,0x20,0x62,0x72,0x69,0x64,0x67,0x65,0x5f,0x70,0x61,
    0x72,0x61,0x6d,0x73,0x3b,0x0a,0x0a,0x40,0x62,0x69,0x6e,0x64,0x69,0x6e,0x67,0x28,
    0x30,0x29,0x20,0x40,0x67,0x72,0x6f,0x75,0x70,0x28,0x31,0x29,0x20,0x76,0x61,0x72,
    0x20,0x62,0x72,0x69,0x64,0x67,0x65,0x49,0x6e,0x70,0x75,0x74,0x54,0x65,0x78,0x20,
    0x3a,0x20,0x74,0x65,0x78,0x74,0x75,0x72,0x65,0x5f,0x32,0x64,0x3c,0x66,0x33,0x32,
    0x3e,0x3b,0x0a,0x0a,0x40,0x62,0x69,0x6e,0x64,0x69,0x6e,0x67,0x28,0x33,0x32,0x29,
    0x20,0x40,0x67,0x72,0x6f,0x75,0x70,0x28,0x31,0x29,0x20,0x76,0x61,0x72,0x20,0x62,
    0x72,0x69,0x64,0x67,0x65,0x49,0x6e,0x70,0x75,0x74,0x53,0x6d,0x70,0x20,0x3a,0x20,
    0x73,0x61,0x6d,0x70,0x6c,0x65,0x72,0x3b,0x0a,0x0a,0x76,0x61,0x72,0x3c,0x70,0x72,
    0x69,0x76,0x61,0x74,0x65,0x3e,0x20,0x75,0x76,0x20,0x3a,0x20,0x76,0x65,0x63,0x32,
    0x66,0x3b,0x0a,0x0a,0x76,0x61,0x72,0x3c,0x70,0x72,0x69,0x76,0x61,0x74,0x65,0x3e,
    0x20,0x66,0x72,0x61,0x67,0x5f,0x63,0x6f,0x6c,0x6f,0x72,0x20,0x3a,0x20,0x76,0x65,
    0x63,0x34,0x66,0x3b,0x0a,0x0a,0x66,0x6e,0x20,0x62,0x72,0x69,0x64,0x67,0x65,0x5f,
    0x66,0x6c,0x61,0x67,0x5f,0x66,0x31,0x5f,0x66,0x31,0x5f,0x28,0x70,0x61,0x63,0x6b,
    0x65,0x64,0x20,0x3a,0x20,0x70,0x74,0x72,0x3c,0x66,0x75,0x6e,0x63,0x74,0x69,0x6f,
    0x6e,0x2c,0x20,0x66,0x33,0x32,0x3e,0x2c,0x20,0x66,0x6c,0x61,0x67,0x20,0x3a,0x20,
    0x70,0x74,0x72,0x3c,0x66,0x75,0x6e,0x63,0x74,0x69,0x6f,0x6e,0x2c,0x20,0x66,0x33,
    0x32,0x3e,0x29,0x20,0x2d,0x3e,0x20,0x66,0x33,0x32,0x20,0x7b,0x0a,0x20,0x20,0x6c,
    0x65,0x74,0x20,0x78,0x5f,0x34,0x35,0x20,0x3d,0x20,0x2a,0x28,0x70,0x61,0x63,0x6b,
    0x65,0x64,0x29,0x3b,0x0a,0x20,0x20,0x6c,0x65,0x74,0x20,0x78,0x5f,0x34,0x36,0x20,
    0x3d,0x20,0x2a,0x28,0x66,0x6c,0x61,0x67,0x29,0x3b,0x0a,0x20,0x20,0x72,0x65,0x74,
    0x75,0x72,0x6e,0x20,0x66,0x6c,0x6f,0x6f,0x72,0x28,0x28,0x66,0x6c,0x6f,0x6f,0x72,
    0x28,0x28,0x78,0x5f,0x34,0x35,0x20,0x2f,0x20,0x78,0x5f,0x34,0x36,0x29,0x29,0x20,
    0x2d,0x20,0x28,0x32,0x2e,0x30,0x66,0x20,0x2a,0x20,0x66,0x6c,0x6f,0x6f,0x72,0x28,
    0x28,0x66,0x6c,0x6f,0x6f,0x72,0x28,0x28,0x78,0x5f,0x34,0x35,0x20,0x2f,0x20,0x78,
    0x5f,0x34,0x36,0x29,0x29,0x20,0x2f,0x20,0x32,0x2e,0x30,0x66,0x29,0x29,0x29,0x29,
    0x29,0x3b,0x0a,0x7d,0x0a,0x0a,0x66,0x6e,0x20,0x62,0x72,0x69,0x64,0x67,0x65,0x5f,
    0x73,0x61,0x6d,0x70,0x6c,0x65,0x5f,0x75,0x76,0x5f,0x76,0x66,0x32,0x5f,0x28,0x70,
    0x20,0x3a,0x20,0x70,0x74,0x72,0x3c,0x66,0x75,0x6e,0x63,0x74,0x69,0x6f,0x6e,0x2c,
    0x20,0x76,0x65,0x63,0x32,0x66,0x3e,0x29,0x20,0x2d,0x3e,0x20,0x76,0x65,0x63,0x32,
    0x66,0x20,0x7b,0x0a,0x20,0x20,0x76,0x61,0x72,0x20,0x6d,0x69,0x72,0x72,0x6f,0x72,
    0x5f,0x78,0x20,0x3a,0x20,0x66,0x33,0x32,0x3b,0x0a,0x20,0x20,0x76,0x61,0x72,0x20,
    0x70,0x61,0x72,0x61,0x6d,0x20,0x3a,0x20,0x66,0x33,0x32,0x3b,0x0a,0x20,0x20,0x76,
    0x61,0x72,0x20,0x70,0x61,0x72,0x61,0x6d,0x5f,0x31,0x20,0x3a,0x20,0x66,0x33,0x32,
    0x3b,0x0a,0x20,0x20,0x76,0x61,0x72,0x20,0x6d,0x69,0x72,0x72,0x6f,0x72,0x5f,0x79,
    0x20,0x3a,0x20,0x66,0x33,0x32,0x3b,0x0a,0x20,0x20,0x76,0x61,0x72,0x20,0x70,0x61,
    0x72,0x61,0x6d,0x5f,0x32,0x20,0x3a,0x20,0x66,0x33,0x32,0x3b,0x0a,0x20,0x20,0x76,
    0x61,0x72,0x20,0x70,0x61,0x72,0x61,0x6d,0x5f,0x33,0x20,0x3a,0x20,0x66,0x33,0x32,
    0x3b,0x0a,0x20,0x20,0x70,0x61,0x72,0x61,0x6d,0x20,0x3d,0x20,0x78,0x5f,0x35,0x37,
    0x2e,0x6f,0x70,0x74,0x69,0x6f,0x6e,0x73,0x2e,0x77,0x3b,0x0a,0x20,0x20,0x70,0x61,
    0x72,0x61,0x6d,0x5f,0x31,0x20,0x3d,0x20,0x34,0x2e,0x30,0x66,0x3b,0x0a,0x20,0x20,
    0x6c,0x65,0x74,0x20,0x78,0x5f,0x36,0x38,0x20,0x3d,0x20,0x62,0x72,0x69,0x64,0x67,
    0x65,0x5f,0x66,0x6c,0x61,0x67,0x5f,0x66,0x31,0x5f,0x66,0x31,0x5f,0x28,0x26,0x28,
    0x70,0x61,0x72,0x61,0x6d,0x29,0x2c,0x20,0x26,0x28,0x70,0x61,0x72,0x61,0x6d,0x5f,
    0x31,0x29,0x29,0x3b,0x0a,0x20,0x20,0x6d,0x69,0x72,0x72,0x6f,0x72,0x5f,0x78,0x20,
    0x3d,0x20,0x78,0x5f,0x36,0x38,0x3b,0x0a,0x20,0x20,0x70,0x61,0x72,0x61,0x6d,0x5f,
    0x32,0x20,0x3d,0x20,0x78,0x5f,0x35,0x37,0x2e,0x6f,0x70,0x74,0x69,0x6f,0x6e,0x73,
    0x2e,0x77,0x3b,0x0a,0x20,0x20,0x70,0x61,0x72,0x61,0x6d,0x5f,0x33,0x20,0x3d,0x20,
    0x38,0x2e,0x30,0x66,0x3b,0x0a,0x20,0x20,0x6c,0x65,0x74,0x20,0x78,0x5f,0x37,0x35,
    0x20,0x3d,0x20,0x62,0x72,0x69,0x64,0x67,0x65,0x5f,0x66,0x6c,0x61,0x67,0x5f,0x66,
    0x31,0x5f,0x66,0x31,0x5f,0x28,0x26,0x28,0x70,0x61,0x72,0x61,0x6d,0x5f,0x32,0x29,
    0x2c,0x20,0x26,0x28,0x70,0x61,0x72,0x61,0x6d,0x5f,0x33,0x29,0x29,0x3b,0x0a,0x20,
    0x20,0x6d,0x69,0x72,0x72,0x6f,0x72,0x5f,0x79,0x20,0x3d,0x20,0x78,0x5f,0x37,0x35,
    0x3b,0x0a,0x20,0x20,0x6c,0x65,0x74,0x20,0x78,0x5f,0x37,0x38,0x20,0x3d,0x20,0x28,
    0x2a,0x28,0x70,0x29,0x29,0x2e,0x78,0x3b,0x0a,0x20,0x20,0x6c,0x65,0x74,0x20,0x78,
    0x5f,0x38,0x31,0x20,0x3d,0x20,0x28,0x2a,0x28,0x70,0x29,0x29,0x2e,0x78,0x3b,0x0a,
    0x20,0x20,0x6c,0x65,0x74,0x20,0x78,0x5f,0x38,0x33,0x20,0x3d,0x20,0x6d,0x69,0x72,
    0x72,0x6f,0x72,0x5f,0x78,0x3b,0x0a,0x20,0x20,0x6c,0x65,0x74,0x20,0x78,0x5f,0x38,
    0x37,0x20,0x3d,0x20,0x28,0x2a,0x28,0x70,0x29,0x29,0x2e,0x79,0x3b,0x0a,0x20,0x20,
    0x6c,0x65,0x74,0x20,0x78,0x5f,0x38,0x39,0x20,0x3d,0x20,0x28,0x2a,0x28,0x70,0x29,
    0x29,0x2e,0x79,0x3b,0x0a,0x20,0x20,0x6c,0x65,0x74,0x20,0x78,0x5f,0x39,0x31,0x20,
    0x3d,0x20,0x6d,0x69,0x72,0x72,0x6f,0x72,0x5f,0x79,0x3b,0x0a,0x20,0x20,0x72,0x65,
    0x74,0x75,0x72,0x6e,0x20,0x76,0x65,0x63,0x32,0x66,0x28,0x6d,0x69,0x78,0x28,0x78,
    0x5f,0x37,0x38,0x2c,0x20,0x28,0x31,0x2e,0x30,0x66,0x20,0x2d,0x20,0x78,0x5f,0x38,
    0x31,0x29,0x2c,0x20,0x78,0x5f,0x38,0x33,0x29,0x2c,0x20,0x6d,0x69,0x78,0x28,0x78,
    0x5f,0x38,0x37,0x2c,0x20,0x28,0x31,0x2e,0x30,0x66,0x20,0x2d,0x20,0x78,0x5f,0x38,
    0x39,0x29,0x2c,0x20,0x78,0x5f,0x39,0x31,0x29,0x29,0x3b,0x0a,0x7d,0x0a,0x0a,0x66,
    0x6e,0x20,0x62,0x72,0x69,0x64,0x67,0x65,0x5f,0x6c,0x75,0x6d,0x69,0x6e,0x61,0x6e,
    0x63,0x65,0x5f,0x76,0x66,0x34,0x5f,0x28,0x73,0x72,0x63,0x20,0x3a,0x20,0x70,0x74,
    0x72,0x3c,0x66,0x75,0x6e,0x63,0x74,0x69,0x6f,0x6e,0x2c,0x20,0x76,0x65,0x63,0x34,
    0x66,0x3e,0x29,0x20,0x2d,0x3e,0x20,0x66,0x33,0x32,0x20,0x7b,0x0a,0x20,0x20,0x76,
    0x61,0x72,0x20,0x79,0x20,0x3a,0x20,0x66,0x33,0x32,0x3b,0x0a,0x20,0x20,0x76,0x61,
    0x72,0x20,0x70,0x61,0x72,0x61,0x6d,0x5f,0x34,0x20,0x3a,0x20,0x66,0x33,0x32,0x3b,
    0x0a,0x20,0x20,0x76,0x61,0x72,0x20,0x70,0x61,0x72,0x61,0x6d,0x5f,0x35,0x20,0x3a,
    0x20,0x66,0x33,0x32,0x3b,0x0a,0x20,0x20,0x79,0x20,0x3d,0x20,0x64,0x6f,0x74,0x28,
    0x28,0x2a,0x28,0x73,0x72,0x63,0x29,0x29,0x2e,0x78,0x79,0x7a,0x2c,0x20,0x76,0x65,
    0x63,0x33,0x66,0x28,0x30,0x2e,0x32,0x31,0x32,0x35,0x39,0x39,0x39,0x39,0x32,0x37,
    0x35,0x32,0x30,0x37,0x35,0x31,0x39,0x35,0x33,0x31,0x66,0x2c,0x20,0x30,0x2e,0x37,
    0x31,0x35,0x32,0x30,0x30,0x30,0x30,0x36,0x39,0x36,0x31,0x38,0x32,0x32,0x35,0x30,
    0x39,0x37,0x37,0x66,0x2c,0x20,0x30,0x2e,0x30,0x37,0x32,0x32,0x30,0x30,0x30,0x30,
    0x30,0x32,0x38,0x36,0x31,0x30,0x32,0x32,0x39,0x34,0x39,0x32,0x66,0x29,0x29,0x3b,
    0x0a,0x20,0x20,0x6c,0x65,0x74,0x20,0x78,0x5f,0x31,0x30,0x34,0x20,0x3d,0x20,0x79,
    0x3b,0x0a,0x20,0x20,0x6c,0x65,0x74,0x20,0x78,0x5f,0x31,0x30,0x35,0x20,0x3d,0x20,
    0x79,0x3b,0x0a,0x20,0x20,0x70,0x61,0x72,0x61,0x6d,0x5f,0x34,0x20,0x3d,0x20,0x78,
    0x5f,0x35,0x37,0x2e,0x6f,0x70,0x74,0x69,0x6f,0x6e,0x73,0x2e,0x77,0x3b,0x0a,0x20,
    0x20,0x70,0x61,0x72,0x61,0x6d,0x5f,0x35,0x20,0x3d,0x20,0x31,0x2e,0x30,0x66,0x3b,
    0x0a,0x20,0x20,0x6c,0x65,0x74,0x20,0x78,0x5f,0x31,0x31,0x31,0x20,0x3d,0x20,0x62,
    0x72,0x69,0x64,0x67,0x65,0x5f,0x66,0x6c,0x61,0x67,0x5f,0x66,0x31,0x5f,0x66,0x31,
    0x5f,0x28,0x26,0x28,0x70,0x61,0x72,0x61,0x6d,0x5f,0x34,0x29,0x2c,0x20,0x26,0x28,
    0x70,0x61,0x72,0x61,0x6d,0x5f,0x35,0x29,0x29,0x3b,0x0a,0x20,0x20,0x72,0x65,0x74,
    0x75,0x72,0x6e,0x20,0x6d,0x69,0x78,0x28,0x78,0x5f,0x31,0x30,0x34,0x2c,0x20,0x28,
    0x31,0x2e,0x30,0x66,0x20,0x2d,0x20,0x78,0x5f,0x31,0x30,0x35,0x29,0x2c,0x20,0x78,
    0x5f,0x31,0x31,0x31,0x29,0x3b,0x0a,0x7d,0x0a,0x0a,0x66,0x6e,0x20,0x62,0x72,0x69,
    0x64,0x67,0x65,0x5f,0x6d,0x61,0x73,0x6b,0x5f,0x73,0x6f,0x75,0x72,0x63,0x65,0x5f,
    0x6d,0x6f,0x64,0x65,0x5f,0x28,0x29,0x20,0x2d,0x3e,0x20,0x66,0x33,0x32,0x20,0x7b,
    0x0a,0x20,0x20,0x6c,0x65,0x74,0x20,0x78,0x5f,0x31,0x31,0x36,0x20,0x3d,0x20,0x78,
    0x5f,0x35,0x37,0x2e,0x6f,0x70,0x74,0x69,0x6f,0x6e,0x73,0x2e,0x77,0x3b,0x0a,0x20,
    0x20,0x72,0x65,0x74,0x75,0x72,0x6e,0x20,0x66,0x6c,0x6f,0x6f,0x72,0x28,0x28,0x78,
    0x5f,0x31,0x31,0x36,0x20,0x2f,0x20,0x31,0x36,0x2e,0x30,0x66,0x29,0x29,0x3b,0x0a,
    0x7d,0x0a,0x0a,0x66,0x6e,0x20,0x62,0x72,0x69,0x64,0x67,0x65,0x5f,0x73,0x61,0x74,
    0x75,0x72,0x61,0x74,0x69,0x6f,0x6e,0x5f,0x76,0x66,0x33,0x5f,0x28,0x72,0x67,0x62,
    0x20,0x3a,0x20,0x70,0x74,0x72,0x3c,0x66,0x75,0x6e,0x63,0x74,0x69,0x6f,0x6e,0x2c,
    0x20,0x76,0x65,0x63,0x33,0x66,0x3e,0x29,0x20,0x2d,0x3e,0x20,0x66,0x33,0x32,0x20,
    0x7b,0x0a,0x20,0x20,0x76,0x61,0x72,0x20,0x68,0x69,0x20,0x3a,0x20,0x66,0x33,0x32,
    0x3b,0x0a,0x20,0x20,0x76,0x61,0x72,0x20,0x6c,0x6f,0x20,0x3a,0x20,0x66,0x33,0x32,
    0x3b,0x0a,0x20,0x20,0x76,0x61,0x72,0x20,0x78,0x5f,0x31,0x34,0x35,0x20,0x3a,0x20,
    0x66,0x33,0x32,0x3b,0x0a,0x20,0x20,0x68,0x69,0x20,0x3d,0x20,0x6d,0x61,0x78,0x28,
    0x6d,0x61,0x78,0x28,0x28,0x2a,0x28,0x72,0x67,0x62,0x29,0x29,0x2e,0x78,0x2c,0x20,
    0x28,0x2a,0x28,0x72,0x67,0x62,0x29,0x29,0x2e,0x79,0x29,0x2c,0x20,0x28,0x2a,0x28,
    0x72,0x67,0x62,0x29,0x29,0x2e,0x7a,0x29,0x3b,0x0a,0x20,0x20,0x6c,0x6f,0x20,0x3d,
    0x20,0x6d,0x69,0x6e,0x28,0x6d,0x69,0x6e,0x28,0x28,0x2a,0x28,0x72,0x67,0x62,0x29,
    0x29,0x2e,0x78,0x2c,0x20,0x28,0x2a,0x28,0x72,0x67,0x62,0x29,0x29,0x2e,0x79,0x29,
    0x2c,0x20,0x28,0x2a,0x28,0x72,0x67,0x62,0x29,0x29,0x2e,0x7a,0x29,0x3b,0x0a,0x20,
    0x20,0x69,0x66,0x20,0x28,0x28,0x68,0x69,0x20,0x3c,0x3d,0x20,0x30,0x2e,0x30,0x30,
    0x30,0x30,0x30,0x30,0x39,0x39,0x39,0x39,0x39,0x39,0x39,0x39,0x37,0x34,0x37,0x35,
    0x32,0x34,0x66,0x29,0x29,0x20,0x7b,0x0a,0x20,0x20,0x20,0x20,0x78,0x5f,0x31,0x34,
    0x35,0x20,0x3d,0x20,0x30,0x2e,0x30,0x66,0x3b,0x0a,0x20,0x20,0x7d,0x20,0x65,0x6c,
    0x73,0x65,0x20,0x7b,0x0a,0x20,0x20,0x20,0x20,0x78,0x5f,0x31,0x34,0x35,0x20,0x3d,
    0x20,0x28,0x28,0x68,0x69,0x20,0x2d,0x20,0x6c,0x6f,0x29,0x20,0x2f,0x20,0x68,0x69,
    0x29,0x3b,0x0a,0x20,0x20,0x7d,0x0a,0x20,0x20,0x6c,0x65,0x74,0x20,0x78,0x5f,0x31,
    0x35,0x35,0x20,0x3d,0x20,0x78,0x5f,0x31,0x34,0x35,0x3b,0x0a,0x20,0x20,0x72,0x65,
    0x74,0x75,0x72,0x6e,0x20,0x78,0x5f,0x31,0x35,0x35,0x3b,0x0a,0x7d,0x0a,0x0a,0x66,
    0x6e,0x20,0x62,0x72,0x69,0x64,0x67,0x65,0x5f,0x6d,0x61,0x73,0x6b,0x5f,0x76,0x61,
    0x6c,0x75,0x65,0x5f,0x76,0x66,0x34,0x5f,0x66,0x31,0x5f,0x28,0x73,0x72,0x63,0x5f,
    0x31,0x20,0x3a,0x20,0x70,0x74,0x72,0x3c,0x66,0x75,0x6e,0x63,0x74,0x69,0x6f,0x6e,
    0x2c,0x20,0x76,0x65,0x63,0x34,0x66,0x3e,0x2c,0x20,0x69,0x6e,0x74,0x65,0x6e,0x73,
    0x69,0x74,0x79,0x20,0x3a,0x20,0x70,0x74,0x72,0x3c,0x66,0x75,0x6e,0x63,0x74,0x69,
    0x6f,0x6e,0x2c,0x20,0x66,0x33,0x32,0x3e,0x29,0x20,0x2d,0x3e,0x20,0x66,0x33,0x32,
    0x20,0x7b,0x0a,0x20,0x20,0x76,0x61,0x72,0x20,0x75,0x73,0x65,0x5f,0x61,0x6c,0x70,
    0x68,0x61,0x20,0x3a,0x20,0x66,0x33,0x32,0x3b,0x0a,0x20,0x20,0x76,0x61,0x72,0x20,
    0x70,0x61,0x72,0x61,0x6d,0x5f,0x36,0x20,0x3a,0x20,0x66,0x33,0x32,0x3b,0x0a,0x20,
    0x20,0x76,0x61,0x72,0x20,0x70,0x61,0x72,0x61,0x6d,0x5f,0x37,0x20,0x3a,0x20,0x66,
    0x33,0x32,0x3b,0x0a,0x20,0x20,0x76,0x61,0x72,0x20,0x6d,0x6f,0x64,0x65,0x20,0x3a,
    0x20,0x66,0x33,0x32,0x3b,0x0a,0x20,0x20,0x76,0x61,0x72,0x20,0x70,0x61,0x72,0x61,
    0x6d,0x5f,0x38,0x20,0x3a,0x20,0x76,0x65,0x63,0x33,0x66,0x3b,0x0a,0x20,0x20,0x70,
    0x61,0x72,0x61,0x6d,0x5f,0x36,0x20,0x3d,0x20,0x78,0x5f,0x35,0x37,0x2e,0x6f,0x70,
    0x74,0x69,0x6f,0x6e,0x73,0x2e,0x77,0x3b,0x0a,0x20,0x20,0x70,0x61,0x72,0x61,0x6d,
    0x5f,0x37,0x20,0x3d,0x20,0x32,0x2e,0x30,0x66,0x3b,0x0a,0x20,0x20,0x6c,0x65,0x74,
    0x20,0x78,0x5f,0x31,0x37,0x30,0x20,0x3d,0x20,0x62,0x72,0x69,0x64,0x67,0x65,0x5f,
    0x66,0x6c,0x61,0x67,0x5f,0x66,0x31,0x5f,0x66,0x31,0x5f,0x28,0x26,0x28,0x70,0x61,
    0x72,0x61,0x6d,0x5f,0x36,0x29,0x2c,0x20,0x26,0x28,0x70,0x61,0x72,0x61,0x6d,0x5f,
    0x37,0x29,0x29,0x3b,0x0a,0x20,0x20,0x75,0x73,0x65,0x5f,0x61,0x6c,0x70,0x68,0x61,
    0x20,0x3d,0x20,0x78,0x5f,0x31,0x37,0x30,0x3b,0x0a,0x20,0x20,0x6c,0x65,0x74,0x20,
    0x78,0x5f,0x31,0x37,0x32,0x20,0x3d,0x20,0x62,0x72,0x69,0x64,0x67,0x65,0x5f,0x6d,
    0x61,0x73,0x6b,0x5f,0x73,0x6f,0x75,0x72,0x63,0x65,0x5f,0x6d,0x6f,0x64,0x65,0x5f,
    0x28,0x29,0x3b,0x0a,0x20,0x20,0x6d,0x6f,0x64,0x65,0x20,0x3d,0x20,0x78,0x5f,0x31,
    0x37,0x32,0x3b,0x0a,0x20,0x20,0x69,0x66,0x20,0x28,0x28,0x75,0x73,0x65,0x5f,0x61,
    0x6c,0x70,0x68,0x61,0x20,0x3e,0x20,0x30,0x2e,0x35,0x66,0x29,0x29,0x20,0x7b,0x0a,
    0x20,0x20,0x20,0x20,0x6d,0x6f,0x64,0x65,0x20,0x3d,0x20,0x31,0x2e,0x30,0x66,0x3b,
    0x0a,0x20,0x20,0x7d,0x0a,0x20,0x20,0x69,0x66,0x20,0x28,0x28,0x28,0x6d,0x6f,0x64,
    0x65,0x20,0x3e,0x20,0x30,0x2e,0x35,0x66,0x29,0x20,0x26,0x20,0x28,0x6d,0x6f,0x64,
    0x65,0x20,0x3c,0x20,0x31,0x2e,0x35,0x66,0x29,0x29,0x29,0x20,0x7b,0x0a,0x20,0x20,
    0x20,0x20,0x6c,0x65,0x74,0x20,0x78,0x5f,0x31,0x38,0x37,0x20,0x3d,0x20,0x28,0x2a,
    0x28,0x73,0x72,0x63,0x5f,0x31,0x29,0x29,0x2e,0x77,0x3b,0x0a,0x20,0x20,0x20,0x20,
    0x72,0x65,0x74,0x75,0x72,0x6e,0x20,0x78,0x5f,0x31,0x38,0x37,0x3b,0x0a,0x20,0x20,
    0x7d,0x0a,0x20,0x20,0x69,0x66,0x20,0x28,0x28,0x28,0x6d,0x6f,0x64,0x65,0x20,0x3e,
    0x20,0x31,0x2e,0x35,0x66,0x29,0x20,0x26,0x20,0x28,0x6d,0x6f,0x64,0x65,0x20,0x3c,
    0x20,0x32,0x2e,0x35,0x66,0x29,0x29,0x29,0x20,0x7b,0x0a,0x20,0x20,0x20,0x20,0x6c,
    0x65,0x74,0x20,0x78,0x5f,0x31,0x39,0x38,0x20,0x3d,0x20,0x28,0x2a,0x28,0x73,0x72,
    0x63,0x5f,0x31,0x29,0x29,0x2e,0x78,0x3b,0x0a,0x20,0x20,0x20,0x20,0x72,0x65,0x74,
    0x75,0x72,0x6e,0x20,0x78,0x5f,0x31,0x39,0x38,0x3b,0x0a,0x20,0x20,0x7d,0x0a,0x20,
    0x20,0x69,0x66,0x20,0x28,0x28,0x28,0x6d,0x6f,0x64,0x65,0x20,0x3e,0x20,0x32,0x2e,
    0x35,0x66,0x29,0x20,0x26,0x20,0x28,0x6d,0x6f,0x64,0x65,0x20,0x3c,0x20,0x33,0x2e,
    0x35,0x66,0x29,0x29,0x29,0x20,0x7b,0x0a,0x20,0x20,0x20,0x20,0x6c,0x65,0x74,0x20,
    0x78,0x5f,0x32,0x30,0x39,0x20,0x3d,0x20,0x28,0x2a,0x28,0x73,0x72,0x63,0x5f,0x31,
    0x29,0x29,0x2e,0x79,0x3b,0x0a,0x20,0x20,0x20,0x20,0x72,0x65,0x74,0x75,0x72,0x6e,
    0x20,0x78,0x5f,0x32,0x30,0x39,0x3b,0x0a,0x20,0x20,0x7d,0x0a,0x20,0x20,0x69,0x66,
    0x20,0x28,0x28,0x28,0x6d,0x6f,0x64,0x65,0x20,0x3e,0x20,0x33,0x2e,0x35,0x66,0x29,
    0x20,0x26,0x20,0x28,0x6d,0x6f,0x64,0x65,0x20,0x3c,0x20,0x34,0x2e,0x35,0x66,0x29,
    0x29,0x29,0x20,0x7b,0x0a,0x20,0x20,0x20,0x20,0x6c,0x65,0x74,0x20,0x78,0x5f,0x32,
    0x32,0x30,0x20,0x3d,0x20,0x28,0x2a,0x28,0x73,0x72,0x63,0x5f,0x31,0x29,0x29,0x2e,
    0x7a,0x3b,0x0a,0x20,0x20,0x20,0x20,0x72,0x65,0x74,0x75,0x72,0x6e,0x20,0x78,0x5f,
    0x32,0x32,0x30,0x3b,0x0a,0x20,0x20,0x7d,0x0a,0x20,0x20,0x69,0x66,0x20,0x28,0x28,
    0x28,0x6d,0x6f,0x64,0x65,0x20,0x3e,0x20,0x34,0x2e,0x35,0x66,0x29,0x20,0x26,0x20,
    0x28,0x6d,0x6f,0x64,0x65,0x20,0x3c,0x20,0x35,0x2e,0x35,0x66,0x29,0x29,0x29,0x20,
    0x7b,0x0a,0x20,0x20,0x20,0x20,0x6c,0x65,0x74,0x20,0x78,0x5f,0x32,0x33,0x31,0x20,
    0x3d,0x20,0x28,0x2a,0x28,0x73,0x72,0x63,0x5f,0x31,0x29,0x29,0x2e,0x78,0x3b,0x0a,
    0x20,0x20,0x20,0x20,0x6c,0x65,0x74,0x20,0x78,0x5f,0x32,0x33,0x33,0x20,0x3d,0x20,
    0x28,0x2a,0x28,0x73,0x72,0x63,0x5f,0x31,0x29,0x29,0x2e,0x79,0x3b,0x0a,0x20,0x20,
    0x20,0x20,0x6c,0x65,0x74,0x20,0x78,0x5f,0x32,0x33,0x36,0x20,0x3d,0x20,0x28,0x2a,
    0x28,0x73,0x72,0x63,0x5f,0x31,0x29,0x29,0x2e,0x7a,0x3b,0x0a,0x20,0x20,0x20,0x20,
    0x72,0x65,0x74,0x75,0x72,0x6e,0x20,0x6d,0x61,0x78,0x28,0x6d,0x61,0x78,0x28,0x78,
    0x5f,0x32,0x33,0x31,0x2c,0x20,0x78,0x5f,0x32,0x33,0x33,0x29,0x2c,0x20,0x78,0x5f,
    0x32,0x33,0x36,0x29,0x3b,0x0a,0x20,0x20,0x7d,0x0a,0x20,0x20,0x69,0x66,0x20,0x28,
    0x28,0x6d,0x6f,0x64,0x65,0x20,0x3e,0x20,0x35,0x2e,0x35,0x66,0x29,0x29,0x20,0x7b,
    0x0a,0x20,0x20,0x20,0x20,0x70,0x61,0x72,0x61,0x6d,0x5f,0x38,0x20,0x3d,0x20,0x28,
    0x2a,0x28,0x73,0x72,0x63,0x5f,0x31,0x29,0x29,0x2e,0x78,0x79,0x7a,0x3b,0x0a,0x20,
    0x20,0x20,0x20,0x6c,0x65,0x74,0x20,0x78,0x5f,0x32,0x34,0x36,0x20,0x3d,0x20,0x62,
    0x72,0x69,0x64,0x67,0x65,0x5f,0x73,0x61,0x74,0x75,0x72,0x61,0x74,0x69,0x6f,0x6e,
    0x5f,0x76,0x66,0x33,0x5f,0x28,0x26,0x28,0x70,0x61,0x72,0x61,0x6d,0x5f,0x38,0x29,
    0x29,0x3b,0x0a,0x20,0x20,0x20,0x20,0x72,0x65,0x74,0x75,0x72,0x6e,0x20,0x78,0x5f,
    0x32,0x34,0x36,0x3b,0x0a,0x20,0x20,0x7d,0x0a,0x20,0x20,0x6c,0x65,0x74,0x20,0x78,
    0x5f,0x32,0x34,0x38,0x20,0x3d,0x20,0x2a,0x28,0x69,0x6e,0x74,0x65,0x6e,0x73,0x69,
    0x74,0x79,0x29,0x3b,0x0a,0x20,0x20,0x72,0x65,0x74,0x75,0x72,0x6e,0x20,0x78,0x5f,
    0x32,0x34,0x38,0x3b,0x0a,0x7d,0x0a,0x0a,0x66,0x6e,0x20,0x62,0x72,0x69,0x64,0x67,
    0x65,0x5f,0x6d,0x61,0x73,0x6b,0x5f,0x67,0x61,0x6d,0x6d,0x61,0x5f,0x28,0x29,0x20,
    0x2d,0x3e,0x20,0x66,0x33,0x32,0x20,0x7b,0x0a,0x20,0x20,0x6c,0x65,0x74,0x20,0x78,
    0x5f,0x31,0x36,0x30,0x20,0x3d,0x20,0x78,0x5f,0x35,0x37,0x2e,0x74,0x65,0x78,0x65,
    0x6c,0x2e,0x77,0x3b,0x0a,0x20,0x20,0x72,0x65,0x74,0x75,0x72,0x6e,0x20,0x6d,0x61,
    0x78,0x28,0x78,0x5f,0x31,0x36,0x30,0x2c,0x20,0x30,0x2e,0x30,0x30,0x30,0x30,0x39,
    0x39,0x39,0x39,0x39,0x39,0x39,0x37,0x34,0x37,0x33,0x37,0x38,0x37,0x35,0x32,0x66,
    0x29,0x3b,0x0a,0x7d,0x0a,0x0a,0x66,0x6e,0x20,0x62,0x72,0x69,0x64,0x67,0x65,0x5f,
    0x73,0x6f,0x66,0x74,0x5f,0x6d,0x61,0x73,0x6b,0x5f,0x66,0x31,0x5f,0x28,0x76,0x61,
    0x6c,0x75,0x65,0x20,0x3a,0x20,0x70,0x74,0x72,0x3c,0x66,0x75,0x6e,0x63,0x74,0x69,
    0x6f,0x6e,0x2c,0x20,0x66,0x33,0x32,0x3e,0x29,0x20,0x2d,0x3e,0x20,0x66,0x33,0x32,
    0x20,0x7b,0x0a,0x20,0x20,0x76,0x61,0x72,0x20,0x73,0x6f,0x66,0x74,0x6e,0x65,0x73,
    0x73,0x20,0x3a,0x20,0x66,0x33,0x32,0x3b,0x0a,0x20,0x20,0x76,0x61,0x72,0x20,0x6d,
    0x61,0x73,0x6b,0x20,0x3a,0x20,0x66,0x33,0x32,0x3b,0x0a,0x20,0x20,0x76,0x61,0x72,
    0x20,0x78,0x5f,0x32,0x35,0x39,0x20,0x3a,0x20,0x66,0x33,0x32,0x3b,0x0a,0x20,0x20,
    0x73,0x6f,0x66,0x74,0x6e,0x65,0x73,0x73,0x20,0x3d,0x20,0x6d,0x61,0x78,0x28,0x78,
    0x5f,0x35,0x37,0x2e,0x74,0x65,0x78,0x65,0x6c,0x2e,0x7a,0x2c,0x20,0x30,0x2e,0x30,
    0x66,0x29,0x3b,0x0a,0x20,0x20,0x69,0x66,0x20,0x28,0x28,0x73,0x6f,0x66,0x74,0x6e,
    0x65,0x73,0x73,0x20,0x3c,0x3d,0x20,0x30,0x2e,0x30,0x30,0x30,0x30,0x30,0x39,0x39,
    0x39,0x39,0x39,0x39,0x39,0x37,0x34,0x37,0x33,0x37,0x38,0x37,0x35,0x66,0x29,0x29,
    0x20,0x7b,0x0a,0x20,0x20,0x20,0x20,0x78,0x5f,0x32,0x35,0x39,0x20,0x3d,0x20,0x73,
    0x74,0x65,0x70,0x28,0x78,0x5f,0x35,0x37,0x2e,0x6f,0x70,0x74,0x69,0x6f,0x6e,0x73,
    0x2e,0x79,0x2c,0x20,0x2a,0x28,0x76,0x61,0x6c,0x75,0x65,0x29,0x29,0x3b,0x0a,0x20,
    0x20,0x7d,0x20,0x65,0x6c,0x73,0x65,0x20,0x7b,0x0a,0x20,0x20,0x20,0x20,0x78,0x5f,
    0x32,0x35,0x39,0x20,0x3d,0x20,0x73,0x6d,0x6f,0x6f,0x74,0x68,0x73,0x74,0x65,0x70,
    0x28,0x28,0x78,0x5f,0x35,0x37,0x2e,0x6f,0x70,0x74,0x69,0x6f,0x6e,0x73,0x2e,0x79,
    0x20,0x2d,0x20,0x28,0x73,0x6f,0x66,0x74,0x6e,0x65,0x73,0x73,0x20,0x2a,0x20,0x30,
    0x2e,0x35,0x66,0x29,0x29,0x2c,0x20,0x28,0x78,0x5f,0x35,0x37,0x2e,0x6f,0x70,0x74,
    0x69,0x6f,0x6e,0x73,0x2e,0x79,0x20,0x2b,0x20,0x28,0x73,0x6f,0x66,0x74,0x6e,0x65,
    0x73,0x73,0x20,0x2a,0x20,0x30,0x2e,0x35,0x66,0x29,0x29,0x2c,0x20,0x2a,0x28,0x76,
    0x61,0x6c,0x75,0x65,0x29,0x29,0x3b,0x0a,0x20,0x20,0x7d,0x0a,0x20,0x20,0x6d,0x61,
    0x73,0x6b,0x20,0x3d,0x20,0x78,0x5f,0x32,0x35,0x39,0x3b,0x0a,0x20,0x20,0x6c,0x65,
    0x74,0x20,0x78,0x5f,0x32,0x38,0x30,0x20,0x3d,0x20,0x6d,0x61,0x73,0x6b,0x3b,0x0a,
    0x20,0x20,0x6c,0x65,0x74,0x20,0x78,0x5f,0x32,0x38,0x32,0x20,0x3d,0x20,0x62,0x72,
    0x69,0x64,0x67,0x65,0x5f,0x6d,0x61,0x73,0x6b,0x5f,0x67,0x61,0x6d,0x6d,0x61,0x5f,
    0x28,0x29,0x3b,0x0a,0x20,0x20,0x72,0x65,0x74,0x75,0x72,0x6e,0x20,0x70,0x6f,0x77,
    0x28,0x63,0x6c,0x61,0x6d,0x70,0x28,0x78,0x5f,0x32,0x38,0x30,0x2c,0x20,0x30,0x2e,
    0x30,0x66,0x2c,0x20,0x31,0x2e,0x30,0x66,0x29,0x2c,0x20,0x28,0x31,0x2e,0x30,0x66,
    0x20,0x2f,0x20,0x78,0x5f,0x32,0x38,0x32,0x29,0x29,0x3b,0x0a,0x7d,0x0a,0x0a,0x66,
    0x6e,0x20,0x6d,0x61,0x69,0x6e,0x5f,0x31,0x28,0x29,0x20,0x7b,0x0a,0x20,0x20,0x76,
    0x61,0x72,0x20,0x73,0x72,0x63,0x5f,0x32,0x20,0x3a,0x20,0x76,0x65,0x63,0x34,0x66,
    0x3b,0x0a,0x20,0x20,0x76,0x61,0x72,0x20,0x70,0x61,0x72,0x61,0x6d,0x5f,0x39,0x20,
    0x3a,0x20,0x76,0x65,0x63,0x32,0x66,0x3b,0x0a,0x20,0x20,0x76,0x61,0x72,0x20,0x79,
    0x5f,0x31,0x20,0x3a,0x20,0x66,0x33,0x32,0x3b,0x0a,0x20,0x20,0x76,0x61,0x72,0x20,
    0x70,0x61,0x72,0x61,0x6d,0x5f,0x31,0x30,0x20,0x3a,0x20,0x76,0x65,0x63,0x34,0x66,
    0x3b,0x0a,0x20,0x20,0x76,0x61,0x72,0x20,0x6d,0x61,0x73,0x6b,0x5f,0x31,0x20,0x3a,
    0x20,0x66,0x33,0x32,0x3b,0x0a,0x20,0x20,0x76,0x61,0x72,0x20,0x70,0x61,0x72,0x61,
    0x6d,0x5f,0x31,0x31,0x20,0x3a,0x20,0x76,0x65,0x63,0x34,0x66,0x3b,0x0a,0x20,0x20,
    0x76,0x61,0x72,0x20,0x70,0x61,0x72,0x61,0x6d,0x5f,0x31,0x32,0x20,0x3a,0x20,0x66,
    0x33,0x32,0x3b,0x0a,0x20,0x20,0x76,0x61,0x72,0x20,0x70,0x61,0x72,0x61,0x6d,0x5f,
    0x31,0x33,0x20,0x3a,0x20,0x66,0x33,0x32,0x3b,0x0a,0x20,0x20,0x76,0x61,0x72,0x20,
    0x64,0x65,0x6e,0x73,0x69,0x74,0x79,0x20,0x3a,0x20,0x66,0x33,0x32,0x3b,0x0a,0x20,
    0x20,0x70,0x61,0x72,0x61,0x6d,0x5f,0x39,0x20,0x3d,0x20,0x75,0x76,0x3b,0x0a,0x20,
    0x20,0x6c,0x65,0x74,0x20,0x78,0x5f,0x33,0x30,0x32,0x20,0x3d,0x20,0x62,0x72,0x69,
    0x64,0x67,0x65,0x5f,0x73,0x61,0x6d,0x70,0x6c,0x65,0x5f,0x75,0x76,0x5f,0x76,0x66,
    0x32,0x5f,0x28,0x26,0x28,0x70,0x61,0x72,0x61,0x6d,0x5f,0x39,0x29,0x29,0x3b,0x0a,
    0x20,0x20,0x6c,0x65,0x74,0x20,0x78,0x5f,0x33,0x30,0x33,0x20,0x3d,0x20,0x74,0x65,
    0x78,0x74,0x75,0x72,0x65,0x53,0x61,0x6d,0x70,0x6c,0x65,0x28,0x62,0x72,0x69,0x64,
    0x67,0x65,0x49,0x6e,0x70,0x75,0x74,0x54,0x65,0x78,0x2c,0x20,0x62,0x72,0x69,0x64,
    0x67,0x65,0x49,0x6e,0x70,0x75,0x74,0x53,0x6d,0x70,0x2c,0x20,0x78,0x5f,0x33,0x30,
    0x32,0x29,0x3b,0x0a,0x20,0x20,0x73,0x72,0x63,0x5f,0x32,0x20,0x3d,0x20,0x78,0x5f,
    0x33,0x30,0x33,0x3b,0x0a,0x20,0x20,0x70,0x61,0x72,0x61,0x6d,0x5f,0x31,0x30,0x20,
    0x3d,0x20,0x73,0x72,0x63,0x5f,0x32,0x3b,0x0a,0x20,0x20,0x6c,0x65,0x74,0x20,0x78,
    0x5f,0x33,0x30,0x37,0x20,0x3d,0x20,0x62,0x72,0x69,0x64,0x67,0x65,0x5f,0x6c,0x75,
    0x6d,0x69,0x6e,0x61,0x6e,0x63,0x65,0x5f,0x76,0x66,0x34,0x5f,0x28,0x26,0x28,0x70,
    0x61,0x72,0x61,0x6d,0x5f,0x31,0x30,0x29,0x29,0x3b,0x0a,0x20,0x20,0x79,0x5f,0x31,
    0x20,0x3d,0x20,0x78,0x5f,0x33,0x30,0x37,0x3b,0x0a,0x20,0x20,0x70,0x61,0x72,0x61,
    0x6d,0x5f,0x31,0x31,0x20,0x3d,0x20,0x73,0x72,0x63,0x5f,0x32,0x3b,0x0a,0x20,0x20,
    0x70,0x61,0x72,0x61,0x6d,0x5f,0x31,0x32,0x20,0x3d,0x20,0x79,0x5f,0x31,0x3b,0x0a,
    0x20,0x20,0x6c,0x65,0x74,0x20,0x78,0x5f,0x33,0x31,0x33,0x20,0x3d,0x20,0x62,0x72,
    0x69,0x64,0x67,0x65,0x5f,0x6d,0x61,0x73,0x6b,0x5f,0x76,0x61,0x6c,0x75,0x65,0x5f,
    0x76,0x66,0x34,0x5f,0x66,0x31,0x5f,0x28,0x26,0x28,0x70,0x61,0x72,0x61,0x6d,0x5f,
    0x31,0x31,0x29,0x2c,0x20,0x26,0x28,0x70,0x61,0x72,0x61,0x6d,0x5f,0x31,0x32,0x29,
    0x29,0x3b,0x0a,0x20,0x20,0x70,0x61,0x72,0x61,0x6d,0x5f,0x31,0x33,0x20,0x3d,0x20,
    0x78,0x5f,0x33,0x31,0x33,0x3b,0x0a,0x20,0x20,0x6c,0x65,0x74,0x20,0x78,0x5f,0x33,
    0x31,0x35,0x20,0x3d,0x20,0x62,0x72,0x69,0x64,0x67,0x65,0x5f,0x73,0x6f,0x66,0x74,
    0x5f,0x6d,0x61,0x73,0x6b,0x5f,0x66,0x31,0x5f,0x28,0x26,0x28,0x70,0x61,0x72,0x61,
    0x6d,0x5f,0x31,0x33,0x29,0x29,0x3b,0x0a,0x20,0x20,0x6d,0x61,0x73,0x6b,0x5f,0x31,
    0x20,0x3d,0x20,0x78,0x5f,0x33,0x31,0x35,0x3b,0x0a,0x20,0x20,0x64,0x65,0x6e,0x73,
    0x69,0x74,0x79,0x20,0x3d,0x20,0x28,0x28,0x79,0x5f,0x31,0x20,0x2a,0x20,0x78,0x5f,
    0x35,0x37,0x2e,0x6f,0x70,0x74,0x69,0x6f,0x6e,0x73,0x2e,0x78,0x29,0x20,0x2a,0x20,
    0x6d,0x61,0x73,0x6b,0x5f,0x31,0x29,0x3b,0x0a,0x20,0x20,0x6c,0x65,0x74,0x20,0x78,
    0x5f,0x33,0x33,0x31,0x20,0x3d,0x20,0x28,0x78,0x5f,0x35,0x37,0x2e,0x63,0x6f,0x6c,
    0x6f,0x72,0x2e,0x78,0x79,0x7a,0x20,0x2a,0x20,0x64,0x65,0x6e,0x73,0x69,0x74,0x79,
    0x29,0x3b,0x0a,0x20,0x20,0x66,0x72,0x61,0x67,0x5f,0x63,0x6f,0x6c,0x6f,0x72,0x20,
    0x3d,0x20,0x76,0x65,0x63,0x34,0x66,0x28,0x78,0x5f,0x33,0x33,0x31,0x2e,0x78,0x2c,
    0x20,0x78,0x5f,0x33,0x33,0x31,0x2e,0x79,0x2c,0x20,0x78,0x5f,0x33,0x33,0x31,0x2e,
    0x7a,0x2c,0x20,0x64,0x65,0x6e,0x73,0x69,0x74,0x79,0x29,0x3b,0x0a,0x20,0x20,0x72,
    0x65,0x74,0x75,0x72,0x6e,0x3b,0x0a,0x7d,0x0a,0x0a,0x73,0x74,0x72,0x75,0x63,0x74,
    0x20,0x6d,0x61,0x69,0x6e,0x5f,0x6f,0x75,0x74,0x20,0x7b,0x0a,0x20,0x20,0x40,0x6c,
    0x6f,0x63,0x61,0x74,0x69,0x6f,0x6e,0x28,0x30,0x29,0x0a,0x20,0x20,0x66,0x72,0x61,
    0x67,0x5f,0x63,0x6f,0x6c,0x6f,0x72,0x5f,0x31,0x20,0x3a,0x20,0x76,0x65,0x63,0x34,
    0x66,0x2c,0x0a,0x7d,0x0a,0x0a,0x40,0x66,0x72,0x61,0x67,0x6d,0x65,0x6e,0x74,0x0a,
    0x66,0x6e,0x20,0x6d,0x61,0x69,0x6e,0x28,0x40,0x6c,0x6f,0x63,0x61,0x74,0x69,0x6f,
    0x6e,0x28,0x30,0x29,0x20,0x75,0x76,0x5f,0x70,0x61,0x72,0x61,0x6d,0x20,0x3a,0x20,
    0x76,0x65,0x63,0x32,0x66,0x29,0x20,0x2d,0x3e,0x20,0x6d,0x61,0x69,0x6e,0x5f,0x6f,
    0x75,0x74,0x20,0x7b,0x0a,0x20,0x20,0x75,0x76,0x20,0x3d,0x20,0x75,0x76,0x5f,0x70,
    0x61,0x72,0x61,0x6d,0x3b,0x0a,0x20,0x20,0x6d,0x61,0x69,0x6e,0x5f,0x31,0x28,0x29,
    0x3b,0x0a,0x20,0x20,0x72,0x65,0x74,0x75,0x72,0x6e,0x20,0x6d,0x61,0x69,0x6e,0x5f,
    0x6f,0x75,0x74,0x28,0x66,0x72,0x61,0x67,0x5f,0x63,0x6f,0x6c,0x6f,0x72,0x29,0x3b,
    0x0a,0x7d,0x0a,0x00,
};
/*
    diagnostic(off, derivative_uniformity);

    struct bridge_params {
      /_ @offset(0) _/
      color : vec4f,
      /_ @offset(16) _/
      resolution : vec4f,
      /_ @offset(32) _/
      texel : vec4f,
      /_ @offset(48) _/
      options : vec4f,
    }

    @binding(0) @group(0) var<uniform> x_57 : bridge_params;

    @binding(0) @group(1) var bridgeInputTex : texture_2d<f32>;

    @binding(32) @group(1) var bridgeInputSmp : sampler;

    var<private> uv : vec2f;

    var<private> frag_color : vec4f;

    fn bridge_flag_f1_f1_(packed : ptr<function, f32>, flag : ptr<function, f32>) -> f32 {
      let x_45 = *(packed);
      let x_46 = *(flag);
      return floor((floor((x_45 / x_46)) - (2.0f * floor((floor((x_45 / x_46)) / 2.0f)))));
    }

    fn bridge_sample_uv_vf2_(p : ptr<function, vec2f>) -> vec2f {
      var mirror_x : f32;
      var param : f32;
      var param_1 : f32;
      var mirror_y : f32;
      var param_2 : f32;
      var param_3 : f32;
      param = x_57.options.w;
      param_1 = 4.0f;
      let x_68 = bridge_flag_f1_f1_(&(param), &(param_1));
      mirror_x = x_68;
      param_2 = x_57.options.w;
      param_3 = 8.0f;
      let x_75 = bridge_flag_f1_f1_(&(param_2), &(param_3));
      mirror_y = x_75;
      let x_78 = (*(p)).x;
      let x_81 = (*(p)).x;
      let x_83 = mirror_x;
      let x_87 = (*(p)).y;
      let x_89 = (*(p)).y;
      let x_91 = mirror_y;
      return vec2f(mix(x_78, (1.0f - x_81), x_83), mix(x_87, (1.0f - x_89), x_91));
    }

    fn bridge_luminance_vf4_(src : ptr<function, vec4f>) -> f32 {
      var y : f32;
      var param_4 : f32;
      var param_5 : f32;
      y = dot((*(src)).xyz, vec3f(0.21259999275207519531f, 0.71520000696182250977f, 0.07220000028610229492f));
      let x_104 = y;
      let x_105 = y;
      param_4 = x_57.options.w;
      param_5 = 1.0f;
      let x_111 = bridge_flag_f1_f1_(&(param_4), &(param_5));
      return mix(x_104, (1.0f - x_105), x_111);
    }

    fn bridge_mask_source_mode_() -> f32 {
      let x_116 = x_57.options.w;
      return floor((x_116 / 16.0f));
    }

    fn bridge_saturation_vf3_(rgb : ptr<function, vec3f>) -> f32 {
      var hi : f32;
      var lo : f32;
      var x_145 : f32;
      hi = max(max((*(rgb)).x, (*(rgb)).y), (*(rgb)).z);
      lo = min(min((*(rgb)).x, (*(rgb)).y), (*(rgb)).z);
      if ((hi <= 0.00000099999999747524f)) {
        x_145 = 0.0f;
      } else {
        x_145 = ((hi - lo) / hi);
      }
      let x_155 = x_145;
      return x_155;
    }

    fn bridge_mask_value_vf4_f1_(src_1 : ptr<function, vec4f>, intensity : ptr<function, f32>) -> f32 {
      var use_alpha : f32;
      var param_6 : f32;
      var param_7 : f32;
      var mode : f32;
      var param_8 : vec3f;
      param_6 = x_57.options.w;
      param_7 = 2.0f;
      let x_170 = bridge_flag_f1_f1_(&(param_6), &(param_7));
      use_alpha = x_170;
      let x_172 = bridge_mask_source_mode_();
      mode = x_172;
      if ((use_alpha > 0.5f)) {
        mode = 1.0f;
      }
      if (((mode > 0.5f) & (mode < 1.5f))) {
        let x_187 = (*(src_1)).w;
        return x_187;
      }
      if (((mode > 1.5f) & (mode < 2.5f))) {
        let x_198 = (*(src_1)).x;
        return x_198;
      }
      if (((mode > 2.5f) & (mode < 3.5f))) {
        let x_209 = (*(src_1)).y;
        return x_209;
      }
      if (((mode > 3.5f) & (mode < 4.5f))) {
        let x_220 = (*(src_1)).z;
        return x_220;
      }
      if (((mode > 4.5f) & (mode < 5.5f))) {
        let x_231 = (*(src_1)).x;
        let x_233 = (*(src_1)).y;
        let x_236 = (*(src_1)).z;
        return max(max(x_231, x_233), x_236);
      }
      if ((mode > 5.5f)) {
        param_8 = (*(src_1)).xyz;
        let x_246 = bridge_saturation_vf3_(&(param_8));
        return x_246;
      }
      let x_248 = *(intensity);
      return x_248;
    }

    fn bridge_mask_gamma_() -> f32 {
      let x_160 = x_57.texel.w;
      return max(x_160, 0.00009999999747378752f);
    }

    fn bridge_soft_mask_f1_(value : ptr<function, f32>) -> f32 {
      var softness : f32;
      var mask : f32;
      var x_259 : f32;
      softness = max(x_57.texel.z, 0.0f);
      if ((softness <= 0.00000999999974737875f)) {
        x_259 = step(x_57.options.y, *(value));
      } else {
        x_259 = smoothstep((x_57.options.y - (softness * 0.5f)), (x_57.options.y + (softness * 0.5f)), *(value));
      }
      mask = x_259;
      let x_280 = mask;
      let x_282 = bridge_mask_gamma_();
      return pow(clamp(x_280, 0.0f, 1.0f), (1.0f / x_282));
    }

    fn main_1() {
      var src_2 : vec4f;
      var param_9 : vec2f;
      var y_1 : f32;
      var param_10 : vec4f;
      var mask_1 : f32;
      var param_11 : vec4f;
      var param_12 : f32;
      var param_13 : f32;
      var t : f32;
      param_9 = uv;
      let x_302 = bridge_sample_uv_vf2_(&(param_9));
      let x_303 = textureSample(bridgeInputTex, bridgeInputSmp, x_302);
      src_2 = x_303;
      param_10 = src_2;
      let x_307 = bridge_luminance_vf4_(&(param_10));
      y_1 = x_307;
      param_11 = src_2;
      param_12 = y_1;
      let x_313 = bridge_mask_value_vf4_f1_(&(param_11), &(param_12));
      param_13 = x_313;
      let x_315 = bridge_soft_mask_f1_(&(param_13));
      mask_1 = x_315;
      t = ((max((y_1 - x_57.options.y), 0.0f) * x_57.options.x) * mask_1);
      let x_330 = vec3f(t);
      frag_color = (vec4f(x_330.x, x_330.y, x_330.z, t) * x_57.color);
      return;
    }

    struct main_out {
      @location(0)
      frag_color_1 : vec4f,
    }

    @fragment
    fn main(@location(0) uv_param : vec2f) -> main_out {
      uv = uv_param;
      main_1();
      return main_out(frag_color);
    }
*/
static const uint8_t fs_bridge_temperature_source_wgsl[4973] = {
    0x64,0x69,0x61,0x67,0x6e,0x6f,0x73,0x74,0x69,0x63,0x28,0x6f,0x66,0x66,0x2c,0x20,
    0x64,0x65,0x72,0x69,0x76,0x61,0x74,0x69,0x76,0x65,0x5f,0x75,0x6e,0x69,0x66,0x6f,
    0x72,0x6d,0x69,0x74,0x79,0x29,0x3b,0x0a,0x0a,0x73,0x74,0x72,0x75,0x63,0x74,0x20,
    0x62,0x72,0x69,0x64,0x67,0x65,0x5f,0x70,0x61,0x72,0x61,0x6d,0x73,0x20,0x7b,0x0a,
    0x20,0x20,0x2f,0x2a,0x20,0x40,0x6f,0x66,0x66,0x73,0x65,0x74,0x28,0x30,0x29,0x20,
    0x2a,0x2f,0x0a,0x20,0x20,0x63,0x6f,0x6c,0x6f,0x72,0x20,0x3a,0x20,0x76,0x65,0x63,
    0x34,0x66,0x2c,0x0a,0x20,0x20,0x2f,0x2a,0x20,0x40,0x6f,0x66,0x66,0x73,0x65,0x74,
    0x28,0x31,0x36,0x29,0x20,0x2a,0x2f,0x0a,0x20,0x20,0x72,0x65,0x73,0x6f,0x6c,0x75,
    0x74,0x69,0x6f,0x6e,0x20,0x3a,0x20,0x76,0x65,0x63,0x34,0x66,0x2c,0x0a,0x20,0x20,
    0x2f,0x2a,0x20,0x40,0x6f,0x66,0x66,0x73,0x65,0x74,0x28,0x33,0x32,0x29,0x20,0x2a,
    0x2f,0x0a,0x20,0x20,0x74,0x65,0x78,0x65,0x6c,0x20,0x3a,0x20,0x76,0x65,0x63,0x34,
    0x66,0x2c,0x0a,0x20,0x20,0x2f,0x2a,0x20,0x40,0x6f,0x66,0x66,0x73,0x65,0x74,0x28,
    0x34,0x38,0x29,0x20,0x2a,0x2f,0x0a,0x20,0x20,0x6f,0x70,0x74,0x69,0x6f,0x6e,0x73,
    0x20,0x3a,0x20,0x76,0x65,0x63,0x34,0x66,0x2c,0x0a,0x7d,0x0a,0x0a,0x40,0x62,0x69,
    0x6e,0x64,0x69,0x6e,0x67,0x28,0x30,0x29,0x20,0x40,0x67,0x72,0x6f,0x75,0x70,0x28,
    0x30,0x29,0x20,0x76,0x61,0x72,0x3c,0x75,0x6e,0x69,0x66,0x6f,0x72,0x6d,0x3e,0x20,
    0x78,0x5f,0x35,0x37,0x20,0x3a,0x20,0x62,0x72,0x69,0x64,0x67,0x65,0x5f,0x70,0x61,
    0x72,0x61,0x6d,0x73,0x3b,0x0a,0x0a,0x40,0x62,0x69,0x6e,0x64,0x69,0x6e,0x67,0x28,
    0x30,0x29,0x20,0x40,0x67,0x72,0x6f,0x75,0x70,0x28,0x31,0x29,0x20,0x76,0x61,0x72,
    0x20,0x62,0x72,0x69,0x64,0x67,0x65,0x49,0x6e,0x70,0x75,0x74,0x54,0x65,0x78,0x20,
    0x3a,0x20,0x74,0x65,0x78,0x74,0x75,0x72,0x65,0x5f,0x32,0x64,0x3c,0x66,0x33,0x32,
    0x3e,0x3b,0x0a,0x0a,0x40,0x62,0x69,0x6e,0x64,0x69,0x6e,0x67,0x28,0x33,0x32,0x29,
    0x20,0x40,0x67,0x72,0x6f,0x75,0x70,0x28,0x31,0x29,0x20,0x76,0x61,0x72,0x20,0x62,
    0x72,0x69,0x64,0x67,0x65,0x49,0x6e,0x70,0x75,0x74,0x53,0x6d,0x70,0x20,0x3a,0x20,
    0x73,0x61,0x6d,0x70,0x6c,0x65,0x72,0x3b,0x0a,0x0a,0x76,0x61,0x72,0x3c,0x70,0x72,
    0x69,0x76,0x61,0x74,0x65,0x3e,0x20,0x75,0x76,0x20,0x3a,0x20,0x76,0x65,0x63,0x32,
    0x66,0x3b,0x0a,0x0a,0x76,0x61,0x72,0x3c,0x70,0x72,0x69,0x76,0x61,0x74,0x65,0x3e,
    0x20,0x66,0x72,0x61,0x67,0x5f,0x63,0x6f,0x6c,0x6f,0x72,0x20,0x3a,0x20,0x76,0x65,
    0x63,0x34,0x66,0x3b,0x0a,0x0a,0x66,0x6e,0x20,0x62,0x72,0x69,0x64,0x67,0x65,0x5f,
    0x66,0x6c,0x61,0x67,0x5f,0x66,0x31,0x5f,0x66,0x31,0x5f,0x28,0x70,0x61,0x63,0x6b,
    0x65,0x64,0x20,0x3a,0x20,0x70,0x74,0x72,0x3c,0x66,0x75,0x6e,0x63,0x74,0x69,0x6f,
    0x6e,0x2c,0x20,0x66,0x33,0x32,0x3e,0x2c,0x20,0x66,0x6c,0x61,0x67,0x20,0x3a,0x20,
    0x70,0x74,0x72,0x3c,0x66,0x75,0x6e,0x63,0x74,0x69,0x6f,0x6e,0x2c,0x20,0x66,0x33,
    0x32,0x3e,0x29,0x20,0x2d,0x3e,0x20,0x66,0x33,0x32,0x20,0x7b,0x0a,0x20,0x20,0x6c,
    0x65,0x74,0x20,0x78,0x5f,0x34,0x35,0x20,0x3d,0x20,0x2a,0x28,0x70,0x61,0x63,0x6b,
    0x65,0x64,0x29,0x3b,0x0a,0x20,0x20,0x6c,0x65,0x74,0x20,0x78,0x5f,0x34,0x36,0x20,
    0x3d,0x20,0x2a,0x28,0x66,0x6c,0x61,0x67,0x29,0x3b,0x0a,0x20,0x20,0x72,0x65,0x74,
    0x75,0x72,0x6e,0x20,0x66,0x6c,0x6f,0x6f,0x72,0x28,0x28,0x66,0x6c,0x6f,0x6f,0x72,
    0x28,0x28,0x78,0x5f,0x34,0x35,0x20,0x2f,0x20,0x78,0x5f,0x34,0x36,0x29,0x29,0x20,
    0x2d,0x20,0x28,0x32,0x2e,0x30,0x66,0x20,0x2a,0x20,0x66,0x6c,0x6f,0x6f,0x72,0x28,
    0x28,0x66,0x6c,0x6f,0x6f,0x72,0x28,0x28,0x78,0x5f,0x34,0x35,0x20,0x2f,0x20,0x78,
    0x5f,0x34,0x36,0x29,0x29,0x20,0x2f,0x20,0x32,0x2e,0x30,0x66,0x29,0x29,0x29,0x29,
    0x29,0x3b,0x0a,0x7d,0x0a,0x0a,0x66,0x6e,0x20,0x62,0x72,0x69,0x64,0x67,0x65,0x5f,
    0x73,0x61,0x6d,0x70,0x6c,0x65,0x5f,0x75,0x76,0x5f,0x76,0x66,0x32,0x5f,0x28,0x70,
    0x20,0x3a,0x20,0x70,0x74,0x72,0x3c,0x66,0x75,0x6e,0x63,0x74,0x69,0x6f,0x6e,0x2c,
    0x20,0x76,0x65,0x63,0x32,0x66,0x3e,0x29,0x20,0x2d,0x3e,0x20,0x76,0x65,0x63,0x32,
    0x66,0x20,0x7b,0x0a,0x20,0x20,0x76,0x61,0x72,0x20,0x6d,0x69,0x72,0x72,0x6f,0x72,
    0x5f,0x78,0x20,0x3a,0x20,0x66,0x33,0x32,0x3b,0x0a,0x20,0x20,0x76,0x61,0x72,0x20,
    0x70,0x61,0x72,0x61,0x6d,0x20,0x3a,0x20,0x66,0x33,0x32,0x3b,0x0a,0x20,0x20,0x76,
    0x61,0x72,0x20,0x70,0x61,0x72,0x61,0x6d,0x5f,0x31,0x20,0x3a,0x20,0x66,0x33,0x32,
    0x3b,0x0a,0x20,0x20,0x76,0x61,0x72,0x20,0x6d,0x69,0x72,0x72,0x6f,0x72,0x5f,0x79,
    0x20,0x3a,0x20,0x66,0x33,0x32,0x3b,0x0a,0x20,0x20,0x76,0x61,0x72,0x20,0x70,0x61,
    0x72,0x61,0x6d,0x5f,0x32,0x20,0x3a,0x20,0x66,0x33,0x32,0x3b,0x0a,0x20,0x20,0x76,
    0x61,0x72,0x20,0x70,0x61,0x72,0x61,0x6d,0x5f,0x33,0x20,0x3a,0x20,0x66,0x33,0x32,
    0x3b,0x0a,0x20,0x20,0x70,0x61,0x72,0x61,0x6d,0x20,0x3d,0x20,0x78,0x5f,0x35,0x37,
    0x2e,0x6f,0x70,0x74,0x69,0x6f,0x6e,0x73,0x2e,0x77,0x3b,0x0a,0x20,0x20,0x70,0x61,
    0x72,0x61,0x6d,0x5f,0x31,0x20,0x3d,0x20,0x34,0x2e,0x30,0x66,0x3b,0x0a,0x20,0x20,
    0x6c,0x65,0x74,0x20,0x78,0x5f,0x36,0x38,0x20,0x3d,0x20,0x62,0x72,0x69,0x64,0x67,
    0x65,0x5f,0x66,0x6c,0x61,0x67,0x5f,0x66,0x31,0x5f,0x66,0x31,0x5f,0x28,0x26,0x28,
    0x70,0x61,0x72,0x61,0x6d,0x29,0x2c,0x20,0x26,0x28,0x70,0x61,0x72,0x61,0x6d,0x5f,
    0x31,0x29,0x29,0x3b,0x0a,0x20,0x20,0x6d,0x69,0x72,0x72,0x6f,0x72,0x5f,0x78,0x20,
    0x3d,0x20,0x78,0x5f,0x36,0x38,0x3b,0x0a,0x20,0x20,0x70,0x61,0x72,0x61,0x6d,0x5f,
    0x32,0x20,0x3d,0x20,0x78,0x5f,0x35,0x37,0x2e,0x6f,0x70,0x74,0x69,0x6f,0x6e,0x73,
    0x2e,0x77,0x3b,0x0a,0x20,0x20,0x70,0x61,0x72,0x61,0x6d,0x5f,0x33,0x20,0x3d,0x20,
    0x38,0x2e,0x30,0x66,0x3b,0x0a,0x20,0x20,0x6c,0x65,0x74,0x20,0x78,0x5f,0x37,0x35,
    0x20,0x3d,0x20,0x62,0x72,0x69,0x64,0x67,0x65,0x5f,0x66,0x6c,0x61,0x67,0x5f,0x66,
    0x31,0x5f,0x66,0x31,0x5f,0x28,0x26,0x28,0x70,0x61,0x72,0x61,0x6d,0x5f,0x32,0x29,
    0x2c,0x20,0x26,0x28,0x70,0x61,0x72,0x61,0x6d,0x5f,0x33,0x29,0x29,0x3b,0x0a,0x20,
    0x20,0x6d,0x69,0x72,0x72,0x6f,0x72,0x5f,0x79,0x20,0x3d,0x20,0x78,0x5f,0x37,0x35,
    0x3b,0x0a,0x20,0x20,0x6c,0x65,0x74,0x20,0x78,0x5f,0x37,0x38,0x20,0x3d,0x20,0x28,
    0x2a,0x28,0x70,0x29,0x29,0x2e,0x78,0x3b,0x0a,0x20,0x20,0x6c,0x65,0x74,0x20,0x78,
    0x5f,0x38,0x31,0x20,0x3d,0x20,0x28,0x2a,0x28,0x70,0x29,0x29,0x2e,0x78,0x3b,0x0a,
    0x20,0x20,0x6c,0x65,0x74,0x20,0x78,0x5f,0x38,0x33,0x20,0x3d,0x20,0x6d,0x69,0x72,
    0x72,0x6f,0x72,0x5f,0x78,0x3b,0x0a,0x20,0x20,0x6c,0x65,0x74,0x20,0x78,0x5f,0x38,
    0x37,0x20,0x3d,0x20,0x28,0x2a,0x28,0x70,0x29,0x29,0x2e,0x79,0x3b,0x0a,0x20,0x20,
    0x6c,0x65,0x74,0x20,0x78,0x5f,0x38,0x39,0x20,0x3d,0x20,0x28,0x2a,0x28,0x70,0x29,
    0x29,0x2e,0x79,0x3b,0x0a,0x20,0x20,0x6c,0x65,0x74,0x20,0x78,0x5f,0x39,0x31,0x20,
    0x3d,0x20,0x6d,0x69,0x72,0x72,0x6f,0x72,0x5f,0x79,0x3b,0x0a,0x20,0x20,0x72,0x65,
    0x74,0x75,0x72,0x6e,0x20,0x76,0x65,0x63,0x32,0x66,0x28,0x6d,0x69,0x78,0x28,0x78,
    0x5f,0x37,0x38,0x2c,0x20,0x28,0x31,0x2e,0x30,0x66,0x20,0x2d,0x20,0x78,0x5f,0x38,
    0x31,0x29,0x2c,0x20,0x78,0x5f,0x38,0x33,0x29,0x2c,0x20,0x6d,0x69,0x78,0x28,0x78,
    0x5f,0x38,0x37,0x2c,0x20,0x28,0x31,0x2e,0x30,0x66,0x20,0x2d,0x20,0x78,0x5f,0x38,
    0x39,0x29,0x2c,0x20,0x78,0x5f,0x39,0x31,0x29,0x29,0x3b,0x0a,0x7d,0x0a,0x0a,0x66,
    0x6e,0x20,0x62,0x72,0x69,0x64,0x67,0x65,0x5f,0x6c,0x75,0x6d,0x69,0x6e,0x61,0x6e,
    0x63,0x65,0x5f,0x76,0x66,0x34,0x5f,0x28,0x73,0x72,0x63,0x20,0x3a,0x20,0x70,0x74,
    0x72,0x3c,0x66,0x75,0x6e,0x63,0x74,0x69,0x6f,0x6e,0x2c,0x20,0x76,0x65,0x63,0x34,
    0x66,0x3e,0x29,0x20,0x2d,0x3e,0x20,0x66,0x33,0x32,0x20,0x7b,0x0a,0x20,0x20,0x76,
    0x61,0x72,0x20,0x79,0x20,0x3a,0x20,0x66,0x33,0x32,0x3b,0x0a,0x20,0x20,0x76,0x61,
    0x72,0x20,0x70,0x61,0x72,0x61,0x6d,0x5f,0x34,0x20,0x3a,0x20,0x66,0x33,0x32,0x3b,
    0x0a,0x20,0x20,0x76,0x61,0x72,0x20,0x70,0x61,0x72,0x61,0x6d,0x5f,0x35,0x20,0x3a,
    0x20,0x66,0x33,0x32,0x3b,0x0a,0x20,0x20,0x79,0x20,0x3d,0x20,0x64,0x6f,0x74,0x28,
    0x28,0x2a,0x28,0x73,0x72,0x63,0x29,0x29,0x2e,0x78,0x79,0x7a,0x2c,0x20,0x76,0x65,
    0x63,0x33,0x66,0x28,0x30,0x2e,0x32,0x31,0x32,0x35,0x39,0x39,0x39,0x39,0x32,0x37,
    0x35,0x32,0x30,0x37,0x35,0x31,0x39,0x35,0x33,0x31,0x66,0x2c,0x20,0x30,0x2e,0x37,
    0x31,0x35,0x32,0x30,0x30,0x30,0x30,0x36,0x39,0x36,0x31,0x38,0x32,0x32,0x35,0x30,
    0x39,0x37,0x37,0x66,0x2c,0x20,0x30,0x2e,0x30,0x37,0x32,0x32,0x30,0x30,0x30,0x30,
    0x30,0x32,0x38,0x36,0x31,0x30,0x32,0x32,0x39,0x34,0x39,0x32,0x66,0x29,0x29,0x3b,
    0x0a,0x20,0x20,0x6c,0x65,0x74,0x20,0x78,0x5f,0x31,0x30,0x34,0x20,0x3d,0x20,0x79,
    0x3b,0x0a,0x20,0x20,0x6c,0x65,0x74,0x20,0x78,0x5f,0x31,0x30,0x35,0x20,0x3d,0x20,
    0x79,0x3b,0x0a,0x20,0x20,0x70,0x61,0x72,0x61,0x6d,0x5f,0x34,0x20,0x3d,0x20,0x78,
    0x5f,0x35,0x37,0x2e,0x6f,0x70,0x74,0x69,0x6f,0x6e,0x73,0x2e,0x77,0x3b,0x0a,0x20,
    0x20,0x70,0x61,0x72,0x61,0x6d,0x5f,0x35,0x20,0x3d,0x20,0x31,0x2e,0x30,0x66,0x3b,
    0x0a,0x20,0x20,0x6c,0x65,0x74,0x20,0x78,0x5f,0x31,0x31,0x31,0x20,0x3d,0x20,0x62,
    0x72,0x69,0x64,0x67,0x65,0x5f,0x66,0x6c,0x61,0x67,0x5f,0x66,0x31,0x5f,0x66,0x31,
    0x5f,0x28,0x26,0x28,0x70,0x61,0x72,0x61,0x6d,0x5f,0x34,0x29,0x2c,0x20,0x26,0x28,
    0x70,0x61,0x72,0x61,0x6d,0x5f,0x35,0x29,0x29,0x3b,0x0a,0x20,0x20,0x72,0x65,0x74,
    0x75,0x72,0x6e,0x20,0x6d,0x69,0x78,0x28,0x78,0x5f,0x31,0x30,0x34,0x2c,0x20,0x28,
    0x31,0x2e,0x30,0x66,0x20,0x2d,0x20,0x78,0x5f,0x31,0x30,0x35,0x29,0x2c,0x20,0x78,
    0x5f,0x31,0x31,0x31,0x29,0x3b,0x0a,0x7d,0x0a,0x0a,0x66,0x6e,0x20,0x62,0x72,0x69,
    0x64,0x67,0x65,0x5f,0x6d,0x61,0x73,0x6b,0x5f,0x73,0x6f,0x75,0x72,0x63,0x65,0x5f,
    0x6d,0x6f,0x64,0x65,0x5f,0x28,0x29,0x20,0x2d,0x3e,0x20,0x66,0x33,0x32,0x20,0x7b,
    0x0a,0x20,0x20,0x6c,0x65,0x74,0x20,0x78,0x5f,0x31,0x31,0x36,0x20,0x3d,0x20,0x78,
    0x5f,0x35,0x37,0x2e,0x6f,0x70,0x74,0x69,0x6f,0x6e,0x73,0x2e,0x77,0x3b,0x0a,0x20,
    0x20,0x72,0x65,0x74,0x75,0x72,0x6e,0x20,0x66,0x6c,0x6f,0x6f,0x72,0x28,0x28,0x78,
    0x5f,0x31,0x31,0x36,0x20,0x2f,0x20,0x31,0x36,0x2e,0x30,0x66,0x29,0x29,0x3b,0x0a,
    0x7d,0x0a,0x0a,0x66,0x6e,0x20,0x62,0x72,0x69,0x64,0x67,0x65,0x5f,0x73,0x61,0x74,
    0x75,0x72,0x61,0x74,0x69,0x6f,0x6e,0x5f,0x76,0x66,0x33,0x5f,0x28,0x72,0x67,0x62,
    0x20,0x3a,0x20,0x70,0x74,0x72,0x3c,0x66,0x75,0x6e,0x63,0x74,0x69,0x6f,0x6e,0x2c,
    0x20,0x76,0x65,0x63,0x33,0x66,0x3e,0x29,0x20,0x2d,0x3e,0x20,0x66,0x33,0x32,0x20,
    0x7b,0x0a,0x20,0x20,0x76,0x61,0x72,0x20,0x68,0x69,0x20,0x3a,0x20,0x66,0x33,0x32,
    0x3b,0x0a,0x20,0x20,0x76,0x61,0x72,0x20,0x6c,0x6f,0x20,0x3a,0x20,0x66,0x33,0x32,
    0x3b,0x0a,0x20,0x20,0x76,0x61,0x72,0x20,0x78,0x5f,0x31,0x34,0x35,0x20,0x3a,0x20,
    0x66,0x33,0x32,0x3b,0x0a,0x20,0x20,0x68,0x69,0x20,0x3d,0x20,0x6d,0x61,0x78,0x28,
    0x6d,0x61,0x78,0x28,0x28,0x2a,0x28,0x72,0x67,0x62,0x29,0x29,0x2e,0x78,0x2c,0x20,
    0x28,0x2a,0x28,0x72,0x67,0x62,0x29,0x29,0x2e,0x79,0x29,0x2c,0x20,0x28,0x2a,0x28,
    0x72,0x67,0x62,0x29,0x29,0x2e,0x7a,0x29,0x3b,0x0a,0x20,0x20,0x6c,0x6f,0x20,0x3d,
    0x20,0x6d,0x69,0x6e,0x28,0x6d,0x69,0x6e,0x28,0x28,0x2a,0x28,0x72,0x67,0x62,0x29,
    0x29,0x2e,0x78,0x2c,0x20,0x28,0x2a,0x28,0x72,0x67,0x62,0x29,0x29,0x2e,0x79,0x29,
    0x2c,0x20,0x28,0x2a,0x28,0x72,0x67,0x62,0x29,0x29,0x2e,0x7a,0x29,0x3b,0x0a,0x20,
    0x20,0x69,0x66,0x20,0x28,0x28,0x68,0x69,0x20,0x3c,0x3d,0x20,0x30,0x2e,0x30,0x30,
    0x30,0x30,0x30,0x30,0x39,0x39,0x39,0x39,0x39,0x39,0x39,0x39,0x37,0x34,0x37,0x35,
    0x32,0x34,0x66,0x29,0x29,0x20,0x7b,0x0a,0x20,0x20,0x20,0x20,0x78,0x5f,0x31,0x34,
    0x35,0x20,0x3d,0x20,0x30,0x2e,0x30,0x66,0x3b,0x0a,0x20,0x20,0x7d,0x20,0x65,0x6c,
    0x73,0x65,0x20,0x7b,0x0a,0x20,0x20,0x20,0x20,0x78,0x5f,0x31,0x34,0x35,0x20,0x3d,
    0x20,0x28,0x28,0x68,0x69,0x20,0x2d,0x20,0x6c,0x6f,0x29,0x20,0x2f,0x20,0x68,0x69,
    0x29,0x3b,0x0a,0x20,0x20,0x7d,0x0a,0x20,0x20,0x6c,0x65,0x74,0x20,0x78,0x5f,0x31,
    0x35,0x35,0x20,0x3d,0x20,0x78,0x5f,0x31,0x34,0x35,0x3b,0x0a,0x20,0x20,0x72,0x65,
    0x74,0x75,0x72,0x6e,0x20,0x78,0x5f,0x31,0x35,0x35,0x3b,0x0a,0x7d,0x0a,0x0a,0x66,
    0x6e,0x20,0x62,0x72,0x69,0x64,0x67,0x65,0x5f,0x6d,0x61,0x73,0x6b,0x5f,0x76,0x61,
    0x6c,0x75,0x65,0x5f,0x76,0x66,0x34,0x5f,0x66,0x31,0x5f,0x28,0x73,0x72,0x63,0x5f,
    0x31,0x20,0x3a,0x20,0x70,0x74,0x72,0x3c,0x66,0x75,0x6e,0x63,0x74,0x69,0x6f,0x6e,
    0x2c,0x20,0x76,0x65,0x63,0x34,0x66,0x3e,0x2c,0x20,0x69,0x6e,0x74,0x65,0x6e,0x73,
    0x69,0x74,0x79,0x20,0x3a,0x20,0x70,0x74,0x72,0x3c,0x66,0x75,0x6e,0x63,0x74,0x69,
    0x6f,0x6e,0x2c,0x20,0x66,0x33,0x32,0x3e,0x29,0x20,0x2d,0x3e,0x20,0x66,0x33,0x32,
    0x20,0x7b,0x0a,0x20,0x20,0x76,0x61,0x72,0x20,0x75,0x73,0x65,0x5f,0x61,0x6c,0x70,
    0x68,0x61,0x20,0x3a,0x20,0x66,0x33,0x32,0x3b,0x0a,0x20,0x20,0x76,0x61,0x72,0x20,
    0x70,0x61,0x72,0x61,0x6d,0x5f,0x36,0x20,0x3a,0x20,0x66,0x33,0x32,0x3b,0x0a,0x20,
    0x20,0x76,0x61,0x72,0x20,0x70,0x61,0x72,0x61,0x6d,0x5f,0x37,0x20,0x3a,0x20,0x66,
    0x33,0x32,0x3b,0x0a,0x20,0x20,0x76,0x61,0x72,0x20,0x6d,0x6f,0x64,0x65,0x20,0x3a,
    0x20,0x66,0x33,0x32,0x3b,0x0a,0x20,0x20,0x76,0x61,0x72,0x20,0x70,0x61,0x72,0x61,
    0x6d,0x5f,0x38,0x20,0x3a,0x20,0x76,0x65,0x63,0x33,0x66,0x3b,0x0a,0x20,0x20,0x70,
    0x61,0x72,0x61,0x6d,0x5f,0x36,0x20,0x3d,0x20,0x78,0x5f,0x35,0x37,0x2e,0x6f,0x70,
    0x74,0x69,0x6f,0x6e,0x73,0x2e,0x77,0x3b,0x0a,0x20,0x20,0x70,0x61,0x72,0x61,0x6d,
    0x5f,0x37,0x20,0x3d,0x20,0x32,0x2e,0x30,0x66,0x3b,0x0a,0x20,0x20,0x6c,0x65,0x74,
    0x20,0x78,0x5f,0x31,0x37,0x30,0x20,0x3d,0x20,0x62,0x72,0x69,0x64,0x67,0x65,0x5f,
    0x66,0x6c,0x61,0x67,0x5f,0x66,0x31,0x5f,0x66,0x31,0x5f,0x28,0x26,0x28,0x70,0x61,
    0x72,0x61,0x6d,0x5f,0x36,0x29,0x2c,0x20,0x26,0x28,0x70,0x61,0x72,0x61,0x6d,0x5f,
    0x37,0x29,0x29,0x3b,0x0a,0x20,0x20,0x75,0x73,0x65,0x5f,0x61,0x6c,0x70,0x68,0x61,
    0x20,0x3d,0x20,0x78,0x5f,0x31,0x37,0x30,0x3b,0x0a,0x20,0x20,0x6c,0x65,0x74,0x20,
    0x78,0x5f,0x31,0x37,0x32,0x20,0x3d,0x20,0x62,0x72,0x69,0x64,0x67,0x65,0x5f,0x6d,
    0x61,0x73,0x6b,0x5f,0x73,0x6f,0x75,0x72,0x63,0x65,0x5f,0x6d,0x6f,0x64,0x65,0x5f,
    0x28,0x29,0x3b,0x0a,0x20,0x20,0x6d,0x6f,0x64,0x65,0x20,0x3d,0x20,0x78,0x5f,0x31,
    0x37,0x32,0x3b,0x0a,0x20,0x20,0x69,0x66,0x20,0x28,0x28,0x75,0x73,0x65,0x5f,0x61,
    0x6c,0x70,0x68,0x61,0x20,0x3e,0x20,0x30,0x2e,0x35,0x66,0x29,0x29,0x20,0x7b,0x0a,
    0x20,0x20,0x20,0x20,0x6d,0x6f,0x64,0x65,0x20,0x3d,0x20,0x31,0x2e,0x30,0x66,0x3b,
    0x0a,0x20,0x20,0x7d,0x0a,0x20,0x20,0x69,0x66,0x20,0x28,0x28,0x28,0x6d,0x6f,0x64,
    0x65,0x20,0x3e,0x20,0x30,0x2e,0x35,0x66,0x29,0x20,0x26,0x20,0x28,0x6d,0x6f,0x64,
    0x65,0x20,0x3c,0x20,0x31,0x2e,0x35,0x66,0x29,0x29,0x29,0x20,0x7b,0x0a,0x20,0x20,
    0x20,0x20,0x6c,0x65,0x74,0x20,0x78,0x5f,0x31,0x38,0x37,0x20,0x3d,0x20,0x28,0x2a,
    0x28,0x73,0x72,0x63,0x5f,0x31,0x29,0x29,0x2e,0x77,0x3b,0x0a,0x20,0x20,0x20,0x20,
    0x72,0x65,0x74,0x75,0x72,0x6e,0x20,0x78,0x5f,0x31,0x38,0x37,0x3b,0x0a,0x20,0x20,
    0x7d,0x0a,0x20,0x20,0x69,0x66,0x20,0x28,0x28,0x28,0x6d,0x6f,0x64,0x65,0x20,0x3e,
    0x20,0x31,0x2e,0x35,0x66,0x29,0x20,0x26,0x20,0x28,0x6d,0x6f,0x64,0x65,0x20,0x3c,
    0x20,0x32,0x2e,0x35,0x66,0x29,0x29,0x29,0x20,0x7b,0x0a,0x20,0x20,0x20,0x20,0x6c,
    0x65,0x74,0x20,0x78,0x5f,0x31,0x39,0x38,0x20,0x3d,0x20,0x28,0x2a,0x28,0x73,0x72,
    0x63,0x5f,0x31,0x29,0x29,0x2e,0x78,0x3b,0x0a,0x20,0x20,0x20,0x20,0x72,0x65,0x74,
    0x75,0x72,0x6e,0x20,0x78,0x5f,0x31,0x39,0x38,0x3b,0x0a,0x20,0x20,0x7d,0x0a,0x20,
    0x20,0x69,0x66,0x20,0x28,0x28,0x28,0x6d,0x6f,0x64,0x65,0x20,0x3e,0x20,0x32,0x2e,
    0x35,0x66,0x29,0x20,0x26,0x20,0x28,0x6d,0x6f,0x64,0x65,0x20,0x3c,0x20,0x33,0x2e,
    0x35,0x66,0x29,0x29,0x29,0x20,0x7b,0x0a,0x20,0x20,0x20,0x20,0x6c,0x65,0x74,0x20,
    0x78,0x5f,0x32,0x30,0x39,0x20,0x3d,0x20,0x28,0x2a,0x28,0x73,0x72,0x63,0x5f,0x31,
    0x29,0x29,0x2e,0x79,0x3b,0x0a,0x20,0x20,0x20,0x20,0x72,0x65,0x74,0x75,0x72,0x6e,
    0x20,0x78,0x5f,0x32,0x30,0x39,0x3b,0x0a,0x20,0x20,0x7d,0x0a,0x20,0x20,0x69,0x66,
    0x20,0x28,0x28,0x28,0x6d,0x6f,0x64,0x65,0x20,0x3e,0x20,0x33,0x2e,0x35,0x66,0x29,
    0x20,0x26,0x20,0x28,0x6d,0x6f,0x64,0x65,0x20,0x3c,0x20,0x34,0x2e,0x35,0x66,0x29,
    0x29,0x29,0x20,0x7b,0x0a,0x20,0x20,0x20,0x20,0x6c,0x65,0x74,0x20,0x78,0x5f,0x32,
    0x32,0x30,0x20,0x3d,0x20,0x28,0x2a,0x28,0x73,0x72,0x63,0x5f,0x31,0x29,0x29,0x2e,
    0x7a,0x3b,0x0a,0x20,0x20,0x20,0x20,0x72,0x65,0x74,0x75,0x72,0x6e,0x20,0x78,0x5f,
    0x32,0x32,0x30,0x3b,0x0a,0x20,0x20,0x7d,0x0a,0x20,0x20,0x69,0x66,0x20,0x28,0x28,
    0x28,0x6d,0x6f,0x64,0x65,0x20,0x3e,0x20,0x34,0x2e,0x35,0x66,0x29,0x20,0x26,0x20,
    0x28,0x6d,0x6f,0x64,0x65,0x20,0x3c,0x20,0x35,0x2e,0x35,0x66,0x29,0x29,0x29,0x20,
    0x7b,0x0a,0x20,0x20,0x20,0x20,0x6c,0x65,0x74,0x20,0x78,0x5f,0x32,0x33,0x31,0x20,
    0x3d,0x20,0x28,0x2a,0x28,0x73,0x72,0x63,0x5f,0x31,0x29,0x29,0x2e,0x78,0x3b,0x0a,
    0x20,0x20,0x20,0x20,0x6c,0x65,0x74,0x20,0x78,0x5f,0x32,0x33,0x33,0x20,0x3d,0x20,
    0x28,0x2a,0x28,0x73,0x72,0x63,0x5f,0x31,0x29,0x29,0x2e,0x79,0x3b,0x0a,0x20,0x20,
    0x20,0x20,0x6c,0x65,0x74,0x20,0x78,0x5f,0x32,0x33,0x36,0x20,0x3d,0x20,0x28,0x2a,
    0x28,0x73,0x72,0x63,0x5f,0x31,0x29,0x29,0x2e,0x7a,0x3b,0x0a,0x20,0x20,0x20,0x20,
    0x72,0x65,0x74,0x75,0x72,0x6e,0x20,0x6d,0x61,0x78,0x28,0x6d,0x61,0x78,0x28,0x78,
    0x5f,0x32,0x33,0x31,0x2c,0x20,0x78,0x5f,0x32,0x33,0x33,0x29,0x2c,0x20,0x78,0x5f,
    0x32,0x33,0x36,0x29,0x3b,0x0a,0x20,0x20,0x7d,0x0a,0x20,0x20,0x69,0x66,0x20,0x28,
    0x28,0x6d,0x6f,0x64,0x65,0x20,0x3e,0x20,0x35,0x2e,0x35,0x66,0x29,0x29,0x20,0x7b,
    0x0a,0x20,0x20,0x20,0x20,0x70,0x61,0x72,0x61,0x6d,0x5f,0x38,0x20,0x3d,0x20,0x28,
    0x2a,0x28,0x73,0x72,0x63,0x5f,0x31,0x29,0x29,0x2e,0x78,0x79,0x7a,0x3b,0x0a,0x20,
    0x20,0x20,0x20,0x6c,0x65,0x74,0x20,0x78,0x5f,0x32,0x34,0x36,0x20,0x3d,0x20,0x62,
    0x72,0x69,0x64,0x67,0x65,0x5f,0x73,0x61,0x74,0x75,0x72,0x61,0x74,0x69,0x6f,0x6e,
    0x5f,0x76,0x66,0x33,0x5f,0x28,0x26,0x28,0x70,0x61,0x72,0x61,0x6d,0x5f,0x38,0x29,
    0x29,0x3b,0x0a,0x20,0x20,0x20,0x20,0x72,0x65,0x74,0x75,0x72,0x6e,0x20,0x78,0x5f,
    0x32,0x34,0x36,0x3b,0x0a,0x20,0x20,0x7d,0x0a,0x20,0x20,0x6c,0x65,0x74,0x20,0x78,
    0x5f,0x32,0x34,0x38,0x20,0x3d,0x20,0x2a,0x28,0x69,0x6e,0x74,0x65,0x6e,0x73,0x69,
    0x74,0x79,0x29,0x3b,0x0a,0x20,0x20,0x72,0x65,0x74,0x75,0x72,0x6e,0x20,0x78,0x5f,
    0x32,0x34,0x38,0x3b,0x0a,0x7d,0x0a,0x0a,0x66,0x6e,0x20,0x62,0x72,0x69,0x64,0x67,
    0x65,0x5f,0x6d,0x61,0x73,0x6b,0x5f,0x67,0x61,0x6d,0x6d,0x61,0x5f,0x28,0x29,0x20,
    0x2d,0x3e,0x20,0x66,0x33,0x32,0x20,0x7b,0x0a,0x20,0x20,0x6c,0x65,0x74,0x20,0x78,
    0x5f,0x31,0x36,0x30,0x20,0x3d,0x20,0x78,0x5f,0x35,0x37,0x2e,0x74,0x65,0x78,0x65,
    0x6c,0x2e,0x77,0x3b,0x0a,0x20,0x20,0x72,0x65,0x74,0x75,0x72,0x6e,0x20,0x6d,0x61,
    0x78,0x28,0x78,0x5f,0x31,0x36,0x30,0x2c,0x20,0x30,0x2e,0x30,0x30,0x30,0x30,0x39,
    0x39,0x39,0x39,0x39,0x39,0x39,0x37,0x34,0x37,0x33,0x37,0x38,0x37,0x35,0x32,0x66,
    0x29,0x3b,0x0a,0x7d,0x0a,0x0a,0x66,0x6e,0x20,0x62,0x72,0x69,0x64,0x67,0x65,0x5f,
    0x73,0x6f,0x66,0x74,0x5f,0x6d,0x61,0x73,0x6b,0x5f,0x66,0x31,0x5f,0x28,0x76,0x61,
    0x6c,0x75,0x65,0x20,0x3a,0x20,0x70,0x74,0x72,0x3c,0x66,0x75,0x6e,0x63,0x74,0x69,
    0x6f,0x6e,0x2c,0x20,0x66,0x33,0x32,0x3e,0x29,0x20,0x2d,0x3e,0x20,0x66,0x33,0x32,
    0x20,0x7b,0x0a,0x20,0x20,0x76,0x61,0x72,0x20,0x73,0x6f,0x66,0x74,0x6e,0x65,0x73,
    0x73,0x20,0x3a,0x20,0x66,0x33,0x32,0x3b,0x0a,0x20,0x20,0x76,0x61,0x72,0x20,0x6d,
    0x61,0x73,0x6b,0x20,0x3a,0x20,0x66,0x33,0x32,0x3b,0x0a,0x20,0x20,0x76,0x61,0x72,
    0x20,0x78,0x5f,0x32,0x35,0x39,0x20,0x3a,0x20,0x66,0x33,0x32,0x3b,0x0a,0x20,0x20,
    0x73,0x6f,0x66,0x74,0x6e,0x65,0x73,0x73,0x20,0x3d,0x20,0x6d,0x61,0x78,0x28,0x78,
    0x5f,0x35,0x37,0x2e,0x74,0x65,0x78,0x65,0x6c,0x2e,0x7a,0x2c,0x20,0x30,0x2e,0x30,
    0x66,0x29,0x3b,0x0a,0x20,0x20,0x69,0x66,0x20,0x28,0x28,0x73,0x6f,0x66,0x74,0x6e,
    0x65,0x73,0x73,0x20,0x3c,0x3d,0x20,0x30,0x2e,0x30,0x30,0x30,0x30,0x30,0x39,0x39,
    0x39,0x39,0x39,0x39,0x39,0x37,0x34,0x37,0x33,0x37,0x38,0x37,0x35,0x66,0x29,0x29,
    0x20,0x7b,0x0a,0x20,0x20,0x20,0x20,0x78,0x5f,0x32,0x35,0x39,0x20,0x3d,0x20,0x73,
    0x74,0x65,0x70,0x28,0x78,0x5f,0x35,0x37,0x2e,0x6f,0x70,0x74,0x69,0x6f,0x6e,0x73,
    0x2e,0x79,0x2c,0x20,0x2a,0x28,0x76,0x61,0x6c,0x75,0x65,0x29,0x29,0x3b,0x0a,0x20,
    0x20,0x7d,0x20,0x65,0x6c,0x73,0x65,0x20,0x7b,0x0a,0x20,0x20,0x20,0x20,0x78,0x5f,
    0x32,0x35,0x39,0x20,0x3d,0x20,0x73,0x6d,0x6f,0x6f,0x74,0x68,0x73,0x74,0x65,0x70,
    0x28,0x28,0x78,0x5f,0x35,0x37,0x2e,0x6f,0x70,0x74,0x69,0x6f,0x6e,0x73,0x2e,0x79,
    0x20,0x2d,0x20,0x28,0x73,0x6f,0x66,0x74,0x6e,0x65,0x73,0x73,0x20,0x2a,0x20,0x30,
    0x2e,0x35,0x66,0x29,0x29,0x2c,0x20,0x28,0x78,0x5f,0x35,0x37,0x2e,0x6f,0x70,0x74,
    0x69,0x6f,0x6e,0x73,0x2e,0x79,0x20,0x2b,0x20,0x28,0x73,0x6f,0x66,0x74,0x6e,0x65,
    0x73,0x73,0x20,0x2a,0x20,0x30,0x2e,0x35,0x66,0x29,0x29,0x2c,0x20,0x2a,0x28,0x76,
    0x61,0x6c,0x75,0x65,0x29,0x29,0x3b,0x0a,0x20,0x20,0x7d,0x0a,0x20,0x20,0x6d,0x61,
    0x73,0x6b,0x20,0x3d,0x20,0x78,0x5f,0x32,0x35,0x39,0x3b,0x0a,0x20,0x20,0x6c,0x65,
    0x74,0x20,0x78,0x5f,0x32,0x38,0x30,0x20,0x3d,0x20,0x6d,0x61,0x73,0x6b,0x3b,0x0a,
    0x20,0x20,0x6c,0x65,0x74,0x20,0x78,0x5f,0x32,0x38,0x32,0x20,0x3d,0x20,0x62,0x72,
    0x69,0x64,0x67,0x65,0x5f,0x6d,0x61,0x73,0x6b,0x5f,0x67,0x61,0x6d,0x6d,0x61,0x5f,
    0x28,0x29,0x3b,0x0a,0x20,0x20,0x72,0x65,0x74,0x75,0x72,0x6e,0x20,0x70,0x6f,0x77,
    0x28,0x63,0x6c,0x61,0x6d,0x70,0x28,0x78,0x5f,0x32,0x38,0x30,0x2c,0x20,0x30,0x2e,
    0x30,0x66,0x2c,0x20,0x31,0x2e,0x30,0x66,0x29,0x2c,0x20,0x28,0x31,0x2e,0x30,0x66,
    0x20,0x2f,0x20,0x78,0x5f,0x32,0x38,0x32,0x29,0x29,0x3b,0x0a,0x7d,0x0a,0x0a,0x66,
    0x6e,0x20,0x6d,0x61,0x69,0x6e,0x5f,0x31,0x28,0x29,0x20,0x7b,0x0a,0x20,0x20,0x76,
    0x61,0x72,0x20,0x73,0x72,0x63,0x5f,0x32,0x20,0x3a,0x20,0x76,0x65,0x63,0x34,0x66,
    0x3b,0x0a,0x20,0x20,0x76,0x61,0x72,0x20,0x70,0x61,0x72,0x61,0x6d,0x5f,0x39,0x20,
    0x3a,0x20,0x76,0x65,0x63,0x32,0x66,0x3b,0x0a,0x20,0x20,0x76,0x61,0x72,0x20,0x79,
    0x5f,0x31,0x20,0x3a,0x20,0x66,0x33,0x32,0x3b,0x0a,0x20,0x20,0x76,0x61,0x72,0x20,
    0x70,0x61,0x72,0x61,0x6d,0x5f,0x31,0x30,0x20,0x3a,0x20,0x76,0x65,0x63,0x34,0x66,
    0x3b,0x0a,0x20,0x20,0x76,0x61,0x72,0x20,0x6d,0x61,0x73,0x6b,0x5f,0x31,0x20,0x3a,
    0x20,0x66,0x33,0x32,0x3b,0x0a,0x20,0x20,0x76,0x61,0x72,0x20,0x70,0x61,0x72,0x61,
    0x6d,0x5f,0x31,0x31,0x20,0x3a,0x20,0x76,0x65,0x63,0x34,0x66,0x3b,0x0a,0x20,0x20,
    0x76,0x61,0x72,0x20,0x70,0x61,0x72,0x61,0x6d,0x5f,0x31,0x32,0x20,0x3a,0x20,0x66,
    0x33,0x32,0x3b,0x0a,0x20,0x20,0x76,0x61,0x72,0x20,0x70,0x61,0x72,0x61,0x6d,0x5f,
    0x31,0x33,0x20,0x3a,0x20,0x66,0x33,0x32,0x3b,0x0a,0x20,0x20,0x76,0x61,0x72,0x20,
    0x74,0x20,0x3a,0x20,0x66,0x33,0x32,0x3b,0x0a,0x20,0x20,0x70,0x61,0x72,0x61,0x6d,
    0x5f,0x39,0x20,0x3d,0x20,0x75,0x76,0x3b,0x0a,0x20,0x20,0x6c,0x65,0x74,0x20,0x78,
    0x5f,0x33,0x30,0x32,0x20,0x3d,0x20,0x62,0x72,0x69,0x64,0x67,0x65,0x5f,0x73,0x61,
    0x6d,0x70,0x6c,0x65,0x5f,0x75,0x76,0x5f,0x76,0x66,0x32,0x5f,0x28,0x26,0x28,0x70,
    0x61,0x72,0x61,0x6d,0x5f,0x39,0x29,0x29,0x3b,0x0a,0x20,0x20,0x6c,0x65,0x74,0x20,
    0x78,0x5f,0x33,0x30,0x33,0x20,0x3d,0x20,0x74,0x65,0x78,0x74,0x75,0x72,0x65,0x53,
    0x61,0x6d,0x70,0x6c,0x65,0x28,0x62,0x72,0x69,0x64,0x67,0x65,0x49,0x6e,0x70,0x75,
    0x74,0x54,0x65,0x78,0x2c,0x20,0x62,0x72,0x69,0x64,0x67,0x65,0x49,0x6e,0x70,0x75,
    0x74,0x53,0x6d,0x70,0x2c,0x20,0x78,0x5f,0x33,0x30,0x32,0x29,0x3b,0x0a,0x20,0x20,
    0x73,0x72,0x63,0x5f,0x32,0x20,0x3d,0x20,0x78,0x5f,0x33,0x30,0x33,0x3b,0x0a,0x20,
    0x20,0x70,0x61,0x72,0x61,0x6d,0x5f,0x31,0x30,0x20,0x3d,0x20,0x73,0x72,0x63,0x5f,
    0x32,0x3b,0x0a,0x20,0x20,0x6c,0x65,0x74,0x20,0x78,0x5f,0x33,0x30,0x37,0x20,0x3d,
    0x20,0x62,0x72,0x69,0x64,0x67,0x65,0x5f,0x6c,0x75,0x6d,0x69,0x6e,0x61,0x6e,0x63,
    0x65,0x5f,0x76,0x66,0x34,0x5f,0x28,0x26,0x28,0x70,0x61,0x72,0x61,0x6d,0x5f,0x31,
    0x30,0x29,0x29,0x3b,0x0a,0x20,0x20,0x79,0x5f,0x31,0x20,0x3d,0x20,0x78,0x5f,0x33,
    0x30,0x37,0x3b,0x0a,0x20,0x20,0x70,0x61,0x72,0x61,0x6d,0x5f,0x31,0x31,0x20,0x3d,
    0x20,0x73,0x72,0x63,0x5f,0x32,0x3b,0x0a,0x20,0x20,0x70,0x61,0x72,0x61,0x6d,0x5f,
    0x31,0x32,0x20,0x3d,0x20,0x79,0x5f,0x31,0x3b,0x0a,0x20,0x20,0x6c,0x65,0x74,0x20,
    0x78,0x5f,0x33,0x31,0x33,0x20,0x3d,0x20,0x62,0x72,0x69,0x64,0x67,0x65,0x5f,0x6d,
    0x61,0x73,0x6b,0x5f,0x76,0x61,0x6c,0x75,0x65,0x5f,0x76,0x66,0x34,0x5f,0x66,0x31,
    0x5f,0x28,0x26,0x28,0x70,0x61,0x72,0x61,0x6d,0x5f,0x31,0x31,0x29,0x2c,0x20,0x26,
    0x28,0x70,0x61,0x72,0x61,0x6d,0x5f,0x31,0x32,0x29,0x29,0x3b,0x0a,0x20,0x20,0x70,
    0x61,0x72,0x61,0x6d,0x5f,0x31,0x33,0x20,0x3d,0x20,0x78,0x5f,0x33,0x31,0x33,0x3b,
    0x0a,0x20,0x20,0x6c,0x65,0x74,0x20,0x78,0x5f,0x33,0x31,0x35,0x20,0x3d,0x20,0x62,
    0x72,0x69,0x64,0x67,0x65,0x5f,0x73,0x6f,0x66,0x74,0x5f,0x6d,0x61,0x73,0x6b,0x5f,
    0x66,0x31,0x5f,0x28,0x26,0x28,0x70,0x61,0x72,0x61,0x6d,0x5f,0x31,0x33,0x29,0x29,
    0x3b,0x0a,0x20,0x20,0x6d,0x61,0x73,0x6b,0x5f,0x31,0x20,0x3d,0x20,0x78,0x5f,0x33,
    0x31,0x35,0x3b,0x0a,0x20,0x20,0x74,0x20,0x3d,0x20,0x28,0x28,0x6d,0x61,0x78,0x28,
    0x28,0x79,0x5f,0x31,0x20,0x2d,0x20,0x78,0x5f,0x35,0x37,0x2e,0x6f,0x70,0x74,0x69,
    0x6f,0x6e,0x73,0x2e,0x79,0x29,0x2c,0x20,0x30,0x2e,0x30,0x66,0x29,0x20,0x2a,0x20,
    0x78,0x5f,0x35,0x37,0x2e,0x6f,0x70,0x74,0x69,0x6f,0x6e,0x73,0x2e,0x78,0x29,0x20,
    0x2a,0x20,0x6d,0x61,0x73,0x6b,0x5f,0x31,0x29,0x3b,0x0a,0x20,0x20,0x6c,0x65,0x74,
    0x20,0x78,0x5f,0x33,0x33,0x30,0x20,0x3d,0x20,0x76,0x65,0x63,0x33,0x66,0x28,0x74,
    0x29,0x3b,0x0a,0x20,0x20,0x66,0x72,0x61,0x67,0x5f,0x63,0x6f,0x6c,0x6f,0x72,0x20,
    0x3d,0x20,0x28,0x76,0x65,0x63,0x34,0x66,0x28,0x78,0x5f,0x33,0x33,0x30,0x2e,0x78,
    0x2c,0x20,0x78,0x5f,0x33,0x33,0x30,0x2e,0x79,0x2c,0x20,0x78,0x5f,0x33,0x33,0x30,
    0x2e,0x7a,0x2c,0x20,0x74,0x29,0x20,0x2a,0x20,0x78,0x5f,0x35,0x37,0x2e,0x63,0x6f,
    0x6c,0x6f,0x72,0x29,0x3b,0x0a,0x20,0x20,0x72,0x65,0x74,0x75,0x72,0x6e,0x3b,0x0a,
    0x7d,0x0a,0x0a,0x73,0x74,0x72,0x75,0x63,0x74,0x20,0x6d,0x61,0x69,0x6e,0x5f,0x6f,
    0x75,0x74,0x20,0x7b,0x0a,0x20,0x20,0x40,0x6c,0x6f,0x63,0x61,0x74,0x69,0x6f,0x6e,
    0x28,0x30,0x29,0x0a,0x20,0x20,0x66,0x72,0x61,0x67,0x5f,0x63,0x6f,0x6c,0x6f,0x72,
    0x5f,0x31,0x20,0x3a,0x20,0x76,0x65,0x63,0x34,0x66,0x2c,0x0a,0x7d,0x0a,0x0a,0x40,
    0x66,0x72,0x61,0x67,0x6d,0x65,0x6e,0x74,0x0a,0x66,0x6e,0x20,0x6d,0x61,0x69,0x6e,
    0x28,0x40,0x6c,0x6f,0x63,0x61,0x74,0x69,0x6f,0x6e,0x28,0x30,0x29,0x20,0x75,0x76,
    0x5f,0x70,0x61,0x72,0x61,0x6d,0x20,0x3a,0x20,0x76,0x65,0x63,0x32,0x66,0x29,0x20,
    0x2d,0x3e,0x20,0x6d,0x61,0x69,0x6e,0x5f,0x6f,0x75,0x74,0x20,0x7b,0x0a,0x20,0x20,
    0x75,0x76,0x20,0x3d,0x20,0x75,0x76,0x5f,0x70,0x61,0x72,0x61,0x6d,0x3b,0x0a,0x20,
    0x20,0x6d,0x61,0x69,0x6e,0x5f,0x31,0x28,0x29,0x3b,0x0a,0x20,0x20,0x72,0x65,0x74,
    0x75,0x72,0x6e,0x20,0x6d,0x61,0x69,0x6e,0x5f,0x6f,0x75,0x74,0x28,0x66,0x72,0x61,
    0x67,0x5f,0x63,0x6f,0x6c,0x6f,0x72,0x29,0x3b,0x0a,0x7d,0x0a,0x00,
};
static inline const sg_shader_desc* tcx_flow_bridge_density_shader_desc(sg_backend backend) {
    if (backend == SG_BACKEND_GLES3) {
        static sg_shader_desc desc;
        static bool valid;
        if (!valid) {
            valid = true;
            desc.vertex_func.source = (const char*)bridge_vs_source_glsl300es;
            desc.vertex_func.entry = "main";
            desc.fragment_func.source = (const char*)fs_bridge_density_source_glsl300es;
            desc.fragment_func.entry = "main";
            desc.attrs[0].base_type = SG_SHADERATTRBASETYPE_FLOAT;
            desc.attrs[0].glsl_name = "position";
            desc.attrs[1].base_type = SG_SHADERATTRBASETYPE_FLOAT;
            desc.attrs[1].glsl_name = "texcoord0";
            desc.uniform_blocks[0].stage = SG_SHADERSTAGE_FRAGMENT;
            desc.uniform_blocks[0].layout = SG_UNIFORMLAYOUT_STD140;
            desc.uniform_blocks[0].size = 64;
            desc.uniform_blocks[0].glsl_uniforms[0].type = SG_UNIFORMTYPE_FLOAT4;
            desc.uniform_blocks[0].glsl_uniforms[0].array_count = 4;
            desc.uniform_blocks[0].glsl_uniforms[0].glsl_name = "bridge_params";
            desc.views[0].texture.stage = SG_SHADERSTAGE_FRAGMENT;
            desc.views[0].texture.image_type = SG_IMAGETYPE_2D;
            desc.views[0].texture.sample_type = SG_IMAGESAMPLETYPE_FLOAT;
            desc.views[0].texture.multisampled = false;
            desc.samplers[0].stage = SG_SHADERSTAGE_FRAGMENT;
            desc.samplers[0].sampler_type = SG_SAMPLERTYPE_FILTERING;
            desc.texture_sampler_pairs[0].stage = SG_SHADERSTAGE_FRAGMENT;
            desc.texture_sampler_pairs[0].view_slot = 0;
            desc.texture_sampler_pairs[0].sampler_slot = 0;
            desc.texture_sampler_pairs[0].glsl_name = "bridgeInputTex_bridgeInputSmp";
            desc.label = "tcx_flow_bridge_density_shader";
        }
        return &desc;
    }
    if (backend == SG_BACKEND_D3D11) {
        static sg_shader_desc desc;
        static bool valid;
        if (!valid) {
            valid = true;
            desc.vertex_func.source = (const char*)bridge_vs_source_hlsl5;
            desc.vertex_func.d3d11_target = "vs_5_0";
            desc.vertex_func.entry = "main";
            desc.fragment_func.source = (const char*)fs_bridge_density_source_hlsl5;
            desc.fragment_func.d3d11_target = "ps_5_0";
            desc.fragment_func.entry = "main";
            desc.attrs[0].base_type = SG_SHADERATTRBASETYPE_FLOAT;
            desc.attrs[0].hlsl_sem_name = "TEXCOORD";
            desc.attrs[0].hlsl_sem_index = 0;
            desc.attrs[1].base_type = SG_SHADERATTRBASETYPE_FLOAT;
            desc.attrs[1].hlsl_sem_name = "TEXCOORD";
            desc.attrs[1].hlsl_sem_index = 1;
            desc.uniform_blocks[0].stage = SG_SHADERSTAGE_FRAGMENT;
            desc.uniform_blocks[0].layout = SG_UNIFORMLAYOUT_STD140;
            desc.uniform_blocks[0].size = 64;
            desc.uniform_blocks[0].hlsl_register_b_n = 0;
            desc.views[0].texture.stage = SG_SHADERSTAGE_FRAGMENT;
            desc.views[0].texture.image_type = SG_IMAGETYPE_2D;
            desc.views[0].texture.sample_type = SG_IMAGESAMPLETYPE_FLOAT;
            desc.views[0].texture.multisampled = false;
            desc.views[0].texture.hlsl_register_t_n = 0;
            desc.samplers[0].stage = SG_SHADERSTAGE_FRAGMENT;
            desc.samplers[0].sampler_type = SG_SAMPLERTYPE_FILTERING;
            desc.samplers[0].hlsl_register_s_n = 0;
            desc.texture_sampler_pairs[0].stage = SG_SHADERSTAGE_FRAGMENT;
            desc.texture_sampler_pairs[0].view_slot = 0;
            desc.texture_sampler_pairs[0].sampler_slot = 0;
            desc.label = "tcx_flow_bridge_density_shader";
        }
        return &desc;
    }
    if (backend == SG_BACKEND_METAL_MACOS) {
        static sg_shader_desc desc;
        static bool valid;
        if (!valid) {
            valid = true;
            desc.vertex_func.source = (const char*)bridge_vs_source_metal_macos;
            desc.vertex_func.entry = "main0";
            desc.fragment_func.source = (const char*)fs_bridge_density_source_metal_macos;
            desc.fragment_func.entry = "main0";
            desc.attrs[0].base_type = SG_SHADERATTRBASETYPE_FLOAT;
            desc.attrs[1].base_type = SG_SHADERATTRBASETYPE_FLOAT;
            desc.uniform_blocks[0].stage = SG_SHADERSTAGE_FRAGMENT;
            desc.uniform_blocks[0].layout = SG_UNIFORMLAYOUT_STD140;
            desc.uniform_blocks[0].size = 64;
            desc.uniform_blocks[0].msl_buffer_n = 0;
            desc.views[0].texture.stage = SG_SHADERSTAGE_FRAGMENT;
            desc.views[0].texture.image_type = SG_IMAGETYPE_2D;
            desc.views[0].texture.sample_type = SG_IMAGESAMPLETYPE_FLOAT;
            desc.views[0].texture.multisampled = false;
            desc.views[0].texture.msl_texture_n = 0;
            desc.samplers[0].stage = SG_SHADERSTAGE_FRAGMENT;
            desc.samplers[0].sampler_type = SG_SAMPLERTYPE_FILTERING;
            desc.samplers[0].msl_sampler_n = 0;
            desc.texture_sampler_pairs[0].stage = SG_SHADERSTAGE_FRAGMENT;
            desc.texture_sampler_pairs[0].view_slot = 0;
            desc.texture_sampler_pairs[0].sampler_slot = 0;
            desc.label = "tcx_flow_bridge_density_shader";
        }
        return &desc;
    }
    if (backend == SG_BACKEND_WGPU) {
        static sg_shader_desc desc;
        static bool valid;
        if (!valid) {
            valid = true;
            desc.vertex_func.source = (const char*)bridge_vs_source_wgsl;
            desc.vertex_func.entry = "main";
            desc.fragment_func.source = (const char*)fs_bridge_density_source_wgsl;
            desc.fragment_func.entry = "main";
            desc.attrs[0].base_type = SG_SHADERATTRBASETYPE_FLOAT;
            desc.attrs[1].base_type = SG_SHADERATTRBASETYPE_FLOAT;
            desc.uniform_blocks[0].stage = SG_SHADERSTAGE_FRAGMENT;
            desc.uniform_blocks[0].layout = SG_UNIFORMLAYOUT_STD140;
            desc.uniform_blocks[0].size = 64;
            desc.uniform_blocks[0].wgsl_group0_binding_n = 0;
            desc.views[0].texture.stage = SG_SHADERSTAGE_FRAGMENT;
            desc.views[0].texture.image_type = SG_IMAGETYPE_2D;
            desc.views[0].texture.sample_type = SG_IMAGESAMPLETYPE_FLOAT;
            desc.views[0].texture.multisampled = false;
            desc.views[0].texture.wgsl_group1_binding_n = 0;
            desc.samplers[0].stage = SG_SHADERSTAGE_FRAGMENT;
            desc.samplers[0].sampler_type = SG_SAMPLERTYPE_FILTERING;
            desc.samplers[0].wgsl_group1_binding_n = 32;
            desc.texture_sampler_pairs[0].stage = SG_SHADERSTAGE_FRAGMENT;
            desc.texture_sampler_pairs[0].view_slot = 0;
            desc.texture_sampler_pairs[0].sampler_slot = 0;
            desc.label = "tcx_flow_bridge_density_shader";
        }
        return &desc;
    }
    return 0;
}
static inline const sg_shader_desc* tcx_flow_bridge_luminance_mask_shader_desc(sg_backend backend) {
    if (backend == SG_BACKEND_GLES3) {
        static sg_shader_desc desc;
        static bool valid;
        if (!valid) {
            valid = true;
            desc.vertex_func.source = (const char*)bridge_vs_source_glsl300es;
            desc.vertex_func.entry = "main";
            desc.fragment_func.source = (const char*)fs_bridge_luminance_mask_source_glsl300es;
            desc.fragment_func.entry = "main";
            desc.attrs[0].base_type = SG_SHADERATTRBASETYPE_FLOAT;
            desc.attrs[0].glsl_name = "position";
            desc.attrs[1].base_type = SG_SHADERATTRBASETYPE_FLOAT;
            desc.attrs[1].glsl_name = "texcoord0";
            desc.uniform_blocks[0].stage = SG_SHADERSTAGE_FRAGMENT;
            desc.uniform_blocks[0].layout = SG_UNIFORMLAYOUT_STD140;
            desc.uniform_blocks[0].size = 64;
            desc.uniform_blocks[0].glsl_uniforms[0].type = SG_UNIFORMTYPE_FLOAT4;
            desc.uniform_blocks[0].glsl_uniforms[0].array_count = 4;
            desc.uniform_blocks[0].glsl_uniforms[0].glsl_name = "bridge_params";
            desc.views[0].texture.stage = SG_SHADERSTAGE_FRAGMENT;
            desc.views[0].texture.image_type = SG_IMAGETYPE_2D;
            desc.views[0].texture.sample_type = SG_IMAGESAMPLETYPE_FLOAT;
            desc.views[0].texture.multisampled = false;
            desc.samplers[0].stage = SG_SHADERSTAGE_FRAGMENT;
            desc.samplers[0].sampler_type = SG_SAMPLERTYPE_FILTERING;
            desc.texture_sampler_pairs[0].stage = SG_SHADERSTAGE_FRAGMENT;
            desc.texture_sampler_pairs[0].view_slot = 0;
            desc.texture_sampler_pairs[0].sampler_slot = 0;
            desc.texture_sampler_pairs[0].glsl_name = "bridgeInputTex_bridgeInputSmp";
            desc.label = "tcx_flow_bridge_luminance_mask_shader";
        }
        return &desc;
    }
    if (backend == SG_BACKEND_D3D11) {
        static sg_shader_desc desc;
        static bool valid;
        if (!valid) {
            valid = true;
            desc.vertex_func.source = (const char*)bridge_vs_source_hlsl5;
            desc.vertex_func.d3d11_target = "vs_5_0";
            desc.vertex_func.entry = "main";
            desc.fragment_func.source = (const char*)fs_bridge_luminance_mask_source_hlsl5;
            desc.fragment_func.d3d11_target = "ps_5_0";
            desc.fragment_func.entry = "main";
            desc.attrs[0].base_type = SG_SHADERATTRBASETYPE_FLOAT;
            desc.attrs[0].hlsl_sem_name = "TEXCOORD";
            desc.attrs[0].hlsl_sem_index = 0;
            desc.attrs[1].base_type = SG_SHADERATTRBASETYPE_FLOAT;
            desc.attrs[1].hlsl_sem_name = "TEXCOORD";
            desc.attrs[1].hlsl_sem_index = 1;
            desc.uniform_blocks[0].stage = SG_SHADERSTAGE_FRAGMENT;
            desc.uniform_blocks[0].layout = SG_UNIFORMLAYOUT_STD140;
            desc.uniform_blocks[0].size = 64;
            desc.uniform_blocks[0].hlsl_register_b_n = 0;
            desc.views[0].texture.stage = SG_SHADERSTAGE_FRAGMENT;
            desc.views[0].texture.image_type = SG_IMAGETYPE_2D;
            desc.views[0].texture.sample_type = SG_IMAGESAMPLETYPE_FLOAT;
            desc.views[0].texture.multisampled = false;
            desc.views[0].texture.hlsl_register_t_n = 0;
            desc.samplers[0].stage = SG_SHADERSTAGE_FRAGMENT;
            desc.samplers[0].sampler_type = SG_SAMPLERTYPE_FILTERING;
            desc.samplers[0].hlsl_register_s_n = 0;
            desc.texture_sampler_pairs[0].stage = SG_SHADERSTAGE_FRAGMENT;
            desc.texture_sampler_pairs[0].view_slot = 0;
            desc.texture_sampler_pairs[0].sampler_slot = 0;
            desc.label = "tcx_flow_bridge_luminance_mask_shader";
        }
        return &desc;
    }
    if (backend == SG_BACKEND_METAL_MACOS) {
        static sg_shader_desc desc;
        static bool valid;
        if (!valid) {
            valid = true;
            desc.vertex_func.source = (const char*)bridge_vs_source_metal_macos;
            desc.vertex_func.entry = "main0";
            desc.fragment_func.source = (const char*)fs_bridge_luminance_mask_source_metal_macos;
            desc.fragment_func.entry = "main0";
            desc.attrs[0].base_type = SG_SHADERATTRBASETYPE_FLOAT;
            desc.attrs[1].base_type = SG_SHADERATTRBASETYPE_FLOAT;
            desc.uniform_blocks[0].stage = SG_SHADERSTAGE_FRAGMENT;
            desc.uniform_blocks[0].layout = SG_UNIFORMLAYOUT_STD140;
            desc.uniform_blocks[0].size = 64;
            desc.uniform_blocks[0].msl_buffer_n = 0;
            desc.views[0].texture.stage = SG_SHADERSTAGE_FRAGMENT;
            desc.views[0].texture.image_type = SG_IMAGETYPE_2D;
            desc.views[0].texture.sample_type = SG_IMAGESAMPLETYPE_FLOAT;
            desc.views[0].texture.multisampled = false;
            desc.views[0].texture.msl_texture_n = 0;
            desc.samplers[0].stage = SG_SHADERSTAGE_FRAGMENT;
            desc.samplers[0].sampler_type = SG_SAMPLERTYPE_FILTERING;
            desc.samplers[0].msl_sampler_n = 0;
            desc.texture_sampler_pairs[0].stage = SG_SHADERSTAGE_FRAGMENT;
            desc.texture_sampler_pairs[0].view_slot = 0;
            desc.texture_sampler_pairs[0].sampler_slot = 0;
            desc.label = "tcx_flow_bridge_luminance_mask_shader";
        }
        return &desc;
    }
    if (backend == SG_BACKEND_WGPU) {
        static sg_shader_desc desc;
        static bool valid;
        if (!valid) {
            valid = true;
            desc.vertex_func.source = (const char*)bridge_vs_source_wgsl;
            desc.vertex_func.entry = "main";
            desc.fragment_func.source = (const char*)fs_bridge_luminance_mask_source_wgsl;
            desc.fragment_func.entry = "main";
            desc.attrs[0].base_type = SG_SHADERATTRBASETYPE_FLOAT;
            desc.attrs[1].base_type = SG_SHADERATTRBASETYPE_FLOAT;
            desc.uniform_blocks[0].stage = SG_SHADERSTAGE_FRAGMENT;
            desc.uniform_blocks[0].layout = SG_UNIFORMLAYOUT_STD140;
            desc.uniform_blocks[0].size = 64;
            desc.uniform_blocks[0].wgsl_group0_binding_n = 0;
            desc.views[0].texture.stage = SG_SHADERSTAGE_FRAGMENT;
            desc.views[0].texture.image_type = SG_IMAGETYPE_2D;
            desc.views[0].texture.sample_type = SG_IMAGESAMPLETYPE_FLOAT;
            desc.views[0].texture.multisampled = false;
            desc.views[0].texture.wgsl_group1_binding_n = 0;
            desc.samplers[0].stage = SG_SHADERSTAGE_FRAGMENT;
            desc.samplers[0].sampler_type = SG_SAMPLERTYPE_FILTERING;
            desc.samplers[0].wgsl_group1_binding_n = 32;
            desc.texture_sampler_pairs[0].stage = SG_SHADERSTAGE_FRAGMENT;
            desc.texture_sampler_pairs[0].view_slot = 0;
            desc.texture_sampler_pairs[0].sampler_slot = 0;
            desc.label = "tcx_flow_bridge_luminance_mask_shader";
        }
        return &desc;
    }
    return 0;
}
static inline const sg_shader_desc* tcx_flow_bridge_temperature_shader_desc(sg_backend backend) {
    if (backend == SG_BACKEND_GLES3) {
        static sg_shader_desc desc;
        static bool valid;
        if (!valid) {
            valid = true;
            desc.vertex_func.source = (const char*)bridge_vs_source_glsl300es;
            desc.vertex_func.entry = "main";
            desc.fragment_func.source = (const char*)fs_bridge_temperature_source_glsl300es;
            desc.fragment_func.entry = "main";
            desc.attrs[0].base_type = SG_SHADERATTRBASETYPE_FLOAT;
            desc.attrs[0].glsl_name = "position";
            desc.attrs[1].base_type = SG_SHADERATTRBASETYPE_FLOAT;
            desc.attrs[1].glsl_name = "texcoord0";
            desc.uniform_blocks[0].stage = SG_SHADERSTAGE_FRAGMENT;
            desc.uniform_blocks[0].layout = SG_UNIFORMLAYOUT_STD140;
            desc.uniform_blocks[0].size = 64;
            desc.uniform_blocks[0].glsl_uniforms[0].type = SG_UNIFORMTYPE_FLOAT4;
            desc.uniform_blocks[0].glsl_uniforms[0].array_count = 4;
            desc.uniform_blocks[0].glsl_uniforms[0].glsl_name = "bridge_params";
            desc.views[0].texture.stage = SG_SHADERSTAGE_FRAGMENT;
            desc.views[0].texture.image_type = SG_IMAGETYPE_2D;
            desc.views[0].texture.sample_type = SG_IMAGESAMPLETYPE_FLOAT;
            desc.views[0].texture.multisampled = false;
            desc.samplers[0].stage = SG_SHADERSTAGE_FRAGMENT;
            desc.samplers[0].sampler_type = SG_SAMPLERTYPE_FILTERING;
            desc.texture_sampler_pairs[0].stage = SG_SHADERSTAGE_FRAGMENT;
            desc.texture_sampler_pairs[0].view_slot = 0;
            desc.texture_sampler_pairs[0].sampler_slot = 0;
            desc.texture_sampler_pairs[0].glsl_name = "bridgeInputTex_bridgeInputSmp";
            desc.label = "tcx_flow_bridge_temperature_shader";
        }
        return &desc;
    }
    if (backend == SG_BACKEND_D3D11) {
        static sg_shader_desc desc;
        static bool valid;
        if (!valid) {
            valid = true;
            desc.vertex_func.source = (const char*)bridge_vs_source_hlsl5;
            desc.vertex_func.d3d11_target = "vs_5_0";
            desc.vertex_func.entry = "main";
            desc.fragment_func.source = (const char*)fs_bridge_temperature_source_hlsl5;
            desc.fragment_func.d3d11_target = "ps_5_0";
            desc.fragment_func.entry = "main";
            desc.attrs[0].base_type = SG_SHADERATTRBASETYPE_FLOAT;
            desc.attrs[0].hlsl_sem_name = "TEXCOORD";
            desc.attrs[0].hlsl_sem_index = 0;
            desc.attrs[1].base_type = SG_SHADERATTRBASETYPE_FLOAT;
            desc.attrs[1].hlsl_sem_name = "TEXCOORD";
            desc.attrs[1].hlsl_sem_index = 1;
            desc.uniform_blocks[0].stage = SG_SHADERSTAGE_FRAGMENT;
            desc.uniform_blocks[0].layout = SG_UNIFORMLAYOUT_STD140;
            desc.uniform_blocks[0].size = 64;
            desc.uniform_blocks[0].hlsl_register_b_n = 0;
            desc.views[0].texture.stage = SG_SHADERSTAGE_FRAGMENT;
            desc.views[0].texture.image_type = SG_IMAGETYPE_2D;
            desc.views[0].texture.sample_type = SG_IMAGESAMPLETYPE_FLOAT;
            desc.views[0].texture.multisampled = false;
            desc.views[0].texture.hlsl_register_t_n = 0;
            desc.samplers[0].stage = SG_SHADERSTAGE_FRAGMENT;
            desc.samplers[0].sampler_type = SG_SAMPLERTYPE_FILTERING;
            desc.samplers[0].hlsl_register_s_n = 0;
            desc.texture_sampler_pairs[0].stage = SG_SHADERSTAGE_FRAGMENT;
            desc.texture_sampler_pairs[0].view_slot = 0;
            desc.texture_sampler_pairs[0].sampler_slot = 0;
            desc.label = "tcx_flow_bridge_temperature_shader";
        }
        return &desc;
    }
    if (backend == SG_BACKEND_METAL_MACOS) {
        static sg_shader_desc desc;
        static bool valid;
        if (!valid) {
            valid = true;
            desc.vertex_func.source = (const char*)bridge_vs_source_metal_macos;
            desc.vertex_func.entry = "main0";
            desc.fragment_func.source = (const char*)fs_bridge_temperature_source_metal_macos;
            desc.fragment_func.entry = "main0";
            desc.attrs[0].base_type = SG_SHADERATTRBASETYPE_FLOAT;
            desc.attrs[1].base_type = SG_SHADERATTRBASETYPE_FLOAT;
            desc.uniform_blocks[0].stage = SG_SHADERSTAGE_FRAGMENT;
            desc.uniform_blocks[0].layout = SG_UNIFORMLAYOUT_STD140;
            desc.uniform_blocks[0].size = 64;
            desc.uniform_blocks[0].msl_buffer_n = 0;
            desc.views[0].texture.stage = SG_SHADERSTAGE_FRAGMENT;
            desc.views[0].texture.image_type = SG_IMAGETYPE_2D;
            desc.views[0].texture.sample_type = SG_IMAGESAMPLETYPE_FLOAT;
            desc.views[0].texture.multisampled = false;
            desc.views[0].texture.msl_texture_n = 0;
            desc.samplers[0].stage = SG_SHADERSTAGE_FRAGMENT;
            desc.samplers[0].sampler_type = SG_SAMPLERTYPE_FILTERING;
            desc.samplers[0].msl_sampler_n = 0;
            desc.texture_sampler_pairs[0].stage = SG_SHADERSTAGE_FRAGMENT;
            desc.texture_sampler_pairs[0].view_slot = 0;
            desc.texture_sampler_pairs[0].sampler_slot = 0;
            desc.label = "tcx_flow_bridge_temperature_shader";
        }
        return &desc;
    }
    if (backend == SG_BACKEND_WGPU) {
        static sg_shader_desc desc;
        static bool valid;
        if (!valid) {
            valid = true;
            desc.vertex_func.source = (const char*)bridge_vs_source_wgsl;
            desc.vertex_func.entry = "main";
            desc.fragment_func.source = (const char*)fs_bridge_temperature_source_wgsl;
            desc.fragment_func.entry = "main";
            desc.attrs[0].base_type = SG_SHADERATTRBASETYPE_FLOAT;
            desc.attrs[1].base_type = SG_SHADERATTRBASETYPE_FLOAT;
            desc.uniform_blocks[0].stage = SG_SHADERSTAGE_FRAGMENT;
            desc.uniform_blocks[0].layout = SG_UNIFORMLAYOUT_STD140;
            desc.uniform_blocks[0].size = 64;
            desc.uniform_blocks[0].wgsl_group0_binding_n = 0;
            desc.views[0].texture.stage = SG_SHADERSTAGE_FRAGMENT;
            desc.views[0].texture.image_type = SG_IMAGETYPE_2D;
            desc.views[0].texture.sample_type = SG_IMAGESAMPLETYPE_FLOAT;
            desc.views[0].texture.multisampled = false;
            desc.views[0].texture.wgsl_group1_binding_n = 0;
            desc.samplers[0].stage = SG_SHADERSTAGE_FRAGMENT;
            desc.samplers[0].sampler_type = SG_SAMPLERTYPE_FILTERING;
            desc.samplers[0].wgsl_group1_binding_n = 32;
            desc.texture_sampler_pairs[0].stage = SG_SHADERSTAGE_FRAGMENT;
            desc.texture_sampler_pairs[0].view_slot = 0;
            desc.texture_sampler_pairs[0].sampler_slot = 0;
            desc.label = "tcx_flow_bridge_temperature_shader";
        }
        return &desc;
    }
    return 0;
}
static inline const sg_shader_desc* tcx_flow_bridge_velocity_shader_desc(sg_backend backend) {
    if (backend == SG_BACKEND_GLES3) {
        static sg_shader_desc desc;
        static bool valid;
        if (!valid) {
            valid = true;
            desc.vertex_func.source = (const char*)bridge_vs_source_glsl300es;
            desc.vertex_func.entry = "main";
            desc.fragment_func.source = (const char*)fs_bridge_velocity_source_glsl300es;
            desc.fragment_func.entry = "main";
            desc.attrs[0].base_type = SG_SHADERATTRBASETYPE_FLOAT;
            desc.attrs[0].glsl_name = "position";
            desc.attrs[1].base_type = SG_SHADERATTRBASETYPE_FLOAT;
            desc.attrs[1].glsl_name = "texcoord0";
            desc.uniform_blocks[0].stage = SG_SHADERSTAGE_FRAGMENT;
            desc.uniform_blocks[0].layout = SG_UNIFORMLAYOUT_STD140;
            desc.uniform_blocks[0].size = 64;
            desc.uniform_blocks[0].glsl_uniforms[0].type = SG_UNIFORMTYPE_FLOAT4;
            desc.uniform_blocks[0].glsl_uniforms[0].array_count = 4;
            desc.uniform_blocks[0].glsl_uniforms[0].glsl_name = "bridge_params";
            desc.views[0].texture.stage = SG_SHADERSTAGE_FRAGMENT;
            desc.views[0].texture.image_type = SG_IMAGETYPE_2D;
            desc.views[0].texture.sample_type = SG_IMAGESAMPLETYPE_FLOAT;
            desc.views[0].texture.multisampled = false;
            desc.samplers[0].stage = SG_SHADERSTAGE_FRAGMENT;
            desc.samplers[0].sampler_type = SG_SAMPLERTYPE_FILTERING;
            desc.texture_sampler_pairs[0].stage = SG_SHADERSTAGE_FRAGMENT;
            desc.texture_sampler_pairs[0].view_slot = 0;
            desc.texture_sampler_pairs[0].sampler_slot = 0;
            desc.texture_sampler_pairs[0].glsl_name = "bridgeInputTex_bridgeInputSmp";
            desc.label = "tcx_flow_bridge_velocity_shader";
        }
        return &desc;
    }
    if (backend == SG_BACKEND_D3D11) {
        static sg_shader_desc desc;
        static bool valid;
        if (!valid) {
            valid = true;
            desc.vertex_func.source = (const char*)bridge_vs_source_hlsl5;
            desc.vertex_func.d3d11_target = "vs_5_0";
            desc.vertex_func.entry = "main";
            desc.fragment_func.source = (const char*)fs_bridge_velocity_source_hlsl5;
            desc.fragment_func.d3d11_target = "ps_5_0";
            desc.fragment_func.entry = "main";
            desc.attrs[0].base_type = SG_SHADERATTRBASETYPE_FLOAT;
            desc.attrs[0].hlsl_sem_name = "TEXCOORD";
            desc.attrs[0].hlsl_sem_index = 0;
            desc.attrs[1].base_type = SG_SHADERATTRBASETYPE_FLOAT;
            desc.attrs[1].hlsl_sem_name = "TEXCOORD";
            desc.attrs[1].hlsl_sem_index = 1;
            desc.uniform_blocks[0].stage = SG_SHADERSTAGE_FRAGMENT;
            desc.uniform_blocks[0].layout = SG_UNIFORMLAYOUT_STD140;
            desc.uniform_blocks[0].size = 64;
            desc.uniform_blocks[0].hlsl_register_b_n = 0;
            desc.views[0].texture.stage = SG_SHADERSTAGE_FRAGMENT;
            desc.views[0].texture.image_type = SG_IMAGETYPE_2D;
            desc.views[0].texture.sample_type = SG_IMAGESAMPLETYPE_FLOAT;
            desc.views[0].texture.multisampled = false;
            desc.views[0].texture.hlsl_register_t_n = 0;
            desc.samplers[0].stage = SG_SHADERSTAGE_FRAGMENT;
            desc.samplers[0].sampler_type = SG_SAMPLERTYPE_FILTERING;
            desc.samplers[0].hlsl_register_s_n = 0;
            desc.texture_sampler_pairs[0].stage = SG_SHADERSTAGE_FRAGMENT;
            desc.texture_sampler_pairs[0].view_slot = 0;
            desc.texture_sampler_pairs[0].sampler_slot = 0;
            desc.label = "tcx_flow_bridge_velocity_shader";
        }
        return &desc;
    }
    if (backend == SG_BACKEND_METAL_MACOS) {
        static sg_shader_desc desc;
        static bool valid;
        if (!valid) {
            valid = true;
            desc.vertex_func.source = (const char*)bridge_vs_source_metal_macos;
            desc.vertex_func.entry = "main0";
            desc.fragment_func.source = (const char*)fs_bridge_velocity_source_metal_macos;
            desc.fragment_func.entry = "main0";
            desc.attrs[0].base_type = SG_SHADERATTRBASETYPE_FLOAT;
            desc.attrs[1].base_type = SG_SHADERATTRBASETYPE_FLOAT;
            desc.uniform_blocks[0].stage = SG_SHADERSTAGE_FRAGMENT;
            desc.uniform_blocks[0].layout = SG_UNIFORMLAYOUT_STD140;
            desc.uniform_blocks[0].size = 64;
            desc.uniform_blocks[0].msl_buffer_n = 0;
            desc.views[0].texture.stage = SG_SHADERSTAGE_FRAGMENT;
            desc.views[0].texture.image_type = SG_IMAGETYPE_2D;
            desc.views[0].texture.sample_type = SG_IMAGESAMPLETYPE_FLOAT;
            desc.views[0].texture.multisampled = false;
            desc.views[0].texture.msl_texture_n = 0;
            desc.samplers[0].stage = SG_SHADERSTAGE_FRAGMENT;
            desc.samplers[0].sampler_type = SG_SAMPLERTYPE_FILTERING;
            desc.samplers[0].msl_sampler_n = 0;
            desc.texture_sampler_pairs[0].stage = SG_SHADERSTAGE_FRAGMENT;
            desc.texture_sampler_pairs[0].view_slot = 0;
            desc.texture_sampler_pairs[0].sampler_slot = 0;
            desc.label = "tcx_flow_bridge_velocity_shader";
        }
        return &desc;
    }
    if (backend == SG_BACKEND_WGPU) {
        static sg_shader_desc desc;
        static bool valid;
        if (!valid) {
            valid = true;
            desc.vertex_func.source = (const char*)bridge_vs_source_wgsl;
            desc.vertex_func.entry = "main";
            desc.fragment_func.source = (const char*)fs_bridge_velocity_source_wgsl;
            desc.fragment_func.entry = "main";
            desc.attrs[0].base_type = SG_SHADERATTRBASETYPE_FLOAT;
            desc.attrs[1].base_type = SG_SHADERATTRBASETYPE_FLOAT;
            desc.uniform_blocks[0].stage = SG_SHADERSTAGE_FRAGMENT;
            desc.uniform_blocks[0].layout = SG_UNIFORMLAYOUT_STD140;
            desc.uniform_blocks[0].size = 64;
            desc.uniform_blocks[0].wgsl_group0_binding_n = 0;
            desc.views[0].texture.stage = SG_SHADERSTAGE_FRAGMENT;
            desc.views[0].texture.image_type = SG_IMAGETYPE_2D;
            desc.views[0].texture.sample_type = SG_IMAGESAMPLETYPE_FLOAT;
            desc.views[0].texture.multisampled = false;
            desc.views[0].texture.wgsl_group1_binding_n = 0;
            desc.samplers[0].stage = SG_SHADERSTAGE_FRAGMENT;
            desc.samplers[0].sampler_type = SG_SAMPLERTYPE_FILTERING;
            desc.samplers[0].wgsl_group1_binding_n = 32;
            desc.texture_sampler_pairs[0].stage = SG_SHADERSTAGE_FRAGMENT;
            desc.texture_sampler_pairs[0].view_slot = 0;
            desc.texture_sampler_pairs[0].sampler_slot = 0;
            desc.label = "tcx_flow_bridge_velocity_shader";
        }
        return &desc;
    }
    return 0;
}
