#pragma once
/*
    #version:1# (machine generated, don't edit!)

    Generated by sokol-shdc (https://github.com/floooh/sokol-tools)

    Cmdline:
        sokol-shdc --input /Users/mac/Desktop/TrussC/addons/tcxFlowTools/shaders/common/common.glsl --output /Users/mac/Desktop/TrussC/addons/tcxFlowTools/shaders/common/common.glsl.h --slang metal_macos:hlsl5:glsl300es:wgsl --format sokol

    Overview:
    =========
    Shader program: 'tcx_flow_bloom_composite':
        Get shader desc: tcx_flow_bloom_composite_shader_desc(sg_query_backend());
        Vertex Shader: vs
        Fragment Shader: fs_bloom_composite
        Attributes:
            ATTR_tcx_flow_bloom_composite_position => 0
            ATTR_tcx_flow_bloom_composite_texcoord0 => 1
    Shader program: 'tcx_flow_bloom_prefilter':
        Get shader desc: tcx_flow_bloom_prefilter_shader_desc(sg_query_backend());
        Vertex Shader: vs
        Fragment Shader: fs_bloom_prefilter
        Attributes:
            ATTR_tcx_flow_bloom_prefilter_position => 0
            ATTR_tcx_flow_bloom_prefilter_texcoord0 => 1
    Shader program: 'tcx_flow_blur_horizontal':
        Get shader desc: tcx_flow_blur_horizontal_shader_desc(sg_query_backend());
        Vertex Shader: vs
        Fragment Shader: fs_blur_horizontal
        Attributes:
            ATTR_tcx_flow_blur_horizontal_position => 0
            ATTR_tcx_flow_blur_horizontal_texcoord0 => 1
    Shader program: 'tcx_flow_blur_vertical':
        Get shader desc: tcx_flow_blur_vertical_shader_desc(sg_query_backend());
        Vertex Shader: vs
        Fragment Shader: fs_blur_vertical
        Attributes:
            ATTR_tcx_flow_blur_vertical_position => 0
            ATTR_tcx_flow_blur_vertical_texcoord0 => 1
    Shader program: 'tcx_flow_clear':
        Get shader desc: tcx_flow_clear_shader_desc(sg_query_backend());
        Vertex Shader: vs
        Fragment Shader: fs_clear
        Attributes:
            ATTR_tcx_flow_clear_position => 0
            ATTR_tcx_flow_clear_texcoord0 => 1
    Shader program: 'tcx_flow_copy':
        Get shader desc: tcx_flow_copy_shader_desc(sg_query_backend());
        Vertex Shader: vs
        Fragment Shader: fs_copy
        Attributes:
            ATTR_tcx_flow_copy_position => 0
            ATTR_tcx_flow_copy_texcoord0 => 1
    Shader program: 'tcx_flow_difference':
        Get shader desc: tcx_flow_difference_shader_desc(sg_query_backend());
        Vertex Shader: vs
        Fragment Shader: fs_difference
        Attributes:
            ATTR_tcx_flow_difference_position => 0
            ATTR_tcx_flow_difference_texcoord0 => 1
    Shader program: 'tcx_flow_luminance':
        Get shader desc: tcx_flow_luminance_shader_desc(sg_query_backend());
        Vertex Shader: vs
        Fragment Shader: fs_luminance
        Attributes:
            ATTR_tcx_flow_luminance_position => 0
            ATTR_tcx_flow_luminance_texcoord0 => 1
    Shader program: 'tcx_flow_multiply':
        Get shader desc: tcx_flow_multiply_shader_desc(sg_query_backend());
        Vertex Shader: vs
        Fragment Shader: fs_multiply
        Attributes:
            ATTR_tcx_flow_multiply_position => 0
            ATTR_tcx_flow_multiply_texcoord0 => 1
    Shader program: 'tcx_flow_threshold':
        Get shader desc: tcx_flow_threshold_shader_desc(sg_query_backend());
        Vertex Shader: vs
        Fragment Shader: fs_threshold
        Attributes:
            ATTR_tcx_flow_threshold_position => 0
            ATTR_tcx_flow_threshold_texcoord0 => 1
    Bindings:
        Uniform block 'common_params':
            C struct: common_params_t
            Bind slot: UB_common_params => 0
        Texture 'baseTex':
            Image type: SG_IMAGETYPE_2D
            Sample type: SG_IMAGESAMPLETYPE_FLOAT
            Multisampled: false
            Bind slot: VIEW_baseTex => 0
        Texture 'bloomTex':
            Image type: SG_IMAGETYPE_2D
            Sample type: SG_IMAGESAMPLETYPE_FLOAT
            Multisampled: false
            Bind slot: VIEW_bloomTex => 1
        Texture 'sourceTex':
            Image type: SG_IMAGETYPE_2D
            Sample type: SG_IMAGESAMPLETYPE_FLOAT
            Multisampled: false
            Bind slot: VIEW_sourceTex => 0
        Texture 'compareTex':
            Image type: SG_IMAGETYPE_2D
            Sample type: SG_IMAGESAMPLETYPE_FLOAT
            Multisampled: false
            Bind slot: VIEW_compareTex => 1
        Sampler 'baseSmp':
            Type: SG_SAMPLERTYPE_FILTERING
            Bind slot: SMP_baseSmp => 0
        Sampler 'bloomSmp':
            Type: SG_SAMPLERTYPE_FILTERING
            Bind slot: SMP_bloomSmp => 1
        Sampler 'sourceSmp':
            Type: SG_SAMPLERTYPE_FILTERING
            Bind slot: SMP_sourceSmp => 0
        Sampler 'compareSmp':
            Type: SG_SAMPLERTYPE_FILTERING
            Bind slot: SMP_compareSmp => 1
*/
#if !defined(SOKOL_GFX_INCLUDED)
#error "Please include sokol_gfx.h before common.glsl.h"
#endif
#if !defined(SOKOL_SHDC_ALIGN)
#if defined(_MSC_VER)
#define SOKOL_SHDC_ALIGN(a) __declspec(align(a))
#else
#define SOKOL_SHDC_ALIGN(a) __attribute__((aligned(a)))
#endif
#endif
#define ATTR_tcx_flow_bloom_composite_position (0)
#define ATTR_tcx_flow_bloom_composite_texcoord0 (1)
#define ATTR_tcx_flow_bloom_prefilter_position (0)
#define ATTR_tcx_flow_bloom_prefilter_texcoord0 (1)
#define ATTR_tcx_flow_blur_horizontal_position (0)
#define ATTR_tcx_flow_blur_horizontal_texcoord0 (1)
#define ATTR_tcx_flow_blur_vertical_position (0)
#define ATTR_tcx_flow_blur_vertical_texcoord0 (1)
#define ATTR_tcx_flow_clear_position (0)
#define ATTR_tcx_flow_clear_texcoord0 (1)
#define ATTR_tcx_flow_copy_position (0)
#define ATTR_tcx_flow_copy_texcoord0 (1)
#define ATTR_tcx_flow_difference_position (0)
#define ATTR_tcx_flow_difference_texcoord0 (1)
#define ATTR_tcx_flow_luminance_position (0)
#define ATTR_tcx_flow_luminance_texcoord0 (1)
#define ATTR_tcx_flow_multiply_position (0)
#define ATTR_tcx_flow_multiply_texcoord0 (1)
#define ATTR_tcx_flow_threshold_position (0)
#define ATTR_tcx_flow_threshold_texcoord0 (1)
#define UB_common_params (0)
#define VIEW_baseTex (0)
#define VIEW_bloomTex (1)
#define VIEW_sourceTex (0)
#define VIEW_compareTex (1)
#define SMP_baseSmp (0)
#define SMP_bloomSmp (1)
#define SMP_sourceSmp (0)
#define SMP_compareSmp (1)
#pragma pack(push,1)
SOKOL_SHDC_ALIGN(16) typedef struct common_params_t {
    float color[4];
    float resolution[4];
    float texel[4];
    float options[4];
} common_params_t;
#pragma pack(pop)
/*
    #version 300 es

    layout(location = 0) in vec2 position;
    out vec2 uv;
    layout(location = 1) in vec2 texcoord0;

    void main()
    {
        gl_Position = vec4(position, 0.0, 1.0);
        uv = texcoord0;
    }

*/
static const uint8_t vs_source_glsl300es[192] = {
    0x23,0x76,0x65,0x72,0x73,0x69,0x6f,0x6e,0x20,0x33,0x30,0x30,0x20,0x65,0x73,0x0a,
    0x0a,0x6c,0x61,0x79,0x6f,0x75,0x74,0x28,0x6c,0x6f,0x63,0x61,0x74,0x69,0x6f,0x6e,
    0x20,0x3d,0x20,0x30,0x29,0x20,0x69,0x6e,0x20,0x76,0x65,0x63,0x32,0x20,0x70,0x6f,
    0x73,0x69,0x74,0x69,0x6f,0x6e,0x3b,0x0a,0x6f,0x75,0x74,0x20,0x76,0x65,0x63,0x32,
    0x20,0x75,0x76,0x3b,0x0a,0x6c,0x61,0x79,0x6f,0x75,0x74,0x28,0x6c,0x6f,0x63,0x61,
    0x74,0x69,0x6f,0x6e,0x20,0x3d,0x20,0x31,0x29,0x20,0x69,0x6e,0x20,0x76,0x65,0x63,
    0x32,0x20,0x74,0x65,0x78,0x63,0x6f,0x6f,0x72,0x64,0x30,0x3b,0x0a,0x0a,0x76,0x6f,
    0x69,0x64,0x20,0x6d,0x61,0x69,0x6e,0x28,0x29,0x0a,0x7b,0x0a,0x20,0x20,0x20,0x20,
    0x67,0x6c,0x5f,0x50,0x6f,0x73,0x69,0x74,0x69,0x6f,0x6e,0x20,0x3d,0x20,0x76,0x65,
    0x63,0x34,0x28,0x70,0x6f,0x73,0x69,0x74,0x69,0x6f,0x6e,0x2c,0x20,0x30,0x2e,0x30,
    0x2c,0x20,0x31,0x2e,0x30,0x29,0x3b,0x0a,0x20,0x20,0x20,0x20,0x75,0x76,0x20,0x3d,
    0x20,0x74,0x65,0x78,0x63,0x6f,0x6f,0x72,0x64,0x30,0x3b,0x0a,0x7d,0x0a,0x0a,0x00,

};
/*
    #version 300 es
    precision mediump float;
    precision highp int;

    uniform highp vec4 common_params[4];
    uniform highp sampler2D sourceTex_sourceSmp;

    layout(location = 0) out highp vec4 frag_color;
    in highp vec2 uv;

    void main()
    {
        frag_color = texture(sourceTex_sourceSmp, uv) * common_params[0];
    }

*/
static const uint8_t fs_copy_source_glsl300es[301] = {
    0x23,0x76,0x65,0x72,0x73,0x69,0x6f,0x6e,0x20,0x33,0x30,0x30,0x20,0x65,0x73,0x0a,
    0x70,0x72,0x65,0x63,0x69,0x73,0x69,0x6f,0x6e,0x20,0x6d,0x65,0x64,0x69,0x75,0x6d,
    0x70,0x20,0x66,0x6c,0x6f,0x61,0x74,0x3b,0x0a,0x70,0x72,0x65,0x63,0x69,0x73,0x69,
    0x6f,0x6e,0x20,0x68,0x69,0x67,0x68,0x70,0x20,0x69,0x6e,0x74,0x3b,0x0a,0x0a,0x75,
    0x6e,0x69,0x66,0x6f,0x72,0x6d,0x20,0x68,0x69,0x67,0x68,0x70,0x20,0x76,0x65,0x63,
    0x34,0x20,0x63,0x6f,0x6d,0x6d,0x6f,0x6e,0x5f,0x70,0x61,0x72,0x61,0x6d,0x73,0x5b,
    0x34,0x5d,0x3b,0x0a,0x75,0x6e,0x69,0x66,0x6f,0x72,0x6d,0x20,0x68,0x69,0x67,0x68,
    0x70,0x20,0x73,0x61,0x6d,0x70,0x6c,0x65,0x72,0x32,0x44,0x20,0x73,0x6f,0x75,0x72,
    0x63,0x65,0x54,0x65,0x78,0x5f,0x73,0x6f,0x75,0x72,0x63,0x65,0x53,0x6d,0x70,0x3b,
    0x0a,0x0a,0x6c,0x61,0x79,0x6f,0x75,0x74,0x28,0x6c,0x6f,0x63,0x61,0x74,0x69,0x6f,
    0x6e,0x20,0x3d,0x20,0x30,0x29,0x20,0x6f,0x75,0x74,0x20,0x68,0x69,0x67,0x68,0x70,
    0x20,0x76,0x65,0x63,0x34,0x20,0x66,0x72,0x61,0x67,0x5f,0x63,0x6f,0x6c,0x6f,0x72,
    0x3b,0x0a,0x69,0x6e,0x20,0x68,0x69,0x67,0x68,0x70,0x20,0x76,0x65,0x63,0x32,0x20,
    0x75,0x76,0x3b,0x0a,0x0a,0x76,0x6f,0x69,0x64,0x20,0x6d,0x61,0x69,0x6e,0x28,0x29,
    0x0a,0x7b,0x0a,0x20,0x20,0x20,0x20,0x66,0x72,0x61,0x67,0x5f,0x63,0x6f,0x6c,0x6f,
    0x72,0x20,0x3d,0x20,0x74,0x65,0x78,0x74,0x75,0x72,0x65,0x28,0x73,0x6f,0x75,0x72,
    0x63,0x65,0x54,0x65,0x78,0x5f,0x73,0x6f,0x75,0x72,0x63,0x65,0x53,0x6d,0x70,0x2c,
    0x20,0x75,0x76,0x29,0x20,0x2a,0x20,0x63,0x6f,0x6d,0x6d,0x6f,0x6e,0x5f,0x70,0x61,
    0x72,0x61,0x6d,0x73,0x5b,0x30,0x5d,0x3b,0x0a,0x7d,0x0a,0x0a,0x00,
};
/*
    #version 300 es
    precision mediump float;
    precision highp int;

    uniform highp vec4 common_params[4];
    layout(location = 0) out highp vec4 frag_color;
    in highp vec2 uv;

    void main()
    {
        frag_color = common_params[0];
    }

*/
static const uint8_t fs_clear_source_glsl300es[220] = {
    0x23,0x76,0x65,0x72,0x73,0x69,0x6f,0x6e,0x20,0x33,0x30,0x30,0x20,0x65,0x73,0x0a,
    0x70,0x72,0x65,0x63,0x69,0x73,0x69,0x6f,0x6e,0x20,0x6d,0x65,0x64,0x69,0x75,0x6d,
    0x70,0x20,0x66,0x6c,0x6f,0x61,0x74,0x3b,0x0a,0x70,0x72,0x65,0x63,0x69,0x73,0x69,
    0x6f,0x6e,0x20,0x68,0x69,0x67,0x68,0x70,0x20,0x69,0x6e,0x74,0x3b,0x0a,0x0a,0x75,
    0x6e,0x69,0x66,0x6f,0x72,0x6d,0x20,0x68,0x69,0x67,0x68,0x70,0x20,0x76,0x65,0x63,
    0x34,0x20,0x63,0x6f,0x6d,0x6d,0x6f,0x6e,0x5f,0x70,0x61,0x72,0x61,0x6d,0x73,0x5b,
    0x34,0x5d,0x3b,0x0a,0x6c,0x61,0x79,0x6f,0x75,0x74,0x28,0x6c,0x6f,0x63,0x61,0x74,
    0x69,0x6f,0x6e,0x20,0x3d,0x20,0x30,0x29,0x20,0x6f,0x75,0x74,0x20,0x68,0x69,0x67,
    0x68,0x70,0x20,0x76,0x65,0x63,0x34,0x20,0x66,0x72,0x61,0x67,0x5f,0x63,0x6f,0x6c,
    0x6f,0x72,0x3b,0x0a,0x69,0x6e,0x20,0x68,0x69,0x67,0x68,0x70,0x20,0x76,0x65,0x63,
    0x32,0x20,0x75,0x76,0x3b,0x0a,0x0a,0x76,0x6f,0x69,0x64,0x20,0x6d,0x61,0x69,0x6e,
    0x28,0x29,0x0a,0x7b,0x0a,0x20,0x20,0x20,0x20,0x66,0x72,0x61,0x67,0x5f,0x63,0x6f,
    0x6c,0x6f,0x72,0x20,0x3d,0x20,0x63,0x6f,0x6d,0x6d,0x6f,0x6e,0x5f,0x70,0x61,0x72,
    0x61,0x6d,0x73,0x5b,0x30,0x5d,0x3b,0x0a,0x7d,0x0a,0x0a,0x00,
};
/*
    #version 300 es
    precision mediump float;
    precision highp int;

    uniform highp vec4 common_params[4];
    uniform highp sampler2D sourceTex_sourceSmp;

    layout(location = 0) out highp vec4 frag_color;
    in highp vec2 uv;

    void main()
    {
        frag_color = (texture(sourceTex_sourceSmp, uv) * common_params[0]) * common_params[3].x;
    }

*/
static const uint8_t fs_multiply_source_glsl300es[324] = {
    0x23,0x76,0x65,0x72,0x73,0x69,0x6f,0x6e,0x20,0x33,0x30,0x30,0x20,0x65,0x73,0x0a,
    0x70,0x72,0x65,0x63,0x69,0x73,0x69,0x6f,0x6e,0x20,0x6d,0x65,0x64,0x69,0x75,0x6d,
    0x70,0x20,0x66,0x6c,0x6f,0x61,0x74,0x3b,0x0a,0x70,0x72,0x65,0x63,0x69,0x73,0x69,
    0x6f,0x6e,0x20,0x68,0x69,0x67,0x68,0x70,0x20,0x69,0x6e,0x74,0x3b,0x0a,0x0a,0x75,
    0x6e,0x69,0x66,0x6f,0x72,0x6d,0x20,0x68,0x69,0x67,0x68,0x70,0x20,0x76,0x65,0x63,
    0x34,0x20,0x63,0x6f,0x6d,0x6d,0x6f,0x6e,0x5f,0x70,0x61,0x72,0x61,0x6d,0x73,0x5b,
    0x34,0x5d,0x3b,0x0a,0x75,0x6e,0x69,0x66,0x6f,0x72,0x6d,0x20,0x68,0x69,0x67,0x68,
    0x70,0x20,0x73,0x61,0x6d,0x70,0x6c,0x65,0x72,0x32,0x44,0x20,0x73,0x6f,0x75,0x72,
    0x63,0x65,0x54,0x65,0x78,0x5f,0x73,0x6f,0x75,0x72,0x63,0x65,0x53,0x6d,0x70,0x3b,
    0x0a,0x0a,0x6c,0x61,0x79,0x6f,0x75,0x74,0x28,0x6c,0x6f,0x63,0x61,0x74,0x69,0x6f,
    0x6e,0x20,0x3d,0x20,0x30,0x29,0x20,0x6f,0x75,0x74,0x20,0x68,0x69,0x67,0x68,0x70,
    0x20,0x76,0x65,0x63,0x34,0x20,0x66,0x72,0x61,0x67,0x5f,0x63,0x6f,0x6c,0x6f,0x72,
    0x3b,0x0a,0x69,0x6e,0x20,0x68,0x69,0x67,0x68,0x70,0x20,0x76,0x65,0x63,0x32,0x20,
    0x75,0x76,0x3b,0x0a,0x0a,0x76,0x6f,0x69,0x64,0x20,0x6d,0x61,0x69,0x6e,0x28,0x29,
    0x0a,0x7b,0x0a,0x20,0x20,0x20,0x20,0x66,0x72,0x61,0x67,0x5f,0x63,0x6f,0x6c,0x6f,
    0x72,0x20,0x3d,0x20,0x28,0x74,0x65,0x78,0x74,0x75,0x72,0x65,0x28,0x73,0x6f,0x75,
    0x72,0x63,0x65,0x54,0x65,0x78,0x5f,0x73,0x6f,0x75,0x72,0x63,0x65,0x53,0x6d,0x70,
    0x2c,0x20,0x75,0x76,0x29,0x20,0x2a,0x20,0x63,0x6f,0x6d,0x6d,0x6f,0x6e,0x5f,0x70,
    0x61,0x72,0x61,0x6d,0x73,0x5b,0x30,0x5d,0x29,0x20,0x2a,0x20,0x63,0x6f,0x6d,0x6d,
    0x6f,0x6e,0x5f,0x70,0x61,0x72,0x61,0x6d,0x73,0x5b,0x33,0x5d,0x2e,0x78,0x3b,0x0a,
    0x7d,0x0a,0x0a,0x00,
};
/*
    #version 300 es
    precision mediump float;
    precision highp int;

    uniform highp vec4 common_params[4];
    uniform highp sampler2D sourceTex_sourceSmp;

    in highp vec2 uv;
    layout(location = 0) out highp vec4 frag_color;

    highp float luminance(highp vec3 rgb)
    {
        return dot(rgb, vec3(0.2125999927520751953125, 0.715200006961822509765625, 0.072200000286102294921875));
    }

    void main()
    {
        highp vec4 _47 = texture(sourceTex_sourceSmp, uv) * common_params[0];
        highp vec3 param = _47.xyz;
        frag_color = _47 * step(common_params[3].y, luminance(param));
    }

*/
static const uint8_t fs_threshold_source_glsl300es[556] = {
    0x23,0x76,0x65,0x72,0x73,0x69,0x6f,0x6e,0x20,0x33,0x30,0x30,0x20,0x65,0x73,0x0a,
    0x70,0x72,0x65,0x63,0x69,0x73,0x69,0x6f,0x6e,0x20,0x6d,0x65,0x64,0x69,0x75,0x6d,
    0x70,0x20,0x66,0x6c,0x6f,0x61,0x74,0x3b,0x0a,0x70,0x72,0x65,0x63,0x69,0x73,0x69,
    0x6f,0x6e,0x20,0x68,0x69,0x67,0x68,0x70,0x20,0x69,0x6e,0x74,0x3b,0x0a,0x0a,0x75,
    0x6e,0x69,0x66,0x6f,0x72,0x6d,0x20,0x68,0x69,0x67,0x68,0x70,0x20,0x76,0x65,0x63,
    0x34,0x20,0x63,0x6f,0x6d,0x6d,0x6f,0x6e,0x5f,0x70,0x61,0x72,0x61,0x6d,0x73,0x5b,
    0x34,0x5d,0x3b,0x0a,0x75,0x6e,0x69,0x66,0x6f,0x72,0x6d,0x20,0x68,0x69,0x67,0x68,
    0x70,0x20,0x73,0x61,0x6d,0x70,0x6c,0x65,0x72,0x32,0x44,0x20,0x73,0x6f,0x75,0x72,
    0x63,0x65,0x54,0x65,0x78,0x5f,0x73,0x6f,0x75,0x72,0x63,0x65,0x53,0x6d,0x70,0x3b,
    0x0a,0x0a,0x69,0x6e,0x20,0x68,0x69,0x67,0x68,0x70,0x20,0x76,0x65,0x63,0x32,0x20,
    0x75,0x76,0x3b,0x0a,0x6c,0x61,0x79,0x6f,0x75,0x74,0x28,0x6c,0x6f,0x63,0x61,0x74,
    0x69,0x6f,0x6e,0x20,0x3d,0x20,0x30,0x29,0x20,0x6f,0x75,0x74,0x20,0x68,0x69,0x67,
    0x68,0x70,0x20,0x76,0x65,0x63,0x34,0x20,0x66,0x72,0x61,0x67,0x5f,0x63,0x6f,0x6c,
    0x6f,0x72,0x3b,0x0a,0x0a,0x68,0x69,0x67,0x68,0x70,0x20,0x66,0x6c,0x6f,0x61,0x74,
    0x20,0x6c,0x75,0x6d,0x69,0x6e,0x61,0x6e,0x63,0x65,0x28,0x68,0x69,0x67,0x68,0x70,
    0x20,0x76,0x65,0x63,0x33,0x20,0x72,0x67,0x62,0x29,0x0a,0x7b,0x0a,0x20,0x20,0x20,
    0x20,0x72,0x65,0x74,0x75,0x72,0x6e,0x20,0x64,0x6f,0x74,0x28,0x72,0x67,0x62,0x2c,
    0x20,0x76,0x65,0x63,0x33,0x28,0x30,0x2e,0x32,0x31,0x32,0x35,0x39,0x39,0x39,0x39,
    0x32,0x37,0x35,0x32,0x30,0x37,0x35,0x31,0x39,0x35,0x33,0x31,0x32,0x35,0x2c,0x20,
    0x30,0x2e,0x37,0x31,0x35,0x32,0x30,0x30,0x30,0x30,0x36,0x39,0x36,0x31,0x38,0x32,
    0x32,0x35,0x30,0x39,0x37,0x36,0x35,0x36,0x32,0x35,0x2c,0x20,0x30,0x2e,0x30,0x37,
    0x32,0x32,0x30,0x30,0x30,0x30,0x30,0x32,0x38,0x36,0x31,0x30,0x32,0x32,0x39,0x34,
    0x39,0x32,0x31,0x38,0x37,0x35,0x29,0x29,0x3b,0x0a,0x7d,0x0a,0x0a,0x76,0x6f,0x69,
    0x64,0x20,0x6d,0x61,0x69,0x6e,0x28,0x29,0x0a,0x7b,0x0a,0x20,0x20,0x20,0x20,0x68,
    0x69,0x67,0x68,0x70,0x20,0x76,0x65,0x63,0x34,0x20,0x5f,0x34,0x37,0x20,0x3d,0x20,
    0x74,0x65,0x78,0x74,0x75,0x72,0x65,0x28,0x73,0x6f,0x75,0x72,0x63,0x65,0x54,0x65,
    0x78,0x5f,0x73,0x6f,0x75,0x72,0x63,0x65,0x53,0x6d,0x70,0x2c,0x20,0x75,0x76,0x29,
    0x20,0x2a,0x20,0x63,0x6f,0x6d,0x6d,0x6f,0x6e,0x5f,0x70,0x61,0x72,0x61,0x6d,0x73,
    0x5b,0x30,0x5d,0x3b,0x0a,0x20,0x20,0x20,0x20,0x68,0x69,0x67,0x68,0x70,0x20,0x76,
    0x65,0x63,0x33,0x20,0x70,0x61,0x72,0x61,0x6d,0x20,0x3d,0x20,0x5f,0x34,0x37,0x2e,
    0x78,0x79,0x7a,0x3b,0x0a,0x20,0x20,0x20,0x20,0x66,0x72,0x61,0x67,0x5f,0x63,0x6f,
    0x6c,0x6f,0x72,0x20,0x3d,0x20,0x5f,0x34,0x37,0x20,0x2a,0x20,0x73,0x74,0x65,0x70,
    0x28,0x63,0x6f,0x6d,0x6d,0x6f,0x6e,0x5f,0x70,0x61,0x72,0x61,0x6d,0x73,0x5b,0x33,
    0x5d,0x2e,0x79,0x2c,0x20,0x6c,0x75,0x6d,0x69,0x6e,0x61,0x6e,0x63,0x65,0x28,0x70,
    0x61,0x72,0x61,0x6d,0x29,0x29,0x3b,0x0a,0x7d,0x0a,0x0a,0x00,
};
/*
    #version 300 es
    precision mediump float;
    precision highp int;

    uniform highp vec4 common_params[4];
    uniform highp sampler2D sourceTex_sourceSmp;

    in highp vec2 uv;
    layout(location = 0) out highp vec4 frag_color;

    void main()
    {
        highp vec4 _33 = texture(sourceTex_sourceSmp, uv) * common_params[0];
        highp float _43 = dot(_33.xyz, vec3(0.2125999927520751953125, 0.715200006961822509765625, 0.072200000286102294921875));
        frag_color = vec4(_43, _43, _43, _33.w);
    }

*/
static const uint8_t fs_luminance_source_glsl300es[474] = {
    0x23,0x76,0x65,0x72,0x73,0x69,0x6f,0x6e,0x20,0x33,0x30,0x30,0x20,0x65,0x73,0x0a,
    0x70,0x72,0x65,0x63,0x69,0x73,0x69,0x6f,0x6e,0x20,0x6d,0x65,0x64,0x69,0x75,0x6d,
    0x70,0x20,0x66,0x6c,0x6f,0x61,0x74,0x3b,0x0a,0x70,0x72,0x65,0x63,0x69,0x73,0x69,
    0x6f,0x6e,0x20,0x68,0x69,0x67,0x68,0x70,0x20,0x69,0x6e,0x74,0x3b,0x0a,0x0a,0x75,
    0x6e,0x69,0x66,0x6f,0x72,0x6d,0x20,0x68,0x69,0x67,0x68,0x70,0x20,0x76,0x65,0x63,
    0x34,0x20,0x63,0x6f,0x6d,0x6d,0x6f,0x6e,0x5f,0x70,0x61,0x72,0x61,0x6d,0x73,0x5b,
    0x34,0x5d,0x3b,0x0a,0x75,0x6e,0x69,0x66,0x6f,0x72,0x6d,0x20,0x68,0x69,0x67,0x68,
    0x70,0x20,0x73,0x61,0x6d,0x70,0x6c,0x65,0x72,0x32,0x44,0x20,0x73,0x6f,0x75,0x72,
    0x63,0x65,0x54,0x65,0x78,0x5f,0x73,0x6f,0x75,0x72,0x63,0x65,0x53,0x6d,0x70,0x3b,
    0x0a,0x0a,0x69,0x6e,0x20,0x68,0x69,0x67,0x68,0x70,0x20,0x76,0x65,0x63,0x32,0x20,
    0x75,0x76,0x3b,0x0a,0x6c,0x61,0x79,0x6f,0x75,0x74,0x28,0x6c,0x6f,0x63,0x61,0x74,
    0x69,0x6f,0x6e,0x20,0x3d,0x20,0x30,0x29,0x20,0x6f,0x75,0x74,0x20,0x68,0x69,0x67,
    0x68,0x70,0x20,0x76,0x65,0x63,0x34,0x20,0x66,0x72,0x61,0x67,0x5f,0x63,0x6f,0x6c,
    0x6f,0x72,0x3b,0x0a,0x0a,0x76,0x6f,0x69,0x64,0x20,0x6d,0x61,0x69,0x6e,0x28,0x29,
    0x0a,0x7b,0x0a,0x20,0x20,0x20,0x20,0x68,0x69,0x67,0x68,0x70,0x20,0x76,0x65,0x63,
    0x34,0x20,0x5f,0x33,0x33,0x20,0x3d,0x20,0x74,0x65,0x78,0x74,0x75,0x72,0x65,0x28,
    0x73,0x6f,0x75,0x72,0x63,0x65,0x54,0x65,0x78,0x5f,0x73,0x6f,0x75,0x72,0x63,0x65,
    0x53,0x6d,0x70,0x2c,0x20,0x75,0x76,0x29,0x20,0x2a,0x20,0x63,0x6f,0x6d,0x6d,0x6f,
    0x6e,0x5f,0x70,0x61,0x72,0x61,0x6d,0x73,0x5b,0x30,0x5d,0x3b,0x0a,0x20,0x20,0x20,
    0x20,0x68,0x69,0x67,0x68,0x70,0x20,0x66,0x6c,0x6f,0x61,0x74,0x20,0x5f,0x34,0x33,
    0x20,0x3d,0x20,0x64,0x6f,0x74,0x28,0x5f,0x33,0x33,0x2e,0x78,0x79,0x7a,0x2c,0x20,
    0x76,0x65,0x63,0x33,0x28,0x30,0x2e,0x32,0x31,0x32,0x35,0x39,0x39,0x39,0x39,0x32,
    0x37,0x35,0x32,0x30,0x37,0x35,0x31,0x39,0x35,0x33,0x31,0x32,0x35,0x2c,0x20,0x30,
    0x2e,0x37,0x31,0x35,0x32,0x30,0x30,0x30,0x30,0x36,0x39,0x36,0x31,0x38,0x32,0x32,
    0x35,0x30,0x39,0x37,0x36,0x35,0x36,0x32,0x35,0x2c,0x20,0x30,0x2e,0x30,0x37,0x32,
    0x32,0x30,0x30,0x30,0x30,0x30,0x32,0x38,0x36,0x31,0x30,0x32,0x32,0x39,0x34,0x39,
    0x32,0x31,0x38,0x37,0x35,0x29,0x29,0x3b,0x0a,0x20,0x20,0x20,0x20,0x66,0x72,0x61,
    0x67,0x5f,0x63,0x6f,0x6c,0x6f,0x72,0x20,0x3d,0x20,0x76,0x65,0x63,0x34,0x28,0x5f,
    0x34,0x33,0x2c,0x20,0x5f,0x34,0x33,0x2c,0x20,0x5f,0x34,0x33,0x2c,0x20,0x5f,0x33,
    0x33,0x2e,0x77,0x29,0x3b,0x0a,0x7d,0x0a,0x0a,0x00,
};
/*
    #version 300 es
    precision mediump float;
    precision highp int;

    uniform highp vec4 common_params[4];
    uniform highp sampler2D sourceTex_sourceSmp;
    uniform highp sampler2D compareTex_compareSmp;

    in highp vec2 uv;
    layout(location = 0) out highp vec4 frag_color;

    void main()
    {
        frag_color = abs(texture(sourceTex_sourceSmp, uv) - texture(compareTex_compareSmp, uv)) * common_params[3].x;
    }

*/
static const uint8_t fs_difference_source_glsl300es[392] = {
    0x23,0x76,0x65,0x72,0x73,0x69,0x6f,0x6e,0x20,0x33,0x30,0x30,0x20,0x65,0x73,0x0a,
    0x70,0x72,0x65,0x63,0x69,0x73,0x69,0x6f,0x6e,0x20,0x6d,0x65,0x64,0x69,0x75,0x6d,
    0x70,0x20,0x66,0x6c,0x6f,0x61,0x74,0x3b,0x0a,0x70,0x72,0x65,0x63,0x69,0x73,0x69,
    0x6f,0x6e,0x20,0x68,0x69,0x67,0x68,0x70,0x20,0x69,0x6e,0x74,0x3b,0x0a,0x0a,0x75,
    0x6e,0x69,0x66,0x6f,0x72,0x6d,0x20,0x68,0x69,0x67,0x68,0x70,0x20,0x76,0x65,0x63,
    0x34,0x20,0x63,0x6f,0x6d,0x6d,0x6f,0x6e,0x5f,0x70,0x61,0x72,0x61,0x6d,0x73,0x5b,
    0x34,0x5d,0x3b,0x0a,0x75,0x6e,0x69,0x66,0x6f,0x72,0x6d,0x20,0x68,0x69,0x67,0x68,
    0x70,0x20,0x73,0x61,0x6d,0x70,0x6c,0x65,0x72,0x32,0x44,0x20,0x73,0x6f,0x75,0x72,
    0x63,0x65,0x54,0x65,0x78,0x5f,0x73,0x6f,0x75,0x72,0x63,0x65,0x53,0x6d,0x70,0x3b,
    0x0a,0x75,0x6e,0x69,0x66,0x6f,0x72,0x6d,0x20,0x68,0x69,0x67,0x68,0x70,0x20,0x73,
    0x61,0x6d,0x70,0x6c,0x65,0x72,0x32,0x44,0x20,0x63,0x6f,0x6d,0x70,0x61,0x72,0x65,
    0x54,0x65,0x78,0x5f,0x63,0x6f,0x6d,0x70,0x61,0x72,0x65,0x53,0x6d,0x70,0x3b,0x0a,
    0x0a,0x69,0x6e,0x20,0x68,0x69,0x67,0x68,0x70,0x20,0x76,0x65,0x63,0x32,0x20,0x75,
    0x76,0x3b,0x0a,0x6c,0x61,0x79,0x6f,0x75,0x74,0x28,0x6c,0x6f,0x63,0x61,0x74,0x69,
    0x6f,0x6e,0x20,0x3d,0x20,0x30,0x29,0x20,0x6f,0x75,0x74,0x20,0x68,0x69,0x67,0x68,
    0x70,0x20,0x76,0x65,0x63,0x34,0x20,0x66,0x72,0x61,0x67,0x5f,0x63,0x6f,0x6c,0x6f,
    0x72,0x3b,0x0a,0x0a,0x76,0x6f,0x69,0x64,0x20,0x6d,0x61,0x69,0x6e,0x28,0x29,0x0a,
    0x7b,0x0a,0x20,0x20,0x20,0x20,0x66,0x72,0x61,0x67,0x5f,0x63,0x6f,0x6c,0x6f,0x72,
    0x20,0x3d,0x20,0x61,0x62,0x73,0x28,0x74,0x65,0x78,0x74,0x75,0x72,0x65,0x28,0x73,
    0x6f,0x75,0x72,0x63,0x65,0x54,0x65,0x78,0x5f,0x73,0x6f,0x75,0x72,0x63,0x65,0x53,
    0x6d,0x70,0x2c,0x20,0x75,0x76,0x29,0x20,0x2d,0x20,0x74,0x65,0x78,0x74,0x75,0x72,
    0x65,0x28,0x63,0x6f,0x6d,0x70,0x61,0x72,0x65,0x54,0x65,0x78,0x5f,0x63,0x6f,0x6d,
    0x70,0x61,0x72,0x65,0x53,0x6d,0x70,0x2c,0x20,0x75,0x76,0x29,0x29,0x20,0x2a,0x20,
    0x63,0x6f,0x6d,0x6d,0x6f,0x6e,0x5f,0x70,0x61,0x72,0x61,0x6d,0x73,0x5b,0x33,0x5d,
    0x2e,0x78,0x3b,0x0a,0x7d,0x0a,0x0a,0x00,
};
/*
    #version 300 es
    precision mediump float;
    precision highp int;

    uniform highp vec4 common_params[4];
    uniform highp sampler2D sourceTex_sourceSmp;

    in highp vec2 uv;
    layout(location = 0) out highp vec4 frag_color;

    void main()
    {
        highp vec2 _29 = vec2(common_params[2].x, 0.0) * max(common_params[3].z, 1.0);
        highp vec2 _54 = _29 * 1.3846149444580078125;
        highp vec2 _78 = _29 * 3.2307689189910888671875;
        frag_color = ((((texture(sourceTex_sourceSmp, uv) * 0.227026998996734619140625) + (texture(sourceTex_sourceSmp, uv + _54) * 0.316215991973876953125)) + (texture(sourceTex_sourceSmp, uv - _54) * 0.316215991973876953125)) + (texture(sourceTex_sourceSmp, uv + _78) * 0.070270001888275146484375)) + (texture(sourceTex_sourceSmp, uv - _78) * 0.070270001888275146484375);
    }

*/
static const uint8_t fs_blur_horizontal_source_glsl300es[787] = {
    0x23,0x76,0x65,0x72,0x73,0x69,0x6f,0x6e,0x20,0x33,0x30,0x30,0x20,0x65,0x73,0x0a,
    0x70,0x72,0x65,0x63,0x69,0x73,0x69,0x6f,0x6e,0x20,0x6d,0x65,0x64,0x69,0x75,0x6d,
    0x70,0x20,0x66,0x6c,0x6f,0x61,0x74,0x3b,0x0a,0x70,0x72,0x65,0x63,0x69,0x73,0x69,
    0x6f,0x6e,0x20,0x68,0x69,0x67,0x68,0x70,0x20,0x69,0x6e,0x74,0x3b,0x0a,0x0a,0x75,
    0x6e,0x69,0x66,0x6f,0x72,0x6d,0x20,0x68,0x69,0x67,0x68,0x70,0x20,0x76,0x65,0x63,
    0x34,0x20,0x63,0x6f,0x6d,0x6d,0x6f,0x6e,0x5f,0x70,0x61,0x72,0x61,0x6d,0x73,0x5b,
    0x34,0x5d,0x3b,0x0a,0x75,0x6e,0x69,0x66,0x6f,0x72,0x6d,0x20,0x68,0x69,0x67,0x68,
    0x70,0x20,0x73,0x61,0x6d,0x70,0x6c,0x65,0x72,0x32,0x44,0x20,0x73,0x6f,0x75,0x72,
    0x63,0x65,0x54,0x65,0x78,0x5f,0x73,0x6f,0x75,0x72,0x63,0x65,0x53,0x6d,0x70,0x3b,
    0x0a,0x0a,0x69,0x6e,0x20,0x68,0x69,0x67,0x68,0x70,0x20,0x76,0x65,0x63,0x32,0x20,
    0x75,0x76,0x3b,0x0a,0x6c,0x61,0x79,0x6f,0x75,0x74,0x28,0x6c,0x6f,0x63,0x61,0x74,
    0x69,0x6f,0x6e,0x20,0x3d,0x20,0x30,0x29,0x20,0x6f,0x75,0x74,0x20,0x68,0x69,0x67,
    0x68,0x70,0x20,0x76,0x65,0x63,0x34,0x20,0x66,0x72,0x61,0x67,0x5f,0x63,0x6f,0x6c,
    0x6f,0x72,0x3b,0x0a,0x0a,0x76,0x6f,0x69,0x64,0x20,0x6d,0x61,0x69,0x6e,0x28,0x29,
    0x0a,0x7b,0x0a,0x20,0x20,0x20,0x20,0x68,0x69,0x67,0x68,0x70,0x20,0x76,0x65,0x63,
    0x32,0x20,0x5f,0x32,0x39,0x20,0x3d,0x20,0x76,0x65,0x63,0x32,0x28,0x63,0x6f,0x6d,
    0x6d,0x6f,0x6e,0x5f,0x70,0x61,0x72,0x61,0x6d,0x73,0x5b,0x32,0x5d,0x2e,0x78,0x2c,
    0x20,0x30,0x2e,0x30,0x29,0x20,0x2a,0x20,0x6d,0x61,0x78,0x28,0x63,0x6f,0x6d,0x6d,
    0x6f,0x6e,0x5f,0x70,0x61,0x72,0x61,0x6d,0x73,0x5b,0x33,0x5d,0x2e,0x7a,0x2c,0x20,
    0x31,0x2e,0x30,0x29,0x3b,0x0a,0x20,0x20,0x20,0x20,0x68,0x69,0x67,0x68,0x70,0x20,
    0x76,0x65,0x63,0x32,0x20,0x5f,0x35,0x34,0x20,0x3d,0x20,0x5f,0x32,0x39,0x20,0x2a,
    0x20,0x31,0x2e,0x33,0x38,0x34,0x36,0x31,0x34,0x39,0x34,0x34,0x34,0x35,0x38,0x30,
    0x30,0x37,0x38,0x31,0x32,0x35,0x3b,0x0a,0x20,0x20,0x20,0x20,0x68,0x69,0x67,0x68,
    0x70,0x20,0x76,0x65,0x63,0x32,0x20,0x5f,0x37,0x38,0x20,0x3d,0x20,0x5f,0x32,0x39,
    0x20,0x2a,0x20,0x33,0x2e,0x32,0x33,0x30,0x37,0x36,0x38,0x39,0x31,0x38,0x39,0x39,
    0x31,0x30,0x38,0x38,0x38,0x36,0x37,0x31,0x38,0x37,0x35,0x3b,0x0a,0x20,0x20,0x20,
    0x20,0x66,0x72,0x61,0x67,0x5f,0x63,0x6f,0x6c,0x6f,0x72,0x20,0x3d,0x20,0x28,0x28,
    0x28,0x28,0x74,0x65,0x78,0x74,0x75,0x72,0x65,0x28,0x73,0x6f,0x75,0x72,0x63,0x65,
    0x54,0x65,0x78,0x5f,0x73,0x6f,0x75,0x72,0x63,0x65,0x53,0x6d,0x70,0x2c,0x20,0x75,
    0x76,0x29,0x20,0x2a,0x20,0x30,0x2e,0x32,0x32,0x37,0x30,0x32,0x36,0x39,0x39,0x38,
    0x39,0x39,0x36,0x37,0x33,0x34,0x36,0x31,0x39,0x31,0x34,0x30,0x36,0x32,0x35,0x29,
    0x20,0x2b,0x20,0x28,0x74,0x65,0x78,0x74,0x75,0x72,0x65,0x28,0x73,0x6f,0x75,0x72,
    0x63,0x65,0x54,0x65,0x78,0x5f,0x73,0x6f,0x75,0x72,0x63,0x65,0x53,0x6d,0x70,0x2c,
    0x20,0x75,0x76,0x20,0x2b,0x20,0x5f,0x35,0x34,0x29,0x20,0x2a,0x20,0x30,0x2e,0x33,
    0x31,0x36,0x32,0x31,0x35,0x39,0x39,0x31,0x39,0x37,0x33,0x38,0x37,0x36,0x39,0x35,
    0x33,0x31,0x32,0x35,0x29,0x29,0x20,0x2b,0x20,0x28,0x74,0x65,0x78,0x74,0x75,0x72,
    0x65,0x28,0x73,0x6f,0x75,0x72,0x63,0x65,0x54,0x65,0x78,0x5f,0x73,0x6f,0x75,0x72,
    0x63,0x65,0x53,0x6d,0x70,0x2c,0x20,0x75,0x76,0x20,0x2d,0x20,0x5f,0x35,0x34,0x29,
    0x20,0x2a,0x20,0x30,0x2e,0x33,0x31,0x36,0x32,0x31,0x35,0x39,0x39,0x31,0x39,0x37,
    0x33,0x38,0x37,0x36,0x39,0x35,0x33,0x31,0x32,0x35,0x29,0x29,0x20,0x2b,0x20,0x28,
    0x74,0x65,0x78,0x74,0x75,0x72,0x65,0x28,0x73,0x6f,0x75,0x72,0x63,0x65,0x54,0x65,
    0x78,0x5f,0x73,0x6f,0x75,0x72,0x63,0x65,0x53,0x6d,0x70,0x2c,0x20,0x75,0x76,0x20,
    0x2b,0x20,0x5f,0x37,0x38,0x29,0x20,0x2a,0x20,0x30,0x2e,0x30,0x37,0x30,0x32,0x37,
    0x30,0x30,0x30,0x31,0x38,0x38,0x38,0x32,0x37,0x35,0x31,0x34,0x36,0x34,0x38,0x34,
    0x33,0x37,0x35,0x29,0x29,0x20,0x2b,0x20,0x28,0x74,0x65,0x78,0x74,0x75,0x72,0x65,
    0x28,0x73,0x6f,0x75,0x72,0x63,0x65,0x54,0x65,0x78,0x5f,0x73,0x6f,0x75,0x72,0x63,
    0x65,0x53,0x6d,0x70,0x2c,0x20,0x75,0x76,0x20,0x2d,0x20,0x5f,0x37,0x38,0x29,0x20,
    0x2a,0x20,0x30,0x2e,0x30,0x37,0x30,0x32,0x37,0x30,0x30,0x30,0x31,0x38,0x38,0x38,
    0x32,0x37,0x35,0x31,0x34,0x36,0x34,0x38,0x34,0x33,0x37,0x35,0x29,0x3b,0x0a,0x7d,
    0x0a,0x0a,0x00,
};
/*
    #version 300 es
    precision mediump float;
    precision highp int;

    uniform highp vec4 common_params[4];
    uniform highp sampler2D sourceTex_sourceSmp;

    in highp vec2 uv;
    layout(location = 0) out highp vec4 frag_color;

    void main()
    {
        highp vec2 _29 = vec2(0.0, common_params[2].y) * max(common_params[3].z, 1.0);
        highp vec2 _54 = _29 * 1.3846149444580078125;
        highp vec2 _78 = _29 * 3.2307689189910888671875;
        frag_color = ((((texture(sourceTex_sourceSmp, uv) * 0.227026998996734619140625) + (texture(sourceTex_sourceSmp, uv + _54) * 0.316215991973876953125)) + (texture(sourceTex_sourceSmp, uv - _54) * 0.316215991973876953125)) + (texture(sourceTex_sourceSmp, uv + _78) * 0.070270001888275146484375)) + (texture(sourceTex_sourceSmp, uv - _78) * 0.070270001888275146484375);
    }

*/
static const uint8_t fs_blur_vertical_source_glsl300es[787] = {
    0x23,0x76,0x65,0x72,0x73,0x69,0x6f,0x6e,0x20,0x33,0x30,0x30,0x20,0x65,0x73,0x0a,
    0x70,0x72,0x65,0x63,0x69,0x73,0x69,0x6f,0x6e,0x20,0x6d,0x65,0x64,0x69,0x75,0x6d,
    0x70,0x20,0x66,0x6c,0x6f,0x61,0x74,0x3b,0x0a,0x70,0x72,0x65,0x63,0x69,0x73,0x69,
    0x6f,0x6e,0x20,0x68,0x69,0x67,0x68,0x70,0x20,0x69,0x6e,0x74,0x3b,0x0a,0x0a,0x75,
    0x6e,0x69,0x66,0x6f,0x72,0x6d,0x20,0x68,0x69,0x67,0x68,0x70,0x20,0x76,0x65,0x63,
    0x34,0x20,0x63,0x6f,0x6d,0x6d,0x6f,0x6e,0x5f,0x70,0x61,0x72,0x61,0x6d,0x73,0x5b,
    0x34,0x5d,0x3b,0x0a,0x75,0x6e,0x69,0x66,0x6f,0x72,0x6d,0x20,0x68,0x69,0x67,0x68,
    0x70,0x20,0x73,0x61,0x6d,0x70,0x6c,0x65,0x72,0x32,0x44,0x20,0x73,0x6f,0x75,0x72,
    0x63,0x65,0x54,0x65,0x78,0x5f,0x73,0x6f,0x75,0x72,0x63,0x65,0x53,0x6d,0x70,0x3b,
    0x0a,0x0a,0x69,0x6e,0x20,0x68,0x69,0x67,0x68,0x70,0x20,0x76,0x65,0x63,0x32,0x20,
    0x75,0x76,0x3b,0x0a,0x6c,0x61,0x79,0x6f,0x75,0x74,0x28,0x6c,0x6f,0x63,0x61,0x74,
    0x69,0x6f,0x6e,0x20,0x3d,0x20,0x30,0x29,0x20,0x6f,0x75,0x74,0x20,0x68,0x69,0x67,
    0x68,0x70,0x20,0x76,0x65,0x63,0x34,0x20,0x66,0x72,0x61,0x67,0x5f,0x63,0x6f,0x6c,
    0x6f,0x72,0x3b,0x0a,0x0a,0x76,0x6f,0x69,0x64,0x20,0x6d,0x61,0x69,0x6e,0x28,0x29,
    0x0a,0x7b,0x0a,0x20,0x20,0x20,0x20,0x68,0x69,0x67,0x68,0x70,0x20,0x76,0x65,0x63,
    0x32,0x20,0x5f,0x32,0x39,0x20,0x3d,0x20,0x76,0x65,0x63,0x32,0x28,0x30,0x2e,0x30,
    0x2c,0x20,0x63,0x6f,0x6d,0x6d,0x6f,0x6e,0x5f,0x70,0x61,0x72,0x61,0x6d,0x73,0x5b,
    0x32,0x5d,0x2e,0x79,0x29,0x20,0x2a,0x20,0x6d,0x61,0x78,0x28,0x63,0x6f,0x6d,0x6d,
    0x6f,0x6e,0x5f,0x70,0x61,0x72,0x61,0x6d,0x73,0x5b,0x33,0x5d,0x2e,0x7a,0x2c,0x20,
    0x31,0x2e,0x30,0x29,0x3b,0x0a,0x20,0x20,0x20,0x20,0x68,0x69,0x67,0x68,0x70,0x20,
    0x76,0x65,0x63,0x32,0x20,0x5f,0x35,0x34,0x20,0x3d,0x20,0x5f,0x32,0x39,0x20,0x2a,
    0x20,0x31,0x2e,0x33,0x38,0x34,0x36,0x31,0x34,0x39,0x34,0x34,0x34,0x35,0x38,0x30,
    0x30,0x37,0x38,0x31,0x32,0x35,0x3b,0x0a,0x20,0x20,0x20,0x20,0x68,0x69,0x67,0x68,
    0x70,0x20,0x76,0x65,0x63,0x32,0x20,0x5f,0x37,0x38,0x20,0x3d,0x20,0x5f,0x32,0x39,
    0x20,0x2a,0x20,0x33,0x2e,0x32,0x33,0x30,0x37,0x36,0x38,0x39,0x31,0x38,0x39,0x39,
    0x31,0x30,0x38,0x38,0x38,0x36,0x37,0x31,0x38,0x37,0x35,0x3b,0x0a,0x20,0x20,0x20,
    0x20,0x66,0x72,0x61,0x67,0x5f,0x63,0x6f,0x6c,0x6f,0x72,0x20,0x3d,0x20,0x28,0x28,
    0x28,0x28,0x74,0x65,0x78,0x74,0x75,0x72,0x65,0x28,0x73,0x6f,0x75,0x72,0x63,0x65,
    0x54,0x65,0x78,0x5f,0x73,0x6f,0x75,0x72,0x63,0x65,0x53,0x6d,0x70,0x2c,0x20,0x75,
    0x76,0x29,0x20,0x2a,0x20,0x30,0x2e,0x32,0x32,0x37,0x30,0x32,0x36,0x39,0x39,0x38,
    0x39,0x39,0x36,0x37,0x33,0x34,0x36,0x31,0x39,0x31,0x34,0x30,0x36,0x32,0x35,0x29,
    0x20,0x2b,0x20,0x28,0x74,0x65,0x78,0x74,0x75,0x72,0x65,0x28,0x73,0x6f,0x75,0x72,
    0x63,0x65,0x54,0x65,0x78,0x5f,0x73,0x6f,0x75,0x72,0x63,0x65,0x53,0x6d,0x70,0x2c,
    0x20,0x75,0x76,0x20,0x2b,0x20,0x5f,0x35,0x34,0x29,0x20,0x2a,0x20,0x30,0x2e,0x33,
    0x31,0x36,0x32,0x31,0x35,0x39,0x39,0x31,0x39,0x37,0x33,0x38,0x37,0x36,0x39,0x35,
    0x33,0x31,0x32,0x35,0x29,0x29,0x20,0x2b,0x20,0x28,0x74,0x65,0x78,0x74,0x75,0x72,
    0x65,0x28,0x73,0x6f,0x75,0x72,0x63,0x65,0x54,0x65,0x78,0x5f,0x73,0x6f,0x75,0x72,
    0x63,0x65,0x53,0x6d,0x70,0x2c,0x20,0x75,0x76,0x20,0x2d,0x20,0x5f,0x35,0x34,0x29,
    0x20,0x2a,0x20,0x30,0x2e,0x33,0x31,0x36,0x32,0x31,0x35,0x39,0x39,0x31,0x39,0x37,
    0x33,0x38,0x37,0x36,0x39,0x35,0x33,0x31,0x32,0x35,0x29,0x29,0x20,0x2b,0x20,0x28,
    0x74,0x65,0x78,0x74,0x75,0x72,0x65,0x28,0x73,0x6f,0x75,0x72,0x63,0x65,0x54,0x65,
    0x78,0x5f,0x73,0x6f,0x75,0x72,0x63,0x65,0x53,0x6d,0x70,0x2c,0x20,0x75,0x76,0x20,
    0x2b,0x20,0x5f,0x37,0x38,0x29,0x20,0x2a,0x20,0x30,0x2e,0x30,0x37,0x30,0x32,0x37,
    0x30,0x30,0x30,0x31,0x38,0x38,0x38,0x32,0x37,0x35,0x31,0x34,0x36,0x34,0x38,0x34,
    0x33,0x37,0x35,0x29,0x29,0x20,0x2b,0x20,0x28,0x74,0x65,0x78,0x74,0x75,0x72,0x65,
    0x28,0x73,0x6f,0x75,0x72,0x63,0x65,0x54,0x65,0x78,0x5f,0x73,0x6f,0x75,0x72,0x63,
    0x65,0x53,0x6d,0x70,0x2c,0x20,0x75,0x76,0x20,0x2d,0x20,0x5f,0x37,0x38,0x29,0x20,
    0x2a,0x20,0x30,0x2e,0x30,0x37,0x30,0x32,0x37,0x30,0x30,0x30,0x31,0x38,0x38,0x38,
    0x32,0x37,0x35,0x31,0x34,0x36,0x34,0x38,0x34,0x33,0x37,0x35,0x29,0x3b,0x0a,0x7d,
    0x0a,0x0a,0x00,
};
/*
    #version 300 es
    precision mediump float;
    precision highp int;

    uniform highp vec4 common_params[4];
    uniform highp sampler2D sourceTex_sourceSmp;

    in highp vec2 uv;
    layout(location = 0) out highp vec4 frag_color;

    void main()
    {
        highp vec3 _39 = max(texture(sourceTex_sourceSmp, uv).xyz * common_params[0].xyz, vec3(0.0));
        highp float _48 = max(common_params[3].x, 0.0);
        highp float _57 = max(_48 * max(common_params[3].y, 0.0), 9.9999997473787516355514526367188e-05);
        highp float _79 = max(_39.x, max(_39.y, _39.z));
        highp float _85 = clamp(_79 - (_48 - _57), 0.0, _57 * 2.0);
        frag_color = vec4((_39 * (max(((0.25 / _57) * _85) * _85, _79 - _48) / max(_79, 9.9999997473787516355514526367188e-05))) * max(common_params[3].z, 0.0), 1.0);
    }

*/
static const uint8_t fs_bloom_prefilter_source_glsl300es[763] = {
    0x23,0x76,0x65,0x72,0x73,0x69,0x6f,0x6e,0x20,0x33,0x30,0x30,0x20,0x65,0x73,0x0a,
    0x70,0x72,0x65,0x63,0x69,0x73,0x69,0x6f,0x6e,0x20,0x6d,0x65,0x64,0x69,0x75,0x6d,
    0x70,0x20,0x66,0x6c,0x6f,0x61,0x74,0x3b,0x0a,0x70,0x72,0x65,0x63,0x69,0x73,0x69,
    0x6f,0x6e,0x20,0x68,0x69,0x67,0x68,0x70,0x20,0x69,0x6e,0x74,0x3b,0x0a,0x0a,0x75,
    0x6e,0x69,0x66,0x6f,0x72,0x6d,0x20,0x68,0x69,0x67,0x68,0x70,0x20,0x76,0x65,0x63,
    0x34,0x20,0x63,0x6f,0x6d,0x6d,0x6f,0x6e,0x5f,0x70,0x61,0x72,0x61,0x6d,0x73,0x5b,
    0x34,0x5d,0x3b,0x0a,0x75,0x6e,0x69,0x66,0x6f,0x72,0x6d,0x20,0x68,0x69,0x67,0x68,
    0x70,0x20,0x73,0x61,0x6d,0x70,0x6c,0x65,0x72,0x32,0x44,0x20,0x73,0x6f,0x75,0x72,
    0x63,0x65,0x54,0x65,0x78,0x5f,0x73,0x6f,0x75,0x72,0x63,0x65,0x53,0x6d,0x70,0x3b,
    0x0a,0x0a,0x69,0x6e,0x20,0x68,0x69,0x67,0x68,0x70,0x20,0x76,0x65,0x63,0x32,0x20,
    0x75,0x76,0x3b,0x0a,0x6c,0x61,0x79,0x6f,0x75,0x74,0x28,0x6c,0x6f,0x63,0x61,0x74,
    0x69,0x6f,0x6e,0x20,0x3d,0x20,0x30,0x29,0x20,0x6f,0x75,0x74,0x20,0x68,0x69,0x67,
    0x68,0x70,0x20,0x76,0x65,0x63,0x34,0x20,0x66,0x72,0x61,0x67,0x5f,0x63,0x6f,0x6c,
    0x6f,0x72,0x3b,0x0a,0x0a,0x76,0x6f,0x69,0x64,0x20,0x6d,0x61,0x69,0x6e,0x28,0x29,
    0x0a,0x7b,0x0a,0x20,0x20,0x20,0x20,0x68,0x69,0x67,0x68,0x70,0x20,0x76,0x65,0x63,
    0x33,0x20,0x5f,0x33,0x39,0x20,0x3d,0x20,0x6d,0x61,0x78,0x28,0x74,0x65,0x78,0x74,
    0x75,0x72,0x65,0x28,0x73,0x6f,0x75,0x72,0x63,0x65,0x54,0x65,0x78,0x5f,0x73,0x6f,
    0x75,0x72,0x63,0x65,0x53,0x6d,0x70,0x2c,0x20,0x75,0x76,0x29,0x2e,0x78,0x79,0x7a,
    0x20,0x2a,0x20,0x63,0x6f,0x6d,0x6d,0x6f,0x6e,0x5f,0x70,0x61,0x72,0x61,0x6d,0x73,
    0x5b,0x30,0x5d,0x2e,0x78,0x79,0x7a,0x2c,0x20,0x76,0x65,0x63,0x33,0x28,0x30,0x2e,
    0x30,0x29,0x29,0x3b,0x0a,0x20,0x20,0x20,0x20,0x68,0x69,0x67,0x68,0x70,0x20,0x66,
    0x6c,0x6f,0x61,0x74,0x20,0x5f,0x34,0x38,0x20,0x3d,0x20,0x6d,0x61,0x78,0x28,0x63,
    0x6f,0x6d,0x6d,0x6f,0x6e,0x5f,0x70,0x61,0x72,0x61,0x6d,0x73,0x5b,0x33,0x5d,0x2e,
    0x78,0x2c,0x20,0x30,0x2e,0x30,0x29,0x3b,0x0a,0x20,0x20,0x20,0x20,0x68,0x69,0x67,
    0x68,0x70,0x20,0x66,0x6c,0x6f,0x61,0x74,0x20,0x5f,0x35,0x37,0x20,0x3d,0x20,0x6d,
    0x61,0x78,0x28,0x5f,0x34,0x38,0x20,0x2a,0x20,0x6d,0x61,0x78,0x28,0x63,0x6f,0x6d,
    0x6d,0x6f,0x6e,0x5f,0x70,0x61,0x72,0x61,0x6d,0x73,0x5b,0x33,0x5d,0x2e,0x79,0x2c,
    0x20,0x30,0x2e,0x30,0x29,0x2c,0x20,0x39,0x2e,0x39,0x39,0x39,0x39,0x39,0x39,0x37,
    0x34,0x37,0x33,0x37,0x38,0x37,0x35,0x31,0x36,0x33,0x35,0x35,0x35,0x31,0x34,0x35,
    0x32,0x36,0x33,0x36,0x37,0x31,0x38,0x38,0x65,0x2d,0x30,0x35,0x29,0x3b,0x0a,0x20,
    0x20,0x20,0x20,0x68,0x69,0x67,0x68,0x70,0x20,0x66,0x6c,0x6f,0x61,0x74,0x20,0x5f,
    0x37,0x39,0x20,0x3d,0x20,0x6d,0x61,0x78,0x28,0x5f,0x33,0x39,0x2e,0x78,0x2c,0x20,
    0x6d,0x61,0x78,0x28,0x5f,0x33,0x39,0x2e,0x79,0x2c,0x20,0x5f,0x33,0x39,0x2e,0x7a,
    0x29,0x29,0x3b,0x0a,0x20,0x20,0x20,0x20,0x68,0x69,0x67,0x68,0x70,0x20,0x66,0x6c,
    0x6f,0x61,0x74,0x20,0x5f,0x38,0x35,0x20,0x3d,0x20,0x63,0x6c,0x61,0x6d,0x70,0x28,
    0x5f,0x37,0x39,0x20,0x2d,0x20,0x28,0x5f,0x34,0x38,0x20,0x2d,0x20,0x5f,0x35,0x37,
    0x29,0x2c,0x20,0x30,0x2e,0x30,0x2c,0x20,0x5f,0x35,0x37,0x20,0x2a,0x20,0x32,0x2e,
    0x30,0x29,0x3b,0x0a,0x20,0x20,0x20,0x20,0x66,0x72,0x61,0x67,0x5f,0x63,0x6f,0x6c,
    0x6f,0x72,0x20,0x3d,0x20,0x76,0x65,0x63,0x34,0x28,0x28,0x5f,0x33,0x39,0x20,0x2a,
    0x20,0x28,0x6d,0x61,0x78,0x28,0x28,0x28,0x30,0x2e,0x32,0x35,0x20,0x2f,0x20,0x5f,
    0x35,0x37,0x29,0x20,0x2a,0x20,0x5f,0x38,0x35,0x29,0x20,0x2a,0x20,0x5f,0x38,0x35,
    0x2c,0x20,0x5f,0x37,0x39,0x20,0x2d,0x20,0x5f,0x34,0x38,0x29,0x20,0x2f,0x20,0x6d,
    0x61,0x78,0x28,0x5f,0x37,0x39,0x2c,0x20,0x39,0x2e,0x39,0x39,0x39,0x39,0x39,0x39,
    0x37,0x34,0x37,0x33,0x37,0x38,0x37,0x35,0x31,0x36,0x33,0x35,0x35,0x35,0x31,0x34,
    0x35,0x32,0x36,0x33,0x36,0x37,0x31,0x38,0x38,0x65,0x2d,0x30,0x35,0x29,0x29,0x29,
    0x20,0x2a,0x20,0x6d,0x61,0x78,0x28,0x63,0x6f,0x6d,0x6d,0x6f,0x6e,0x5f,0x70,0x61,
    0x72,0x61,0x6d,0x73,0x5b,0x33,0x5d,0x2e,0x7a,0x2c,0x20,0x30,0x2e,0x30,0x29,0x2c,
    0x20,0x31,0x2e,0x30,0x29,0x3b,0x0a,0x7d,0x0a,0x0a,0x00,
};
/*
    #version 300 es
    precision mediump float;
    precision highp int;

    uniform highp vec4 common_params[4];
    uniform highp sampler2D baseTex_baseSmp;
    uniform highp sampler2D bloomTex_bloomSmp;

    in highp vec2 uv;
    layout(location = 0) out highp vec4 frag_color;

    void main()
    {
        highp vec4 _24 = texture(baseTex_baseSmp, uv);
        highp vec4 _33 = _24 * common_params[0];
        highp vec4 _43 = texture(bloomTex_bloomSmp, uv);
        highp vec3 _47 = max(_43.xyz, vec3(0.0));
        highp float _55 = dot(_47, vec3(0.2125999927520751953125, 0.715200006961822509765625, 0.072200000286102294921875));
        highp vec3 rgb = (_33.xyz * max(common_params[3].x, 0.0)) + (mix(vec3(_55), _47, vec3(max(common_params[3].z, 0.0))) * max(common_params[3].y, 0.0));
        highp float _87 = max(common_params[3].w, 0.0);
        if (_87 > 0.0)
        {
            rgb = vec3(1.0) - exp((-max(rgb, vec3(0.0))) * _87);
        }
        frag_color = vec4(clamp(rgb, vec3(0.0), vec3(1.0)), clamp(max(_33.w, _55 * common_params[3].y), 0.0, 1.0));
    }

*/
static const uint8_t fs_bloom_composite_source_glsl300es[995] = {
    0x23,0x76,0x65,0x72,0x73,0x69,0x6f,0x6e,0x20,0x33,0x30,0x30,0x20,0x65,0x73,0x0a,
    0x70,0x72,0x65,0x63,0x69,0x73,0x69,0x6f,0x6e,0x20,0x6d,0x65,0x64,0x69,0x75,0x6d,
    0x70,0x20,0x66,0x6c,0x6f,0x61,0x74,0x3b,0x0a,0x70,0x72,0x65,0x63,0x69,0x73,0x69,
    0x6f,0x6e,0x20,0x68,0x69,0x67,0x68,0x70,0x20,0x69,0x6e,0x74,0x3b,0x0a,0x0a,0x75,
    0x6e,0x69,0x66,0x6f,0x72,0x6d,0x20,0x68,0x69,0x67,0x68,0x70,0x20,0x76,0x65,0x63,
    0x34,0x20,0x63,0x6f,0x6d,0x6d,0x6f,0x6e,0x5f,0x70,0x61,0x72,0x61,0x6d,0x73,0x5b,
    0x34,0x5d,0x3b,0x0a,0x75,0x6e,0x69,0x66,0x6f,0x72,0x6d,0x20,0x68,0x69,0x67,0x68,
    0x70,0x20,0x73,0x61,0x6d,0x70,0x6c,0x65,0x72,0x32,0x44,0x20,0x62,0x61,0x73,0x65,
    0x54,0x65,0x78,0x5f,0x62,0x61,0x73,0x65,0x53,0x6d,0x70,0x3b,0x0a,0x75,0x6e,0x69,
    0x66,0x6f,0x72,0x6d,0x20,0x68,0x69,0x67,0x68,0x70,0x20,0x73,0x61,0x6d,0x70,0x6c,
    0x65,0x72,0x32,0x44,0x20,0x62,0x6c,0x6f,0x6f,0x6d,0x54,0x65,0x78,0x5f,0x62,0x6c,
    0x6f,0x6f,0x6d,0x53,0x6d,0x70,0x3b,0x0a,0x0a,0x69,0x6e,0x20,0x68,0x69,0x67,0x68,
    0x70,0x20,0x76,0x65,0x63,0x32,0x20,0x75,0x76,0x3b,0x0a,0x6c,0x61,0x79,0x6f,0x75,
    0x74,0x28,0x6c,0x6f,0x63,0x61,0x74,0x69,0x6f,0x6e,0x20,0x3d,0x20,0x30,0x29,0x20,
    0x6f,0x75,0x74,0x20,0x68,0x69,0x67,0x68,0x70,0x20,0x76,0x65,0x63,0x34,0x20,0x66,
    0x72,0x61,0x67,0x5f,0x63,0x6f,0x6c,0x6f,0x72,0x3b,0x0a,0x0a,0x76,0x6f,0x69,0x64,
    0x20,0x6d,0x61,0x69,0x6e,0x28,0x29,0x0a,0x7b,0x0a,0x20,0x20,0x20,0x20,0x68,0x69,
    0x67,0x68,0x70,0x20,0x76,0x65,0x63,0x34,0x20,0x5f,0x32,0x34,0x20,0x3d,0x20,0x74,
    0x65,0x78,0x74,0x75,0x72,0x65,0x28,0x62,0x61,0x73,0x65,0x54,0x65,0x78,0x5f,0x62,
    0x61,0x73,0x65,0x53,0x6d,0x70,0x2c,0x20,0x75,0x76,0x29,0x3b,0x0a,0x20,0x20,0x20,
    0x20,0x68,0x69,0x67,0x68,0x70,0x20,0x76,0x65,0x63,0x34,0x20,0x5f,0x33,0x33,0x20,
    0x3d,0x20,0x5f,0x32,0x34,0x20,0x2a,0x20,0x63,0x6f,0x6d,0x6d,0x6f,0x6e,0x5f,0x70,
    0x61,0x72,0x61,0x6d,0x73,0x5b,0x30,0x5d,0x3b,0x0a,0x20,0x20,0x20,0x20,0x68,0x69,
    0x67,0x68,0x70,0x20,0x76,0x65,0x63,0x34,0x20,0x5f,0x34,0x33,0x20,0x3d,0x20,0x74,
    0x65,0x78,0x74,0x75,0x72,0x65,0x28,0x62,0x6c,0x6f,0x6f,0x6d,0x54,0x65,0x78,0x5f,
    0x62,0x6c,0x6f,0x6f,0x6d,0x53,0x6d,0x70,0x2c,0x20,0x75,0x76,0x29,0x3b,0x0a,0x20,
    0x20,0x20,0x20,0x68,0x69,0x67,0x68,0x70,0x20,0x76,0x65,0x63,0x33,0x20,0x5f,0x34,
    0x37,0x20,0x3d,0x20,0x6d,0x61,0x78,0x28,0x5f,0x34,0x33,0x2e,0x78,0x79,0x7a,0x2c,
    0x20,0x76,0x65,0x63,0x33,0x28,0x30,0x2e,0x30,0x29,0x29,0x3b,0x0a,0x20,0x20,0x20,
    0x20,0x68,0x69,0x67,0x68,0x70,0x20,0x66,0x6c,0x6f,0x61,0x74,0x20,0x5f,0x35,0x35,
    0x20,0x3d,0x20,0x64,0x6f,0x74,0x28,0x5f,0x34,0x37,0x2c,0x20,0x76,0x65,0x63,0x33,
    0x28,0x30,0x2e,0x32,0x31,0x32,0x35,0x39,0x39,0x39,0x39,0x32,0x37,0x35,0x32,0x30,
    0x37,0x35,0x31,0x39,0x35,0x33,0x31,0x32,0x35,0x2c,0x20,0x30,0x2e,0x37,0x31,0x35,
    0x32,0x30,0x30,0x30,0x30,0x36,0x39,0x36,0x31,0x38,0x32,0x32,0x35,0x30,0x39,0x37,
    0x36,0x35,0x36,0x32,0x35,0x2c,0x20,0x30,0x2e,0x30,0x37,0x32,0x32,0x30,0x30,0x30,
    0x30,0x30,0x32,0x38,0x36,0x31,0x30,0x32,0x32,0x39,0x34,0x39,0x32,0x31,0x38,0x37,
    0x35,0x29,0x29,0x3b,0x0a,0x20,0x20,0x20,0x20,0x68,0x69,0x67,0x68,0x70,0x20,0x76,
    0x65,0x63,0x33,0x20,0x72,0x67,0x62,0x20,0x3d,0x20,0x28,0x5f,0x33,0x33,0x2e,0x78,
    0x79,0x7a,0x20,0x2a,0x20,0x6d,0x61,0x78,0x28,0x63,0x6f,0x6d,0x6d,0x6f,0x6e,0x5f,
    0x70,0x61,0x72,0x61,0x6d,0x73,0x5b,0x33,0x5d,0x2e,0x78,0x2c,0x20,0x30,0x2e,0x30,
    0x29,0x29,0x20,0x2b,0x20,0x28,0x6d,0x69,0x78,0x28,0x76,0x65,0x63,0x33,0x28,0x5f,
    0x35,0x35,0x29,0x2c,0x20,0x5f,0x34,0x37,0x2c,0x20,0x76,0x65,0x63,0x33,0x28,0x6d,
    0x61,0x78,0x28,0x63,0x6f,0x6d,0x6d,0x6f,0x6e,0x5f,0x70,0x61,0x72,0x61,0x6d,0x73,
    0x5b,0x33,0x5d,0x2e,0x7a,0x2c,0x20,0x30,0x2e,0x30,0x29,0x29,0x29,0x20,0x2a,0x20,
    0x6d,0x61,0x78,0x28,0x63,0x6f,0x6d,0x6d,0x6f,0x6e,0x5f,0x70,0x61,0x72,0x61,0x6d,
    0x73,0x5b,0x33,0x5d,0x2e,0x79,0x2c,0x20,0x30,0x2e,0x30,0x29,0x29,0x3b,0x0a,0x20,
    0x20,0x20,0x20,0x68,0x69,0x67,0x68,0x70,0x20,0x66,0x6c,0x6f,0x61,0x74,0x20,0x5f,
    0x38,0x37,0x20,0x3d,0x20,0x6d,0x61,0x78,0x28,0x63,0x6f,0x6d,0x6d,0x6f,0x6e,0x5f,
    0x70,0x61,0x72,0x61,0x6d,0x73,0x5b,0x33,0x5d,0x2e,0x77,0x2c,0x20,0x30,0x2e,0x30,
    0x29,0x3b,0x0a,0x20,0x20,0x20,0x20,0x69,0x66,0x20,0x28,0x5f,0x38,0x37,0x20,0x3e,
    0x20,0x30,0x2e,0x30,0x29,0x0a,0x20,0x20,0x20,0x20,0x7b,0x0a,0x20,0x20,0x20,0x20,
    0x20,0x20,0x20,0x20,0x72,0x67,0x62,0x20,0x3d,0x20,0x76,0x65,0x63,0x33,0x28,0x31,
    0x2e,0x30,0x29,0x20,0x2d,0x20,0x65,0x78,0x70,0x28,0x28,0x2d,0x6d,0x61,0x78,0x28,
    0x72,0x67,0x62,0x2c,0x20,0x76,0x65,0x63,0x33,0x28,0x30,0x2e,0x30,0x29,0x29,0x29,
    0x20,0x2a,0x20,0x5f,0x38,0x37,0x29,0x3b,0x0a,0x20,0x20,0x20,0x20,0x7d,0x0a,0x20,
    0x20,0x20,0x20,0x66,0x72,0x61,0x67,0x5f,0x63,0x6f,0x6c,0x6f,0x72,0x20,0x3d,0x20,
    0x76,0x65,0x63,0x34,0x28,0x63,0x6c,0x61,0x6d,0x70,0x28,0x72,0x67,0x62,0x2c,0x20,
    0x76,0x65,0x63,0x33,0x28,0x30,0x2e,0x30,0x29,0x2c,0x20,0x76,0x65,0x63,0x33,0x28,
    0x31,0x2e,0x30,0x29,0x29,0x2c,0x20,0x63,0x6c,0x61,0x6d,0x70,0x28,0x6d,0x61,0x78,
    0x28,0x5f,0x33,0x33,0x2e,0x77,0x2c,0x20,0x5f,0x35,0x35,0x20,0x2a,0x20,0x63,0x6f,
    0x6d,0x6d,0x6f,0x6e,0x5f,0x70,0x61,0x72,0x61,0x6d,0x73,0x5b,0x33,0x5d,0x2e,0x79,
    0x29,0x2c,0x20,0x30,0x2e,0x30,0x2c,0x20,0x31,0x2e,0x30,0x29,0x29,0x3b,0x0a,0x7d,
    0x0a,0x0a,0x00,
};
/*
    static float4 gl_Position;
    static float2 position;
    static float2 uv;
    static float2 texcoord0;

    struct SPIRV_Cross_Input
    {
        float2 position : TEXCOORD0;
        float2 texcoord0 : TEXCOORD1;
    };

    struct SPIRV_Cross_Output
    {
        float2 uv : TEXCOORD0;
        float4 gl_Position : SV_Position;
    };

    void vert_main()
    {
        gl_Position = float4(position, 0.0f, 1.0f);
        uv = texcoord0;
    }

    SPIRV_Cross_Output main(SPIRV_Cross_Input stage_input)
    {
        position = stage_input.position;
        texcoord0 = stage_input.texcoord0;
        vert_main();
        SPIRV_Cross_Output stage_output;
        stage_output.gl_Position = gl_Position;
        stage_output.uv = uv;
        return stage_output;
    }
*/
static const uint8_t vs_source_hlsl5[665] = {
    0x73,0x74,0x61,0x74,0x69,0x63,0x20,0x66,0x6c,0x6f,0x61,0x74,0x34,0x20,0x67,0x6c,
    0x5f,0x50,0x6f,0x73,0x69,0x74,0x69,0x6f,0x6e,0x3b,0x0a,0x73,0x74,0x61,0x74,0x69,
    0x63,0x20,0x66,0x6c,0x6f,0x61,0x74,0x32,0x20,0x70,0x6f,0x73,0x69,0x74,0x69,0x6f,
    0x6e,0x3b,0x0a,0x73,0x74,0x61,0x74,0x69,0x63,0x20,0x66,0x6c,0x6f,0x61,0x74,0x32,
    0x20,0x75,0x76,0x3b,0x0a,0x73,0x74,0x61,0x74,0x69,0x63,0x20,0x66,0x6c,0x6f,0x61,
    0x74,0x32,0x20,0x74,0x65,0x78,0x63,0x6f,0x6f,0x72,0x64,0x30,0x3b,0x0a,0x0a,0x73,
    0x74,0x72,0x75,0x63,0x74,0x20,0x53,0x50,0x49,0x52,0x56,0x5f,0x43,0x72,0x6f,0x73,
    0x73,0x5f,0x49,0x6e,0x70,0x75,0x74,0x0a,0x7b,0x0a,0x20,0x20,0x20,0x20,0x66,0x6c,
    0x6f,0x61,0x74,0x32,0x20,0x70,0x6f,0x73,0x69,0x74,0x69,0x6f,0x6e,0x20,0x3a,0x20,
    0x54,0x45,0x58,0x43,0x4f,0x4f,0x52,0x44,0x30,0x3b,0x0a,0x20,0x20,0x20,0x20,0x66,
    0x6c,0x6f,0x61,0x74,0x32,0x20,0x74,0x65,0x78,0x63,0x6f,0x6f,0x72,0x64,0x30,0x20,
    0x3a,0x20,0x54,0x45,0x58,0x43,0x4f,0x4f,0x52,0x44,0x31,0x3b,0x0a,0x7d,0x3b,0x0a,
    0x0a,0x73,0x74,0x72,0x75,0x63,0x74,0x20,0x53,0x50,0x49,0x52,0x56,0x5f,0x43,0x72,
    0x6f,0x73,0x73,0x5f,0x4f,0x75,0x74,0x70,0x75,0x74,0x0a,0x7b,0x0a,0x20,0x20,0x20,
    0x20,0x66,0x6c,0x6f,0x61,0x74,0x32,0x20,0x75,0x76,0x20,0x3a,0x20,0x54,0x45,0x58,
    0x43,0x4f,0x4f,0x52,0x44,0x30,0x3b,0x0a,0x20,0x20,0x20,0x20,0x66,0x6c,0x6f,0x61,
    0x74,0x34,0x20,0x67,0x6c,0x5f,0x50,0x6f,0x73,0x69,0x74,0x69,0x6f,0x6e,0x20,0x3a,
    0x20,0x53,0x56,0x5f,0x50,0x6f,0x73,0x69,0x74,0x69,0x6f,0x6e,0x3b,0x0a,0x7d,0x3b,
    0x0a,0x0a,0x76,0x6f,0x69,0x64,0x20,0x76,0x65,0x72,0x74,0x5f,0x6d,0x61,0x69,0x6e,
    0x28,0x29,0x0a,0x7b,0x0a,0x20,0x20,0x20,0x20,0x67,0x6c,0x5f,0x50,0x6f,0x73,0x69,
    0x74,0x69,0x6f,0x6e,0x20,0x3d,0x20,0x66,0x6c,0x6f,0x61,0x74,0x34,0x28,0x70,0x6f,
    0x73,0x69,0x74,0x69,0x6f,0x6e,0x2c,0x20,0x30,0x2e,0x30,0x66,0x2c,0x20,0x31,0x2e,
    0x30,0x66,0x29,0x3b,0x0a,0x20,0x20,0x20,0x20,0x75,0x76,0x20,0x3d,0x20,0x74,0x65,
    0x78,0x63,0x6f,0x6f,0x72,0x64,0x30,0x3b,0x0a,0x7d,0x0a,0x0a,0x53,0x50,0x49,0x52,
    0x56,0x5f,0x43,0x72,0x6f,0x73,0x73,0x5f,0x4f,0x75,0x74,0x70,0x75,0x74,0x20,0x6d,
    0x61,0x69,0x6e,0x28,0x53,0x50,0x49,0x52,0x56,0x5f,0x43,0x72,0x6f,0x73,0x73,0x5f,
    0x49,0x6e,0x70,0x75,0x74,0x20,0x73,0x74,0x61,0x67,0x65,0x5f,0x69,0x6e,0x70,0x75,
    0x74,0x29,0x0a,0x7b,0x0a,0x20,0x20,0x20,0x20,0x70,0x6f,0x73,0x69,0x74,0x69,0x6f,
    0x6e,0x20,0x3d,0x20,0x73,0x74,0x61,0x67,0x65,0x5f,0x69,0x6e,0x70,0x75,0x74,0x2e,
    0x70,0x6f,0x73,0x69,0x74,0x69,0x6f,0x6e,0x3b,0x0a,0x20,0x20,0x20,0x20,0x74,0x65,
    0x78,0x63,0x6f,0x6f,0x72,0x64,0x30,0x20,0x3d,0x20,0x73,0x74,0x61,0x67,0x65,0x5f,
    0x69,0x6e,0x70,0x75,0x74,0x2e,0x74,0x65,0x78,0x63,0x6f,0x6f,0x72,0x64,0x30,0x3b,
    0x0a,0x20,0x20,0x20,0x20,0x76,0x65,0x72,0x74,0x5f,0x6d,0x61,0x69,0x6e,0x28,0x29,
    0x3b,0x0a,0x20,0x20,0x20,0x20,0x53,0x50,0x49,0x52,0x56,0x5f,0x43,0x72,0x6f,0x73,
    0x73,0x5f,0x4f,0x75,0x74,0x70,0x75,0x74,0x20,0x73,0x74,0x61,0x67,0x65,0x5f,0x6f,
    0x75,0x74,0x70,0x75,0x74,0x3b,0x0a,0x20,0x20,0x20,0x20,0x73,0x74,0x61,0x67,0x65,
    0x5f,0x6f,0x75,0x74,0x70,0x75,0x74,0x2e,0x67,0x6c,0x5f,0x50,0x6f,0x73,0x69,0x74,
    0x69,0x6f,0x6e,0x20,0x3d,0x20,0x67,0x6c,0x5f,0x50,0x6f,0x73,0x69,0x74,0x69,0x6f,
    0x6e,0x3b,0x0a,0x20,0x20,0x20,0x20,0x73,0x74,0x61,0x67,0x65,0x5f,0x6f,0x75,0x74,
    0x70,0x75,0x74,0x2e,0x75,0x76,0x20,0x3d,0x20,0x75,0x76,0x3b,0x0a,0x20,0x20,0x20,
    0x20,0x72,0x65,0x74,0x75,0x72,0x6e,0x20,0x73,0x74,0x61,0x67,0x65,0x5f,0x6f,0x75,
    0x74,0x70,0x75,0x74,0x3b,0x0a,0x7d,0x0a,0x00,
};
/*
    cbuffer common_params : register(b0)
    {
        float4 _27_color : packoffset(c0);
        float4 _27_resolution : packoffset(c1);
        float4 _27_texel : packoffset(c2);
        float4 _27_options : packoffset(c3);
    };

    Texture2D<float4> sourceTex : register(t0);
    SamplerState sourceSmp : register(s0);

    static float4 frag_color;
    static float2 uv;

    struct SPIRV_Cross_Input
    {
        float2 uv : TEXCOORD0;
    };

    struct SPIRV_Cross_Output
    {
        float4 frag_color : SV_Target0;
    };

    void frag_main()
    {
        frag_color = sourceTex.Sample(sourceSmp, uv) * _27_color;
    }

    SPIRV_Cross_Output main(SPIRV_Cross_Input stage_input)
    {
        uv = stage_input.uv;
        frag_main();
        SPIRV_Cross_Output stage_output;
        stage_output.frag_color = frag_color;
        return stage_output;
    }
*/
static const uint8_t fs_copy_source_hlsl5[751] = {
    0x63,0x62,0x75,0x66,0x66,0x65,0x72,0x20,0x63,0x6f,0x6d,0x6d,0x6f,0x6e,0x5f,0x70,
    0x61,0x72,0x61,0x6d,0x73,0x20,0x3a,0x20,0x72,0x65,0x67,0x69,0x73,0x74,0x65,0x72,
    0x28,0x62,0x30,0x29,0x0a,0x7b,0x0a,0x20,0x20,0x20,0x20,0x66,0x6c,0x6f,0x61,0x74,
    0x34,0x20,0x5f,0x32,0x37,0x5f,0x63,0x6f,0x6c,0x6f,0x72,0x20,0x3a,0x20,0x70,0x61,
    0x63,0x6b,0x6f,0x66,0x66,0x73,0x65,0x74,0x28,0x63,0x30,0x29,0x3b,0x0a,0x20,0x20,
    0x20,0x20,0x66,0x6c,0x6f,0x61,0x74,0x34,0x20,0x5f,0x32,0x37,0x5f,0x72,0x65,0x73,
    0x6f,0x6c,0x75,0x74,0x69,0x6f,0x6e,0x20,0x3a,0x20,0x70,0x61,0x63,0x6b,0x6f,0x66,
    0x66,0x73,0x65,0x74,0x28,0x63,0x31,0x29,0x3b,0x0a,0x20,0x20,0x20,0x20,0x66,0x6c,
    0x6f,0x61,0x74,0x34,0x20,0x5f,0x32,0x37,0x5f,0x74,0x65,0x78,0x65,0x6c,0x20,0x3a,
    0x20,0x70,0x61,0x63,0x6b,0x6f,0x66,0x66,0x73,0x65,0x74,0x28,0x63,0x32,0x29,0x3b,
    0x0a,0x20,0x20,0x20,0x20,0x66,0x6c,0x6f,0x61,0x74,0x34,0x20,0x5f,0x32,0x37,0x5f,
    0x6f,0x70,0x74,0x69,0x6f,0x6e,0x73,0x20,0x3a,0x20,0x70,0x61,0x63,0x6b,0x6f,0x66,
    0x66,0x73,0x65,0x74,0x28,0x63,0x33,0x29,0x3b,0x0a,0x7d,0x3b,0x0a,0x0a,0x54,0x65,
    0x78,0x74,0x75,0x72,0x65,0x32,0x44,0x3c,0x66,0x6c,0x6f,0x61,0x74,0x34,0x3e,0x20,
    0x73,0x6f,0x75,0x72,0x63,0x65,0x54,0x65,0x78,0x20,0x3a,0x20,0x72,0x65,0x67,0x69,
    0x73,0x74,0x65,0x72,0x28,0x74,0x30,0x29,0x3b,0x0a,0x53,0x61,0x6d,0x70,0x6c,0x65,
    0x72,0x53,0x74,0x61,0x74,0x65,0x20,0x73,0x6f,0x75,0x72,0x63,0x65,0x53,0x6d,0x70,
    0x20,0x3a,0x20,0x72,0x65,0x67,0x69,0x73,0x74,0x65,0x72,0x28,0x73,0x30,0x29,0x3b,
    0x0a,0x0a,0x73,0x74,0x61,0x74,0x69,0x63,0x20,0x66,0x6c,0x6f,0x61,0x74,0x34,0x20,
    0x66,0x72,0x61,0x67,0x5f,0x63,0x6f,0x6c,0x6f,0x72,0x3b,0x0a,0x73,0x74,0x61,0x74,
    0x69,0x63,0x20,0x66,0x6c,0x6f,0x61,0x74,0x32,0x20,0x75,0x76,0x3b,0x0a,0x0a,0x73,
    0x74,0x72,0x75,0x63,0x74,0x20,0x53,0x50,0x49,0x52,0x56,0x5f,0x43,0x72,0x6f,0x73,
    0x73,0x5f,0x49,0x6e,0x70,0x75,0x74,0x0a,0x7b,0x0a,0x20,0x20,0x20,0x20,0x66,0x6c,
    0x6f,0x61,0x74,0x32,0x20,0x75,0x76,0x20,0x3a,0x20,0x54,0x45,0x58,0x43,0x4f,0x4f,
    0x52,0x44,0x30,0x3b,0x0a,0x7d,0x3b,0x0a,0x0a,0x73,0x74,0x72,0x75,0x63,0x74,0x20,
    0x53,0x50,0x49,0x52,0x56,0x5f,0x43,0x72,0x6f,0x73,0x73,0x5f,0x4f,0x75,0x74,0x70,
    0x75,0x74,0x0a,0x7b,0x0a,0x20,0x20,0x20,0x20,0x66,0x6c,0x6f,0x61,0x74,0x34,0x20,
    0x66,0x72,0x61,0x67,0x5f,0x63,0x6f,0x6c,0x6f,0x72,0x20,0x3a,0x20,0x53,0x56,0x5f,
    0x54,0x61,0x72,0x67,0x65,0x74,0x30,0x3b,0x0a,0x7d,0x3b,0x0a,0x0a,0x76,0x6f,0x69,
    0x64,0x20,0x66,0x72,0x61,0x67,0x5f,0x6d,0x61,0x69,0x6e,0x28,0x29,0x0a,0x7b,0x0a,
    0x20,0x20,0x20,0x20,0x66,0x72,0x61,0x67,0x5f,0x63,0x6f,0x6c,0x6f,0x72,0x20,0x3d,
    0x20,0x73,0x6f,0x75,0x72,0x63,0x65,0x54,0x65,0x78,0x2e,0x53,0x61,0x6d,0x70,0x6c,
    0x65,0x28,0x73,0x6f,0x75,0x72,0x63,0x65,0x53,0x6d,0x70,0x2c,0x20,0x75,0x76,0x29,
    0x20,0x2a,0x20,0x5f,0x32,0x37,0x5f,0x63,0x6f,0x6c,0x6f,0x72,0x3b,0x0a,0x7d,0x0a,
    0x0a,0x53,0x50,0x49,0x52,0x56,0x5f,0x43,0x72,0x6f,0x73,0x73,0x5f,0x4f,0x75,0x74,
    0x70,0x75,0x74,0x20,0x6d,0x61,0x69,0x6e,0x28,0x53,0x50,0x49,0x52,0x56,0x5f,0x43,
    0x72,0x6f,0x73,0x73,0x5f,0x49,0x6e,0x70,0x75,0x74,0x20,0x73,0x74,0x61,0x67,0x65,
    0x5f,0x69,0x6e,0x70,0x75,0x74,0x29,0x0a,0x7b,0x0a,0x20,0x20,0x20,0x20,0x75,0x76,
    0x20,0x3d,0x20,0x73,0x74,0x61,0x67,0x65,0x5f,0x69,0x6e,0x70,0x75,0x74,0x2e,0x75,
    0x76,0x3b,0x0a,0x20,0x20,0x20,0x20,0x66,0x72,0x61,0x67,0x5f,0x6d,0x61,0x69,0x6e,
    0x28,0x29,0x3b,0x0a,0x20,0x20,0x20,0x20,0x53,0x50,0x49,0x52,0x56,0x5f,0x43,0x72,
    0x6f,0x73,0x73,0x5f,0x4f,0x75,0x74,0x70,0x75,0x74,0x20,0x73,0x74,0x61,0x67,0x65,
    0x5f,0x6f,0x75,0x74,0x70,0x75,0x74,0x3b,0x0a,0x20,0x20,0x20,0x20,0x73,0x74,0x61,
    0x67,0x65,0x5f,0x6f,0x75,0x74,0x70,0x75,0x74,0x2e,0x66,0x72,0x61,0x67,0x5f,0x63,
    0x6f,0x6c,0x6f,0x72,0x20,0x3d,0x20,0x66,0x72,0x61,0x67,0x5f,0x63,0x6f,0x6c,0x6f,
    0x72,0x3b,0x0a,0x20,0x20,0x20,0x20,0x72,0x65,0x74,0x75,0x72,0x6e,0x20,0x73,0x74,
    0x61,0x67,0x65,0x5f,0x6f,0x75,0x74,0x70,0x75,0x74,0x3b,0x0a,0x7d,0x0a,0x00,
};
/*
    cbuffer common_params : register(b0)
    {
        float4 _12_color : packoffset(c0);
        float4 _12_resolution : packoffset(c1);
        float4 _12_texel : packoffset(c2);
        float4 _12_options : packoffset(c3);
    };


    static float4 frag_color;
    static float2 uv;

    struct SPIRV_Cross_Input
    {
        float2 uv : TEXCOORD0;
    };

    struct SPIRV_Cross_Output
    {
        float4 frag_color : SV_Target0;
    };

    void frag_main()
    {
        frag_color = _12_color;
    }

    SPIRV_Cross_Output main(SPIRV_Cross_Input stage_input)
    {
        uv = stage_input.uv;
        frag_main();
        SPIRV_Cross_Output stage_output;
        stage_output.frag_color = frag_color;
        return stage_output;
    }
*/
static const uint8_t fs_clear_source_hlsl5[634] = {
    0x63,0x62,0x75,0x66,0x66,0x65,0x72,0x20,0x63,0x6f,0x6d,0x6d,0x6f,0x6e,0x5f,0x70,
    0x61,0x72,0x61,0x6d,0x73,0x20,0x3a,0x20,0x72,0x65,0x67,0x69,0x73,0x74,0x65,0x72,
    0x28,0x62,0x30,0x29,0x0a,0x7b,0x0a,0x20,0x20,0x20,0x20,0x66,0x6c,0x6f,0x61,0x74,
    0x34,0x20,0x5f,0x31,0x32,0x5f,0x63,0x6f,0x6c,0x6f,0x72,0x20,0x3a,0x20,0x70,0x61,
    0x63,0x6b,0x6f,0x66,0x66,0x73,0x65,0x74,0x28,0x63,0x30,0x29,0x3b,0x0a,0x20,0x20,
    0x20,0x20,0x66,0x6c,0x6f,0x61,0x74,0x34,0x20,0x5f,0x31,0x32,0x5f,0x72,0x65,0x73,
    0x6f,0x6c,0x75,0x74,0x69,0x6f,0x6e,0x20,0x3a,0x20,0x70,0x61,0x63,0x6b,0x6f,0x66,
    0x66,0x73,0x65,0x74,0x28,0x63,0x31,0x29,0x3b,0x0a,0x20,0x20,0x20,0x20,0x66,0x6c,
    0x6f,0x61,0x74,0x34,0x20,0x5f,0x31,0x32,0x5f,0x74,0x65,0x78,0x65,0x6c,0x20,0x3a,
    0x20,0x70,0x61,0x63,0x6b,0x6f,0x66,0x66,0x73,0x65,0x74,0x28,0x63,0x32,0x29,0x3b,
    0x0a,0x20,0x20,0x20,0x20,0x66,0x6c,0x6f,0x61,0x74,0x34,0x20,0x5f,0x31,0x32,0x5f,
    0x6f,0x70,0x74,0x69,0x6f,0x6e,0x73,0x20,0x3a,0x20,0x70,0x61,0x63,0x6b,0x6f,0x66,
    0x66,0x73,0x65,0x74,0x28,0x63,0x33,0x29,0x3b,0x0a,0x7d,0x3b,0x0a,0x0a,0x0a,0x73,
    0x74,0x61,0x74,0x69,0x63,0x20,0x66,0x6c,0x6f,0x61,0x74,0x34,0x20,0x66,0x72,0x61,
    0x67,0x5f,0x63,0x6f,0x6c,0x6f,0x72,0x3b,0x0a,0x73,0x74,0x61,0x74,0x69,0x63,0x20,
    0x66,0x6c,0x6f,0x61,0x74,0x32,0x20,0x75,0x76,0x3b,0x0a,0x0a,0x73,0x74,0x72,0x75,
    0x63,0x74,0x20,0x53,0x50,0x49,0x52,0x56,0x5f,0x43,0x72,0x6f,0x73,0x73,0x5f,0x49,
    0x6e,0x70,0x75,0x74,0x0a,0x7b,0x0a,0x20,0x20,0x20,0x20,0x66,0x6c,0x6f,0x61,0x74,
    0x32,0x20,0x75,0x76,0x20,0x3a,0x20,0x54,0x45,0x58,0x43,0x4f,0x4f,0x52,0x44,0x30,
    0x3b,0x0a,0x7d,0x3b,0x0a,0x0a,0x73,0x74,0x72,0x75,0x63,0x74,0x20,0x53,0x50,0x49,
    0x52,0x56,0x5f,0x43,0x72,0x6f,0x73,0x73,0x5f,0x4f,0x75,0x74,0x70,0x75,0x74,0x0a,
    0x7b,0x0a,0x20,0x20,0x20,0x20,0x66,0x6c,0x6f,0x61,0x74,0x34,0x20,0x66,0x72,0x61,
    0x67,0x5f,0x63,0x6f,0x6c,0x6f,0x72,0x20,0x3a,0x20,0x53,0x56,0x5f,0x54,0x61,0x72,
    0x67,0x65,0x74,0x30,0x3b,0x0a,0x7d,0x3b,0x0a,0x0a,0x76,0x6f,0x69,0x64,0x20,0x66,
    0x72,0x61,0x67,0x5f,0x6d,0x61,0x69,0x6e,0x28,0x29,0x0a,0x7b,0x0a,0x20,0x20,0x20,
    0x20,0x66,0x72,0x61,0x67,0x5f,0x63,0x6f,0x6c,0x6f,0x72,0x20,0x3d,0x20,0x5f,0x31,
    0x32,0x5f,0x63,0x6f,0x6c,0x6f,0x72,0x3b,0x0a,0x7d,0x0a,0x0a,0x53,0x50,0x49,0x52,
    0x56,0x5f,0x43,0x72,0x6f,0x73,0x73,0x5f,0x4f,0x75,0x74,0x70,0x75,0x74,0x20,0x6d,
    0x61,0x69,0x6e,0x28,0x53,0x50,0x49,0x52,0x56,0x5f,0x43,0x72,0x6f,0x73,0x73,0x5f,
    0x49,0x6e,0x70,0x75,0x74,0x20,0x73,0x74,0x61,0x67,0x65,0x5f,0x69,0x6e,0x70,0x75,
    0x74,0x29,0x0a,0x7b,0x0a,0x20,0x20,0x20,0x20,0x75,0x76,0x20,0x3d,0x20,0x73,0x74,
    0x61,0x67,0x65,0x5f,0x69,0x6e,0x70,0x75,0x74,0x2e,0x75,0x76,0x3b,0x0a,0x20,0x20,
    0x20,0x20,0x66,0x72,0x61,0x67,0x5f,0x6d,0x61,0x69,0x6e,0x28,0x29,0x3b,0x0a,0x20,
    0x20,0x20,0x20,0x53,0x50,0x49,0x52,0x56,0x5f,0x43,0x72,0x6f,0x73,0x73,0x5f,0x4f,
    0x75,0x74,0x70,0x75,0x74,0x20,0x73,0x74,0x61,0x67,0x65,0x5f,0x6f,0x75,0x74,0x70,
    0x75,0x74,0x3b,0x0a,0x20,0x20,0x20,0x20,0x73,0x74,0x61,0x67,0x65,0x5f,0x6f,0x75,
    0x74,0x70,0x75,0x74,0x2e,0x66,0x72,0x61,0x67,0x5f,0x63,0x6f,0x6c,0x6f,0x72,0x20,
    0x3d,0x20,0x66,0x72,0x61,0x67,0x5f,0x63,0x6f,0x6c,0x6f,0x72,0x3b,0x0a,0x20,0x20,
    0x20,0x20,0x72,0x65,0x74,0x75,0x72,0x6e,0x20,0x73,0x74,0x61,0x67,0x65,0x5f,0x6f,
    0x75,0x74,0x70,0x75,0x74,0x3b,0x0a,0x7d,0x0a,0x00,
};
/*
    cbuffer common_params : register(b0)
    {
        float4 _27_color : packoffset(c0);
        float4 _27_resolution : packoffset(c1);
        float4 _27_texel : packoffset(c2);
        float4 _27_options : packoffset(c3);
    };

    Texture2D<float4> sourceTex : register(t0);
    SamplerState sourceSmp : register(s0);

    static float4 frag_color;
    static float2 uv;

    struct SPIRV_Cross_Input
    {
        float2 uv : TEXCOORD0;
    };

    struct SPIRV_Cross_Output
    {
        float4 frag_color : SV_Target0;
    };

    void frag_main()
    {
        frag_color = (sourceTex.Sample(sourceSmp, uv) * _27_color) * _27_options.x;
    }

    SPIRV_Cross_Output main(SPIRV_Cross_Input stage_input)
    {
        uv = stage_input.uv;
        frag_main();
        SPIRV_Cross_Output stage_output;
        stage_output.frag_color = frag_color;
        return stage_output;
    }
*/
static const uint8_t fs_multiply_source_hlsl5[769] = {
    0x63,0x62,0x75,0x66,0x66,0x65,0x72,0x20,0x63,0x6f,0x6d,0x6d,0x6f,0x6e,0x5f,0x70,
    0x61,0x72,0x61,0x6d,0x73,0x20,0x3a,0x20,0x72,0x65,0x67,0x69,0x73,0x74,0x65,0x72,
    0x28,0x62,0x30,0x29,0x0a,0x7b,0x0a,0x20,0x20,0x20,0x20,0x66,0x6c,0x6f,0x61,0x74,
    0x34,0x20,0x5f,0x32,0x37,0x5f,0x63,0x6f,0x6c,0x6f,0x72,0x20,0x3a,0x20,0x70,0x61,
    0x63,0x6b,0x6f,0x66,0x66,0x73,0x65,0x74,0x28,0x63,0x30,0x29,0x3b,0x0a,0x20,0x20,
    0x20,0x20,0x66,0x6c,0x6f,0x61,0x74,0x34,0x20,0x5f,0x32,0x37,0x5f,0x72,0x65,0x73,
    0x6f,0x6c,0x75,0x74,0x69,0x6f,0x6e,0x20,0x3a,0x20,0x70,0x61,0x63,0x6b,0x6f,0x66,
    0x66,0x73,0x65,0x74,0x28,0x63,0x31,0x29,0x3b,0x0a,0x20,0x20,0x20,0x20,0x66,0x6c,
    0x6f,0x61,0x74,0x34,0x20,0x5f,0x32,0x37,0x5f,0x74,0x65,0x78,0x65,0x6c,0x20,0x3a,
    0x20,0x70,0x61,0x63,0x6b,0x6f,0x66,0x66,0x73,0x65,0x74,0x28,0x63,0x32,0x29,0x3b,
    0x0a,0x20,0x20,0x20,0x20,0x66,0x6c,0x6f,0x61,0x74,0x34,0x20,0x5f,0x32,0x37,0x5f,
    0x6f,0x70,0x74,0x69,0x6f,0x6e,0x73,0x20,0x3a,0x20,0x70,0x61,0x63,0x6b,0x6f,0x66,
    0x66,0x73,0x65,0x74,0x28,0x63,0x33,0x29,0x3b,0x0a,0x7d,0x3b,0x0a,0x0a,0x54,0x65,
    0x78,0x74,0x75,0x72,0x65,0x32,0x44,0x3c,0x66,0x6c,0x6f,0x61,0x74,0x34,0x3e,0x20,
    0x73,0x6f,0x75,0x72,0x63,0x65,0x54,0x65,0x78,0x20,0x3a,0x20,0x72,0x65,0x67,0x69,
    0x73,0x74,0x65,0x72,0x28,0x74,0x30,0x29,0x3b,0x0a,0x53,0x61,0x6d,0x70,0x6c,0x65,
    0x72,0x53,0x74,0x61,0x74,0x65,0x20,0x73,0x6f,0x75,0x72,0x63,0x65,0x53,0x6d,0x70,
    0x20,0x3a,0x20,0x72,0x65,0x67,0x69,0x73,0x74,0x65,0x72,0x28,0x73,0x30,0x29,0x3b,
    0x0a,0x0a,0x73,0x74,0x61,0x74,0x69,0x63,0x20,0x66,0x6c,0x6f,0x61,0x74,0x34,0x20,
    0x66,0x72,0x61,0x67,0x5f,0x63,0x6f,0x6c,0x6f,0x72,0x3b,0x0a,0x73,0x74,0x61,0x74,
    0x69,0x63,0x20,0x66,0x6c,0x6f,0x61,0x74,0x32,0x20,0x75,0x76,0x3b,0x0a,0x0a,0x73,
    0x74,0x72,0x75,0x63,0x74,0x20,0x53,0x50,0x49,0x52,0x56,0x5f,0x43,0x72,0x6f,0x73,
    0x73,0x5f,0x49,0x6e,0x70,0x75,0x74,0x0a,0x7b,0x0a,0x20,0x20,0x20,0x20,0x66,0x6c,
    0x6f,0x61,0x74,0x32,0x20,0x75,0x76,0x20,0x3a,0x20,0x54,0x45,0x58,0x43,0x4f,0x4f,
    0x52,0x44,0x30,0x3b,0x0a,0x7d,0x3b,0x0a,0x0a,0x73,0x74,0x72,0x75,0x63,0x74,0x20,
    0x53,0x50,0x49,0x52,0x56,0x5f,0x43,0x72,0x6f,0x73,0x73,0x5f,0x4f,0x75,0x74,0x70,
    0x75,0x74,0x0a,0x7b,0x0a,0x20,0x20,0x20,0x20,0x66,0x6c,0x6f,0x61,0x74,0x34,0x20,
    0x66,0x72,0x61,0x67,0x5f,0x63,0x6f,0x6c,0x6f,0x72,0x20,0x3a,0x20,0x53,0x56,0x5f,
    0x54,0x61,0x72,0x67,0x65,0x74,0x30,0x3b,0x0a,0x7d,0x3b,0x0a,0x0a,0x76,0x6f,0x69,
    0x64,0x20,0x66,0x72,0x61,0x67,0x5f,0x6d,0x61,0x69,0x6e,0x28,0x29,0x0a,0x7b,0x0a,
    0x20,0x20,0x20,0x20,0x66,0x72,0x61,0x67,0x5f,0x63,0x6f,0x6c,0x6f,0x72,0x20,0x3d,
    0x20,0x28,0x73,0x6f,0x75,0x72,0x63,0x65,0x54,0x65,0x78,0x2e,0x53,0x61,0x6d,0x70,
    0x6c,0x65,0x28,0x73,0x6f,0x75,0x72,0x63,0x65,0x53,0x6d,0x70,0x2c,0x20,0x75,0x76,
    0x29,0x20,0x2a,0x20,0x5f,0x32,0x37,0x5f,0x63,0x6f,0x6c,0x6f,0x72,0x29,0x20,0x2a,
    0x20,0x5f,0x32,0x37,0x5f,0x6f,0x70,0x74,0x69,0x6f,0x6e,0x73,0x2e,0x78,0x3b,0x0a,
    0x7d,0x0a,0x0a,0x53,0x50,0x49,0x52,0x56,0x5f,0x43,0x72,0x6f,0x73,0x73,0x5f,0x4f,
    0x75,0x74,0x70,0x75,0x74,0x20,0x6d,0x61,0x69,0x6e,0x28,0x53,0x50,0x49,0x52,0x56,
    0x5f,0x43,0x72,0x6f,0x73,0x73,0x5f,0x49,0x6e,0x70,0x75,0x74,0x20,0x73,0x74,0x61,
    0x67,0x65,0x5f,0x69,0x6e,0x70,0x75,0x74,0x29,0x0a,0x7b,0x0a,0x20,0x20,0x20,0x20,
    0x75,0x76,0x20,0x3d,0x20,0x73,0x74,0x61,0x67,0x65,0x5f,0x69,0x6e,0x70,0x75,0x74,
    0x2e,0x75,0x76,0x3b,0x0a,0x20,0x20,0x20,0x20,0x66,0x72,0x61,0x67,0x5f,0x6d,0x61,
    0x69,0x6e,0x28,0x29,0x3b,0x0a,0x20,0x20,0x20,0x20,0x53,0x50,0x49,0x52,0x56,0x5f,
    0x43,0x72,0x6f,0x73,0x73,0x5f,0x4f,0x75,0x74,0x70,0x75,0x74,0x20,0x73,0x74,0x61,
    0x67,0x65,0x5f,0x6f,0x75,0x74,0x70,0x75,0x74,0x3b,0x0a,0x20,0x20,0x20,0x20,0x73,
    0x74,0x61,0x67,0x65,0x5f,0x6f,0x75,0x74,0x70,0x75,0x74,0x2e,0x66,0x72,0x61,0x67,
    0x5f,0x63,0x6f,0x6c,0x6f,0x72,0x20,0x3d,0x20,0x66,0x72,0x61,0x67,0x5f,0x63,0x6f,
    0x6c,0x6f,0x72,0x3b,0x0a,0x20,0x20,0x20,0x20,0x72,0x65,0x74,0x75,0x72,0x6e,0x20,
    0x73,0x74,0x61,0x67,0x65,0x5f,0x6f,0x75,0x74,0x70,0x75,0x74,0x3b,0x0a,0x7d,0x0a,
    0x00,
};
/*
    cbuffer common_params : register(b0)
    {
        float4 _41_color : packoffset(c0);
        float4 _41_resolution : packoffset(c1);
        float4 _41_texel : packoffset(c2);
        float4 _41_options : packoffset(c3);
    };

    Texture2D<float4> sourceTex : register(t0);
    SamplerState sourceSmp : register(s0);

    static float2 uv;
    static float4 frag_color;

    struct SPIRV_Cross_Input
    {
        float2 uv : TEXCOORD0;
    };

    struct SPIRV_Cross_Output
    {
        float4 frag_color : SV_Target0;
    };

    float luminance(float3 rgb)
    {
        return dot(rgb, float3(0.2125999927520751953125f, 0.715200006961822509765625f, 0.072200000286102294921875f));
    }

    void frag_main()
    {
        float4 _47 = sourceTex.Sample(sourceSmp, uv) * _41_color;
        float3 param = _47.xyz;
        frag_color = _47 * step(_41_options.y, luminance(param));
    }

    SPIRV_Cross_Output main(SPIRV_Cross_Input stage_input)
    {
        uv = stage_input.uv;
        frag_main();
        SPIRV_Cross_Output stage_output;
        stage_output.frag_color = frag_color;
        return stage_output;
    }
*/
static const uint8_t fs_threshold_source_hlsl5[988] = {
    0x63,0x62,0x75,0x66,0x66,0x65,0x72,0x20,0x63,0x6f,0x6d,0x6d,0x6f,0x6e,0x5f,0x70,
    0x61,0x72,0x61,0x6d,0x73,0x20,0x3a,0x20,0x72,0x65,0x67,0x69,0x73,0x74,0x65,0x72,
    0x28,0x62,0x30,0x29,0x0a,0x7b,0x0a,0x20,0x20,0x20,0x20,0x66,0x6c,0x6f,0x61,0x74,
    0x34,0x20,0x5f,0x34,0x31,0x5f,0x63,0x6f,0x6c,0x6f,0x72,0x20,0x3a,0x20,0x70,0x61,
    0x63,0x6b,0x6f,0x66,0x66,0x73,0x65,0x74,0x28,0x63,0x30,0x29,0x3b,0x0a,0x20,0x20,
    0x20,0x20,0x66,0x6c,0x6f,0x61,0x74,0x34,0x20,0x5f,0x34,0x31,0x5f,0x72,0x65,0x73,
    0x6f,0x6c,0x75,0x74,0x69,0x6f,0x6e,0x20,0x3a,0x20,0x70,0x61,0x63,0x6b,0x6f,0x66,
    0x66,0x73,0x65,0x74,0x28,0x63,0x31,0x29,0x3b,0x0a,0x20,0x20,0x20,0x20,0x66,0x6c,
    0x6f,0x61,0x74,0x34,0x20,0x5f,0x34,0x31,0x5f,0x74,0x65,0x78,0x65,0x6c,0x20,0x3a,
    0x20,0x70,0x61,0x63,0x6b,0x6f,0x66,0x66,0x73,0x65,0x74,0x28,0x63,0x32,0x29,0x3b,
    0x0a,0x20,0x20,0x20,0x20,0x66,0x6c,0x6f,0x61,0x74,0x34,0x20,0x5f,0x34,0x31,0x5f,
    0x6f,0x70,0x74,0x69,0x6f,0x6e,0x73,0x20,0x3a,0x20,0x70,0x61,0x63,0x6b,0x6f,0x66,
    0x66,0x73,0x65,0x74,0x28,0x63,0x33,0x29,0x3b,0x0a,0x7d,0x3b,0x0a,0x0a,0x54,0x65,
    0x78,0x74,0x75,0x72,0x65,0x32,0x44,0x3c,0x66,0x6c,0x6f,0x61,0x74,0x34,0x3e,0x20,
    0x73,0x6f,0x75,0x72,0x63,0x65,0x54,0x65,0x78,0x20,0x3a,0x20,0x72,0x65,0x67,0x69,
    0x73,0x74,0x65,0x72,0x28,0x74,0x30,0x29,0x3b,0x0a,0x53,0x61,0x6d,0x70,0x6c,0x65,
    0x72,0x53,0x74,0x61,0x74,0x65,0x20,0x73,0x6f,0x75,0x72,0x63,0x65,0x53,0x6d,0x70,
    0x20,0x3a,0x20,0x72,0x65,0x67,0x69,0x73,0x74,0x65,0x72,0x28,0x73,0x30,0x29,0x3b,
    0x0a,0x0a,0x73,0x74,0x61,0x74,0x69,0x63,0x20,0x66,0x6c,0x6f,0x61,0x74,0x32,0x20,
    0x75,0x76,0x3b,0x0a,0x73,0x74,0x61,0x74,0x69,0x63,0x20,0x66,0x6c,0x6f,0x61,0x74,
    0x34,0x20,0x66,0x72,0x61,0x67,0x5f,0x63,0x6f,0x6c,0x6f,0x72,0x3b,0x0a,0x0a,0x73,
    0x74,0x72,0x75,0x63,0x74,0x20,0x53,0x50,0x49,0x52,0x56,0x5f,0x43,0x72,0x6f,0x73,
    0x73,0x5f,0x49,0x6e,0x70,0x75,0x74,0x0a,0x7b,0x0a,0x20,0x20,0x20,0x20,0x66,0x6c,
    0x6f,0x61,0x74,0x32,0x20,0x75,0x76,0x20,0x3a,0x20,0x54,0x45,0x58,0x43,0x4f,0x4f,
    0x52,0x44,0x30,0x3b,0x0a,0x7d,0x3b,0x0a,0x0a,0x73,0x74,0x72,0x75,0x63,0x74,0x20,
    0x53,0x50,0x49,0x52,0x56,0x5f,0x43,0x72,0x6f,0x73,0x73,0x5f,0x4f,0x75,0x74,0x70,
    0x75,0x74,0x0a,0x7b,0x0a,0x20,0x20,0x20,0x20,0x66,0x6c,0x6f,0x61,0x74,0x34,0x20,
    0x66,0x72,0x61,0x67,0x5f,0x63,0x6f,0x6c,0x6f,0x72,0x20,0x3a,0x20,0x53,0x56,0x5f,
    0x54,0x61,0x72,0x67,0x65,0x74,0x30,0x3b,0x0a,0x7d,0x3b,0x0a,0x0a,0x66,0x6c,0x6f,
    0x61,0x74,0x20,0x6c,0x75,0x6d,0x69,0x6e,0x61,0x6e,0x63,0x65,0x28,0x66,0x6c,0x6f,
    0x61,0x74,0x33,0x20,0x72,0x67,0x62,0x29,0x0a,0x7b,0x0a,0x20,0x20,0x20,0x20,0x72,
    0x65,0x74,0x75,0x72,0x6e,0x20,0x64,0x6f,0x74,0x28,0x72,0x67,0x62,0x2c,0x20,0x66,
    0x6c,0x6f,0x61,0x74,0x33,0x28,0x30,0x2e,0x32,0x31,0x32,0x35,0x39,0x39,0x39,0x39,
    0x32,0x37,0x35,0x32,0x30,0x37,0x35,0x31,0x39,0x35,0x33,0x31,0x32,0x35,0x66,0x2c,
    0x20,0x30,0x2e,0x37,0x31,0x35,0x32,0x30,0x30,0x30,0x30,0x36,0x39,0x36,0x31,0x38,
    0x32,0x32,0x35,0x30,0x39,0x37,0x36,0x35,0x36,0x32,0x35,0x66,0x2c,0x20,0x30,0x2e,
    0x30,0x37,0x32,0x32,0x30,0x30,0x30,0x30,0x30,0x32,0x38,0x36,0x31,0x30,0x32,0x32,
    0x39,0x34,0x39,0x32,0x31,0x38,0x37,0x35,0x66,0x29,0x29,0x3b,0x0a,0x7d,0x0a,0x0a,
    0x76,0x6f,0x69,0x64,0x20,0x66,0x72,0x61,0x67,0x5f,0x6d,0x61,0x69,0x6e,0x28,0x29,
    0x0a,0x7b,0x0a,0x20,0x20,0x20,0x20,0x66,0x6c,0x6f,0x61,0x74,0x34,0x20,0x5f,0x34,
    0x37,0x20,0x3d,0x20,0x73,0x6f,0x75,0x72,0x63,0x65,0x54,0x65,0x78,0x2e,0x53,0x61,
    0x6d,0x70,0x6c,0x65,0x28,0x73,0x6f,0x75,0x72,0x63,0x65,0x53,0x6d,0x70,0x2c,0x20,
    0x75,0x76,0x29,0x20,0x2a,0x20,0x5f,0x34,0x31,0x5f,0x63,0x6f,0x6c,0x6f,0x72,0x3b,
    0x0a,0x20,0x20,0x20,0x20,0x66,0x6c,0x6f,0x61,0x74,0x33,0x20,0x70,0x61,0x72,0x61,
    0x6d,0x20,0x3d,0x20,0x5f,0x34,0x37,0x2e,0x78,0x79,0x7a,0x3b,0x0a,0x20,0x20,0x20,
    0x20,0x66,0x72,0x61,0x67,0x5f,0x63,0x6f,0x6c,0x6f,0x72,0x20,0x3d,0x20,0x5f,0x34,
    0x37,0x20,0x2a,0x20,0x73,0x74,0x65,0x70,0x28,0x5f,0x34,0x31,0x5f,0x6f,0x70,0x74,
    0x69,0x6f,0x6e,0x73,0x2e,0x79,0x2c,0x20,0x6c,0x75,0x6d,0x69,0x6e,0x61,0x6e,0x63,
    0x65,0x28,0x70,0x61,0x72,0x61,0x6d,0x29,0x29,0x3b,0x0a,0x7d,0x0a,0x0a,0x53,0x50,
    0x49,0x52,0x56,0x5f,0x43,0x72,0x6f,0x73,0x73,0x5f,0x4f,0x75,0x74,0x70,0x75,0x74,
    0x20,0x6d,0x61,0x69,0x6e,0x28,0x53,0x50,0x49,0x52,0x56,0x5f,0x43,0x72,0x6f,0x73,
    0x73,0x5f,0x49,0x6e,0x70,0x75,0x74,0x20,0x73,0x74,0x61,0x67,0x65,0x5f,0x69,0x6e,
    0x70,0x75,0x74,0x29,0x0a,0x7b,0x0a,0x20,0x20,0x20,0x20,0x75,0x76,0x20,0x3d,0x20,
    0x73,0x74,0x61,0x67,0x65,0x5f,0x69,0x6e,0x70,0x75,0x74,0x2e,0x75,0x76,0x3b,0x0a,
    0x20,0x20,0x20,0x20,0x66,0x72,0x61,0x67,0x5f,0x6d,0x61,0x69,0x6e,0x28,0x29,0x3b,
    0x0a,0x20,0x20,0x20,0x20,0x53,0x50,0x49,0x52,0x56,0x5f,0x43,0x72,0x6f,0x73,0x73,
    0x5f,0x4f,0x75,0x74,0x70,0x75,0x74,0x20,0x73,0x74,0x61,0x67,0x65,0x5f,0x6f,0x75,
    0x74,0x70,0x75,0x74,0x3b,0x0a,0x20,0x20,0x20,0x20,0x73,0x74,0x61,0x67,0x65,0x5f,
    0x6f,0x75,0x74,0x70,0x75,0x74,0x2e,0x66,0x72,0x61,0x67,0x5f,0x63,0x6f,0x6c,0x6f,
    0x72,0x20,0x3d,0x20,0x66,0x72,0x61,0x67,0x5f,0x63,0x6f,0x6c,0x6f,0x72,0x3b,0x0a,
    0x20,0x20,0x20,0x20,0x72,0x65,0x74,0x75,0x72,0x6e,0x20,0x73,0x74,0x61,0x67,0x65,
    0x5f,0x6f,0x75,0x74,0x70,0x75,0x74,0x3b,0x0a,0x7d,0x0a,0x00,
};
/*
    cbuffer common_params : register(b0)
    {
        float4 _27_color : packoffset(c0);
        float4 _27_resolution : packoffset(c1);
        float4 _27_texel : packoffset(c2);
        float4 _27_options : packoffset(c3);
    };

    Texture2D<float4> sourceTex : register(t0);
    SamplerState sourceSmp : register(s0);

    static float2 uv;
    static float4 frag_color;

    struct SPIRV_Cross_Input
    {
        float2 uv : TEXCOORD0;
    };

    struct SPIRV_Cross_Output
    {
        float4 frag_color : SV_Target0;
    };

    void frag_main()
    {
        float4 _33 = sourceTex.Sample(sourceSmp, uv) * _27_color;
        float _43 = dot(_33.xyz, float3(0.2125999927520751953125f, 0.715200006961822509765625f, 0.072200000286102294921875f));
        frag_color = float4(_43, _43, _43, _33.w);
    }

    SPIRV_Cross_Output main(SPIRV_Cross_Input stage_input)
    {
        uv = stage_input.uv;
        frag_main();
        SPIRV_Cross_Output stage_output;
        stage_output.frag_color = frag_color;
        return stage_output;
    }
*/
static const uint8_t fs_luminance_source_hlsl5[921] = {
    0x63,0x62,0x75,0x66,0x66,0x65,0x72,0x20,0x63,0x6f,0x6d,0x6d,0x6f,0x6e,0x5f,0x70,
    0x61,0x72,0x61,0x6d,0x73,0x20,0x3a,0x20,0x72,0x65,0x67,0x69,0x73,0x74,0x65,0x72,
    0x28,0x62,0x30,0x29,0x0a,0x7b,0x0a,0x20,0x20,0x20,0x20,0x66,0x6c,0x6f,0x61,0x74,
    0x34,0x20,0x5f,0x32,0x37,0x5f,0x63,0x6f,0x6c,0x6f,0x72,0x20,0x3a,0x20,0x70,0x61,
    0x63,0x6b,0x6f,0x66,0x66,0x73,0x65,0x74,0x28,0x63,0x30,0x29,0x3b,0x0a,0x20,0x20,
    0x20,0x20,0x66,0x6c,0x6f,0x61,0x74,0x34,0x20,0x5f,0x32,0x37,0x5f,0x72,0x65,0x73,
    0x6f,0x6c,0x75,0x74,0x69,0x6f,0x6e,0x20,0x3a,0x20,0x70,0x61,0x63,0x6b,0x6f,0x66,
    0x66,0x73,0x65,0x74,0x28,0x63,0x31,0x29,0x3b,0x0a,0x20,0x20,0x20,0x20,0x66,0x6c,
    0x6f,0x61,0x74,0x34,0x20,0x5f,0x32,0x37,0x5f,0x74,0x65,0x78,0x65,0x6c,0x20,0x3a,
    0x20,0x70,0x61,0x63,0x6b,0x6f,0x66,0x66,0x73,0x65,0x74,0x28,0x63,0x32,0x29,0x3b,
    0x0a,0x20,0x20,0x20,0x20,0x66,0x6c,0x6f,0x61,0x74,0x34,0x20,0x5f,0x32,0x37,0x5f,
    0x6f,0x70,0x74,0x69,0x6f,0x6e,0x73,0x20,0x3a,0x20,0x70,0x61,0x63,0x6b,0x6f,0x66,
    0x66,0x73,0x65,0x74,0x28,0x63,0x33,0x29,0x3b,0x0a,0x7d,0x3b,0x0a,0x0a,0x54,0x65,
    0x78,0x74,0x75,0x72,0x65,0x32,0x44,0x3c,0x66,0x6c,0x6f,0x61,0x74,0x34,0x3e,0x20,
    0x73,0x6f,0x75,0x72,0x63,0x65,0x54,0x65,0x78,0x20,0x3a,0x20,0x72,0x65,0x67,0x69,
    0x73,0x74,0x65,0x72,0x28,0x74,0x30,0x29,0x3b,0x0a,0x53,0x61,0x6d,0x70,0x6c,0x65,
    0x72,0x53,0x74,0x61,0x74,0x65,0x20,0x73,0x6f,0x75,0x72,0x63,0x65,0x53,0x6d,0x70,
    0x20,0x3a,0x20,0x72,0x65,0x67,0x69,0x73,0x74,0x65,0x72,0x28,0x73,0x30,0x29,0x3b,
    0x0a,0x0a,0x73,0x74,0x61,0x74,0x69,0x63,0x20,0x66,0x6c,0x6f,0x61,0x74,0x32,0x20,
    0x75,0x76,0x3b,0x0a,0x73,0x74,0x61,0x74,0x69,0x63,0x20,0x66,0x6c,0x6f,0x61,0x74,
    0x34,0x20,0x66,0x72,0x61,0x67,0x5f,0x63,0x6f,0x6c,0x6f,0x72,0x3b,0x0a,0x0a,0x73,
    0x74,0x72,0x75,0x63,0x74,0x20,0x53,0x50,0x49,0x52,0x56,0x5f,0x43,0x72,0x6f,0x73,
    0x73,0x5f,0x49,0x6e,0x70,0x75,0x74,0x0a,0x7b,0x0a,0x20,0x20,0x20,0x20,0x66,0x6c,
    0x6f,0x61,0x74,0x32,0x20,0x75,0x76,0x20,0x3a,0x20,0x54,0x45,0x58,0x43,0x4f,0x4f,
    0x52,0x44,0x30,0x3b,0x0a,0x7d,0x3b,0x0a,0x0a,0x73,0x74,0x72,0x75,0x63,0x74,0x20,
    0x53,0x50,0x49,0x52,0x56,0x5f,0x43,0x72,0x6f,0x73,0x73,0x5f,0x4f,0x75,0x74,0x70,
    0x75,0x74,0x0a,0x7b,0x0a,0x20,0x20,0x20,0x20,0x66,0x6c,0x6f,0x61,0x74,0x34,0x20,
    0x66,0x72,0x61,0x67,0x5f,0x63,0x6f,0x6c,0x6f,0x72,0x20,0x3a,0x20,0x53,0x56,0x5f,
    0x54,0x61,0x72,0x67,0x65,0x74,0x30,0x3b,0x0a,0x7d,0x3b,0x0a,0x0a,0x76,0x6f,0x69,
    0x64,0x20,0x66,0x72,0x61,0x67,0x5f,0x6d,0x61,0x69,0x6e,0x28,0x29,0x0a,0x7b,0x0a,
    0x20,0x20,0x20,0x20,0x66,0x6c,0x6f,0x61,0x74,0x34,0x20,0x5f,0x33,0x33,0x20,0x3d,
    0x20,0x73,0x6f,0x75,0x72,0x63,0x65,0x54,0x65,0x78,0x2e,0x53,0x61,0x6d,0x70,0x6c,
    0x65,0x28,0x73,0x6f,0x75,0x72,0x63,0x65,0x53,0x6d,0x70,0x2c,0x20,0x75,0x76,0x29,
    0x20,0x2a,0x20,0x5f,0x32,0x37,0x5f,0x63,0x6f,0x6c,0x6f,0x72,0x3b,0x0a,0x20,0x20,
    0x20,0x20,0x66,0x6c,0x6f,0x61,0x74,0x20,0x5f,0x34,0x33,0x20,0x3d,0x20,0x64,0x6f,
    0x74,0x28,0x5f,0x33,0x33,0x2e,0x78,0x79,0x7a,0x2c,0x20,0x66,0x6c,0x6f,0x61,0x74,
    0x33,0x28,0x30,0x2e,0x32,0x31,0x32,0x35,0x39,0x39,0x39,0x39,0x32,0x37,0x35,0x32,
    0x30,0x37,0x35,0x31,0x39,0x35,0x33,0x31,0x32,0x35,0x66,0x2c,0x20,0x30,0x2e,0x37,
    0x31,0x35,0x32,0x30,0x30,0x30,0x30,0x36,0x39,0x36,0x31,0x38,0x32,0x32,0x35,0x30,
    0x39,0x37,0x36,0x35,0x36,0x32,0x35,0x66,0x2c,0x20,0x30,0x2e,0x30,0x37,0x32,0x32,
    0x30,0x30,0x30,0x30,0x30,0x32,0x38,0x36,0x31,0x30,0x32,0x32,0x39,0x34,0x39,0x32,
    0x31,0x38,0x37,0x35,0x66,0x29,0x29,0x3b,0x0a,0x20,0x20,0x20,0x20,0x66,0x72,0x61,
    0x67,0x5f,0x63,0x6f,0x6c,0x6f,0x72,0x20,0x3d,0x20,0x66,0x6c,0x6f,0x61,0x74,0x34,
    0x28,0x5f,0x34,0x33,0x2c,0x20,0x5f,0x34,0x33,0x2c,0x20,0x5f,0x34,0x33,0x2c,0x20,
    0x5f,0x33,0x33,0x2e,0x77,0x29,0x3b,0x0a,0x7d,0x0a,0x0a,0x53,0x50,0x49,0x52,0x56,
    0x5f,0x43,0x72,0x6f,0x73,0x73,0x5f,0x4f,0x75,0x74,0x70,0x75,0x74,0x20,0x6d,0x61,
    0x69,0x6e,0x28,0x53,0x50,0x49,0x52,0x56,0x5f,0x43,0x72,0x6f,0x73,0x73,0x5f,0x49,
    0x6e,0x70,0x75,0x74,0x20,0x73,0x74,0x61,0x67,0x65,0x5f,0x69,0x6e,0x70,0x75,0x74,
    0x29,0x0a,0x7b,0x0a,0x20,0x20,0x20,0x20,0x75,0x76,0x20,0x3d,0x20,0x73,0x74,0x61,
    0x67,0x65,0x5f,0x69,0x6e,0x70,0x75,0x74,0x2e,0x75,0x76,0x3b,0x0a,0x20,0x20,0x20,
    0x20,0x66,0x72,0x61,0x67,0x5f,0x6d,0x61,0x69,0x6e,0x28,0x29,0x3b,0x0a,0x20,0x20,
    0x20,0x20,0x53,0x50,0x49,0x52,0x56,0x5f,0x43,0x72,0x6f,0x73,0x73,0x5f,0x4f,0x75,
    0x74,0x70,0x75,0x74,0x20,0x73,0x74,0x61,0x67,0x65,0x5f,0x6f,0x75,0x74,0x70,0x75,
    0x74,0x3b,0x0a,0x20,0x20,0x20,0x20,0x73,0x74,0x61,0x67,0x65,0x5f,0x6f,0x75,0x74,
    0x70,0x75,0x74,0x2e,0x66,0x72,0x61,0x67,0x5f,0x63,0x6f,0x6c,0x6f,0x72,0x20,0x3d,
    0x20,0x66,0x72,0x61,0x67,0x5f,0x63,0x6f,0x6c,0x6f,0x72,0x3b,0x0a,0x20,0x20,0x20,
    0x20,0x72,0x65,0x74,0x75,0x72,0x6e,0x20,0x73,0x74,0x61,0x67,0x65,0x5f,0x6f,0x75,
    0x74,0x70,0x75,0x74,0x3b,0x0a,0x7d,0x0a,0x00,
};
/*
    cbuffer common_params : register(b0)
    {
        float4 _41_color : packoffset(c0);
        float4 _41_resolution : packoffset(c1);
        float4 _41_texel : packoffset(c2);
        float4 _41_options : packoffset(c3);
    };

    Texture2D<float4> sourceTex : register(t0);
    SamplerState sourceSmp : register(s0);
    Texture2D<float4> compareTex : register(t1);
    SamplerState compareSmp : register(s1);

    static float2 uv;
    static float4 frag_color;

    struct SPIRV_Cross_Input
    {
        float2 uv : TEXCOORD0;
    };

    struct SPIRV_Cross_Output
    {
        float4 frag_color : SV_Target0;
    };

    void frag_main()
    {
        frag_color = abs(sourceTex.Sample(sourceSmp, uv) - compareTex.Sample(compareSmp, uv)) * _41_options.x;
    }

    SPIRV_Cross_Output main(SPIRV_Cross_Input stage_input)
    {
        uv = stage_input.uv;
        frag_main();
        SPIRV_Cross_Output stage_output;
        stage_output.frag_color = frag_color;
        return stage_output;
    }
*/
static const uint8_t fs_difference_source_hlsl5[881] = {
    0x63,0x62,0x75,0x66,0x66,0x65,0x72,0x20,0x63,0x6f,0x6d,0x6d,0x6f,0x6e,0x5f,0x70,
    0x61,0x72,0x61,0x6d,0x73,0x20,0x3a,0x20,0x72,0x65,0x67,0x69,0x73,0x74,0x65,0x72,
    0x28,0x62,0x30,0x29,0x0a,0x7b,0x0a,0x20,0x20,0x20,0x20,0x66,0x6c,0x6f,0x61,0x74,
    0x34,0x20,0x5f,0x34,0x31,0x5f,0x63,0x6f,0x6c,0x6f,0x72,0x20,0x3a,0x20,0x70,0x61,
    0x63,0x6b,0x6f,0x66,0x66,0x73,0x65,0x74,0x28,0x63,0x30,0x29,0x3b,0x0a,0x20,0x20,
    0x20,0x20,0x66,0x6c,0x6f,0x61,0x74,0x34,0x20,0x5f,0x34,0x31,0x5f,0x72,0x65,0x73,
    0x6f,0x6c,0x75,0x74,0x69,0x6f,0x6e,0x20,0x3a,0x20,0x70,0x61,0x63,0x6b,0x6f,0x66,
    0x66,0x73,0x65,0x74,0x28,0x63,0x31,0x29,0x3b,0x0a,0x20,0x20,0x20,0x20,0x66,0x6c,
    0x6f,0x61,0x74,0x34,0x20,0x5f,0x34,0x31,0x5f,0x74,0x65,0x78,0x65,0x6c,0x20,0x3a,
    0x20,0x70,0x61,0x63,0x6b,0x6f,0x66,0x66,0x73,0x65,0x74,0x28,0x63,0x32,0x29,0x3b,
    0x0a,0x20,0x20,0x20,0x20,0x66,0x6c,0x6f,0x61,0x74,0x34,0x20,0x5f,0x34,0x31,0x5f,
    0x6f,0x70,0x74,0x69,0x6f,0x6e,0x73,0x20,0x3a,0x20,0x70,0x61,0x63,0x6b,0x6f,0x66,
    0x66,0x73,0x65,0x74,0x28,0x63,0x33,0x29,0x3b,0x0a,0x7d,0x3b,0x0a,0x0a,0x54,0x65,
    0x78,0x74,0x75,0x72,0x65,0x32,0x44,0x3c,0x66,0x6c,0x6f,0x61,0x74,0x34,0x3e,0x20,
    0x73,0x6f,0x75,0x72,0x63,0x65,0x54,0x65,0x78,0x20,0x3a,0x20,0x72,0x65,0x67,0x69,
    0x73,0x74,0x65,0x72,0x28,0x74,0x30,0x29,0x3b,0x0a,0x53,0x61,0x6d,0x70,0x6c,0x65,
    0x72,0x53,0x74,0x61,0x74,0x65,0x20,0x73,0x6f,0x75,0x72,0x63,0x65,0x53,0x6d,0x70,
    0x20,0x3a,0x20,0x72,0x65,0x67,0x69,0x73,0x74,0x65,0x72,0x28,0x73,0x30,0x29,0x3b,
    0x0a,0x54,0x65,0x78,0x74,0x75,0x72,0x65,0x32,0x44,0x3c,0x66,0x6c,0x6f,0x61,0x74,
    0x34,0x3e,0x20,0x63,0x6f,0x6d,0x70,0x61,0x72,0x65,0x54,0x65,0x78,0x20,0x3a,0x20,
    0x72,0x65,0x67,0x69,0x73,0x74,0x65,0x72,0x28,0x74,0x31,0x29,0x3b,0x0a,0x53,0x61,
    0x6d,0x70,0x6c,0x65,0x72,0x53,0x74,0x61,0x74,0x65,0x20,0x63,0x6f,0x6d,0x70,0x61,
    0x72,0x65,0x53,0x6d,0x70,0x20,0x3a,0x20,0x72,0x65,0x67,0x69,0x73,0x74,0x65,0x72,
    0x28,0x73,0x31,0x29,0x3b,0x0a,0x0a,0x73,0x74,0x61,0x74,0x69,0x63,0x20,0x66,0x6c,
    0x6f,0x61,0x74,0x32,0x20,0x75,0x76,0x3b,0x0a,0x73,0x74,0x61,0x74,0x69,0x63,0x20,
    0x66,0x6c,0x6f,0x61,0x74,0x34,0x20,0x66,0x72,0x61,0x67,0x5f,0x63,0x6f,0x6c,0x6f,
    0x72,0x3b,0x0a,0x0a,0x73,0x74,0x72,0x75,0x63,0x74,0x20,0x53,0x50,0x49,0x52,0x56,
    0x5f,0x43,0x72,0x6f,0x73,0x73,0x5f,0x49,0x6e,0x70,0x75,0x74,0x0a,0x7b,0x0a,0x20,
    0x20,0x20,0x20,0x66,0x6c,0x6f,0x61,0x74,0x32,0x20,0x75,0x76,0x20,0x3a,0x20,0x54,
    0x45,0x58,0x43,0x4f,0x4f,0x52,0x44,0x30,0x3b,0x0a,0x7d,0x3b,0x0a,0x0a,0x73,0x74,
    0x72,0x75,0x63,0x74,0x20,0x53,0x50,0x49,0x52,0x56,0x5f,0x43,0x72,0x6f,0x73,0x73,
    0x5f,0x4f,0x75,0x74,0x70,0x75,0x74,0x0a,0x7b,0x0a,0x20,0x20,0x20,0x20,0x66,0x6c,
    0x6f,0x61,0x74,0x34,0x20,0x66,0x72,0x61,0x67,0x5f,0x63,0x6f,0x6c,0x6f,0x72,0x20,
    0x3a,0x20,0x53,0x56,0x5f,0x54,0x61,0x72,0x67,0x65,0x74,0x30,0x3b,0x0a,0x7d,0x3b,
    0x0a,0x0a,0x76,0x6f,0x69,0x64,0x20,0x66,0x72,0x61,0x67,0x5f,0x6d,0x61,0x69,0x6e,
    0x28,0x29,0x0a,0x7b,0x0a,0x20,0x20,0x20,0x20,0x66,0x72,0x61,0x67,0x5f,0x63,0x6f,
    0x6c,0x6f,0x72,0x20,0x3d,0x20,0x61,0x62,0x73,0x28,0x73,0x6f,0x75,0x72,0x63,0x65,
    0x54,0x65,0x78,0x2e,0x53,0x61,0x6d,0x70,0x6c,0x65,0x28,0x73,0x6f,0x75,0x72,0x63,
    0x65,0x53,0x6d,0x70,0x2c,0x20,0x75,0x76,0x29,0x20,0x2d,0x20,0x63,0x6f,0x6d,0x70,
    0x61,0x72,0x65,0x54,0x65,0x78,0x2e,0x53,0x61,0x6d,0x70,0x6c,0x65,0x28,0x63,0x6f,
    0x6d,0x70,0x61,0x72,0x65,0x53,0x6d,0x70,0x2c,0x20,0x75,0x76,0x29,0x29,0x20,0x2a,
    0x20,0x5f,0x34,0x31,0x5f,0x6f,0x70,0x74,0x69,0x6f,0x6e,0x73,0x2e,0x78,0x3b,0x0a,
    0x7d,0x0a,0x0a,0x53,0x50,0x49,0x52,0x56,0x5f,0x43,0x72,0x6f,0x73,0x73,0x5f,0x4f,
    0x75,0x74,0x70,0x75,0x74,0x20,0x6d,0x61,0x69,0x6e,0x28,0x53,0x50,0x49,0x52,0x56,
    0x5f,0x43,0x72,0x6f,0x73,0x73,0x5f,0x49,0x6e,0x70,0x75,0x74,0x20,0x73,0x74,0x61,
    0x67,0x65,0x5f,0x69,0x6e,0x70,0x75,0x74,0x29,0x0a,0x7b,0x0a,0x20,0x20,0x20,0x20,
    0x75,0x76,0x20,0x3d,0x20,0x73,0x74,0x61,0x67,0x65,0x5f,0x69,0x6e,0x70,0x75,0x74,
    0x2e,0x75,0x76,0x3b,0x0a,0x20,0x20,0x20,0x20,0x66,0x72,0x61,0x67,0x5f,0x6d,0x61,
    0x69,0x6e,0x28,0x29,0x3b,0x0a,0x20,0x20,0x20,0x20,0x53,0x50,0x49,0x52,0x56,0x5f,
    0x43,0x72,0x6f,0x73,0x73,0x5f,0x4f,0x75,0x74,0x70,0x75,0x74,0x20,0x73,0x74,0x61,
    0x67,0x65,0x5f,0x6f,0x75,0x74,0x70,0x75,0x74,0x3b,0x0a,0x20,0x20,0x20,0x20,0x73,
    0x74,0x61,0x67,0x65,0x5f,0x6f,0x75,0x74,0x70,0x75,0x74,0x2e,0x66,0x72,0x61,0x67,
    0x5f,0x63,0x6f,0x6c,0x6f,0x72,0x20,0x3d,0x20,0x66,0x72,0x61,0x67,0x5f,0x63,0x6f,
    0x6c,0x6f,0x72,0x3b,0x0a,0x20,0x20,0x20,0x20,0x72,0x65,0x74,0x75,0x72,0x6e,0x20,
    0x73,0x74,0x61,0x67,0x65,0x5f,0x6f,0x75,0x74,0x70,0x75,0x74,0x3b,0x0a,0x7d,0x0a,
    0x00,
};
/*
    cbuffer common_params : register(b0)
    {
        float4 _13_color : packoffset(c0);
        float4 _13_resolution : packoffset(c1);
        float4 _13_texel : packoffset(c2);
        float4 _13_options : packoffset(c3);
    };

    Texture2D<float4> sourceTex : register(t0);
    SamplerState sourceSmp : register(s0);

    static float2 uv;
    static float4 frag_color;

    struct SPIRV_Cross_Input
    {
        float2 uv : TEXCOORD0;
    };

    struct SPIRV_Cross_Output
    {
        float4 frag_color : SV_Target0;
    };

    void frag_main()
    {
        float2 _29 = float2(_13_texel.x, 0.0f) * max(_13_options.z, 1.0f);
        float2 _54 = _29 * 1.3846149444580078125f;
        float2 _78 = _29 * 3.2307689189910888671875f;
        frag_color = ((((sourceTex.Sample(sourceSmp, uv) * 0.227026998996734619140625f) + (sourceTex.Sample(sourceSmp, uv + _54) * 0.316215991973876953125f)) + (sourceTex.Sample(sourceSmp, uv - _54) * 0.316215991973876953125f)) + (sourceTex.Sample(sourceSmp, uv + _78) * 0.070270001888275146484375f)) + (sourceTex.Sample(sourceSmp, uv - _78) * 0.070270001888275146484375f);
    }

    SPIRV_Cross_Output main(SPIRV_Cross_Input stage_input)
    {
        uv = stage_input.uv;
        frag_main();
        SPIRV_Cross_Output stage_output;
        stage_output.frag_color = frag_color;
        return stage_output;
    }
*/
static const uint8_t fs_blur_horizontal_source_hlsl5[1227] = {
    0x63,0x62,0x75,0x66,0x66,0x65,0x72,0x20,0x63,0x6f,0x6d,0x6d,0x6f,0x6e,0x5f,0x70,
    0x61,0x72,0x61,0x6d,0x73,0x20,0x3a,0x20,0x72,0x65,0x67,0x69,0x73,0x74,0x65,0x72,
    0x28,0x62,0x30,0x29,0x0a,0x7b,0x0a,0x20,0x20,0x20,0x20,0x66,0x6c,0x6f,0x61,0x74,
    0x34,0x20,0x5f,0x31,0x33,0x5f,0x63,0x6f,0x6c,0x6f,0x72,0x20,0x3a,0x20,0x70,0x61,
    0x63,0x6b,0x6f,0x66,0x66,0x73,0x65,0x74,0x28,0x63,0x30,0x29,0x3b,0x0a,0x20,0x20,
    0x20,0x20,0x66,0x6c,0x6f,0x61,0x74,0x34,0x20,0x5f,0x31,0x33,0x5f,0x72,0x65,0x73,
    0x6f,0x6c,0x75,0x74,0x69,0x6f,0x6e,0x20,0x3a,0x20,0x70,0x61,0x63,0x6b,0x6f,0x66,
    0x66,0x73,0x65,0x74,0x28,0x63,0x31,0x29,0x3b,0x0a,0x20,0x20,0x20,0x20,0x66,0x6c,
    0x6f,0x61,0x74,0x34,0x20,0x5f,0x31,0x33,0x5f,0x74,0x65,0x78,0x65,0x6c,0x20,0x3a,
    0x20,0x70,0x61,0x63,0x6b,0x6f,0x66,0x66,0x73,0x65,0x74,0x28,0x63,0x32,0x29,0x3b,
    0x0a,0x20,0x20,0x20,0x20,0x66,0x6c,0x6f,0x61,0x74,0x34,0x20,0x5f,0x31,0x33,0x5f,
    0x6f,0x70,0x74,0x69,0x6f,0x6e,0x73,0x20,0x3a,0x20,0x70,0x61,0x63,0x6b,0x6f,0x66,
    0x66,0x73,0x65,0x74,0x28,0x63,0x33,0x29,0x3b,0x0a,0x7d,0x3b,0x0a,0x0a,0x54,0x65,
    0x78,0x74,0x75,0x72,0x65,0x32,0x44,0x3c,0x66,0x6c,0x6f,0x61,0x74,0x34,0x3e,0x20,
    0x73,0x6f,0x75,0x72,0x63,0x65,0x54,0x65,0x78,0x20,0x3a,0x20,0x72,0x65,0x67,0x69,
    0x73,0x74,0x65,0x72,0x28,0x74,0x30,0x29,0x3b,0x0a,0x53,0x61,0x6d,0x70,0x6c,0x65,
    0x72,0x53,0x74,0x61,0x74,0x65,0x20,0x73,0x6f,0x75,0x72,0x63,0x65,0x53,0x6d,0x70,
    0x20,0x3a,0x20,0x72,0x65,0x67,0x69,0x73,0x74,0x65,0x72,0x28,0x73,0x30,0x29,0x3b,
    0x0a,0x0a,0x73,0x74,0x61,0x74,0x69,0x63,0x20,0x66,0x6c,0x6f,0x61,0x74,0x32,0x20,
    0x75,0x76,0x3b,0x0a,0x73,0x74,0x61,0x74,0x69,0x63,0x20,0x66,0x6c,0x6f,0x61,0x74,
    0x34,0x20,0x66,0x72,0x61,0x67,0x5f,0x63,0x6f,0x6c,0x6f,0x72,0x3b,0x0a,0x0a,0x73,
    0x74,0x72,0x75,0x63,0x74,0x20,0x53,0x50,0x49,0x52,0x56,0x5f,0x43,0x72,0x6f,0x73,
    0x73,0x5f,0x49,0x6e,0x70,0x75,0x74,0x0a,0x7b,0x0a,0x20,0x20,0x20,0x20,0x66,0x6c,
    0x6f,0x61,0x74,0x32,0x20,0x75,0x76,0x20,0x3a,0x20,0x54,0x45,0x58,0x43,0x4f,0x4f,
    0x52,0x44,0x30,0x3b,0x0a,0x7d,0x3b,0x0a,0x0a,0x73,0x74,0x72,0x75,0x63,0x74,0x20,
    0x53,0x50,0x49,0x52,0x56,0x5f,0x43,0x72,0x6f,0x73,0x73,0x5f,0x4f,0x75,0x74,0x70,
    0x75,0x74,0x0a,0x7b,0x0a,0x20,0x20,0x20,0x20,0x66,0x6c,0x6f,0x61,0x74,0x34,0x20,
    0x66,0x72,0x61,0x67,0x5f,0x63,0x6f,0x6c,0x6f,0x72,0x20,0x3a,0x20,0x53,0x56,0x5f,
    0x54,0x61,0x72,0x67,0x65,0x74,0x30,0x3b,0x0a,0x7d,0x3b,0x0a,0x0a,0x76,0x6f,0x69,
    0x64,0x20,0x66,0x72,0x61,0x67,0x5f,0x6d,0x61,0x69,0x6e,0x28,0x29,0x0a,0x7b,0x0a,
    0x20,0x20,0x20,0x20,0x66,0x6c,0x6f,0x61,0x74,0x32,0x20,0x5f,0x32,0x39,0x20,0x3d,
    0x20,0x66,0x6c,0x6f,0x61,0x74,0x32,0x28,0x5f,0x31,0x33,0x5f,0x74,0x65,0x78,0x65,
    0x6c,0x2e,0x78,0x2c,0x20,0x30,0x2e,0x30,0x66,0x29,0x20,0x2a,0x20,0x6d,0x61,0x78,
    0x28,0x5f,0x31,0x33,0x5f,0x6f,0x70,0x74,0x69,0x6f,0x6e,0x73,0x2e,0x7a,0x2c,0x20,
    0x31,0x2e,0x30,0x66,0x29,0x3b,0x0a,0x20,0x20,0x20,0x20,0x66,0x6c,0x6f,0x61,0x74,
    0x32,0x20,0x5f,0x35,0x34,0x20,0x3d,0x20,0x5f,0x32,0x39,0x20,0x2a,0x20,0x31,0x2e,
    0x33,0x38,0x34,0x36,0x31,0x34,0x39,0x34,0x34,0x34,0x35,0x38,0x30,0x30,0x37,0x38,
    0x31,0x32,0x35,0x66,0x3b,0x0a,0x20,0x20,0x20,0x20,0x66,0x6c,0x6f,0x61,0x74,0x32,
    0x20,0x5f,0x37,0x38,0x20,0x3d,0x20,0x5f,0x32,0x39,0x20,0x2a,0x20,0x33,0x2e,0x32,
    0x33,0x30,0x37,0x36,0x38,0x39,0x31,0x38,0x39,0x39,0x31,0x30,0x38,0x38,0x38,0x36,
    0x37,0x31,0x38,0x37,0x35,0x66,0x3b,0x0a,0x20,0x20,0x20,0x20,0x66,0x72,0x61,0x67,
    0x5f,0x63,0x6f,0x6c,0x6f,0x72,0x20,0x3d,0x20,0x28,0x28,0x28,0x28,0x73,0x6f,0x75,
    0x72,0x63,0x65,0x54,0x65,0x78,0x2e,0x53,0x61,0x6d,0x70,0x6c,0x65,0x28,0x73,0x6f,
    0x75,0x72,0x63,0x65,0x53,0x6d,0x70,0x2c,0x20,0x75,0x76,0x29,0x20,0x2a,0x20,0x30,
    0x2e,0x32,0x32,0x37,0x30,0x32,0x36,0x39,0x39,0x38,0x39,0x39,0x36,0x37,0x33,0x34,
    0x36,0x31,0x39,0x31,0x34,0x30,0x36,0x32,0x35,0x66,0x29,0x20,0x2b,0x20,0x28,0x73,
    0x6f,0x75,0x72,0x63,0x65,0x54,0x65,0x78,0x2e,0x53,0x61,0x6d,0x70,0x6c,0x65,0x28,
    0x73,0x6f,0x75,0x72,0x63,0x65,0x53,0x6d,0x70,0x2c,0x20,0x75,0x76,0x20,0x2b,0x20,
    0x5f,0x35,0x34,0x29,0x20,0x2a,0x20,0x30,0x2e,0x33,0x31,0x36,0x32,0x31,0x35,0x39,
    0x39,0x31,0x39,0x37,0x33,0x38,0x37,0x36,0x39,0x35,0x33,0x31,0x32,0x35,0x66,0x29,
    0x29,0x20,0x2b,0x20,0x28,0x73,0x6f,0x75,0x72,0x63,0x65,0x54,0x65,0x78,0x2e,0x53,
    0x61,0x6d,0x70,0x6c,0x65,0x28,0x73,0x6f,0x75,0x72,0x63,0x65,0x53,0x6d,0x70,0x2c,
    0x20,0x75,0x76,0x20,0x2d,0x20,0x5f,0x35,0x34,0x29,0x20,0x2a,0x20,0x30,0x2e,0x33,
    0x31,0x36,0x32,0x31,0x35,0x39,0x39,0x31,0x39,0x37,0x33,0x38,0x37,0x36,0x39,0x35,
    0x33,0x31,0x32,0x35,0x66,0x29,0x29,0x20,0x2b,0x20,0x28,0x73,0x6f,0x75,0x72,0x63,
    0x65,0x54,0x65,0x78,0x2e,0x53,0x61,0x6d,0x70,0x6c,0x65,0x28,0x73,0x6f,0x75,0x72,
    0x63,0x65,0x53,0x6d,0x70,0x2c,0x20,0x75,0x76,0x20,0x2b,0x20,0x5f,0x37,0x38,0x29,
    0x20,0x2a,0x20,0x30,0x2e,0x30,0x37,0x30,0x32,0x37,0x30,0x30,0x30,0x31,0x38,0x38,
    0x38,0x32,0x37,0x35,0x31,0x34,0x36,0x34,0x38,0x34,0x33,0x37,0x35,0x66,0x29,0x29,
    0x20,0x2b,0x20,0x28,0x73,0x6f,0x75,0x72,0x63,0x65,0x54,0x65,0x78,0x2e,0x53,0x61,
    0x6d,0x70,0x6c,0x65,0x28,0x73,0x6f,0x75,0x72,0x63,0x65,0x53,0x6d,0x70,0x2c,0x20,
    0x75,0x76,0x20,0x2d,0x20,0x5f,0x37,0x38,0x29,0x20,0x2a,0x20,0x30,0x2e,0x30,0x37,
    0x30,0x32,0x37,0x30,0x30,0x30,0x31,0x38,0x38,0x38,0x32,0x37,0x35,0x31,0x34,0x36,
    0x34,0x38,0x34,0x33,0x37,0x35,0x66,0x29,0x3b,0x0a,0x7d,0x0a,0x0a,0x53,0x50,0x49,
    0x52,0x56,0x5f,0x43,0x72,0x6f,0x73,0x73,0x5f,0x4f,0x75,0x74,0x70,0x75,0x74,0x20,
    0x6d,0x61,0x69,0x6e,0x28,0x53,0x50,0x49,0x52,0x56,0x5f,0x43,0x72,0x6f,0x73,0x73,
    0x5f,0x49,0x6e,0x70,0x75,0x74,0x20,0x73,0x74,0x61,0x67,0x65,0x5f,0x69,0x6e,0x70,
    0x75,0x74,0x29,0x0a,0x7b,0x0a,0x20,0x20,0x20,0x20,0x75,0x76,0x20,0x3d,0x20,0x73,
    0x74,0x61,0x67,0x65,0x5f,0x69,0x6e,0x70,0x75,0x74,0x2e,0x75,0x76,0x3b,0x0a,0x20,
    0x20,0x20,0x20,0x66,0x72,0x61,0x67,0x5f,0x6d,0x61,0x69,0x6e,0x28,0x29,0x3b,0x0a,
    0x20,0x20,0x20,0x20,0x53,0x50,0x49,0x52,0x56,0x5f,0x43,0x72,0x6f,0x73,0x73,0x5f,
    0x4f,0x75,0x74,0x70,0x75,0x74,0x20,0x73,0x74,0x61,0x67,0x65,0x5f,0x6f,0x75,0x74,
    0x70,0x75,0x74,0x3b,0x0a,0x20,0x20,0x20,0x20,0x73,0x74,0x61,0x67,0x65,0x5f,0x6f,
    0x75,0x74,0x70,0x75,0x74,0x2e,0x66,0x72,0x61,0x67,0x5f,0x63,0x6f,0x6c,0x6f,0x72,
    0x20,0x3d,0x20,0x66,0x72,0x61,0x67,0x5f,0x63,0x6f,0x6c,0x6f,0x72,0x3b,0x0a,0x20,
    0x20,0x20,0x20,0x72,0x65,0x74,0x75,0x72,0x6e,0x20,0x73,0x74,0x61,0x67,0x65,0x5f,
    0x6f,0x75,0x74,0x70,0x75,0x74,0x3b,0x0a,0x7d,0x0a,0x00,
};
/*
    cbuffer common_params : register(b0)
    {
        float4 _14_color : packoffset(c0);
        float4 _14_resolution : packoffset(c1);
        float4 _14_texel : packoffset(c2);
        float4 _14_options : packoffset(c3);
    };

    Texture2D<float4> sourceTex : register(t0);
    SamplerState sourceSmp : register(s0);

    static float2 uv;
    static float4 frag_color;

    struct SPIRV_Cross_Input
    {
        float2 uv : TEXCOORD0;
    };

    struct SPIRV_Cross_Output
    {
        float4 frag_color : SV_Target0;
    };

    void frag_main()
    {
        float2 _29 = float2(0.0f, _14_texel.y) * max(_14_options.z, 1.0f);
        float2 _54 = _29 * 1.3846149444580078125f;
        float2 _78 = _29 * 3.2307689189910888671875f;
        frag_color = ((((sourceTex.Sample(sourceSmp, uv) * 0.227026998996734619140625f) + (sourceTex.Sample(sourceSmp, uv + _54) * 0.316215991973876953125f)) + (sourceTex.Sample(sourceSmp, uv - _54) * 0.316215991973876953125f)) + (sourceTex.Sample(sourceSmp, uv + _78) * 0.070270001888275146484375f)) + (sourceTex.Sample(sourceSmp, uv - _78) * 0.070270001888275146484375f);
    }

    SPIRV_Cross_Output main(SPIRV_Cross_Input stage_input)
    {
        uv = stage_input.uv;
        frag_main();
        SPIRV_Cross_Output stage_output;
        stage_output.frag_color = frag_color;
        return stage_output;
    }
*/
static const uint8_t fs_blur_vertical_source_hlsl5[1227] = {
    0x63,0x62,0x75,0x66,0x66,0x65,0x72,0x20,0x63,0x6f,0x6d,0x6d,0x6f,0x6e,0x5f,0x70,
    0x61,0x72,0x61,0x6d,0x73,0x20,0x3a,0x20,0x72,0x65,0x67,0x69,0x73,0x74,0x65,0x72,
    0x28,0x62,0x30,0x29,0x0a,0x7b,0x0a,0x20,0x20,0x20,0x20,0x66,0x6c,0x6f,0x61,0x74,
    0x34,0x20,0x5f,0x31,0x34,0x5f,0x63,0x6f,0x6c,0x6f,0x72,0x20,0x3a,0x20,0x70,0x61,
    0x63,0x6b,0x6f,0x66,0x66,0x73,0x65,0x74,0x28,0x63,0x30,0x29,0x3b,0x0a,0x20,0x20,
    0x20,0x20,0x66,0x6c,0x6f,0x61,0x74,0x34,0x20,0x5f,0x31,0x34,0x5f,0x72,0x65,0x73,
    0x6f,0x6c,0x75,0x74,0x69,0x6f,0x6e,0x20,0x3a,0x20,0x70,0x61,0x63,0x6b,0x6f,0x66,
    0x66,0x73,0x65,0x74,0x28,0x63,0x31,0x29,0x3b,0x0a,0x20,0x20,0x20,0x20,0x66,0x6c,
    0x6f,0x61,0x74,0x34,0x20,0x5f,0x31,0x34,0x5f,0x74,0x65,0x78,0x65,0x6c,0x20,0x3a,
    0x20,0x70,0x61,0x63,0x6b,0x6f,0x66,0x66,0x73,0x65,0x74,0x28,0x63,0x32,0x29,0x3b,
    0x0a,0x20,0x20,0x20,0x20,0x66,0x6c,0x6f,0x61,0x74,0x34,0x20,0x5f,0x31,0x34,0x5f,
    0x6f,0x70,0x74,0x69,0x6f,0x6e,0x73,0x20,0x3a,0x20,0x70,0x61,0x63,0x6b,0x6f,0x66,
    0x66,0x73,0x65,0x74,0x28,0x63,0x33,0x29,0x3b,0x0a,0x7d,0x3b,0x0a,0x0a,0x54,0x65,
    0x78,0x74,0x75,0x72,0x65,0x32,0x44,0x3c,0x66,0x6c,0x6f,0x61,0x74,0x34,0x3e,0x20,
    0x73,0x6f,0x75,0x72,0x63,0x65,0x54,0x65,0x78,0x20,0x3a,0x20,0x72,0x65,0x67,0x69,
    0x73,0x74,0x65,0x72,0x28,0x74,0x30,0x29,0x3b,0x0a,0x53,0x61,0x6d,0x70,0x6c,0x65,
    0x72,0x53,0x74,0x61,0x74,0x65,0x20,0x73,0x6f,0x75,0x72,0x63,0x65,0x53,0x6d,0x70,
    0x20,0x3a,0x20,0x72,0x65,0x67,0x69,0x73,0x74,0x65,0x72,0x28,0x73,0x30,0x29,0x3b,
    0x0a,0x0a,0x73,0x74,0x61,0x74,0x69,0x63,0x20,0x66,0x6c,0x6f,0x61,0x74,0x32,0x20,
    0x75,0x76,0x3b,0x0a,0x73,0x74,0x61,0x74,0x69,0x63,0x20,0x66,0x6c,0x6f,0x61,0x74,
    0x34,0x20,0x66,0x72,0x61,0x67,0x5f,0x63,0x6f,0x6c,0x6f,0x72,0x3b,0x0a,0x0a,0x73,
    0x74,0x72,0x75,0x63,0x74,0x20,0x53,0x50,0x49,0x52,0x56,0x5f,0x43,0x72,0x6f,0x73,
    0x73,0x5f,0x49,0x6e,0x70,0x75,0x74,0x0a,0x7b,0x0a,0x20,0x20,0x20,0x20,0x66,0x6c,
    0x6f,0x61,0x74,0x32,0x20,0x75,0x76,0x20,0x3a,0x20,0x54,0x45,0x58,0x43,0x4f,0x4f,
    0x52,0x44,0x30,0x3b,0x0a,0x7d,0x3b,0x0a,0x0a,0x73,0x74,0x72,0x75,0x63,0x74,0x20,
    0x53,0x50,0x49,0x52,0x56,0x5f,0x43,0x72,0x6f,0x73,0x73,0x5f,0x4f,0x75,0x74,0x70,
    0x75,0x74,0x0a,0x7b,0x0a,0x20,0x20,0x20,0x20,0x66,0x6c,0x6f,0x61,0x74,0x34,0x20,
    0x66,0x72,0x61,0x67,0x5f,0x63,0x6f,0x6c,0x6f,0x72,0x20,0x3a,0x20,0x53,0x56,0x5f,
    0x54,0x61,0x72,0x67,0x65,0x74,0x30,0x3b,0x0a,0x7d,0x3b,0x0a,0x0a,0x76,0x6f,0x69,
    0x64,0x20,0x66,0x72,0x61,0x67,0x5f,0x6d,0x61,0x69,0x6e,0x28,0x29,0x0a,0x7b,0x0a,
    0x20,0x20,0x20,0x20,0x66,0x6c,0x6f,0x61,0x74,0x32,0x20,0x5f,0x32,0x39,0x20,0x3d,
    0x20,0x66,0x6c,0x6f,0x61,0x74,0x32,0x28,0x30,0x2e,0x30,0x66,0x2c,0x20,0x5f,0x31,
    0x34,0x5f,0x74,0x65,0x78,0x65,0x6c,0x2e,0x79,0x29,0x20,0x2a,0x20,0x6d,0x61,0x78,
    0x28,0x5f,0x31,0x34,0x5f,0x6f,0x70,0x74,0x69,0x6f,0x6e,0x73,0x2e,0x7a,0x2c,0x20,
    0x31,0x2e,0x30,0x66,0x29,0x3b,0x0a,0x20,0x20,0x20,0x20,0x66,0x6c,0x6f,0x61,0x74,
    0x32,0x20,0x5f,0x35,0x34,0x20,0x3d,0x20,0x5f,0x32,0x39,0x20,0x2a,0x20,0x31,0x2e,
    0x33,0x38,0x34,0x36,0x31,0x34,0x39,0x34,0x34,0x34,0x35,0x38,0x30,0x30,0x37,0x38,
    0x31,0x32,0x35,0x66,0x3b,0x0a,0x20,0x20,0x20,0x20,0x66,0x6c,0x6f,0x61,0x74,0x32,
    0x20,0x5f,0x37,0x38,0x20,0x3d,0x20,0x5f,0x32,0x39,0x20,0x2a,0x20,0x33,0x2e,0x32,
    0x33,0x30,0x37,0x36,0x38,0x39,0x31,0x38,0x39,0x39,0x31,0x30,0x38,0x38,0x38,0x36,
    0x37,0x31,0x38,0x37,0x35,0x66,0x3b,0x0a,0x20,0x20,0x20,0x20,0x66,0x72,0x61,0x67,
    0x5f,0x63,0x6f,0x6c,0x6f,0x72,0x20,0x3d,0x20,0x28,0x28,0x28,0x28,0x73,0x6f,0x75,
    0x72,0x63,0x65,0x54,0x65,0x78,0x2e,0x53,0x61,0x6d,0x70,0x6c,0x65,0x28,0x73,0x6f,
    0x75,0x72,0x63,0x65,0x53,0x6d,0x70,0x2c,0x20,0x75,0x76,0x29,0x20,0x2a,0x20,0x30,
    0x2e,0x32,0x32,0x37,0x30,0x32,0x36,0x39,0x39,0x38,0x39,0x39,0x36,0x37,0x33,0x34,
    0x36,0x31,0x39,0x31,0x34,0x30,0x36,0x32,0x35,0x66,0x29,0x20,0x2b,0x20,0x28,0x73,
    0x6f,0x75,0x72,0x63,0x65,0x54,0x65,0x78,0x2e,0x53,0x61,0x6d,0x70,0x6c,0x65,0x28,
    0x73,0x6f,0x75,0x72,0x63,0x65,0x53,0x6d,0x70,0x2c,0x20,0x75,0x76,0x20,0x2b,0x20,
    0x5f,0x35,0x34,0x29,0x20,0x2a,0x20,0x30,0x2e,0x33,0x31,0x36,0x32,0x31,0x35,0x39,
    0x39,0x31,0x39,0x37,0x33,0x38,0x37,0x36,0x39,0x35,0x33,0x31,0x32,0x35,0x66,0x29,
    0x29,0x20,0x2b,0x20,0x28,0x73,0x6f,0x75,0x72,0x63,0x65,0x54,0x65,0x78,0x2e,0x53,
    0x61,0x6d,0x70,0x6c,0x65,0x28,0x73,0x6f,0x75,0x72,0x63,0x65,0x53,0x6d,0x70,0x2c,
    0x20,0x75,0x76,0x20,0x2d,0x20,0x5f,0x35,0x34,0x29,0x20,0x2a,0x20,0x30,0x2e,0x33,
    0x31,0x36,0x32,0x31,0x35,0x39,0x39,0x31,0x39,0x37,0x33,0x38,0x37,0x36,0x39,0x35,
    0x33,0x31,0x32,0x35,0x66,0x29,0x29,0x20,0x2b,0x20,0x28,0x73,0x6f,0x75,0x72,0x63,
    0x65,0x54,0x65,0x78,0x2e,0x53,0x61,0x6d,0x70,0x6c,0x65,0x28,0x73,0x6f,0x75,0x72,
    0x63,0x65,0x53,0x6d,0x70,0x2c,0x20,0x75,0x76,0x20,0x2b,0x20,0x5f,0x37,0x38,0x29,
    0x20,0x2a,0x20,0x30,0x2e,0x30,0x37,0x30,0x32,0x37,0x30,0x30,0x30,0x31,0x38,0x38,
    0x38,0x32,0x37,0x35,0x31,0x34,0x36,0x34,0x38,0x34,0x33,0x37,0x35,0x66,0x29,0x29,
    0x20,0x2b,0x20,0x28,0x73,0x6f,0x75,0x72,0x63,0x65,0x54,0x65,0x78,0x2e,0x53,0x61,
    0x6d,0x70,0x6c,0x65,0x28,0x73,0x6f,0x75,0x72,0x63,0x65,0x53,0x6d,0x70,0x2c,0x20,
    0x75,0x76,0x20,0x2d,0x20,0x5f,0x37,0x38,0x29,0x20,0x2a,0x20,0x30,0x2e,0x30,0x37,
    0x30,0x32,0x37,0x30,0x30,0x30,0x31,0x38,0x38,0x38,0x32,0x37,0x35,0x31,0x34,0x36,
    0x34,0x38,0x34,0x33,0x37,0x35,0x66,0x29,0x3b,0x0a,0x7d,0x0a,0x0a,0x53,0x50,0x49,
    0x52,0x56,0x5f,0x43,0x72,0x6f,0x73,0x73,0x5f,0x4f,0x75,0x74,0x70,0x75,0x74,0x20,
    0x6d,0x61,0x69,0x6e,0x28,0x53,0x50,0x49,0x52,0x56,0x5f,0x43,0x72,0x6f,0x73,0x73,
    0x5f,0x49,0x6e,0x70,0x75,0x74,0x20,0x73,0x74,0x61,0x67,0x65,0x5f,0x69,0x6e,0x70,
    0x75,0x74,0x29,0x0a,0x7b,0x0a,0x20,0x20,0x20,0x20,0x75,0x76,0x20,0x3d,0x20,0x73,
    0x74,0x61,0x67,0x65,0x5f,0x69,0x6e,0x70,0x75,0x74,0x2e,0x75,0x76,0x3b,0x0a,0x20,
    0x20,0x20,0x20,0x66,0x72,0x61,0x67,0x5f,0x6d,0x61,0x69,0x6e,0x28,0x29,0x3b,0x0a,
    0x20,0x20,0x20,0x20,0x53,0x50,0x49,0x52,0x56,0x5f,0x43,0x72,0x6f,0x73,0x73,0x5f,
    0x4f,0x75,0x74,0x70,0x75,0x74,0x20,0x73,0x74,0x61,0x67,0x65,0x5f,0x6f,0x75,0x74,
    0x70,0x75,0x74,0x3b,0x0a,0x20,0x20,0x20,0x20,0x73,0x74,0x61,0x67,0x65,0x5f,0x6f,
    0x75,0x74,0x70,0x75,0x74,0x2e,0x66,0x72,0x61,0x67,0x5f,0x63,0x6f,0x6c,0x6f,0x72,
    0x20,0x3d,0x20,0x66,0x72,0x61,0x67,0x5f,0x63,0x6f,0x6c,0x6f,0x72,0x3b,0x0a,0x20,
    0x20,0x20,0x20,0x72,0x65,0x74,0x75,0x72,0x6e,0x20,0x73,0x74,0x61,0x67,0x65,0x5f,
    0x6f,0x75,0x74,0x70,0x75,0x74,0x3b,0x0a,0x7d,0x0a,0x00,
};
/*
    cbuffer common_params : register(b0)
    {
        float4 _29_color : packoffset(c0);
        float4 _29_resolution : packoffset(c1);
        float4 _29_texel : packoffset(c2);
        float4 _29_options : packoffset(c3);
    };

    Texture2D<float4> sourceTex : register(t0);
    SamplerState sourceSmp : register(s0);

    static float2 uv;
    static float4 frag_color;

    struct SPIRV_Cross_Input
    {
        float2 uv : TEXCOORD0;
    };

    struct SPIRV_Cross_Output
    {
        float4 frag_color : SV_Target0;
    };

    void frag_main()
    {
        float3 _39 = max(sourceTex.Sample(sourceSmp, uv).xyz * _29_color.xyz, 0.0f.xxx);
        float _48 = max(_29_options.x, 0.0f);
        float _57 = max(_48 * max(_29_options.y, 0.0f), 9.9999997473787516355514526367188e-05f);
        float _79 = max(_39.x, max(_39.y, _39.z));
        float _85 = clamp(_79 - (_48 - _57), 0.0f, _57 * 2.0f);
        frag_color = float4((_39 * (max(((0.25f / _57) * _85) * _85, _79 - _48) / max(_79, 9.9999997473787516355514526367188e-05f))) * max(_29_options.z, 0.0f), 1.0f);
    }

    SPIRV_Cross_Output main(SPIRV_Cross_Input stage_input)
    {
        uv = stage_input.uv;
        frag_main();
        SPIRV_Cross_Output stage_output;
        stage_output.frag_color = frag_color;
        return stage_output;
    }
*/
static const uint8_t fs_bloom_prefilter_source_hlsl5[1180] = {
    0x63,0x62,0x75,0x66,0x66,0x65,0x72,0x20,0x63,0x6f,0x6d,0x6d,0x6f,0x6e,0x5f,0x70,
    0x61,0x72,0x61,0x6d,0x73,0x20,0x3a,0x20,0x72,0x65,0x67,0x69,0x73,0x74,0x65,0x72,
    0x28,0x62,0x30,0x29,0x0a,0x7b,0x0a,0x20,0x20,0x20,0x20,0x66,0x6c,0x6f,0x61,0x74,
    0x34,0x20,0x5f,0x32,0x39,0x5f,0x63,0x6f,0x6c,0x6f,0x72,0x20,0x3a,0x20,0x70,0x61,
    0x63,0x6b,0x6f,0x66,0x66,0x73,0x65,0x74,0x28,0x63,0x30,0x29,0x3b,0x0a,0x20,0x20,
    0x20,0x20,0x66,0x6c,0x6f,0x61,0x74,0x34,0x20,0x5f,0x32,0x39,0x5f,0x72,0x65,0x73,
    0x6f,0x6c,0x75,0x74,0x69,0x6f,0x6e,0x20,0x3a,0x20,0x70,0x61,0x63,0x6b,0x6f,0x66,
    0x66,0x73,0x65,0x74,0x28,0x63,0x31,0x29,0x3b,0x0a,0x20,0x20,0x20,0x20,0x66,0x6c,
    0x6f,0x61,0x74,0x34,0x20,0x5f,0x32,0x39,0x5f,0x74,0x65,0x78,0x65,0x6c,0x20,0x3a,
    0x20,0x70,0x61,0x63,0x6b,0x6f,0x66,0x66,0x73,0x65,0x74,0x28,0x63,0x32,0x29,0x3b,
    0x0a,0x20,0x20,0x20,0x20,0x66,0x6c,0x6f,0x61,0x74,0x34,0x20,0x5f,0x32,0x39,0x5f,
    0x6f,0x70,0x74,0x69,0x6f,0x6e,0x73,0x20,0x3a,0x20,0x70,0x61,0x63,0x6b,0x6f,0x66,
    0x66,0x73,0x65,0x74,0x28,0x63,0x33,0x29,0x3b,0x0a,0x7d,0x3b,0x0a,0x0a,0x54,0x65,
    0x78,0x74,0x75,0x72,0x65,0x32,0x44,0x3c,0x66,0x6c,0x6f,0x61,0x74,0x34,0x3e,0x20,
    0x73,0x6f,0x75,0x72,0x63,0x65,0x54,0x65,0x78,0x20,0x3a,0x20,0x72,0x65,0x67,0x69,
    0x73,0x74,0x65,0x72,0x28,0x74,0x30,0x29,0x3b,0x0a,0x53,0x61,0x6d,0x70,0x6c,0x65,
    0x72,0x53,0x74,0x61,0x74,0x65,0x20,0x73,0x6f,0x75,0x72,0x63,0x65,0x53,0x6d,0x70,
    0x20,0x3a,0x20,0x72,0x65,0x67,0x69,0x73,0x74,0x65,0x72,0x28,0x73,0x30,0x29,0x3b,
    0x0a,0x0a,0x73,0x74,0x61,0x74,0x69,0x63,0x20,0x66,0x6c,0x6f,0x61,0x74,0x32,0x20,
    0x75,0x76,0x3b,0x0a,0x73,0x74,0x61,0x74,0x69,0x63,0x20,0x66,0x6c,0x6f,0x61,0x74,
    0x34,0x20,0x66,0x72,0x61,0x67,0x5f,0x63,0x6f,0x6c,0x6f,0x72,0x3b,0x0a,0x0a,0x73,
    0x74,0x72,0x75,0x63,0x74,0x20,0x53,0x50,0x49,0x52,0x56,0x5f,0x43,0x72,0x6f,0x73,
    0x73,0x5f,0x49,0x6e,0x70,0x75,0x74,0x0a,0x7b,0x0a,0x20,0x20,0x20,0x20,0x66,0x6c,
    0x6f,0x61,0x74,0x32,0x20,0x75,0x76,0x20,0x3a,0x20,0x54,0x45,0x58,0x43,0x4f,0x4f,
    0x52,0x44,0x30,0x3b,0x0a,0x7d,0x3b,0x0a,0x0a,0x73,0x74,0x72,0x75,0x63,0x74,0x20,
    0x53,0x50,0x49,0x52,0x56,0x5f,0x43,0x72,0x6f,0x73,0x73,0x5f,0x4f,0x75,0x74,0x70,
    0x75,0x74,0x0a,0x7b,0x0a,0x20,0x20,0x20,0x20,0x66,0x6c,0x6f,0x61,0x74,0x34,0x20,
    0x66,0x72,0x61,0x67,0x5f,0x63,0x6f,0x6c,0x6f,0x72,0x20,0x3a,0x20,0x53,0x56,0x5f,
    0x54,0x61,0x72,0x67,0x65,0x74,0x30,0x3b,0x0a,0x7d,0x3b,0x0a,0x0a,0x76,0x6f,0x69,
    0x64,0x20,0x66,0x72,0x61,0x67,0x5f,0x6d,0x61,0x69,0x6e,0x28,0x29,0x0a,0x7b,0x0a,
    0x20,0x20,0x20,0x20,0x66,0x6c,0x6f,0x61,0x74,0x33,0x20,0x5f,0x33,0x39,0x20,0x3d,
    0x20,0x6d,0x61,0x78,0x28,0x73,0x6f,0x75,0x72,0x63,0x65,0x54,0x65,0x78,0x2e,0x53,
    0x61,0x6d,0x70,0x6c,0x65,0x28,0x73,0x6f,0x75,0x72,0x63,0x65,0x53,0x6d,0x70,0x2c,
    0x20,0x75,0x76,0x29,0x2e,0x78,0x79,0x7a,0x20,0x2a,0x20,0x5f,0x32,0x39,0x5f,0x63,
    0x6f,0x6c,0x6f,0x72,0x2e,0x78,0x79,0x7a,0x2c,0x20,0x30,0x2e,0x30,0x66,0x2e,0x78,
    0x78,0x78,0x29,0x3b,0x0a,0x20,0x20,0x20,0x20,0x66,0x6c,0x6f,0x61,0x74,0x20,0x5f,
    0x34,0x38,0x20,0x3d,0x20,0x6d,0x61,0x78,0x28,0x5f,0x32,0x39,0x5f,0x6f,0x70,0x74,
    0x69,0x6f,0x6e,0x73,0x2e,0x78,0x2c,0x20,0x30,0x2e,0x30,0x66,0x29,0x3b,0x0a,0x20,
    0x20,0x20,0x20,0x66,0x6c,0x6f,0x61,0x74,0x20,0x5f,0x35,0x37,0x20,0x3d,0x20,0x6d,
    0x61,0x78,0x28,0x5f,0x34,0x38,0x20,0x2a,0x20,0x6d,0x61,0x78,0x28,0x5f,0x32,0x39,
    0x5f,0x6f,0x70,0x74,0x69,0x6f,0x6e,0x73,0x2e,0x79,0x2c,0x20,0x30,0x2e,0x30,0x66,
    0x29,0x2c,0x20,0x39,0x2e,0x39,0x39,0x39,0x39,0x39,0x39,0x37,0x34,0x37,0x33,0x37,
    0x38,0x37,0x35,0x31,0x36,0x33,0x35,0x35,0x35,0x31,0x34,0x35,0x32,0x36,0x33,0x36,
    0x37,0x31,0x38,0x38,0x65,0x2d,0x30,0x35,0x66,0x29,0x3b,0x0a,0x20,0x20,0x20,0x20,
    0x66,0x6c,0x6f,0x61,0x74,0x20,0x5f,0x37,0x39,0x20,0x3d,0x20,0x6d,0x61,0x78,0x28,
    0x5f,0x33,0x39,0x2e,0x78,0x2c,0x20,0x6d,0x61,0x78,0x28,0x5f,0x33,0x39,0x2e,0x79,
    0x2c,0x20,0x5f,0x33,0x39,0x2e,0x7a,0x29,0x29,0x3b,0x0a,0x20,0x20,0x20,0x20,0x66,
    0x6c,0x6f,0x61,0x74,0x20,0x5f,0x38,0x35,0x20,0x3d,0x20,0x63,0x6c,0x61,0x6d,0x70,
    0x28,0x5f,0x37,0x39,0x20,0x2d,0x20,0x28,0x5f,0x34,0x38,0x20,0x2d,0x20,0x5f,0x35,
    0x37,0x29,0x2c,0x20,0x30,0x2e,0x30,0x66,0x2c,0x20,0x5f,0x35,0x37,0x20,0x2a,0x20,
    0x32,0x2e,0x30,0x66,0x29,0x3b,0x0a,0x20,0x20,0x20,0x20,0x66,0x72,0x61,0x67,0x5f,
    0x63,0x6f,0x6c,0x6f,0x72,0x20,0x3d,0x20,0x66,0x6c,0x6f,0x61,0x74,0x34,0x28,0x28,
    0x5f,0x33,0x39,0x20,0x2a,0x20,0x28,0x6d,0x61,0x78,0x28,0x28,0x28,0x30,0x2e,0x32,
    0x35,0x66,0x20,0x2f,0x20,0x5f,0x35,0x37,0x29,0x20,0x2a,0x20,0x5f,0x38,0x35,0x29,
    0x20,0x2a,0x20,0x5f,0x38,0x35,0x2c,0x20,0x5f,0x37,0x39,0x20,0x2d,0x20,0x5f,0x34,
    0x38,0x29,0x20,0x2f,0x20,0x6d,0x61,0x78,0x28,0x5f,0x37,0x39,0x2c,0x20,0x39,0x2e,
    0x39,0x39,0x39,0x39,0x39,0x39,0x37,0x34,0x37,0x33,0x37,0x38,0x37,0x35,0x31,0x36,
    0x33,0x35,0x35,0x35,0x31,0x34,0x35,0x32,0x36,0x33,0x36,0x37,0x31,0x38,0x38,0x65,
    0x2d,0x30,0x35,0x66,0x29,0x29,0x29,0x20,0x2a,0x20,0x6d,0x61,0x78,0x28,0x5f,0x32,
    0x39,0x5f,0x6f,0x70,0x74,0x69,0x6f,0x6e,0x73,0x2e,0x7a,0x2c,0x20,0x30,0x2e,0x30,
    0x66,0x29,0x2c,0x20,0x31,0x2e,0x30,0x66,0x29,0x3b,0x0a,0x7d,0x0a,0x0a,0x53,0x50,
    0x49,0x52,0x56,0x5f,0x43,0x72,0x6f,0x73,0x73,0x5f,0x4f,0x75,0x74,0x70,0x75,0x74,
    0x20,0x6d,0x61,0x69,0x6e,0x28,0x53,0x50,0x49,0x52,0x56,0x5f,0x43,0x72,0x6f,0x73,
    0x73,0x5f,0x49,0x6e,0x70,0x75,0x74,0x20,0x73,0x74,0x61,0x67,0x65,0x5f,0x69,0x6e,
    0x70,0x75,0x74,0x29,0x0a,0x7b,0x0a,0x20,0x20,0x20,0x20,0x75,0x76,0x20,0x3d,0x20,
    0x73,0x74,0x61,0x67,0x65,0x5f,0x69,0x6e,0x70,0x75,0x74,0x2e,0x75,0x76,0x3b,0x0a,
    0x20,0x20,0x20,0x20,0x66,0x72,0x61,0x67,0x5f,0x6d,0x61,0x69,0x6e,0x28,0x29,0x3b,
    0x0a,0x20,0x20,0x20,0x20,0x53,0x50,0x49,0x52,0x56,0x5f,0x43,0x72,0x6f,0x73,0x73,
    0x5f,0x4f,0x75,0x74,0x70,0x75,0x74,0x20,0x73,0x74,0x61,0x67,0x65,0x5f,0x6f,0x75,
    0x74,0x70,0x75,0x74,0x3b,0x0a,0x20,0x20,0x20,0x20,0x73,0x74,0x61,0x67,0x65,0x5f,
    0x6f,0x75,0x74,0x70,0x75,0x74,0x2e,0x66,0x72,0x61,0x67,0x5f,0x63,0x6f,0x6c,0x6f,
    0x72,0x20,0x3d,0x20,0x66,0x72,0x61,0x67,0x5f,0x63,0x6f,0x6c,0x6f,0x72,0x3b,0x0a,
    0x20,0x20,0x20,0x20,0x72,0x65,0x74,0x75,0x72,0x6e,0x20,0x73,0x74,0x61,0x67,0x65,
    0x5f,0x6f,0x75,0x74,0x70,0x75,0x74,0x3b,0x0a,0x7d,0x0a,0x00,
};
/*
    cbuffer common_params : register(b0)
    {
        float4 _27_color : packoffset(c0);
        float4 _27_resolution : packoffset(c1);
        float4 _27_texel : packoffset(c2);
        float4 _27_options : packoffset(c3);
    };

    Texture2D<float4> baseTex : register(t0);
    SamplerState baseSmp : register(s0);
    Texture2D<float4> bloomTex : register(t1);
    SamplerState bloomSmp : register(s1);

    static float2 uv;
    static float4 frag_color;

    struct SPIRV_Cross_Input
    {
        float2 uv : TEXCOORD0;
    };

    struct SPIRV_Cross_Output
    {
        float4 frag_color : SV_Target0;
    };

    void frag_main()
    {
        float4 _24 = baseTex.Sample(baseSmp, uv);
        float4 _33 = _24 * _27_color;
        float4 _43 = bloomTex.Sample(bloomSmp, uv);
        float3 _47 = max(_43.xyz, 0.0f.xxx);
        float _55 = dot(_47, float3(0.2125999927520751953125f, 0.715200006961822509765625f, 0.072200000286102294921875f));
        float3 rgb = (_33.xyz * max(_27_options.x, 0.0f)) + (lerp(_55.xxx, _47, max(_27_options.z, 0.0f).xxx) * max(_27_options.y, 0.0f));
        float _87 = max(_27_options.w, 0.0f);
        if (_87 > 0.0f)
        {
            rgb = 1.0f.xxx - exp((-max(rgb, 0.0f.xxx)) * _87);
        }
        frag_color = float4(clamp(rgb, 0.0f.xxx, 1.0f.xxx), clamp(max(_33.w, _55 * _27_options.y), 0.0f, 1.0f));
    }

    SPIRV_Cross_Output main(SPIRV_Cross_Input stage_input)
    {
        uv = stage_input.uv;
        frag_main();
        SPIRV_Cross_Output stage_output;
        stage_output.frag_color = frag_color;
        return stage_output;
    }
*/
static const uint8_t fs_bloom_composite_source_hlsl5[1431] = {
    0x63,0x62,0x75,0x66,0x66,0x65,0x72,0x20,0x63,0x6f,0x6d,0x6d,0x6f,0x6e,0x5f,0x70,
    0x61,0x72,0x61,0x6d,0x73,0x20,0x3a,0x20,0x72,0x65,0x67,0x69,0x73,0x74,0x65,0x72,
    0x28,0x62,0x30,0x29,0x0a,0x7b,0x0a,0x20,0x20,0x20,0x20,0x66,0x6c,0x6f,0x61,0x74,
    0x34,0x20,0x5f,0x32,0x37,0x5f,0x63,0x6f,0x6c,0x6f,0x72,0x20,0x3a,0x20,0x70,0x61,
    0x63,0x6b,0x6f,0x66,0x66,0x73,0x65,0x74,0x28,0x63,0x30,0x29,0x3b,0x0a,0x20,0x20,
    0x20,0x20,0x66,0x6c,0x6f,0x61,0x74,0x34,0x20,0x5f,0x32,0x37,0x5f,0x72,0x65,0x73,
    0x6f,0x6c,0x75,0x74,0x69,0x6f,0x6e,0x20,0x3a,0x20,0x70,0x61,0x63,0x6b,0x6f,0x66,
    0x66,0x73,0x65,0x74,0x28,0x63,0x31,0x29,0x3b,0x0a,0x20,0x20,0x20,0x20,0x66,0x6c,
    0x6f,0x61,0x74,0x34,0x20,0x5f,0x32,0x37,0x5f,0x74,0x65,0x78,0x65,0x6c,0x20,0x3a,
    0x20,0x70,0x61,0x63,0x6b,0x6f,0x66,0x66,0x73,0x65,0x74,0x28,0x63,0x32,0x29,0x3b,
    0x0a,0x20,0x20,0x20,0x20,0x66,0x6c,0x6f,0x61,0x74,0x34,0x20,0x5f,0x32,0x37,0x5f,
    0x6f,0x70,0x74,0x69,0x6f,0x6e,0x73,0x20,0x3a,0x20,0x70,0x61,0x63,0x6b,0x6f,0x66,
    0x66,0x73,0x65,0x74,0x28,0x63,0x33,0x29,0x3b,0x0a,0x7d,0x3b,0x0a,0x0a,0x54,0x65,
    0x78,0x74,0x75,0x72,0x65,0x32,0x44,0x3c,0x66,0x6c,0x6f,0x61,0x74,0x34,0x3e,0x20,
    0x62,0x61,0x73,0x65,0x54,0x65,0x78,0x20,0x3a,0x20,0x72,0x65,0x67,0x69,0x73,0x74,
    0x65,0x72,0x28,0x74,0x30,0x29,0x3b,0x0a,0x53,0x61,0x6d,0x70,0x6c,0x65,0x72,0x53,
    0x74,0x61,0x74,0x65,0x20,0x62,0x61,0x73,0x65,0x53,0x6d,0x70,0x20,0x3a,0x20,0x72,
    0x65,0x67,0x69,0x73,0x74,0x65,0x72,0x28,0x73,0x30,0x29,0x3b,0x0a,0x54,0x65,0x78,
    0x74,0x75,0x72,0x65,0x32,0x44,0x3c,0x66,0x6c,0x6f,0x61,0x74,0x34,0x3e,0x20,0x62,
    0x6c,0x6f,0x6f,0x6d,0x54,0x65,0x78,0x20,0x3a,0x20,0x72,0x65,0x67,0x69,0x73,0x74,
    0x65,0x72,0x28,0x74,0x31,0x29,0x3b,0x0a,0x53,0x61,0x6d,0x70,0x6c,0x65,0x72,0x53,
    0x74,0x61,0x74,0x65,0x20,0x62,0x6c,0x6f,0x6f,0x6d,0x53,0x6d,0x70,0x20,0x3a,0x20,
    0x72,0x65,0x67,0x69,0x73,0x74,0x65,0x72,0x28,0x73,0x31,0x29,0x3b,0x0a,0x0a,0x73,
    0x74,0x61,0x74,0x69,0x63,0x20,0x66,0x6c,0x6f,0x61,0x74,0x32,0x20,0x75,0x76,0x3b,
    0x0a,0x73,0x74,0x61,0x74,0x69,0x63,0x20,0x66,0x6c,0x6f,0x61,0x74,0x34,0x20,0x66,
    0x72,0x61,0x67,0x5f,0x63,0x6f,0x6c,0x6f,0x72,0x3b,0x0a,0x0a,0x73,0x74,0x72,0x75,
    0x63,0x74,0x20,0x53,0x50,0x49,0x52,0x56,0x5f,0x43,0x72,0x6f,0x73,0x73,0x5f,0x49,
    0x6e,0x70,0x75,0x74,0x0a,0x7b,0x0a,0x20,0x20,0x20,0x20,0x66,0x6c,0x6f,0x61,0x74,
    0x32,0x20,0x75,0x76,0x20,0x3a,0x20,0x54,0x45,0x58,0x43,0x4f,0x4f,0x52,0x44,0x30,
    0x3b,0x0a,0x7d,0x3b,0x0a,0x0a,0x73,0x74,0x72,0x75,0x63,0x74,0x20,0x53,0x50,0x49,
    0x52,0x56,0x5f,0x43,0x72,0x6f,0x73,0x73,0x5f,0x4f,0x75,0x74,0x70,0x75,0x74,0x0a,
    0x7b,0x0a,0x20,0x20,0x20,0x20,0x66,0x6c,0x6f,0x61,0x74,0x34,0x20,0x66,0x72,0x61,
    0x67,0x5f,0x63,0x6f,0x6c,0x6f,0x72,0x20,0x3a,0x20,0x53,0x56,0x5f,0x54,0x61,0x72,
    0x67,0x65,0x74,0x30,0x3b,0x0a,0x7d,0x3b,0x0a,0x0a,0x76,0x6f,0x69,0x64,0x20,0x66,
    0x72,0x61,0x67,0x5f,0x6d,0x61,0x69,0x6e,0x28,0x29,0x0a,0x7b,0x0a,0x20,0x20,0x20,
    0x20,0x66,0x6c,0x6f,0x61,0x74,0x34,0x20,0x5f,0x32,0x34,0x20,0x3d,0x20,0x62,0x61,
    0x73,0x65,0x54,0x65,0x78,0x2e,0x53,0x61,0x6d,0x70,0x6c,0x65,0x28,0x62,0x61,0x73,
    0x65,0x53,0x6d,0x70,0x2c,0x20,0x75,0x76,0x29,0x3b,0x0a,0x20,0x20,0x20,0x20,0x66,
    0x6c,0x6f,0x61,0x74,0x34,0x20,0x5f,0x33,0x33,0x20,0x3d,0x20,0x5f,0x32,0x34,0x20,
    0x2a,0x20,0x5f,0x32,0x37,0x5f,0x63,0x6f,0x6c,0x6f,0x72,0x3b,0x0a,0x20,0x20,0x20,
    0x20,0x66,0x6c,0x6f,0x61,0x74,0x34,0x20,0x5f,0x34,0x33,0x20,0x3d,0x20,0x62,0x6c,
    0x6f,0x6f,0x6d,0x54,0x65,0x78,0x2e,0x53,0x61,0x6d,0x70,0x6c,0x65,0x28,0x62,0x6c,
    0x6f,0x6f,0x6d,0x53,0x6d,0x70,0x2c,0x20,0x75,0x76,0x29,0x3b,0x0a,0x20,0x20,0x20,
    0x20,0x66,0x6c,0x6f,0x61,0x74,0x33,0x20,0x5f,0x34,0x37,0x20,0x3d,0x20,0x6d,0x61,
    0x78,0x28,0x5f,0x34,0x33,0x2e,0x78,0x79,0x7a,0x2c,0x20,0x30,0x2e,0x30,0x66,0x2e,
    0x78,0x78,0x78,0x29,0x3b,0x0a,0x20,0x20,0x20,0x20,0x66,0x6c,0x6f,0x61,0x74,0x20,
    0x5f,0x35,0x35,0x20,0x3d,0x20,0x64,0x6f,0x74,0x28,0x5f,0x34,0x37,0x2c,0x20,0x66,
    0x6c,0x6f,0x61,0x74,0x33,0x28,0x30,0x2e,0x32,0x31,0x32,0x35,0x39,0x39,0x39,0x39,
    0x32,0x37,0x35,0x32,0x30,0x37,0x35,0x31,0x39,0x35,0x33,0x31,0x32,0x35,0x66,0x2c,
    0x20,0x30,0x2e,0x37,0x31,0x35,0x32,0x30,0x30,0x30,0x30,0x36,0x39,0x36,0x31,0x38,
    0x32,0x32,0x35,0x30,0x39,0x37,0x36,0x35,0x36,0x32,0x35,0x66,0x2c,0x20,0x30,0x2e,
    0x30,0x37,0x32,0x32,0x30,0x30,0x30,0x30,0x30,0x32,0x38,0x36,0x31,0x30,0x32,0x32,
    0x39,0x34,0x39,0x32,0x31,0x38,0x37,0x35,0x66,0x29,0x29,0x3b,0x0a,0x20,0x20,0x20,
    0x20,0x66,0x6c,0x6f,0x61,0x74,0x33,0x20,0x72,0x67,0x62,0x20,0x3d,0x20,0x28,0x5f,
    0x33,0x33,0x2e,0x78,0x79,0x7a,0x20,0x2a,0x20,0x6d,0x61,0x78,0x28,0x5f,0x32,0x37,
    0x5f,0x6f,0x70,0x74,0x69,0x6f,0x6e,0x73,0x2e,0x78,0x2c,0x20,0x30,0x2e,0x30,0x66,
    0x29,0x29,0x20,0x2b,0x20,0x28,0x6c,0x65,0x72,0x70,0x28,0x5f,0x35,0x35,0x2e,0x78,
    0x78,0x78,0x2c,0x20,0x5f,0x34,0x37,0x2c,0x20,0x6d,0x61,0x78,0x28,0x5f,0x32,0x37,
    0x5f,0x6f,0x70,0x74,0x69,0x6f,0x6e,0x73,0x2e,0x7a,0x2c,0x20,0x30,0x2e,0x30,0x66,
    0x29,0x2e,0x78,0x78,0x78,0x29,0x20,0x2a,0x20,0x6d,0x61,0x78,0x28,0x5f,0x32,0x37,
    0x5f,0x6f,0x70,0x74,0x69,0x6f,0x6e,0x73,0x2e,0x79,0x2c,0x20,0x30,0x2e,0x30,0x66,
    0x29,0x29,0x3b,0x0a,0x20,0x20,0x20,0x20,0x66,0x6c,0x6f,0x61,0x74,0x20,0x5f,0x38,
    0x37,0x20,0x3d,0x20,0x6d,0x61,0x78,0x28,0x5f,0x32,0x37,0x5f,0x6f,0x70,0x74,0x69,
    0x6f,0x6e,0x73,0x2e,0x77,0x2c,0x20,0x30,0x2e,0x30,0x66,0x29,0x3b,0x0a,0x20,0x20,
    0x20,0x20,0x69,0x66,0x20,0x28,0x5f,0x38,0x37,0x20,0x3e,0x20,0x30,0x2e,0x30,0x66,
    0x29,0x0a,0x20,0x20,0x20,0x20,0x7b,0x0a,0x20,0x20,0x20,0x20,0x20,0x20,0x20,0x20,
    0x72,0x67,0x62,0x20,0x3d,0x20,0x31,0x2e,0x30,0x66,0x2e,0x78,0x78,0x78,0x20,0x2d,
    0x20,0x65,0x78,0x70,0x28,0x28,0x2d,0x6d,0x61,0x78,0x28,0x72,0x67,0x62,0x2c,0x20,
    0x30,0x2e,0x30,0x66,0x2e,0x78,0x78,0x78,0x29,0x29,0x20,0x2a,0x20,0x5f,0x38,0x37,
    0x29,0x3b,0x0a,0x20,0x20,0x20,0x20,0x7d,0x0a,0x20,0x20,0x20,0x20,0x66,0x72,0x61,
    0x67,0x5f,0x63,0x6f,0x6c,0x6f,0x72,0x20,0x3d,0x20,0x66,0x6c,0x6f,0x61,0x74,0x34,
    0x28,0x63,0x6c,0x61,0x6d,0x70,0x28,0x72,0x67,0x62,0x2c,0x20,0x30,0x2e,0x30,0x66,
    0x2e,0x78,0x78,0x78,0x2c,0x20,0x31,0x2e,0x30,0x66,0x2e,0x78,0x78,0x78,0x29,0x2c,
    0x20,0x63,0x6c,0x61,0x6d,0x70,0x28,0x6d,0x61,0x78,0x28,0x5f,0x33,0x33,0x2e,0x77,
    0x2c,0x20,0x5f,0x35,0x35,0x20,0x2a,0x20,0x5f,0x32,0x37,0x5f,0x6f,0x70,0x74,0x69,
    0x6f,0x6e,0x73,0x2e,0x79,0x29,0x2c,0x20,0x30,0x2e,0x30,0x66,0x2c,0x20,0x31,0x2e,
    0x30,0x66,0x29,0x29,0x3b,0x0a,0x7d,0x0a,0x0a,0x53,0x50,0x49,0x52,0x56,0x5f,0x43,
    0x72,0x6f,0x73,0x73,0x5f,0x4f,0x75,0x74,0x70,0x75,0x74,0x20,0x6d,0x61,0x69,0x6e,
    0x28,0x53,0x50,0x49,0x52,0x56,0x5f,0x43,0x72,0x6f,0x73,0x73,0x5f,0x49,0x6e,0x70,
    0x75,0x74,0x20,0x73,0x74,0x61,0x67,0x65,0x5f,0x69,0x6e,0x70,0x75,0x74,0x29,0x0a,
    0x7b,0x0a,0x20,0x20,0x20,0x20,0x75,0x76,0x20,0x3d,0x20,0x73,0x74,0x61,0x67,0x65,
    0x5f,0x69,0x6e,0x70,0x75,0x74,0x2e,0x75,0x76,0x3b,0x0a,0x20,0x20,0x20,0x20,0x66,
    0x72,0x61,0x67,0x5f,0x6d,0x61,0x69,0x6e,0x28,0x29,0x3b,0x0a,0x20,0x20,0x20,0x20,
    0x53,0x50,0x49,0x52,0x56,0x5f,0x43,0x72,0x6f,0x73,0x73,0x5f,0x4f,0x75,0x74,0x70,
    0x75,0x74,0x20,0x73,0x74,0x61,0x67,0x65,0x5f,0x6f,0x75,0x74,0x70,0x75,0x74,0x3b,
    0x0a,0x20,0x20,0x20,0x20,0x73,0x74,0x61,0x67,0x65,0x5f,0x6f,0x75,0x74,0x70,0x75,
    0x74,0x2e,0x66,0x72,0x61,0x67,0x5f,0x63,0x6f,0x6c,0x6f,0x72,0x20,0x3d,0x20,0x66,
    0x72,0x61,0x67,0x5f,0x63,0x6f,0x6c,0x6f,0x72,0x3b,0x0a,0x20,0x20,0x20,0x20,0x72,
    0x65,0x74,0x75,0x72,0x6e,0x20,0x73,0x74,0x61,0x67,0x65,0x5f,0x6f,0x75,0x74,0x70,
    0x75,0x74,0x3b,0x0a,0x7d,0x0a,0x00,
};
/*
    #include <metal_stdlib>
    #include <simd/simd.h>

    using namespace metal;

    struct main0_out
    {
        float2 uv [[user(locn0)]];
        float4 gl_Position [[position]];
    };

    struct main0_in
    {
        float2 position [[attribute(0)]];
        float2 texcoord0 [[attribute(1)]];
    };

    vertex main0_out main0(main0_in in [[stage_in]])
    {
        main0_out out = {};
        out.gl_Position = float4(in.position, 0.0, 1.0);
        out.uv = in.texcoord0;
        return out;
    }

*/
static const uint8_t vs_source_metal_macos[437] = {
    0x23,0x69,0x6e,0x63,0x6c,0x75,0x64,0x65,0x20,0x3c,0x6d,0x65,0x74,0x61,0x6c,0x5f,
    0x73,0x74,0x64,0x6c,0x69,0x62,0x3e,0x0a,0x23,0x69,0x6e,0x63,0x6c,0x75,0x64,0x65,
    0x20,0x3c,0x73,0x69,0x6d,0x64,0x2f,0x73,0x69,0x6d,0x64,0x2e,0x68,0x3e,0x0a,0x0a,
    0x75,0x73,0x69,0x6e,0x67,0x20,0x6e,0x61,0x6d,0x65,0x73,0x70,0x61,0x63,0x65,0x20,
    0x6d,0x65,0x74,0x61,0x6c,0x3b,0x0a,0x0a,0x73,0x74,0x72,0x75,0x63,0x74,0x20,0x6d,
    0x61,0x69,0x6e,0x30,0x5f,0x6f,0x75,0x74,0x0a,0x7b,0x0a,0x20,0x20,0x20,0x20,0x66,
    0x6c,0x6f,0x61,0x74,0x32,0x20,0x75,0x76,0x20,0x5b,0x5b,0x75,0x73,0x65,0x72,0x28,
    0x6c,0x6f,0x63,0x6e,0x30,0x29,0x5d,0x5d,0x3b,0x0a,0x20,0x20,0x20,0x20,0x66,0x6c,
    0x6f,0x61,0x74,0x34,0x20,0x67,0x6c,0x5f,0x50,0x6f,0x73,0x69,0x74,0x69,0x6f,0x6e,
    0x20,0x5b,0x5b,0x70,0x6f,0x73,0x69,0x74,0x69,0x6f,0x6e,0x5d,0x5d,0x3b,0x0a,0x7d,
    0x3b,0x0a,0x0a,0x73,0x74,0x72,0x75,0x63,0x74,0x20,0x6d,0x61,0x69,0x6e,0x30,0x5f,
    0x69,0x6e,0x0a,0x7b,0x0a,0x20,0x20,0x20,0x20,0x66,0x6c,0x6f,0x61,0x74,0x32,0x20,
    0x70,0x6f,0x73,0x69,0x74,0x69,0x6f,0x6e,0x20,0x5b,0x5b,0x61,0x74,0x74,0x72,0x69,
    0x62,0x75,0x74,0x65,0x28,0x30,0x29,0x5d,0x5d,0x3b,0x0a,0x20,0x20,0x20,0x20,0x66,
    0x6c,0x6f,0x61,0x74,0x32,0x20,0x74,0x65,0x78,0x63,0x6f,0x6f,0x72,0x64,0x30,0x20,
    0x5b,0x5b,0x61,0x74,0x74,0x72,0x69,0x62,0x75,0x74,0x65,0x28,0x31,0x29,0x5d,0x5d,
    0x3b,0x0a,0x7d,0x3b,0x0a,0x0a,0x76,0x65,0x72,0x74,0x65,0x78,0x20,0x6d,0x61,0x69,
    0x6e,0x30,0x5f,0x6f,0x75,0x74,0x20,0x6d,0x61,0x69,0x6e,0x30,0x28,0x6d,0x61,0x69,
    0x6e,0x30,0x5f,0x69,0x6e,0x20,0x69,0x6e,0x20,0x5b,0x5b,0x73,0x74,0x61,0x67,0x65,
    0x5f,0x69,0x6e,0x5d,0x5d,0x29,0x0a,0x7b,0x0a,0x20,0x20,0x20,0x20,0x6d,0x61,0x69,
    0x6e,0x30,0x5f,0x6f,0x75,0x74,0x20,0x6f,0x75,0x74,0x20,0x3d,0x20,0x7b,0x7d,0x3b,
    0x0a,0x20,0x20,0x20,0x20,0x6f,0x75,0x74,0x2e,0x67,0x6c,0x5f,0x50,0x6f,0x73,0x69,
    0x74,0x69,0x6f,0x6e,0x20,0x3d,0x20,0x66,0x6c,0x6f,0x61,0x74,0x34,0x28,0x69,0x6e,
    0x2e,0x70,0x6f,0x73,0x69,0x74,0x69,0x6f,0x6e,0x2c,0x20,0x30,0x2e,0x30,0x2c,0x20,
    0x31,0x2e,0x30,0x29,0x3b,0x0a,0x20,0x20,0x20,0x20,0x6f,0x75,0x74,0x2e,0x75,0x76,
    0x20,0x3d,0x20,0x69,0x6e,0x2e,0x74,0x65,0x78,0x63,0x6f,0x6f,0x72,0x64,0x30,0x3b,
    0x0a,0x20,0x20,0x20,0x20,0x72,0x65,0x74,0x75,0x72,0x6e,0x20,0x6f,0x75,0x74,0x3b,
    0x0a,0x7d,0x0a,0x0a,0x00,
};
/*
    #include <metal_stdlib>
    #include <simd/simd.h>

    using namespace metal;

    struct common_params
    {
        float4 color;
        float4 resolution;
        float4 texel;
        float4 options;
    };

    struct main0_out
    {
        float4 frag_color [[color(0)]];
    };

    struct main0_in
    {
        float2 uv [[user(locn0)]];
    };

    fragment main0_out main0(main0_in in [[stage_in]], constant common_params& _27 [[buffer(0)]], texture2d<float> sourceTex [[texture(0)]], sampler sourceSmp [[sampler(0)]])
    {
        main0_out out = {};
        out.frag_color = sourceTex.sample(sourceSmp, in.uv) * _27.color;
        return out;
    }

*/
static const uint8_t fs_copy_source_metal_macos[576] = {
    0x23,0x69,0x6e,0x63,0x6c,0x75,0x64,0x65,0x20,0x3c,0x6d,0x65,0x74,0x61,0x6c,0x5f,
    0x73,0x74,0x64,0x6c,0x69,0x62,0x3e,0x0a,0x23,0x69,0x6e,0x63,0x6c,0x75,0x64,0x65,
    0x20,0x3c,0x73,0x69,0x6d,0x64,0x2f,0x73,0x69,0x6d,0x64,0x2e,0x68,0x3e,0x0a,0x0a,
    0x75,0x73,0x69,0x6e,0x67,0x20,0x6e,0x61,0x6d,0x65,0x73,0x70,0x61,0x63,0x65,0x20,
    0x6d,0x65,0x74,0x61,0x6c,0x3b,0x0a,0x0a,0x73,0x74,0x72,0x75,0x63,0x74,0x20,0x63,
    0x6f,0x6d,0x6d,0x6f,0x6e,0x5f,0x70,0x61,0x72,0x61,0x6d,0x73,0x0a,0x7b,0x0a,0x20,
    0x20,0x20,0x20,0x66,0x6c,0x6f,0x61,0x74,0x34,0x20,0x63,0x6f,0x6c,0x6f,0x72,0x3b,
    0x0a,0x20,0x20,0x20,0x20,0x66,0x6c,0x6f,0x61,0x74,0x34,0x20,0x72,0x65,0x73,0x6f,
    0x6c,0x75,0x74,0x69,0x6f,0x6e,0x3b,0x0a,0x20,0x20,0x20,0x20,0x66,0x6c,0x6f,0x61,
    0x74,0x34,0x20,0x74,0x65,0x78,0x65,0x6c,0x3b,0x0a,0x20,0x20,0x20,0x20,0x66,0x6c,
    0x6f,0x61,0x74,0x34,0x20,0x6f,0x70,0x74,0x69,0x6f,0x6e,0x73,0x3b,0x0a,0x7d,0x3b,
    0x0a,0x0a,0x73,0x74,0x72,0x75,0x63,0x74,0x20,0x6d,0x61,0x69,0x6e,0x30,0x5f,0x6f,
    0x75,0x74,0x0a,0x7b,0x0a,0x20,0x20,0x20,0x20,0x66,0x6c,0x6f,0x61,0x74,0x34,0x20,
    0x66,0x72,0x61,0x67,0x5f,0x63,0x6f,0x6c,0x6f,0x72,0x20,0x5b,0x5b,0x63,0x6f,0x6c,
    0x6f,0x72,0x28,0x30,0x29,0x5d,0x5d,0x3b,0x0a,0x7d,0x3b,0x0a,0x0a,0x73,0x74,0x72,
    0x75,0x63,0x74,0x20,0x6d,0x61,0x69,0x6e,0x30,0x5f,0x69,0x6e,0x0a,0x7b,0x0a,0x20,
    0x20,0x20,0x20,0x66,0x6c,0x6f,0x61,0x74,0x32,0x20,0x75,0x76,0x20,0x5b,0x5b,0x75,
    0x73,0x65,0x72,0x28,0x6c,0x6f,0x63,0x6e,0x30,0x29,0x5d,0x5d,0x3b,0x0a,0x7d,0x3b,
    0x0a,0x0a,0x66,0x72,0x61,0x67,0x6d,0x65,0x6e,0x74,0x20,0x6d,0x61,0x69,0x6e,0x30,
    0x5f,0x6f,0x75,0x74,0x20,0x6d,0x61,0x69,0x6e,0x30,0x28,0x6d,0x61,0x69,0x6e,0x30,
    0x5f,0x69,0x6e,0x20,0x69,0x6e,0x20,0x5b,0x5b,0x73,0x74,0x61,0x67,0x65,0x5f,0x69,
    0x6e,0x5d,0x5d,0x2c,0x20,0x63,0x6f,0x6e,0x73,0x74,0x61,0x6e,0x74,0x20,0x63,0x6f,
    0x6d,0x6d,0x6f,0x6e,0x5f,0x70,0x61,0x72,0x61,0x6d,0x73,0x26,0x20,0x5f,0x32,0x37,
    0x20,0x5b,0x5b,0x62,0x75,0x66,0x66,0x65,0x72,0x28,0x30,0x29,0x5d,0x5d,0x2c,0x20,
    0x74,0x65,0x78,0x74,0x75,0x72,0x65,0x32,0x64,0x3c,0x66,0x6c,0x6f,0x61,0x74,0x3e,
    0x20,0x73,0x6f,0x75,0x72,0x63,0x65,0x54,0x65,0x78,0x20,0x5b,0x5b,0x74,0x65,0x78,
    0x74,0x75,0x72,0x65,0x28,0x30,0x29,0x5d,0x5d,0x2c,0x20,0x73,0x61,0x6d,0x70,0x6c,
    0x65,0x72,0x20,0x73,0x6f,0x75,0x72,0x63,0x65,0x53,0x6d,0x70,0x20,0x5b,0x5b,0x73,
    0x61,0x6d,0x70,0x6c,0x65,0x72,0x28,0x30,0x29,0x5d,0x5d,0x29,0x0a,0x7b,0x0a,0x20,
    0x20,0x20,0x20,0x6d,0x61,0x69,0x6e,0x30,0x5f,0x6f,0x75,0x74,0x20,0x6f,0x75,0x74,
    0x20,0x3d,0x20,0x7b,0x7d,0x3b,0x0a,0x20,0x20,0x20,0x20,0x6f,0x75,0x74,0x2e,0x66,
    0x72,0x61,0x67,0x5f,0x63,0x6f,0x6c,0x6f,0x72,0x20,0x3d,0x20,0x73,0x6f,0x75,0x72,
    0x63,0x65,0x54,0x65,0x78,0x2e,0x73,0x61,0x6d,0x70,0x6c,0x65,0x28,0x73,0x6f,0x75,
    0x72,0x63,0x65,0x53,0x6d,0x70,0x2c,0x20,0x69,0x6e,0x2e,0x75,0x76,0x29,0x20,0x2a,
    0x20,0x5f,0x32,0x37,0x2e,0x63,0x6f,0x6c,0x6f,0x72,0x3b,0x0a,0x20,0x20,0x20,0x20,
    0x72,0x65,0x74,0x75,0x72,0x6e,0x20,0x6f,0x75,0x74,0x3b,0x0a,0x7d,0x0a,0x0a,0x00,

};
/*
    #include <metal_stdlib>
    #include <simd/simd.h>

    using namespace metal;

    struct common_params
    {
        float4 color;
        float4 resolution;
        float4 texel;
        float4 options;
    };

    struct main0_out
    {
        float4 frag_color [[color(0)]];
    };

    fragment main0_out main0(constant common_params& _12 [[buffer(0)]])
    {
        main0_out out = {};
        out.frag_color = _12.color;
        return out;
    }

*/
static const uint8_t fs_clear_source_metal_macos[383] = {
    0x23,0x69,0x6e,0x63,0x6c,0x75,0x64,0x65,0x20,0x3c,0x6d,0x65,0x74,0x61,0x6c,0x5f,
    0x73,0x74,0x64,0x6c,0x69,0x62,0x3e,0x0a,0x23,0x69,0x6e,0x63,0x6c,0x75,0x64,0x65,
    0x20,0x3c,0x73,0x69,0x6d,0x64,0x2f,0x73,0x69,0x6d,0x64,0x2e,0x68,0x3e,0x0a,0x0a,
    0x75,0x73,0x69,0x6e,0x67,0x20,0x6e,0x61,0x6d,0x65,0x73,0x70,0x61,0x63,0x65,0x20,
    0x6d,0x65,0x74,0x61,0x6c,0x3b,0x0a,0x0a,0x73,0x74,0x72,0x75,0x63,0x74,0x20,0x63,
    0x6f,0x6d,0x6d,0x6f,0x6e,0x5f,0x70,0x61,0x72,0x61,0x6d,0x73,0x0a,0x7b,0x0a,0x20,
    0x20,0x20,0x20,0x66,0x6c,0x6f,0x61,0x74,0x34,0x20,0x63,0x6f,0x6c,0x6f,0x72,0x3b,
    0x0a,0x20,0x20,0x20,0x20,0x66,0x6c,0x6f,0x61,0x74,0x34,0x20,0x72,0x65,0x73,0x6f,
    0x6c,0x75,0x74,0x69,0x6f,0x6e,0x3b,0x0a,0x20,0x20,0x20,0x20,0x66,0x6c,0x6f,0x61,
    0x74,0x34,0x20,0x74,0x65,0x78,0x65,0x6c,0x3b,0x0a,0x20,0x20,0x20,0x20,0x66,0x6c,
    0x6f,0x61,0x74,0x34,0x20,0x6f,0x70,0x74,0x69,0x6f,0x6e,0x73,0x3b,0x0a,0x7d,0x3b,
    0x0a,0x0a,0x73,0x74,0x72,0x75,0x63,0x74,0x20,0x6d,0x61,0x69,0x6e,0x30,0x5f,0x6f,
    0x75,0x74,0x0a,0x7b,0x0a,0x20,0x20,0x20,0x20,0x66,0x6c,0x6f,0x61,0x74,0x34,0x20,
    0x66,0x72,0x61,0x67,0x5f,0x63,0x6f,0x6c,0x6f,0x72,0x20,0x5b,0x5b,0x63,0x6f,0x6c,
    0x6f,0x72,0x28,0x30,0x29,0x5d,0x5d,0x3b,0x0a,0x7d,0x3b,0x0a,0x0a,0x66,0x72,0x61,
    0x67,0x6d,0x65,0x6e,0x74,0x20,0x6d,0x61,0x69,0x6e,0x30,0x5f,0x6f,0x75,0x74,0x20,
    0x6d,0x61,0x69,0x6e,0x30,0x28,0x63,0x6f,0x6e,0x73,0x74,0x61,0x6e,0x74,0x20,0x63,
    0x6f,0x6d,0x6d,0x6f,0x6e,0x5f,0x70,0x61,0x72,0x61,0x6d,0x73,0x26,0x20,0x5f,0x31,
    0x32,0x20,0x5b,0x5b,0x62,0x75,0x66,0x66,0x65,0x72,0x28,0x30,0x29,0x5d,0x5d,0x29,
    0x0a,0x7b,0x0a,0x20,0x20,0x20,0x20,0x6d,0x61,0x69,0x6e,0x30,0x5f,0x6f,0x75,0x74,
    0x20,0x6f,0x75,0x74,0x20,0x3d,0x20,0x7b,0x7d,0x3b,0x0a,0x20,0x20,0x20,0x20,0x6f,
    0x75,0x74,0x2e,0x66,0x72,0x61,0x67,0x5f,0x63,0x6f,0x6c,0x6f,0x72,0x20,0x3d,0x20,
    0x5f,0x31,0x32,0x2e,0x63,0x6f,0x6c,0x6f,0x72,0x3b,0x0a,0x20,0x20,0x20,0x20,0x72,
    0x65,0x74,0x75,0x72,0x6e,0x20,0x6f,0x75,0x74,0x3b,0x0a,0x7d,0x0a,0x0a,0x00,
};
/*
    #include <metal_stdlib>
    #include <simd/simd.h>

    using namespace metal;

    struct common_params
    {
        float4 color;
        float4 resolution;
        float4 texel;
        float4 options;
    };

    struct main0_out
    {
        float4 frag_color [[color(0)]];
    };

    struct main0_in
    {
        float2 uv [[user(locn0)]];
    };

    fragment main0_out main0(main0_in in [[stage_in]], constant common_params& _27 [[buffer(0)]], texture2d<float> sourceTex [[texture(0)]], sampler sourceSmp [[sampler(0)]])
    {
        main0_out out = {};
        out.frag_color = (sourceTex.sample(sourceSmp, in.uv) * _27.color) * _27.options.x;
        return out;
    }

*/
static const uint8_t fs_multiply_source_metal_macos[594] = {
    0x23,0x69,0x6e,0x63,0x6c,0x75,0x64,0x65,0x20,0x3c,0x6d,0x65,0x74,0x61,0x6c,0x5f,
    0x73,0x74,0x64,0x6c,0x69,0x62,0x3e,0x0a,0x23,0x69,0x6e,0x63,0x6c,0x75,0x64,0x65,
    0x20,0x3c,0x73,0x69,0x6d,0x64,0x2f,0x73,0x69,0x6d,0x64,0x2e,0x68,0x3e,0x0a,0x0a,
    0x75,0x73,0x69,0x6e,0x67,0x20,0x6e,0x61,0x6d,0x65,0x73,0x70,0x61,0x63,0x65,0x20,
    0x6d,0x65,0x74,0x61,0x6c,0x3b,0x0a,0x0a,0x73,0x74,0x72,0x75,0x63,0x74,0x20,0x63,
    0x6f,0x6d,0x6d,0x6f,0x6e,0x5f,0x70,0x61,0x72,0x61,0x6d,0x73,0x0a,0x7b,0x0a,0x20,
    0x20,0x20,0x20,0x66,0x6c,0x6f,0x61,0x74,0x34,0x20,0x63,0x6f,0x6c,0x6f,0x72,0x3b,
    0x0a,0x20,0x20,0x20,0x20,0x66,0x6c,0x6f,0x61,0x74,0x34,0x20,0x72,0x65,0x73,0x6f,
    0x6c,0x75,0x74,0x69,0x6f,0x6e,0x3b,0x0a,0x20,0x20,0x20,0x20,0x66,0x6c,0x6f,0x61,
    0x74,0x34,0x20,0x74,0x65,0x78,0x65,0x6c,0x3b,0x0a,0x20,0x20,0x20,0x20,0x66,0x6c,
    0x6f,0x61,0x74,0x34,0x20,0x6f,0x70,0x74,0x69,0x6f,0x6e,0x73,0x3b,0x0a,0x7d,0x3b,
    0x0a,0x0a,0x73,0x74,0x72,0x75,0x63,0x74,0x20,0x6d,0x61,0x69,0x6e,0x30,0x5f,0x6f,
    0x75,0x74,0x0a,0x7b,0x0a,0x20,0x20,0x20,0x20,0x66,0x6c,0x6f,0x61,0x74,0x34,0x20,
    0x66,0x72,0x61,0x67,0x5f,0x63,0x6f,0x6c,0x6f,0x72,0x20,0x5b,0x5b,0x63,0x6f,0x6c,
    0x6f,0x72,0x28,0x30,0x29,0x5d,0x5d,0x3b,0x0a,0x7d,0x3b,0x0a,0x0a,0x73,0x74,0x72,
    0x75,0x63,0x74,0x20,0x6d,0x61,0x69,0x6e,0x30,0x5f,0x69,0x6e,0x0a,0x7b,0x0a,0x20,
    0x20,0x20,0x20,0x66,0x6c,0x6f,0x61,0x74,0x32,0x20,0x75,0x76,0x20,0x5b,0x5b,0x75,
    0x73,0x65,0x72,0x28,0x6c,0x6f,0x63,0x6e,0x30,0x29,0x5d,0x5d,0x3b,0x0a,0x7d,0x3b,
    0x0a,0x0a,0x66,0x72,0x61,0x67,0x6d,0x65,0x6e,0x74,0x20,0x6d,0x61,0x69,0x6e,0x30,
    0x5f,0x6f,0x75,0x74,0x20,0x6d,0x61,0x69,0x6e,0x30,0x28,0x6d,0x61,0x69,0x6e,0x30,
    0x5f,0x69,0x6e,0x20,0x69,0x6e,0x20,0x5b,0x5b,0x73,0x74,0x61,0x67,0x65,0x5f,0x69,
    0x6e,0x5d,0x5d,0x2c,0x20,0x63,0x6f,0x6e,0x73,0x74,0x61,0x6e,0x74,0x20,0x63,0x6f,
    0x6d,0x6d,0x6f,0x6e,0x5f,0x70,0x61,0x72,0x61,0x6d,0x73,0x26,0x20,0x5f,0x32,0x37,
    0x20,0x5b,0x5b,0x62,0x75,0x66,0x66,0x65,0x72,0x28,0x30,0x29,0x5d,0x5d,0x2c,0x20,
    0x74,0x65,0x78,0x74,0x75,0x72,0x65,0x32,0x64,0x3c,0x66,0x6c,0x6f,0x61,0x74,0x3e,
    0x20,0x73,0x6f,0x75,0x72,0x63,0x65,0x54,0x65,0x78,0x20,0x5b,0x5b,0x74,0x65,0x78,
    0x74,0x75,0x72,0x65,0x28,0x30,0x29,0x5d,0x5d,0x2c,0x20,0x73,0x61,0x6d,0x70,0x6c,
    0x65,0x72,0x20,0x73,0x6f,0x75,0x72,0x63,0x65,0x53,0x6d,0x70,0x20,0x5b,0x5b,0x73,
    0x61,0x6d,0x70,0x6c,0x65,0x72,0x28,0x30,0x29,0x5d,0x5d,0x29,0x0a,0x7b,0x0a,0x20,
    0x20,0x20,0x20,0x6d,0x61,0x69,0x6e,0x30,0x5f,0x6f,0x75,0x74,0x20,0x6f,0x75,0x74,
    0x20,0x3d,0x20,0x7b,0x7d,0x3b,0x0a,0x20,0x20,0x20,0x20,0x6f,0x75,0x74,0x2e,0x66,
    0x72,0x61,0x67,0x5f,0x63,0x6f,0x6c,0x6f,0x72,0x20,0x3d,0x20,0x28,0x73,0x6f,0x75,
    0x72,0x63,0x65,0x54,0x65,0x78,0x2e,0x73,0x61,0x6d,0x70,0x6c,0x65,0x28,0x73,0x6f,
    0x75,0x72,0x63,0x65,0x53,0x6d,0x70,0x2c,0x20,0x69,0x6e,0x2e,0x75,0x76,0x29,0x20,
    0x2a,0x20,0x5f,0x32,0x37,0x2e,0x63,0x6f,0x6c,0x6f,0x72,0x29,0x20,0x2a,0x20,0x5f,
    0x32,0x37,0x2e,0x6f,0x70,0x74,0x69,0x6f,0x6e,0x73,0x2e,0x78,0x3b,0x0a,0x20,0x20,
    0x20,0x20,0x72,0x65,0x74,0x75,0x72,0x6e,0x20,0x6f,0x75,0x74,0x3b,0x0a,0x7d,0x0a,
    0x0a,0x00,
};
/*
    #pragma clang diagnostic ignored "-Wmissing-prototypes"

    #include <metal_stdlib>
    #include <simd/simd.h>

    using namespace metal;

    struct common_params
    {
        float4 color;
        float4 resolution;
        float4 texel;
        float4 options;
    };

    struct main0_out
    {
        float4 frag_color [[color(0)]];
    };

    struct main0_in
    {
        float2 uv [[user(locn0)]];
    };

    static inline __attribute__((always_inline))
    float luminance(thread const float3& rgb)
    {
        return dot(rgb, float3(0.2125999927520751953125, 0.715200006961822509765625, 0.072200000286102294921875));
    }

    fragment main0_out main0(main0_in in [[stage_in]], constant common_params& _41 [[buffer(0)]], texture2d<float> sourceTex [[texture(0)]], sampler sourceSmp [[sampler(0)]])
    {
        main0_out out = {};
        float4 _47 = sourceTex.sample(sourceSmp, in.uv) * _41.color;
        float3 param = _47.xyz;
        out.frag_color = _47 * step(_41.options.y, luminance(param));
        return out;
    }

*/
static const uint8_t fs_threshold_source_metal_macos[926] = {
    0x23,0x70,0x72,0x61,0x67,0x6d,0x61,0x20,0x63,0x6c,0x61,0x6e,0x67,0x20,0x64,0x69,
    0x61,0x67,0x6e,0x6f,0x73,0x74,0x69,0x63,0x20,0x69,0x67,0x6e,0x6f,0x72,0x65,0x64,
    0x20,0x22,0x2d,0x57,0x6d,0x69,0x73,0x73,0x69,0x6e,0x67,0x2d,0x70,0x72,0x6f,0x74,
    0x6f,0x74,0x79,0x70,0x65,0x73,0x22,0x0a,0x0a,0x23,0x69,0x6e,0x63,0x6c,0x75,0x64,
    0x65,0x20,0x3c,0x6d,0x65,0x74,0x61,0x6c,0x5f,0x73,0x74,0x64,0x6c,0x69,0x62,0x3e,
    0x0a,0x23,0x69,0x6e,0x63,0x6c,0x75,0x64,0x65,0x20,0x3c,0x73,0x69,0x6d,0x64,0x2f,
    0x73,0x69,0x6d,0x64,0x2e,0x68,0x3e,0x0a,0x0a,0x75,0x73,0x69,0x6e,0x67,0x20,0x6e,
    0x61,0x6d,0x65,0x73,0x70,0x61,0x63,0x65,0x20,0x6d,0x65,0x74,0x61,0x6c,0x3b,0x0a,
    0x0a,0x73,0x74,0x72,0x75,0x63,0x74,0x20,0x63,0x6f,0x6d,0x6d,0x6f,0x6e,0x5f,0x70,
    0x61,0x72,0x61,0x6d,0x73,0x0a,0x7b,0x0a,0x20,0x20,0x20,0x20,0x66,0x6c,0x6f,0x61,
    0x74,0x34,0x20,0x63,0x6f,0x6c,0x6f,0x72,0x3b,0x0a,0x20,0x20,0x20,0x20,0x66,0x6c,
    0x6f,0x61,0x74,0x34,0x20,0x72,0x65,0x73,0x6f,0x6c,0x75,0x74,0x69,0x6f,0x6e,0x3b,
    0x0a,0x20,0x20,0x20,0x20,0x66,0x6c,0x6f,0x61,0x74,0x34,0x20,0x74,0x65,0x78,0x65,
    0x6c,0x3b,0x0a,0x20,0x20,0x20,0x20,0x66,0x6c,0x6f,0x61,0x74,0x34,0x20,0x6f,0x70,
    0x74,0x69,0x6f,0x6e,0x73,0x3b,0x0a,0x7d,0x3b,0x0a,0x0a,0x73,0x74,0x72,0x75,0x63,
    0x74,0x20,0x6d,0x61,0x69,0x6e,0x30,0x5f,0x6f,0x75,0x74,0x0a,0x7b,0x0a,0x20,0x20,
    0x20,0x20,0x66,0x6c,0x6f,0x61,0x74,0x34,0x20,0x66,0x72,0x61,0x67,0x5f,0x63,0x6f,
    0x6c,0x6f,0x72,0x20,0x5b,0x5b,0x63,0x6f,0x6c,0x6f,0x72,0x28,0x30,0x29,0x5d,0x5d,
    0x3b,0x0a,0x7d,0x3b,0x0a,0x0a,0x73,0x74,0x72,0x75,0x63,0x74,0x20,0x6d,0x61,0x69,
    0x6e,0x30,0x5f,0x69,0x6e,0x0a,0x7b,0x0a,0x20,0x20,0x20,0x20,0x66,0x6c,0x6f,0x61,
    0x74,0x32,0x20,0x75,0x76,0x20,0x5b,0x5b,0x75,0x73,0x65,0x72,0x28,0x6c,0x6f,0x63,
    0x6e,0x30,0x29,0x5d,0x5d,0x3b,0x0a,0x7d,0x3b,0x0a,0x0a,0x73,0x74,0x61,0x74,0x69,
    0x63,0x20,0x69,0x6e,0x6c,0x69,0x6e,0x65,0x20,0x5f,0x5f,0x61,0x74,0x74,0x72,0x69,
    0x62,0x75,0x74,0x65,0x5f,0x5f,0x28,0x28,0x61,0x6c,0x77,0x61,0x79,0x73,0x5f,0x69,
    0x6e,0x6c,0x69,0x6e,0x65,0x29,0x29,0x0a,0x66,0x6c,0x6f,0x61,0x74,0x20,0x6c,0x75,
    0x6d,0x69,0x6e,0x61,0x6e,0x63,0x65,0x28,0x74,0x68,0x72,0x65,0x61,0x64,0x20,0x63,
    0x6f,0x6e,0x73,0x74,0x20,0x66,0x6c,0x6f,0x61,0x74,0x33,0x26,0x20,0x72,0x67,0x62,
    0x29,0x0a,0x7b,0x0a,0x20,0x20,0x20,0x20,0x72,0x65,0x74,0x75,0x72,0x6e,0x20,0x64,
    0x6f,0x74,0x28,0x72,0x67,0x62,0x2c,0x20,0x66,0x6c,0x6f,0x61,0x74,0x33,0x28,0x30,
    0x2e,0x32,0x31,0x32,0x35,0x39,0x39,0x39,0x39,0x32,0x37,0x35,0x32,0x30,0x37,0x35,
    0x31,0x39,0x35,0x33,0x31,0x32,0x35,0x2c,0x20,0x30,0x2e,0x37,0x31,0x35,0x32,0x30,
    0x30,0x30,0x30,0x36,0x39,0x36,0x31,0x38,0x32,0x32,0x35,0x30,0x39,0x37,0x36,0x35,
    0x36,0x32,0x35,0x2c,0x20,0x30,0x2e,0x30,0x37,0x32,0x32,0x30,0x30,0x30,0x30,0x30,
    0x32,0x38,0x36,0x31,0x30,0x32,0x32,0x39,0x34,0x39,0x32,0x31,0x38,0x37,0x35,0x29,
    0x29,0x3b,0x0a,0x7d,0x0a,0x0a,0x66,0x72,0x61,0x67,0x6d,0x65,0x6e,0x74,0x20,0x6d,
    0x61,0x69,0x6e,0x30,0x5f,0x6f,0x75,0x74,0x20,0x6d,0x61,0x69,0x6e,0x30,0x28,0x6d,
    0x61,0x69,0x6e,0x30,0x5f,0x69,0x6e,0x20,0x69,0x6e,0x20,0x5b,0x5b,0x73,0x74,0x61,
    0x67,0x65,0x5f,0x69,0x6e,0x5d,0x5d,0x2c,0x20,0x63,0x6f,0x6e,0x73,0x74,0x61,0x6e,
    0x74,0x20,0x63,0x6f,0x6d,0x6d,0x6f,0x6e,0x5f,0x70,0x61,0x72,0x61,0x6d,0x73,0x26,
    0x20,0x5f,0x34,0x31,0x20,0x5b,0x5b,0x62,0x75,0x66,0x66,0x65,0x72,0x28,0x30,0x29,
    0x5d,0x5d,0x2c,0x20,0x74,0x65,0x78,0x74,0x75,0x72,0x65,0x32,0x64,0x3c,0x66,0x6c,
    0x6f,0x61,0x74,0x3e,0x20,0x73,0x6f,0x75,0x72,0x63,0x65,0x54,0x65,0x78,0x20,0x5b,
    0x5b,0x74,0x65,0x78,0x74,0x75,0x72,0x65,0x28,0x30,0x29,0x5d,0x5d,0x2c,0x20,0x73,
    0x61,0x6d,0x70,0x6c,0x65,0x72,0x20,0x73,0x6f,0x75,0x72,0x63,0x65,0x53,0x6d,0x70,
    0x20,0x5b,0x5b,0x73,0x61,0x6d,0x70,0x6c,0x65,0x72,0x28,0x30,0x29,0x5d,0x5d,0x29,
    0x0a,0x7b,0x0a,0x20,0x20,0x20,0x20,0x6d,0x61,0x69,0x6e,0x30,0x5f,0x6f,0x75,0x74,
    0x20,0x6f,0x75,0x74,0x20,0x3d,0x20,0x7b,0x7d,0x3b,0x0a,0x20,0x20,0x20,0x20,0x66,
    0x6c,0x6f,0x61,0x74,0x34,0x20,0x5f,0x34,0x37,0x20,0x3d,0x20,0x73,0x6f,0x75,0x72,
    0x63,0x65,0x54,0x65,0x78,0x2e,0x73,0x61,0x6d,0x70,0x6c,0x65,0x28,0x73,0x6f,0x75,
    0x72,0x63,0x65,0x53,0x6d,0x70,0x2c,0x20,0x69,0x6e,0x2e,0x75,0x76,0x29,0x20,0x2a,
    0x20,0x5f,0x34,0x31,0x2e,0x63,0x6f,0x6c,0x6f,0x72,0x3b,0x0a,0x20,0x20,0x20,0x20,
    0x66,0x6c,0x6f,0x61,0x74,0x33,0x20,0x70,0x61,0x72,0x61,0x6d,0x20,0x3d,0x20,0x5f,
    0x34,0x37,0x2e,0x78,0x79,0x7a,0x3b,0x0a,0x20,0x20,0x20,0x20,0x6f,0x75,0x74,0x2e,
    0x66,0x72,0x61,0x67,0x5f,0x63,0x6f,0x6c,0x6f,0x72,0x20,0x3d,0x20,0x5f,0x34,0x37,
    0x20,0x2a,0x20,0x73,0x74,0x65,0x70,0x28,0x5f,0x34,0x31,0x2e,0x6f,0x70,0x74,0x69,
    0x6f,0x6e,0x73,0x2e,0x79,0x2c,0x20,0x6c,0x75,0x6d,0x69,0x6e,0x61,0x6e,0x63,0x65,
    0x28,0x70,0x61,0x72,0x61,0x6d,0x29,0x29,0x3b,0x0a,0x20,0x20,0x20,0x20,0x72,0x65,
    0x74,0x75,0x72,0x6e,0x20,0x6f,0x75,0x74,0x3b,0x0a,0x7d,0x0a,0x0a,0x00,
};
/*
    #include <metal_stdlib>
    #include <simd/simd.h>

    using namespace metal;

    struct common_params
    {
        float4 color;
        float4 resolution;
        float4 texel;
        float4 options;
    };

    struct main0_out
    {
        float4 frag_color [[color(0)]];
    };

    struct main0_in
    {
        float2 uv [[user(locn0)]];
    };

    fragment main0_out main0(main0_in in [[stage_in]], constant common_params& _27 [[buffer(0)]], texture2d<float> sourceTex [[texture(0)]], sampler sourceSmp [[sampler(0)]])
    {
        main0_out out = {};
        float4 _33 = sourceTex.sample(sourceSmp, in.uv) * _27.color;
        float _43 = dot(_33.xyz, float3(0.2125999927520751953125, 0.715200006961822509765625, 0.072200000286102294921875));
        out.frag_color = float4(_43, _43, _43, _33.w);
        return out;
    }

*/
static const uint8_t fs_luminance_source_metal_macos[743] = {
    0x23,0x69,0x6e,0x63,0x6c,0x75,0x64,0x65,0x20,0x3c,0x6d,0x65,0x74,0x61,0x6c,0x5f,
    0x73,0x74,0x64,0x6c,0x69,0x62,0x3e,0x0a,0x23,0x69,0x6e,0x63,0x6c,0x75,0x64,0x65,
    0x20,0x3c,0x73,0x69,0x6d,0x64,0x2f,0x73,0x69,0x6d,0x64,0x2e,0x68,0x3e,0x0a,0x0a,
    0x75,0x73,0x69,0x6e,0x67,0x20,0x6e,0x61,0x6d,0x65,0x73,0x70,0x61,0x63,0x65,0x20,
    0x6d,0x65,0x74,0x61,0x6c,0x3b,0x0a,0x0a,0x73,0x74,0x72,0x75,0x63,0x74,0x20,0x63,
    0x6f,0x6d,0x6d,0x6f,0x6e,0x5f,0x70,0x61,0x72,0x61,0x6d,0x73,0x0a,0x7b,0x0a,0x20,
    0x20,0x20,0x20,0x66,0x6c,0x6f,0x61,0x74,0x34,0x20,0x63,0x6f,0x6c,0x6f,0x72,0x3b,
    0x0a,0x20,0x20,0x20,0x20,0x66,0x6c,0x6f,0x61,0x74,0x34,0x20,0x72,0x65,0x73,0x6f,
    0x6c,0x75,0x74,0x69,0x6f,0x6e,0x3b,0x0a,0x20,0x20,0x20,0x20,0x66,0x6c,0x6f,0x61,
    0x74,0x34,0x20,0x74,0x65,0x78,0x65,0x6c,0x3b,0x0a,0x20,0x20,0x20,0x20,0x66,0x6c,
    0x6f,0x61,0x74,0x34,0x20,0x6f,0x70,0x74,0x69,0x6f,0x6e,0x73,0x3b,0x0a,0x7d,0x3b,
    0x0a,0x0a,0x73,0x74,0x72,0x75,0x63,0x74,0x20,0x6d,0x61,0x69,0x6e,0x30,0x5f,0x6f,
    0x75,0x74,0x0a,0x7b,0x0a,0x20,0x20,0x20,0x20,0x66,0x6c,0x6f,0x61,0x74,0x34,0x20,
    0x66,0x72,0x61,0x67,0x5f,0x63,0x6f,0x6c,0x6f,0x72,0x20,0x5b,0x5b,0x63,0x6f,0x6c,
    0x6f,0x72,0x28,0x30,0x29,0x5d,0x5d,0x3b,0x0a,0x7d,0x3b,0x0a,0x0a,0x73,0x74,0x72,
    0x75,0x63,0x74,0x20,0x6d,0x61,0x69,0x6e,0x30,0x5f,0x69,0x6e,0x0a,0x7b,0x0a,0x20,
    0x20,0x20,0x20,0x66,0x6c,0x6f,0x61,0x74,0x32,0x20,0x75,0x76,0x20,0x5b,0x5b,0x75,
    0x73,0x65,0x72,0x28,0x6c,0x6f,0x63,0x6e,0x30,0x29,0x5d,0x5d,0x3b,0x0a,0x7d,0x3b,
    0x0a,0x0a,0x66,0x72,0x61,0x67,0x6d,0x65,0x6e,0x74,0x20,0x6d,0x61,0x69,0x6e,0x30,
    0x5f,0x6f,0x75,0x74,0x20,0x6d,0x61,0x69,0x6e,0x30,0x28,0x6d,0x61,0x69,0x6e,0x30,
    0x5f,0x69,0x6e,0x20,0x69,0x6e,0x20,0x5b,0x5b,0x73,0x74,0x61,0x67,0x65,0x5f,0x69,
    0x6e,0x5d,0x5d,0x2c,0x20,0x63,0x6f,0x6e,0x73,0x74,0x61,0x6e,0x74,0x20,0x63,0x6f,
    0x6d,0x6d,0x6f,0x6e,0x5f,0x70,0x61,0x72,0x61,0x6d,0x73,0x26,0x20,0x5f,0x32,0x37,
    0x20,0x5b,0x5b,0x62,0x75,0x66,0x66,0x65,0x72,0x28,0x30,0x29,0x5d,0x5d,0x2c,0x20,
    0x74,0x65,0x78,0x74,0x75,0x72,0x65,0x32,0x64,0x3c,0x66,0x6c,0x6f,0x61,0x74,0x3e,
    0x20,0x73,0x6f,0x75,0x72,0x63,0x65,0x54,0x65,0x78,0x20,0x5b,0x5b,0x74,0x65,0x78,
    0x74,0x75,0x72,0x65,0x28,0x30,0x29,0x5d,0x5d,0x2c,0x20,0x73,0x61,0x6d,0x70,0x6c,
    0x65,0x72,0x20,0x73,0x6f,0x75,0x72,0x63,0x65,0x53,0x6d,0x70,0x20,0x5b,0x5b,0x73,
    0x61,0x6d,0x70,0x6c,0x65,0x72,0x28,0x30,0x29,0x5d,0x5d,0x29,0x0a,0x7b,0x0a,0x20,
    0x20,0x20,0x20,0x6d,0x61,0x69,0x6e,0x30,0x5f,0x6f,0x75,0x74,0x20,0x6f,0x75,0x74,
    0x20,0x3d,0x20,0x7b,0x7d,0x3b,0x0a,0x20,0x20,0x20,0x20,0x66,0x6c,0x6f,0x61,0x74,
    0x34,0x20,0x5f,0x33,0x33,0x20,0x3d,0x20,0x73,0x6f,0x75,0x72,0x63,0x65,0x54,0x65,
    0x78,0x2e,0x73,0x61,0x6d,0x70,0x6c,0x65,0x28,0x73,0x6f,0x75,0x72,0x63,0x65,0x53,
    0x6d,0x70,0x2c,0x20,0x69,0x6e,0x2e,0x75,0x76,0x29,0x20,0x2a,0x20,0x5f,0x32,0x37,
    0x2e,0x63,0x6f,0x6c,0x6f,0x72,0x3b,0x0a,0x20,0x20,0x20,0x20,0x66,0x6c,0x6f,0x61,
    0x74,0x20,0x5f,0x34,0x33,0x20,0x3d,0x20,0x64,0x6f,0x74,0x28,0x5f,0x33,0x33,0x2e,
    0x78,0x79,0x7a,0x2c,0x20,0x66,0x6c,0x6f,0x61,0x74,0x33,0x28,0x30,0x2e,0x32,0x31,
    0x32,0x35,0x39,0x39,0x39,0x39,0x32,0x37,0x35,0x32,0x30,0x37,0x35,0x31,0x39,0x35,
    0x33,0x31,0x32,0x35,0x2c,0x20,0x30,0x2e,0x37,0x31,0x35,0x32,0x30,0x30,0x30,0x30,
    0x36,0x39,0x36,0x31,0x38,0x32,0x32,0x35,0x30,0x39,0x37,0x36,0x35,0x36,0x32,0x35,
    0x2c,0x20,0x30,0x2e,0x30,0x37,0x32,0x32,0x30,0x30,0x30,0x30,0x30,0x32,0x38,0x36,
    0x31,0x30,0x32,0x32,0x39,0x34,0x39,0x32,0x31,0x38,0x37,0x35,0x29,0x29,0x3b,0x0a,
    0x20,0x20,0x20,0x20,0x6f,0x75,0x74,0x2e,0x66,0x72,0x61,0x67,0x5f,0x63,0x6f,0x6c,
    0x6f,0x72,0x20,0x3d,0x20,0x66,0x6c,0x6f,0x61,0x74,0x34,0x28,0x5f,0x34,0x33,0x2c,
    0x20,0x5f,0x34,0x33,0x2c,0x20,0x5f,0x34,0x33,0x2c,0x20,0x5f,0x33,0x33,0x2e,0x77,
    0x29,0x3b,0x0a,0x20,0x20,0x20,0x20,0x72,0x65,0x74,0x75,0x72,0x6e,0x20,0x6f,0x75,
    0x74,0x3b,0x0a,0x7d,0x0a,0x0a,0x00,
};
/*
    #include <metal_stdlib>
    #include <simd/simd.h>

    using namespace metal;

    struct common_params
    {
        float4 color;
        float4 resolution;
        float4 texel;
        float4 options;
    };

    struct main0_out
    {
        float4 frag_color [[color(0)]];
    };

    struct main0_in
    {
        float2 uv [[user(locn0)]];
    };

    fragment main0_out main0(main0_in in [[stage_in]], constant common_params& _41 [[buffer(0)]], texture2d<float> sourceTex [[texture(0)]], texture2d<float> compareTex [[texture(1)]], sampler sourceSmp [[sampler(0)]], sampler compareSmp [[sampler(1)]])
    {
        main0_out out = {};
        out.frag_color = abs(sourceTex.sample(sourceSmp, in.uv) - compareTex.sample(compareSmp, in.uv)) * _41.options.x;
        return out;
    }

*/
static const uint8_t fs_difference_source_metal_macos[703] = {
    0x23,0x69,0x6e,0x63,0x6c,0x75,0x64,0x65,0x20,0x3c,0x6d,0x65,0x74,0x61,0x6c,0x5f,
    0x73,0x74,0x64,0x6c,0x69,0x62,0x3e,0x0a,0x23,0x69,0x6e,0x63,0x6c,0x75,0x64,0x65,
    0x20,0x3c,0x73,0x69,0x6d,0x64,0x2f,0x73,0x69,0x6d,0x64,0x2e,0x68,0x3e,0x0a,0x0a,
    0x75,0x73,0x69,0x6e,0x67,0x20,0x6e,0x61,0x6d,0x65,0x73,0x70,0x61,0x63,0x65,0x20,
    0x6d,0x65,0x74,0x61,0x6c,0x3b,0x0a,0x0a,0x73,0x74,0x72,0x75,0x63,0x74,0x20,0x63,
    0x6f,0x6d,0x6d,0x6f,0x6e,0x5f,0x70,0x61,0x72,0x61,0x6d,0x73,0x0a,0x7b,0x0a,0x20,
    0x20,0x20,0x20,0x66,0x6c,0x6f,0x61,0x74,0x34,0x20,0x63,0x6f,0x6c,0x6f,0x72,0x3b,
    0x0a,0x20,0x20,0x20,0x20,0x66,0x6c,0x6f,0x61,0x74,0x34,0x20,0x72,0x65,0x73,0x6f,
    0x6c,0x75,0x74,0x69,0x6f,0x6e,0x3b,0x0a,0x20,0x20,0x20,0x20,0x66,0x6c,0x6f,0x61,
    0x74,0x34,0x20,0x74,0x65,0x78,0x65,0x6c,0x3b,0x0a,0x20,0x20,0x20,0x20,0x66,0x6c,
    0x6f,0x61,0x74,0x34,0x20,0x6f,0x70,0x74,0x69,0x6f,0x6e,0x73,0x3b,0x0a,0x7d,0x3b,
    0x0a,0x0a,0x73,0x74,0x72,0x75,0x63,0x74,0x20,0x6d,0x61,0x69,0x6e,0x30,0x5f,0x6f,
    0x75,0x74,0x0a,0x7b,0x0a,0x20,0x20,0x20,0x20,0x66,0x6c,0x6f,0x61,0x74,0x34,0x20,
    0x66,0x72,0x61,0x67,0x5f,0x63,0x6f,0x6c,0x6f,0x72,0x20,0x5b,0x5b,0x63,0x6f,0x6c,
    0x6f,0x72,0x28,0x30,0x29,0x5d,0x5d,0x3b,0x0a,0x7d,0x3b,0x0a,0x0a,0x73,0x74,0x72,
    0x75,0x63,0x74,0x20,0x6d,0x61,0x69,0x6e,0x30,0x5f,0x69,0x6e,0x0a,0x7b,0x0a,0x20,
    0x20,0x20,0x20,0x66,0x6c,0x6f,0x61,0x74,0x32,0x20,0x75,0x76,0x20,0x5b,0x5b,0x75,
    0x73,0x65,0x72,0x28,0x6c,0x6f,0x63,0x6e,0x30,0x29,0x5d,0x5d,0x3b,0x0a,0x7d,0x3b,
    0x0a,0x0a,0x66,0x72,0x61,0x67,0x6d,0x65,0x6e,0x74,0x20,0x6d,0x61,0x69,0x6e,0x30,
    0x5f,0x6f,0x75,0x74,0x20,0x6d,0x61,0x69,0x6e,0x30,0x28,0x6d,0x61,0x69,0x6e,0x30,
    0x5f,0x69,0x6e,0x20,0x69,0x6e,0x20,0x5b,0x5b,0x73,0x74,0x61,0x67,0x65,0x5f,0x69,
    0x6e,0x5d,0x5d,0x2c,0x20,0x63,0x6f,0x6e,0x73,0x74,0x61,0x6e,0x74,0x20,0x63,0x6f,
    0x6d,0x6d,0x6f,0x6e,0x5f,0x70,0x61,0x72,0x61,0x6d,0x73,0x26,0x20,0x5f,0x34,0x31,
    0x20,0x5b,0x5b,0x62,0x75,0x66,0x66,0x65,0x72,0x28,0x30,0x29,0x5d,0x5d,0x2c,0x20,
    0x74,0x65,0x78,0x74,0x75,0x72,0x65,0x32,0x64,0x3c,0x66,0x6c,0x6f,0x61,0x74,0x3e,
    0x20,0x73,0x6f,0x75,0x72,0x63,0x65,0x54,0x65,0x78,0x20,0x5b,0x5b,0x74,0x65,0x78,
    0x74,0x75,0x72,0x65,0x28,0x30,0x29,0x5d,0x5d,0x2c,0x20,0x74,0x65,0x78,0x74,0x75,
    0x72,0x65,0x32,0x64,0x3c,0x66,0x6c,0x6f,0x61,0x74,0x3e,0x20,0x63,0x6f,0x6d,0x70,
    0x61,0x72,0x65,0x54,0x65,0x78,0x20,0x5b,0x5b,0x74,0x65,0x78,0x74,0x75,0x72,0x65,
    0x28,0x31,0x29,0x5d,0x5d,0x2c,0x20,0x73,0x61,0x6d,0x70,0x6c,0x65,0x72,0x20,0x73,
    0x6f,0x75,0x72,0x63,0x65,0x53,0x6d,0x70,0x20,0x5b,0x5b,0x73,0x61,0x6d,0x70,0x6c,
    0x65,0x72,0x28,0x30,0x29,0x5d,0x5d,0x2c,0x20,0x73,0x61,0x6d,0x70,0x6c,0x65,0x72,
    0x20,0x63,0x6f,0x6d,0x70,0x61,0x72,0x65,0x53,0x6d,0x70,0x20,0x5b,0x5b,0x73,0x61,
    0x6d,0x70,0x6c,0x65,0x72,0x28,0x31,0x29,0x5d,0x5d,0x29,0x0a,0x7b,0x0a,0x20,0x20,
    0x20,0x20,0x6d,0x61,0x69,0x6e,0x30,0x5f,0x6f,0x75,0x74,0x20,0x6f,0x75,0x74,0x20,
    0x3d,0x20,0x7b,0x7d,0x3b,0x0a,0x20,0x20,0x20,0x20,0x6f,0x75,0x74,0x2e,0x66,0x72,
    0x61,0x67,0x5f,0x63,0x6f,0x6c,0x6f,0x72,0x20,0x3d,0x20,0x61,0x62,0x73,0x28,0x73,
    0x6f,0x75,0x72,0x63,0x65,0x54,0x65,0x78,0x2e,0x73,0x61,0x6d,0x70,0x6c,0x65,0x28,
    0x73,0x6f,0x75,0x72,0x63,0x65,0x53,0x6d,0x70,0x2c,0x20,0x69,0x6e,0x2e,0x75,0x76,
    0x29,0x20,0x2d,0x20,0x63,0x6f,0x6d,0x70,0x61,0x72,0x65,0x54,0x65,0x78,0x2e,0x73,
    0x61,0x6d,0x70,0x6c,0x65,0x28,0x63,0x6f,0x6d,0x70,0x61,0x72,0x65,0x53,0x6d,0x70,
    0x2c,0x20,0x69,0x6e,0x2e,0x75,0x76,0x29,0x29,0x20,0x2a,0x20,0x5f,0x34,0x31,0x2e,
    0x6f,0x70,0x74,0x69,0x6f,0x6e,0x73,0x2e,0x78,0x3b,0x0a,0x20,0x20,0x20,0x20,0x72,
    0x65,0x74,0x75,0x72,0x6e,0x20,0x6f,0x75,0x74,0x3b,0x0a,0x7d,0x0a,0x0a,0x00,
};
/*
    #include <metal_stdlib>
    #include <simd/simd.h>

    using namespace metal;

    struct common_params
    {
        float4 color;
        float4 resolution;
        float4 texel;
        float4 options;
    };

    struct main0_out
    {
        float4 frag_color [[color(0)]];
    };

    struct main0_in
    {
        float2 uv [[user(locn0)]];
    };

    fragment main0_out main0(main0_in in [[stage_in]], constant common_params& _13 [[buffer(0)]], texture2d<float> sourceTex [[texture(0)]], sampler sourceSmp [[sampler(0)]])
    {
        main0_out out = {};
        float2 _29 = float2(_13.texel.x, 0.0) * fast::max(_13.options.z, 1.0);
        float2 _54 = _29 * 1.3846149444580078125;
        float2 _78 = _29 * 3.2307689189910888671875;
        out.frag_color = ((((sourceTex.sample(sourceSmp, in.uv) * 0.227026998996734619140625) + (sourceTex.sample(sourceSmp, (in.uv + _54)) * 0.316215991973876953125)) + (sourceTex.sample(sourceSmp, (in.uv - _54)) * 0.316215991973876953125)) + (sourceTex.sample(sourceSmp, (in.uv + _78)) * 0.070270001888275146484375)) + (sourceTex.sample(sourceSmp, (in.uv - _78)) * 0.070270001888275146484375);
        return out;
    }

*/
static const uint8_t fs_blur_horizontal_source_metal_macos[1069] = {
    0x23,0x69,0x6e,0x63,0x6c,0x75,0x64,0x65,0x20,0x3c,0x6d,0x65,0x74,0x61,0x6c,0x5f,
    0x73,0x74,0x64,0x6c,0x69,0x62,0x3e,0x0a,0x23,0x69,0x6e,0x63,0x6c,0x75,0x64,0x65,
    0x20,0x3c,0x73,0x69,0x6d,0x64,0x2f,0x73,0x69,0x6d,0x64,0x2e,0x68,0x3e,0x0a,0x0a,
    0x75,0x73,0x69,0x6e,0x67,0x20,0x6e,0x61,0x6d,0x65,0x73,0x70,0x61,0x63,0x65,0x20,
    0x6d,0x65,0x74,0x61,0x6c,0x3b,0x0a,0x0a,0x73,0x74,0x72,0x75,0x63,0x74,0x20,0x63,
    0x6f,0x6d,0x6d,0x6f,0x6e,0x5f,0x70,0x61,0x72,0x61,0x6d,0x73,0x0a,0x7b,0x0a,0x20,
    0x20,0x20,0x20,0x66,0x6c,0x6f,0x61,0x74,0x34,0x20,0x63,0x6f,0x6c,0x6f,0x72,0x3b,
    0x0a,0x20,0x20,0x20,0x20,0x66,0x6c,0x6f,0x61,0x74,0x34,0x20,0x72,0x65,0x73,0x6f,
    0x6c,0x75,0x74,0x69,0x6f,0x6e,0x3b,0x0a,0x20,0x20,0x20,0x20,0x66,0x6c,0x6f,0x61,
    0x74,0x34,0x20,0x74,0x65,0x78,0x65,0x6c,0x3b,0x0a,0x20,0x20,0x20,0x20,0x66,0x6c,
    0x6f,0x61,0x74,0x34,0x20,0x6f,0x70,0x74,0x69,0x6f,0x6e,0x73,0x3b,0x0a,0x7d,0x3b,
    0x0a,0x0a,0x73,0x74,0x72,0x75,0x63,0x74,0x20,0x6d,0x61,0x69,0x6e,0x30,0x5f,0x6f,
    0x75,0x74,0x0a,0x7b,0x0a,0x20,0x20,0x20,0x20,0x66,0x6c,0x6f,0x61,0x74,0x34,0x20,
    0x66,0x72,0x61,0x67,0x5f,0x63,0x6f,0x6c,0x6f,0x72,0x20,0x5b,0x5b,0x63,0x6f,0x6c,
    0x6f,0x72,0x28,0x30,0x29,0x5d,0x5d,0x3b,0x0a,0x7d,0x3b,0x0a,0x0a,0x73,0x74,0x72,
    0x75,0x63,0x74,0x20,0x6d,0x61,0x69,0x6e,0x30,0x5f,0x69,0x6e,0x0a,0x7b,0x0a,0x20,
    0x20,0x20,0x20,0x66,0x6c,0x6f,0x61,0x74,0x32,0x20,0x75,0x76,0x20,0x5b,0x5b,0x75,
    0x73,0x65,0x72,0x28,0x6c,0x6f,0x63,0x6e,0x30,0x29,0x5d,0x5d,0x3b,0x0a,0x7d,0x3b,
    0x0a,0x0a,0x66,0x72,0x61,0x67,0x6d,0x65,0x6e,0x74,0x20,0x6d,0x61,0x69,0x6e,0x30,
    0x5f,0x6f,0x75,0x74,0x20,0x6d,0x61,0x69,0x6e,0x30,0x28,0x6d,0x61,0x69,0x6e,0x30,
    0x5f,0x69,0x6e,0x20,0x69,0x6e,0x20,0x5b,0x5b,0x73,0x74,0x61,0x67,0x65,0x5f,0x69,
    0x6e,0x5d,0x5d,0x2c,0x20,0x63,0x6f,0x6e,0x73,0x74,0x61,0x6e,0x74,0x20,0x63,0x6f,
    0x6d,0x6d,0x6f,0x6e,0x5f,0x70,0x61,0x72,0x61,0x6d,0x73,0x26,0x20,0x5f,0x31,0x33,
    0x20,0x5b,0x5b,0x62,0x75,0x66,0x66,0x65,0x72,0x28,0x30,0x29,0x5d,0x5d,0x2c,0x20,
    0x74,0x65,0x78,0x74,0x75,0x72,0x65,0x32,0x64,0x3c,0x66,0x6c,0x6f,0x61,0x74,0x3e,
    0x20,0x73,0x6f,0x75,0x72,0x63,0x65,0x54,0x65,0x78,0x20,0x5b,0x5b,0x74,0x65,0x78,
    0x74,0x75,0x72,0x65,0x28,0x30,0x29,0x5d,0x5d,0x2c,0x20,0x73,0x61,0x6d,0x70,0x6c,
    0x65,0x72,0x20,0x73,0x6f,0x75,0x72,0x63,0x65,0x53,0x6d,0x70,0x20,0x5b,0x5b,0x73,
    0x61,0x6d,0x70,0x6c,0x65,0x72,0x28,0x30,0x29,0x5d,0x5d,0x29,0x0a,0x7b,0x0a,0x20,
    0x20,0x20,0x20,0x6d,0x61,0x69,0x6e,0x30,0x5f,0x6f,0x75,0x74,0x20,0x6f,0x75,0x74,
    0x20,0x3d,0x20,0x7b,0x7d,0x3b,0x0a,0x20,0x20,0x20,0x20,0x66,0x6c,0x6f,0x61,0x74,
    0x32,0x20,0x5f,0x32,0x39,0x20,0x3d,0x20,0x66,0x6c,0x6f,0x61,0x74,0x32,0x28,0x5f,
    0x31,0x33,0x2e,0x74,0x65,0x78,0x65,0x6c,0x2e,0x78,0x2c,0x20,0x30,0x2e,0x30,0x29,
    0x20,0x2a,0x20,0x66,0x61,0x73,0x74,0x3a,0x3a,0x6d,0x61,0x78,0x28,0x5f,0x31,0x33,
    0x2e,0x6f,0x70,0x74,0x69,0x6f,0x6e,0x73,0x2e,0x7a,0x2c,0x20,0x31,0x2e,0x30,0x29,
    0x3b,0x0a,0x20,0x20,0x20,0x20,0x66,0x6c,0x6f,0x61,0x74,0x32,0x20,0x5f,0x35,0x34,
    0x20,0x3d,0x20,0x5f,0x32,0x39,0x20,0x2a,0x20,0x31,0x2e,0x33,0x38,0x34,0x36,0x31,
    0x34,0x39,0x34,0x34,0x34,0x35,0x38,0x30,0x30,0x37,0x38,0x31,0x32,0x35,0x3b,0x0a,
    0x20,0x20,0x20,0x20,0x66,0x6c,0x6f,0x61,0x74,0x32,0x20,0x5f,0x37,0x38,0x20,0x3d,
    0x20,0x5f,0x32,0x39,0x20,0x2a,0x20,0x33,0x2e,0x32,0x33,0x30,0x37,0x36,0x38,0x39,
    0x31,0x38,0x39,0x39,0x31,0x30,0x38,0x38,0x38,0x36,0x37,0x31,0x38,0x37,0x35,0x3b,
    0x0a,0x20,0x20,0x20,0x20,0x6f,0x75,0x74,0x2e,0x66,0x72,0x61,0x67,0x5f,0x63,0x6f,
    0x6c,0x6f,0x72,0x20,0x3d,0x20,0x28,0x28,0x28,0x28,0x73,0x6f,0x75,0x72,0x63,0x65,
    0x54,0x65,0x78,0x2e,0x73,0x61,0x6d,0x70,0x6c,0x65,0x28,0x73,0x6f,0x75,0x72,0x63,
    0x65,0x53,0x6d,0x70,0x2c,0x20,0x69,0x6e,0x2e,0x75,0x76,0x29,0x20,0x2a,0x20,0x30,
    0x2e,0x32,0x32,0x37,0x30,0x32,0x36,0x39,0x39,0x38,0x39,0x39,0x36,0x37,0x33,0x34,
    0x36,0x31,0x39,0x31,0x34,0x30,0x36,0x32,0x35,0x29,0x20,0x2b,0x20,0x28,0x73,0x6f,
    0x75,0x72,0x63,0x65,0x54,0x65,0x78,0x2e,0x73,0x61,0x6d,0x70,0x6c,0x65,0x28,0x73,
    0x6f,0x75,0x72,0x63,0x65,0x53,0x6d,0x70,0x2c,0x20,0x28,0x69,0x6e,0x2e,0x75,0x76,
    0x20,0x2b,0x20,0x5f,0x35,0x34,0x29,0x29,0x20,0x2a,0x20,0x30,0x2e,0x33,0x31,0x36,
    0x32,0x31,0x35,0x39,0x39,0x31,0x39,0x37,0x33,0x38,0x37,0x36,0x39,0x35,0x33,0x31,
    0x32,0x35,0x29,0x29,0x20,0x2b,0x20,0x28,0x73,0x6f,0x75,0x72,0x63,0x65,0x54,0x65,
    0x78,0x2e,0x73,0x61,0x6d,0x70,0x6c,0x65,0x28,0x73,0x6f,0x75,0x72,0x63,0x65,0x53,
    0x6d,0x70,0x2c,0x20,0x28,0x69,0x6e,0x2e,0x75,0x76,0x20,0x2d,0x20,0x5f,0x35,0x34,
    0x29,0x29,0x20,0x2a,0x20,0x30,0x2e,0x33,0x31,0x36,0x32,0x31,0x35,0x39,0x39,0x31,
    0x39,0x37,0x33,0x38,0x37,0x36,0x39,0x35,0x33,0x31,0x32,0x35,0x29,0x29,0x20,0x2b,
    0x20,0x28,0x73,0x6f,0x75,0x72,0x63,0x65,0x54,0x65,0x78,0x2e,0x73,0x61,0x6d,0x70,
    0x6c,0x65,0x28,0x73,0x6f,0x75,0x72,0x63,0x65,0x53,0x6d,0x70,0x2c,0x20,0x28,0x69,
    0x6e,0x2e,0x75,0x76,0x20,0x2b,0x20,0x5f,0x37,0x38,0x29,0x29,0x20,0x2a,0x20,0x30,
    0x2e,0x30,0x37,0x30,0x32,0x37,0x30,0x30,0x30,0x31,0x38,0x38,0x38,0x32,0x37,0x35,
    0x31,0x34,0x36,0x34,0x38,0x34,0x33,0x37,0x35,0x29,0x29,0x20,0x2b,0x20,0x28,0x73,
    0x6f,0x75,0x72,0x63,0x65,0x54,0x65,0x78,0x2e,0x73,0x61,0x6d,0x70,0x6c,0x65,0x28,
    0x73,0x6f,0x75,0x72,0x63,0x65,0x53,0x6d,0x70,0x2c,0x20,0x28,0x69,0x6e,0x2e,0x75,
    0x76,0x20,0x2d,0x20,0x5f,0x37,0x38,0x29,0x29,0x20,0x2a,0x20,0x30,0x2e,0x30,0x37,
    0x30,0x32,0x37,0x30,0x30,0x30,0x31,0x38,0x38,0x38,0x32,0x37,0x35,0x31,0x34,0x36,
    0x34,0x38,0x34,0x33,0x37,0x35,0x29,0x3b,0x0a,0x20,0x20,0x20,0x20,0x72,0x65,0x74,
    0x75,0x72,0x6e,0x20,0x6f,0x75,0x74,0x3b,0x0a,0x7d,0x0a,0x0a,0x00,
};
/*
    #include <metal_stdlib>
    #include <simd/simd.h>

    using namespace metal;

    struct common_params
    {
        float4 color;
        float4 resolution;
        float4 texel;
        float4 options;
    };

    struct main0_out
    {
        float4 frag_color [[color(0)]];
    };

    struct main0_in
    {
        float2 uv [[user(locn0)]];
    };

    fragment main0_out main0(main0_in in [[stage_in]], constant common_params& _14 [[buffer(0)]], texture2d<float> sourceTex [[texture(0)]], sampler sourceSmp [[sampler(0)]])
    {
        main0_out out = {};
        float2 _29 = float2(0.0, _14.texel.y) * fast::max(_14.options.z, 1.0);
        float2 _54 = _29 * 1.3846149444580078125;
        float2 _78 = _29 * 3.2307689189910888671875;
        out.frag_color = ((((sourceTex.sample(sourceSmp, in.uv) * 0.227026998996734619140625) + (sourceTex.sample(sourceSmp, (in.uv + _54)) * 0.316215991973876953125)) + (sourceTex.sample(sourceSmp, (in.uv - _54)) * 0.316215991973876953125)) + (sourceTex.sample(sourceSmp, (in.uv + _78)) * 0.070270001888275146484375)) + (sourceTex.sample(sourceSmp, (in.uv - _78)) * 0.070270001888275146484375);
        return out;
    }

*/
static const uint8_t fs_blur_vertical_source_metal_macos[1069] = {
    0x23,0x69,0x6e,0x63,0x6c,0x75,0x64,0x65,0x20,0x3c,0x6d,0x65,0x74,0x61,0x6c,0x5f,
    0x73,0x74,0x64,0x6c,0x69,0x62,0x3e,0x0a,0x23,0x69,0x6e,0x63,0x6c,0x75,0x64,0x65,
    0x20,0x3c,0x73,0x69,0x6d,0x64,0x2f,0x73,0x69,0x6d,0x64,0x2e,0x68,0x3e,0x0a,0x0a,
    0x75,0x73,0x69,0x6e,0x67,0x20,0x6e,0x61,0x6d,0x65,0x73,0x70,0x61,0x63,0x65,0x20,
    0x6d,0x65,0x74,0x61,0x6c,0x3b,0x0a,0x0a,0x73,0x74,0x72,0x75,0x63,0x74,0x20,0x63,
    0x6f,0x6d,0x6d,0x6f,0x6e,0x5f,0x70,0x61,0x72,0x61,0x6d,0x73,0x0a,0x7b,0x0a,0x20,
    0x20,0x20,0x20,0x66,0x6c,0x6f,0x61,0x74,0x34,0x20,0x63,0x6f,0x6c,0x6f,0x72,0x3b,
    0x0a,0x20,0x20,0x20,0x20,0x66,0x6c,0x6f,0x61,0x74,0x34,0x20,0x72,0x65,0x73,0x6f,
    0x6c,0x75,0x74,0x69,0x6f,0x6e,0x3b,0x0a,0x20,0x20,0x20,0x20,0x66,0x6c,0x6f,0x61,
    0x74,0x34,0x20,0x74,0x65,0x78,0x65,0x6c,0x3b,0x0a,0x20,0x20,0x20,0x20,0x66,0x6c,
    0x6f,0x61,0x74,0x34,0x20,0x6f,0x70,0x74,0x69,0x6f,0x6e,0x73,0x3b,0x0a,0x7d,0x3b,
    0x0a,0x0a,0x73,0x74,0x72,0x75,0x63,0x74,0x20,0x6d,0x61,0x69,0x6e,0x30,0x5f,0x6f,
    0x75,0x74,0x0a,0x7b,0x0a,0x20,0x20,0x20,0x20,0x66,0x6c,0x6f,0x61,0x74,0x34,0x20,
    0x66,0x72,0x61,0x67,0x5f,0x63,0x6f,0x6c,0x6f,0x72,0x20,0x5b,0x5b,0x63,0x6f,0x6c,
    0x6f,0x72,0x28,0x30,0x29,0x5d,0x5d,0x3b,0x0a,0x7d,0x3b,0x0a,0x0a,0x73,0x74,0x72,
    0x75,0x63,0x74,0x20,0x6d,0x61,0x69,0x6e,0x30,0x5f,0x69,0x6e,0x0a,0x7b,0x0a,0x20,
    0x20,0x20,0x20,0x66,0x6c,0x6f,0x61,0x74,0x32,0x20,0x75,0x76,0x20,0x5b,0x5b,0x75,
    0x73,0x65,0x72,0x28,0x6c,0x6f,0x63,0x6e,0x30,0x29,0x5d,0x5d,0x3b,0x0a,0x7d,0x3b,
    0x0a,0x0a,0x66,0x72,0x61,0x67,0x6d,0x65,0x6e,0x74,0x20,0x6d,0x61,0x69,0x6e,0x30,
    0x5f,0x6f,0x75,0x74,0x20,0x6d,0x61,0x69,0x6e,0x30,0x28,0x6d,0x61,0x69,0x6e,0x30,
    0x5f,0x69,0x6e,0x20,0x69,0x6e,0x20,0x5b,0x5b,0x73,0x74,0x61,0x67,0x65,0x5f,0x69,
    0x6e,0x5d,0x5d,0x2c,0x20,0x63,0x6f,0x6e,0x73,0x74,0x61,0x6e,0x74,0x20,0x63,0x6f,
    0x6d,0x6d,0x6f,0x6e,0x5f,0x70,0x61,0x72,0x61,0x6d,0x73,0x26,0x20,0x5f,0x31,0x34,
    0x20,0x5b,0x5b,0x62,0x75,0x66,0x66,0x65,0x72,0x28,0x30,0x29,0x5d,0x5d,0x2c,0x20,
    0x74,0x65,0x78,0x74,0x75,0x72,0x65,0x32,0x64,0x3c,0x66,0x6c,0x6f,0x61,0x74,0x3e,
    0x20,0x73,0x6f,0x75,0x72,0x63,0x65,0x54,0x65,0x78,0x20,0x5b,0x5b,0x74,0x65,0x78,
    0x74,0x75,0x72,0x65,0x28,0x30,0x29,0x5d,0x5d,0x2c,0x20,0x73,0x61,0x6d,0x70,0x6c,
    0x65,0x72,0x20,0x73,0x6f,0x75,0x72,0x63,0x65,0x53,0x6d,0x70,0x20,0x5b,0x5b,0x73,
    0x61,0x6d,0x70,0x6c,0x65,0x72,0x28,0x30,0x29,0x5d,0x5d,0x29,0x0a,0x7b,0x0a,0x20,
    0x20,0x20,0x20,0x6d,0x61,0x69,0x6e,0x30,0x5f,0x6f,0x75,0x74,0x20,0x6f,0x75,0x74,
    0x20,0x3d,0x20,0x7b,0x7d,0x3b,0x0a,0x20,0x20,0x20,0x20,0x66,0x6c,0x6f,0x61,0x74,
    0x32,0x20,0x5f,0x32,0x39,0x20,0x3d,0x20,0x66,0x6c,0x6f,0x61,0x74,0x32,0x28,0x30,
    0x2e,0x30,0x2c,0x20,0x5f,0x31,0x34,0x2e,0x74,0x65,0x78,0x65,0x6c,0x2e,0x79,0x29,
    0x20,0x2a,0x20,0x66,0x61,0x73,0x74,0x3a,0x3a,0x6d,0x61,0x78,0x28,0x5f,0x31,0x34,
    0x2e,0x6f,0x70,0x74,0x69,0x6f,0x6e,0x73,0x2e,0x7a,0x2c,0x20,0x31,0x2e,0x30,0x29,
    0x3b,0x0a,0x20,0x20,0x20,0x20,0x66,0x6c,0x6f,0x61,0x74,0x32,0x20,0x5f,0x35,0x34,
    0x20,0x3d,0x20,0x5f,0x32,0x39,0x20,0x2a,0x20,0x31,0x2e,0x33,0x38,0x34,0x36,0x31,
    0x34,0x39,0x34,0x34,0x34,0x35,0x38,0x30,0x30,0x37,0x38,0x31,0x32,0x35,0x3b,0x0a,
    0x20,0x20,0x20,0x20,0x66,0x6c,0x6f,0x61,0x74,0x32,0x20,0x5f,0x37,0x38,0x20,0x3d,
    0x20,0x5f,0x32,0x39,0x20,0x2a,0x20,0x33,0x2e,0x32,0x33,0x30,0x37,0x36,0x38,0x39,
    0x31,0x38,0x39,0x39,0x31,0x30,0x38,0x38,0x38,0x36,0x37,0x31,0x38,0x37,0x35,0x3b,
    0x0a,0x20,0x20,0x20,0x20,0x6f,0x75,0x74,0x2e,0x66,0x72,0x61,0x67,0x5f,0x63,0x6f,
    0x6c,0x6f,0x72,0x20,0x3d,0x20,0x28,0x28,0x28,0x28,0x73,0x6f,0x75,0x72,0x63,0x65,
    0x54,0x65,0x78,0x2e,0x73,0x61,0x6d,0x70,0x6c,0x65,0x28,0x73,0x6f,0x75,0x72,0x63,
    0x65,0x53,0x6d,0x70,0x2c,0x20,0x69,0x6e,0x2e,0x75,0x76,0x29,0x20,0x2a,0x20,0x30,
    0x2e,0x32,0x32,0x37,0x30,0x32,0x36,0x39,0x39,0x38,0x39,0x39,0x36,0x37,0x33,0x34,
    0x36,0x31,0x39,0x31,0x34,0x30,0x36,0x32,0x35,0x29,0x20,0x2b,0x20,0x28,0x73,0x6f,
    0x75,0x72,0x63,0x65,0x54,0x65,0x78,0x2e,0x73,0x61,0x6d,0x70,0x6c,0x65,0x28,0x73,
    0x6f,0x75,0x72,0x63,0x65,0x53,0x6d,0x70,0x2c,0x20,0x28,0x69,0x6e,0x2e,0x75,0x76,
    0x20,0x2b,0x20,0x5f,0x35,0x34,0x29,0x29,0x20,0x2a,0x20,0x30,0x2e,0x33,0x31,0x36,
    0x32,0x31,0x35,0x39,0x39,0x31,0x39,0x37,0x33,0x38,0x37,0x36,0x39,0x35,0x33,0x31,
    0x32,0x35,0x29,0x29,0x20,0x2b,0x20,0x28,0x73,0x6f,0x75,0x72,0x63,0x65,0x54,0x65,
    0x78,0x2e,0x73,0x61,0x6d,0x70,0x6c,0x65,0x28,0x73,0x6f,0x75,0x72,0x63,0x65,0x53,
    0x6d,0x70,0x2c,0x20,0x28,0x69,0x6e,0x2e,0x75,0x76,0x20,0x2d,0x20,0x5f,0x35,0x34,
    0x29,0x29,0x20,0x2a,0x20,0x30,0x2e,0x33,0x31,0x36,0x32,0x31,0x35,0x39,0x39,0x31,
    0x39,0x37,0x33,0x38,0x37,0x36,0x39,0x35,0x33,0x31,0x32,0x35,0x29,0x29,0x20,0x2b,
    0x20,0x28,0x73,0x6f,0x75,0x72,0x63,0x65,0x54,0x65,0x78,0x2e,0x73,0x61,0x6d,0x70,
    0x6c,0x65,0x28,0x73,0x6f,0x75,0x72,0x63,0x65,0x53,0x6d,0x70,0x2c,0x20,0x28,0x69,
    0x6e,0x2e,0x75,0x76,0x20,0x2b,0x20,0x5f,0x37,0x38,0x29,0x29,0x20,0x2a,0x20,0x30,
    0x2e,0x30,0x37,0x30,0x32,0x37,0x30,0x30,0x30,0x31,0x38,0x38,0x38,0x32,0x37,0x35,
    0x31,0x34,0x36,0x34,0x38,0x34,0x33,0x37,0x35,0x29,0x29,0x20,0x2b,0x20,0x28,0x73,
    0x6f,0x75,0x72,0x63,0x65,0x54,0x65,0x78,0x2e,0x73,0x61,0x6d,0x70,0x6c,0x65,0x28,
    0x73,0x6f,0x75,0x72,0x63,0x65,0x53,0x6d,0x70,0x2c,0x20,0x28,0x69,0x6e,0x2e,0x75,
    0x76,0x20,0x2d,0x20,0x5f,0x37,0x38,0x29,0x29,0x20,0x2a,0x20,0x30,0x2e,0x30,0x37,
    0x30,0x32,0x37,0x30,0x30,0x30,0x31,0x38,0x38,0x38,0x32,0x37,0x35,0x31,0x34,0x36,
    0x34,0x38,0x34,0x33,0x37,0x35,0x29,0x3b,0x0a,0x20,0x20,0x20,0x20,0x72,0x65,0x74,
    0x75,0x72,0x6e,0x20,0x6f,0x75,0x74,0x3b,0x0a,0x7d,0x0a,0x0a,0x00,
};
/*
    #include <metal_stdlib>
    #include <simd/simd.h>

    using namespace metal;

    struct common_params
    {
        float4 color;
        float4 resolution;
        float4 texel;
        float4 options;
    };

    struct main0_out
    {
        float4 frag_color [[color(0)]];
    };

    struct main0_in
    {
        float2 uv [[user(locn0)]];
    };

    fragment main0_out main0(main0_in in [[stage_in]], constant common_params& _29 [[buffer(0)]], texture2d<float> sourceTex [[texture(0)]], sampler sourceSmp [[sampler(0)]])
    {
        main0_out out = {};
        float3 _39 = fast::max(sourceTex.sample(sourceSmp, in.uv).xyz * _29.color.xyz, float3(0.0));
        float _48 = fast::max(_29.options.x, 0.0);
        float _57 = fast::max(_48 * fast::max(_29.options.y, 0.0), 9.9999997473787516355514526367188e-05);
        float _79 = fast::max(_39.x, fast::max(_39.y, _39.z));
        float _85 = fast::clamp(_79 - (_48 - _57), 0.0, _57 * 2.0);
        out.frag_color = float4((_39 * (fast::max(((0.25 / _57) * _85) * _85, _79 - _48) / fast::max(_79, 9.9999997473787516355514526367188e-05))) * fast::max(_29.options.z, 0.0), 1.0);
        return out;
    }

*/
static const uint8_t fs_bloom_prefilter_source_metal_macos[1059] = {
    0x23,0x69,0x6e,0x63,0x6c,0x75,0x64,0x65,0x20,0x3c,0x6d,0x65,0x74,0x61,0x6c,0x5f,
    0x73,0x74,0x64,0x6c,0x69,0x62,0x3e,0x0a,0x23,0x69,0x6e,0x63,0x6c,0x75,0x64,0x65,
    0x20,0x3c,0x73,0x69,0x6d,0x64,0x2f,0x73,0x69,0x6d,0x64,0x2e,0x68,0x3e,0x0a,0x0a,
    0x75,0x73,0x69,0x6e,0x67,0x20,0x6e,0x61,0x6d,0x65,0x73,0x70,0x61,0x63,0x65,0x20,
    0x6d,0x65,0x74,0x61,0x6c,0x3b,0x0a,0x0a,0x73,0x74,0x72,0x75,0x63,0x74,0x20,0x63,
    0x6f,0x6d,0x6d,0x6f,0x6e,0x5f,0x70,0x61,0x72,0x61,0x6d,0x73,0x0a,0x7b,0x0a,0x20,
    0x20,0x20,0x20,0x66,0x6c,0x6f,0x61,0x74,0x34,0x20,0x63,0x6f,0x6c,0x6f,0x72,0x3b,
    0x0a,0x20,0x20,0x20,0x20,0x66,0x6c,0x6f,0x61,0x74,0x34,0x20,0x72,0x65,0x73,0x6f,
    0x6c,0x75,0x74,0x69,0x6f,0x6e,0x3b,0x0a,0x20,0x20,0x20,0x20,0x66,0x6c,0x6f,0x61,
    0x74,0x34,0x20,0x74,0x65,0x78,0x65,0x6c,0x3b,0x0a,0x20,0x20,0x20,0x20,0x66,0x6c,
    0x6f,0x61,0x74,0x34,0x20,0x6f,0x70,0x74,0x69,0x6f,0x6e,0x73,0x3b,0x0a,0x7d,0x3b,
    0x0a,0x0a,0x73,0x74,0x72,0x75,0x63,0x74,0x20,0x6d,0x61,0x69,0x6e,0x30,0x5f,0x6f,
    0x75,0x74,0x0a,0x7b,0x0a,0x20,0x20,0x20,0x20,0x66,0x6c,0x6f,0x61,0x74,0x34,0x20,
    0x66,0x72,0x61,0x67,0x5f,0x63,0x6f,0x6c,0x6f,0x72,0x20,0x5b,0x5b,0x63,0x6f,0x6c,
    0x6f,0x72,0x28,0x30,0x29,0x5d,0x5d,0x3b,0x0a,0x7d,0x3b,0x0a,0x0a,0x73,0x74,0x72,
    0x75,0x63,0x74,0x20,0x6d,0x61,0x69,0x6e,0x30,0x5f,0x69,0x6e,0x0a,0x7b,0x0a,0x20,
    0x20,0x20,0x20,0x66,0x6c,0x6f,0x61,0x74,0x32,0x20,0x75,0x76,0x20,0x5b,0x5b,0x75,
    0x73,0x65,0x72,0x28,0x6c,0x6f,0x63,0x6e,0x30,0x29,0x5d,0x5d,0x3b,0x0a,0x7d,0x3b,
    0x0a,0x0a,0x66,0x72,0x61,0x67,0x6d,0x65,0x6e,0x74,0x20,0x6d,0x61,0x69,0x6e,0x30,
    0x5f,0x6f,0x75,0x74,0x20,0x6d,0x61,0x69,0x6e,0x30,0x28,0x6d,0x61,0x69,0x6e,0x30,
    0x5f,0x69,0x6e,0x20,0x69,0x6e,0x20,0x5b,0x5b,0x73,0x74,0x61,0x67,0x65,0x5f,0x69,
    0x6e,0x5d,0x5d,0x2c,0x20,0x63,0x6f,0x6e,0x73,0x74,0x61,0x6e,0x74,0x20,0x63,0x6f,
    0x6d,0x6d,0x6f,0x6e,0x5f,0x70,0x61,0x72,0x61,0x6d,0x73,0x26,0x20,0x5f,0x32,0x39,
    0x20,0x5b,0x5b,0x62,0x75,0x66,0x66,0x65,0x72,0x28,0x30,0x29,0x5d,0x5d,0x2c,0x20,
    0x74,0x65,0x78,0x74,0x75,0x72,0x65,0x32,0x64,0x3c,0x66,0x6c,0x6f,0x61,0x74,0x3e,
    0x20,0x73,0x6f,0x75,0x72,0x63,0x65,0x54,0x65,0x78,0x20,0x5b,0x5b,0x74,0x65,0x78,
    0x74,0x75,0x72,0x65,0x28,0x30,0x29,0x5d,0x5d,0x2c,0x20,0x73,0x61,0x6d,0x70,0x6c,
    0x65,0x72,0x20,0x73,0x6f,0x75,0x72,0x63,0x65,0x53,0x6d,0x70,0x20,0x5b,0x5b,0x73,
    0x61,0x6d,0x70,0x6c,0x65,0x72,0x28,0x30,0x29,0x5d,0x5d,0x29,0x0a,0x7b,0x0a,0x20,
    0x20,0x20,0x20,0x6d,0x61,0x69,0x6e,0x30,0x5f,0x6f,0x75,0x74,0x20,0x6f,0x75,0x74,
    0x20,0x3d,0x20,0x7b,0x7d,0x3b,0x0a,0x20,0x20,0x20,0x20,0x66,0x6c,0x6f,0x61,0x74,
    0x33,0x20,0x5f,0x33,0x39,0x20,0x3d,0x20,0x66,0x61,0x73,0x74,0x3a,0x3a,0x6d,0x61,
    0x78,0x28,0x73,0x6f,0x75,0x72,0x63,0x65,0x54,0x65,0x78,0x2e,0x73,0x61,0x6d,0x70,
    0x6c,0x65,0x28,0x73,0x6f,0x75,0x72,0x63,0x65,0x53,0x6d,0x70,0x2c,0x20,0x69,0x6e,
    0x2e,0x75,0x76,0x29,0x2e,0x78,0x79,0x7a,0x20,0x2a,0x20,0x5f,0x32,0x39,0x2e,0x63,
    0x6f,0x6c,0x6f,0x72,0x2e,0x78,0x79,0x7a,0x2c,0x20,0x66,0x6c,0x6f,0x61,0x74,0x33,
    0x28,0x30,0x2e,0x30,0x29,0x29,0x3b,0x0a,0x20,0x20,0x20,0x20,0x66,0x6c,0x6f,0x61,
    0x74,0x20,0x5f,0x34,0x38,0x20,0x3d,0x20,0x66,0x61,0x73,0x74,0x3a,0x3a,0x6d,0x61,
    0x78,0x28,0x5f,0x32,0x39,0x2e,0x6f,0x70,0x74,0x69,0x6f,0x6e,0x73,0x2e,0x78,0x2c,
    0x20,0x30,0x2e,0x30,0x29,0x3b,0x0a,0x20,0x20,0x20,0x20,0x66,0x6c,0x6f,0x61,0x74,
    0x20,0x5f,0x35,0x37,0x20,0x3d,0x20,0x66,0x61,0x73,0x74,0x3a,0x3a,0x6d,0x61,0x78,
    0x28,0x5f,0x34,0x38,0x20,0x2a,0x20,0x66,0x61,0x73,0x74,0x3a,0x3a,0x6d,0x61,0x78,
    0x28,0x5f,0x32,0x39,0x2e,0x6f,0x70,0x74,0x69,0x6f,0x6e,0x73,0x2e,0x79,0x2c,0x20,
    0x30,0x2e,0x30,0x29,0x2c,0x20,0x39,0x2e,0x39,0x39,0x39,0x39,0x39,0x39,0x37,0x34,
    0x37,0x33,0x37,0x38,0x37,0x35,0x31,0x36,0x33,0x35,0x35,0x35,0x31,0x34,0x35,0x32,
    0x36,0x33,0x36,0x37,0x31,0x38,0x38,0x65,0x2d,0x30,0x35,0x29,0x3b,0x0a,0x20,0x20,
    0x20,0x20,0x66,0x6c,0x6f,0x61,0x74,0x20,0x5f,0x37,0x39,0x20,0x3d,0x20,0x66,0x61,
    0x73,0x74,0x3a,0x3a,0x6d,0x61,0x78,0x28,0x5f,0x33,0x39,0x2e,0x78,0x2c,0x20,0x66,
    0x61,0x73,0x74,0x3a,0x3a,0x6d,0x61,0x78,0x28,0x5f,0x33,0x39,0x2e,0x79,0x2c,0x20,
    0x5f,0x33,0x39,0x2e,0x7a,0x29,0x29,0x3b,0x0a,0x20,0x20,0x20,0x20,0x66,0x6c,0x6f,
    0x61,0x74,0x20,0x5f,0x38,0x35,0x20,0x3d,0x20,0x66,0x61,0x73,0x74,0x3a,0x3a,0x63,
    0x6c,0x61,0x6d,0x70,0x28,0x5f,0x37,0x39,0x20,0x2d,0x20,0x28,0x5f,0x34,0x38,0x20,
    0x2d,0x20,0x5f,0x35,0x37,0x29,0x2c,0x20,0x30,0x2e,0x30,0x2c,0x20,0x5f,0x35,0x37,
    0x20,0x2a,0x20,0x32,0x2e,0x30,0x29,0x3b,0x0a,0x20,0x20,0x20,0x20,0x6f,0x75,0x74,
    0x2e,0x66,0x72,0x61,0x67,0x5f,0x63,0x6f,0x6c,0x6f,0x72,0x20,0x3d,0x20,0x66,0x6c,
    0x6f,0x61,0x74,0x34,0x28,0x28,0x5f,0x33,0x39,0x20,0x2a,0x20,0x28,0x66,0x61,0x73,
    0x74,0x3a,0x3a,0x6d,0x61,0x78,0x28,0x28,0x28,0x30,0x2e,0x32,0x35,0x20,0x2f,0x20,
    0x5f,0x35,0x37,0x29,0x20,0x2a,0x20,0x5f,0x38,0x35,0x29,0x20,0x2a,0x20,0x5f,0x38,
    0x35,0x2c,0x20,0x5f,0x37,0x39,0x20,0x2d,0x20,0x5f,0x34,0x38,0x29,0x20,0x2f,0x20,
    0x66,0x61,0x73,0x74,0x3a,0x3a,0x6d,0x61,0x78,0x28,0x5f,0x37,0x39,0x2c,0x20,0x39,
    0x2e,0x39,0x39,0x39,0x39,0x39,0x39,0x37,0x34,0x37,0x33,0x37,0x38,0x37,0x35,0x31,
    0x36,0x33,0x35,0x35,0x35,0x31,0x34,0x35,0x32,0x36,0x33,0x36,0x37,0x31,0x38,0x38,
    0x65,0x2d,0x30,0x35,0x29,0x29,0x29,0x20,0x2a,0x20,0x66,0x61,0x73,0x74,0x3a,0x3a,
    0x6d,0x61,0x78,0x28,0x5f,0x32,0x39,0x2e,0x6f,0x70,0x74,0x69,0x6f,0x6e,0x73,0x2e,
    0x7a,0x2c,0x20,0x30,0x2e,0x30,0x29,0x2c,0x20,0x31,0x2e,0x30,0x29,0x3b,0x0a,0x20,
    0x20,0x20,0x20,0x72,0x65,0x74,0x75,0x72,0x6e,0x20,0x6f,0x75,0x74,0x3b,0x0a,0x7d,
    0x0a,0x0a,0x00,
};
/*
    #include <metal_stdlib>
    #include <simd/simd.h>

    using namespace metal;

    struct common_params
    {
        float4 color;
        float4 resolution;
        float4 texel;
        float4 options;
    };

    struct main0_out
    {
        float4 frag_color [[color(0)]];
    };

    struct main0_in
    {
        float2 uv [[user(locn0)]];
    };

    fragment main0_out main0(main0_in in [[stage_in]], constant common_params& _27 [[buffer(0)]], texture2d<float> baseTex [[texture(0)]], texture2d<float> bloomTex [[texture(1)]], sampler baseSmp [[sampler(0)]], sampler bloomSmp [[sampler(1)]])
    {
        main0_out out = {};
        float4 _24 = baseTex.sample(baseSmp, in.uv);
        float4 _33 = _24 * _27.color;
        float4 _43 = bloomTex.sample(bloomSmp, in.uv);
        float3 _47 = fast::max(_43.xyz, float3(0.0));
        float _55 = dot(_47, float3(0.2125999927520751953125, 0.715200006961822509765625, 0.072200000286102294921875));
        float3 rgb = (_33.xyz * fast::max(_27.options.x, 0.0)) + (mix(float3(_55), _47, float3(fast::max(_27.options.z, 0.0))) * fast::max(_27.options.y, 0.0));
        float _87 = fast::max(_27.options.w, 0.0);
        if (_87 > 0.0)
        {
            rgb = float3(1.0) - exp((-fast::max(rgb, float3(0.0))) * _87);
        }
        out.frag_color = float4(fast::clamp(rgb, float3(0.0), float3(1.0)), fast::clamp(fast::max(_33.w, _55 * _27.options.y), 0.0, 1.0));
        return out;
    }

*/
static const uint8_t fs_bloom_composite_source_metal_macos[1319] = {
    0x23,0x69,0x6e,0x63,0x6c,0x75,0x64,0x65,0x20,0x3c,0x6d,0x65,0x74,0x61,0x6c,0x5f,
    0x73,0x74,0x64,0x6c,0x69,0x62,0x3e,0x0a,0x23,0x69,0x6e,0x63,0x6c,0x75,0x64,0x65,
    0x20,0x3c,0x73,0x69,0x6d,0x64,0x2f,0x73,0x69,0x6d,0x64,0x2e,0x68,0x3e,0x0a,0x0a,
    0x75,0x73,0x69,0x6e,0x67,0x20,0x6e,0x61,0x6d,0x65,0x73,0x70,0x61,0x63,0x65,0x20,
    0x6d,0x65,0x74,0x61,0x6c,0x3b,0x0a,0x0a,0x73,0x74,0x72,0x75,0x63,0x74,0x20,0x63,
    0x6f,0x6d,0x6d,0x6f,0x6e,0x5f,0x70,0x61,0x72,0x61,0x6d,0x73,0x0a,0x7b,0x0a,0x20,
    0x20,0x20,0x20,0x66,0x6c,0x6f,0x61,0x74,0x34,0x20,0x63,0x6f,0x6c,0x6f,0x72,0x3b,
    0x0a,0x20,0x20,0x20,0x20,0x66,0x6c,0x6f,0x61,0x74,0x34,0x20,0x72,0x65,0x73,0x6f,
    0x6c,0x75,0x74,0x69,0x6f,0x6e,0x3b,0x0a,0x20,0x20,0x20,0x20,0x66,0x6c,0x6f,0x61,
    0x74,0x34,0x20,0x74,0x65,0x78,0x65,0x6c,0x3b,0x0a,0x20,0x20,0x20,0x20,0x66,0x6c,
    0x6f,0x61,0x74,0x34,0x20,0x6f,0x70,0x74,0x69,0x6f,0x6e,0x73,0x3b,0x0a,0x7d,0x3b,
    0x0a,0x0a,0x73,0x74,0x72,0x75,0x63,0x74,0x20,0x6d,0x61,0x69,0x6e,0x30,0x5f,0x6f,
    0x75,0x74,0x0a,0x7b,0x0a,0x20,0x20,0x20,0x20,0x66,0x6c,0x6f,0x61,0x74,0x34,0x20,
    0x66,0x72,0x61,0x67,0x5f,0x63,0x6f,0x6c,0x6f,0x72,0x20,0x5b,0x5b,0x63,0x6f,0x6c,
    0x6f,0x72,0x28,0x30,0x29,0x5d,0x5d,0x3b,0x0a,0x7d,0x3b,0x0a,0x0a,0x73,0x74,0x72,
    0x75,0x63,0x74,0x20,0x6d,0x61,0x69,0x6e,0x30,0x5f,0x69,0x6e,0x0a,0x7b,0x0a,0x20,
    0x20,0x20,0x20,0x66,0x6c,0x6f,0x61,0x74,0x32,0x20,0x75,0x76,0x20,0x5b,0x5b,0x75,
    0x73,0x65,0x72,0x28,0x6c,0x6f,0x63,0x6e,0x30,0x29,0x5d,0x5d,0x3b,0x0a,0x7d,0x3b,
    0x0a,0x0a,0x66,0x72,0x61,0x67,0x6d,0x65,0x6e,0x74,0x20,0x6d,0x61,0x69,0x6e,0x30,
    0x5f,0x6f,0x75,0x74,0x20,0x6d,0x61,0x69,0x6e,0x30,0x28,0x6d,0x61,0x69,0x6e,0x30,
    0x5f,0x69,0x6e,0x20,0x69,0x6e,0x20,0x5b,0x5b,0x73,0x74,0x61,0x67,0x65,0x5f,0x69,
    0x6e,0x5d,0x5d,0x2c,0x20,0x63,0x6f,0x6e,0x73,0x74,0x61,0x6e,0x74,0x20,0x63,0x6f,
    0x6d,0x6d,0x6f,0x6e,0x5f,0x70,0x61,0x72,0x61,0x6d,0x73,0x26,0x20,0x5f,0x32,0x37,
    0x20,0x5b,0x5b,0x62,0x75,0x66,0x66,0x65,0x72,0x28,0x30,0x29,0x5d,0x5d,0x2c,0x20,
    0x74,0x65,0x78,0x74,0x75,0x72,0x65,0x32,0x64,0x3c,0x66,0x6c,0x6f,0x61,0x74,0x3e,
    0x20,0x62,0x61,0x73,0x65,0x54,0x65,0x78,0x20,0x5b,0x5b,0x74,0x65,0x78,0x74,0x75,
    0x72,0x65,0x28,0x30,0x29,0x5d,0x5d,0x2c,0x20,0x74,0x65,0x78,0x74,0x75,0x72,0x65,
    0x32,0x64,0x3c,0x66,0x6c,0x6f,0x61,0x74,0x3e,0x20,0x62,0x6c,0x6f,0x6f,0x6d,0x54,
    0x65,0x78,0x20,0x5b,0x5b,0x74,0x65,0x78,0x74,0x75,0x72,0x65,0x28,0x31,0x29,0x5d,
    0x5d,0x2c,0x20,0x73,0x61,0x6d,0x70,0x6c,0x65,0x72,0x20,0x62,0x61,0x73,0x65,0x53,
    0x6d,0x70,0x20,0x5b,0x5b,0x73,0x61,0x6d,0x70,0x6c,0x65,0x72,0x28,0x30,0x29,0x5d,
    0x5d,0x2c,0x20,0x73,0x61,0x6d,0x70,0x6c,0x65,0x72,0x20,0x62,0x6c,0x6f,0x6f,0x6d,
    0x53,0x6d,0x70,0x20,0x5b,0x5b,0x73,0x61,0x6d,0x70,0x6c,0x65,0x72,0x28,0x31,0x29,
    0x5d,0x5d,0x29,0x0a,0x7b,0x0a,0x20,0x20,0x20,0x20,0x6d,0x61,0x69,0x6e,0x30,0x5f,
    0x6f,0x75,0x74,0x20,0x6f,0x75,0x74,0x20,0x3d,0x20,0x7b,0x7d,0x3b,0x0a,0x20,0x20,
    0x20,0x20,0x66,0x6c,0x6f,0x61,0x74,0x34,0x20,0x5f,0x32,0x34,0x20,0x3d,0x20,0x62,
    0x61,0x73,0x65,0x54,0x65,0x78,0x2e,0x73,0x61,0x6d,0x70,0x6c,0x65,0x28,0x62,0x61,
    0x73,0x65,0x53,0x6d,0x70,0x2c,0x20,0x69,0x6e,0x2e,0x75,0x76,0x29,0x3b,0x0a,0x20,
    0x20,0x20,0x20,0x66,0x6c,0x6f,0x61,0x74,0x34,0x20,0x5f,0x33,0x33,0x20,0x3d,0x20,
    0x5f,0x32,0x34,0x20,0x2a,0x20,0x5f,0x32,0x37,0x2e,0x63,0x6f,0x6c,0x6f,0x72,0x3b,
    0x0a,0x20,0x20,0x20,0x20,0x66,0x6c,0x6f,0x61,0x74,0x34,0x20,0x5f,0x34,0x33,0x20,
    0x3d,0x20,0x62,0x6c,0x6f,0x6f,0x6d,0x54,0x65,0x78,0x2e,0x73,0x61,0x6d,0x70,0x6c,
    0x65,0x28,0x62,0x6c,0x6f,0x6f,0x6d,0x53,0x6d,0x70,0x2c,0x20,0x69,0x6e,0x2e,0x75,
    0x76,0x29,0x3b,0x0a,0x20,0x20,0x20,0x20,0x66,0x6c,0x6f,0x61,0x74,0x33,0x20,0x5f,
    0x34,0x37,0x20,0x3d,0x20,0x66,0x61,0x73,0x74,0x3a,0x3a,0x6d,0x61,0x78,0x28,0x5f,
    0x34,0x33,0x2e,0x78,0x79,0x7a,0x2c,0x20,0x66,0x6c,0x6f,0x61,0x74,0x33,0x28,0x30,
    0x2e,0x30,0x29,0x29,0x3b,0x0a,0x20,0x20,0x20,0x20,0x66,0x6c,0x6f,0x61,0x74,0x20,
    0x5f,0x35,0x35,0x20,0x3d,0x20,0x64,0x6f,0x74,0x28,0x5f,0x34,0x37,0x2c,0x20,0x66,
    0x6c,0x6f,0x61,0x74,0x33,0x28,0x30,0x2e,0x32,0x31,0x32,0x35,0x39,0x39,0x39,0x39,
    0x32,0x37,0x35,0x32,0x30,0x37,0x35,0x31,0x39,0x35,0x33,0x31,0x32,0x35,0x2c,0x20,
    0x30,0x2e,0x37,0x31,0x35,0x32,0x30,0x30,0x30,0x30,0x36,0x39,0x36,0x31,0x38,0x32,
    0x32,0x35,0x30,0x39,0x37,0x36,0x35,0x36,0x32,0x35,0x2c,0x20,0x30,0x2e,0x30,0x37,
    0x32,0x32,0x30,0x30,0x30,0x30,0x30,0x32,0x38,0x36,0x31,0x30,0x32,0x32,0x39,0x34,
    0x39,0x32,0x31,0x38,0x37,0x35,0x29,0x29,0x3b,0x0a,0x20,0x20,0x20,0x20,0x66,0x6c,
    0x6f,0x61,0x74,0x33,0x20,0x72,0x67,0x62,0x20,0x3d,0x20,0x28,0x5f,0x33,0x33,0x2e,
    0x78,0x79,0x7a,0x20,0x2a,0x20,0x66,0x61,0x73,0x74,0x3a,0x3a,0x6d,0x61,0x78,0x28,
    0x5f,0x32,0x37,0x2e,0x6f,0x70,0x74,0x69,0x6f,0x6e,0x73,0x2e,0x78,0x2c,0x20,0x30,
    0x2e,0x30,0x29,0x29,0x20,0x2b,0x20,0x28,0x6d,0x69,0x78,0x28,0x66,0x6c,0x6f,0x61,
    0x74,0x33,0x28,0x5f,0x35,0x35,0x29,0x2c,0x20,0x5f,0x34,0x37,0x2c,0x20,0x66,0x6c,
    0x6f,0x61,0x74,0x33,0x28,0x66,0x61,0x73,0x74,0x3a,0x3a,0x6d,0x61,0x78,0x28,0x5f,
    0x32,0x37,0x2e,0x6f,0x70,0x74,0x69,0x6f,0x6e,0x73,0x2e,0x7a,0x2c,0x20,0x30,0x2e,
    0x30,0x29,0x29,0x29,0x20,0x2a,0x20,0x66,0x61,0x73,0x74,0x3a,0x3a,0x6d,0x61,0x78,
    0x28,0x5f,0x32,0x37,0x2e,0x6f,0x70,0x74,0x69,0x6f,0x6e,0x73,0x2e,0x79,0x2c,0x20,
    0x30,0x2e,0x30,0x29,0x29,0x3b,0x0a,0x20,0x20,0x20,0x20,0x66,0x6c,0x6f,0x61,0x74,
    0x20,0x5f,0x38,0x37,0x20,0x3d,0x20,0x66,0x61,0x73,0x74,0x3a,0x3a,0x6d,0x61,0x78,
    0x28,0x5f,0x32,0x37,0x2e,0x6f,0x70,0x74,0x69,0x6f,0x6e,0x73,0x2e,0x77,0x2c,0x20,
    0x30,0x2e,0x30,0x29,0x3b,0x0a,0x20,0x20,0x20,0x20,0x69,0x66,0x20,0x28,0x5f,0x38,
    0x37,0x20,0x3e,0x20,0x30,0x2e,0x30,0x29,0x0a,0x20,0x20,0x20,0x20,0x7b,0x0a,0x20,
    0x20,0x20,0x20,0x20,0x20,0x20,0x20,0x72,0x67,0x62,0x20,0x3d,0x20,0x66,0x6c,0x6f,
    0x61,0x74,0x33,0x28,0x31,0x2e,0x30,0x29,0x20,0x2d,0x20,0x65,0x78,0x70,0x28,0x28,
    0x2d,0x66,0x61,0x73,0x74,0x3a,0x3a,0x6d,0x61,0x78,0x28,0x72,0x67,0x62,0x2c,0x20,
    0x66,0x6c,0x6f,0x61,0x74,0x33,0x28,0x30,0x2e,0x30,0x29,0x29,0x29,0x20,0x2a,0x20,
    0x5f,0x38,0x37,0x29,0x3b,0x0a,0x20,0x20,0x20,0x20,0x7d,0x0a,0x20,0x20,0x20,0x20,
    0x6f,0x75,0x74,0x2e,0x66,0x72,0x61,0x67,0x5f,0x63,0x6f,0x6c,0x6f,0x72,0x20,0x3d,
    0x20,0x66,0x6c,0x6f,0x61,0x74,0x34,0x28,0x66,0x61,0x73,0x74,0x3a,0x3a,0x63,0x6c,
    0x61,0x6d,0x70,0x28,0x72,0x67,0x62,0x2c,0x20,0x66,0x6c,0x6f,0x61,0x74,0x33,0x28,
    0x30,0x2e,0x30,0x29,0x2c,0x20,0x66,0x6c,0x6f,0x61,0x74,0x33,0x28,0x31,0x2e,0x30,
    0x29,0x29,0x2c,0x20,0x66,0x61,0x73,0x74,0x3a,0x3a,0x63,0x6c,0x61,0x6d,0x70,0x28,
    0x66,0x61,0x73,0x74,0x3a,0x3a,0x6d,0x61,0x78,0x28,0x5f,0x33,0x33,0x2e,0x77,0x2c,
    0x20,0x5f,0x35,0x35,0x20,0x2a,0x20,0x5f,0x32,0x37,0x2e,0x6f,0x70,0x74,0x69,0x6f,
    0x6e,0x73,0x2e,0x79,0x29,0x2c,0x20,0x30,0x2e,0x30,0x2c,0x20,0x31,0x2e,0x30,0x29,
    0x29,0x3b,0x0a,0x20,0x20,0x20,0x20,0x72,0x65,0x74,0x75,0x72,0x6e,0x20,0x6f,0x75,
    0x74,0x3b,0x0a,0x7d,0x0a,0x0a,0x00,
};
/*
    diagnostic(off, derivative_uniformity);

    var<private> position_1 : vec2f;

    var<private> uv : vec2f;

    var<private> texcoord0 : vec2f;

    var<private> gl_Position : vec4f;

    fn main_1() {
      gl_Position = vec4f(position_1.x, position_1.y, 0.0f, 1.0f);
      uv = texcoord0;
      return;
    }

    struct main_out {
      @builtin(position)
      gl_Position : vec4f,
      @location(0)
      uv_1 : vec2f,
    }

    @vertex
    fn main(@location(0) position_1_param : vec2f, @location(1) texcoord0_param : vec2f) -> main_out {
      position_1 = position_1_param;
      texcoord0 = texcoord0_param;
      main_1();
      return main_out(gl_Position, uv);
    }
*/
static const uint8_t vs_source_wgsl[595] = {
    0x64,0x69,0x61,0x67,0x6e,0x6f,0x73,0x74,0x69,0x63,0x28,0x6f,0x66,0x66,0x2c,0x20,
    0x64,0x65,0x72,0x69,0x76,0x61,0x74,0x69,0x76,0x65,0x5f,0x75,0x6e,0x69,0x66,0x6f,
    0x72,0x6d,0x69,0x74,0x79,0x29,0x3b,0x0a,0x0a,0x76,0x61,0x72,0x3c,0x70,0x72,0x69,
    0x76,0x61,0x74,0x65,0x3e,0x20,0x70,0x6f,0x73,0x69,0x74,0x69,0x6f,0x6e,0x5f,0x31,
    0x20,0x3a,0x20,0x76,0x65,0x63,0x32,0x66,0x3b,0x0a,0x0a,0x76,0x61,0x72,0x3c,0x70,
    0x72,0x69,0x76,0x61,0x74,0x65,0x3e,0x20,0x75,0x76,0x20,0x3a,0x20,0x76,0x65,0x63,
    0x32,0x66,0x3b,0x0a,0x0a,0x76,0x61,0x72,0x3c,0x70,0x72,0x69,0x76,0x61,0x74,0x65,
    0x3e,0x20,0x74,0x65,0x78,0x63,0x6f,0x6f,0x72,0x64,0x30,0x20,0x3a,0x20,0x76,0x65,
    0x63,0x32,0x66,0x3b,0x0a,0x0a,0x76,0x61,0x72,0x3c,0x70,0x72,0x69,0x76,0x61,0x74,
    0x65,0x3e,0x20,0x67,0x6c,0x5f,0x50,0x6f,0x73,0x69,0x74,0x69,0x6f,0x6e,0x20,0x3a,
    0x20,0x76,0x65,0x63,0x34,0x66,0x3b,0x0a,0x0a,0x66,0x6e,0x20,0x6d,0x61,0x69,0x6e,
    0x5f,0x31,0x28,0x29,0x20,0x7b,0x0a,0x20,0x20,0x67,0x6c,0x5f,0x50,0x6f,0x73,0x69,
    0x74,0x69,0x6f,0x6e,0x20,0x3d,0x20,0x76,0x65,0x63,0x34,0x66,0x28,0x70,0x6f,0x73,
    0x69,0x74,0x69,0x6f,0x6e,0x5f,0x31,0x2e,0x78,0x2c,0x20,0x70,0x6f,0x73,0x69,0x74,
    0x69,0x6f,0x6e,0x5f,0x31,0x2e,0x79,0x2c,0x20,0x30,0x2e,0x30,0x66,0x2c,0x20,0x31,
    0x2e,0x30,0x66,0x29,0x3b,0x0a,0x20,0x20,0x75,0x76,0x20,0x3d,0x20,0x74,0x65,0x78,
    0x63,0x6f,0x6f,0x72,0x64,0x30,0x3b,0x0a,0x20,0x20,0x72,0x65,0x74,0x75,0x72,0x6e,
    0x3b,0x0a,0x7d,0x0a,0x0a,0x73,0x74,0x72,0x75,0x63,0x74,0x20,0x6d,0x61,0x69,0x6e,
    0x5f,0x6f,0x75,0x74,0x20,0x7b,0x0a,0x20,0x20,0x40,0x62,0x75,0x69,0x6c,0x74,0x69,
    0x6e,0x28,0x70,0x6f,0x73,0x69,0x74,0x69,0x6f,0x6e,0x29,0x0a,0x20,0x20,0x67,0x6c,
    0x5f,0x50,0x6f,0x73,0x69,0x74,0x69,0x6f,0x6e,0x20,0x3a,0x20,0x76,0x65,0x63,0x34,
    0x66,0x2c,0x0a,0x20,0x20,0x40,0x6c,0x6f,0x63,0x61,0x74,0x69,0x6f,0x6e,0x28,0x30,
    0x29,0x0a,0x20,0x20,0x75,0x76,0x5f,0x31,0x20,0x3a,0x20,0x76,0x65,0x63,0x32,0x66,
    0x2c,0x0a,0x7d,0x0a,0x0a,0x40,0x76,0x65,0x72,0x74,0x65,0x78,0x0a,0x66,0x6e,0x20,
    0x6d,0x61,0x69,0x6e,0x28,0x40,0x6c,0x6f,0x63,0x61,0x74,0x69,0x6f,0x6e,0x28,0x30,
    0x29,0x20,0x70,0x6f,0x73,0x69,0x74,0x69,0x6f,0x6e,0x5f,0x31,0x5f,0x70,0x61,0x72,
    0x61,0x6d,0x20,0x3a,0x20,0x76,0x65,0x63,0x32,0x66,0x2c,0x20,0x40,0x6c,0x6f,0x63,
    0x61,0x74,0x69,0x6f,0x6e,0x28,0x31,0x29,0x20,0x74,0x65,0x78,0x63,0x6f,0x6f,0x72,
    0x64,0x30,0x5f,0x70,0x61,0x72,0x61,0x6d,0x20,0x3a,0x20,0x76,0x65,0x63,0x32,0x66,
    0x29,0x20,0x2d,0x3e,0x20,0x6d,0x61,0x69,0x6e,0x5f,0x6f,0x75,0x74,0x20,0x7b,0x0a,
    0x20,0x20,0x70,0x6f,0x73,0x69,0x74,0x69,0x6f,0x6e,0x5f,0x31,0x20,0x3d,0x20,0x70,
    0x6f,0x73,0x69,0x74,0x69,0x6f,0x6e,0x5f,0x31,0x5f,0x70,0x61,0x72,0x61,0x6d,0x3b,
    0x0a,0x20,0x20,0x74,0x65,0x78,0x63,0x6f,0x6f,0x72,0x64,0x30,0x20,0x3d,0x20,0x74,
    0x65,0x78,0x63,0x6f,0x6f,0x72,0x64,0x30,0x5f,0x70,0x61,0x72,0x61,0x6d,0x3b,0x0a,
    0x20,0x20,0x6d,0x61,0x69,0x6e,0x5f,0x31,0x28,0x29,0x3b,0x0a,0x20,0x20,0x72,0x65,
    0x74,0x75,0x72,0x6e,0x20,0x6d,0x61,0x69,0x6e,0x5f,0x6f,0x75,0x74,0x28,0x67,0x6c,
    0x5f,0x50,0x6f,0x73,0x69,0x74,0x69,0x6f,0x6e,0x2c,0x20,0x75,0x76,0x29,0x3b,0x0a,
    0x7d,0x0a,0x00,
};
/*
    diagnostic(off, derivative_uniformity);

    struct common_params {
      /_ @offset(0) _/
      color : vec4f,
      /_ @offset(16) _/
      resolution : vec4f,
      /_ @offset(32) _/
      texel : vec4f,
      /_ @offset(48) _/
      options : vec4f,
    }

    var<private> frag_color : vec4f;

    @binding(0) @group(1) var sourceTex : texture_2d<f32>;

    @binding(32) @group(1) var sourceSmp : sampler;

    var<private> uv : vec2f;

    @binding(0) @group(0) var<uniform> x_27 : common_params;

    fn main_1() {
      let x_23 = uv;
      let x_24 = textureSample(sourceTex, sourceSmp, x_23);
      frag_color = (x_24 * x_27.color);
      return;
    }

    struct main_out {
      @location(0)
      frag_color_1 : vec4f,
    }

    @fragment
    fn main(@location(0) uv_param : vec2f) -> main_out {
      uv = uv_param;
      main_1();
      return main_out(frag_color);
    }
*/
static const uint8_t fs_copy_source_wgsl[766] = {
    0x64,0x69,0x61,0x67,0x6e,0x6f,0x73,0x74,0x69,0x63,0x28,0x6f,0x66,0x66,0x2c,0x20,
    0x64,0x65,0x72,0x69,0x76,0x61,0x74,0x69,0x76,0x65,0x5f,0x75,0x6e,0x69,0x66,0x6f,
    0x72,0x6d,0x69,0x74,0x79,0x29,0x3b,0x0a,0x0a,0x73,0x74,0x72,0x75,0x63,0x74,0x20,
    0x63,0x6f,0x6d,0x6d,0x6f,0x6e,0x5f,0x70,0x61,0x72,0x61,0x6d,0x73,0x20,0x7b,0x0a,
    0x20,0x20,0x2f,0x2a,0x20,0x40,0x6f,0x66,0x66,0x73,0x65,0x74,0x28,0x30,0x29,0x20,
    0x2a,0x2f,0x0a,0x20,0x20,0x63,0x6f,0x6c,0x6f,0x72,0x20,0x3a,0x20,0x76,0x65,0x63,
    0x34,0x66,0x2c,0x0a,0x20,0x20,0x2f,0x2a,0x20,0x40,0x6f,0x66,0x66,0x73,0x65,0x74,
    0x28,0x31,0x36,0x29,0x20,0x2a,0x2f,0x0a,0x20,0x20,0x72,0x65,0x73,0x6f,0x6c,0x75,
    0x74,0x69,0x6f,0x6e,0x20,0x3a,0x20,0x76,0x65,0x63,0x34,0x66,0x2c,0x0a,0x20,0x20,
    0x2f,0x2a,0x20,0x40,0x6f,0x66,0x66,0x73,0x65,0x74,0x28,0x33,0x32,0x29,0x20,0x2a,
    0x2f,0x0a,0x20,0x20,0x74,0x65,0x78,0x65,0x6c,0x20,0x3a,0x20,0x76,0x65,0x63,0x34,
    0x66,0x2c,0x0a,0x20,0x20,0x2f,0x2a,0x20,0x40,0x6f,0x66,0x66,0x73,0x65,0x74,0x28,
    0x34,0x38,0x29,0x20,0x2a,0x2f,0x0a,0x20,0x20,0x6f,0x70,0x74,0x69,0x6f,0x6e,0x73,
    0x20,0x3a,0x20,0x76,0x65,0x63,0x34,0x66,0x2c,0x0a,0x7d,0x0a,0x0a,0x76,0x61,0x72,
    0x3c,0x70,0x72,0x69,0x76,0x61,0x74,0x65,0x3e,0x20,0x66,0x72,0x61,0x67,0x5f,0x63,
    0x6f,0x6c,0x6f,0x72,0x20,0x3a,0x20,0x76,0x65,0x63,0x34,0x66,0x3b,0x0a,0x0a,0x40,
    0x62,0x69,0x6e,0x64,0x69,0x6e,0x67,0x28,0x30,0x29,0x20,0x40,0x67,0x72,0x6f,0x75,
    0x70,0x28,0x31,0x29,0x20,0x76,0x61,0x72,0x20,0x73,0x6f,0x75,0x72,0x63,0x65,0x54,
    0x65,0x78,0x20,0x3a,0x20,0x74,0x65,0x78,0x74,0x75,0x72,0x65,0x5f,0x32,0x64,0x3c,
    0x66,0x33,0x32,0x3e,0x3b,0x0a,0x0a,0x40,0x62,0x69,0x6e,0x64,0x69,0x6e,0x67,0x28,
    0x33,0x32,0x29,0x20,0x40,0x67,0x72,0x6f,0x75,0x70,0x28,0x31,0x29,0x20,0x76,0x61,
    0x72,0x20,0x73,0x6f,0x75,0x72,0x63,0x65,0x53,0x6d,0x70,0x20,0x3a,0x20,0x73,0x61,
    0x6d,0x70,0x6c,0x65,0x72,0x3b,0x0a,0x0a,0x76,0x61,0x72,0x3c,0x70,0x72,0x69,0x76,
    0x61,0x74,0x65,0x3e,0x20,0x75,0x76,0x20,0x3a,0x20,0x76,0x65,0x63,0x32,0x66,0x3b,
    0x0a,0x0a,0x40,0x62,0x69,0x6e,0x64,0x69,0x6e,0x67,0x28,0x30,0x29,0x20,0x40,0x67,
    0x72,0x6f,0x75,0x70,0x28,0x30,0x29,0x20,0x76,0x61,0x72,0x3c,0x75,0x6e,0x69,0x66,
    0x6f,0x72,0x6d,0x3e,0x20,0x78,0x5f,0x32,0x37,0x20,0x3a,0x20,0x63,0x6f,0x6d,0x6d,
    0x6f,0x6e,0x5f,0x70,0x61,0x72,0x61,0x6d,0x73,0x3b,0x0a,0x0a,0x66,0x6e,0x20,0x6d,
    0x61,0x69,0x6e,0x5f,0x31,0x28,0x29,0x20,0x7b,0x0a,0x20,0x20,0x6c,0x65,0x74,0x20,
    0x78,0x5f,0x32,0x33,0x20,0x3d,0x20,0x75,0x76,0x3b,0x0a,0x20,0x20,0x6c,0x65,0x74,
    0x20,0x78,0x5f,0x32,0x34,0x20,0x3d,0x20,0x74,0x65,0x78,0x74,0x75,0x72,0x65,0x53,
    0x61,0x6d,0x70,0x6c,0x65,0x28,0x73,0x6f,0x75,0x72,0x63,0x65,0x54,0x65,0x78,0x2c,
    0x20,0x73,0x6f,0x75,0x72,0x63,0x65,0x53,0x6d,0x70,0x2c,0x20,0x78,0x5f,0x32,0x33,
    0x29,0x3b,0x0a,0x20,0x20,0x66,0x72,0x61,0x67,0x5f,0x63,0x6f,0x6c,0x6f,0x72,0x20,
    0x3d,0x20,0x28,0x78,0x5f,0x32,0x34,0x20,0x2a,0x20,0x78,0x5f,0x32,0x37,0x2e,0x63,
    0x6f,0x6c,0x6f,0x72,0x29,0x3b,0x0a,0x20,0x20,0x72,0x65,0x74,0x75,0x72,0x6e,0x3b,
    0x0a,0x7d,0x0a,0x0a,0x73,0x74,0x72,0x75,0x63,0x74,0x20,0x6d,0x61,0x69,0x6e,0x5f,
    0x6f,0x75,0x74,0x20,0x7b,0x0a,0x20,0x20,0x40,0x6c,0x6f,0x63,0x61,0x74,0x69,0x6f,
    0x6e,0x28,0x30,0x29,0x0a,0x20,0x20,0x66,0x72,0x61,0x67,0x5f,0x63,0x6f,0x6c,0x6f,
    0x72,0x5f,0x31,0x20,0x3a,0x20,0x76,0x65,0x63,0x34,0x66,0x2c,0x0a,0x7d,0x0a,0x0a,
    0x40,0x66,0x72,0x61,0x67,0x6d,0x65,0x6e,0x74,0x0a,0x66,0x6e,0x20,0x6d,0x61,0x69,
    0x6e,0x28,0x40,0x6c,0x6f,0x63,0x61,0x74,0x69,0x6f,0x6e,0x28,0x30,0x29,0x20,0x75,
    0x76,0x5f,0x70,0x61,0x72,0x61,0x6d,0x20,0x3a,0x20,0x76,0x65,0x63,0x32,0x66,0x29,
    0x20,0x2d,0x3e,0x20,0x6d,0x61,0x69,0x6e,0x5f,0x6f,0x75,0x74,0x20,0x7b,0x0a,0x20,
    0x20,0x75,0x76,0x20,0x3d,0x20,0x75,0x76,0x5f,0x70,0x61,0x72,0x61,0x6d,0x3b,0x0a,
    0x20,0x20,0x6d,0x61,0x69,0x6e,0x5f,0x31,0x28,0x29,0x3b,0x0a,0x20,0x20,0x72,0x65,
    0x74,0x75,0x72,0x6e,0x20,0x6d,0x61,0x69,0x6e,0x5f,0x6f,0x75,0x74,0x28,0x66,0x72,
    0x61,0x67,0x5f,0x63,0x6f,0x6c,0x6f,0x72,0x29,0x3b,0x0a,0x7d,0x0a,0x00,
};
/*
    diagnostic(off, derivative_uniformity);

    struct common_params {
      /_ @offset(0) _/
      color : vec4f,
      /_ @offset(16) _/
      resolution : vec4f,
      /_ @offset(32) _/
      texel : vec4f,
      /_ @offset(48) _/
      options : vec4f,
    }

    var<private> frag_color : vec4f;

    @binding(0) @group(0) var<uniform> x_12 : common_params;

    var<private> uv : vec2f;

    fn main_1() {
      frag_color = x_12.color;
      return;
    }

    struct main_out {
      @location(0)
      frag_color_1 : vec4f,
    }

    @fragment
    fn main(@location(0) uv_param : vec2f) -> main_out {
      uv = uv_param;
      main_1();
      return main_out(frag_color);
    }
*/
static const uint8_t fs_clear_source_wgsl[579] = {
    0x64,0x69,0x61,0x67,0x6e,0x6f,0x73,0x74,0x69,0x63,0x28,0x6f,0x66,0x66,0x2c,0x20,
    0x64,0x65,0x72,0x69,0x76,0x61,0x74,0x69,0x76,0x65,0x5f,0x75,0x6e,0x69,0x66,0x6f,
    0x72,0x6d,0x69,0x74,0x79,0x29,0x3b,0x0a,0x0a,0x73,0x74,0x72,0x75,0x63,0x74,0x20,
    0x63,0x6f,0x6d,0x6d,0x6f,0x6e,0x5f,0x70,0x61,0x72,0x61,0x6d,0x73,0x20,0x7b,0x0a,
    0x20,0x20,0x2f,0x2a,0x20,0x40,0x6f,0x66,0x66,0x73,0x65,0x74,0x28,0x30,0x29,0x20,
    0x2a,0x2f,0x0a,0x20,0x20,0x63,0x6f,0x6c,0x6f,0x72,0x20,0x3a,0x20,0x76,0x65,0x63,
    0x34,0x66,0x2c,0x0a,0x20,0x20,0x2f,0x2a,0x20,0x40,0x6f,0x66,0x66,0x73,0x65,0x74,
    0x28,0x31,0x36,0x29,0x20,0x2a,0x2f,0x0a,0x20,0x20,0x72,0x65,0x73,0x6f,0x6c,0x75,
    0x74,0x69,0x6f,0x6e,0x20,0x3a,0x20,0x76,0x65,0x63,0x34,0x66,0x2c,0x0a,0x20,0x20,
    0x2f,0x2a,0x20,0x40,0x6f,0x66,0x66,0x73,0x65,0x74,0x28,0x33,0x32,0x29,0x20,0x2a,
    0x2f,0x0a,0x20,0x20,0x74,0x65,0x78,0x65,0x6c,0x20,0x3a,0x20,0x76,0x65,0x63,0x34,
    0x66,0x2c,0x0a,0x20,0x20,0x2f,0x2a,0x20,0x40,0x6f,0x66,0x66,0x73,0x65,0x74,0x28,
    0x34,0x38,0x29,0x20,0x2a,0x2f,0x0a,0x20,0x20,0x6f,0x70,0x74,0x69,0x6f,0x6e,0x73,
    0x20,0x3a,0x20,0x76,0x65,0x63,0x34,0x66,0x2c,0x0a,0x7d,0x0a,0x0a,0x76,0x61,0x72,
    0x3c,0x70,0x72,0x69,0x76,0x61,0x74,0x65,0x3e,0x20,0x66,0x72,0x61,0x67,0x5f,0x63,
    0x6f,0x6c,0x6f,0x72,0x20,0x3a,0x20,0x76,0x65,0x63,0x34,0x66,0x3b,0x0a,0x0a,0x40,
    0x62,0x69,0x6e,0x64,0x69,0x6e,0x67,0x28,0x30,0x29,0x20,0x40,0x67,0x72,0x6f,0x75,
    0x70,0x28,0x30,0x29,0x20,0x76,0x61,0x72,0x3c,0x75,0x6e,0x69,0x66,0x6f,0x72,0x6d,
    0x3e,0x20,0x78,0x5f,0x31,0x32,0x20,0x3a,0x20,0x63,0x6f,0x6d,0x6d,0x6f,0x6e,0x5f,
    0x70,0x61,0x72,0x61,0x6d,0x73,0x3b,0x0a,0x0a,0x76,0x61,0x72,0x3c,0x70,0x72,0x69,
    0x76,0x61,0x74,0x65,0x3e,0x20,0x75,0x76,0x20,0x3a,0x20,0x76,0x65,0x63,0x32,0x66,
    0x3b,0x0a,0x0a,0x66,0x6e,0x20,0x6d,0x61,0x69,0x6e,0x5f,0x31,0x28,0x29,0x20,0x7b,
    0x0a,0x20,0x20,0x66,0x72,0x61,0x67,0x5f,0x63,0x6f,0x6c,0x6f,0x72,0x20,0x3d,0x20,
    0x78,0x5f,0x31,0x32,0x2e,0x63,0x6f,0x6c,0x6f,0x72,0x3b,0x0a,0x20,0x20,0x72,0x65,
    0x74,0x75,0x72,0x6e,0x3b,0x0a,0x7d,0x0a,0x0a,0x73,0x74,0x72,0x75,0x63,0x74,0x20,
    0x6d,0x61,0x69,0x6e,0x5f,0x6f,0x75,0x74,0x20,0x7b,0x0a,0x20,0x20,0x40,0x6c,0x6f,
    0x63,0x61,0x74,0x69,0x6f,0x6e,0x28,0x30,0x29,0x0a,0x20,0x20,0x66,0x72,0x61,0x67,
    0x5f,0x63,0x6f,0x6c,0x6f,0x72,0x5f,0x31,0x20,0x3a,0x20,0x76,0x65,0x63,0x34,0x66,
    0x2c,0x0a,0x7d,0x0a,0x0a,0x40,0x66,0x72,0x61,0x67,0x6d,0x65,0x6e,0x74,0x0a,0x66,
    0x6e,0x20,0x6d,0x61,0x69,0x6e,0x28,0x40,0x6c,0x6f,0x63,0x61,0x74,0x69,0x6f,0x6e,
    0x28,0x30,0x29,0x20,0x75,0x76,0x5f,0x70,0x61,0x72,0x61,0x6d,0x20,0x3a,0x20,0x76,
    0x65,0x63,0x32,0x66,0x29,0x20,0x2d,0x3e,0x20,0x6d,0x61,0x69,0x6e,0x5f,0x6f,0x75,
    0x74,0x20,0x7b,0x0a,0x20,0x20,0x75,0x76,0x20,0x3d,0x20,0x75,0x76,0x5f,0x70,0x61,
    0x72,0x61,0x6d,0x3b,0x0a,0x20,0x20,0x6d,0x61,0x69,0x6e,0x5f,0x31,0x28,0x29,0x3b,
    0x0a,0x20,0x20,0x72,0x65,0x74,0x75,0x72,0x6e,0x20,0x6d,0x61,0x69,0x6e,0x5f,0x6f,
    0x75,0x74,0x28,0x66,0x72,0x61,0x67,0x5f,0x63,0x6f,0x6c,0x6f,0x72,0x29,0x3b,0x0a,
    0x7d,0x0a,0x00,
};
/*
    diagnostic(off, derivative_uniformity);

    struct common_params {
      /_ @offset(0) _/
      color : vec4f,
      /_ @offset(16) _/
      resolution : vec4f,
      /_ @offset(32) _/
      texel : vec4f,
      /_ @offset(48) _/
      options : vec4f,
    }

    var<private> frag_color : vec4f;

    @binding(0) @group(1) var sourceTex : texture_2d<f32>;

    @binding(32) @group(1) var sourceSmp : sampler;

    var<private> uv : vec2f;

    @binding(0) @group(0) var<uniform> x_27 : common_params;

    fn main_1() {
      let x_23 = uv;
      let x_24 = textureSample(sourceTex, sourceSmp, x_23);
      frag_color = ((x_24 * x_27.color) * x_27.options.x);
      return;
    }

    struct main_out {
      @location(0)
      frag_color_1 : vec4f,
    }

    @fragment
    fn main(@location(0) uv_param : vec2f) -> main_out {
      uv = uv_param;
      main_1();
      return main_out(frag_color);
    }
*/
static const uint8_t fs_multiply_source_wgsl[785] = {
    0x64,0x69,0x61,0x67,0x6e,0x6f,0x73,0x74,0x69,0x63,0x28,0x6f,0x66,0x66,0x2c,0x20,
    0x64,0x65,0x72,0x69,0x76,0x61,0x74,0x69,0x76,0x65,0x5f,0x75,0x6e,0x69,0x66,0x6f,
    0x72,0x6d,0x69,0x74,0x79,0x29,0x3b,0x0a,0x0a,0x73,0x74,0x72,0x75,0x63,0x74,0x20,
    0x63,0x6f,0x6d,0x6d,0x6f,0x6e,0x5f,0x70,0x61,0x72,0x61,0x6d,0x73,0x20,0x7b,0x0a,
    0x20,0x20,0x2f,0x2a,0x20,0x40,0x6f,0x66,0x66,0x73,0x65,0x74,0x28,0x30,0x29,0x20,
    0x2a,0x2f,0x0a,0x20,0x20,0x63,0x6f,0x6c,0x6f,0x72,0x20,0x3a,0x20,0x76,0x65,0x63,
    0x34,0x66,0x2c,0x0a,0x20,0x20,0x2f,0x2a,0x20,0x40,0x6f,0x66,0x66,0x73,0x65,0x74,
    0x28,0x31,0x36,0x29,0x20,0x2a,0x2f,0x0a,0x20,0x20,0x72,0x65,0x73,0x6f,0x6c,0x75,
    0x74,0x69,0x6f,0x6e,0x20,0x3a,0x20,0x76,0x65,0x63,0x34,0x66,0x2c,0x0a,0x20,0x20,
    0x2f,0x2a,0x20,0x40,0x6f,0x66,0x66,0x73,0x65,0x74,0x28,0x33,0x32,0x29,0x20,0x2a,
    0x2f,0x0a,0x20,0x20,0x74,0x65,0x78,0x65,0x6c,0x20,0x3a,0x20,0x76,0x65,0x63,0x34,
    0x66,0x2c,0x0a,0x20,0x20,0x2f,0x2a,0x20,0x40,0x6f,0x66,0x66,0x73,0x65,0x74,0x28,
    0x34,0x38,0x29,0x20,0x2a,0x2f,0x0a,0x20,0x20,0x6f,0x70,0x74,0x69,0x6f,0x6e,0x73,
    0x20,0x3a,0x20,0x76,0x65,0x63,0x34,0x66,0x2c,0x0a,0x7d,0x0a,0x0a,0x76,0x61,0x72,
    0x3c,0x70,0x72,0x69,0x76,0x61,0x74,0x65,0x3e,0x20,0x66,0x72,0x61,0x67,0x5f,0x63,
    0x6f,0x6c,0x6f,0x72,0x20,0x3a,0x20,0x76,0x65,0x63,0x34,0x66,0x3b,0x0a,0x0a,0x40,
    0x62,0x69,0x6e,0x64,0x69,0x6e,0x67,0x28,0x30,0x29,0x20,0x40,0x67,0x72,0x6f,0x75,
    0x70,0x28,0x31,0x29,0x20,0x76,0x61,0x72,0x20,0x73,0x6f,0x75,0x72,0x63,0x65,0x54,
    0x65,0x78,0x20,0x3a,0x20,0x74,0x65,0x78,0x74,0x75,0x72,0x65,0x5f,0x32,0x64,0x3c,
    0x66,0x33,0x32,0x3e,0x3b,0x0a,0x0a,0x40,0x62,0x69,0x6e,0x64,0x69,0x6e,0x67,0x28,
    0x33,0x32,0x29,0x20,0x40,0x67,0x72,0x6f,0x75,0x70,0x28,0x31,0x29,0x20,0x76,0x61,
    0x72,0x20,0x73,0x6f,0x75,0x72,0x63,0x65,0x53,0x6d,0x70,0x20,0x3a,0x20,0x73,0x61,
    0x6d,0x70,0x6c,0x65,0x72,0x3b,0x0a,0x0a,0x76,0x61,0x72,0x3c,0x70,0x72,0x69,0x76,
    0x61,0x74,0x65,0x3e,0x20,0x75,0x76,0x20,0x3a,0x20,0x76,0x65,0x63,0x32,0x66,0x3b,
    0x0a,0x0a,0x40,0x62,0x69,0x6e,0x64,0x69,0x6e,0x67,0x28,0x30,0x29,0x20,0x40,0x67,
    0x72,0x6f,0x75,0x70,0x28,0x30,0x29,0x20,0x76,0x61,0x72,0x3c,0x75,0x6e,0x69,0x66,
    0x6f,0x72,0x6d,0x3e,0x20,0x78,0x5f,0x32,0x37,0x20,0x3a,0x20,0x63,0x6f,0x6d,0x6d,
    0x6f,0x6e,0x5f,0x70,0x61,0x72,0x61,0x6d,0x73,0x3b,0x0a,0x0a,0x66,0x6e,0x20,0x6d,
    0x61,0x69,0x6e,0x5f,0x31,0x28,0x29,0x20,0x7b,0x0a,0x20,0x20,0x6c,0x65,0x74,0x20,
    0x78,0x5f,0x32,0x33,0x20,0x3d,0x20,0x75,0x76,0x3b,0x0a,0x20,0x20,0x6c,0x65,0x74,
    0x20,0x78,0x5f,0x32,0x34,0x20,0x3d,0x20,0x74,0x65,0x78,0x74,0x75,0x72,0x65,0x53,
    0x61,0x6d,0x70,0x6c,0x65,0x28,0x73,0x6f,0x75,0x72,0x63,0x65,0x54,0x65,0x78,0x2c,
    0x20,0x73,0x6f,0x75,0x72,0x63,0x65,0x53,0x6d,0x70,0x2c,0x20,0x78,0x5f,0x32,0x33,
    0x29,0x3b,0x0a,0x20,0x20,0x66,0x72,0x61,0x67,0x5f,0x63,0x6f,0x6c,0x6f,0x72,0x20,
    0x3d,0x20,0x28,0x28,0x78,0x5f,0x32,0x34,0x20,0x2a,0x20,0x78,0x5f,0x32,0x37,0x2e,
    0x63,0x6f,0x6c,0x6f,0x72,0x29,0x20,0x2a,0x20,0x78,0x5f,0x32,0x37,0x2e,0x6f,0x70,
    0x74,0x69,0x6f,0x6e,0x73,0x2e,0x78,0x29,0x3b,0x0a,0x20,0x20,0x72,0x65,0x74,0x75,
    0x72,0x6e,0x3b,0x0a,0x7d,0x0a,0x0a,0x73,0x74,0x72,0x75,0x63,0x74,0x20,0x6d,0x61,
    0x69,0x6e,0x5f,0x6f,0x75,0x74,0x20,0x7b,0x0a,0x20,0x20,0x40,0x6c,0x6f,0x63,0x61,
    0x74,0x69,0x6f,0x6e,0x28,0x30,0x29,0x0a,0x20,0x20,0x66,0x72,0x61,0x67,0x5f,0x63,
    0x6f,0x6c,0x6f,0x72,0x5f,0x31,0x20,0x3a,0x20,0x76,0x65,0x63,0x34,0x66,0x2c,0x0a,
    0x7d,0x0a,0x0a,0x40,0x66,0x72,0x61,0x67,0x6d,0x65,0x6e,0x74,0x0a,0x66,0x6e,0x20,
    0x6d,0x61,0x69,0x6e,0x28,0x40,0x6c,0x6f,0x63,0x61,0x74,0x69,0x6f,0x6e,0x28,0x30,
    0x29,0x20,0x75,0x76,0x5f,0x70,0x61,0x72,0x61,0x6d,0x20,0x3a,0x20,0x76,0x65,0x63,
    0x32,0x66,0x29,0x20,0x2d,0x3e,0x20,0x6d,0x61,0x69,0x6e,0x5f,0x6f,0x75,0x74,0x20,
    0x7b,0x0a,0x20,0x20,0x75,0x76,0x20,0x3d,0x20,0x75,0x76,0x5f,0x70,0x61,0x72,0x61,
    0x6d,0x3b,0x0a,0x20,0x20,0x6d,0x61,0x69,0x6e,0x5f,0x31,0x28,0x29,0x3b,0x0a,0x20,
    0x20,0x72,0x65,0x74,0x75,0x72,0x6e,0x20,0x6d,0x61,0x69,0x6e,0x5f,0x6f,0x75,0x74,
    0x28,0x66,0x72,0x61,0x67,0x5f,0x63,0x6f,0x6c,0x6f,0x72,0x29,0x3b,0x0a,0x7d,0x0a,
    0x00,
};
/*
    diagnostic(off, derivative_uniformity);

    struct common_params {
      /_ @offset(0) _/
      color : vec4f,
      /_ @offset(16) _/
      resolution : vec4f,
      /_ @offset(32) _/
      texel : vec4f,
      /_ @offset(48) _/
      options : vec4f,
    }

    @binding(0) @group(1) var sourceTex : texture_2d<f32>;

    @binding(32) @group(1) var sourceSmp : sampler;

    var<private> uv : vec2f;

    @binding(0) @group(0) var<uniform> x_41 : common_params;

    var<private> frag_color : vec4f;

    fn luminance_vf3_(rgb : ptr<function, vec3f>) -> f32 {
      let x_13 = *(rgb);
      return dot(x_13, vec3f(0.21259999275207519531f, 0.71520000696182250977f, 0.07220000028610229492f));
    }

    fn main_1() {
      var src : vec4f;
      var mask : f32;
      var param : vec3f;
      let x_37 = uv;
      let x_38 = textureSample(sourceTex, sourceSmp, x_37);
      src = (x_38 * x_41.color);
      let x_55 = x_41.options.y;
      param = src.xyz;
      let x_59 = luminance_vf3_(&(param));
      mask = step(x_55, x_59);
      frag_color = (src * mask);
      return;
    }

    struct main_out {
      @location(0)
      frag_color_1 : vec4f,
    }

    @fragment
    fn main(@location(0) uv_param : vec2f) -> main_out {
      uv = uv_param;
      main_1();
      return main_out(frag_color);
    }
*/
static const uint8_t fs_threshold_source_wgsl[1141] = {
    0x64,0x69,0x61,0x67,0x6e,0x6f,0x73,0x74,0x69,0x63,0x28,0x6f,0x66,0x66,0x2c,0x20,
    0x64,0x65,0x72,0x69,0x76,0x61,0x74,0x69,0x76,0x65,0x5f,0x75,0x6e,0x69,0x66,0x6f,
    0x72,0x6d,0x69,0x74,0x79,0x29,0x3b,0x0a,0x0a,0x73,0x74,0x72,0x75,0x63,0x74,0x20,
    0x63,0x6f,0x6d,0x6d,0x6f,0x6e,0x5f,0x70,0x61,0x72,0x61,0x6d,0x73,0x20,0x7b,0x0a,
    0x20,0x20,0x2f,0x2a,0x20,0x40,0x6f,0x66,0x66,0x73,0x65,0x74,0x28,0x30,0x29,0x20,
    0x2a,0x2f,0x0a,0x20,0x20,0x63,0x6f,0x6c,0x6f,0x72,0x20,0x3a,0x20,0x76,0x65,0x63,
    0x34,0x66,0x2c,0x0a,0x20,0x20,0x2f,0x2a,0x20,0x40,0x6f,0x66,0x66,0x73,0x65,0x74,
    0x28,0x31,0x36,0x29,0x20,0x2a,0x2f,0x0a,0x20,0x20,0x72,0x65,0x73,0x6f,0x6c,0x75,
    0x74,0x69,0x6f,0x6e,0x20,0x3a,0x20,0x76,0x65,0x63,0x34,0x66,0x2c,0x0a,0x20,0x20,
    0x2f,0x2a,0x20,0x40,0x6f,0x66,0x66,0x73,0x65,0x74,0x28,0x33,0x32,0x29,0x20,0x2a,
    0x2f,0x0a,0x20,0x20,0x74,0x65,0x78,0x65,0x6c,0x20,0x3a,0x20,0x76,0x65,0x63,0x34,
    0x66,0x2c,0x0a,0x20,0x20,0x2f,0x2a,0x20,0x40,0x6f,0x66,0x66,0x73,0x65,0x74,0x28,
    0x34,0x38,0x29,0x20,0x2a,0x2f,0x0a,0x20,0x20,0x6f,0x70,0x74,0x69,0x6f,0x6e,0x73,
    0x20,0x3a,0x20,0x76,0x65,0x63,0x34,0x66,0x2c,0x0a,0x7d,0x0a,0x0a,0x40,0x62,0x69,
    0x6e,0x64,0x69,0x6e,0x67,0x28,0x30,0x29,0x20,0x40,0x67,0x72,0x6f,0x75,0x70,0x28,
    0x31,0x29,0x20,0x76,0x61,0x72,0x20,0x73,0x6f,0x75,0x72,0x63,0x65,0x54,0x65,0x78,
    0x20,0x3a,0x20,0x74,0x65,0x78,0x74,0x75,0x72,0x65,0x5f,0x32,0x64,0x3c,0x66,0x33,
    0x32,0x3e,0x3b,0x0a,0x0a,0x40,0x62,0x69,0x6e,0x64,0x69,0x6e,0x67,0x28,0x33,0x32,
    0x29,0x20,0x40,0x67,0x72,0x6f,0x75,0x70,0x28,0x31,0x29,0x20,0x76,0x61,0x72,0x20,
    0x73,0x6f,0x75,0x72,0x63,0x65,0x53,0x6d,0x70,0x20,0x3a,0x20,0x73,0x61,0x6d,0x70,
    0x6c,0x65,0x72,0x3b,0x0a,0x0a,0x76,0x61,0x72,0x3c,0x70,0x72,0x69,0x76,0x61,0x74,
    0x65,0x3e,0x20,0x75,0x76,0x20,0x3a,0x20,0x76,0x65,0x63,0x32,0x66,0x3b,0x0a,0x0a,
    0x40,0x62,0x69,0x6e,0x64,0x69,0x6e,0x67,0x28,0x30,0x29,0x20,0x40,0x67,0x72,0x6f,
    0x75,0x70,0x28,0x30,0x29,0x20,0x76,0x61,0x72,0x3c,0x75,0x6e,0x69,0x66,0x6f,0x72,
    0x6d,0x3e,0x20,0x78,0x5f,0x34,0x31,0x20,0x3a,0x20,0x63,0x6f,0x6d,0x6d,0x6f,0x6e,
    0x5f,0x70,0x61,0x72,0x61,0x6d,0x73,0x3b,0x0a,0x0a,0x76,0x61,0x72,0x3c,0x70,0x72,
    0x69,0x76,0x61,0x74,0x65,0x3e,0x20,0x66,0x72,0x61,0x67,0x5f,0x63,0x6f,0x6c,0x6f,
    0x72,0x20,0x3a,0x20,0x76,0x65,0x63,0x34,0x66,0x3b,0x0a,0x0a,0x66,0x6e,0x20,0x6c,
    0x75,0x6d,0x69,0x6e,0x61,0x6e,0x63,0x65,0x5f,0x76,0x66,0x33,0x5f,0x28,0x72,0x67,
    0x62,0x20,0x3a,0x20,0x70,0x74,0x72,0x3c,0x66,0x75,0x6e,0x63,0x74,0x69,0x6f,0x6e,
    0x2c,0x20,0x76,0x65,0x63,0x33,0x66,0x3e,0x29,0x20,0x2d,0x3e,0x20,0x66,0x33,0x32,
    0x20,0x7b,0x0a,0x20,0x20,0x6c,0x65,0x74,0x20,0x78,0x5f,0x31,0x33,0x20,0x3d,0x20,
    0x2a,0x28,0x72,0x67,0x62,0x29,0x3b,0x0a,0x20,0x20,0x72,0x65,0x74,0x75,0x72,0x6e,
    0x20,0x64,0x6f,0x74,0x28,0x78,0x5f,0x31,0x33,0x2c,0x20,0x76,0x65,0x63,0x33,0x66,
    0x28,0x30,0x2e,0x32,0x31,0x32,0x35,0x39,0x39,0x39,0x39,0x32,0x37,0x35,0x32,0x30,
    0x37,0x35,0x31,0x39,0x35,0x33,0x31,0x66,0x2c,0x20,0x30,0x2e,0x37,0x31,0x35,0x32,
    0x30,0x30,0x30,0x30,0x36,0x39,0x36,0x31,0x38,0x32,0x32,0x35,0x30,0x39,0x37,0x37,
    0x66,0x2c,0x20,0x30,0x2e,0x30,0x37,0x32,0x32,0x30,0x30,0x30,0x30,0x30,0x32,0x38,
    0x36,0x31,0x30,0x32,0x32,0x39,0x34,0x39,0x32,0x66,0x29,0x29,0x3b,0x0a,0x7d,0x0a,
    0x0a,0x66,0x6e,0x20,0x6d,0x61,0x69,0x6e,0x5f,0x31,0x28,0x29,0x20,0x7b,0x0a,0x20,
    0x20,0x76,0x61,0x72,0x20,0x73,0x72,0x63,0x20,0x3a,0x20,0x76,0x65,0x63,0x34,0x66,
    0x3b,0x0a,0x20,0x20,0x76,0x61,0x72,0x20,0x6d,0x61,0x73,0x6b,0x20,0x3a,0x20,0x66,
    0x33,0x32,0x3b,0x0a,0x20,0x20,0x76,0x61,0x72,0x20,0x70,0x61,0x72,0x61,0x6d,0x20,
    0x3a,0x20,0x76,0x65,0x63,0x33,0x66,0x3b,0x0a,0x20,0x20,0x6c,0x65,0x74,0x20,0x78,
    0x5f,0x33,0x37,0x20,0x3d,0x20,0x75,0x76,0x3b,0x0a,0x20,0x20,0x6c,0x65,0x74,0x20,
    0x78,0x5f,0x33,0x38,0x20,0x3d,0x20,0x74,0x65,0x78,0x74,0x75,0x72,0x65,0x53,0x61,
    0x6d,0x70,0x6c,0x65,0x28,0x73,0x6f,0x75,0x72,0x63,0x65,0x54,0x65,0x78,0x2c,0x20,
    0x73,0x6f,0x75,0x72,0x63,0x65,0x53,0x6d,0x70,0x2c,0x20,0x78,0x5f,0x33,0x37,0x29,
    0x3b,0x0a,0x20,0x20,0x73,0x72,0x63,0x20,0x3d,0x20,0x28,0x78,0x5f,0x33,0x38,0x20,
    0x2a,0x20,0x78,0x5f,0x34,0x31,0x2e,0x63,0x6f,0x6c,0x6f,0x72,0x29,0x3b,0x0a,0x20,
    0x20,0x6c,0x65,0x74,0x20,0x78,0x5f,0x35,0x35,0x20,0x3d,0x20,0x78,0x5f,0x34,0x31,
    0x2e,0x6f,0x70,0x74,0x69,0x6f,0x6e,0x73,0x2e,0x79,0x3b,0x0a,0x20,0x20,0x70,0x61,
    0x72,0x61,0x6d,0x20,0x3d,0x20,0x73,0x72,0x63,0x2e,0x78,0x79,0x7a,0x3b,0x0a,0x20,
    0x20,0x6c,0x65,0x74,0x20,0x78,0x5f,0x35,0x39,0x20,0x3d,0x20,0x6c,0x75,0x6d,0x69,
    0x6e,0x61,0x6e,0x63,0x65,0x5f,0x76,0x66,0x33,0x5f,0x28,0x26,0x28,0x70,0x61,0x72,
    0x61,0x6d,0x29,0x29,0x3b,0x0a,0x20,0x20,0x6d,0x61,0x73,0x6b,0x20,0x3d,0x20,0x73,
    0x74,0x65,0x70,0x28,0x78,0x5f,0x35,0x35,0x2c,0x20,0x78,0x5f,0x35,0x39,0x29,0x3b,
    0x0a,0x20,0x20,0x66,0x72,0x61,0x67,0x5f,0x63,0x6f,0x6c,0x6f,0x72,0x20,0x3d,0x20,
    0x28,0x73,0x72,0x63,0x20,0x2a,0x20,0x6d,0x61,0x73,0x6b,0x29,0x3b,0x0a,0x20,0x20,
    0x72,0x65,0x74,0x75,0x72,0x6e,0x3b,0x0a,0x7d,0x0a,0x0a,0x73,0x74,0x72,0x75,0x63,
    0x74,0x20,0x6d,0x61,0x69,0x6e,0x5f,0x6f,0x75,0x74,0x20,0x7b,0x0a,0x20,0x20,0x40,
    0x6c,0x6f,0x63,0x61,0x74,0x69,0x6f,0x6e,0x28,0x30,0x29,0x0a,0x20,0x20,0x66,0x72,
    0x61,0x67,0x5f,0x63,0x6f,0x6c,0x6f,0x72,0x5f,0x31,0x20,0x3a,0x20,0x76,0x65,0x63,
    0x34,0x66,0x2c,0x0a,0x7d,0x0a,0x0a,0x40,0x66,0x72,0x61,0x67,0x6d,0x65,0x6e,0x74,
    0x0a,0x66,0x6e,0x20,0x6d,0x61,0x69,0x6e,0x28,0x40,0x6c,0x6f,0x63,0x61,0x74,0x69,
    0x6f,0x6e,0x28,0x30,0x29,0x20,0x75,0x76,0x5f,0x70,0x61,0x72,0x61,0x6d,0x20,0x3a,
    0x20,0x76,0x65,0x63,0x32,0x66,0x29,0x20,0x2d,0x3e,0x20,0x6d,0x61,0x69,0x6e,0x5f,
    0x6f,0x75,0x74,0x20,0x7b,0x0a,0x20,0x20,0x75,0x76,0x20,0x3d,0x20,0x75,0x76,0x5f,
    0x70,0x61,0x72,0x61,0x6d,0x3b,0x0a,0x20,0x20,0x6d,0x61,0x69,0x6e,0x5f,0x31,0x28,
    0x29,0x3b,0x0a,0x20,0x20,0x72,0x65,0x74,0x75,0x72,0x6e,0x20,0x6d,0x61,0x69,0x6e,
    0x5f,0x6f,0x75,0x74,0x28,0x66,0x72,0x61,0x67,0x5f,0x63,0x6f,0x6c,0x6f,0x72,0x29,
    0x3b,0x0a,0x7d,0x0a,0x00,
};
/*
    diagnostic(off, derivative_uniformity);

    struct common_params {
      /_ @offset(0) _/
      color : vec4f,
      /_ @offset(16) _/
      resolution : vec4f,
      /_ @offset(32) _/
      texel : vec4f,
      /_ @offset(48) _/
      options : vec4f,
    }

    @binding(0) @group(1) var sourceTex : texture_2d<f32>;

    @binding(32) @group(1) var sourceSmp : sampler;

    var<private> uv : vec2f;

    @binding(0) @group(0) var<uniform> x_27 : common_params;

    var<private> frag_color : vec4f;

    fn main_1() {
      var src : vec4f;
      var y : f32;
      let x_23 = uv;
      let x_24 = textureSample(sourceTex, sourceSmp, x_23);
      src = (x_24 * x_27.color);
      y = dot(src.xyz, vec3f(0.21259999275207519531f, 0.71520000696182250977f, 0.07220000028610229492f));
      frag_color = vec4f(y, y, y, src.w);
      return;
    }

    struct main_out {
      @location(0)
      frag_color_1 : vec4f,
    }

    @fragment
    fn main(@location(0) uv_param : vec2f) -> main_out {
      uv = uv_param;
      main_1();
      return main_out(frag_color);
    }
*/
static const uint8_t fs_luminance_source_wgsl[933] = {
    0x64,0x69,0x61,0x67,0x6e,0x6f,0x73,0x74,0x69,0x63,0x28,0x6f,0x66,0x66,0x2c,0x20,
    0x64,0x65,0x72,0x69,0x76,0x61,0x74,0x69,0x76,0x65,0x5f,0x75,0x6e,0x69,0x66,0x6f,
    0x72,0x6d,0x69,0x74,0x79,0x29,0x3b,0x0a,0x0a,0x73,0x74,0x72,0x75,0x63,0x74,0x20,
    0x63,0x6f,0x6d,0x6d,0x6f,0x6e,0x5f,0x70,0x61,0x72,0x61,0x6d,0x73,0x20,0x7b,0x0a,
    0x20,0x20,0x2f,0x2a,0x20,0x40,0x6f,0x66,0x66,0x73,0x65,0x74,0x28,0x30,0x29,0x20,
    0x2a,0x2f,0x0a,0x20,0x20,0x63,0x6f,0x6c,0x6f,0x72,0x20,0x3a,0x20,0x76,0x65,0x63,
    0x34,0x66,0x2c,0x0a,0x20,0x20,0x2f,0x2a,0x20,0x40,0x6f,0x66,0x66,0x73,0x65,0x74,
    0x28,0x31,0x36,0x29,0x20,0x2a,0x2f,0x0a,0x20,0x20,0x72,0x65,0x73,0x6f,0x6c,0x75,
    0x74,0x69,0x6f,0x6e,0x20,0x3a,0x20,0x76,0x65,0x63,0x34,0x66,0x2c,0x0a,0x20,0x20,
    0x2f,0x2a,0x20,0x40,0x6f,0x66,0x66,0x73,0x65,0x74,0x28,0x33,0x32,0x29,0x20,0x2a,
    0x2f,0x0a,0x20,0x20,0x74,0x65,0x78,0x65,0x6c,0x20,0x3a,0x20,0x76,0x65,0x63,0x34,
    0x66,0x2c,0x0a,0x20,0x20,0x2f,0x2a,0x20,0x40,0x6f,0x66,0x66,0x73,0x65,0x74,0x28,
    0x34,0x38,0x29,0x20,0x2a,0x2f,0x0a,0x20,0x20,0x6f,0x70,0x74,0x69,0x6f,0x6e,0x73,
    0x20,0x3a,0x20,0x76,0x65,0x63,0x34,0x66,0x2c,0x0a,0x7d,0x0a,0x0a,0x40,0x62,0x69,
    0x6e,0x64,0x69,0x6e,0x67,0x28,0x30,0x29,0x20,0x40,0x67,0x72,0x6f,0x75,0x70,0x28,
    0x31,0x29,0x20,0x76,0x61,0x72,0x20,0x73,0x6f,0x75,0x72,0x63,0x65,0x54,0x65,0x78,
    0x20,0x3a,0x20,0x74,0x65,0x78,0x74,0x75,0x72,0x65,0x5f,0x32,0x64,0x3c,0x66,0x33,
    0x32,0x3e,0x3b,0x0a,0x0a,0x40,0x62,0x69,0x6e,0x64,0x69,0x6e,0x67,0x28,0x33,0x32,
    0x29,0x20,0x40,0x67,0x72,0x6f,0x75,0x70,0x28,0x31,0x29,0x20,0x76,0x61,0x72,0x20,
    0x73,0x6f,0x75,0x72,0x63,0x65,0x53,0x6d,0x70,0x20,0x3a,0x20,0x73,0x61,0x6d,0x70,
    0x6c,0x65,0x72,0x3b,0x0a,0x0a,0x76,0x61,0x72,0x3c,0x70,0x72,0x69,0x76,0x61,0x74,
    0x65,0x3e,0x20,0x75,0x76,0x20,0x3a,0x20,0x76,0x65,0x63,0x32,0x66,0x3b,0x0a,0x0a,
    0x40,0x62,0x69,0x6e,0x64,0x69,0x6e,0x67,0x28,0x30,0x29,0x20,0x40,0x67,0x72,0x6f,
    0x75,0x70,0x28,0x30,0x29,0x20,0x76,0x61,0x72,0x3c,0x75,0x6e,0x69,0x66,0x6f,0x72,
    0x6d,0x3e,0x20,0x78,0x5f,0x32,0x37,0x20,0x3a,0x20,0x63,0x6f,0x6d,0x6d,0x6f,0x6e,
    0x5f,0x70,0x61,0x72,0x61,0x6d,0x73,0x3b,0x0a,0x0a,0x76,0x61,0x72,0x3c,0x70,0x72,
    0x69,0x76,0x61,0x74,0x65,0x3e,0x20,0x66,0x72,0x61,0x67,0x5f,0x63,0x6f,0x6c,0x6f,
    0x72,0x20,0x3a,0x20,0x76,0x65,0x63,0x34,0x66,0x3b,0x0a,0x0a,0x66,0x6e,0x20,0x6d,
    0x61,0x69,0x6e,0x5f,0x31,0x28,0x29,0x20,0x7b,0x0a,0x20,0x20,0x76,0x61,0x72,0x20,
    0x73,0x72,0x63,0x20,0x3a,0x20,0x76,0x65,0x63,0x34,0x66,0x3b,0x0a,0x20,0x20,0x76,
    0x61,0x72,0x20,0x79,0x20,0x3a,0x20,0x66,0x33,0x32,0x3b,0x0a,0x20,0x20,0x6c,0x65,
    0x74,0x20,0x78,0x5f,0x32,0x33,0x20,0x3d,0x20,0x75,0x76,0x3b,0x0a,0x20,0x20,0x6c,
    0x65,0x74,0x20,0x78,0x5f,0x32,0x34,0x20,0x3d,0x20,0x74,0x65,0x78,0x74,0x75,0x72,
    0x65,0x53,0x61,0x6d,0x70,0x6c,0x65,0x28,0x73,0x6f,0x75,0x72,0x63,0x65,0x54,0x65,
    0x78,0x2c,0x20,0x73,0x6f,0x75,0x72,0x63,0x65,0x53,0x6d,0x70,0x2c,0x20,0x78,0x5f,
    0x32,0x33,0x29,0x3b,0x0a,0x20,0x20,0x73,0x72,0x63,0x20,0x3d,0x20,0x28,0x78,0x5f,
    0x32,0x34,0x20,0x2a,0x20,0x78,0x5f,0x32,0x37,0x2e,0x63,0x6f,0x6c,0x6f,0x72,0x29,
    0x3b,0x0a,0x20,0x20,0x79,0x20,0x3d,0x20,0x64,0x6f,0x74,0x28,0x73,0x72,0x63,0x2e,
    0x78,0x79,0x7a,0x2c,0x20,0x76,0x65,0x63,0x33,0x66,0x28,0x30,0x2e,0x32,0x31,0x32,
    0x35,0x39,0x39,0x39,0x39,0x32,0x37,0x35,0x32,0x30,0x37,0x35,0x31,0x39,0x35,0x33,
    0x31,0x66,0x2c,0x20,0x30,0x2e,0x37,0x31,0x35,0x32,0x30,0x30,0x30,0x30,0x36,0x39,
    0x36,0x31,0x38,0x32,0x32,0x35,0x30,0x39,0x37,0x37,0x66,0x2c,0x20,0x30,0x2e,0x30,
    0x37,0x32,0x32,0x30,0x30,0x30,0x30,0x30,0x32,0x38,0x36,0x31,0x30,0x32,0x32,0x39,
    0x34,0x39,0x32,0x66,0x29,0x29,0x3b,0x0a,0x20,0x20,0x66,0x72,0x61,0x67,0x5f,0x63,
    0x6f,0x6c,0x6f,0x72,0x20,0x3d,0x20,0x76,0x65,0x63,0x34,0x66,0x28,0x79,0x2c,0x20,
    0x79,0x2c,0x20,0x79,0x2c,0x20,0x73,0x72,0x63,0x2e,0x77,0x29,0x3b,0x0a,0x20,0x20,
    0x72,0x65,0x74,0x75,0x72,0x6e,0x3b,0x0a,0x7d,0x0a,0x0a,0x73,0x74,0x72,0x75,0x63,
    0x74,0x20,0x6d,0x61,0x69,0x6e,0x5f,0x6f,0x75,0x74,0x20,0x7b,0x0a,0x20,0x20,0x40,
    0x6c,0x6f,0x63,0x61,0x74,0x69,0x6f,0x6e,0x28,0x30,0x29,0x0a,0x20,0x20,0x66,0x72,
    0x61,0x67,0x5f,0x63,0x6f,0x6c,0x6f,0x72,0x5f,0x31,0x20,0x3a,0x20,0x76,0x65,0x63,
    0x34,0x66,0x2c,0x0a,0x7d,0x0a,0x0a,0x40,0x66,0x72,0x61,0x67,0x6d,0x65,0x6e,0x74,
    0x0a,0x66,0x6e,0x20,0x6d,0x61,0x69,0x6e,0x28,0x40,0x6c,0x6f,0x63,0x61,0x74,0x69,
    0x6f,0x6e,0x28,0x30,0x29,0x20,0x75,0x76,0x5f,0x70,0x61,0x72,0x61,0x6d,0x20,0x3a,
    0x20,0x76,0x65,0x63,0x32,0x66,0x29,0x20,0x2d,0x3e,0x20,0x6d,0x61,0x69,0x6e,0x5f,
    0x6f,0x75,0x74,0x20,0x7b,0x0a,0x20,0x20,0x75,0x76,0x20,0x3d,0x20,0x75,0x76,0x5f,
    0x70,0x61,0x72,0x61,0x6d,0x3b,0x0a,0x20,0x20,0x6d,0x61,0x69,0x6e,0x5f,0x31,0x28,
    0x29,0x3b,0x0a,0x20,0x20,0x72,0x65,0x74,0x75,0x72,0x6e,0x20,0x6d,0x61,0x69,0x6e,
    0x5f,0x6f,0x75,0x74,0x28,0x66,0x72,0x61,0x67,0x5f,0x63,0x6f,0x6c,0x6f,0x72,0x29,
    0x3b,0x0a,0x7d,0x0a,0x00,
};
/*
    diagnostic(off, derivative_uniformity);

    struct common_params {
      /_ @offset(0) _/
      color : vec4f,
      /_ @offset(16) _/
      resolution : vec4f,
      /_ @offset(32) _/
      texel : vec4f,
      /_ @offset(48) _/
      options : vec4f,
    }

    @binding(0) @group(1) var sourceTex : texture_2d<f32>;

    @binding(32) @group(1) var sourceSmp : sampler;

    var<private> uv : vec2f;

    @binding(1) @group(1) var compareTex : texture_2d<f32>;

    @binding(33) @group(1) var compareSmp : sampler;

    var<private> frag_color : vec4f;

    @binding(0) @group(0) var<uniform> x_41 : common_params;

    fn main_1() {
      var a : vec4f;
      var b : vec4f;
      let x_23 = uv;
      let x_24 = textureSample(sourceTex, sourceSmp, x_23);
      a = x_24;
      let x_31 = uv;
      let x_32 = textureSample(compareTex, compareSmp, x_31);
      b = x_32;
      frag_color = (abs((a - b)) * x_41.options.x);
      return;
    }

    struct main_out {
      @location(0)
      frag_color_1 : vec4f,
    }

    @fragment
    fn main(@location(0) uv_param : vec2f) -> main_out {
      uv = uv_param;
      main_1();
      return main_out(frag_color);
    }
*/
static const uint8_t fs_difference_source_wgsl[1018] = {
    0x64,0x69,0x61,0x67,0x6e,0x6f,0x73,0x74,0x69,0x63,0x28,0x6f,0x66,0x66,0x2c,0x20,
    0x64,0x65,0x72,0x69,0x76,0x61,0x74,0x69,0x76,0x65,0x5f,0x75,0x6e,0x69,0x66,0x6f,
    0x72,0x6d,0x69,0x74,0x79,0x29,0x3b,0x0a,0x0a,0x73,0x74,0x72,0x75,0x63,0x74,0x20,
    0x63,0x6f,0x6d,0x6d,0x6f,0x6e,0x5f,0x70,0x61,0x72,0x61,0x6d,0x73,0x20,0x7b,0x0a,
    0x20,0x20,0x2f,0x2a,0x20,0x40,0x6f,0x66,0x66,0x73,0x65,0x74,0x28,0x30,0x29,0x20,
    0x2a,0x2f,0x0a,0x20,0x20,0x63,0x6f,0x6c,0x6f,0x72,0x20,0x3a,0x20,0x76,0x65,0x63,
    0x34,0x66,0x2c,0x0a,0x20,0x20,0x2f,0x2a,0x20,0x40,0x6f,0x66,0x66,0x73,0x65,0x74,
    0x28,0x31,0x36,0x29,0x20,0x2a,0x2f,0x0a,0x20,0x20,0x72,0x65,0x73,0x6f,0x6c,0x75,
    0x74,0x69,0x6f,0x6e,0x20,0x3a,0x20,0x76,0x65,0x63,0x34,0x66,0x2c,0x0a,0x20,0x20,
    0x2f,0x2a,0x20,0x40,0x6f,0x66,0x66,0x73,0x65,0x74,0x28,0x33,0x32,0x29,0x20,0x2a,
    0x2f,0x0a,0x20,0x20,0x74,0x65,0x78,0x65,0x6c,0x20,0x3a,0x20,0x76,0x65,0x63,0x34,
    0x66,0x2c,0x0a,0x20,0x20,0x2f,0x2a,0x20,0x40,0x6f,0x66,0x66,0x73,0x65,0x74,0x28,
    0x34,0x38,0x29,0x20,0x2a,0x2f,0x0a,0x20,0x20,0x6f,0x70,0x74,0x69,0x6f,0x6e,0x73,
    0x20,0x3a,0x20,0x76,0x65,0x63,0x34,0x66,0x2c,0x0a,0x7d,0x0a,0x0a,0x40,0x62,0x69,
    0x6e,0x64,0x69,0x6e,0x67,0x28,0x30,0x29,0x20,0x40,0x67,0x72,0x6f,0x75,0x70,0x28,
    0x31,0x29,0x20,0x76,0x61,0x72,0x20,0x73,0x6f,0x75,0x72,0x63,0x65,0x54,0x65,0x78,
    0x20,0x3a,0x20,0x74,0x65,0x78,0x74,0x75,0x72,0x65,0x5f,0x32,0x64,0x3c,0x66,0x33,
    0x32,0x3e,0x3b,0x0a,0x0a,0x40,0x62,0x69,0x6e,0x64,0x69,0x6e,0x67,0x28,0x33,0x32,
    0x29,0x20,0x40,0x67,0x72,0x6f,0x75,0x70,0x28,0x31,0x29,0x20,0x76,0x61,0x72,0x20,
    0x73,0x6f,0x75,0x72,0x63,0x65,0x53,0x6d,0x70,0x20,0x3a,0x20,0x73,0x61,0x6d,0x70,
    0x6c,0x65,0x72,0x3b,0x0a,0x0a,0x76,0x61,0x72,0x3c,0x70,0x72,0x69,0x76,0x61,0x74,
    0x65,0x3e,0x20,0x75,0x76,0x20,0x3a,0x20,0x76,0x65,0x63,0x32,0x66,0x3b,0x0a,0x0a,
    0x40,0x62,0x69,0x6e,0x64,0x69,0x6e,0x67,0x28,0x31,0x29,0x20,0x40,0x67,0x72,0x6f,
    0x75,0x70,0x28,0x31,0x29,0x20,0x76,0x61,0x72,0x20,0x63,0x6f,0x6d,0x70,0x61,0x72,
    0x65,0x54,0x65,0x78,0x20,0x3a,0x20,0x74,0x65,0x78,0x74,0x75,0x72,0x65,0x5f,0x32,
    0x64,0x3c,0x66,0x33,0x32,0x3e,0x3b,0x0a,0x0a,0x40,0x62,0x69,0x6e,0x64,0x69,0x6e,
    0x67,0x28,0x33,0x33,0x29,0x20,0x40,0x67,0x72,0x6f,0x75,0x70,0x28,0x31,0x29,0x20,
    0x76,0x61,0x72,0x20,0x63,0x6f,0x6d,0x70,0x61,0x72,0x65,0x53,0x6d,0x70,0x20,0x3a,
    0x20,0x73,0x61,0x6d,0x70,0x6c,0x65,0x72,0x3b,0x0a,0x0a,0x76,0x61,0x72,0x3c,0x70,
    0x72,0x69,0x76,0x61,0x74,0x65,0x3e,0x20,0x66,0x72,0x61,0x67,0x5f,0x63,0x6f,0x6c,
    0x6f,0x72,0x20,0x3a,0x20,0x76,0x65,0x63,0x34,0x66,0x3b,0x0a,0x0a,0x40,0x62,0x69,
    0x6e,0x64,0x69,0x6e,0x67,0x28,0x30,0x29,0x20,0x40,0x67,0x72,0x6f,0x75,0x70,0x28,
    0x30,0x29,0x20,0x76,0x61,0x72,0x3c,0x75,0x6e,0x69,0x66,0x6f,0x72,0x6d,0x3e,0x20,
    0x78,0x5f,0x34,0x31,0x20,0x3a,0x20,0x63,0x6f,0x6d,0x6d,0x6f,0x6e,0x5f,0x70,0x61,
    0x72,0x61,0x6d,0x73,0x3b,0x0a,0x0a,0x66,0x6e,0x20,0x6d,0x61,0x69,0x6e,0x5f,0x31,
    0x28,0x29,0x20,0x7b,0x0a,0x20,0x20,0x76,0x61,0x72,0x20,0x61,0x20,0x3a,0x20,0x76,
    0x65,0x63,0x34,0x66,0x3b,0x0a,0x20,0x20,0x76,0x61,0x72,0x20,0x62,0x20,0x3a,0x20,
    0x76,0x65,0x63,0x34,0x66,0x3b,0x0a,0x20,0x20,0x6c,0x65,0x74,0x20,0x78,0x5f,0x32,
    0x33,0x20,0x3d,0x20,0x75,0x76,0x3b,0x0a,0x20,0x20,0x6c,0x65,0x74,0x20,0x78,0x5f,
    0x32,0x34,0x20,0x3d,0x20,0x74,0x65,0x78,0x74,0x75,0x72,0x65,0x53,0x61,0x6d,0x70,
    0x6c,0x65,0x28,0x73,0x6f,0x75,0x72,0x63,0x65,0x54,0x65,0x78,0x2c,0x20,0x73,0x6f,
    0x75,0x72,0x63,0x65,0x53,0x6d,0x70,0x2c,0x20,0x78,0x5f,0x32,0x33,0x29,0x3b,0x0a,
    0x20,0x20,0x61,0x20,0x3d,0x20,0x78,0x5f,0x32,0x34,0x3b,0x0a,0x20,0x20,0x6c,0x65,
    0x74,0x20,0x78,0x5f,0x33,0x31,0x20,0x3d,0x20,0x75,0x76,0x3b,0x0a,0x20,0x20,0x6c,
    0x65,0x74,0x20,0x78,0x5f,0x33,0x32,0x20,0x3d,0x20,0x74,0x65,0x78,0x74,0x75,0x72,
    0x65,0x53,0x61,0x6d,0x70,0x6c,0x65,0x28,0x63,0x6f,0x6d,0x70,0x61,0x72,0x65,0x54,
    0x65,0x78,0x2c,0x20,0x63,0x6f,0x6d,0x70,0x61,0x72,0x65,0x53,0x6d,0x70,0x2c,0x20,
    0x78,0x5f,0x33,0x31,0x29,0x3b,0x0a,0x20,0x20,0x62,0x20,0x3d,0x20,0x78,0x5f,0x33,
    0x32,0x3b,0x0a,0x20,0x20,0x66,0x72,0x61,0x67,0x5f,0x63,0x6f,0x6c,0x6f,0x72,0x20,
    0x3d,0x20,0x28,0x61,0x62,0x73,0x28,0x28,0x61,0x20,0x2d,0x20,0x62,0x29,0x29,0x20,
    0x2a,0x20,0x78,0x5f,0x34,0x31,0x2e,0x6f,0x70,0x74,0x69,0x6f,0x6e,0x73,0x2e,0x78,
    0x29,0x3b,0x0a,0x20,0x20,0x72,0x65,0x74,0x75,0x72,0x6e,0x3b,0x0a,0x7d,0x0a,0x0a,
    0x73,0x74,0x72,0x75,0x63,0x74,0x20,0x6d,0x61,0x69,0x6e,0x5f,0x6f,0x75,0x74,0x20,
    0x7b,0x0a,0x20,0x20,0x40,0x6c,0x6f,0x63,0x61,0x74,0x69,0x6f,0x6e,0x28,0x30,0x29,
    0x0a,0x20,0x20,0x66,0x72,0x61,0x67,0x5f,0x63,0x6f,0x6c,0x6f,0x72,0x5f,0x31,0x20,
    0x3a,0x20,0x76,0x65,0x63,0x34,0x66,0x2c,0x0a,0x7d,0x0a,0x0a,0x40,0x66,0x72,0x61,
    0x67,0x6d,0x65,0x6e,0x74,0x0a,0x66,0x6e,0x20,0x6d,0x61,0x69,0x6e,0x28,0x40,0x6c,
    0x6f,0x63,0x61,0x74,0x69,0x6f,0x6e,0x28,0x30,0x29,0x20,0x75,0x76,0x5f,0x70,0x61,
    0x72,0x61,0x6d,0x20,0x3a,0x20,0x76,0x65,0x63,0x32,0x66,0x29,0x20,0x2d,0x3e,0x20,
    0x6d,0x61,0x69,0x6e,0x5f,0x6f,0x75,0x74,0x20,0x7b,0x0a,0x20,0x20,0x75,0x76,0x20,
    0x3d,0x20,0x75,0x76,0x5f,0x70,0x61,0x72,0x61,0x6d,0x3b,0x0a,0x20,0x20,0x6d,0x61,
    0x69,0x6e,0x5f,0x31,0x28,0x29,0x3b,0x0a,0x20,0x20,0x72,0x65,0x74,0x75,0x72,0x6e,
    0x20,0x6d,0x61,0x69,0x6e,0x5f,0x6f,0x75,0x74,0x28,0x66,0x72,0x61,0x67,0x5f,0x63,
    0x6f,0x6c,0x6f,0x72,0x29,0x3b,0x0a,0x7d,0x0a,0x00,
};
/*
    diagnostic(off, derivative_uniformity);

    struct common_params {
      /_ @offset(0) _/
      color : vec4f,
      /_ @offset(16) _/
      resolution : vec4f,
      /_ @offset(32) _/
      texel : vec4f,
      /_ @offset(48) _/
      options : vec4f,
    }

    @binding(0) @group(0) var<uniform> x_13 : common_params;

    @binding(0) @group(1) var sourceTex : texture_2d<f32>;

    @binding(32) @group(1) var sourceSmp : sampler;

    var<private> uv : vec2f;

    var<private> frag_color : vec4f;

    fn main_1() {
      var d : vec2f;
      var sum : vec4f;
      d = (vec2f(x_13.texel.x, 0.0f) * max(x_13.options.z, 1.0f));
      let x_44 = uv;
      let x_45 = textureSample(sourceTex, sourceSmp, x_44);
      sum = (x_45 * 0.22702699899673461914f);
      let x_51 = uv;
      let x_52 = d;
      let x_56 = textureSample(sourceTex, sourceSmp, (x_51 + (x_52 * 1.3846149444580078125f)));
      sum = (sum + (x_56 * 0.31621599197387695312f));
      let x_64 = uv;
      let x_65 = d;
      let x_68 = textureSample(sourceTex, sourceSmp, (x_64 - (x_65 * 1.3846149444580078125f)));
      sum = (sum + (x_68 * 0.31621599197387695312f));
      let x_75 = uv;
      let x_76 = d;
      let x_80 = textureSample(sourceTex, sourceSmp, (x_75 + (x_76 * 3.23076891899108886719f)));
      sum = (sum + (x_80 * 0.07027000188827514648f));
      let x_88 = uv;
      let x_89 = d;
      let x_92 = textureSample(sourceTex, sourceSmp, (x_88 - (x_89 * 3.23076891899108886719f)));
      sum = (sum + (x_92 * 0.07027000188827514648f));
      frag_color = sum;
      return;
    }

    struct main_out {
      @location(0)
      frag_color_1 : vec4f,
    }

    @fragment
    fn main(@location(0) uv_param : vec2f) -> main_out {
      uv = uv_param;
      main_1();
      return main_out(frag_color);
    }
*/
static const uint8_t fs_blur_horizontal_source_wgsl[1593] = {
    0x64,0x69,0x61,0x67,0x6e,0x6f,0x73,0x74,0x69,0x63,0x28,0x6f,0x66,0x66,0x2c,0x20,
    0x64,0x65,0x72,0x69,0x76,0x61,0x74,0x69,0x76,0x65,0x5f,0x75,0x6e,0x69,0x66,0x6f,
    0x72,0x6d,0x69,0x74,0x79,0x29,0x3b,0x0a,0x0a,0x73,0x74,0x72,0x75,0x63,0x74,0x20,
    0x63,0x6f,0x6d,0x6d,0x6f,0x6e,0x5f,0x70,0x61,0x72,0x61,0x6d,0x73,0x20,0x7b,0x0a,
    0x20,0x20,0x2f,0x2a,0x20,0x40,0x6f,0x66,0x66,0x73,0x65,0x74,0x28,0x30,0x29,0x20,
    0x2a,0x2f,0x0a,0x20,0x20,0x63,0x6f,0x6c,0x6f,0x72,0x20,0x3a,0x20,0x76,0x65,0x63,
    0x34,0x66,0x2c,0x0a,0x20,0x20,0x2f,0x2a,0x20,0x40,0x6f,0x66,0x66,0x73,0x65,0x74,
    0x28,0x31,0x36,0x29,0x20,0x2a,0x2f,0x0a,0x20,0x20,0x72,0x65,0x73,0x6f,0x6c,0x75,
    0x74,0x69,0x6f,0x6e,0x20,0x3a,0x20,0x76,0x65,0x63,0x34,0x66,0x2c,0x0a,0x20,0x20,
    0x2f,0x2a,0x20,0x40,0x6f,0x66,0x66,0x73,0x65,0x74,0x28,0x33,0x32,0x29,0x20,0x2a,
    0x2f,0x0a,0x20,0x20,0x74,0x65,0x78,0x65,0x6c,0x20,0x3a,0x20,0x76,0x65,0x63,0x34,
    0x66,0x2c,0x0a,0x20,0x20,0x2f,0x2a,0x20,0x40,0x6f,0x66,0x66,0x73,0x65,0x74,0x28,
    0x34,0x38,0x29,0x20,0x2a,0x2f,0x0a,0x20,0x20,0x6f,0x70,0x74,0x69,0x6f,0x6e,0x73,
    0x20,0x3a,0x20,0x76,0x65,0x63,0x34,0x66,0x2c,0x0a,0x7d,0x0a,0x0a,0x40,0x62,0x69,
    0x6e,0x64,0x69,0x6e,0x67,0x28,0x30,0x29,0x20,0x40,0x67,0x72,0x6f,0x75,0x70,0x28,
    0x30,0x29,0x20,0x76,0x61,0x72,0x3c,0x75,0x6e,0x69,0x66,0x6f,0x72,0x6d,0x3e,0x20,
    0x78,0x5f,0x31,0x33,0x20,0x3a,0x20,0x63,0x6f,0x6d,0x6d,0x6f,0x6e,0x5f,0x70,0x61,
    0x72,0x61,0x6d,0x73,0x3b,0x0a,0x0a,0x40,0x62,0x69,0x6e,0x64,0x69,0x6e,0x67,0x28,
    0x30,0x29,0x20,0x40,0x67,0x72,0x6f,0x75,0x70,0x28,0x31,0x29,0x20,0x76,0x61,0x72,
    0x20,0x73,0x6f,0x75,0x72,0x63,0x65,0x54,0x65,0x78,0x20,0x3a,0x20,0x74,0x65,0x78,
    0x74,0x75,0x72,0x65,0x5f,0x32,0x64,0x3c,0x66,0x33,0x32,0x3e,0x3b,0x0a,0x0a,0x40,
    0x62,0x69,0x6e,0x64,0x69,0x6e,0x67,0x28,0x33,0x32,0x29,0x20,0x40,0x67,0x72,0x6f,
    0x75,0x70,0x28,0x31,0x29,0x20,0x76,0x61,0x72,0x20,0x73,0x6f,0x75,0x72,0x63,0x65,
    0x53,0x6d,0x70,0x20,0x3a,0x20,0x73,0x61,0x6d,0x70,0x6c,0x65,0x72,0x3b,0x0a,0x0a,
    0x76,0x61,0x72,0x3c,0x70,0x72,0x69,0x76,0x61,0x74,0x65,0x3e,0x20,0x75,0x76,0x20,
    0x3a,0x20,0x76,0x65,0x63,0x32,0x66,0x3b,0x0a,0x0a,0x76,0x61,0x72,0x3c,0x70,0x72,
    0x69,0x76,0x61,0x74,0x65,0x3e,0x20,0x66,0x72,0x61,0x67,0x5f,0x63,0x6f,0x6c,0x6f,
    0x72,0x20,0x3a,0x20,0x76,0x65,0x63,0x34,0x66,0x3b,0x0a,0x0a,0x66,0x6e,0x20,0x6d,
    0x61,0x69,0x6e,0x5f,0x31,0x28,0x29,0x20,0x7b,0x0a,0x20,0x20,0x76,0x61,0x72,0x20,
    0x64,0x20,0x3a,0x20,0x76,0x65,0x63,0x32,0x66,0x3b,0x0a,0x20,0x20,0x76,0x61,0x72,
    0x20,0x73,0x75,0x6d,0x20,0x3a,0x20,0x76,0x65,0x63,0x34,0x66,0x3b,0x0a,0x20,0x20,
    0x64,0x20,0x3d,0x20,0x28,0x76,0x65,0x63,0x32,0x66,0x28,0x78,0x5f,0x31,0x33,0x2e,
    0x74,0x65,0x78,0x65,0x6c,0x2e,0x78,0x2c,0x20,0x30,0x2e,0x30,0x66,0x29,0x20,0x2a,
    0x20,0x6d,0x61,0x78,0x28,0x78,0x5f,0x31,0x33,0x2e,0x6f,0x70,0x74,0x69,0x6f,0x6e,
    0x73,0x2e,0x7a,0x2c,0x20,0x31,0x2e,0x30,0x66,0x29,0x29,0x3b,0x0a,0x20,0x20,0x6c,
    0x65,0x74,0x20,0x78,0x5f,0x34,0x34,0x20,0x3d,0x20,0x75,0x76,0x3b,0x0a,0x20,0x20,
    0x6c,0x65,0x74,0x20,0x78,0x5f,0x34,0x35,0x20,0x3d,0x20,0x74,0x65,0x78,0x74,0x75,
    0x72,0x65,0x53,0x61,0x6d,0x70,0x6c,0x65,0x28,0x73,0x6f,0x75,0x72,0x63,0x65,0x54,
    0x65,0x78,0x2c,0x20,0x73,0x6f,0x75,0x72,0x63,0x65,0x53,0x6d,0x70,0x2c,0x20,0x78,
    0x5f,0x34,0x34,0x29,0x3b,0x0a,0x20,0x20,0x73,0x75,0x6d,0x20,0x3d,0x20,0x28,0x78,
    0x5f,0x34,0x35,0x20,0x2a,0x20,0x30,0x2e,0x32,0x32,0x37,0x30,0x32,0x36,0x39,0x39,
    0x38,0x39,0x39,0x36,0x37,0x33,0x34,0x36,0x31,0x39,0x31,0x34,0x66,0x29,0x3b,0x0a,
    0x20,0x20,0x6c,0x65,0x74,0x20,0x78,0x5f,0x35,0x31,0x20,0x3d,0x20,0x75,0x76,0x3b,
    0x0a,0x20,0x20,0x6c,0x65,0x74,0x20,0x78,0x5f,0x35,0x32,0x20,0x3d,0x20,0x64,0x3b,
    0x0a,0x20,0x20,0x6c,0x65,0x74,0x20,0x78,0x5f,0x35,0x36,0x20,0x3d,0x20,0x74,0x65,
    0x78,0x74,0x75,0x72,0x65,0x53,0x61,0x6d,0x70,0x6c,0x65,0x28,0x73,0x6f,0x75,0x72,
    0x63,0x65,0x54,0x65,0x78,0x2c,0x20,0x73,0x6f,0x75,0x72,0x63,0x65,0x53,0x6d,0x70,
    0x2c,0x20,0x28,0x78,0x5f,0x35,0x31,0x20,0x2b,0x20,0x28,0x78,0x5f,0x35,0x32,0x20,
    0x2a,0x20,0x31,0x2e,0x33,0x38,0x34,0x36,0x31,0x34,0x39,0x34,0x34,0x34,0x35,0x38,
    0x30,0x30,0x37,0x38,0x31,0x32,0x35,0x66,0x29,0x29,0x29,0x3b,0x0a,0x20,0x20,0x73,
    0x75,0x6d,0x20,0x3d,0x20,0x28,0x73,0x75,0x6d,0x20,0x2b,0x20,0x28,0x78,0x5f,0x35,
    0x36,0x20,0x2a,0x20,0x30,0x2e,0x33,0x31,0x36,0x32,0x31,0x35,0x39,0x39,0x31,0x39,
    0x37,0x33,0x38,0x37,0x36,0x39,0x35,0x33,0x31,0x32,0x66,0x29,0x29,0x3b,0x0a,0x20,
    0x20,0x6c,0x65,0x74,0x20,0x78,0x5f,0x36,0x34,0x20,0x3d,0x20,0x75,0x76,0x3b,0x0a,
    0x20,0x20,0x6c,0x65,0x74,0x20,0x78,0x5f,0x36,0x35,0x20,0x3d,0x20,0x64,0x3b,0x0a,
    0x20,0x20,0x6c,0x65,0x74,0x20,0x78,0x5f,0x36,0x38,0x20,0x3d,0x20,0x74,0x65,0x78,
    0x74,0x75,0x72,0x65,0x53,0x61,0x6d,0x70,0x6c,0x65,0x28,0x73,0x6f,0x75,0x72,0x63,
    0x65,0x54,0x65,0x78,0x2c,0x20,0x73,0x6f,0x75,0x72,0x63,0x65,0x53,0x6d,0x70,0x2c,
    0x20,0x28,0x78,0x5f,0x36,0x34,0x20,0x2d,0x20,0x28,0x78,0x5f,0x36,0x35,0x20,0x2a,
    0x20,0x31,0x2e,0x33,0x38,0x34,0x36,0x31,0x34,0x39,0x34,0x34,0x34,0x35,0x38,0x30,
    0x30,0x37,0x38,0x31,0x32,0x35,0x66,0x29,0x29,0x29,0x3b,0x0a,0x20,0x20,0x73,0x75,
    0x6d,0x20,0x3d,0x20,0x28,0x73,0x75,0x6d,0x20,0x2b,0x20,0x28,0x78,0x5f,0x36,0x38,
    0x20,0x2a,0x20,0x30,0x2e,0x33,0x31,0x36,0x32,0x31,0x35,0x39,0x39,0x31,0x39,0x37,
    0x33,0x38,0x37,0x36,0x39,0x35,0x33,0x31,0x32,0x66,0x29,0x29,0x3b,0x0a,0x20,0x20,
    0x6c,0x65,0x74,0x20,0x78,0x5f,0x37,0x35,0x20,0x3d,0x20,0x75,0x76,0x3b,0x0a,0x20,
    0x20,0x6c,0x65,0x74,0x20,0x78,0x5f,0x37,0x36,0x20,0x3d,0x20,0x64,0x3b,0x0a,0x20,
    0x20,0x6c,0x65,0x74,0x20,0x78,0x5f,0x38,0x30,0x20,0x3d,0x20,0x74,0x65,0x78,0x74,
    0x75,0x72,0x65,0x53,0x61,0x6d,0x70,0x6c,0x65,0x28,0x73,0x6f,0x75,0x72,0x63,0x65,
    0x54,0x65,0x78,0x2c,0x20,0x73,0x6f,0x75,0x72,0x63,0x65,0x53,0x6d,0x70,0x2c,0x20,
    0x28,0x78,0x5f,0x37,0x35,0x20,0x2b,0x20,0x28,0x78,0x5f,0x37,0x36,0x20,0x2a,0x20,
    0x33,0x2e,0x32,0x33,0x30,0x37,0x36,0x38,0x39,0x31,0x38,0x39,0x39,0x31,0x30,0x38,
    0x38,0x38,0x36,0x37,0x31,0x39,0x66,0x29,0x29,0x29,0x3b,0x0a,0x20,0x20,0x73,0x75,
    0x6d,0x20,0x3d,0x20,0x28,0x73,0x75,0x6d,0x20,0x2b,0x20,0x28,0x78,0x5f,0x38,0x30,
    0x20,0x2a,0x20,0x30,0x2e,0x30,0x37,0x30,0x32,0x37,0x30,0x30,0x30,0x31,0x38,0x38,
    0x38,0x32,0x37,0x35,0x31,0x34,0x36,0x34,0x38,0x66,0x29,0x29,0x3b,0x0a,0x20,0x20,
    0x6c,0x65,0x74,0x20,0x78,0x5f,0x38,0x38,0x20,0x3d,0x20,0x75,0x76,0x3b,0x0a,0x20,
    0x20,0x6c,0x65,0x74,0x20,0x78,0x5f,0x38,0x39,0x20,0x3d,0x20,0x64,0x3b,0x0a,0x20,
    0x20,0x6c,0x65,0x74,0x20,0x78,0x5f,0x39,0x32,0x20,0x3d,0x20,0x74,0x65,0x78,0x74,
    0x75,0x72,0x65,0x53,0x61,0x6d,0x70,0x6c,0x65,0x28,0x73,0x6f,0x75,0x72,0x63,0x65,
    0x54,0x65,0x78,0x2c,0x20,0x73,0x6f,0x75,0x72,0x63,0x65,0x53,0x6d,0x70,0x2c,0x20,
    0x28,0x78,0x5f,0x38,0x38,0x20,0x2d,0x20,0x28,0x78,0x5f,0x38,0x39,0x20,0x2a,0x20,
    0x33,0x2e,0x32,0x33,0x30,0x37,0x36,0x38,0x39,0x31,0x38,0x39,0x39,0x31,0x30,0x38,
    0x38,0x38,0x36,0x37,0x31,0x39,0x66,0x29,0x29,0x29,0x3b,0x0a,0x20,0x20,0x73,0x75,
    0x6d,0x20,0x3d,0x20,0x28,0x73,0x75,0x6d,0x20,0x2b,0x20,0x28,0x78,0x5f,0x39,0x32,
    0x20,0x2a,0x20,0x30,0x2e,0x30,0x37,0x30,0x32,0x37,0x30,0x30,0x30,0x31,0x38,0x38,
    0x38,0x32,0x37,0x35,0x31,0x34,0x36,0x34,0x38,0x66,0x29,0x29,0x3b,0x0a,0x20,0x20,
    0x66,0x72,0x61,0x67,0x5f,0x63,0x6f,0x6c,0x6f,0x72,0x20,0x3d,0x20,0x73,0x75,0x6d,
    0x3b,0x0a,0x20,0x20,0x72,0x65,0x74,0x75,0x72,0x6e,0x3b,0x0a,0x7d,0x0a,0x0a,0x73,
    0x74,0x72,0x75,0x63,0x74,0x20,0x6d,0x61,0x69,0x6e,0x5f,0x6f,0x75,0x74,0x20,0x7b,
    0x0a,0x20,0x20,0x40,0x6c,0x6f,0x63,0x61,0x74,0x69,0x6f,0x6e,0x28,0x30,0x29,0x0a,
    0x20,0x20,0x66,0x72,0x61,0x67,0x5f,0x63,0x6f,0x6c,0x6f,0x72,0x5f,0x31,0x20,0x3a,
    0x20,0x76,0x65,0x63,0x34,0x66,0x2c,0x0a,0x7d,0x0a,0x0a,0x40,0x66,0x72,0x61,0x67,
    0x6d,0x65,0x6e,0x74,0x0a,0x66,0x6e,0x20,0x6d,0x61,0x69,0x6e,0x28,0x40,0x6c,0x6f,
    0x63,0x61,0x74,0x69,0x6f,0x6e,0x28,0x30,0x29,0x20,0x75,0x76,0x5f,0x70,0x61,0x72,
    0x61,0x6d,0x20,0x3a,0x20,0x76,0x65,0x63,0x32,0x66,0x29,0x20,0x2d,0x3e,0x20,0x6d,
    0x61,0x69,0x6e,0x5f,0x6f,0x75,0x74,0x20,0x7b,0x0a,0x20,0x20,0x75,0x76,0x20,0x3d,
    0x20,0x75,0x76,0x5f,0x70,0x61,0x72,0x61,0x6d,0x3b,0x0a,0x20,0x20,0x6d,0x61,0x69,
    0x6e,0x5f,0x31,0x28,0x29,0x3b,0x0a,0x20,0x20,0x72,0x65,0x74,0x75,0x72,0x6e,0x20,
    0x6d,0x61,0x69,0x6e,0x5f,0x6f,0x75,0x74,0x28,0x66,0x72,0x61,0x67,0x5f,0x63,0x6f,
    0x6c,0x6f,0x72,0x29,0x3b,0x0a,0x7d,0x0a,0x00,
};
/*
    diagnostic(off, derivative_uniformity);

    struct common_params {
      /_ @offset(0) _/
      color : vec4f,
      /_ @offset(16) _/
      resolution : vec4f,
      /_ @offset(32) _/
      texel : vec4f,
      /_ @offset(48) _/
      options : vec4f,
    }

    @binding(0) @group(0) var<uniform> x_14 : common_params;

    @binding(0) @group(1) var sourceTex : texture_2d<f32>;

    @binding(32) @group(1) var sourceSmp : sampler;

    var<private> uv : vec2f;

    var<private> frag_color : vec4f;

    fn main_1() {
      var d : vec2f;
      var sum : vec4f;
      d = (vec2f(0.0f, x_14.texel.y) * max(x_14.options.z, 1.0f));
      let x_44 = uv;
      let x_45 = textureSample(sourceTex, sourceSmp, x_44);
      sum = (x_45 * 0.22702699899673461914f);
      let x_51 = uv;
      let x_52 = d;
      let x_56 = textureSample(sourceTex, sourceSmp, (x_51 + (x_52 * 1.3846149444580078125f)));
      sum = (sum + (x_56 * 0.31621599197387695312f));
      let x_64 = uv;
      let x_65 = d;
      let x_68 = textureSample(sourceTex, sourceSmp, (x_64 - (x_65 * 1.3846149444580078125f)));
      sum = (sum + (x_68 * 0.31621599197387695312f));
      let x_75 = uv;
      let x_76 = d;
      let x_80 = textureSample(sourceTex, sourceSmp, (x_75 + (x_76 * 3.23076891899108886719f)));
      sum = (sum + (x_80 * 0.07027000188827514648f));
      let x_88 = uv;
      let x_89 = d;
      let x_92 = textureSample(sourceTex, sourceSmp, (x_88 - (x_89 * 3.23076891899108886719f)));
      sum = (sum + (x_92 * 0.07027000188827514648f));
      frag_color = sum;
      return;
    }

    struct main_out {
      @location(0)
      frag_color_1 : vec4f,
    }

    @fragment
    fn main(@location(0) uv_param : vec2f) -> main_out {
      uv = uv_param;
      main_1();
      return main_out(frag_color);
    }
*/
static const uint8_t fs_blur_vertical_source_wgsl[1593] = {
    0x64,0x69,0x61,0x67,0x6e,0x6f,0x73,0x74,0x69,0x63,0x28,0x6f,0x66,0x66,0x2c,0x20,
    0x64,0x65,0x72,0x69,0x76,0x61,0x74,0x69,0x76,0x65,0x5f,0x75,0x6e,0x69,0x66,0x6f,
    0x72,0x6d,0x69,0x74,0x79,0x29,0x3b,0x0a,0x0a,0x73,0x74,0x72,0x75,0x63,0x74,0x20,
    0x63,0x6f,0x6d,0x6d,0x6f,0x6e,0x5f,0x70,0x61,0x72,0x61,0x6d,0x73,0x20,0x7b,0x0a,
    0x20,0x20,0x2f,0x2a,0x20,0x40,0x6f,0x66,0x66,0x73,0x65,0x74,0x28,0x30,0x29,0x20,
    0x2a,0x2f,0x0a,0x20,0x20,0x63,0x6f,0x6c,0x6f,0x72,0x20,0x3a,0x20,0x76,0x65,0x63,
    0x34,0x66,0x2c,0x0a,0x20,0x20,0x2f,0x2a,0x20,0x40,0x6f,0x66,0x66,0x73,0x65,0x74,
    0x28,0x31,0x36,0x29,0x20,0x2a,0x2f,0x0a,0x20,0x20,0x72,0x65,0x73,0x6f,0x6c,0x75,
    0x74,0x69,0x6f,0x6e,0x20,0x3a,0x20,0x76,0x65,0x63,0x34,0x66,0x2c,0x0a,0x20,0x20,
    0x2f,0x2a,0x20,0x40,0x6f,0x66,0x66,0x73,0x65,0x74,0x28,0x33,0x32,0x29,0x20,0x2a,
    0x2f,0x0a,0x20,0x20,0x74,0x65,0x78,0x65,0x6c,0x20,0x3a,0x20,0x76,0x65,0x63,0x34,
    0x66,0x2c,0x0a,0x20,0x20,0x2f,0x2a,0x20,0x40,0x6f,0x66,0x66,0x73,0x65,0x74,0x28,
    0x34,0x38,0x29,0x20,0x2a,0x2f,0x0a,0x20,0x20,0x6f,0x70,0x74,0x69,0x6f,0x6e,0x73,
    0x20,0x3a,0x20,0x76,0x65,0x63,0x34,0x66,0x2c,0x0a,0x7d,0x0a,0x0a,0x40,0x62,0x69,
    0x6e,0x64,0x69,0x6e,0x67,0x28,0x30,0x29,0x20,0x40,0x67,0x72,0x6f,0x75,0x70,0x28,
    0x30,0x29,0x20,0x76,0x61,0x72,0x3c,0x75,0x6e,0x69,0x66,0x6f,0x72,0x6d,0x3e,0x20,
    0x78,0x5f,0x31,0x34,0x20,0x3a,0x20,0x63,0x6f,0x6d,0x6d,0x6f,0x6e,0x5f,0x70,0x61,
    0x72,0x61,0x6d,0x73,0x3b,0x0a,0x0a,0x40,0x62,0x69,0x6e,0x64,0x69,0x6e,0x67,0x28,
    0x30,0x29,0x20,0x40,0x67,0x72,0x6f,0x75,0x70,0x28,0x31,0x29,0x20,0x76,0x61,0x72,
    0x20,0x73,0x6f,0x75,0x72,0x63,0x65,0x54,0x65,0x78,0x20,0x3a,0x20,0x74,0x65,0x78,
    0x74,0x75,0x72,0x65,0x5f,0x32,0x64,0x3c,0x66,0x33,0x32,0x3e,0x3b,0x0a,0x0a,0x40,
    0x62,0x69,0x6e,0x64,0x69,0x6e,0x67,0x28,0x33,0x32,0x29,0x20,0x40,0x67,0x72,0x6f,
    0x75,0x70,0x28,0x31,0x29,0x20,0x76,0x61,0x72,0x20,0x73,0x6f,0x75,0x72,0x63,0x65,
    0x53,0x6d,0x70,0x20,0x3a,0x20,0x73,0x61,0x6d,0x70,0x6c,0x65,0x72,0x3b,0x0a,0x0a,
    0x76,0x61,0x72,0x3c,0x70,0x72,0x69,0x76,0x61,0x74,0x65,0x3e,0x20,0x75,0x76,0x20,
    0x3a,0x20,0x76,0x65,0x63,0x32,0x66,0x3b,0x0a,0x0a,0x76,0x61,0x72,0x3c,0x70,0x72,
    0x69,0x76,0x61,0x74,0x65,0x3e,0x20,0x66,0x72,0x61,0x67,0x5f,0x63,0x6f,0x6c,0x6f,
    0x72,0x20,0x3a,0x20,0x76,0x65,0x63,0x34,0x66,0x3b,0x0a,0x0a,0x66,0x6e,0x20,0x6d,
    0x61,0x69,0x6e,0x5f,0x31,0x28,0x29,0x20,0x7b,0x0a,0x20,0x20,0x76,0x61,0x72,0x20,
    0x64,0x20,0x3a,0x20,0x76,0x65,0x63,0x32,0x66,0x3b,0x0a,0x20,0x20,0x76,0x61,0x72,
    0x20,0x73,0x75,0x6d,0x20,0x3a,0x20,0x76,0x65,0x63,0x34,0x66,0x3b,0x0a,0x20,0x20,
    0x64,0x20,0x3d,0x20,0x28,0x76,0x65,0x63,0x32,0x66,0x28,0x30,0x2e,0x30,0x66,0x2c,
    0x20,0x78,0x5f,0x31,0x34,0x2e,0x74,0x65,0x78,0x65,0x6c,0x2e,0x79,0x29,0x20,0x2a,
    0x20,0x6d,0x61,0x78,0x28,0x78,0x5f,0x31,0x34,0x2e,0x6f,0x70,0x74,0x69,0x6f,0x6e,
    0x73,0x2e,0x7a,0x2c,0x20,0x31,0x2e,0x30,0x66,0x29,0x29,0x3b,0x0a,0x20,0x20,0x6c,
    0x65,0x74,0x20,0x78,0x5f,0x34,0x34,0x20,0x3d,0x20,0x75,0x76,0x3b,0x0a,0x20,0x20,
    0x6c,0x65,0x74,0x20,0x78,0x5f,0x34,0x35,0x20,0x3d,0x20,0x74,0x65,0x78,0x74,0x75,
    0x72,0x65,0x53,0x61,0x6d,0x70,0x6c,0x65,0x28,0x73,0x6f,0x75,0x72,0x63,0x65,0x54,
    0x65,0x78,0x2c,0x20,0x73,0x6f,0x75,0x72,0x63,0x65,0x53,0x6d,0x70,0x2c,0x20,0x78,
    0x5f,0x34,0x34,0x29,0x3b,0x0a,0x20,0x20,0x73,0x75,0x6d,0x20,0x3d,0x20,0x28,0x78,
    0x5f,0x34,0x35,0x20,0x2a,0x20,0x30,0x2e,0x32,0x32,0x37,0x30,0x32,0x36,0x39,0x39,
    0x38,0x39,0x39,0x36,0x37,0x33,0x34,0x36,0x31,0x39,0x31,0x34,0x66,0x29,0x3b,0x0a,
    0x20,0x20,0x6c,0x65,0x74,0x20,0x78,0x5f,0x35,0x31,0x20,0x3d,0x20,0x75,0x76,0x3b,
    0x0a,0x20,0x20,0x6c,0x65,0x74,0x20,0x78,0x5f,0x35,0x32,0x20,0x3d,0x20,0x64,0x3b,
    0x0a,0x20,0x20,0x6c,0x65,0x74,0x20,0x78,0x5f,0x35,0x36,0x20,0x3d,0x20,0x74,0x65,
    0x78,0x74,0x75,0x72,0x65,0x53,0x61,0x6d,0x70,0x6c,0x65,0x28,0x73,0x6f,0x75,0x72,
    0x63,0x65,0x54,0x65,0x78,0x2c,0x20,0x73,0x6f,0x75,0x72,0x63,0x65,0x53,0x6d,0x70,
    0x2c,0x20,0x28,0x78,0x5f,0x35,0x31,0x20,0x2b,0x20,0x28,0x78,0x5f,0x35,0x32,0x20,
    0x2a,0x20,0x31,0x2e,0x33,0x38,0x34,0x36,0x31,0x34,0x39,0x34,0x34,0x34,0x35,0x38,
    0x30,0x30,0x37,0x38,0x31,0x32,0x35,0x66,0x29,0x29,0x29,0x3b,0x0a,0x20,0x20,0x73,
    0x75,0x6d,0x20,0x3d,0x20,0x28,0x73,0x75,0x6d,0x20,0x2b,0x20,0x28,0x78,0x5f,0x35,
    0x36,0x20,0x2a,0x20,0x30,0x2e,0x33,0x31,0x36,0x32,0x31,0x35,0x39,0x39,0x31,0x39,
    0x37,0x33,0x38,0x37,0x36,0x39,0x35,0x33,0x31,0x32,0x66,0x29,0x29,0x3b,0x0a,0x20,
    0x20,0x6c,0x65,0x74,0x20,0x78,0x5f,0x36,0x34,0x20,0x3d,0x20,0x75,0x76,0x3b,0x0a,
    0x20,0x20,0x6c,0x65,0x74,0x20,0x78,0x5f,0x36,0x35,0x20,0x3d,0x20,0x64,0x3b,0x0a,
    0x20,0x20,0x6c,0x65,0x74,0x20,0x78,0x5f,0x36,0x38,0x20,0x3d,0x20,0x74,0x65,0x78,
    0x74,0x75,0x72,0x65,0x53,0x61,0x6d,0x70,0x6c,0x65,0x28,0x73,0x6f,0x75,0x72,0x63,
    0x65,0x54,0x65,0x78,0x2c,0x20,0x73,0x6f,0x75,0x72,0x63,0x65,0x53,0x6d,0x70,0x2c,
    0x20,0x28,0x78,0x5f,0x36,0x34,0x20,0x2d,0x20,0x28,0x78,0x5f,0x36,0x35,0x20,0x2a,
    0x20,0x31,0x2e,0x33,0x38,0x34,0x36,0x31,0x34,0x39,0x34,0x34,0x34,0x35,0x38,0x30,
    0x30,0x37,0x38,0x31,0x32,0x35,0x66,0x29,0x29,0x29,0x3b,0x0a,0x20,0x20,0x73,0x75,
    0x6d,0x20,0x3d,0x20,0x28,0x73,0x75,0x6d,0x20,0x2b,0x20,0x28,0x78,0x5f,0x36,0x38,
    0x20,0x2a,0x20,0x30,0x2e,0x33,0x31,0x36,0x32,0x31,0x35,0x39,0x39,0x31,0x39,0x37,
    0x33,0x38,0x37,0x36,0x39,0x35,0x33,0x31,0x32,0x66,0x29,0x29,0x3b,0x0a,0x20,0x20,
    0x6c,0x65,0x74,0x20,0x78,0x5f,0x37,0x35,0x20,0x3d,0x20,0x75,0x76,0x3b,0x0a,0x20,
    0x20,0x6c,0x65,0x74,0x20,0x78,0x5f,0x37,0x36,0x20,0x3d,0x20,0x64,0x3b,0x0a,0x20,
    0x20,0x6c,0x65,0x74,0x20,0x78,0x5f,0x38,0x30,0x20,0x3d,0x20,0x74,0x65,0x78,0x74,
    0x75,0x72,0x65,0x53,0x61,0x6d,0x70,0x6c,0x65,0x28,0x73,0x6f,0x75,0x72,0x63,0x65,
    0x54,0x65,0x78,0x2c,0x20,0x73,0x6f,0x75,0x72,0x63,0x65,0x53,0x6d,0x70,0x2c,0x20,
    0x28,0x78,0x5f,0x37,0x35,0x20,0x2b,0x20,0x28,0x78,0x5f,0x37,0x36,0x20,0x2a,0x20,
    0x33,0x2e,0x32,0x33,0x30,0x37,0x36,0x38,0x39,0x31,0x38,0x39,0x39,0x31,0x30,0x38,
    0x38,0x38,0x36,0x37,0x31,0x39,0x66,0x29,0x29,0x29,0x3b,0x0a,0x20,0x20,0x73,0x75,
    0x6d,0x20,0x3d,0x20,0x28,0x73,0x75,0x6d,0x20,0x2b,0x20,0x28,0x78,0x5f,0x38,0x30,
    0x20,0x2a,0x20,0x30,0x2e,0x30,0x37,0x30,0x32,0x37,0x30,0x30,0x30,0x31,0x38,0x38,
    0x38,0x32,0x37,0x35,0x31,0x34,0x36,0x34,0x38,0x66,0x29,0x29,0x3b,0x0a,0x20,0x20,
    0x6c,0x65,0x74,0x20,0x78,0x5f,0x38,0x38,0x20,0x3d,0x20,0x75,0x76,0x3b,0x0a,0x20,
    0x20,0x6c,0x65,0x74,0x20,0x78,0x5f,0x38,0x39,0x20,0x3d,0x20,0x64,0x3b,0x0a,0x20,
    0x20,0x6c,0x65,0x74,0x20,0x78,0x5f,0x39,0x32,0x20,0x3d,0x20,0x74,0x65,0x78,0x74,
    0x75,0x72,0x65,0x53,0x61,0x6d,0x70,0x6c,0x65,0x28,0x73,0x6f,0x75,0x72,0x63,0x65,
    0x54,0x65,0x78,0x2c,0x20,0x73,0x6f,0x75,0x72,0x63,0x65,0x53,0x6d,0x70,0x2c,0x20,
    0x28,0x78,0x5f,0x38,0x38,0x20,0x2d,0x20,0x28,0x78,0x5f,0x38,0x39,0x20,0x2a,0x20,
    0x33,0x2e,0x32,0x33,0x30,0x37,0x36,0x38,0x39,0x31,0x38,0x39,0x39,0x31,0x30,0x38,
    0x38,0x38,0x36,0x37,0x31,0x39,0x66,0x29,0x29,0x29,0x3b,0x0a,0x20,0x20,0x73,0x75,
    0x6d,0x20,0x3d,0x20,0x28,0x73,0x75,0x6d,0x20,0x2b,0x20,0x28,0x78,0x5f,0x39,0x32,
    0x20,0x2a,0x20,0x30,0x2e,0x30,0x37,0x30,0x32,0x37,0x30,0x30,0x30,0x31,0x38,0x38,
    0x38,0x32,0x37,0x35,0x31,0x34,0x36,0x34,0x38,0x66,0x29,0x29,0x3b,0x0a,0x20,0x20,
    0x66,0x72,0x61,0x67,0x5f,0x63,0x6f,0x6c,0x6f,0x72,0x20,0x3d,0x20,0x73,0x75,0x6d,
    0x3b,0x0a,0x20,0x20,0x72,0x65,0x74,0x75,0x72,0x6e,0x3b,0x0a,0x7d,0x0a,0x0a,0x73,
    0x74,0x72,0x75,0x63,0x74,0x20,0x6d,0x61,0x69,0x6e,0x5f,0x6f,0x75,0x74,0x20,0x7b,
    0x0a,0x20,0x20,0x40,0x6c,0x6f,0x63,0x61,0x74,0x69,0x6f,0x6e,0x28,0x30,0x29,0x0a,
    0x20,0x20,0x66,0x72,0x61,0x67,0x5f,0x63,0x6f,0x6c,0x6f,0x72,0x5f,0x31,0x20,0x3a,
    0x20,0x76,0x65,0x63,0x34,0x66,0x2c,0x0a,0x7d,0x0a,0x0a,0x40,0x66,0x72,0x61,0x67,
    0x6d,0x65,0x6e,0x74,0x0a,0x66,0x6e,0x20,0x6d,0x61,0x69,0x6e,0x28,0x40,0x6c,0x6f,
    0x63,0x61,0x74,0x69,0x6f,0x6e,0x28,0x30,0x29,0x20,0x75,0x76,0x5f,0x70,0x61,0x72,
    0x61,0x6d,0x20,0x3a,0x20,0x76,0x65,0x63,0x32,0x66,0x29,0x20,0x2d,0x3e,0x20,0x6d,
    0x61,0x69,0x6e,0x5f,0x6f,0x75,0x74,0x20,0x7b,0x0a,0x20,0x20,0x75,0x76,0x20,0x3d,
    0x20,0x75,0x76,0x5f,0x70,0x61,0x72,0x61,0x6d,0x3b,0x0a,0x20,0x20,0x6d,0x61,0x69,
    0x6e,0x5f,0x31,0x28,0x29,0x3b,0x0a,0x20,0x20,0x72,0x65,0x74,0x75,0x72,0x6e,0x20,
    0x6d,0x61,0x69,0x6e,0x5f,0x6f,0x75,0x74,0x28,0x66,0x72,0x61,0x67,0x5f,0x63,0x6f,
    0x6c,0x6f,0x72,0x29,0x3b,0x0a,0x7d,0x0a,0x00,
};
/*
    diagnostic(off, derivative_uniformity);

    struct common_params {
      /_ @offset(0) _/
      color : vec4f,
      /_ @offset(16) _/
      resolution : vec4f,
      /_ @offset(32) _/
      texel : vec4f,
      /_ @offset(48) _/
      options : vec4f,
    }

    @binding(0) @group(1) var sourceTex : texture_2d<f32>;

    @binding(32) @group(1) var sourceSmp : sampler;

    var<private> uv : vec2f;

    @binding(0) @group(0) var<uniform> x_29 : common_params;

    var<private> frag_color : vec4f;

    fn main_1() {
      var c : vec3f;
      var threshold : f32;
      var knee : f32;
      var curve0 : f32;
      var curve1 : f32;
      var curve2 : f32;
      var br : f32;
      var rq : f32;
      var weight : f32;
      let x_23 = uv;
      let x_25 = textureSample(sourceTex, sourceSmp, x_23);
      c = max((x_25.xyz * x_29.color.xyz), vec3f());
      threshold = max(x_29.options.x, 0.0f);
      knee = max((threshold * max(x_29.options.y, 0.0f)), 0.00009999999747378752f);
      curve0 = (threshold - knee);
      curve1 = (knee * 2.0f);
      curve2 = (0.25f / knee);
      br = max(c.x, max(c.y, c.z));
      rq = clamp((br - curve0), 0.0f, curve1);
      rq = ((curve2 * rq) * rq);
      weight = (max(rq, (br - threshold)) / max(br, 0.00009999999747378752f));
      let x_108 = ((c * weight) * max(x_29.options.z, 0.0f));
      frag_color = vec4f(x_108.x, x_108.y, x_108.z, 1.0f);
      return;
    }

    struct main_out {
      @location(0)
      frag_color_1 : vec4f,
    }

    @fragment
    fn main(@location(0) uv_param : vec2f) -> main_out {
      uv = uv_param;
      main_1();
      return main_out(frag_color);
    }
*/
static const uint8_t fs_bloom_prefilter_source_wgsl[1446] = {
    0x64,0x69,0x61,0x67,0x6e,0x6f,0x73,0x74,0x69,0x63,0x28,0x6f,0x66,0x66,0x2c,0x20,
    0x64,0x65,0x72,0x69,0x76,0x61,0x74,0x69,0x76,0x65,0x5f,0x75,0x6e,0x69,0x66,0x6f,
    0x72,0x6d,0x69,0x74,0x79,0x29,0x3b,0x0a,0x0a,0x73,0x74,0x72,0x75,0x63,0x74,0x20,
    0x63,0x6f,0x6d,0x6d,0x6f,0x6e,0x5f,0x70,0x61,0x72,0x61,0x6d,0x73,0x20,0x7b,0x0a,
    0x20,0x20,0x2f,0x2a,0x20,0x40,0x6f,0x66,0x66,0x73,0x65,0x74,0x28,0x30,0x29,0x20,
    0x2a,0x2f,0x0a,0x20,0x20,0x63,0x6f,0x6c,0x6f,0x72,0x20,0x3a,0x20,0x76,0x65,0x63,
    0x34,0x66,0x2c,0x0a,0x20,0x20,0x2f,0x2a,0x20,0x40,0x6f,0x66,0x66,0x73,0x65,0x74,
    0x28,0x31,0x36,0x29,0x20,0x2a,0x2f,0x0a,0x20,0x20,0x72,0x65,0x73,0x6f,0x6c,0x75,
    0x74,0x69,0x6f,0x6e,0x20,0x3a,0x20,0x76,0x65,0x63,0x34,0x66,0x2c,0x0a,0x20,0x20,
    0x2f,0x2a,0x20,0x40,0x6f,0x66,0x66,0x73,0x65,0x74,0x28,0x33,0x32,0x29,0x20,0x2a,
    0x2f,0x0a,0x20,0x20,0x74,0x65,0x78,0x65,0x6c,0x20,0x3a,0x20,0x76,0x65,0x63,0x34,
    0x66,0x2c,0x0a,0x20,0x20,0x2f,0x2a,0x20,0x40,0x6f,0x66,0x66,0x73,0x65,0x74,0x28,
    0x34,0x38,0x29,0x20,0x2a,0x2f,0x0a,0x20,0x20,0x6f,0x70,0x74,0x69,0x6f,0x6e,0x73,
    0x20,0x3a,0x20,0x76,0x65,0x63,0x34,0x66,0x2c,0x0a,0x7d,0x0a,0x0a,0x40,0x62,0x69,
    0x6e,0x64,0x69,0x6e,0x67,0x28,0x30,0x29,0x20,0x40,0x67,0x72,0x6f,0x75,0x70,0x28,
    0x31,0x29,0x20,0x76,0x61,0x72,0x20,0x73,0x6f,0x75,0x72,0x63,0x65,0x54,0x65,0x78,
    0x20,0x3a,0x20,0x74,0x65,0x78,0x74,0x75,0x72,0x65,0x5f,0x32,0x64,0x3c,0x66,0x33,
    0x32,0x3e,0x3b,0x0a,0x0a,0x40,0x62,0x69,0x6e,0x64,0x69,0x6e,0x67,0x28,0x33,0x32,
    0x29,0x20,0x40,0x67,0x72,0x6f,0x75,0x70,0x28,0x31,0x29,0x20,0x76,0x61,0x72,0x20,
    0x73,0x6f,0x75,0x72,0x63,0x65,0x53,0x6d,0x70,0x20,0x3a,0x20,0x73,0x61,0x6d,0x70,
    0x6c,0x65,0x72,0x3b,0x0a,0x0a,0x76,0x61,0x72,0x3c,0x70,0x72,0x69,0x76,0x61,0x74,
    0x65,0x3e,0x20,0x75,0x76,0x20,0x3a,0x20,0x76,0x65,0x63,0x32,0x66,0x3b,0x0a,0x0a,
    0x40,0x62,0x69,0x6e,0x64,0x69,0x6e,0x67,0x28,0x30,0x29,0x20,0x40,0x67,0x72,0x6f,
    0x75,0x70,0x28,0x30,0x29,0x20,0x76,0x61,0x72,0x3c,0x75,0x6e,0x69,0x66,0x6f,0x72,
    0x6d,0x3e,0x20,0x78,0x5f,0x32,0x39,0x20,0x3a,0x20,0x63,0x6f,0x6d,0x6d,0x6f,0x6e,
    0x5f,0x70,0x61,0x72,0x61,0x6d,0x73,0x3b,0x0a,0x0a,0x76,0x61,0x72,0x3c,0x70,0x72,
    0x69,0x76,0x61,0x74,0x65,0x3e,0x20,0x66,0x72,0x61,0x67,0x5f,0x63,0x6f,0x6c,0x6f,
    0x72,0x20,0x3a,0x20,0x76,0x65,0x63,0x34,0x66,0x3b,0x0a,0x0a,0x66,0x6e,0x20,0x6d,
    0x61,0x69,0x6e,0x5f,0x31,0x28,0x29,0x20,0x7b,0x0a,0x20,0x20,0x76,0x61,0x72,0x20,
    0x63,0x20,0x3a,0x20,0x76,0x65,0x63,0x33,0x66,0x3b,0x0a,0x20,0x20,0x76,0x61,0x72,
    0x20,0x74,0x68,0x72,0x65,0x73,0x68,0x6f,0x6c,0x64,0x20,0x3a,0x20,0x66,0x33,0x32,
    0x3b,0x0a,0x20,0x20,0x76,0x61,0x72,0x20,0x6b,0x6e,0x65,0x65,0x20,0x3a,0x20,0x66,
    0x33,0x32,0x3b,0x0a,0x20,0x20,0x76,0x61,0x72,0x20,0x63,0x75,0x72,0x76,0x65,0x30,
    0x20,0x3a,0x20,0x66,0x33,0x32,0x3b,0x0a,0x20,0x20,0x76,0x61,0x72,0x20,0x63,0x75,
    0x72,0x76,0x65,0x31,0x20,0x3a,0x20,0x66,0x33,0x32,0x3b,0x0a,0x20,0x20,0x76,0x61,
    0x72,0x20,0x63,0x75,0x72,0x76,0x65,0x32,0x20,0x3a,0x20,0x66,0x33,0x32,0x3b,0x0a,
    0x20,0x20,0x76,0x61,0x72,0x20,0x62,0x72,0x20,0x3a,0x20,0x66,0x33,0x32,0x3b,0x0a,
    0x20,0x20,0x76,0x61,0x72,0x20,0x72,0x71,0x20,0x3a,0x20,0x66,0x33,0x32,0x3b,0x0a,
    0x20,0x20,0x76,0x61,0x72,0x20,0x77,0x65,0x69,0x67,0x68,0x74,0x20,0x3a,0x20,0x66,
    0x33,0x32,0x3b,0x0a,0x20,0x20,0x6c,0x65,0x74,0x20,0x78,0x5f,0x32,0x33,0x20,0x3d,
    0x20,0x75,0x76,0x3b,0x0a,0x20,0x20,0x6c,0x65,0x74,0x20,0x78,0x5f,0x32,0x35,0x20,
    0x3d,0x20,0x74,0x65,0x78,0x74,0x75,0x72,0x65,0x53,0x61,0x6d,0x70,0x6c,0x65,0x28,
    0x73,0x6f,0x75,0x72,0x63,0x65,0x54,0x65,0x78,0x2c,0x20,0x73,0x6f,0x75,0x72,0x63,
    0x65,0x53,0x6d,0x70,0x2c,0x20,0x78,0x5f,0x32,0x33,0x29,0x3b,0x0a,0x20,0x20,0x63,
    0x20,0x3d,0x20,0x6d,0x61,0x78,0x28,0x28,0x78,0x5f,0x32,0x35,0x2e,0x78,0x79,0x7a,
    0x20,0x2a,0x20,0x78,0x5f,0x32,0x39,0x2e,0x63,0x6f,0x6c,0x6f,0x72,0x2e,0x78,0x79,
    0x7a,0x29,0x2c,0x20,0x76,0x65,0x63,0x33,0x66,0x28,0x29,0x29,0x3b,0x0a,0x20,0x20,
    0x74,0x68,0x72,0x65,0x73,0x68,0x6f,0x6c,0x64,0x20,0x3d,0x20,0x6d,0x61,0x78,0x28,
    0x78,0x5f,0x32,0x39,0x2e,0x6f,0x70,0x74,0x69,0x6f,0x6e,0x73,0x2e,0x78,0x2c,0x20,
    0x30,0x2e,0x30,0x66,0x29,0x3b,0x0a,0x20,0x20,0x6b,0x6e,0x65,0x65,0x20,0x3d,0x20,
    0x6d,0x61,0x78,0x28,0x28,0x74,0x68,0x72,0x65,0x73,0x68,0x6f,0x6c,0x64,0x20,0x2a,
    0x20,0x6d,0x61,0x78,0x28,0x78,0x5f,0x32,0x39,0x2e,0x6f,0x70,0x74,0x69,0x6f,0x6e,
    0x73,0x2e,0x79,0x2c,0x20,0x30,0x2e,0x30,0x66,0x29,0x29,0x2c,0x20,0x30,0x2e,0x30,
    0x30,0x30,0x30,0x39,0x39,0x39,0x39,0x39,0x39,0x39,0x37,0x34,0x37,0x33,0x37,0x38,
    0x37,0x35,0x32,0x66,0x29,0x3b,0x0a,0x20,0x20,0x63,0x75,0x72,0x76,0x65,0x30,0x20,
    0x3d,0x20,0x28,0x74,0x68,0x72,0x65,0x73,0x68,0x6f,0x6c,0x64,0x20,0x2d,0x20,0x6b,
    0x6e,0x65,0x65,0x29,0x3b,0x0a,0x20,0x20,0x63,0x75,0x72,0x76,0x65,0x31,0x20,0x3d,
    0x20,0x28,0x6b,0x6e,0x65,0x65,0x20,0x2a,0x20,0x32,0x2e,0x30,0x66,0x29,0x3b,0x0a,
    0x20,0x20,0x63,0x75,0x72,0x76,0x65,0x32,0x20,0x3d,0x20,0x28,0x30,0x2e,0x32,0x35,
    0x66,0x20,0x2f,0x20,0x6b,0x6e,0x65,0x65,0x29,0x3b,0x0a,0x20,0x20,0x62,0x72,0x20,
    0x3d,0x20,0x6d,0x61,0x78,0x28,0x63,0x2e,0x78,0x2c,0x20,0x6d,0x61,0x78,0x28,0x63,
    0x2e,0x79,0x2c,0x20,0x63,0x2e,0x7a,0x29,0x29,0x3b,0x0a,0x20,0x20,0x72,0x71,0x20,
    0x3d,0x20,0x63,0x6c,0x61,0x6d,0x70,0x28,0x28,0x62,0x72,0x20,0x2d,0x20,0x63,0x75,
    0x72,0x76,0x65,0x30,0x29,0x2c,0x20,0x30,0x2e,0x30,0x66,0x2c,0x20,0x63,0x75,0x72,
    0x76,0x65,0x31,0x29,0x3b,0x0a,0x20,0x20,0x72,0x71,0x20,0x3d,0x20,0x28,0x28,0x63,
    0x75,0x72,0x76,0x65,0x32,0x20,0x2a,0x20,0x72,0x71,0x29,0x20,0x2a,0x20,0x72,0x71,
    0x29,0x3b,0x0a,0x20,0x20,0x77,0x65,0x69,0x67,0x68,0x74,0x20,0x3d,0x20,0x28,0x6d,
    0x61,0x78,0x28,0x72,0x71,0x2c,0x20,0x28,0x62,0x72,0x20,0x2d,0x20,0x74,0x68,0x72,
    0x65,0x73,0x68,0x6f,0x6c,0x64,0x29,0x29,0x20,0x2f,0x20,0x6d,0x61,0x78,0x28,0x62,
    0x72,0x2c,0x20,0x30,0x2e,0x30,0x30,0x30,0x30,0x39,0x39,0x39,0x39,0x39,0x39,0x39,
    0x37,0x34,0x37,0x33,0x37,0x38,0x37,0x35,0x32,0x66,0x29,0x29,0x3b,0x0a,0x20,0x20,
    0x6c,0x65,0x74,0x20,0x78,0x5f,0x31,0x30,0x38,0x20,0x3d,0x20,0x28,0x28,0x63,0x20,
    0x2a,0x20,0x77,0x65,0x69,0x67,0x68,0x74,0x29,0x20,0x2a,0x20,0x6d,0x61,0x78,0x28,
    0x78,0x5f,0x32,0x39,0x2e,0x6f,0x70,0x74,0x69,0x6f,0x6e,0x73,0x2e,0x7a,0x2c,0x20,
    0x30,0x2e,0x30,0x66,0x29,0x29,0x3b,0x0a,0x20,0x20,0x66,0x72,0x61,0x67,0x5f,0x63,
    0x6f,0x6c,0x6f,0x72,0x20,0x3d,0x20,0x76,0x65,0x63,0x34,0x66,0x28,0x78,0x5f,0x31,
    0x30,0x38,0x2e,0x78,0x2c,0x20,0x78,0x5f,0x31,0x30,0x38,0x2e,0x79,0x2c,0x20,0x78,
    0x5f,0x31,0x30,0x38,0x2e,0x7a,0x2c,0x20,0x31,0x2e,0x30,0x66,0x29,0x3b,0x0a,0x20,
    0x20,0x72,0x65,0x74,0x75,0x72,0x6e,0x3b,0x0a,0x7d,0x0a,0x0a,0x73,0x74,0x72,0x75,
    0x63,0x74,0x20,0x6d,0x61,0x69,0x6e,0x5f,0x6f,0x75,0x74,0x20,0x7b,0x0a,0x20,0x20,
    0x40,0x6c,0x6f,0x63,0x61,0x74,0x69,0x6f,0x6e,0x28,0x30,0x29,0x0a,0x20,0x20,0x66,
    0x72,0x61,0x67,0x5f,0x63,0x6f,0x6c,0x6f,0x72,0x5f,0x31,0x20,0x3a,0x20,0x76,0x65,
    0x63,0x34,0x66,0x2c,0x0a,0x7d,0x0a,0x0a,0x40,0x66,0x72,0x61,0x67,0x6d,0x65,0x6e,
    0x74,0x0a,0x66,0x6e,0x20,0x6d,0x61,0x69,0x6e,0x28,0x40,0x6c,0x6f,0x63,0x61,0x74,
    0x69,0x6f,0x6e,0x28,0x30,0x29,0x20,0x75,0x76,0x5f,0x70,0x61,0x72,0x61,0x6d,0x20,
    0x3a,0x20,0x76,0x65,0x63,0x32,0x66,0x29,0x20,0x2d,0x3e,0x20,0x6d,0x61,0x69,0x6e,
    0x5f,0x6f,0x75,0x74,0x20,0x7b,0x0a,0x20,0x20,0x75,0x76,0x20,0x3d,0x20,0x75,0x76,
    0x5f,0x70,0x61,0x72,0x61,0x6d,0x3b,0x0a,0x20,0x20,0x6d,0x61,0x69,0x6e,0x5f,0x31,
    0x28,0x29,0x3b,0x0a,0x20,0x20,0x72,0x65,0x74,0x75,0x72,0x6e,0x20,0x6d,0x61,0x69,
    0x6e,0x5f,0x6f,0x75,0x74,0x28,0x66,0x72,0x61,0x67,0x5f,0x63,0x6f,0x6c,0x6f,0x72,
    0x29,0x3b,0x0a,0x7d,0x0a,0x00,
};
/*
    diagnostic(off, derivative_uniformity);

    struct common_params {
      /_ @offset(0) _/
      color : vec4f,
      /_ @offset(16) _/
      resolution : vec4f,
      /_ @offset(32) _/
      texel : vec4f,
      /_ @offset(48) _/
      options : vec4f,
    }

    @binding(0) @group(1) var baseTex : texture_2d<f32>;

    @binding(32) @group(1) var baseSmp : sampler;

    var<private> uv : vec2f;

    @binding(0) @group(0) var<uniform> x_27 : common_params;

    @binding(1) @group(1) var bloomTex : texture_2d<f32>;

    @binding(33) @group(1) var bloomSmp : sampler;

    var<private> frag_color : vec4f;

    fn main_1() {
      var base : vec4f;
      var bloom : vec3f;
      var luma : f32;
      var rgb : vec3f;
      var exposure : f32;
      let x_23 = uv;
      let x_24 = textureSample(baseTex, baseSmp, x_23);
      base = (x_24 * x_27.color);
      let x_42 = uv;
      let x_43 = textureSample(bloomTex, bloomSmp, x_42);
      bloom = max(x_43.xyz, vec3f());
      luma = dot(bloom, vec3f(0.21259999275207519531f, 0.71520000696182250977f, 0.07220000028610229492f));
      bloom = mix(vec3f(luma), bloom, vec3f(max(x_27.options.z, 0.0f)));
      rgb = ((base.xyz * max(x_27.options.x, 0.0f)) + (bloom * max(x_27.options.y, 0.0f)));
      exposure = max(x_27.options.w, 0.0f);
      if ((exposure > 0.0f)) {
        rgb = (vec3f(1.0f) - exp((-(max(rgb, vec3f())) * exposure)));
      }
      let x_107 = clamp(rgb, vec3f(0.0f), vec3f(1.0f));
      frag_color = vec4f(x_107.x, x_107.y, x_107.z, clamp(max(base.w, (luma * x_27.options.y)), 0.0f, 1.0f));
      return;
    }

    struct main_out {
      @location(0)
      frag_color_1 : vec4f,
    }

    @fragment
    fn main(@location(0) uv_param : vec2f) -> main_out {
      uv = uv_param;
      main_1();
      return main_out(frag_color);
    }
*/
static const uint8_t fs_bloom_composite_source_wgsl[1615] = {
    0x64,0x69,0x61,0x67,0x6e,0x6f,0x73,0x74,0x69,0x63,0x28,0x6f,0x66,0x66,0x2c,0x20,
    0x64,0x65,0x72,0x69,0x76,0x61,0x74,0x69,0x76,0x65,0x5f,0x75,0x6e,0x69,0x66,0x6f,
    0x72,0x6d,0x69,0x74,0x79,0x29,0x3b,0x0a,0x0a,0x73,0x74,0x72,0x75,0x63,0x74,0x20,
    0x63,0x6f,0x6d,0x6d,0x6f,0x6e,0x5f,0x70,0x61,0x72,0x61,0x6d,0x73,0x20,0x7b,0x0a,
    0x20,0x20,0x2f,0x2a,0x20,0x40,0x6f,0x66,0x66,0x73,0x65,0x74,0x28,0x30,0x29,0x20,
    0x2a,0x2f,0x0a,0x20,0x20,0x63,0x6f,0x6c,0x6f,0x72,0x20,0x3a,0x20,0x76,0x65,0x63,
    0x34,0x66,0x2c,0x0a,0x20,0x20,0x2f,0x2a,0x20,0x40,0x6f,0x66,0x66,0x73,0x65,0x74,
    0x28,0x31,0x36,0x29,0x20,0x2a,0x2f,0x0a,0x20,0x20,0x72,0x65,0x73,0x6f,0x6c,0x75,
    0x74,0x69,0x6f,0x6e,0x20,0x3a,0x20,0x76,0x65,0x63,0x34,0x66,0x2c,0x0a,0x20,0x20,
    0x2f,0x2a,0x20,0x40,0x6f,0x66,0x66,0x73,0x65,0x74,0x28,0x33,0x32,0x29,0x20,0x2a,
    0x2f,0x0a,0x20,0x20,0x74,0x65,0x78,0x65,0x6c,0x20,0x3a,0x20,0x76,0x65,0x63,0x34,
    0x66,0x2c,0x0a,0x20,0x20,0x2f,0x2a,0x20,0x40,0x6f,0x66,0x66,0x73,0x65,0x74,0x28,
    0x34,0x38,0x29,0x20,0x2a,0x2f,0x0a,0x20,0x20,0x6f,0x70,0x74,0x69,0x6f,0x6e,0x73,
    0x20,0x3a,0x20,0x76,0x65,0x63,0x34,0x66,0x2c,0x0a,0x7d,0x0a,0x0a,0x40,0x62,0x69,
    0x6e,0x64,0x69,0x6e,0x67,0x28,0x30,0x29,0x20,0x40,0x67,0x72,0x6f,0x75,0x70,0x28,
    0x31,0x29,0x20,0x76,0x61,0x72,0x20,0x62,0x61,0x73,0x65,0x54,0x65,0x78,0x20,0x3a,
    0x20,0x74,0x65,0x78,0x74,0x75,0x72,0x65,0x5f,0x32,0x64,0x3c,0x66,0x33,0x32,0x3e,
    0x3b,0x0a,0x0a,0x40,0x62,0x69,0x6e,0x64,0x69,0x6e,0x67,0x28,0x33,0x32,0x29,0x20,
    0x40,0x67,0x72,0x6f,0x75,0x70,0x28,0x31,0x29,0x20,0x76,0x61,0x72,0x20,0x62,0x61,
    0x73,0x65,0x53,0x6d,0x70,0x20,0x3a,0x20,0x73,0x61,0x6d,0x70,0x6c,0x65,0x72,0x3b,
    0x0a,0x0a,0x76,0x61,0x72,0x3c,0x70,0x72,0x69,0x76,0x61,0x74,0x65,0x3e,0x20,0x75,
    0x76,0x20,0x3a,0x20,0x76,0x65,0x63,0x32,0x66,0x3b,0x0a,0x0a,0x40,0x62,0x69,0x6e,
    0x64,0x69,0x6e,0x67,0x28,0x30,0x29,0x20,0x40,0x67,0x72,0x6f,0x75,0x70,0x28,0x30,
    0x29,0x20,0x76,0x61,0x72,0x3c,0x75,0x6e,0x69,0x66,0x6f,0x72,0x6d,0x3e,0x20,0x78,
    0x5f,0x32,0x37,0x20,0x3a,0x20,0x63,0x6f,0x6d,0x6d,0x6f,0x6e,0x5f,0x70,0x61,0x72,
    0x61,0x6d,0x73,0x3b,0x0a,0x0a,0x40,0x62,0x69,0x6e,0x64,0x69,0x6e,0x67,0x28,0x31,
    0x29,0x20,0x40,0x67,0x72,0x6f,0x75,0x70,0x28,0x31,0x29,0x20,0x76,0x61,0x72,0x20,
    0x62,0x6c,0x6f,0x6f,0x6d,0x54,0x65,0x78,0x20,0x3a,0x20,0x74,0x65,0x78,0x74,0x75,
    0x72,0x65,0x5f,0x32,0x64,0x3c,0x66,0x33,0x32,0x3e,0x3b,0x0a,0x0a,0x40,0x62,0x69,
    0x6e,0x64,0x69,0x6e,0x67,0x28,0x33,0x33,0x29,0x20,0x40,0x67,0x72,0x6f,0x75,0x70,
    0x28,0x31,0x29,0x20,0x76,0x61,0x72,0x20,0x62,0x6c,0x6f,0x6f,0x6d,0x53,0x6d,0x70,
    0x20,0x3a,0x20,0x73,0x61,0x6d,0x70,0x6c,0x65,0x72,0x3b,0x0a,0x0a,0x76,0x61,0x72,
    0x3c,0x70,0x72,0x69,0x76,0x61,0x74,0x65,0x3e,0x20,0x66,0x72,0x61,0x67,0x5f,0x63,
    0x6f,0x6c,0x6f,0x72,0x20,0x3a,0x20,0x76,0x65,0x63,0x34,0x66,0x3b,0x0a,0x0a,0x66,
    0x6e,0x20,0x6d,0x61,0x69,0x6e,0x5f,0x31,0x28,0x29,0x20,0x7b,0x0a,0x20,0x20,0x76,
    0x61,0x72,0x20,0x62,0x61,0x73,0x65,0x20,0x3a,0x20,0x76,0x65,0x63,0x34,0x66,0x3b,
    0x0a,0x20,0x20,0x76,0x61,0x72,0x20,0x62,0x6c,0x6f,0x6f,0x6d,0x20,0x3a,0x20,0x76,
    0x65,0x63,0x33,0x66,0x3b,0x0a,0x20,0x20,0x76,0x61,0x72,0x20,0x6c,0x75,0x6d,0x61,
    0x20,0x3a,0x20,0x66,0x33,0x32,0x3b,0x0a,0x20,0x20,0x76,0x61,0x72,0x20,0x72,0x67,
    0x62,0x20,0x3a,0x20,0x76,0x65,0x63,0x33,0x66,0x3b,0x0a,0x20,0x20,0x76,0x61,0x72,
    0x20,0x65,0x78,0x70,0x6f,0x73,0x75,0x72,0x65,0x20,0x3a,0x20,0x66,0x33,0x32,0x3b,
    0x0a,0x20,0x20,0x6c,0x65,0x74,0x20,0x78,0x5f,0x32,0x33,0x20,0x3d,0x20,0x75,0x76,
    0x3b,0x0a,0x20,0x20,0x6c,0x65,0x74,0x20,0x78,0x5f,0x32,0x34,0x20,0x3d,0x20,0x74,
    0x65,0x78,0x74,0x75,0x72,0x65,0x53,0x61,0x6d,0x70,0x6c,0x65,0x28,0x62,0x61,0x73,
    0x65,0x54,0x65,0x78,0x2c,0x20,0x62,0x61,0x73,0x65,0x53,0x6d,0x70,0x2c,0x20,0x78,
    0x5f,0x32,0x33,0x29,0x3b,0x0a,0x20,0x20,0x62,0x61,0x73,0x65,0x20,0x3d,0x20,0x28,
    0x78,0x5f,0x32,0x34,0x20,0x2a,0x20,0x78,0x5f,0x32,0x37,0x2e,0x63,0x6f,0x6c,0x6f,
    0x72,0x29,0x3b,0x0a,0x20,0x20,0x6c,0x65,0x74,0x20,0x78,0x5f,0x34,0x32,0x20,0x3d,
    0x20,0x75,0x76,0x3b,0x0a,0x20,0x20,0x6c,0x65,0x74,0x20,0x78,0x5f,0x34,0x33,0x20,
    0x3d,0x20,0x74,0x65,0x78,0x74,0x75,0x72,0x65,0x53,0x61,0x6d,0x70,0x6c,0x65,0x28,
    0x62,0x6c,0x6f,0x6f,0x6d,0x54,0x65,0x78,0x2c,0x20,0x62,0x6c,0x6f,0x6f,0x6d,0x53,
    0x6d,0x70,0x2c,0x20,0x78,0x5f,0x34,0x32,0x29,0x3b,0x0a,0x20,0x20,0x62,0x6c,0x6f,
    0x6f,0x6d,0x20,0x3d,0x20,0x6d,0x61,0x78,0x28,0x78,0x5f,0x34,0x33,0x2e,0x78,0x79,
    0x7a,0x2c,0x20,0x76,0x65,0x63,0x33,0x66,0x28,0x29,0x29,0x3b,0x0a,0x20,0x20,0x6c,
    0x75,0x6d,0x61,0x20,0x3d,0x20,0x64,0x6f,0x74,0x28,0x62,0x6c,0x6f,0x6f,0x6d,0x2c,
    0x20,0x76,0x65,0x63,0x33,0x66,0x28,0x30,0x2e,0x32,0x31,0x32,0x35,0x39,0x39,0x39,
    0x39,0x32,0x37,0x35,0x32,0x30,0x37,0x35,0x31,0x39,0x35,0x33,0x31,0x66,0x2c,0x20,
    0x30,0x2e,0x37,0x31,0x35,0x32,0x30,0x30,0x30,0x30,0x36,0x39,0x36,0x31,0x38,0x32,
    0x32,0x35,0x30,0x39,0x37,0x37,0x66,0x2c,0x20,0x30,0x2e,0x30,0x37,0x32,0x32,0x30,
    0x30,0x30,0x30,0x30,0x32,0x38,0x36,0x31,0x30,0x32,0x32,0x39,0x34,0x39,0x32,0x66,
    0x29,0x29,0x3b,0x0a,0x20,0x20,0x62,0x6c,0x6f,0x6f,0x6d,0x20,0x3d,0x20,0x6d,0x69,
    0x78,0x28,0x76,0x65,0x63,0x33,0x66,0x28,0x6c,0x75,0x6d,0x61,0x29,0x2c,0x20,0x62,
    0x6c,0x6f,0x6f,0x6d,0x2c,0x20,0x76,0x65,0x63,0x33,0x66,0x28,0x6d,0x61,0x78,0x28,
    0x78,0x5f,0x32,0x37,0x2e,0x6f,0x70,0x74,0x69,0x6f,0x6e,0x73,0x2e,0x7a,0x2c,0x20,
    0x30,0x2e,0x30,0x66,0x29,0x29,0x29,0x3b,0x0a,0x20,0x20,0x72,0x67,0x62,0x20,0x3d,
    0x20,0x28,0x28,0x62,0x61,0x73,0x65,0x2e,0x78,0x79,0x7a,0x20,0x2a,0x20,0x6d,0x61,
    0x78,0x28,0x78,0x5f,0x32,0x37,0x2e,0x6f,0x70,0x74,0x69,0x6f,0x6e,0x73,0x2e,0x78,
    0x2c,0x20,0x30,0x2e,0x30,0x66,0x29,0x29,0x20,0x2b,0x20,0x28,0x62,0x6c,0x6f,0x6f,
    0x6d,0x20,0x2a,0x20,0x6d,0x61,0x78,0x28,0x78,0x5f,0x32,0x37,0x2e,0x6f,0x70,0x74,
    0x69,0x6f,0x6e,0x73,0x2e,0x79,0x2c,0x20,0x30,0x2e,0x30,0x66,0x29,0x29,0x29,0x3b,
    0x0a,0x20,0x20,0x65,0x78,0x70,0x6f,0x73,0x75,0x72,0x65,0x20,0x3d,0x20,0x6d,0x61,
    0x78,0x28,0x78,0x5f,0x32,0x37,0x2e,0x6f,0x70,0x74,0x69,0x6f,0x6e,0x73,0x2e,0x77,
    0x2c,0x20,0x30,0x2e,0x30,0x66,0x29,0x3b,0x0a,0x20,0x20,0x69,0x66,0x20,0x28,0x28,
    0x65,0x78,0x70,0x6f,0x73,0x75,0x72,0x65,0x20,0x3e,0x20,0x30,0x2e,0x30,0x66,0x29,
    0x29,0x20,0x7b,0x0a,0x20,0x20,0x20,0x20,0x72,0x67,0x62,0x20,0x3d,0x20,0x28,0x76,
    0x65,0x63,0x33,0x66,0x28,0x31,0x2e,0x30,0x66,0x29,0x20,0x2d,0x20,0x65,0x78,0x70,
    0x28,0x28,0x2d,0x28,0x6d,0x61,0x78,0x28,0x72,0x67,0x62,0x2c,0x20,0x76,0x65,0x63,
    0x33,0x66,0x28,0x29,0x29,0x29,0x20,0x2a,0x20,0x65,0x78,0x70,0x6f,0x73,0x75,0x72,
    0x65,0x29,0x29,0x29,0x3b,0x0a,0x20,0x20,0x7d,0x0a,0x20,0x20,0x6c,0x65,0x74,0x20,
    0x78,0x5f,0x31,0x30,0x37,0x20,0x3d,0x20,0x63,0x6c,0x61,0x6d,0x70,0x28,0x72,0x67,
    0x62,0x2c,0x20,0x76,0x65,0x63,0x33,0x66,0x28,0x30,0x2e,0x30,0x66,0x29,0x2c,0x20,
    0x76,0x65,0x63,0x33,0x66,0x28,0x31,0x2e,0x30,0x66,0x29,0x29,0x3b,0x0a,0x20,0x20,
    0x66,0x72,0x61,0x67,0x5f,0x63,0x6f,0x6c,0x6f,0x72,0x20,0x3d,0x20,0x76,0x65,0x63,
    0x34,0x66,0x28,0x78,0x5f,0x31,0x30,0x37,0x2e,0x78,0x2c,0x20,0x78,0x5f,0x31,0x30,
    0x37,0x2e,0x79,0x2c,0x20,0x78,0x5f,0x31,0x30,0x37,0x2e,0x7a,0x2c,0x20,0x63,0x6c,
    0x61,0x6d,0x70,0x28,0x6d,0x61,0x78,0x28,0x62,0x61,0x73,0x65,0x2e,0x77,0x2c,0x20,
    0x28,0x6c,0x75,0x6d,0x61,0x20,0x2a,0x20,0x78,0x5f,0x32,0x37,0x2e,0x6f,0x70,0x74,
    0x69,0x6f,0x6e,0x73,0x2e,0x79,0x29,0x29,0x2c,0x20,0x30,0x2e,0x30,0x66,0x2c,0x20,
    0x31,0x2e,0x30,0x66,0x29,0x29,0x3b,0x0a,0x20,0x20,0x72,0x65,0x74,0x75,0x72,0x6e,
    0x3b,0x0a,0x7d,0x0a,0x0a,0x73,0x74,0x72,0x75,0x63,0x74,0x20,0x6d,0x61,0x69,0x6e,
    0x5f,0x6f,0x75,0x74,0x20,0x7b,0x0a,0x20,0x20,0x40,0x6c,0x6f,0x63,0x61,0x74,0x69,
    0x6f,0x6e,0x28,0x30,0x29,0x0a,0x20,0x20,0x66,0x72,0x61,0x67,0x5f,0x63,0x6f,0x6c,
    0x6f,0x72,0x5f,0x31,0x20,0x3a,0x20,0x76,0x65,0x63,0x34,0x66,0x2c,0x0a,0x7d,0x0a,
    0x0a,0x40,0x66,0x72,0x61,0x67,0x6d,0x65,0x6e,0x74,0x0a,0x66,0x6e,0x20,0x6d,0x61,
    0x69,0x6e,0x28,0x40,0x6c,0x6f,0x63,0x61,0x74,0x69,0x6f,0x6e,0x28,0x30,0x29,0x20,
    0x75,0x76,0x5f,0x70,0x61,0x72,0x61,0x6d,0x20,0x3a,0x20,0x76,0x65,0x63,0x32,0x66,
    0x29,0x20,0x2d,0x3e,0x20,0x6d,0x61,0x69,0x6e,0x5f,0x6f,0x75,0x74,0x20,0x7b,0x0a,
    0x20,0x20,0x75,0x76,0x20,0x3d,0x20,0x75,0x76,0x5f,0x70,0x61,0x72,0x61,0x6d,0x3b,
    0x0a,0x20,0x20,0x6d,0x61,0x69,0x6e,0x5f,0x31,0x28,0x29,0x3b,0x0a,0x20,0x20,0x72,
    0x65,0x74,0x75,0x72,0x6e,0x20,0x6d,0x61,0x69,0x6e,0x5f,0x6f,0x75,0x74,0x28,0x66,
    0x72,0x61,0x67,0x5f,0x63,0x6f,0x6c,0x6f,0x72,0x29,0x3b,0x0a,0x7d,0x0a,0x00,
};
static inline const sg_shader_desc* tcx_flow_bloom_composite_shader_desc(sg_backend backend) {
    if (backend == SG_BACKEND_GLES3) {
        static sg_shader_desc desc;
        static bool valid;
        if (!valid) {
            valid = true;
            desc.vertex_func.source = (const char*)vs_source_glsl300es;
            desc.vertex_func.entry = "main";
            desc.fragment_func.source = (const char*)fs_bloom_composite_source_glsl300es;
            desc.fragment_func.entry = "main";
            desc.attrs[0].base_type = SG_SHADERATTRBASETYPE_FLOAT;
            desc.attrs[0].glsl_name = "position";
            desc.attrs[1].base_type = SG_SHADERATTRBASETYPE_FLOAT;
            desc.attrs[1].glsl_name = "texcoord0";
            desc.uniform_blocks[0].stage = SG_SHADERSTAGE_FRAGMENT;
            desc.uniform_blocks[0].layout = SG_UNIFORMLAYOUT_STD140;
            desc.uniform_blocks[0].size = 64;
            desc.uniform_blocks[0].glsl_uniforms[0].type = SG_UNIFORMTYPE_FLOAT4;
            desc.uniform_blocks[0].glsl_uniforms[0].array_count = 4;
            desc.uniform_blocks[0].glsl_uniforms[0].glsl_name = "common_params";
            desc.views[0].texture.stage = SG_SHADERSTAGE_FRAGMENT;
            desc.views[0].texture.image_type = SG_IMAGETYPE_2D;
            desc.views[0].texture.sample_type = SG_IMAGESAMPLETYPE_FLOAT;
            desc.views[0].texture.multisampled = false;
            desc.views[1].texture.stage = SG_SHADERSTAGE_FRAGMENT;
            desc.views[1].texture.image_type = SG_IMAGETYPE_2D;
            desc.views[1].texture.sample_type = SG_IMAGESAMPLETYPE_FLOAT;
            desc.views[1].texture.multisampled = false;
            desc.samplers[0].stage = SG_SHADERSTAGE_FRAGMENT;
            desc.samplers[0].sampler_type = SG_SAMPLERTYPE_FILTERING;
            desc.samplers[1].stage = SG_SHADERSTAGE_FRAGMENT;
            desc.samplers[1].sampler_type = SG_SAMPLERTYPE_FILTERING;
            desc.texture_sampler_pairs[0].stage = SG_SHADERSTAGE_FRAGMENT;
            desc.texture_sampler_pairs[0].view_slot = 0;
            desc.texture_sampler_pairs[0].sampler_slot = 0;
            desc.texture_sampler_pairs[0].glsl_name = "baseTex_baseSmp";
            desc.texture_sampler_pairs[1].stage = SG_SHADERSTAGE_FRAGMENT;
            desc.texture_sampler_pairs[1].view_slot = 1;
            desc.texture_sampler_pairs[1].sampler_slot = 1;
            desc.texture_sampler_pairs[1].glsl_name = "bloomTex_bloomSmp";
            desc.label = "tcx_flow_bloom_composite_shader";
        }
        return &desc;
    }
    if (backend == SG_BACKEND_D3D11) {
        static sg_shader_desc desc;
        static bool valid;
        if (!valid) {
            valid = true;
            desc.vertex_func.source = (const char*)vs_source_hlsl5;
            desc.vertex_func.d3d11_target = "vs_5_0";
            desc.vertex_func.entry = "main";
            desc.fragment_func.source = (const char*)fs_bloom_composite_source_hlsl5;
            desc.fragment_func.d3d11_target = "ps_5_0";
            desc.fragment_func.entry = "main";
            desc.attrs[0].base_type = SG_SHADERATTRBASETYPE_FLOAT;
            desc.attrs[0].hlsl_sem_name = "TEXCOORD";
            desc.attrs[0].hlsl_sem_index = 0;
            desc.attrs[1].base_type = SG_SHADERATTRBASETYPE_FLOAT;
            desc.attrs[1].hlsl_sem_name = "TEXCOORD";
            desc.attrs[1].hlsl_sem_index = 1;
            desc.uniform_blocks[0].stage = SG_SHADERSTAGE_FRAGMENT;
            desc.uniform_blocks[0].layout = SG_UNIFORMLAYOUT_STD140;
            desc.uniform_blocks[0].size = 64;
            desc.uniform_blocks[0].hlsl_register_b_n = 0;
            desc.views[0].texture.stage = SG_SHADERSTAGE_FRAGMENT;
            desc.views[0].texture.image_type = SG_IMAGETYPE_2D;
            desc.views[0].texture.sample_type = SG_IMAGESAMPLETYPE_FLOAT;
            desc.views[0].texture.multisampled = false;
            desc.views[0].texture.hlsl_register_t_n = 0;
            desc.views[1].texture.stage = SG_SHADERSTAGE_FRAGMENT;
            desc.views[1].texture.image_type = SG_IMAGETYPE_2D;
            desc.views[1].texture.sample_type = SG_IMAGESAMPLETYPE_FLOAT;
            desc.views[1].texture.multisampled = false;
            desc.views[1].texture.hlsl_register_t_n = 1;
            desc.samplers[0].stage = SG_SHADERSTAGE_FRAGMENT;
            desc.samplers[0].sampler_type = SG_SAMPLERTYPE_FILTERING;
            desc.samplers[0].hlsl_register_s_n = 0;
            desc.samplers[1].stage = SG_SHADERSTAGE_FRAGMENT;
            desc.samplers[1].sampler_type = SG_SAMPLERTYPE_FILTERING;
            desc.samplers[1].hlsl_register_s_n = 1;
            desc.texture_sampler_pairs[0].stage = SG_SHADERSTAGE_FRAGMENT;
            desc.texture_sampler_pairs[0].view_slot = 0;
            desc.texture_sampler_pairs[0].sampler_slot = 0;
            desc.texture_sampler_pairs[1].stage = SG_SHADERSTAGE_FRAGMENT;
            desc.texture_sampler_pairs[1].view_slot = 1;
            desc.texture_sampler_pairs[1].sampler_slot = 1;
            desc.label = "tcx_flow_bloom_composite_shader";
        }
        return &desc;
    }
    if (backend == SG_BACKEND_METAL_MACOS) {
        static sg_shader_desc desc;
        static bool valid;
        if (!valid) {
            valid = true;
            desc.vertex_func.source = (const char*)vs_source_metal_macos;
            desc.vertex_func.entry = "main0";
            desc.fragment_func.source = (const char*)fs_bloom_composite_source_metal_macos;
            desc.fragment_func.entry = "main0";
            desc.attrs[0].base_type = SG_SHADERATTRBASETYPE_FLOAT;
            desc.attrs[1].base_type = SG_SHADERATTRBASETYPE_FLOAT;
            desc.uniform_blocks[0].stage = SG_SHADERSTAGE_FRAGMENT;
            desc.uniform_blocks[0].layout = SG_UNIFORMLAYOUT_STD140;
            desc.uniform_blocks[0].size = 64;
            desc.uniform_blocks[0].msl_buffer_n = 0;
            desc.views[0].texture.stage = SG_SHADERSTAGE_FRAGMENT;
            desc.views[0].texture.image_type = SG_IMAGETYPE_2D;
            desc.views[0].texture.sample_type = SG_IMAGESAMPLETYPE_FLOAT;
            desc.views[0].texture.multisampled = false;
            desc.views[0].texture.msl_texture_n = 0;
            desc.views[1].texture.stage = SG_SHADERSTAGE_FRAGMENT;
            desc.views[1].texture.image_type = SG_IMAGETYPE_2D;
            desc.views[1].texture.sample_type = SG_IMAGESAMPLETYPE_FLOAT;
            desc.views[1].texture.multisampled = false;
            desc.views[1].texture.msl_texture_n = 1;
            desc.samplers[0].stage = SG_SHADERSTAGE_FRAGMENT;
            desc.samplers[0].sampler_type = SG_SAMPLERTYPE_FILTERING;
            desc.samplers[0].msl_sampler_n = 0;
            desc.samplers[1].stage = SG_SHADERSTAGE_FRAGMENT;
            desc.samplers[1].sampler_type = SG_SAMPLERTYPE_FILTERING;
            desc.samplers[1].msl_sampler_n = 1;
            desc.texture_sampler_pairs[0].stage = SG_SHADERSTAGE_FRAGMENT;
            desc.texture_sampler_pairs[0].view_slot = 0;
            desc.texture_sampler_pairs[0].sampler_slot = 0;
            desc.texture_sampler_pairs[1].stage = SG_SHADERSTAGE_FRAGMENT;
            desc.texture_sampler_pairs[1].view_slot = 1;
            desc.texture_sampler_pairs[1].sampler_slot = 1;
            desc.label = "tcx_flow_bloom_composite_shader";
        }
        return &desc;
    }
    if (backend == SG_BACKEND_WGPU) {
        static sg_shader_desc desc;
        static bool valid;
        if (!valid) {
            valid = true;
            desc.vertex_func.source = (const char*)vs_source_wgsl;
            desc.vertex_func.entry = "main";
            desc.fragment_func.source = (const char*)fs_bloom_composite_source_wgsl;
            desc.fragment_func.entry = "main";
            desc.attrs[0].base_type = SG_SHADERATTRBASETYPE_FLOAT;
            desc.attrs[1].base_type = SG_SHADERATTRBASETYPE_FLOAT;
            desc.uniform_blocks[0].stage = SG_SHADERSTAGE_FRAGMENT;
            desc.uniform_blocks[0].layout = SG_UNIFORMLAYOUT_STD140;
            desc.uniform_blocks[0].size = 64;
            desc.uniform_blocks[0].wgsl_group0_binding_n = 0;
            desc.views[0].texture.stage = SG_SHADERSTAGE_FRAGMENT;
            desc.views[0].texture.image_type = SG_IMAGETYPE_2D;
            desc.views[0].texture.sample_type = SG_IMAGESAMPLETYPE_FLOAT;
            desc.views[0].texture.multisampled = false;
            desc.views[0].texture.wgsl_group1_binding_n = 0;
            desc.views[1].texture.stage = SG_SHADERSTAGE_FRAGMENT;
            desc.views[1].texture.image_type = SG_IMAGETYPE_2D;
            desc.views[1].texture.sample_type = SG_IMAGESAMPLETYPE_FLOAT;
            desc.views[1].texture.multisampled = false;
            desc.views[1].texture.wgsl_group1_binding_n = 1;
            desc.samplers[0].stage = SG_SHADERSTAGE_FRAGMENT;
            desc.samplers[0].sampler_type = SG_SAMPLERTYPE_FILTERING;
            desc.samplers[0].wgsl_group1_binding_n = 32;
            desc.samplers[1].stage = SG_SHADERSTAGE_FRAGMENT;
            desc.samplers[1].sampler_type = SG_SAMPLERTYPE_FILTERING;
            desc.samplers[1].wgsl_group1_binding_n = 33;
            desc.texture_sampler_pairs[0].stage = SG_SHADERSTAGE_FRAGMENT;
            desc.texture_sampler_pairs[0].view_slot = 0;
            desc.texture_sampler_pairs[0].sampler_slot = 0;
            desc.texture_sampler_pairs[1].stage = SG_SHADERSTAGE_FRAGMENT;
            desc.texture_sampler_pairs[1].view_slot = 1;
            desc.texture_sampler_pairs[1].sampler_slot = 1;
            desc.label = "tcx_flow_bloom_composite_shader";
        }
        return &desc;
    }
    return 0;
}
static inline const sg_shader_desc* tcx_flow_bloom_prefilter_shader_desc(sg_backend backend) {
    if (backend == SG_BACKEND_GLES3) {
        static sg_shader_desc desc;
        static bool valid;
        if (!valid) {
            valid = true;
            desc.vertex_func.source = (const char*)vs_source_glsl300es;
            desc.vertex_func.entry = "main";
            desc.fragment_func.source = (const char*)fs_bloom_prefilter_source_glsl300es;
            desc.fragment_func.entry = "main";
            desc.attrs[0].base_type = SG_SHADERATTRBASETYPE_FLOAT;
            desc.attrs[0].glsl_name = "position";
            desc.attrs[1].base_type = SG_SHADERATTRBASETYPE_FLOAT;
            desc.attrs[1].glsl_name = "texcoord0";
            desc.uniform_blocks[0].stage = SG_SHADERSTAGE_FRAGMENT;
            desc.uniform_blocks[0].layout = SG_UNIFORMLAYOUT_STD140;
            desc.uniform_blocks[0].size = 64;
            desc.uniform_blocks[0].glsl_uniforms[0].type = SG_UNIFORMTYPE_FLOAT4;
            desc.uniform_blocks[0].glsl_uniforms[0].array_count = 4;
            desc.uniform_blocks[0].glsl_uniforms[0].glsl_name = "common_params";
            desc.views[0].texture.stage = SG_SHADERSTAGE_FRAGMENT;
            desc.views[0].texture.image_type = SG_IMAGETYPE_2D;
            desc.views[0].texture.sample_type = SG_IMAGESAMPLETYPE_FLOAT;
            desc.views[0].texture.multisampled = false;
            desc.samplers[0].stage = SG_SHADERSTAGE_FRAGMENT;
            desc.samplers[0].sampler_type = SG_SAMPLERTYPE_FILTERING;
            desc.texture_sampler_pairs[0].stage = SG_SHADERSTAGE_FRAGMENT;
            desc.texture_sampler_pairs[0].view_slot = 0;
            desc.texture_sampler_pairs[0].sampler_slot = 0;
            desc.texture_sampler_pairs[0].glsl_name = "sourceTex_sourceSmp";
            desc.label = "tcx_flow_bloom_prefilter_shader";
        }
        return &desc;
    }
    if (backend == SG_BACKEND_D3D11) {
        static sg_shader_desc desc;
        static bool valid;
        if (!valid) {
            valid = true;
            desc.vertex_func.source = (const char*)vs_source_hlsl5;
            desc.vertex_func.d3d11_target = "vs_5_0";
            desc.vertex_func.entry = "main";
            desc.fragment_func.source = (const char*)fs_bloom_prefilter_source_hlsl5;
            desc.fragment_func.d3d11_target = "ps_5_0";
            desc.fragment_func.entry = "main";
            desc.attrs[0].base_type = SG_SHADERATTRBASETYPE_FLOAT;
            desc.attrs[0].hlsl_sem_name = "TEXCOORD";
            desc.attrs[0].hlsl_sem_index = 0;
            desc.attrs[1].base_type = SG_SHADERATTRBASETYPE_FLOAT;
            desc.attrs[1].hlsl_sem_name = "TEXCOORD";
            desc.attrs[1].hlsl_sem_index = 1;
            desc.uniform_blocks[0].stage = SG_SHADERSTAGE_FRAGMENT;
            desc.uniform_blocks[0].layout = SG_UNIFORMLAYOUT_STD140;
            desc.uniform_blocks[0].size = 64;
            desc.uniform_blocks[0].hlsl_register_b_n = 0;
            desc.views[0].texture.stage = SG_SHADERSTAGE_FRAGMENT;
            desc.views[0].texture.image_type = SG_IMAGETYPE_2D;
            desc.views[0].texture.sample_type = SG_IMAGESAMPLETYPE_FLOAT;
            desc.views[0].texture.multisampled = false;
            desc.views[0].texture.hlsl_register_t_n = 0;
            desc.samplers[0].stage = SG_SHADERSTAGE_FRAGMENT;
            desc.samplers[0].sampler_type = SG_SAMPLERTYPE_FILTERING;
            desc.samplers[0].hlsl_register_s_n = 0;
            desc.texture_sampler_pairs[0].stage = SG_SHADERSTAGE_FRAGMENT;
            desc.texture_sampler_pairs[0].view_slot = 0;
            desc.texture_sampler_pairs[0].sampler_slot = 0;
            desc.label = "tcx_flow_bloom_prefilter_shader";
        }
        return &desc;
    }
    if (backend == SG_BACKEND_METAL_MACOS) {
        static sg_shader_desc desc;
        static bool valid;
        if (!valid) {
            valid = true;
            desc.vertex_func.source = (const char*)vs_source_metal_macos;
            desc.vertex_func.entry = "main0";
            desc.fragment_func.source = (const char*)fs_bloom_prefilter_source_metal_macos;
            desc.fragment_func.entry = "main0";
            desc.attrs[0].base_type = SG_SHADERATTRBASETYPE_FLOAT;
            desc.attrs[1].base_type = SG_SHADERATTRBASETYPE_FLOAT;
            desc.uniform_blocks[0].stage = SG_SHADERSTAGE_FRAGMENT;
            desc.uniform_blocks[0].layout = SG_UNIFORMLAYOUT_STD140;
            desc.uniform_blocks[0].size = 64;
            desc.uniform_blocks[0].msl_buffer_n = 0;
            desc.views[0].texture.stage = SG_SHADERSTAGE_FRAGMENT;
            desc.views[0].texture.image_type = SG_IMAGETYPE_2D;
            desc.views[0].texture.sample_type = SG_IMAGESAMPLETYPE_FLOAT;
            desc.views[0].texture.multisampled = false;
            desc.views[0].texture.msl_texture_n = 0;
            desc.samplers[0].stage = SG_SHADERSTAGE_FRAGMENT;
            desc.samplers[0].sampler_type = SG_SAMPLERTYPE_FILTERING;
            desc.samplers[0].msl_sampler_n = 0;
            desc.texture_sampler_pairs[0].stage = SG_SHADERSTAGE_FRAGMENT;
            desc.texture_sampler_pairs[0].view_slot = 0;
            desc.texture_sampler_pairs[0].sampler_slot = 0;
            desc.label = "tcx_flow_bloom_prefilter_shader";
        }
        return &desc;
    }
    if (backend == SG_BACKEND_WGPU) {
        static sg_shader_desc desc;
        static bool valid;
        if (!valid) {
            valid = true;
            desc.vertex_func.source = (const char*)vs_source_wgsl;
            desc.vertex_func.entry = "main";
            desc.fragment_func.source = (const char*)fs_bloom_prefilter_source_wgsl;
            desc.fragment_func.entry = "main";
            desc.attrs[0].base_type = SG_SHADERATTRBASETYPE_FLOAT;
            desc.attrs[1].base_type = SG_SHADERATTRBASETYPE_FLOAT;
            desc.uniform_blocks[0].stage = SG_SHADERSTAGE_FRAGMENT;
            desc.uniform_blocks[0].layout = SG_UNIFORMLAYOUT_STD140;
            desc.uniform_blocks[0].size = 64;
            desc.uniform_blocks[0].wgsl_group0_binding_n = 0;
            desc.views[0].texture.stage = SG_SHADERSTAGE_FRAGMENT;
            desc.views[0].texture.image_type = SG_IMAGETYPE_2D;
            desc.views[0].texture.sample_type = SG_IMAGESAMPLETYPE_FLOAT;
            desc.views[0].texture.multisampled = false;
            desc.views[0].texture.wgsl_group1_binding_n = 0;
            desc.samplers[0].stage = SG_SHADERSTAGE_FRAGMENT;
            desc.samplers[0].sampler_type = SG_SAMPLERTYPE_FILTERING;
            desc.samplers[0].wgsl_group1_binding_n = 32;
            desc.texture_sampler_pairs[0].stage = SG_SHADERSTAGE_FRAGMENT;
            desc.texture_sampler_pairs[0].view_slot = 0;
            desc.texture_sampler_pairs[0].sampler_slot = 0;
            desc.label = "tcx_flow_bloom_prefilter_shader";
        }
        return &desc;
    }
    return 0;
}
static inline const sg_shader_desc* tcx_flow_blur_horizontal_shader_desc(sg_backend backend) {
    if (backend == SG_BACKEND_GLES3) {
        static sg_shader_desc desc;
        static bool valid;
        if (!valid) {
            valid = true;
            desc.vertex_func.source = (const char*)vs_source_glsl300es;
            desc.vertex_func.entry = "main";
            desc.fragment_func.source = (const char*)fs_blur_horizontal_source_glsl300es;
            desc.fragment_func.entry = "main";
            desc.attrs[0].base_type = SG_SHADERATTRBASETYPE_FLOAT;
            desc.attrs[0].glsl_name = "position";
            desc.attrs[1].base_type = SG_SHADERATTRBASETYPE_FLOAT;
            desc.attrs[1].glsl_name = "texcoord0";
            desc.uniform_blocks[0].stage = SG_SHADERSTAGE_FRAGMENT;
            desc.uniform_blocks[0].layout = SG_UNIFORMLAYOUT_STD140;
            desc.uniform_blocks[0].size = 64;
            desc.uniform_blocks[0].glsl_uniforms[0].type = SG_UNIFORMTYPE_FLOAT4;
            desc.uniform_blocks[0].glsl_uniforms[0].array_count = 4;
            desc.uniform_blocks[0].glsl_uniforms[0].glsl_name = "common_params";
            desc.views[0].texture.stage = SG_SHADERSTAGE_FRAGMENT;
            desc.views[0].texture.image_type = SG_IMAGETYPE_2D;
            desc.views[0].texture.sample_type = SG_IMAGESAMPLETYPE_FLOAT;
            desc.views[0].texture.multisampled = false;
            desc.samplers[0].stage = SG_SHADERSTAGE_FRAGMENT;
            desc.samplers[0].sampler_type = SG_SAMPLERTYPE_FILTERING;
            desc.texture_sampler_pairs[0].stage = SG_SHADERSTAGE_FRAGMENT;
            desc.texture_sampler_pairs[0].view_slot = 0;
            desc.texture_sampler_pairs[0].sampler_slot = 0;
            desc.texture_sampler_pairs[0].glsl_name = "sourceTex_sourceSmp";
            desc.label = "tcx_flow_blur_horizontal_shader";
        }
        return &desc;
    }
    if (backend == SG_BACKEND_D3D11) {
        static sg_shader_desc desc;
        static bool valid;
        if (!valid) {
            valid = true;
            desc.vertex_func.source = (const char*)vs_source_hlsl5;
            desc.vertex_func.d3d11_target = "vs_5_0";
            desc.vertex_func.entry = "main";
            desc.fragment_func.source = (const char*)fs_blur_horizontal_source_hlsl5;
            desc.fragment_func.d3d11_target = "ps_5_0";
            desc.fragment_func.entry = "main";
            desc.attrs[0].base_type = SG_SHADERATTRBASETYPE_FLOAT;
            desc.attrs[0].hlsl_sem_name = "TEXCOORD";
            desc.attrs[0].hlsl_sem_index = 0;
            desc.attrs[1].base_type = SG_SHADERATTRBASETYPE_FLOAT;
            desc.attrs[1].hlsl_sem_name = "TEXCOORD";
            desc.attrs[1].hlsl_sem_index = 1;
            desc.uniform_blocks[0].stage = SG_SHADERSTAGE_FRAGMENT;
            desc.uniform_blocks[0].layout = SG_UNIFORMLAYOUT_STD140;
            desc.uniform_blocks[0].size = 64;
            desc.uniform_blocks[0].hlsl_register_b_n = 0;
            desc.views[0].texture.stage = SG_SHADERSTAGE_FRAGMENT;
            desc.views[0].texture.image_type = SG_IMAGETYPE_2D;
            desc.views[0].texture.sample_type = SG_IMAGESAMPLETYPE_FLOAT;
            desc.views[0].texture.multisampled = false;
            desc.views[0].texture.hlsl_register_t_n = 0;
            desc.samplers[0].stage = SG_SHADERSTAGE_FRAGMENT;
            desc.samplers[0].sampler_type = SG_SAMPLERTYPE_FILTERING;
            desc.samplers[0].hlsl_register_s_n = 0;
            desc.texture_sampler_pairs[0].stage = SG_SHADERSTAGE_FRAGMENT;
            desc.texture_sampler_pairs[0].view_slot = 0;
            desc.texture_sampler_pairs[0].sampler_slot = 0;
            desc.label = "tcx_flow_blur_horizontal_shader";
        }
        return &desc;
    }
    if (backend == SG_BACKEND_METAL_MACOS) {
        static sg_shader_desc desc;
        static bool valid;
        if (!valid) {
            valid = true;
            desc.vertex_func.source = (const char*)vs_source_metal_macos;
            desc.vertex_func.entry = "main0";
            desc.fragment_func.source = (const char*)fs_blur_horizontal_source_metal_macos;
            desc.fragment_func.entry = "main0";
            desc.attrs[0].base_type = SG_SHADERATTRBASETYPE_FLOAT;
            desc.attrs[1].base_type = SG_SHADERATTRBASETYPE_FLOAT;
            desc.uniform_blocks[0].stage = SG_SHADERSTAGE_FRAGMENT;
            desc.uniform_blocks[0].layout = SG_UNIFORMLAYOUT_STD140;
            desc.uniform_blocks[0].size = 64;
            desc.uniform_blocks[0].msl_buffer_n = 0;
            desc.views[0].texture.stage = SG_SHADERSTAGE_FRAGMENT;
            desc.views[0].texture.image_type = SG_IMAGETYPE_2D;
            desc.views[0].texture.sample_type = SG_IMAGESAMPLETYPE_FLOAT;
            desc.views[0].texture.multisampled = false;
            desc.views[0].texture.msl_texture_n = 0;
            desc.samplers[0].stage = SG_SHADERSTAGE_FRAGMENT;
            desc.samplers[0].sampler_type = SG_SAMPLERTYPE_FILTERING;
            desc.samplers[0].msl_sampler_n = 0;
            desc.texture_sampler_pairs[0].stage = SG_SHADERSTAGE_FRAGMENT;
            desc.texture_sampler_pairs[0].view_slot = 0;
            desc.texture_sampler_pairs[0].sampler_slot = 0;
            desc.label = "tcx_flow_blur_horizontal_shader";
        }
        return &desc;
    }
    if (backend == SG_BACKEND_WGPU) {
        static sg_shader_desc desc;
        static bool valid;
        if (!valid) {
            valid = true;
            desc.vertex_func.source = (const char*)vs_source_wgsl;
            desc.vertex_func.entry = "main";
            desc.fragment_func.source = (const char*)fs_blur_horizontal_source_wgsl;
            desc.fragment_func.entry = "main";
            desc.attrs[0].base_type = SG_SHADERATTRBASETYPE_FLOAT;
            desc.attrs[1].base_type = SG_SHADERATTRBASETYPE_FLOAT;
            desc.uniform_blocks[0].stage = SG_SHADERSTAGE_FRAGMENT;
            desc.uniform_blocks[0].layout = SG_UNIFORMLAYOUT_STD140;
            desc.uniform_blocks[0].size = 64;
            desc.uniform_blocks[0].wgsl_group0_binding_n = 0;
            desc.views[0].texture.stage = SG_SHADERSTAGE_FRAGMENT;
            desc.views[0].texture.image_type = SG_IMAGETYPE_2D;
            desc.views[0].texture.sample_type = SG_IMAGESAMPLETYPE_FLOAT;
            desc.views[0].texture.multisampled = false;
            desc.views[0].texture.wgsl_group1_binding_n = 0;
            desc.samplers[0].stage = SG_SHADERSTAGE_FRAGMENT;
            desc.samplers[0].sampler_type = SG_SAMPLERTYPE_FILTERING;
            desc.samplers[0].wgsl_group1_binding_n = 32;
            desc.texture_sampler_pairs[0].stage = SG_SHADERSTAGE_FRAGMENT;
            desc.texture_sampler_pairs[0].view_slot = 0;
            desc.texture_sampler_pairs[0].sampler_slot = 0;
            desc.label = "tcx_flow_blur_horizontal_shader";
        }
        return &desc;
    }
    return 0;
}
static inline const sg_shader_desc* tcx_flow_blur_vertical_shader_desc(sg_backend backend) {
    if (backend == SG_BACKEND_GLES3) {
        static sg_shader_desc desc;
        static bool valid;
        if (!valid) {
            valid = true;
            desc.vertex_func.source = (const char*)vs_source_glsl300es;
            desc.vertex_func.entry = "main";
            desc.fragment_func.source = (const char*)fs_blur_vertical_source_glsl300es;
            desc.fragment_func.entry = "main";
            desc.attrs[0].base_type = SG_SHADERATTRBASETYPE_FLOAT;
            desc.attrs[0].glsl_name = "position";
            desc.attrs[1].base_type = SG_SHADERATTRBASETYPE_FLOAT;
            desc.attrs[1].glsl_name = "texcoord0";
            desc.uniform_blocks[0].stage = SG_SHADERSTAGE_FRAGMENT;
            desc.uniform_blocks[0].layout = SG_UNIFORMLAYOUT_STD140;
            desc.uniform_blocks[0].size = 64;
            desc.uniform_blocks[0].glsl_uniforms[0].type = SG_UNIFORMTYPE_FLOAT4;
            desc.uniform_blocks[0].glsl_uniforms[0].array_count = 4;
            desc.uniform_blocks[0].glsl_uniforms[0].glsl_name = "common_params";
            desc.views[0].texture.stage = SG_SHADERSTAGE_FRAGMENT;
            desc.views[0].texture.image_type = SG_IMAGETYPE_2D;
            desc.views[0].texture.sample_type = SG_IMAGESAMPLETYPE_FLOAT;
            desc.views[0].texture.multisampled = false;
            desc.samplers[0].stage = SG_SHADERSTAGE_FRAGMENT;
            desc.samplers[0].sampler_type = SG_SAMPLERTYPE_FILTERING;
            desc.texture_sampler_pairs[0].stage = SG_SHADERSTAGE_FRAGMENT;
            desc.texture_sampler_pairs[0].view_slot = 0;
            desc.texture_sampler_pairs[0].sampler_slot = 0;
            desc.texture_sampler_pairs[0].glsl_name = "sourceTex_sourceSmp";
            desc.label = "tcx_flow_blur_vertical_shader";
        }
        return &desc;
    }
    if (backend == SG_BACKEND_D3D11) {
        static sg_shader_desc desc;
        static bool valid;
        if (!valid) {
            valid = true;
            desc.vertex_func.source = (const char*)vs_source_hlsl5;
            desc.vertex_func.d3d11_target = "vs_5_0";
            desc.vertex_func.entry = "main";
            desc.fragment_func.source = (const char*)fs_blur_vertical_source_hlsl5;
            desc.fragment_func.d3d11_target = "ps_5_0";
            desc.fragment_func.entry = "main";
            desc.attrs[0].base_type = SG_SHADERATTRBASETYPE_FLOAT;
            desc.attrs[0].hlsl_sem_name = "TEXCOORD";
            desc.attrs[0].hlsl_sem_index = 0;
            desc.attrs[1].base_type = SG_SHADERATTRBASETYPE_FLOAT;
            desc.attrs[1].hlsl_sem_name = "TEXCOORD";
            desc.attrs[1].hlsl_sem_index = 1;
            desc.uniform_blocks[0].stage = SG_SHADERSTAGE_FRAGMENT;
            desc.uniform_blocks[0].layout = SG_UNIFORMLAYOUT_STD140;
            desc.uniform_blocks[0].size = 64;
            desc.uniform_blocks[0].hlsl_register_b_n = 0;
            desc.views[0].texture.stage = SG_SHADERSTAGE_FRAGMENT;
            desc.views[0].texture.image_type = SG_IMAGETYPE_2D;
            desc.views[0].texture.sample_type = SG_IMAGESAMPLETYPE_FLOAT;
            desc.views[0].texture.multisampled = false;
            desc.views[0].texture.hlsl_register_t_n = 0;
            desc.samplers[0].stage = SG_SHADERSTAGE_FRAGMENT;
            desc.samplers[0].sampler_type = SG_SAMPLERTYPE_FILTERING;
            desc.samplers[0].hlsl_register_s_n = 0;
            desc.texture_sampler_pairs[0].stage = SG_SHADERSTAGE_FRAGMENT;
            desc.texture_sampler_pairs[0].view_slot = 0;
            desc.texture_sampler_pairs[0].sampler_slot = 0;
            desc.label = "tcx_flow_blur_vertical_shader";
        }
        return &desc;
    }
    if (backend == SG_BACKEND_METAL_MACOS) {
        static sg_shader_desc desc;
        static bool valid;
        if (!valid) {
            valid = true;
            desc.vertex_func.source = (const char*)vs_source_metal_macos;
            desc.vertex_func.entry = "main0";
            desc.fragment_func.source = (const char*)fs_blur_vertical_source_metal_macos;
            desc.fragment_func.entry = "main0";
            desc.attrs[0].base_type = SG_SHADERATTRBASETYPE_FLOAT;
            desc.attrs[1].base_type = SG_SHADERATTRBASETYPE_FLOAT;
            desc.uniform_blocks[0].stage = SG_SHADERSTAGE_FRAGMENT;
            desc.uniform_blocks[0].layout = SG_UNIFORMLAYOUT_STD140;
            desc.uniform_blocks[0].size = 64;
            desc.uniform_blocks[0].msl_buffer_n = 0;
            desc.views[0].texture.stage = SG_SHADERSTAGE_FRAGMENT;
            desc.views[0].texture.image_type = SG_IMAGETYPE_2D;
            desc.views[0].texture.sample_type = SG_IMAGESAMPLETYPE_FLOAT;
            desc.views[0].texture.multisampled = false;
            desc.views[0].texture.msl_texture_n = 0;
            desc.samplers[0].stage = SG_SHADERSTAGE_FRAGMENT;
            desc.samplers[0].sampler_type = SG_SAMPLERTYPE_FILTERING;
            desc.samplers[0].msl_sampler_n = 0;
            desc.texture_sampler_pairs[0].stage = SG_SHADERSTAGE_FRAGMENT;
            desc.texture_sampler_pairs[0].view_slot = 0;
            desc.texture_sampler_pairs[0].sampler_slot = 0;
            desc.label = "tcx_flow_blur_vertical_shader";
        }
        return &desc;
    }
    if (backend == SG_BACKEND_WGPU) {
        static sg_shader_desc desc;
        static bool valid;
        if (!valid) {
            valid = true;
            desc.vertex_func.source = (const char*)vs_source_wgsl;
            desc.vertex_func.entry = "main";
            desc.fragment_func.source = (const char*)fs_blur_vertical_source_wgsl;
            desc.fragment_func.entry = "main";
            desc.attrs[0].base_type = SG_SHADERATTRBASETYPE_FLOAT;
            desc.attrs[1].base_type = SG_SHADERATTRBASETYPE_FLOAT;
            desc.uniform_blocks[0].stage = SG_SHADERSTAGE_FRAGMENT;
            desc.uniform_blocks[0].layout = SG_UNIFORMLAYOUT_STD140;
            desc.uniform_blocks[0].size = 64;
            desc.uniform_blocks[0].wgsl_group0_binding_n = 0;
            desc.views[0].texture.stage = SG_SHADERSTAGE_FRAGMENT;
            desc.views[0].texture.image_type = SG_IMAGETYPE_2D;
            desc.views[0].texture.sample_type = SG_IMAGESAMPLETYPE_FLOAT;
            desc.views[0].texture.multisampled = false;
            desc.views[0].texture.wgsl_group1_binding_n = 0;
            desc.samplers[0].stage = SG_SHADERSTAGE_FRAGMENT;
            desc.samplers[0].sampler_type = SG_SAMPLERTYPE_FILTERING;
            desc.samplers[0].wgsl_group1_binding_n = 32;
            desc.texture_sampler_pairs[0].stage = SG_SHADERSTAGE_FRAGMENT;
            desc.texture_sampler_pairs[0].view_slot = 0;
            desc.texture_sampler_pairs[0].sampler_slot = 0;
            desc.label = "tcx_flow_blur_vertical_shader";
        }
        return &desc;
    }
    return 0;
}
static inline const sg_shader_desc* tcx_flow_clear_shader_desc(sg_backend backend) {
    if (backend == SG_BACKEND_GLES3) {
        static sg_shader_desc desc;
        static bool valid;
        if (!valid) {
            valid = true;
            desc.vertex_func.source = (const char*)vs_source_glsl300es;
            desc.vertex_func.entry = "main";
            desc.fragment_func.source = (const char*)fs_clear_source_glsl300es;
            desc.fragment_func.entry = "main";
            desc.attrs[0].base_type = SG_SHADERATTRBASETYPE_FLOAT;
            desc.attrs[0].glsl_name = "position";
            desc.attrs[1].base_type = SG_SHADERATTRBASETYPE_FLOAT;
            desc.attrs[1].glsl_name = "texcoord0";
            desc.uniform_blocks[0].stage = SG_SHADERSTAGE_FRAGMENT;
            desc.uniform_blocks[0].layout = SG_UNIFORMLAYOUT_STD140;
            desc.uniform_blocks[0].size = 64;
            desc.uniform_blocks[0].glsl_uniforms[0].type = SG_UNIFORMTYPE_FLOAT4;
            desc.uniform_blocks[0].glsl_uniforms[0].array_count = 4;
            desc.uniform_blocks[0].glsl_uniforms[0].glsl_name = "common_params";
            desc.label = "tcx_flow_clear_shader";
        }
        return &desc;
    }
    if (backend == SG_BACKEND_D3D11) {
        static sg_shader_desc desc;
        static bool valid;
        if (!valid) {
            valid = true;
            desc.vertex_func.source = (const char*)vs_source_hlsl5;
            desc.vertex_func.d3d11_target = "vs_5_0";
            desc.vertex_func.entry = "main";
            desc.fragment_func.source = (const char*)fs_clear_source_hlsl5;
            desc.fragment_func.d3d11_target = "ps_5_0";
            desc.fragment_func.entry = "main";
            desc.attrs[0].base_type = SG_SHADERATTRBASETYPE_FLOAT;
            desc.attrs[0].hlsl_sem_name = "TEXCOORD";
            desc.attrs[0].hlsl_sem_index = 0;
            desc.attrs[1].base_type = SG_SHADERATTRBASETYPE_FLOAT;
            desc.attrs[1].hlsl_sem_name = "TEXCOORD";
            desc.attrs[1].hlsl_sem_index = 1;
            desc.uniform_blocks[0].stage = SG_SHADERSTAGE_FRAGMENT;
            desc.uniform_blocks[0].layout = SG_UNIFORMLAYOUT_STD140;
            desc.uniform_blocks[0].size = 64;
            desc.uniform_blocks[0].hlsl_register_b_n = 0;
            desc.label = "tcx_flow_clear_shader";
        }
        return &desc;
    }
    if (backend == SG_BACKEND_METAL_MACOS) {
        static sg_shader_desc desc;
        static bool valid;
        if (!valid) {
            valid = true;
            desc.vertex_func.source = (const char*)vs_source_metal_macos;
            desc.vertex_func.entry = "main0";
            desc.fragment_func.source = (const char*)fs_clear_source_metal_macos;
            desc.fragment_func.entry = "main0";
            desc.attrs[0].base_type = SG_SHADERATTRBASETYPE_FLOAT;
            desc.attrs[1].base_type = SG_SHADERATTRBASETYPE_FLOAT;
            desc.uniform_blocks[0].stage = SG_SHADERSTAGE_FRAGMENT;
            desc.uniform_blocks[0].layout = SG_UNIFORMLAYOUT_STD140;
            desc.uniform_blocks[0].size = 64;
            desc.uniform_blocks[0].msl_buffer_n = 0;
            desc.label = "tcx_flow_clear_shader";
        }
        return &desc;
    }
    if (backend == SG_BACKEND_WGPU) {
        static sg_shader_desc desc;
        static bool valid;
        if (!valid) {
            valid = true;
            desc.vertex_func.source = (const char*)vs_source_wgsl;
            desc.vertex_func.entry = "main";
            desc.fragment_func.source = (const char*)fs_clear_source_wgsl;
            desc.fragment_func.entry = "main";
            desc.attrs[0].base_type = SG_SHADERATTRBASETYPE_FLOAT;
            desc.attrs[1].base_type = SG_SHADERATTRBASETYPE_FLOAT;
            desc.uniform_blocks[0].stage = SG_SHADERSTAGE_FRAGMENT;
            desc.uniform_blocks[0].layout = SG_UNIFORMLAYOUT_STD140;
            desc.uniform_blocks[0].size = 64;
            desc.uniform_blocks[0].wgsl_group0_binding_n = 0;
            desc.label = "tcx_flow_clear_shader";
        }
        return &desc;
    }
    return 0;
}
static inline const sg_shader_desc* tcx_flow_copy_shader_desc(sg_backend backend) {
    if (backend == SG_BACKEND_GLES3) {
        static sg_shader_desc desc;
        static bool valid;
        if (!valid) {
            valid = true;
            desc.vertex_func.source = (const char*)vs_source_glsl300es;
            desc.vertex_func.entry = "main";
            desc.fragment_func.source = (const char*)fs_copy_source_glsl300es;
            desc.fragment_func.entry = "main";
            desc.attrs[0].base_type = SG_SHADERATTRBASETYPE_FLOAT;
            desc.attrs[0].glsl_name = "position";
            desc.attrs[1].base_type = SG_SHADERATTRBASETYPE_FLOAT;
            desc.attrs[1].glsl_name = "texcoord0";
            desc.uniform_blocks[0].stage = SG_SHADERSTAGE_FRAGMENT;
            desc.uniform_blocks[0].layout = SG_UNIFORMLAYOUT_STD140;
            desc.uniform_blocks[0].size = 64;
            desc.uniform_blocks[0].glsl_uniforms[0].type = SG_UNIFORMTYPE_FLOAT4;
            desc.uniform_blocks[0].glsl_uniforms[0].array_count = 4;
            desc.uniform_blocks[0].glsl_uniforms[0].glsl_name = "common_params";
            desc.views[0].texture.stage = SG_SHADERSTAGE_FRAGMENT;
            desc.views[0].texture.image_type = SG_IMAGETYPE_2D;
            desc.views[0].texture.sample_type = SG_IMAGESAMPLETYPE_FLOAT;
            desc.views[0].texture.multisampled = false;
            desc.samplers[0].stage = SG_SHADERSTAGE_FRAGMENT;
            desc.samplers[0].sampler_type = SG_SAMPLERTYPE_FILTERING;
            desc.texture_sampler_pairs[0].stage = SG_SHADERSTAGE_FRAGMENT;
            desc.texture_sampler_pairs[0].view_slot = 0;
            desc.texture_sampler_pairs[0].sampler_slot = 0;
            desc.texture_sampler_pairs[0].glsl_name = "sourceTex_sourceSmp";
            desc.label = "tcx_flow_copy_shader";
        }
        return &desc;
    }
    if (backend == SG_BACKEND_D3D11) {
        static sg_shader_desc desc;
        static bool valid;
        if (!valid) {
            valid = true;
            desc.vertex_func.source = (const char*)vs_source_hlsl5;
            desc.vertex_func.d3d11_target = "vs_5_0";
            desc.vertex_func.entry = "main";
            desc.fragment_func.source = (const char*)fs_copy_source_hlsl5;
            desc.fragment_func.d3d11_target = "ps_5_0";
            desc.fragment_func.entry = "main";
            desc.attrs[0].base_type = SG_SHADERATTRBASETYPE_FLOAT;
            desc.attrs[0].hlsl_sem_name = "TEXCOORD";
            desc.attrs[0].hlsl_sem_index = 0;
            desc.attrs[1].base_type = SG_SHADERATTRBASETYPE_FLOAT;
            desc.attrs[1].hlsl_sem_name = "TEXCOORD";
            desc.attrs[1].hlsl_sem_index = 1;
            desc.uniform_blocks[0].stage = SG_SHADERSTAGE_FRAGMENT;
            desc.uniform_blocks[0].layout = SG_UNIFORMLAYOUT_STD140;
            desc.uniform_blocks[0].size = 64;
            desc.uniform_blocks[0].hlsl_register_b_n = 0;
            desc.views[0].texture.stage = SG_SHADERSTAGE_FRAGMENT;
            desc.views[0].texture.image_type = SG_IMAGETYPE_2D;
            desc.views[0].texture.sample_type = SG_IMAGESAMPLETYPE_FLOAT;
            desc.views[0].texture.multisampled = false;
            desc.views[0].texture.hlsl_register_t_n = 0;
            desc.samplers[0].stage = SG_SHADERSTAGE_FRAGMENT;
            desc.samplers[0].sampler_type = SG_SAMPLERTYPE_FILTERING;
            desc.samplers[0].hlsl_register_s_n = 0;
            desc.texture_sampler_pairs[0].stage = SG_SHADERSTAGE_FRAGMENT;
            desc.texture_sampler_pairs[0].view_slot = 0;
            desc.texture_sampler_pairs[0].sampler_slot = 0;
            desc.label = "tcx_flow_copy_shader";
        }
        return &desc;
    }
    if (backend == SG_BACKEND_METAL_MACOS) {
        static sg_shader_desc desc;
        static bool valid;
        if (!valid) {
            valid = true;
            desc.vertex_func.source = (const char*)vs_source_metal_macos;
            desc.vertex_func.entry = "main0";
            desc.fragment_func.source = (const char*)fs_copy_source_metal_macos;
            desc.fragment_func.entry = "main0";
            desc.attrs[0].base_type = SG_SHADERATTRBASETYPE_FLOAT;
            desc.attrs[1].base_type = SG_SHADERATTRBASETYPE_FLOAT;
            desc.uniform_blocks[0].stage = SG_SHADERSTAGE_FRAGMENT;
            desc.uniform_blocks[0].layout = SG_UNIFORMLAYOUT_STD140;
            desc.uniform_blocks[0].size = 64;
            desc.uniform_blocks[0].msl_buffer_n = 0;
            desc.views[0].texture.stage = SG_SHADERSTAGE_FRAGMENT;
            desc.views[0].texture.image_type = SG_IMAGETYPE_2D;
            desc.views[0].texture.sample_type = SG_IMAGESAMPLETYPE_FLOAT;
            desc.views[0].texture.multisampled = false;
            desc.views[0].texture.msl_texture_n = 0;
            desc.samplers[0].stage = SG_SHADERSTAGE_FRAGMENT;
            desc.samplers[0].sampler_type = SG_SAMPLERTYPE_FILTERING;
            desc.samplers[0].msl_sampler_n = 0;
            desc.texture_sampler_pairs[0].stage = SG_SHADERSTAGE_FRAGMENT;
            desc.texture_sampler_pairs[0].view_slot = 0;
            desc.texture_sampler_pairs[0].sampler_slot = 0;
            desc.label = "tcx_flow_copy_shader";
        }
        return &desc;
    }
    if (backend == SG_BACKEND_WGPU) {
        static sg_shader_desc desc;
        static bool valid;
        if (!valid) {
            valid = true;
            desc.vertex_func.source = (const char*)vs_source_wgsl;
            desc.vertex_func.entry = "main";
            desc.fragment_func.source = (const char*)fs_copy_source_wgsl;
            desc.fragment_func.entry = "main";
            desc.attrs[0].base_type = SG_SHADERATTRBASETYPE_FLOAT;
            desc.attrs[1].base_type = SG_SHADERATTRBASETYPE_FLOAT;
            desc.uniform_blocks[0].stage = SG_SHADERSTAGE_FRAGMENT;
            desc.uniform_blocks[0].layout = SG_UNIFORMLAYOUT_STD140;
            desc.uniform_blocks[0].size = 64;
            desc.uniform_blocks[0].wgsl_group0_binding_n = 0;
            desc.views[0].texture.stage = SG_SHADERSTAGE_FRAGMENT;
            desc.views[0].texture.image_type = SG_IMAGETYPE_2D;
            desc.views[0].texture.sample_type = SG_IMAGESAMPLETYPE_FLOAT;
            desc.views[0].texture.multisampled = false;
            desc.views[0].texture.wgsl_group1_binding_n = 0;
            desc.samplers[0].stage = SG_SHADERSTAGE_FRAGMENT;
            desc.samplers[0].sampler_type = SG_SAMPLERTYPE_FILTERING;
            desc.samplers[0].wgsl_group1_binding_n = 32;
            desc.texture_sampler_pairs[0].stage = SG_SHADERSTAGE_FRAGMENT;
            desc.texture_sampler_pairs[0].view_slot = 0;
            desc.texture_sampler_pairs[0].sampler_slot = 0;
            desc.label = "tcx_flow_copy_shader";
        }
        return &desc;
    }
    return 0;
}
static inline const sg_shader_desc* tcx_flow_difference_shader_desc(sg_backend backend) {
    if (backend == SG_BACKEND_GLES3) {
        static sg_shader_desc desc;
        static bool valid;
        if (!valid) {
            valid = true;
            desc.vertex_func.source = (const char*)vs_source_glsl300es;
            desc.vertex_func.entry = "main";
            desc.fragment_func.source = (const char*)fs_difference_source_glsl300es;
            desc.fragment_func.entry = "main";
            desc.attrs[0].base_type = SG_SHADERATTRBASETYPE_FLOAT;
            desc.attrs[0].glsl_name = "position";
            desc.attrs[1].base_type = SG_SHADERATTRBASETYPE_FLOAT;
            desc.attrs[1].glsl_name = "texcoord0";
            desc.uniform_blocks[0].stage = SG_SHADERSTAGE_FRAGMENT;
            desc.uniform_blocks[0].layout = SG_UNIFORMLAYOUT_STD140;
            desc.uniform_blocks[0].size = 64;
            desc.uniform_blocks[0].glsl_uniforms[0].type = SG_UNIFORMTYPE_FLOAT4;
            desc.uniform_blocks[0].glsl_uniforms[0].array_count = 4;
            desc.uniform_blocks[0].glsl_uniforms[0].glsl_name = "common_params";
            desc.views[0].texture.stage = SG_SHADERSTAGE_FRAGMENT;
            desc.views[0].texture.image_type = SG_IMAGETYPE_2D;
            desc.views[0].texture.sample_type = SG_IMAGESAMPLETYPE_FLOAT;
            desc.views[0].texture.multisampled = false;
            desc.views[1].texture.stage = SG_SHADERSTAGE_FRAGMENT;
            desc.views[1].texture.image_type = SG_IMAGETYPE_2D;
            desc.views[1].texture.sample_type = SG_IMAGESAMPLETYPE_FLOAT;
            desc.views[1].texture.multisampled = false;
            desc.samplers[0].stage = SG_SHADERSTAGE_FRAGMENT;
            desc.samplers[0].sampler_type = SG_SAMPLERTYPE_FILTERING;
            desc.samplers[1].stage = SG_SHADERSTAGE_FRAGMENT;
            desc.samplers[1].sampler_type = SG_SAMPLERTYPE_FILTERING;
            desc.texture_sampler_pairs[0].stage = SG_SHADERSTAGE_FRAGMENT;
            desc.texture_sampler_pairs[0].view_slot = 0;
            desc.texture_sampler_pairs[0].sampler_slot = 0;
            desc.texture_sampler_pairs[0].glsl_name = "sourceTex_sourceSmp";
            desc.texture_sampler_pairs[1].stage = SG_SHADERSTAGE_FRAGMENT;
            desc.texture_sampler_pairs[1].view_slot = 1;
            desc.texture_sampler_pairs[1].sampler_slot = 1;
            desc.texture_sampler_pairs[1].glsl_name = "compareTex_compareSmp";
            desc.label = "tcx_flow_difference_shader";
        }
        return &desc;
    }
    if (backend == SG_BACKEND_D3D11) {
        static sg_shader_desc desc;
        static bool valid;
        if (!valid) {
            valid = true;
            desc.vertex_func.source = (const char*)vs_source_hlsl5;
            desc.vertex_func.d3d11_target = "vs_5_0";
            desc.vertex_func.entry = "main";
            desc.fragment_func.source = (const char*)fs_difference_source_hlsl5;
            desc.fragment_func.d3d11_target = "ps_5_0";
            desc.fragment_func.entry = "main";
            desc.attrs[0].base_type = SG_SHADERATTRBASETYPE_FLOAT;
            desc.attrs[0].hlsl_sem_name = "TEXCOORD";
            desc.attrs[0].hlsl_sem_index = 0;
            desc.attrs[1].base_type = SG_SHADERATTRBASETYPE_FLOAT;
            desc.attrs[1].hlsl_sem_name = "TEXCOORD";
            desc.attrs[1].hlsl_sem_index = 1;
            desc.uniform_blocks[0].stage = SG_SHADERSTAGE_FRAGMENT;
            desc.uniform_blocks[0].layout = SG_UNIFORMLAYOUT_STD140;
            desc.uniform_blocks[0].size = 64;
            desc.uniform_blocks[0].hlsl_register_b_n = 0;
            desc.views[0].texture.stage = SG_SHADERSTAGE_FRAGMENT;
            desc.views[0].texture.image_type = SG_IMAGETYPE_2D;
            desc.views[0].texture.sample_type = SG_IMAGESAMPLETYPE_FLOAT;
            desc.views[0].texture.multisampled = false;
            desc.views[0].texture.hlsl_register_t_n = 0;
            desc.views[1].texture.stage = SG_SHADERSTAGE_FRAGMENT;
            desc.views[1].texture.image_type = SG_IMAGETYPE_2D;
            desc.views[1].texture.sample_type = SG_IMAGESAMPLETYPE_FLOAT;
            desc.views[1].texture.multisampled = false;
            desc.views[1].texture.hlsl_register_t_n = 1;
            desc.samplers[0].stage = SG_SHADERSTAGE_FRAGMENT;
            desc.samplers[0].sampler_type = SG_SAMPLERTYPE_FILTERING;
            desc.samplers[0].hlsl_register_s_n = 0;
            desc.samplers[1].stage = SG_SHADERSTAGE_FRAGMENT;
            desc.samplers[1].sampler_type = SG_SAMPLERTYPE_FILTERING;
            desc.samplers[1].hlsl_register_s_n = 1;
            desc.texture_sampler_pairs[0].stage = SG_SHADERSTAGE_FRAGMENT;
            desc.texture_sampler_pairs[0].view_slot = 0;
            desc.texture_sampler_pairs[0].sampler_slot = 0;
            desc.texture_sampler_pairs[1].stage = SG_SHADERSTAGE_FRAGMENT;
            desc.texture_sampler_pairs[1].view_slot = 1;
            desc.texture_sampler_pairs[1].sampler_slot = 1;
            desc.label = "tcx_flow_difference_shader";
        }
        return &desc;
    }
    if (backend == SG_BACKEND_METAL_MACOS) {
        static sg_shader_desc desc;
        static bool valid;
        if (!valid) {
            valid = true;
            desc.vertex_func.source = (const char*)vs_source_metal_macos;
            desc.vertex_func.entry = "main0";
            desc.fragment_func.source = (const char*)fs_difference_source_metal_macos;
            desc.fragment_func.entry = "main0";
            desc.attrs[0].base_type = SG_SHADERATTRBASETYPE_FLOAT;
            desc.attrs[1].base_type = SG_SHADERATTRBASETYPE_FLOAT;
            desc.uniform_blocks[0].stage = SG_SHADERSTAGE_FRAGMENT;
            desc.uniform_blocks[0].layout = SG_UNIFORMLAYOUT_STD140;
            desc.uniform_blocks[0].size = 64;
            desc.uniform_blocks[0].msl_buffer_n = 0;
            desc.views[0].texture.stage = SG_SHADERSTAGE_FRAGMENT;
            desc.views[0].texture.image_type = SG_IMAGETYPE_2D;
            desc.views[0].texture.sample_type = SG_IMAGESAMPLETYPE_FLOAT;
            desc.views[0].texture.multisampled = false;
            desc.views[0].texture.msl_texture_n = 0;
            desc.views[1].texture.stage = SG_SHADERSTAGE_FRAGMENT;
            desc.views[1].texture.image_type = SG_IMAGETYPE_2D;
            desc.views[1].texture.sample_type = SG_IMAGESAMPLETYPE_FLOAT;
            desc.views[1].texture.multisampled = false;
            desc.views[1].texture.msl_texture_n = 1;
            desc.samplers[0].stage = SG_SHADERSTAGE_FRAGMENT;
            desc.samplers[0].sampler_type = SG_SAMPLERTYPE_FILTERING;
            desc.samplers[0].msl_sampler_n = 0;
            desc.samplers[1].stage = SG_SHADERSTAGE_FRAGMENT;
            desc.samplers[1].sampler_type = SG_SAMPLERTYPE_FILTERING;
            desc.samplers[1].msl_sampler_n = 1;
            desc.texture_sampler_pairs[0].stage = SG_SHADERSTAGE_FRAGMENT;
            desc.texture_sampler_pairs[0].view_slot = 0;
            desc.texture_sampler_pairs[0].sampler_slot = 0;
            desc.texture_sampler_pairs[1].stage = SG_SHADERSTAGE_FRAGMENT;
            desc.texture_sampler_pairs[1].view_slot = 1;
            desc.texture_sampler_pairs[1].sampler_slot = 1;
            desc.label = "tcx_flow_difference_shader";
        }
        return &desc;
    }
    if (backend == SG_BACKEND_WGPU) {
        static sg_shader_desc desc;
        static bool valid;
        if (!valid) {
            valid = true;
            desc.vertex_func.source = (const char*)vs_source_wgsl;
            desc.vertex_func.entry = "main";
            desc.fragment_func.source = (const char*)fs_difference_source_wgsl;
            desc.fragment_func.entry = "main";
            desc.attrs[0].base_type = SG_SHADERATTRBASETYPE_FLOAT;
            desc.attrs[1].base_type = SG_SHADERATTRBASETYPE_FLOAT;
            desc.uniform_blocks[0].stage = SG_SHADERSTAGE_FRAGMENT;
            desc.uniform_blocks[0].layout = SG_UNIFORMLAYOUT_STD140;
            desc.uniform_blocks[0].size = 64;
            desc.uniform_blocks[0].wgsl_group0_binding_n = 0;
            desc.views[0].texture.stage = SG_SHADERSTAGE_FRAGMENT;
            desc.views[0].texture.image_type = SG_IMAGETYPE_2D;
            desc.views[0].texture.sample_type = SG_IMAGESAMPLETYPE_FLOAT;
            desc.views[0].texture.multisampled = false;
            desc.views[0].texture.wgsl_group1_binding_n = 0;
            desc.views[1].texture.stage = SG_SHADERSTAGE_FRAGMENT;
            desc.views[1].texture.image_type = SG_IMAGETYPE_2D;
            desc.views[1].texture.sample_type = SG_IMAGESAMPLETYPE_FLOAT;
            desc.views[1].texture.multisampled = false;
            desc.views[1].texture.wgsl_group1_binding_n = 1;
            desc.samplers[0].stage = SG_SHADERSTAGE_FRAGMENT;
            desc.samplers[0].sampler_type = SG_SAMPLERTYPE_FILTERING;
            desc.samplers[0].wgsl_group1_binding_n = 32;
            desc.samplers[1].stage = SG_SHADERSTAGE_FRAGMENT;
            desc.samplers[1].sampler_type = SG_SAMPLERTYPE_FILTERING;
            desc.samplers[1].wgsl_group1_binding_n = 33;
            desc.texture_sampler_pairs[0].stage = SG_SHADERSTAGE_FRAGMENT;
            desc.texture_sampler_pairs[0].view_slot = 0;
            desc.texture_sampler_pairs[0].sampler_slot = 0;
            desc.texture_sampler_pairs[1].stage = SG_SHADERSTAGE_FRAGMENT;
            desc.texture_sampler_pairs[1].view_slot = 1;
            desc.texture_sampler_pairs[1].sampler_slot = 1;
            desc.label = "tcx_flow_difference_shader";
        }
        return &desc;
    }
    return 0;
}
static inline const sg_shader_desc* tcx_flow_luminance_shader_desc(sg_backend backend) {
    if (backend == SG_BACKEND_GLES3) {
        static sg_shader_desc desc;
        static bool valid;
        if (!valid) {
            valid = true;
            desc.vertex_func.source = (const char*)vs_source_glsl300es;
            desc.vertex_func.entry = "main";
            desc.fragment_func.source = (const char*)fs_luminance_source_glsl300es;
            desc.fragment_func.entry = "main";
            desc.attrs[0].base_type = SG_SHADERATTRBASETYPE_FLOAT;
            desc.attrs[0].glsl_name = "position";
            desc.attrs[1].base_type = SG_SHADERATTRBASETYPE_FLOAT;
            desc.attrs[1].glsl_name = "texcoord0";
            desc.uniform_blocks[0].stage = SG_SHADERSTAGE_FRAGMENT;
            desc.uniform_blocks[0].layout = SG_UNIFORMLAYOUT_STD140;
            desc.uniform_blocks[0].size = 64;
            desc.uniform_blocks[0].glsl_uniforms[0].type = SG_UNIFORMTYPE_FLOAT4;
            desc.uniform_blocks[0].glsl_uniforms[0].array_count = 4;
            desc.uniform_blocks[0].glsl_uniforms[0].glsl_name = "common_params";
            desc.views[0].texture.stage = SG_SHADERSTAGE_FRAGMENT;
            desc.views[0].texture.image_type = SG_IMAGETYPE_2D;
            desc.views[0].texture.sample_type = SG_IMAGESAMPLETYPE_FLOAT;
            desc.views[0].texture.multisampled = false;
            desc.samplers[0].stage = SG_SHADERSTAGE_FRAGMENT;
            desc.samplers[0].sampler_type = SG_SAMPLERTYPE_FILTERING;
            desc.texture_sampler_pairs[0].stage = SG_SHADERSTAGE_FRAGMENT;
            desc.texture_sampler_pairs[0].view_slot = 0;
            desc.texture_sampler_pairs[0].sampler_slot = 0;
            desc.texture_sampler_pairs[0].glsl_name = "sourceTex_sourceSmp";
            desc.label = "tcx_flow_luminance_shader";
        }
        return &desc;
    }
    if (backend == SG_BACKEND_D3D11) {
        static sg_shader_desc desc;
        static bool valid;
        if (!valid) {
            valid = true;
            desc.vertex_func.source = (const char*)vs_source_hlsl5;
            desc.vertex_func.d3d11_target = "vs_5_0";
            desc.vertex_func.entry = "main";
            desc.fragment_func.source = (const char*)fs_luminance_source_hlsl5;
            desc.fragment_func.d3d11_target = "ps_5_0";
            desc.fragment_func.entry = "main";
            desc.attrs[0].base_type = SG_SHADERATTRBASETYPE_FLOAT;
            desc.attrs[0].hlsl_sem_name = "TEXCOORD";
            desc.attrs[0].hlsl_sem_index = 0;
            desc.attrs[1].base_type = SG_SHADERATTRBASETYPE_FLOAT;
            desc.attrs[1].hlsl_sem_name = "TEXCOORD";
            desc.attrs[1].hlsl_sem_index = 1;
            desc.uniform_blocks[0].stage = SG_SHADERSTAGE_FRAGMENT;
            desc.uniform_blocks[0].layout = SG_UNIFORMLAYOUT_STD140;
            desc.uniform_blocks[0].size = 64;
            desc.uniform_blocks[0].hlsl_register_b_n = 0;
            desc.views[0].texture.stage = SG_SHADERSTAGE_FRAGMENT;
            desc.views[0].texture.image_type = SG_IMAGETYPE_2D;
            desc.views[0].texture.sample_type = SG_IMAGESAMPLETYPE_FLOAT;
            desc.views[0].texture.multisampled = false;
            desc.views[0].texture.hlsl_register_t_n = 0;
            desc.samplers[0].stage = SG_SHADERSTAGE_FRAGMENT;
            desc.samplers[0].sampler_type = SG_SAMPLERTYPE_FILTERING;
            desc.samplers[0].hlsl_register_s_n = 0;
            desc.texture_sampler_pairs[0].stage = SG_SHADERSTAGE_FRAGMENT;
            desc.texture_sampler_pairs[0].view_slot = 0;
            desc.texture_sampler_pairs[0].sampler_slot = 0;
            desc.label = "tcx_flow_luminance_shader";
        }
        return &desc;
    }
    if (backend == SG_BACKEND_METAL_MACOS) {
        static sg_shader_desc desc;
        static bool valid;
        if (!valid) {
            valid = true;
            desc.vertex_func.source = (const char*)vs_source_metal_macos;
            desc.vertex_func.entry = "main0";
            desc.fragment_func.source = (const char*)fs_luminance_source_metal_macos;
            desc.fragment_func.entry = "main0";
            desc.attrs[0].base_type = SG_SHADERATTRBASETYPE_FLOAT;
            desc.attrs[1].base_type = SG_SHADERATTRBASETYPE_FLOAT;
            desc.uniform_blocks[0].stage = SG_SHADERSTAGE_FRAGMENT;
            desc.uniform_blocks[0].layout = SG_UNIFORMLAYOUT_STD140;
            desc.uniform_blocks[0].size = 64;
            desc.uniform_blocks[0].msl_buffer_n = 0;
            desc.views[0].texture.stage = SG_SHADERSTAGE_FRAGMENT;
            desc.views[0].texture.image_type = SG_IMAGETYPE_2D;
            desc.views[0].texture.sample_type = SG_IMAGESAMPLETYPE_FLOAT;
            desc.views[0].texture.multisampled = false;
            desc.views[0].texture.msl_texture_n = 0;
            desc.samplers[0].stage = SG_SHADERSTAGE_FRAGMENT;
            desc.samplers[0].sampler_type = SG_SAMPLERTYPE_FILTERING;
            desc.samplers[0].msl_sampler_n = 0;
            desc.texture_sampler_pairs[0].stage = SG_SHADERSTAGE_FRAGMENT;
            desc.texture_sampler_pairs[0].view_slot = 0;
            desc.texture_sampler_pairs[0].sampler_slot = 0;
            desc.label = "tcx_flow_luminance_shader";
        }
        return &desc;
    }
    if (backend == SG_BACKEND_WGPU) {
        static sg_shader_desc desc;
        static bool valid;
        if (!valid) {
            valid = true;
            desc.vertex_func.source = (const char*)vs_source_wgsl;
            desc.vertex_func.entry = "main";
            desc.fragment_func.source = (const char*)fs_luminance_source_wgsl;
            desc.fragment_func.entry = "main";
            desc.attrs[0].base_type = SG_SHADERATTRBASETYPE_FLOAT;
            desc.attrs[1].base_type = SG_SHADERATTRBASETYPE_FLOAT;
            desc.uniform_blocks[0].stage = SG_SHADERSTAGE_FRAGMENT;
            desc.uniform_blocks[0].layout = SG_UNIFORMLAYOUT_STD140;
            desc.uniform_blocks[0].size = 64;
            desc.uniform_blocks[0].wgsl_group0_binding_n = 0;
            desc.views[0].texture.stage = SG_SHADERSTAGE_FRAGMENT;
            desc.views[0].texture.image_type = SG_IMAGETYPE_2D;
            desc.views[0].texture.sample_type = SG_IMAGESAMPLETYPE_FLOAT;
            desc.views[0].texture.multisampled = false;
            desc.views[0].texture.wgsl_group1_binding_n = 0;
            desc.samplers[0].stage = SG_SHADERSTAGE_FRAGMENT;
            desc.samplers[0].sampler_type = SG_SAMPLERTYPE_FILTERING;
            desc.samplers[0].wgsl_group1_binding_n = 32;
            desc.texture_sampler_pairs[0].stage = SG_SHADERSTAGE_FRAGMENT;
            desc.texture_sampler_pairs[0].view_slot = 0;
            desc.texture_sampler_pairs[0].sampler_slot = 0;
            desc.label = "tcx_flow_luminance_shader";
        }
        return &desc;
    }
    return 0;
}
static inline const sg_shader_desc* tcx_flow_multiply_shader_desc(sg_backend backend) {
    if (backend == SG_BACKEND_GLES3) {
        static sg_shader_desc desc;
        static bool valid;
        if (!valid) {
            valid = true;
            desc.vertex_func.source = (const char*)vs_source_glsl300es;
            desc.vertex_func.entry = "main";
            desc.fragment_func.source = (const char*)fs_multiply_source_glsl300es;
            desc.fragment_func.entry = "main";
            desc.attrs[0].base_type = SG_SHADERATTRBASETYPE_FLOAT;
            desc.attrs[0].glsl_name = "position";
            desc.attrs[1].base_type = SG_SHADERATTRBASETYPE_FLOAT;
            desc.attrs[1].glsl_name = "texcoord0";
            desc.uniform_blocks[0].stage = SG_SHADERSTAGE_FRAGMENT;
            desc.uniform_blocks[0].layout = SG_UNIFORMLAYOUT_STD140;
            desc.uniform_blocks[0].size = 64;
            desc.uniform_blocks[0].glsl_uniforms[0].type = SG_UNIFORMTYPE_FLOAT4;
            desc.uniform_blocks[0].glsl_uniforms[0].array_count = 4;
            desc.uniform_blocks[0].glsl_uniforms[0].glsl_name = "common_params";
            desc.views[0].texture.stage = SG_SHADERSTAGE_FRAGMENT;
            desc.views[0].texture.image_type = SG_IMAGETYPE_2D;
            desc.views[0].texture.sample_type = SG_IMAGESAMPLETYPE_FLOAT;
            desc.views[0].texture.multisampled = false;
            desc.samplers[0].stage = SG_SHADERSTAGE_FRAGMENT;
            desc.samplers[0].sampler_type = SG_SAMPLERTYPE_FILTERING;
            desc.texture_sampler_pairs[0].stage = SG_SHADERSTAGE_FRAGMENT;
            desc.texture_sampler_pairs[0].view_slot = 0;
            desc.texture_sampler_pairs[0].sampler_slot = 0;
            desc.texture_sampler_pairs[0].glsl_name = "sourceTex_sourceSmp";
            desc.label = "tcx_flow_multiply_shader";
        }
        return &desc;
    }
    if (backend == SG_BACKEND_D3D11) {
        static sg_shader_desc desc;
        static bool valid;
        if (!valid) {
            valid = true;
            desc.vertex_func.source = (const char*)vs_source_hlsl5;
            desc.vertex_func.d3d11_target = "vs_5_0";
            desc.vertex_func.entry = "main";
            desc.fragment_func.source = (const char*)fs_multiply_source_hlsl5;
            desc.fragment_func.d3d11_target = "ps_5_0";
            desc.fragment_func.entry = "main";
            desc.attrs[0].base_type = SG_SHADERATTRBASETYPE_FLOAT;
            desc.attrs[0].hlsl_sem_name = "TEXCOORD";
            desc.attrs[0].hlsl_sem_index = 0;
            desc.attrs[1].base_type = SG_SHADERATTRBASETYPE_FLOAT;
            desc.attrs[1].hlsl_sem_name = "TEXCOORD";
            desc.attrs[1].hlsl_sem_index = 1;
            desc.uniform_blocks[0].stage = SG_SHADERSTAGE_FRAGMENT;
            desc.uniform_blocks[0].layout = SG_UNIFORMLAYOUT_STD140;
            desc.uniform_blocks[0].size = 64;
            desc.uniform_blocks[0].hlsl_register_b_n = 0;
            desc.views[0].texture.stage = SG_SHADERSTAGE_FRAGMENT;
            desc.views[0].texture.image_type = SG_IMAGETYPE_2D;
            desc.views[0].texture.sample_type = SG_IMAGESAMPLETYPE_FLOAT;
            desc.views[0].texture.multisampled = false;
            desc.views[0].texture.hlsl_register_t_n = 0;
            desc.samplers[0].stage = SG_SHADERSTAGE_FRAGMENT;
            desc.samplers[0].sampler_type = SG_SAMPLERTYPE_FILTERING;
            desc.samplers[0].hlsl_register_s_n = 0;
            desc.texture_sampler_pairs[0].stage = SG_SHADERSTAGE_FRAGMENT;
            desc.texture_sampler_pairs[0].view_slot = 0;
            desc.texture_sampler_pairs[0].sampler_slot = 0;
            desc.label = "tcx_flow_multiply_shader";
        }
        return &desc;
    }
    if (backend == SG_BACKEND_METAL_MACOS) {
        static sg_shader_desc desc;
        static bool valid;
        if (!valid) {
            valid = true;
            desc.vertex_func.source = (const char*)vs_source_metal_macos;
            desc.vertex_func.entry = "main0";
            desc.fragment_func.source = (const char*)fs_multiply_source_metal_macos;
            desc.fragment_func.entry = "main0";
            desc.attrs[0].base_type = SG_SHADERATTRBASETYPE_FLOAT;
            desc.attrs[1].base_type = SG_SHADERATTRBASETYPE_FLOAT;
            desc.uniform_blocks[0].stage = SG_SHADERSTAGE_FRAGMENT;
            desc.uniform_blocks[0].layout = SG_UNIFORMLAYOUT_STD140;
            desc.uniform_blocks[0].size = 64;
            desc.uniform_blocks[0].msl_buffer_n = 0;
            desc.views[0].texture.stage = SG_SHADERSTAGE_FRAGMENT;
            desc.views[0].texture.image_type = SG_IMAGETYPE_2D;
            desc.views[0].texture.sample_type = SG_IMAGESAMPLETYPE_FLOAT;
            desc.views[0].texture.multisampled = false;
            desc.views[0].texture.msl_texture_n = 0;
            desc.samplers[0].stage = SG_SHADERSTAGE_FRAGMENT;
            desc.samplers[0].sampler_type = SG_SAMPLERTYPE_FILTERING;
            desc.samplers[0].msl_sampler_n = 0;
            desc.texture_sampler_pairs[0].stage = SG_SHADERSTAGE_FRAGMENT;
            desc.texture_sampler_pairs[0].view_slot = 0;
            desc.texture_sampler_pairs[0].sampler_slot = 0;
            desc.label = "tcx_flow_multiply_shader";
        }
        return &desc;
    }
    if (backend == SG_BACKEND_WGPU) {
        static sg_shader_desc desc;
        static bool valid;
        if (!valid) {
            valid = true;
            desc.vertex_func.source = (const char*)vs_source_wgsl;
            desc.vertex_func.entry = "main";
            desc.fragment_func.source = (const char*)fs_multiply_source_wgsl;
            desc.fragment_func.entry = "main";
            desc.attrs[0].base_type = SG_SHADERATTRBASETYPE_FLOAT;
            desc.attrs[1].base_type = SG_SHADERATTRBASETYPE_FLOAT;
            desc.uniform_blocks[0].stage = SG_SHADERSTAGE_FRAGMENT;
            desc.uniform_blocks[0].layout = SG_UNIFORMLAYOUT_STD140;
            desc.uniform_blocks[0].size = 64;
            desc.uniform_blocks[0].wgsl_group0_binding_n = 0;
            desc.views[0].texture.stage = SG_SHADERSTAGE_FRAGMENT;
            desc.views[0].texture.image_type = SG_IMAGETYPE_2D;
            desc.views[0].texture.sample_type = SG_IMAGESAMPLETYPE_FLOAT;
            desc.views[0].texture.multisampled = false;
            desc.views[0].texture.wgsl_group1_binding_n = 0;
            desc.samplers[0].stage = SG_SHADERSTAGE_FRAGMENT;
            desc.samplers[0].sampler_type = SG_SAMPLERTYPE_FILTERING;
            desc.samplers[0].wgsl_group1_binding_n = 32;
            desc.texture_sampler_pairs[0].stage = SG_SHADERSTAGE_FRAGMENT;
            desc.texture_sampler_pairs[0].view_slot = 0;
            desc.texture_sampler_pairs[0].sampler_slot = 0;
            desc.label = "tcx_flow_multiply_shader";
        }
        return &desc;
    }
    return 0;
}
static inline const sg_shader_desc* tcx_flow_threshold_shader_desc(sg_backend backend) {
    if (backend == SG_BACKEND_GLES3) {
        static sg_shader_desc desc;
        static bool valid;
        if (!valid) {
            valid = true;
            desc.vertex_func.source = (const char*)vs_source_glsl300es;
            desc.vertex_func.entry = "main";
            desc.fragment_func.source = (const char*)fs_threshold_source_glsl300es;
            desc.fragment_func.entry = "main";
            desc.attrs[0].base_type = SG_SHADERATTRBASETYPE_FLOAT;
            desc.attrs[0].glsl_name = "position";
            desc.attrs[1].base_type = SG_SHADERATTRBASETYPE_FLOAT;
            desc.attrs[1].glsl_name = "texcoord0";
            desc.uniform_blocks[0].stage = SG_SHADERSTAGE_FRAGMENT;
            desc.uniform_blocks[0].layout = SG_UNIFORMLAYOUT_STD140;
            desc.uniform_blocks[0].size = 64;
            desc.uniform_blocks[0].glsl_uniforms[0].type = SG_UNIFORMTYPE_FLOAT4;
            desc.uniform_blocks[0].glsl_uniforms[0].array_count = 4;
            desc.uniform_blocks[0].glsl_uniforms[0].glsl_name = "common_params";
            desc.views[0].texture.stage = SG_SHADERSTAGE_FRAGMENT;
            desc.views[0].texture.image_type = SG_IMAGETYPE_2D;
            desc.views[0].texture.sample_type = SG_IMAGESAMPLETYPE_FLOAT;
            desc.views[0].texture.multisampled = false;
            desc.samplers[0].stage = SG_SHADERSTAGE_FRAGMENT;
            desc.samplers[0].sampler_type = SG_SAMPLERTYPE_FILTERING;
            desc.texture_sampler_pairs[0].stage = SG_SHADERSTAGE_FRAGMENT;
            desc.texture_sampler_pairs[0].view_slot = 0;
            desc.texture_sampler_pairs[0].sampler_slot = 0;
            desc.texture_sampler_pairs[0].glsl_name = "sourceTex_sourceSmp";
            desc.label = "tcx_flow_threshold_shader";
        }
        return &desc;
    }
    if (backend == SG_BACKEND_D3D11) {
        static sg_shader_desc desc;
        static bool valid;
        if (!valid) {
            valid = true;
            desc.vertex_func.source = (const char*)vs_source_hlsl5;
            desc.vertex_func.d3d11_target = "vs_5_0";
            desc.vertex_func.entry = "main";
            desc.fragment_func.source = (const char*)fs_threshold_source_hlsl5;
            desc.fragment_func.d3d11_target = "ps_5_0";
            desc.fragment_func.entry = "main";
            desc.attrs[0].base_type = SG_SHADERATTRBASETYPE_FLOAT;
            desc.attrs[0].hlsl_sem_name = "TEXCOORD";
            desc.attrs[0].hlsl_sem_index = 0;
            desc.attrs[1].base_type = SG_SHADERATTRBASETYPE_FLOAT;
            desc.attrs[1].hlsl_sem_name = "TEXCOORD";
            desc.attrs[1].hlsl_sem_index = 1;
            desc.uniform_blocks[0].stage = SG_SHADERSTAGE_FRAGMENT;
            desc.uniform_blocks[0].layout = SG_UNIFORMLAYOUT_STD140;
            desc.uniform_blocks[0].size = 64;
            desc.uniform_blocks[0].hlsl_register_b_n = 0;
            desc.views[0].texture.stage = SG_SHADERSTAGE_FRAGMENT;
            desc.views[0].texture.image_type = SG_IMAGETYPE_2D;
            desc.views[0].texture.sample_type = SG_IMAGESAMPLETYPE_FLOAT;
            desc.views[0].texture.multisampled = false;
            desc.views[0].texture.hlsl_register_t_n = 0;
            desc.samplers[0].stage = SG_SHADERSTAGE_FRAGMENT;
            desc.samplers[0].sampler_type = SG_SAMPLERTYPE_FILTERING;
            desc.samplers[0].hlsl_register_s_n = 0;
            desc.texture_sampler_pairs[0].stage = SG_SHADERSTAGE_FRAGMENT;
            desc.texture_sampler_pairs[0].view_slot = 0;
            desc.texture_sampler_pairs[0].sampler_slot = 0;
            desc.label = "tcx_flow_threshold_shader";
        }
        return &desc;
    }
    if (backend == SG_BACKEND_METAL_MACOS) {
        static sg_shader_desc desc;
        static bool valid;
        if (!valid) {
            valid = true;
            desc.vertex_func.source = (const char*)vs_source_metal_macos;
            desc.vertex_func.entry = "main0";
            desc.fragment_func.source = (const char*)fs_threshold_source_metal_macos;
            desc.fragment_func.entry = "main0";
            desc.attrs[0].base_type = SG_SHADERATTRBASETYPE_FLOAT;
            desc.attrs[1].base_type = SG_SHADERATTRBASETYPE_FLOAT;
            desc.uniform_blocks[0].stage = SG_SHADERSTAGE_FRAGMENT;
            desc.uniform_blocks[0].layout = SG_UNIFORMLAYOUT_STD140;
            desc.uniform_blocks[0].size = 64;
            desc.uniform_blocks[0].msl_buffer_n = 0;
            desc.views[0].texture.stage = SG_SHADERSTAGE_FRAGMENT;
            desc.views[0].texture.image_type = SG_IMAGETYPE_2D;
            desc.views[0].texture.sample_type = SG_IMAGESAMPLETYPE_FLOAT;
            desc.views[0].texture.multisampled = false;
            desc.views[0].texture.msl_texture_n = 0;
            desc.samplers[0].stage = SG_SHADERSTAGE_FRAGMENT;
            desc.samplers[0].sampler_type = SG_SAMPLERTYPE_FILTERING;
            desc.samplers[0].msl_sampler_n = 0;
            desc.texture_sampler_pairs[0].stage = SG_SHADERSTAGE_FRAGMENT;
            desc.texture_sampler_pairs[0].view_slot = 0;
            desc.texture_sampler_pairs[0].sampler_slot = 0;
            desc.label = "tcx_flow_threshold_shader";
        }
        return &desc;
    }
    if (backend == SG_BACKEND_WGPU) {
        static sg_shader_desc desc;
        static bool valid;
        if (!valid) {
            valid = true;
            desc.vertex_func.source = (const char*)vs_source_wgsl;
            desc.vertex_func.entry = "main";
            desc.fragment_func.source = (const char*)fs_threshold_source_wgsl;
            desc.fragment_func.entry = "main";
            desc.attrs[0].base_type = SG_SHADERATTRBASETYPE_FLOAT;
            desc.attrs[1].base_type = SG_SHADERATTRBASETYPE_FLOAT;
            desc.uniform_blocks[0].stage = SG_SHADERSTAGE_FRAGMENT;
            desc.uniform_blocks[0].layout = SG_UNIFORMLAYOUT_STD140;
            desc.uniform_blocks[0].size = 64;
            desc.uniform_blocks[0].wgsl_group0_binding_n = 0;
            desc.views[0].texture.stage = SG_SHADERSTAGE_FRAGMENT;
            desc.views[0].texture.image_type = SG_IMAGETYPE_2D;
            desc.views[0].texture.sample_type = SG_IMAGESAMPLETYPE_FLOAT;
            desc.views[0].texture.multisampled = false;
            desc.views[0].texture.wgsl_group1_binding_n = 0;
            desc.samplers[0].stage = SG_SHADERSTAGE_FRAGMENT;
            desc.samplers[0].sampler_type = SG_SAMPLERTYPE_FILTERING;
            desc.samplers[0].wgsl_group1_binding_n = 32;
            desc.texture_sampler_pairs[0].stage = SG_SHADERSTAGE_FRAGMENT;
            desc.texture_sampler_pairs[0].view_slot = 0;
            desc.texture_sampler_pairs[0].sampler_slot = 0;
            desc.label = "tcx_flow_threshold_shader";
        }
        return &desc;
    }
    return 0;
}
