#pragma once
/*
    #version:1# (machine generated, don't edit!)

    Generated by sokol-shdc (https://github.com/floooh/sokol-tools)

    Cmdline:
        sokol-shdc --input /Users/mac/Desktop/TrussC/addons/tcxFlowTools/shaders/visualization/visualization.glsl --output /Users/mac/Desktop/TrussC/addons/tcxFlowTools/shaders/visualization/visualization.glsl.h --slang metal_macos:hlsl5:glsl300es:wgsl --format sokol

    Overview:
    =========
    Shader program: 'tcx_flow_visualize_combined':
        Get shader desc: tcx_flow_visualize_combined_shader_desc(sg_query_backend());
        Vertex Shader: visualization_vs
        Fragment Shader: fs_visualize_combined
        Attributes:
            ATTR_tcx_flow_visualize_combined_position => 0
            ATTR_tcx_flow_visualize_combined_texcoord0 => 1
    Shader program: 'tcx_flow_visualize_density':
        Get shader desc: tcx_flow_visualize_density_shader_desc(sg_query_backend());
        Vertex Shader: visualization_vs
        Fragment Shader: fs_visualize_density
        Attributes:
            ATTR_tcx_flow_visualize_density_position => 0
            ATTR_tcx_flow_visualize_density_texcoord0 => 1
    Shader program: 'tcx_flow_visualize_pressure':
        Get shader desc: tcx_flow_visualize_pressure_shader_desc(sg_query_backend());
        Vertex Shader: visualization_vs
        Fragment Shader: fs_visualize_pressure
        Attributes:
            ATTR_tcx_flow_visualize_pressure_position => 0
            ATTR_tcx_flow_visualize_pressure_texcoord0 => 1
    Shader program: 'tcx_flow_visualize_scalar':
        Get shader desc: tcx_flow_visualize_scalar_shader_desc(sg_query_backend());
        Vertex Shader: visualization_vs
        Fragment Shader: fs_visualize_scalar
        Attributes:
            ATTR_tcx_flow_visualize_scalar_position => 0
            ATTR_tcx_flow_visualize_scalar_texcoord0 => 1
    Shader program: 'tcx_flow_visualize_temperature':
        Get shader desc: tcx_flow_visualize_temperature_shader_desc(sg_query_backend());
        Vertex Shader: visualization_vs
        Fragment Shader: fs_visualize_temperature
        Attributes:
            ATTR_tcx_flow_visualize_temperature_position => 0
            ATTR_tcx_flow_visualize_temperature_texcoord0 => 1
    Shader program: 'tcx_flow_visualize_velocity_color':
        Get shader desc: tcx_flow_visualize_velocity_color_shader_desc(sg_query_backend());
        Vertex Shader: visualization_vs
        Fragment Shader: fs_visualize_velocity_color
        Attributes:
            ATTR_tcx_flow_visualize_velocity_color_position => 0
            ATTR_tcx_flow_visualize_velocity_color_texcoord0 => 1
    Bindings:
        Uniform block 'visual_params':
            C struct: visual_params_t
            Bind slot: UB_visual_params => 0
        Texture 'combinedDensityTex':
            Image type: SG_IMAGETYPE_2D
            Sample type: SG_IMAGESAMPLETYPE_FLOAT
            Multisampled: false
            Bind slot: VIEW_combinedDensityTex => 0
        Texture 'combinedVelocityTex':
            Image type: SG_IMAGETYPE_2D
            Sample type: SG_IMAGESAMPLETYPE_FLOAT
            Multisampled: false
            Bind slot: VIEW_combinedVelocityTex => 1
        Texture 'combinedTemperatureTex':
            Image type: SG_IMAGETYPE_2D
            Sample type: SG_IMAGESAMPLETYPE_FLOAT
            Multisampled: false
            Bind slot: VIEW_combinedTemperatureTex => 2
        Texture 'visualDensityTex':
            Image type: SG_IMAGETYPE_2D
            Sample type: SG_IMAGESAMPLETYPE_FLOAT
            Multisampled: false
            Bind slot: VIEW_visualDensityTex => 0
        Texture 'visualPressureTex':
            Image type: SG_IMAGETYPE_2D
            Sample type: SG_IMAGESAMPLETYPE_FLOAT
            Multisampled: false
            Bind slot: VIEW_visualPressureTex => 0
        Texture 'visualInputTex':
            Image type: SG_IMAGETYPE_2D
            Sample type: SG_IMAGESAMPLETYPE_FLOAT
            Multisampled: false
            Bind slot: VIEW_visualInputTex => 0
        Texture 'visualTemperatureTex':
            Image type: SG_IMAGETYPE_2D
            Sample type: SG_IMAGESAMPLETYPE_FLOAT
            Multisampled: false
            Bind slot: VIEW_visualTemperatureTex => 0
        Texture 'visualVelocityTex':
            Image type: SG_IMAGETYPE_2D
            Sample type: SG_IMAGESAMPLETYPE_FLOAT
            Multisampled: false
            Bind slot: VIEW_visualVelocityTex => 0
        Sampler 'combinedDensitySmp':
            Type: SG_SAMPLERTYPE_FILTERING
            Bind slot: SMP_combinedDensitySmp => 0
        Sampler 'combinedVelocitySmp':
            Type: SG_SAMPLERTYPE_FILTERING
            Bind slot: SMP_combinedVelocitySmp => 1
        Sampler 'combinedTemperatureSmp':
            Type: SG_SAMPLERTYPE_FILTERING
            Bind slot: SMP_combinedTemperatureSmp => 2
        Sampler 'visualDensitySmp':
            Type: SG_SAMPLERTYPE_FILTERING
            Bind slot: SMP_visualDensitySmp => 0
        Sampler 'visualPressureSmp':
            Type: SG_SAMPLERTYPE_FILTERING
            Bind slot: SMP_visualPressureSmp => 0
        Sampler 'visualInputSmp':
            Type: SG_SAMPLERTYPE_FILTERING
            Bind slot: SMP_visualInputSmp => 0
        Sampler 'visualTemperatureSmp':
            Type: SG_SAMPLERTYPE_FILTERING
            Bind slot: SMP_visualTemperatureSmp => 0
        Sampler 'visualVelocitySmp':
            Type: SG_SAMPLERTYPE_FILTERING
            Bind slot: SMP_visualVelocitySmp => 0
*/
#if !defined(SOKOL_GFX_INCLUDED)
#error "Please include sokol_gfx.h before visualization.glsl.h"
#endif
#if !defined(SOKOL_SHDC_ALIGN)
#if defined(_MSC_VER)
#define SOKOL_SHDC_ALIGN(a) __declspec(align(a))
#else
#define SOKOL_SHDC_ALIGN(a) __attribute__((aligned(a)))
#endif
#endif
#define ATTR_tcx_flow_visualize_combined_position (0)
#define ATTR_tcx_flow_visualize_combined_texcoord0 (1)
#define ATTR_tcx_flow_visualize_density_position (0)
#define ATTR_tcx_flow_visualize_density_texcoord0 (1)
#define ATTR_tcx_flow_visualize_pressure_position (0)
#define ATTR_tcx_flow_visualize_pressure_texcoord0 (1)
#define ATTR_tcx_flow_visualize_scalar_position (0)
#define ATTR_tcx_flow_visualize_scalar_texcoord0 (1)
#define ATTR_tcx_flow_visualize_temperature_position (0)
#define ATTR_tcx_flow_visualize_temperature_texcoord0 (1)
#define ATTR_tcx_flow_visualize_velocity_color_position (0)
#define ATTR_tcx_flow_visualize_velocity_color_texcoord0 (1)
#define UB_visual_params (0)
#define VIEW_combinedDensityTex (0)
#define VIEW_combinedVelocityTex (1)
#define VIEW_combinedTemperatureTex (2)
#define VIEW_visualDensityTex (0)
#define VIEW_visualPressureTex (0)
#define VIEW_visualInputTex (0)
#define VIEW_visualTemperatureTex (0)
#define VIEW_visualVelocityTex (0)
#define SMP_combinedDensitySmp (0)
#define SMP_combinedVelocitySmp (1)
#define SMP_combinedTemperatureSmp (2)
#define SMP_visualDensitySmp (0)
#define SMP_visualPressureSmp (0)
#define SMP_visualInputSmp (0)
#define SMP_visualTemperatureSmp (0)
#define SMP_visualVelocitySmp (0)
#pragma pack(push,1)
SOKOL_SHDC_ALIGN(16) typedef struct visual_params_t {
    float color[4];
    float resolution[4];
    float texel[4];
    float options[4];
} visual_params_t;
#pragma pack(pop)
/*
    #version 300 es

    layout(location = 0) in vec2 position;
    out vec2 uv;
    layout(location = 1) in vec2 texcoord0;

    void main()
    {
        gl_Position = vec4(position, 0.0, 1.0);
        uv = texcoord0;
    }

*/
static const uint8_t visualization_vs_source_glsl300es[192] = {
    0x23,0x76,0x65,0x72,0x73,0x69,0x6f,0x6e,0x20,0x33,0x30,0x30,0x20,0x65,0x73,0x0a,
    0x0a,0x6c,0x61,0x79,0x6f,0x75,0x74,0x28,0x6c,0x6f,0x63,0x61,0x74,0x69,0x6f,0x6e,
    0x20,0x3d,0x20,0x30,0x29,0x20,0x69,0x6e,0x20,0x76,0x65,0x63,0x32,0x20,0x70,0x6f,
    0x73,0x69,0x74,0x69,0x6f,0x6e,0x3b,0x0a,0x6f,0x75,0x74,0x20,0x76,0x65,0x63,0x32,
    0x20,0x75,0x76,0x3b,0x0a,0x6c,0x61,0x79,0x6f,0x75,0x74,0x28,0x6c,0x6f,0x63,0x61,
    0x74,0x69,0x6f,0x6e,0x20,0x3d,0x20,0x31,0x29,0x20,0x69,0x6e,0x20,0x76,0x65,0x63,
    0x32,0x20,0x74,0x65,0x78,0x63,0x6f,0x6f,0x72,0x64,0x30,0x3b,0x0a,0x0a,0x76,0x6f,
    0x69,0x64,0x20,0x6d,0x61,0x69,0x6e,0x28,0x29,0x0a,0x7b,0x0a,0x20,0x20,0x20,0x20,
    0x67,0x6c,0x5f,0x50,0x6f,0x73,0x69,0x74,0x69,0x6f,0x6e,0x20,0x3d,0x20,0x76,0x65,
    0x63,0x34,0x28,0x70,0x6f,0x73,0x69,0x74,0x69,0x6f,0x6e,0x2c,0x20,0x30,0x2e,0x30,
    0x2c,0x20,0x31,0x2e,0x30,0x29,0x3b,0x0a,0x20,0x20,0x20,0x20,0x75,0x76,0x20,0x3d,
    0x20,0x74,0x65,0x78,0x63,0x6f,0x6f,0x72,0x64,0x30,0x3b,0x0a,0x7d,0x0a,0x0a,0x00,

};
/*
    #version 300 es
    precision mediump float;
    precision highp int;

    uniform highp vec4 visual_params[4];
    uniform highp sampler2D visualInputTex_visualInputSmp;

    in highp vec2 uv;
    layout(location = 0) out highp vec4 frag_color;

    void main()
    {
        frag_color = vec4(visual_params[0].xyz * clamp(texture(visualInputTex_visualInputSmp, uv).x * visual_params[3].x, 0.0, 1.0), visual_params[0].w);
    }

*/
static const uint8_t fs_visualize_scalar_source_glsl300es[391] = {
    0x23,0x76,0x65,0x72,0x73,0x69,0x6f,0x6e,0x20,0x33,0x30,0x30,0x20,0x65,0x73,0x0a,
    0x70,0x72,0x65,0x63,0x69,0x73,0x69,0x6f,0x6e,0x20,0x6d,0x65,0x64,0x69,0x75,0x6d,
    0x70,0x20,0x66,0x6c,0x6f,0x61,0x74,0x3b,0x0a,0x70,0x72,0x65,0x63,0x69,0x73,0x69,
    0x6f,0x6e,0x20,0x68,0x69,0x67,0x68,0x70,0x20,0x69,0x6e,0x74,0x3b,0x0a,0x0a,0x75,
    0x6e,0x69,0x66,0x6f,0x72,0x6d,0x20,0x68,0x69,0x67,0x68,0x70,0x20,0x76,0x65,0x63,
    0x34,0x20,0x76,0x69,0x73,0x75,0x61,0x6c,0x5f,0x70,0x61,0x72,0x61,0x6d,0x73,0x5b,
    0x34,0x5d,0x3b,0x0a,0x75,0x6e,0x69,0x66,0x6f,0x72,0x6d,0x20,0x68,0x69,0x67,0x68,
    0x70,0x20,0x73,0x61,0x6d,0x70,0x6c,0x65,0x72,0x32,0x44,0x20,0x76,0x69,0x73,0x75,
    0x61,0x6c,0x49,0x6e,0x70,0x75,0x74,0x54,0x65,0x78,0x5f,0x76,0x69,0x73,0x75,0x61,
    0x6c,0x49,0x6e,0x70,0x75,0x74,0x53,0x6d,0x70,0x3b,0x0a,0x0a,0x69,0x6e,0x20,0x68,
    0x69,0x67,0x68,0x70,0x20,0x76,0x65,0x63,0x32,0x20,0x75,0x76,0x3b,0x0a,0x6c,0x61,
    0x79,0x6f,0x75,0x74,0x28,0x6c,0x6f,0x63,0x61,0x74,0x69,0x6f,0x6e,0x20,0x3d,0x20,
    0x30,0x29,0x20,0x6f,0x75,0x74,0x20,0x68,0x69,0x67,0x68,0x70,0x20,0x76,0x65,0x63,
    0x34,0x20,0x66,0x72,0x61,0x67,0x5f,0x63,0x6f,0x6c,0x6f,0x72,0x3b,0x0a,0x0a,0x76,
    0x6f,0x69,0x64,0x20,0x6d,0x61,0x69,0x6e,0x28,0x29,0x0a,0x7b,0x0a,0x20,0x20,0x20,
    0x20,0x66,0x72,0x61,0x67,0x5f,0x63,0x6f,0x6c,0x6f,0x72,0x20,0x3d,0x20,0x76,0x65,
    0x63,0x34,0x28,0x76,0x69,0x73,0x75,0x61,0x6c,0x5f,0x70,0x61,0x72,0x61,0x6d,0x73,
    0x5b,0x30,0x5d,0x2e,0x78,0x79,0x7a,0x20,0x2a,0x20,0x63,0x6c,0x61,0x6d,0x70,0x28,
    0x74,0x65,0x78,0x74,0x75,0x72,0x65,0x28,0x76,0x69,0x73,0x75,0x61,0x6c,0x49,0x6e,
    0x70,0x75,0x74,0x54,0x65,0x78,0x5f,0x76,0x69,0x73,0x75,0x61,0x6c,0x49,0x6e,0x70,
    0x75,0x74,0x53,0x6d,0x70,0x2c,0x20,0x75,0x76,0x29,0x2e,0x78,0x20,0x2a,0x20,0x76,
    0x69,0x73,0x75,0x61,0x6c,0x5f,0x70,0x61,0x72,0x61,0x6d,0x73,0x5b,0x33,0x5d,0x2e,
    0x78,0x2c,0x20,0x30,0x2e,0x30,0x2c,0x20,0x31,0x2e,0x30,0x29,0x2c,0x20,0x76,0x69,
    0x73,0x75,0x61,0x6c,0x5f,0x70,0x61,0x72,0x61,0x6d,0x73,0x5b,0x30,0x5d,0x2e,0x77,
    0x29,0x3b,0x0a,0x7d,0x0a,0x0a,0x00,
};
/*
    #version 300 es
    precision mediump float;
    precision highp int;

    uniform highp vec4 visual_params[4];
    uniform highp sampler2D visualDensityTex_visualDensitySmp;

    in highp vec2 uv;
    layout(location = 0) out highp vec4 frag_color;

    void main()
    {
        highp vec4 _27 = max(texture(visualDensityTex_visualDensitySmp, uv), vec4(0.0));
        highp float _33 = _27.x;
        highp float _36 = _27.y;
        highp float _40 = _27.z;
        highp float _51 = clamp((((_33 + _36) + _40) * 0.37999999523162841796875) + (_27.w * 0.550000011920928955078125), 0.0, 1.0);
        frag_color = vec4(vec3(clamp((_33 * 1.17999994754791259765625) + (_51 * 0.039999999105930328369140625), 0.0, 1.0), clamp((_36 * 1.17999994754791259765625) + (_51 * 0.0500000007450580596923828125), 0.0, 1.0), clamp((_40 * 1.17999994754791259765625) + (_51 * 0.0599999986588954925537109375), 0.0, 1.0)) * visual_params[0].xyz, clamp(pow(_51, 0.7200000286102294921875) * 1.35000002384185791015625, 0.0, 1.0) * visual_params[0].w);
    }

*/
static const uint8_t fs_visualize_density_source_glsl300es[978] = {
    0x23,0x76,0x65,0x72,0x73,0x69,0x6f,0x6e,0x20,0x33,0x30,0x30,0x20,0x65,0x73,0x0a,
    0x70,0x72,0x65,0x63,0x69,0x73,0x69,0x6f,0x6e,0x20,0x6d,0x65,0x64,0x69,0x75,0x6d,
    0x70,0x20,0x66,0x6c,0x6f,0x61,0x74,0x3b,0x0a,0x70,0x72,0x65,0x63,0x69,0x73,0x69,
    0x6f,0x6e,0x20,0x68,0x69,0x67,0x68,0x70,0x20,0x69,0x6e,0x74,0x3b,0x0a,0x0a,0x75,
    0x6e,0x69,0x66,0x6f,0x72,0x6d,0x20,0x68,0x69,0x67,0x68,0x70,0x20,0x76,0x65,0x63,
    0x34,0x20,0x76,0x69,0x73,0x75,0x61,0x6c,0x5f,0x70,0x61,0x72,0x61,0x6d,0x73,0x5b,
    0x34,0x5d,0x3b,0x0a,0x75,0x6e,0x69,0x66,0x6f,0x72,0x6d,0x20,0x68,0x69,0x67,0x68,
    0x70,0x20,0x73,0x61,0x6d,0x70,0x6c,0x65,0x72,0x32,0x44,0x20,0x76,0x69,0x73,0x75,
    0x61,0x6c,0x44,0x65,0x6e,0x73,0x69,0x74,0x79,0x54,0x65,0x78,0x5f,0x76,0x69,0x73,
    0x75,0x61,0x6c,0x44,0x65,0x6e,0x73,0x69,0x74,0x79,0x53,0x6d,0x70,0x3b,0x0a,0x0a,
    0x69,0x6e,0x20,0x68,0x69,0x67,0x68,0x70,0x20,0x76,0x65,0x63,0x32,0x20,0x75,0x76,
    0x3b,0x0a,0x6c,0x61,0x79,0x6f,0x75,0x74,0x28,0x6c,0x6f,0x63,0x61,0x74,0x69,0x6f,
    0x6e,0x20,0x3d,0x20,0x30,0x29,0x20,0x6f,0x75,0x74,0x20,0x68,0x69,0x67,0x68,0x70,
    0x20,0x76,0x65,0x63,0x34,0x20,0x66,0x72,0x61,0x67,0x5f,0x63,0x6f,0x6c,0x6f,0x72,
    0x3b,0x0a,0x0a,0x76,0x6f,0x69,0x64,0x20,0x6d,0x61,0x69,0x6e,0x28,0x29,0x0a,0x7b,
    0x0a,0x20,0x20,0x20,0x20,0x68,0x69,0x67,0x68,0x70,0x20,0x76,0x65,0x63,0x34,0x20,
    0x5f,0x32,0x37,0x20,0x3d,0x20,0x6d,0x61,0x78,0x28,0x74,0x65,0x78,0x74,0x75,0x72,
    0x65,0x28,0x76,0x69,0x73,0x75,0x61,0x6c,0x44,0x65,0x6e,0x73,0x69,0x74,0x79,0x54,
    0x65,0x78,0x5f,0x76,0x69,0x73,0x75,0x61,0x6c,0x44,0x65,0x6e,0x73,0x69,0x74,0x79,
    0x53,0x6d,0x70,0x2c,0x20,0x75,0x76,0x29,0x2c,0x20,0x76,0x65,0x63,0x34,0x28,0x30,
    0x2e,0x30,0x29,0x29,0x3b,0x0a,0x20,0x20,0x20,0x20,0x68,0x69,0x67,0x68,0x70,0x20,
    0x66,0x6c,0x6f,0x61,0x74,0x20,0x5f,0x33,0x33,0x20,0x3d,0x20,0x5f,0x32,0x37,0x2e,
    0x78,0x3b,0x0a,0x20,0x20,0x20,0x20,0x68,0x69,0x67,0x68,0x70,0x20,0x66,0x6c,0x6f,
    0x61,0x74,0x20,0x5f,0x33,0x36,0x20,0x3d,0x20,0x5f,0x32,0x37,0x2e,0x79,0x3b,0x0a,
    0x20,0x20,0x20,0x20,0x68,0x69,0x67,0x68,0x70,0x20,0x66,0x6c,0x6f,0x61,0x74,0x20,
    0x5f,0x34,0x30,0x20,0x3d,0x20,0x5f,0x32,0x37,0x2e,0x7a,0x3b,0x0a,0x20,0x20,0x20,
    0x20,0x68,0x69,0x67,0x68,0x70,0x20,0x66,0x6c,0x6f,0x61,0x74,0x20,0x5f,0x35,0x31,
    0x20,0x3d,0x20,0x63,0x6c,0x61,0x6d,0x70,0x28,0x28,0x28,0x28,0x5f,0x33,0x33,0x20,
    0x2b,0x20,0x5f,0x33,0x36,0x29,0x20,0x2b,0x20,0x5f,0x34,0x30,0x29,0x20,0x2a,0x20,
    0x30,0x2e,0x33,0x37,0x39,0x39,0x39,0x39,0x39,0x39,0x35,0x32,0x33,0x31,0x36,0x32,
    0x38,0x34,0x31,0x37,0x39,0x36,0x38,0x37,0x35,0x29,0x20,0x2b,0x20,0x28,0x5f,0x32,
    0x37,0x2e,0x77,0x20,0x2a,0x20,0x30,0x2e,0x35,0x35,0x30,0x30,0x30,0x30,0x30,0x31,
    0x31,0x39,0x32,0x30,0x39,0x32,0x38,0x39,0x35,0x35,0x30,0x37,0x38,0x31,0x32,0x35,
    0x29,0x2c,0x20,0x30,0x2e,0x30,0x2c,0x20,0x31,0x2e,0x30,0x29,0x3b,0x0a,0x20,0x20,
    0x20,0x20,0x66,0x72,0x61,0x67,0x5f,0x63,0x6f,0x6c,0x6f,0x72,0x20,0x3d,0x20,0x76,
    0x65,0x63,0x34,0x28,0x76,0x65,0x63,0x33,0x28,0x63,0x6c,0x61,0x6d,0x70,0x28,0x28,
    0x5f,0x33,0x33,0x20,0x2a,0x20,0x31,0x2e,0x31,0x37,0x39,0x39,0x39,0x39,0x39,0x34,
    0x37,0x35,0x34,0x37,0x39,0x31,0x32,0x35,0x39,0x37,0x36,0x35,0x36,0x32,0x35,0x29,
    0x20,0x2b,0x20,0x28,0x5f,0x35,0x31,0x20,0x2a,0x20,0x30,0x2e,0x30,0x33,0x39,0x39,
    0x39,0x39,0x39,0x39,0x39,0x31,0x30,0x35,0x39,0x33,0x30,0x33,0x32,0x38,0x33,0x36,
    0x39,0x31,0x34,0x30,0x36,0x32,0x35,0x29,0x2c,0x20,0x30,0x2e,0x30,0x2c,0x20,0x31,
    0x2e,0x30,0x29,0x2c,0x20,0x63,0x6c,0x61,0x6d,0x70,0x28,0x28,0x5f,0x33,0x36,0x20,
    0x2a,0x20,0x31,0x2e,0x31,0x37,0x39,0x39,0x39,0x39,0x39,0x34,0x37,0x35,0x34,0x37,
    0x39,0x31,0x32,0x35,0x39,0x37,0x36,0x35,0x36,0x32,0x35,0x29,0x20,0x2b,0x20,0x28,
    0x5f,0x35,0x31,0x20,0x2a,0x20,0x30,0x2e,0x30,0x35,0x30,0x30,0x30,0x30,0x30,0x30,
    0x30,0x37,0x34,0x35,0x30,0x35,0x38,0x30,0x35,0x39,0x36,0x39,0x32,0x33,0x38,0x32,
    0x38,0x31,0x32,0x35,0x29,0x2c,0x20,0x30,0x2e,0x30,0x2c,0x20,0x31,0x2e,0x30,0x29,
    0x2c,0x20,0x63,0x6c,0x61,0x6d,0x70,0x28,0x28,0x5f,0x34,0x30,0x20,0x2a,0x20,0x31,
    0x2e,0x31,0x37,0x39,0x39,0x39,0x39,0x39,0x34,0x37,0x35,0x34,0x37,0x39,0x31,0x32,
    0x35,0x39,0x37,0x36,0x35,0x36,0x32,0x35,0x29,0x20,0x2b,0x20,0x28,0x5f,0x35,0x31,
    0x20,0x2a,0x20,0x30,0x2e,0x30,0x35,0x39,0x39,0x39,0x39,0x39,0x39,0x38,0x36,0x35,
    0x38,0x38,0x39,0x35,0x34,0x39,0x32,0x35,0x35,0x33,0x37,0x31,0x30,0x39,0x33,0x37,
    0x35,0x29,0x2c,0x20,0x30,0x2e,0x30,0x2c,0x20,0x31,0x2e,0x30,0x29,0x29,0x20,0x2a,
    0x20,0x76,0x69,0x73,0x75,0x61,0x6c,0x5f,0x70,0x61,0x72,0x61,0x6d,0x73,0x5b,0x30,
    0x5d,0x2e,0x78,0x79,0x7a,0x2c,0x20,0x63,0x6c,0x61,0x6d,0x70,0x28,0x70,0x6f,0x77,
    0x28,0x5f,0x35,0x31,0x2c,0x20,0x30,0x2e,0x37,0x32,0x30,0x30,0x30,0x30,0x30,0x32,
    0x38,0x36,0x31,0x30,0x32,0x32,0x39,0x34,0x39,0x32,0x31,0x38,0x37,0x35,0x29,0x20,
    0x2a,0x20,0x31,0x2e,0x33,0x35,0x30,0x30,0x30,0x30,0x30,0x32,0x33,0x38,0x34,0x31,
    0x38,0x35,0x37,0x39,0x31,0x30,0x31,0x35,0x36,0x32,0x35,0x2c,0x20,0x30,0x2e,0x30,
    0x2c,0x20,0x31,0x2e,0x30,0x29,0x20,0x2a,0x20,0x76,0x69,0x73,0x75,0x61,0x6c,0x5f,
    0x70,0x61,0x72,0x61,0x6d,0x73,0x5b,0x30,0x5d,0x2e,0x77,0x29,0x3b,0x0a,0x7d,0x0a,
    0x0a,0x00,
};
/*
    #version 300 es
    precision mediump float;
    precision highp int;

    uniform highp vec4 visual_params[4];
    uniform highp sampler2D visualVelocityTex_visualVelocitySmp;

    in highp vec2 uv;
    layout(location = 0) out highp vec4 frag_color;

    void main()
    {
        highp vec2 _36 = texture(visualVelocityTex_visualVelocitySmp, uv).xy * visual_params[3].x;
        highp float _47 = _36.x;
        highp float _51 = clamp(length(_36), 0.0, 1.0) * 0.100000001490116119384765625;
        highp float _55 = _36.y;
        frag_color = vec4(max(_47, 0.0) + _51, max(_55, 0.0) + _51, max((-_47) - _55, 0.0), 1.0) * visual_params[0];
    }

*/
static const uint8_t fs_visualize_velocity_color_source_glsl300es[597] = {
    0x23,0x76,0x65,0x72,0x73,0x69,0x6f,0x6e,0x20,0x33,0x30,0x30,0x20,0x65,0x73,0x0a,
    0x70,0x72,0x65,0x63,0x69,0x73,0x69,0x6f,0x6e,0x20,0x6d,0x65,0x64,0x69,0x75,0x6d,
    0x70,0x20,0x66,0x6c,0x6f,0x61,0x74,0x3b,0x0a,0x70,0x72,0x65,0x63,0x69,0x73,0x69,
    0x6f,0x6e,0x20,0x68,0x69,0x67,0x68,0x70,0x20,0x69,0x6e,0x74,0x3b,0x0a,0x0a,0x75,
    0x6e,0x69,0x66,0x6f,0x72,0x6d,0x20,0x68,0x69,0x67,0x68,0x70,0x20,0x76,0x65,0x63,
    0x34,0x20,0x76,0x69,0x73,0x75,0x61,0x6c,0x5f,0x70,0x61,0x72,0x61,0x6d,0x73,0x5b,
    0x34,0x5d,0x3b,0x0a,0x75,0x6e,0x69,0x66,0x6f,0x72,0x6d,0x20,0x68,0x69,0x67,0x68,
    0x70,0x20,0x73,0x61,0x6d,0x70,0x6c,0x65,0x72,0x32,0x44,0x20,0x76,0x69,0x73,0x75,
    0x61,0x6c,0x56,0x65,0x6c,0x6f,0x63,0x69,0x74,0x79,0x54,0x65,0x78,0x5f,0x76,0x69,
    0x73,0x75,0x61,0x6c,0x56,0x65,0x6c,0x6f,0x63,0x69,0x74,0x79,0x53,0x6d,0x70,0x3b,
    0x0a,0x0a,0x69,0x6e,0x20,0x68,0x69,0x67,0x68,0x70,0x20,0x76,0x65,0x63,0x32,0x20,
    0x75,0x76,0x3b,0x0a,0x6c,0x61,0x79,0x6f,0x75,0x74,0x28,0x6c,0x6f,0x63,0x61,0x74,
    0x69,0x6f,0x6e,0x20,0x3d,0x20,0x30,0x29,0x20,0x6f,0x75,0x74,0x20,0x68,0x69,0x67,
    0x68,0x70,0x20,0x76,0x65,0x63,0x34,0x20,0x66,0x72,0x61,0x67,0x5f,0x63,0x6f,0x6c,
    0x6f,0x72,0x3b,0x0a,0x0a,0x76,0x6f,0x69,0x64,0x20,0x6d,0x61,0x69,0x6e,0x28,0x29,
    0x0a,0x7b,0x0a,0x20,0x20,0x20,0x20,0x68,0x69,0x67,0x68,0x70,0x20,0x76,0x65,0x63,
    0x32,0x20,0x5f,0x33,0x36,0x20,0x3d,0x20,0x74,0x65,0x78,0x74,0x75,0x72,0x65,0x28,
    0x76,0x69,0x73,0x75,0x61,0x6c,0x56,0x65,0x6c,0x6f,0x63,0x69,0x74,0x79,0x54,0x65,
    0x78,0x5f,0x76,0x69,0x73,0x75,0x61,0x6c,0x56,0x65,0x6c,0x6f,0x63,0x69,0x74,0x79,
    0x53,0x6d,0x70,0x2c,0x20,0x75,0x76,0x29,0x2e,0x78,0x79,0x20,0x2a,0x20,0x76,0x69,
    0x73,0x75,0x61,0x6c,0x5f,0x70,0x61,0x72,0x61,0x6d,0x73,0x5b,0x33,0x5d,0x2e,0x78,
    0x3b,0x0a,0x20,0x20,0x20,0x20,0x68,0x69,0x67,0x68,0x70,0x20,0x66,0x6c,0x6f,0x61,
    0x74,0x20,0x5f,0x34,0x37,0x20,0x3d,0x20,0x5f,0x33,0x36,0x2e,0x78,0x3b,0x0a,0x20,
    0x20,0x20,0x20,0x68,0x69,0x67,0x68,0x70,0x20,0x66,0x6c,0x6f,0x61,0x74,0x20,0x5f,
    0x35,0x31,0x20,0x3d,0x20,0x63,0x6c,0x61,0x6d,0x70,0x28,0x6c,0x65,0x6e,0x67,0x74,
    0x68,0x28,0x5f,0x33,0x36,0x29,0x2c,0x20,0x30,0x2e,0x30,0x2c,0x20,0x31,0x2e,0x30,
    0x29,0x20,0x2a,0x20,0x30,0x2e,0x31,0x30,0x30,0x30,0x30,0x30,0x30,0x30,0x31,0x34,
    0x39,0x30,0x31,0x31,0x36,0x31,0x31,0x39,0x33,0x38,0x34,0x37,0x36,0x35,0x36,0x32,
    0x35,0x3b,0x0a,0x20,0x20,0x20,0x20,0x68,0x69,0x67,0x68,0x70,0x20,0x66,0x6c,0x6f,
    0x61,0x74,0x20,0x5f,0x35,0x35,0x20,0x3d,0x20,0x5f,0x33,0x36,0x2e,0x79,0x3b,0x0a,
    0x20,0x20,0x20,0x20,0x66,0x72,0x61,0x67,0x5f,0x63,0x6f,0x6c,0x6f,0x72,0x20,0x3d,
    0x20,0x76,0x65,0x63,0x34,0x28,0x6d,0x61,0x78,0x28,0x5f,0x34,0x37,0x2c,0x20,0x30,
    0x2e,0x30,0x29,0x20,0x2b,0x20,0x5f,0x35,0x31,0x2c,0x20,0x6d,0x61,0x78,0x28,0x5f,
    0x35,0x35,0x2c,0x20,0x30,0x2e,0x30,0x29,0x20,0x2b,0x20,0x5f,0x35,0x31,0x2c,0x20,
    0x6d,0x61,0x78,0x28,0x28,0x2d,0x5f,0x34,0x37,0x29,0x20,0x2d,0x20,0x5f,0x35,0x35,
    0x2c,0x20,0x30,0x2e,0x30,0x29,0x2c,0x20,0x31,0x2e,0x30,0x29,0x20,0x2a,0x20,0x76,
    0x69,0x73,0x75,0x61,0x6c,0x5f,0x70,0x61,0x72,0x61,0x6d,0x73,0x5b,0x30,0x5d,0x3b,
    0x0a,0x7d,0x0a,0x0a,0x00,
};
/*
    #version 300 es
    precision mediump float;
    precision highp int;

    uniform highp vec4 visual_params[4];
    uniform highp sampler2D visualPressureTex_visualPressureSmp;

    in highp vec2 uv;
    layout(location = 0) out highp vec4 frag_color;

    void main()
    {
        highp float _36 = texture(visualPressureTex_visualPressureSmp, uv).x * visual_params[3].x;
        frag_color = vec4(clamp((vec3(0.0500000007450580596923828125, 0.2800000011920928955078125, 0.85000002384185791015625) * max(-_36, 0.0)) + (vec3(0.949999988079071044921875) * max(_36, 0.0)), vec3(0.0), vec3(1.0)), 1.0) * visual_params[0];
    }

*/
static const uint8_t fs_visualize_pressure_source_glsl300es[584] = {
    0x23,0x76,0x65,0x72,0x73,0x69,0x6f,0x6e,0x20,0x33,0x30,0x30,0x20,0x65,0x73,0x0a,
    0x70,0x72,0x65,0x63,0x69,0x73,0x69,0x6f,0x6e,0x20,0x6d,0x65,0x64,0x69,0x75,0x6d,
    0x70,0x20,0x66,0x6c,0x6f,0x61,0x74,0x3b,0x0a,0x70,0x72,0x65,0x63,0x69,0x73,0x69,
    0x6f,0x6e,0x20,0x68,0x69,0x67,0x68,0x70,0x20,0x69,0x6e,0x74,0x3b,0x0a,0x0a,0x75,
    0x6e,0x69,0x66,0x6f,0x72,0x6d,0x20,0x68,0x69,0x67,0x68,0x70,0x20,0x76,0x65,0x63,
    0x34,0x20,0x76,0x69,0x73,0x75,0x61,0x6c,0x5f,0x70,0x61,0x72,0x61,0x6d,0x73,0x5b,
    0x34,0x5d,0x3b,0x0a,0x75,0x6e,0x69,0x66,0x6f,0x72,0x6d,0x20,0x68,0x69,0x67,0x68,
    0x70,0x20,0x73,0x61,0x6d,0x70,0x6c,0x65,0x72,0x32,0x44,0x20,0x76,0x69,0x73,0x75,
    0x61,0x6c,0x50,0x72,0x65,0x73,0x73,0x75,0x72,0x65,0x54,0x65,0x78,0x5f,0x76,0x69,
    0x73,0x75,0x61,0x6c,0x50,0x72,0x65,0x73,0x73,0x75,0x72,0x65,0x53,0x6d,0x70,0x3b,
    0x0a,0x0a,0x69,0x6e,0x20,0x68,0x69,0x67,0x68,0x70,0x20,0x76,0x65,0x63,0x32,0x20,
    0x75,0x76,0x3b,0x0a,0x6c,0x61,0x79,0x6f,0x75,0x74,0x28,0x6c,0x6f,0x63,0x61,0x74,
    0x69,0x6f,0x6e,0x20,0x3d,0x20,0x30,0x29,0x20,0x6f,0x75,0x74,0x20,0x68,0x69,0x67,
    0x68,0x70,0x20,0x76,0x65,0x63,0x34,0x20,0x66,0x72,0x61,0x67,0x5f,0x63,0x6f,0x6c,
    0x6f,0x72,0x3b,0x0a,0x0a,0x76,0x6f,0x69,0x64,0x20,0x6d,0x61,0x69,0x6e,0x28,0x29,
    0x0a,0x7b,0x0a,0x20,0x20,0x20,0x20,0x68,0x69,0x67,0x68,0x70,0x20,0x66,0x6c,0x6f,
    0x61,0x74,0x20,0x5f,0x33,0x36,0x20,0x3d,0x20,0x74,0x65,0x78,0x74,0x75,0x72,0x65,
    0x28,0x76,0x69,0x73,0x75,0x61,0x6c,0x50,0x72,0x65,0x73,0x73,0x75,0x72,0x65,0x54,
    0x65,0x78,0x5f,0x76,0x69,0x73,0x75,0x61,0x6c,0x50,0x72,0x65,0x73,0x73,0x75,0x72,
    0x65,0x53,0x6d,0x70,0x2c,0x20,0x75,0x76,0x29,0x2e,0x78,0x20,0x2a,0x20,0x76,0x69,
    0x73,0x75,0x61,0x6c,0x5f,0x70,0x61,0x72,0x61,0x6d,0x73,0x5b,0x33,0x5d,0x2e,0x78,
    0x3b,0x0a,0x20,0x20,0x20,0x20,0x66,0x72,0x61,0x67,0x5f,0x63,0x6f,0x6c,0x6f,0x72,
    0x20,0x3d,0x20,0x76,0x65,0x63,0x34,0x28,0x63,0x6c,0x61,0x6d,0x70,0x28,0x28,0x76,
    0x65,0x63,0x33,0x28,0x30,0x2e,0x30,0x35,0x30,0x30,0x30,0x30,0x30,0x30,0x30,0x37,
    0x34,0x35,0x30,0x35,0x38,0x30,0x35,0x39,0x36,0x39,0x32,0x33,0x38,0x32,0x38,0x31,
    0x32,0x35,0x2c,0x20,0x30,0x2e,0x32,0x38,0x30,0x30,0x30,0x30,0x30,0x30,0x31,0x31,
    0x39,0x32,0x30,0x39,0x32,0x38,0x39,0x35,0x35,0x30,0x37,0x38,0x31,0x32,0x35,0x2c,
    0x20,0x30,0x2e,0x38,0x35,0x30,0x30,0x30,0x30,0x30,0x32,0x33,0x38,0x34,0x31,0x38,
    0x35,0x37,0x39,0x31,0x30,0x31,0x35,0x36,0x32,0x35,0x29,0x20,0x2a,0x20,0x6d,0x61,
    0x78,0x28,0x2d,0x5f,0x33,0x36,0x2c,0x20,0x30,0x2e,0x30,0x29,0x29,0x20,0x2b,0x20,
    0x28,0x76,0x65,0x63,0x33,0x28,0x30,0x2e,0x39,0x34,0x39,0x39,0x39,0x39,0x39,0x38,
    0x38,0x30,0x37,0x39,0x30,0x37,0x31,0x30,0x34,0x34,0x39,0x32,0x31,0x38,0x37,0x35,
    0x29,0x20,0x2a,0x20,0x6d,0x61,0x78,0x28,0x5f,0x33,0x36,0x2c,0x20,0x30,0x2e,0x30,
    0x29,0x29,0x2c,0x20,0x76,0x65,0x63,0x33,0x28,0x30,0x2e,0x30,0x29,0x2c,0x20,0x76,
    0x65,0x63,0x33,0x28,0x31,0x2e,0x30,0x29,0x29,0x2c,0x20,0x31,0x2e,0x30,0x29,0x20,
    0x2a,0x20,0x76,0x69,0x73,0x75,0x61,0x6c,0x5f,0x70,0x61,0x72,0x61,0x6d,0x73,0x5b,
    0x30,0x5d,0x3b,0x0a,0x7d,0x0a,0x0a,0x00,
};
/*
    #version 300 es
    precision mediump float;
    precision highp int;

    uniform highp vec4 visual_params[4];
    uniform highp sampler2D visualTemperatureTex_visualTemperatureSmp;

    in highp vec2 uv;
    layout(location = 0) out highp vec4 frag_color;

    void main()
    {
        highp float _39 = clamp(texture(visualTemperatureTex_visualTemperatureSmp, uv).x * visual_params[3].x, 0.0, 1.0);
        frag_color = vec4(mix(vec3(0.0500000007450580596923828125, 0.119999997317790985107421875, 0.85000002384185791015625), vec3(1.0, 0.319999992847442626953125, 0.07999999821186065673828125), vec3(_39)) * smoothstep(0.00999999977648258209228515625, 0.119999997317790985107421875, _39), 1.0) * visual_params[0];
    }

*/
static const uint8_t fs_visualize_temperature_source_glsl300es[681] = {
    0x23,0x76,0x65,0x72,0x73,0x69,0x6f,0x6e,0x20,0x33,0x30,0x30,0x20,0x65,0x73,0x0a,
    0x70,0x72,0x65,0x63,0x69,0x73,0x69,0x6f,0x6e,0x20,0x6d,0x65,0x64,0x69,0x75,0x6d,
    0x70,0x20,0x66,0x6c,0x6f,0x61,0x74,0x3b,0x0a,0x70,0x72,0x65,0x63,0x69,0x73,0x69,
    0x6f,0x6e,0x20,0x68,0x69,0x67,0x68,0x70,0x20,0x69,0x6e,0x74,0x3b,0x0a,0x0a,0x75,
    0x6e,0x69,0x66,0x6f,0x72,0x6d,0x20,0x68,0x69,0x67,0x68,0x70,0x20,0x76,0x65,0x63,
    0x34,0x20,0x76,0x69,0x73,0x75,0x61,0x6c,0x5f,0x70,0x61,0x72,0x61,0x6d,0x73,0x5b,
    0x34,0x5d,0x3b,0x0a,0x75,0x6e,0x69,0x66,0x6f,0x72,0x6d,0x20,0x68,0x69,0x67,0x68,
    0x70,0x20,0x73,0x61,0x6d,0x70,0x6c,0x65,0x72,0x32,0x44,0x20,0x76,0x69,0x73,0x75,
    0x61,0x6c,0x54,0x65,0x6d,0x70,0x65,0x72,0x61,0x74,0x75,0x72,0x65,0x54,0x65,0x78,
    0x5f,0x76,0x69,0x73,0x75,0x61,0x6c,0x54,0x65,0x6d,0x70,0x65,0x72,0x61,0x74,0x75,
    0x72,0x65,0x53,0x6d,0x70,0x3b,0x0a,0x0a,0x69,0x6e,0x20,0x68,0x69,0x67,0x68,0x70,
    0x20,0x76,0x65,0x63,0x32,0x20,0x75,0x76,0x3b,0x0a,0x6c,0x61,0x79,0x6f,0x75,0x74,
    0x28,0x6c,0x6f,0x63,0x61,0x74,0x69,0x6f,0x6e,0x20,0x3d,0x20,0x30,0x29,0x20,0x6f,
    0x75,0x74,0x20,0x68,0x69,0x67,0x68,0x70,0x20,0x76,0x65,0x63,0x34,0x20,0x66,0x72,
    0x61,0x67,0x5f,0x63,0x6f,0x6c,0x6f,0x72,0x3b,0x0a,0x0a,0x76,0x6f,0x69,0x64,0x20,
    0x6d,0x61,0x69,0x6e,0x28,0x29,0x0a,0x7b,0x0a,0x20,0x20,0x20,0x20,0x68,0x69,0x67,
    0x68,0x70,0x20,0x66,0x6c,0x6f,0x61,0x74,0x20,0x5f,0x33,0x39,0x20,0x3d,0x20,0x63,
    0x6c,0x61,0x6d,0x70,0x28,0x74,0x65,0x78,0x74,0x75,0x72,0x65,0x28,0x76,0x69,0x73,
    0x75,0x61,0x6c,0x54,0x65,0x6d,0x70,0x65,0x72,0x61,0x74,0x75,0x72,0x65,0x54,0x65,
    0x78,0x5f,0x76,0x69,0x73,0x75,0x61,0x6c,0x54,0x65,0x6d,0x70,0x65,0x72,0x61,0x74,
    0x75,0x72,0x65,0x53,0x6d,0x70,0x2c,0x20,0x75,0x76,0x29,0x2e,0x78,0x20,0x2a,0x20,
    0x76,0x69,0x73,0x75,0x61,0x6c,0x5f,0x70,0x61,0x72,0x61,0x6d,0x73,0x5b,0x33,0x5d,
    0x2e,0x78,0x2c,0x20,0x30,0x2e,0x30,0x2c,0x20,0x31,0x2e,0x30,0x29,0x3b,0x0a,0x20,
    0x20,0x20,0x20,0x66,0x72,0x61,0x67,0x5f,0x63,0x6f,0x6c,0x6f,0x72,0x20,0x3d,0x20,
    0x76,0x65,0x63,0x34,0x28,0x6d,0x69,0x78,0x28,0x76,0x65,0x63,0x33,0x28,0x30,0x2e,
    0x30,0x35,0x30,0x30,0x30,0x30,0x30,0x30,0x30,0x37,0x34,0x35,0x30,0x35,0x38,0x30,
    0x35,0x39,0x36,0x39,0x32,0x33,0x38,0x32,0x38,0x31,0x32,0x35,0x2c,0x20,0x30,0x2e,
    0x31,0x31,0x39,0x39,0x39,0x39,0x39,0x39,0x37,0x33,0x31,0x37,0x37,0x39,0x30,0x39,
    0x38,0x35,0x31,0x30,0x37,0x34,0x32,0x31,0x38,0x37,0x35,0x2c,0x20,0x30,0x2e,0x38,
    0x35,0x30,0x30,0x30,0x30,0x30,0x32,0x33,0x38,0x34,0x31,0x38,0x35,0x37,0x39,0x31,
    0x30,0x31,0x35,0x36,0x32,0x35,0x29,0x2c,0x20,0x76,0x65,0x63,0x33,0x28,0x31,0x2e,
    0x30,0x2c,0x20,0x30,0x2e,0x33,0x31,0x39,0x39,0x39,0x39,0x39,0x39,0x32,0x38,0x34,
    0x37,0x34,0x34,0x32,0x36,0x32,0x36,0x39,0x35,0x33,0x31,0x32,0x35,0x2c,0x20,0x30,
    0x2e,0x30,0x37,0x39,0x39,0x39,0x39,0x39,0x39,0x38,0x32,0x31,0x31,0x38,0x36,0x30,
    0x36,0x35,0x36,0x37,0x33,0x38,0x32,0x38,0x31,0x32,0x35,0x29,0x2c,0x20,0x76,0x65,
    0x63,0x33,0x28,0x5f,0x33,0x39,0x29,0x29,0x20,0x2a,0x20,0x73,0x6d,0x6f,0x6f,0x74,
    0x68,0x73,0x74,0x65,0x70,0x28,0x30,0x2e,0x30,0x30,0x39,0x39,0x39,0x39,0x39,0x39,
    0x39,0x37,0x37,0x36,0x34,0x38,0x32,0x35,0x38,0x32,0x30,0x39,0x32,0x32,0x38,0x35,
    0x31,0x35,0x36,0x32,0x35,0x2c,0x20,0x30,0x2e,0x31,0x31,0x39,0x39,0x39,0x39,0x39,
    0x39,0x37,0x33,0x31,0x37,0x37,0x39,0x30,0x39,0x38,0x35,0x31,0x30,0x37,0x34,0x32,
    0x31,0x38,0x37,0x35,0x2c,0x20,0x5f,0x33,0x39,0x29,0x2c,0x20,0x31,0x2e,0x30,0x29,
    0x20,0x2a,0x20,0x76,0x69,0x73,0x75,0x61,0x6c,0x5f,0x70,0x61,0x72,0x61,0x6d,0x73,
    0x5b,0x30,0x5d,0x3b,0x0a,0x7d,0x0a,0x0a,0x00,
};
/*
    #version 300 es
    precision mediump float;
    precision highp int;

    uniform highp vec4 visual_params[4];
    uniform highp sampler2D combinedDensityTex_combinedDensitySmp;
    uniform highp sampler2D combinedVelocityTex_combinedVelocitySmp;
    uniform highp sampler2D combinedTemperatureTex_combinedTemperatureSmp;

    in highp vec2 uv;
    layout(location = 0) out highp vec4 frag_color;

    void main()
    {
        highp vec4 _27 = max(texture(combinedDensityTex_combinedDensitySmp, uv), vec4(0.0));
        highp vec2 _48 = texture(combinedVelocityTex_combinedVelocitySmp, uv).xy * visual_params[3].x;
        highp float _80 = clamp((((_27.x + _27.y) + _27.z) * 0.37999999523162841796875) + (_27.w * 0.550000011920928955078125), 0.0, 1.0);
        highp float _89 = smoothstep(0.014999999664723873138427734375, 0.75, clamp(texture(combinedTemperatureTex_combinedTemperatureSmp, uv).x, 0.0, 1.0));
        highp float _103 = _48.x;
        highp float _107 = clamp(length(_48), 0.0, 1.0) * 0.119999997317790985107421875;
        highp float _110 = _48.y;
        frag_color = vec4(clamp(((_27.xyz * (1.08000004291534423828125 + (_80 * 0.3499999940395355224609375))) + ((vec3(max(_103, 0.0) + _107, max(_110, 0.0) + _107, max((-_103) - _110, 0.0)) * (0.25 + (_80 * 0.75))) * 0.64999997615814208984375)) + ((mix(vec3(0.07999999821186065673828125, 0.0500000007450580596923828125, 0.3499999940395355224609375), vec3(1.0, 0.300000011920928955078125, 0.0599999986588954925537109375), vec3(_89)) * _89) * 0.85000002384185791015625), vec3(0.0), vec3(1.0)) * visual_params[0].xyz, visual_params[0].w);
    }

*/
static const uint8_t fs_visualize_combined_source_glsl300es[1540] = {
    0x23,0x76,0x65,0x72,0x73,0x69,0x6f,0x6e,0x20,0x33,0x30,0x30,0x20,0x65,0x73,0x0a,
    0x70,0x72,0x65,0x63,0x69,0x73,0x69,0x6f,0x6e,0x20,0x6d,0x65,0x64,0x69,0x75,0x6d,
    0x70,0x20,0x66,0x6c,0x6f,0x61,0x74,0x3b,0x0a,0x70,0x72,0x65,0x63,0x69,0x73,0x69,
    0x6f,0x6e,0x20,0x68,0x69,0x67,0x68,0x70,0x20,0x69,0x6e,0x74,0x3b,0x0a,0x0a,0x75,
    0x6e,0x69,0x66,0x6f,0x72,0x6d,0x20,0x68,0x69,0x67,0x68,0x70,0x20,0x76,0x65,0x63,
    0x34,0x20,0x76,0x69,0x73,0x75,0x61,0x6c,0x5f,0x70,0x61,0x72,0x61,0x6d,0x73,0x5b,
    0x34,0x5d,0x3b,0x0a,0x75,0x6e,0x69,0x66,0x6f,0x72,0x6d,0x20,0x68,0x69,0x67,0x68,
    0x70,0x20,0x73,0x61,0x6d,0x70,0x6c,0x65,0x72,0x32,0x44,0x20,0x63,0x6f,0x6d,0x62,
    0x69,0x6e,0x65,0x64,0x44,0x65,0x6e,0x73,0x69,0x74,0x79,0x54,0x65,0x78,0x5f,0x63,
    0x6f,0x6d,0x62,0x69,0x6e,0x65,0x64,0x44,0x65,0x6e,0x73,0x69,0x74,0x79,0x53,0x6d,
    0x70,0x3b,0x0a,0x75,0x6e,0x69,0x66,0x6f,0x72,0x6d,0x20,0x68,0x69,0x67,0x68,0x70,
    0x20,0x73,0x61,0x6d,0x70,0x6c,0x65,0x72,0x32,0x44,0x20,0x63,0x6f,0x6d,0x62,0x69,
    0x6e,0x65,0x64,0x56,0x65,0x6c,0x6f,0x63,0x69,0x74,0x79,0x54,0x65,0x78,0x5f,0x63,
    0x6f,0x6d,0x62,0x69,0x6e,0x65,0x64,0x56,0x65,0x6c,0x6f,0x63,0x69,0x74,0x79,0x53,
    0x6d,0x70,0x3b,0x0a,0x75,0x6e,0x69,0x66,0x6f,0x72,0x6d,0x20,0x68,0x69,0x67,0x68,
    0x70,0x20,0x73,0x61,0x6d,0x70,0x6c,0x65,0x72,0x32,0x44,0x20,0x63,0x6f,0x6d,0x62,
    0x69,0x6e,0x65,0x64,0x54,0x65,0x6d,0x70,0x65,0x72,0x61,0x74,0x75,0x72,0x65,0x54,
    0x65,0x78,0x5f,0x63,0x6f,0x6d,0x62,0x69,0x6e,0x65,0x64,0x54,0x65,0x6d,0x70,0x65,
    0x72,0x61,0x74,0x75,0x72,0x65,0x53,0x6d,0x70,0x3b,0x0a,0x0a,0x69,0x6e,0x20,0x68,
    0x69,0x67,0x68,0x70,0x20,0x76,0x65,0x63,0x32,0x20,0x75,0x76,0x3b,0x0a,0x6c,0x61,
    0x79,0x6f,0x75,0x74,0x28,0x6c,0x6f,0x63,0x61,0x74,0x69,0x6f,0x6e,0x20,0x3d,0x20,
    0x30,0x29,0x20,0x6f,0x75,0x74,0x20,0x68,0x69,0x67,0x68,0x70,0x20,0x76,0x65,0x63,
    0x34,0x20,0x66,0x72,0x61,0x67,0x5f,0x63,0x6f,0x6c,0x6f,0x72,0x3b,0x0a,0x0a,0x76,
    0x6f,0x69,0x64,0x20,0x6d,0x61,0x69,0x6e,0x28,0x29,0x0a,0x7b,0x0a,0x20,0x20,0x20,
    0x20,0x68,0x69,0x67,0x68,0x70,0x20,0x76,0x65,0x63,0x34,0x20,0x5f,0x32,0x37,0x20,
    0x3d,0x20,0x6d,0x61,0x78,0x28,0x74,0x65,0x78,0x74,0x75,0x72,0x65,0x28,0x63,0x6f,
    0x6d,0x62,0x69,0x6e,0x65,0x64,0x44,0x65,0x6e,0x73,0x69,0x74,0x79,0x54,0x65,0x78,
    0x5f,0x63,0x6f,0x6d,0x62,0x69,0x6e,0x65,0x64,0x44,0x65,0x6e,0x73,0x69,0x74,0x79,
    0x53,0x6d,0x70,0x2c,0x20,0x75,0x76,0x29,0x2c,0x20,0x76,0x65,0x63,0x34,0x28,0x30,
    0x2e,0x30,0x29,0x29,0x3b,0x0a,0x20,0x20,0x20,0x20,0x68,0x69,0x67,0x68,0x70,0x20,
    0x76,0x65,0x63,0x32,0x20,0x5f,0x34,0x38,0x20,0x3d,0x20,0x74,0x65,0x78,0x74,0x75,
    0x72,0x65,0x28,0x63,0x6f,0x6d,0x62,0x69,0x6e,0x65,0x64,0x56,0x65,0x6c,0x6f,0x63,
    0x69,0x74,0x79,0x54,0x65,0x78,0x5f,0x63,0x6f,0x6d,0x62,0x69,0x6e,0x65,0x64,0x56,
    0x65,0x6c,0x6f,0x63,0x69,0x74,0x79,0x53,0x6d,0x70,0x2c,0x20,0x75,0x76,0x29,0x2e,
    0x78,0x79,0x20,0x2a,0x20,0x76,0x69,0x73,0x75,0x61,0x6c,0x5f,0x70,0x61,0x72,0x61,
    0x6d,0x73,0x5b,0x33,0x5d,0x2e,0x78,0x3b,0x0a,0x20,0x20,0x20,0x20,0x68,0x69,0x67,
    0x68,0x70,0x20,0x66,0x6c,0x6f,0x61,0x74,0x20,0x5f,0x38,0x30,0x20,0x3d,0x20,0x63,
    0x6c,0x61,0x6d,0x70,0x28,0x28,0x28,0x28,0x5f,0x32,0x37,0x2e,0x78,0x20,0x2b,0x20,
    0x5f,0x32,0x37,0x2e,0x79,0x29,0x20,0x2b,0x20,0x5f,0x32,0x37,0x2e,0x7a,0x29,0x20,
    0x2a,0x20,0x30,0x2e,0x33,0x37,0x39,0x39,0x39,0x39,0x39,0x39,0x35,0x32,0x33,0x31,
    0x36,0x32,0x38,0x34,0x31,0x37,0x39,0x36,0x38,0x37,0x35,0x29,0x20,0x2b,0x20,0x28,
    0x5f,0x32,0x37,0x2e,0x77,0x20,0x2a,0x20,0x30,0x2e,0x35,0x35,0x30,0x30,0x30,0x30,
    0x30,0x31,0x31,0x39,0x32,0x30,0x39,0x32,0x38,0x39,0x35,0x35,0x30,0x37,0x38,0x31,
    0x32,0x35,0x29,0x2c,0x20,0x30,0x2e,0x30,0x2c,0x20,0x31,0x2e,0x30,0x29,0x3b,0x0a,
    0x20,0x20,0x20,0x20,0x68,0x69,0x67,0x68,0x70,0x20,0x66,0x6c,0x6f,0x61,0x74,0x20,
    0x5f,0x38,0x39,0x20,0x3d,0x20,0x73,0x6d,0x6f,0x6f,0x74,0x68,0x73,0x74,0x65,0x70,
    0x28,0x30,0x2e,0x30,0x31,0x34,0x39,0x39,0x39,0x39,0x39,0x39,0x36,0x36,0x34,0x37,
    0x32,0x33,0x38,0x37,0x33,0x31,0x33,0x38,0x34,0x32,0x37,0x37,0x33,0x34,0x33,0x37,
    0x35,0x2c,0x20,0x30,0x2e,0x37,0x35,0x2c,0x20,0x63,0x6c,0x61,0x6d,0x70,0x28,0x74,
    0x65,0x78,0x74,0x75,0x72,0x65,0x28,0x63,0x6f,0x6d,0x62,0x69,0x6e,0x65,0x64,0x54,
    0x65,0x6d,0x70,0x65,0x72,0x61,0x74,0x75,0x72,0x65,0x54,0x65,0x78,0x5f,0x63,0x6f,
    0x6d,0x62,0x69,0x6e,0x65,0x64,0x54,0x65,0x6d,0x70,0x65,0x72,0x61,0x74,0x75,0x72,
    0x65,0x53,0x6d,0x70,0x2c,0x20,0x75,0x76,0x29,0x2e,0x78,0x2c,0x20,0x30,0x2e,0x30,
    0x2c,0x20,0x31,0x2e,0x30,0x29,0x29,0x3b,0x0a,0x20,0x20,0x20,0x20,0x68,0x69,0x67,
    0x68,0x70,0x20,0x66,0x6c,0x6f,0x61,0x74,0x20,0x5f,0x31,0x30,0x33,0x20,0x3d,0x20,
    0x5f,0x34,0x38,0x2e,0x78,0x3b,0x0a,0x20,0x20,0x20,0x20,0x68,0x69,0x67,0x68,0x70,
    0x20,0x66,0x6c,0x6f,0x61,0x74,0x20,0x5f,0x31,0x30,0x37,0x20,0x3d,0x20,0x63,0x6c,
    0x61,0x6d,0x70,0x28,0x6c,0x65,0x6e,0x67,0x74,0x68,0x28,0x5f,0x34,0x38,0x29,0x2c,
    0x20,0x30,0x2e,0x30,0x2c,0x20,0x31,0x2e,0x30,0x29,0x20,0x2a,0x20,0x30,0x2e,0x31,
    0x31,0x39,0x39,0x39,0x39,0x39,0x39,0x37,0x33,0x31,0x37,0x37,0x39,0x30,0x39,0x38,
    0x35,0x31,0x30,0x37,0x34,0x32,0x31,0x38,0x37,0x35,0x3b,0x0a,0x20,0x20,0x20,0x20,
    0x68,0x69,0x67,0x68,0x70,0x20,0x66,0x6c,0x6f,0x61,0x74,0x20,0x5f,0x31,0x31,0x30,
    0x20,0x3d,0x20,0x5f,0x34,0x38,0x2e,0x79,0x3b,0x0a,0x20,0x20,0x20,0x20,0x66,0x72,
    0x61,0x67,0x5f,0x63,0x6f,0x6c,0x6f,0x72,0x20,0x3d,0x20,0x76,0x65,0x63,0x34,0x28,
    0x63,0x6c,0x61,0x6d,0x70,0x28,0x28,0x28,0x5f,0x32,0x37,0x2e,0x78,0x79,0x7a,0x20,
    0x2a,0x20,0x28,0x31,0x2e,0x30,0x38,0x30,0x30,0x30,0x30,0x30,0x34,0x32,0x39,0x31,
    0x35,0x33,0x34,0x34,0x32,0x33,0x38,0x32,0x38,0x31,0x32,0x35,0x20,0x2b,0x20,0x28,
    0x5f,0x38,0x30,0x20,0x2a,0x20,0x30,0x2e,0x33,0x34,0x39,0x39,0x39,0x39,0x39,0x39,
    0x34,0x30,0x33,0x39,0x35,0x33,0x35,0x35,0x32,0x32,0x34,0x36,0x30,0x39,0x33,0x37,
    0x35,0x29,0x29,0x29,0x20,0x2b,0x20,0x28,0x28,0x76,0x65,0x63,0x33,0x28,0x6d,0x61,
    0x78,0x28,0x5f,0x31,0x30,0x33,0x2c,0x20,0x30,0x2e,0x30,0x29,0x20,0x2b,0x20,0x5f,
    0x31,0x30,0x37,0x2c,0x20,0x6d,0x61,0x78,0x28,0x5f,0x31,0x31,0x30,0x2c,0x20,0x30,
    0x2e,0x30,0x29,0x20,0x2b,0x20,0x5f,0x31,0x30,0x37,0x2c,0x20,0x6d,0x61,0x78,0x28,
    0x28,0x2d,0x5f,0x31,0x30,0x33,0x29,0x20,0x2d,0x20,0x5f,0x31,0x31,0x30,0x2c,0x20,
    0x30,0x2e,0x30,0x29,0x29,0x20,0x2a,0x20,0x28,0x30,0x2e,0x32,0x35,0x20,0x2b,0x20,
    0x28,0x5f,0x38,0x30,0x20,0x2a,0x20,0x30,0x2e,0x37,0x35,0x29,0x29,0x29,0x20,0x2a,
    0x20,0x30,0x2e,0x36,0x34,0x39,0x39,0x39,0x39,0x39,0x37,0x36,0x31,0x35,0x38,0x31,
    0x34,0x32,0x30,0x38,0x39,0x38,0x34,0x33,0x37,0x35,0x29,0x29,0x20,0x2b,0x20,0x28,
    0x28,0x6d,0x69,0x78,0x28,0x76,0x65,0x63,0x33,0x28,0x30,0x2e,0x30,0x37,0x39,0x39,
    0x39,0x39,0x39,0x39,0x38,0x32,0x31,0x31,0x38,0x36,0x30,0x36,0x35,0x36,0x37,0x33,
    0x38,0x32,0x38,0x31,0x32,0x35,0x2c,0x20,0x30,0x2e,0x30,0x35,0x30,0x30,0x30,0x30,
    0x30,0x30,0x30,0x37,0x34,0x35,0x30,0x35,0x38,0x30,0x35,0x39,0x36,0x39,0x32,0x33,
    0x38,0x32,0x38,0x31,0x32,0x35,0x2c,0x20,0x30,0x2e,0x33,0x34,0x39,0x39,0x39,0x39,
    0x39,0x39,0x34,0x30,0x33,0x39,0x35,0x33,0x35,0x35,0x32,0x32,0x34,0x36,0x30,0x39,
    0x33,0x37,0x35,0x29,0x2c,0x20,0x76,0x65,0x63,0x33,0x28,0x31,0x2e,0x30,0x2c,0x20,
    0x30,0x2e,0x33,0x30,0x30,0x30,0x30,0x30,0x30,0x31,0x31,0x39,0x32,0x30,0x39,0x32,
    0x38,0x39,0x35,0x35,0x30,0x37,0x38,0x31,0x32,0x35,0x2c,0x20,0x30,0x2e,0x30,0x35,
    0x39,0x39,0x39,0x39,0x39,0x39,0x38,0x36,0x35,0x38,0x38,0x39,0x35,0x34,0x39,0x32,
    0x35,0x35,0x33,0x37,0x31,0x30,0x39,0x33,0x37,0x35,0x29,0x2c,0x20,0x76,0x65,0x63,
    0x33,0x28,0x5f,0x38,0x39,0x29,0x29,0x20,0x2a,0x20,0x5f,0x38,0x39,0x29,0x20,0x2a,
    0x20,0x30,0x2e,0x38,0x35,0x30,0x30,0x30,0x30,0x30,0x32,0x33,0x38,0x34,0x31,0x38,
    0x35,0x37,0x39,0x31,0x30,0x31,0x35,0x36,0x32,0x35,0x29,0x2c,0x20,0x76,0x65,0x63,
    0x33,0x28,0x30,0x2e,0x30,0x29,0x2c,0x20,0x76,0x65,0x63,0x33,0x28,0x31,0x2e,0x30,
    0x29,0x29,0x20,0x2a,0x20,0x76,0x69,0x73,0x75,0x61,0x6c,0x5f,0x70,0x61,0x72,0x61,
    0x6d,0x73,0x5b,0x30,0x5d,0x2e,0x78,0x79,0x7a,0x2c,0x20,0x76,0x69,0x73,0x75,0x61,
    0x6c,0x5f,0x70,0x61,0x72,0x61,0x6d,0x73,0x5b,0x30,0x5d,0x2e,0x77,0x29,0x3b,0x0a,
    0x7d,0x0a,0x0a,0x00,
};
/*
    static float4 gl_Position;
    static float2 position;
    static float2 uv;
    static float2 texcoord0;

    struct SPIRV_Cross_Input
    {
        float2 position : TEXCOORD0;
        float2 texcoord0 : TEXCOORD1;
    };

    struct SPIRV_Cross_Output
    {
        float2 uv : TEXCOORD0;
        float4 gl_Position : SV_Position;
    };

    void vert_main()
    {
        gl_Position = float4(position, 0.0f, 1.0f);
        uv = texcoord0;
    }

    SPIRV_Cross_Output main(SPIRV_Cross_Input stage_input)
    {
        position = stage_input.position;
        texcoord0 = stage_input.texcoord0;
        vert_main();
        SPIRV_Cross_Output stage_output;
        stage_output.gl_Position = gl_Position;
        stage_output.uv = uv;
        return stage_output;
    }
*/
static const uint8_t visualization_vs_source_hlsl5[665] = {
    0x73,0x74,0x61,0x74,0x69,0x63,0x20,0x66,0x6c,0x6f,0x61,0x74,0x34,0x20,0x67,0x6c,
    0x5f,0x50,0x6f,0x73,0x69,0x74,0x69,0x6f,0x6e,0x3b,0x0a,0x73,0x74,0x61,0x74,0x69,
    0x63,0x20,0x66,0x6c,0x6f,0x61,0x74,0x32,0x20,0x70,0x6f,0x73,0x69,0x74,0x69,0x6f,
    0x6e,0x3b,0x0a,0x73,0x74,0x61,0x74,0x69,0x63,0x20,0x66,0x6c,0x6f,0x61,0x74,0x32,
    0x20,0x75,0x76,0x3b,0x0a,0x73,0x74,0x61,0x74,0x69,0x63,0x20,0x66,0x6c,0x6f,0x61,
    0x74,0x32,0x20,0x74,0x65,0x78,0x63,0x6f,0x6f,0x72,0x64,0x30,0x3b,0x0a,0x0a,0x73,
    0x74,0x72,0x75,0x63,0x74,0x20,0x53,0x50,0x49,0x52,0x56,0x5f,0x43,0x72,0x6f,0x73,
    0x73,0x5f,0x49,0x6e,0x70,0x75,0x74,0x0a,0x7b,0x0a,0x20,0x20,0x20,0x20,0x66,0x6c,
    0x6f,0x61,0x74,0x32,0x20,0x70,0x6f,0x73,0x69,0x74,0x69,0x6f,0x6e,0x20,0x3a,0x20,
    0x54,0x45,0x58,0x43,0x4f,0x4f,0x52,0x44,0x30,0x3b,0x0a,0x20,0x20,0x20,0x20,0x66,
    0x6c,0x6f,0x61,0x74,0x32,0x20,0x74,0x65,0x78,0x63,0x6f,0x6f,0x72,0x64,0x30,0x20,
    0x3a,0x20,0x54,0x45,0x58,0x43,0x4f,0x4f,0x52,0x44,0x31,0x3b,0x0a,0x7d,0x3b,0x0a,
    0x0a,0x73,0x74,0x72,0x75,0x63,0x74,0x20,0x53,0x50,0x49,0x52,0x56,0x5f,0x43,0x72,
    0x6f,0x73,0x73,0x5f,0x4f,0x75,0x74,0x70,0x75,0x74,0x0a,0x7b,0x0a,0x20,0x20,0x20,
    0x20,0x66,0x6c,0x6f,0x61,0x74,0x32,0x20,0x75,0x76,0x20,0x3a,0x20,0x54,0x45,0x58,
    0x43,0x4f,0x4f,0x52,0x44,0x30,0x3b,0x0a,0x20,0x20,0x20,0x20,0x66,0x6c,0x6f,0x61,
    0x74,0x34,0x20,0x67,0x6c,0x5f,0x50,0x6f,0x73,0x69,0x74,0x69,0x6f,0x6e,0x20,0x3a,
    0x20,0x53,0x56,0x5f,0x50,0x6f,0x73,0x69,0x74,0x69,0x6f,0x6e,0x3b,0x0a,0x7d,0x3b,
    0x0a,0x0a,0x76,0x6f,0x69,0x64,0x20,0x76,0x65,0x72,0x74,0x5f,0x6d,0x61,0x69,0x6e,
    0x28,0x29,0x0a,0x7b,0x0a,0x20,0x20,0x20,0x20,0x67,0x6c,0x5f,0x50,0x6f,0x73,0x69,
    0x74,0x69,0x6f,0x6e,0x20,0x3d,0x20,0x66,0x6c,0x6f,0x61,0x74,0x34,0x28,0x70,0x6f,
    0x73,0x69,0x74,0x69,0x6f,0x6e,0x2c,0x20,0x30,0x2e,0x30,0x66,0x2c,0x20,0x31,0x2e,
    0x30,0x66,0x29,0x3b,0x0a,0x20,0x20,0x20,0x20,0x75,0x76,0x20,0x3d,0x20,0x74,0x65,
    0x78,0x63,0x6f,0x6f,0x72,0x64,0x30,0x3b,0x0a,0x7d,0x0a,0x0a,0x53,0x50,0x49,0x52,
    0x56,0x5f,0x43,0x72,0x6f,0x73,0x73,0x5f,0x4f,0x75,0x74,0x70,0x75,0x74,0x20,0x6d,
    0x61,0x69,0x6e,0x28,0x53,0x50,0x49,0x52,0x56,0x5f,0x43,0x72,0x6f,0x73,0x73,0x5f,
    0x49,0x6e,0x70,0x75,0x74,0x20,0x73,0x74,0x61,0x67,0x65,0x5f,0x69,0x6e,0x70,0x75,
    0x74,0x29,0x0a,0x7b,0x0a,0x20,0x20,0x20,0x20,0x70,0x6f,0x73,0x69,0x74,0x69,0x6f,
    0x6e,0x20,0x3d,0x20,0x73,0x74,0x61,0x67,0x65,0x5f,0x69,0x6e,0x70,0x75,0x74,0x2e,
    0x70,0x6f,0x73,0x69,0x74,0x69,0x6f,0x6e,0x3b,0x0a,0x20,0x20,0x20,0x20,0x74,0x65,
    0x78,0x63,0x6f,0x6f,0x72,0x64,0x30,0x20,0x3d,0x20,0x73,0x74,0x61,0x67,0x65,0x5f,
    0x69,0x6e,0x70,0x75,0x74,0x2e,0x74,0x65,0x78,0x63,0x6f,0x6f,0x72,0x64,0x30,0x3b,
    0x0a,0x20,0x20,0x20,0x20,0x76,0x65,0x72,0x74,0x5f,0x6d,0x61,0x69,0x6e,0x28,0x29,
    0x3b,0x0a,0x20,0x20,0x20,0x20,0x53,0x50,0x49,0x52,0x56,0x5f,0x43,0x72,0x6f,0x73,
    0x73,0x5f,0x4f,0x75,0x74,0x70,0x75,0x74,0x20,0x73,0x74,0x61,0x67,0x65,0x5f,0x6f,
    0x75,0x74,0x70,0x75,0x74,0x3b,0x0a,0x20,0x20,0x20,0x20,0x73,0x74,0x61,0x67,0x65,
    0x5f,0x6f,0x75,0x74,0x70,0x75,0x74,0x2e,0x67,0x6c,0x5f,0x50,0x6f,0x73,0x69,0x74,
    0x69,0x6f,0x6e,0x20,0x3d,0x20,0x67,0x6c,0x5f,0x50,0x6f,0x73,0x69,0x74,0x69,0x6f,
    0x6e,0x3b,0x0a,0x20,0x20,0x20,0x20,0x73,0x74,0x61,0x67,0x65,0x5f,0x6f,0x75,0x74,
    0x70,0x75,0x74,0x2e,0x75,0x76,0x20,0x3d,0x20,0x75,0x76,0x3b,0x0a,0x20,0x20,0x20,
    0x20,0x72,0x65,0x74,0x75,0x72,0x6e,0x20,0x73,0x74,0x61,0x67,0x65,0x5f,0x6f,0x75,
    0x74,0x70,0x75,0x74,0x3b,0x0a,0x7d,0x0a,0x00,
};
/*
    cbuffer visual_params : register(b0)
    {
        float4 _30_color : packoffset(c0);
        float4 _30_resolution : packoffset(c1);
        float4 _30_texel : packoffset(c2);
        float4 _30_options : packoffset(c3);
    };

    Texture2D<float4> visualInputTex : register(t0);
    SamplerState visualInputSmp : register(s0);

    static float2 uv;
    static float4 frag_color;

    struct SPIRV_Cross_Input
    {
        float2 uv : TEXCOORD0;
    };

    struct SPIRV_Cross_Output
    {
        float4 frag_color : SV_Target0;
    };

    void frag_main()
    {
        frag_color = float4(_30_color.xyz * clamp(visualInputTex.Sample(visualInputSmp, uv).x * _30_options.x, 0.0f, 1.0f), _30_color.w);
    }

    SPIRV_Cross_Output main(SPIRV_Cross_Input stage_input)
    {
        uv = stage_input.uv;
        frag_main();
        SPIRV_Cross_Output stage_output;
        stage_output.frag_color = frag_color;
        return stage_output;
    }
*/
static const uint8_t fs_visualize_scalar_source_hlsl5[833] = {
    0x63,0x62,0x75,0x66,0x66,0x65,0x72,0x20,0x76,0x69,0x73,0x75,0x61,0x6c,0x5f,0x70,
    0x61,0x72,0x61,0x6d,0x73,0x20,0x3a,0x20,0x72,0x65,0x67,0x69,0x73,0x74,0x65,0x72,
    0x28,0x62,0x30,0x29,0x0a,0x7b,0x0a,0x20,0x20,0x20,0x20,0x66,0x6c,0x6f,0x61,0x74,
    0x34,0x20,0x5f,0x33,0x30,0x5f,0x63,0x6f,0x6c,0x6f,0x72,0x20,0x3a,0x20,0x70,0x61,
    0x63,0x6b,0x6f,0x66,0x66,0x73,0x65,0x74,0x28,0x63,0x30,0x29,0x3b,0x0a,0x20,0x20,
    0x20,0x20,0x66,0x6c,0x6f,0x61,0x74,0x34,0x20,0x5f,0x33,0x30,0x5f,0x72,0x65,0x73,
    0x6f,0x6c,0x75,0x74,0x69,0x6f,0x6e,0x20,0x3a,0x20,0x70,0x61,0x63,0x6b,0x6f,0x66,
    0x66,0x73,0x65,0x74,0x28,0x63,0x31,0x29,0x3b,0x0a,0x20,0x20,0x20,0x20,0x66,0x6c,
    0x6f,0x61,0x74,0x34,0x20,0x5f,0x33,0x30,0x5f,0x74,0x65,0x78,0x65,0x6c,0x20,0x3a,
    0x20,0x70,0x61,0x63,0x6b,0x6f,0x66,0x66,0x73,0x65,0x74,0x28,0x63,0x32,0x29,0x3b,
    0x0a,0x20,0x20,0x20,0x20,0x66,0x6c,0x6f,0x61,0x74,0x34,0x20,0x5f,0x33,0x30,0x5f,
    0x6f,0x70,0x74,0x69,0x6f,0x6e,0x73,0x20,0x3a,0x20,0x70,0x61,0x63,0x6b,0x6f,0x66,
    0x66,0x73,0x65,0x74,0x28,0x63,0x33,0x29,0x3b,0x0a,0x7d,0x3b,0x0a,0x0a,0x54,0x65,
    0x78,0x74,0x75,0x72,0x65,0x32,0x44,0x3c,0x66,0x6c,0x6f,0x61,0x74,0x34,0x3e,0x20,
    0x76,0x69,0x73,0x75,0x61,0x6c,0x49,0x6e,0x70,0x75,0x74,0x54,0x65,0x78,0x20,0x3a,
    0x20,0x72,0x65,0x67,0x69,0x73,0x74,0x65,0x72,0x28,0x74,0x30,0x29,0x3b,0x0a,0x53,
    0x61,0x6d,0x70,0x6c,0x65,0x72,0x53,0x74,0x61,0x74,0x65,0x20,0x76,0x69,0x73,0x75,
    0x61,0x6c,0x49,0x6e,0x70,0x75,0x74,0x53,0x6d,0x70,0x20,0x3a,0x20,0x72,0x65,0x67,
    0x69,0x73,0x74,0x65,0x72,0x28,0x73,0x30,0x29,0x3b,0x0a,0x0a,0x73,0x74,0x61,0x74,
    0x69,0x63,0x20,0x66,0x6c,0x6f,0x61,0x74,0x32,0x20,0x75,0x76,0x3b,0x0a,0x73,0x74,
    0x61,0x74,0x69,0x63,0x20,0x66,0x6c,0x6f,0x61,0x74,0x34,0x20,0x66,0x72,0x61,0x67,
    0x5f,0x63,0x6f,0x6c,0x6f,0x72,0x3b,0x0a,0x0a,0x73,0x74,0x72,0x75,0x63,0x74,0x20,
    0x53,0x50,0x49,0x52,0x56,0x5f,0x43,0x72,0x6f,0x73,0x73,0x5f,0x49,0x6e,0x70,0x75,
    0x74,0x0a,0x7b,0x0a,0x20,0x20,0x20,0x20,0x66,0x6c,0x6f,0x61,0x74,0x32,0x20,0x75,
    0x76,0x20,0x3a,0x20,0x54,0x45,0x58,0x43,0x4f,0x4f,0x52,0x44,0x30,0x3b,0x0a,0x7d,
    0x3b,0x0a,0x0a,0x73,0x74,0x72,0x75,0x63,0x74,0x20,0x53,0x50,0x49,0x52,0x56,0x5f,
    0x43,0x72,0x6f,0x73,0x73,0x5f,0x4f,0x75,0x74,0x70,0x75,0x74,0x0a,0x7b,0x0a,0x20,
    0x20,0x20,0x20,0x66,0x6c,0x6f,0x61,0x74,0x34,0x20,0x66,0x72,0x61,0x67,0x5f,0x63,
    0x6f,0x6c,0x6f,0x72,0x20,0x3a,0x20,0x53,0x56,0x5f,0x54,0x61,0x72,0x67,0x65,0x74,
    0x30,0x3b,0x0a,0x7d,0x3b,0x0a,0x0a,0x76,0x6f,0x69,0x64,0x20,0x66,0x72,0x61,0x67,
    0x5f,0x6d,0x61,0x69,0x6e,0x28,0x29,0x0a,0x7b,0x0a,0x20,0x20,0x20,0x20,0x66,0x72,
    0x61,0x67,0x5f,0x63,0x6f,0x6c,0x6f,0x72,0x20,0x3d,0x20,0x66,0x6c,0x6f,0x61,0x74,
    0x34,0x28,0x5f,0x33,0x30,0x5f,0x63,0x6f,0x6c,0x6f,0x72,0x2e,0x78,0x79,0x7a,0x20,
    0x2a,0x20,0x63,0x6c,0x61,0x6d,0x70,0x28,0x76,0x69,0x73,0x75,0x61,0x6c,0x49,0x6e,
    0x70,0x75,0x74,0x54,0x65,0x78,0x2e,0x53,0x61,0x6d,0x70,0x6c,0x65,0x28,0x76,0x69,
    0x73,0x75,0x61,0x6c,0x49,0x6e,0x70,0x75,0x74,0x53,0x6d,0x70,0x2c,0x20,0x75,0x76,
    0x29,0x2e,0x78,0x20,0x2a,0x20,0x5f,0x33,0x30,0x5f,0x6f,0x70,0x74,0x69,0x6f,0x6e,
    0x73,0x2e,0x78,0x2c,0x20,0x30,0x2e,0x30,0x66,0x2c,0x20,0x31,0x2e,0x30,0x66,0x29,
    0x2c,0x20,0x5f,0x33,0x30,0x5f,0x63,0x6f,0x6c,0x6f,0x72,0x2e,0x77,0x29,0x3b,0x0a,
    0x7d,0x0a,0x0a,0x53,0x50,0x49,0x52,0x56,0x5f,0x43,0x72,0x6f,0x73,0x73,0x5f,0x4f,
    0x75,0x74,0x70,0x75,0x74,0x20,0x6d,0x61,0x69,0x6e,0x28,0x53,0x50,0x49,0x52,0x56,
    0x5f,0x43,0x72,0x6f,0x73,0x73,0x5f,0x49,0x6e,0x70,0x75,0x74,0x20,0x73,0x74,0x61,
    0x67,0x65,0x5f,0x69,0x6e,0x70,0x75,0x74,0x29,0x0a,0x7b,0x0a,0x20,0x20,0x20,0x20,
    0x75,0x76,0x20,0x3d,0x20,0x73,0x74,0x61,0x67,0x65,0x5f,0x69,0x6e,0x70,0x75,0x74,
    0x2e,0x75,0x76,0x3b,0x0a,0x20,0x20,0x20,0x20,0x66,0x72,0x61,0x67,0x5f,0x6d,0x61,
    0x69,0x6e,0x28,0x29,0x3b,0x0a,0x20,0x20,0x20,0x20,0x53,0x50,0x49,0x52,0x56,0x5f,
    0x43,0x72,0x6f,0x73,0x73,0x5f,0x4f,0x75,0x74,0x70,0x75,0x74,0x20,0x73,0x74,0x61,
    0x67,0x65,0x5f,0x6f,0x75,0x74,0x70,0x75,0x74,0x3b,0x0a,0x20,0x20,0x20,0x20,0x73,
    0x74,0x61,0x67,0x65,0x5f,0x6f,0x75,0x74,0x70,0x75,0x74,0x2e,0x66,0x72,0x61,0x67,
    0x5f,0x63,0x6f,0x6c,0x6f,0x72,0x20,0x3d,0x20,0x66,0x72,0x61,0x67,0x5f,0x63,0x6f,
    0x6c,0x6f,0x72,0x3b,0x0a,0x20,0x20,0x20,0x20,0x72,0x65,0x74,0x75,0x72,0x6e,0x20,
    0x73,0x74,0x61,0x67,0x65,0x5f,0x6f,0x75,0x74,0x70,0x75,0x74,0x3b,0x0a,0x7d,0x0a,
    0x00,
};
/*
    cbuffer visual_params : register(b0)
    {
        float4 _93_color : packoffset(c0);
        float4 _93_resolution : packoffset(c1);
        float4 _93_texel : packoffset(c2);
        float4 _93_options : packoffset(c3);
    };

    Texture2D<float4> visualDensityTex : register(t0);
    SamplerState visualDensitySmp : register(s0);

    static float2 uv;
    static float4 frag_color;

    struct SPIRV_Cross_Input
    {
        float2 uv : TEXCOORD0;
    };

    struct SPIRV_Cross_Output
    {
        float4 frag_color : SV_Target0;
    };

    void frag_main()
    {
        float4 _27 = max(visualDensityTex.Sample(visualDensitySmp, uv), 0.0f.xxxx);
        float _33 = _27.x;
        float _36 = _27.y;
        float _40 = _27.z;
        float _51 = clamp((((_33 + _36) + _40) * 0.37999999523162841796875f) + (_27.w * 0.550000011920928955078125f), 0.0f, 1.0f);
        frag_color = float4(float3(clamp((_33 * 1.17999994754791259765625f) + (_51 * 0.039999999105930328369140625f), 0.0f, 1.0f), clamp((_36 * 1.17999994754791259765625f) + (_51 * 0.0500000007450580596923828125f), 0.0f, 1.0f), clamp((_40 * 1.17999994754791259765625f) + (_51 * 0.0599999986588954925537109375f), 0.0f, 1.0f)) * _93_color.xyz, clamp(pow(_51, 0.7200000286102294921875f) * 1.35000002384185791015625f, 0.0f, 1.0f) * _93_color.w);
    }

    SPIRV_Cross_Output main(SPIRV_Cross_Input stage_input)
    {
        uv = stage_input.uv;
        frag_main();
        SPIRV_Cross_Output stage_output;
        stage_output.frag_color = frag_color;
        return stage_output;
    }
*/
static const uint8_t fs_visualize_density_source_hlsl5[1417] = {
    0x63,0x62,0x75,0x66,0x66,0x65,0x72,0x20,0x76,0x69,0x73,0x75,0x61,0x6c,0x5f,0x70,
    0x61,0x72,0x61,0x6d,0x73,0x20,0x3a,0x20,0x72,0x65,0x67,0x69,0x73,0x74,0x65,0x72,
    0x28,0x62,0x30,0x29,0x0a,0x7b,0x0a,0x20,0x20,0x20,0x20,0x66,0x6c,0x6f,0x61,0x74,
    0x34,0x20,0x5f,0x39,0x33,0x5f,0x63,0x6f,0x6c,0x6f,0x72,0x20,0x3a,0x20,0x70,0x61,
    0x63,0x6b,0x6f,0x66,0x66,0x73,0x65,0x74,0x28,0x63,0x30,0x29,0x3b,0x0a,0x20,0x20,
    0x20,0x20,0x66,0x6c,0x6f,0x61,0x74,0x34,0x20,0x5f,0x39,0x33,0x5f,0x72,0x65,0x73,
    0x6f,0x6c,0x75,0x74,0x69,0x6f,0x6e,0x20,0x3a,0x20,0x70,0x61,0x63,0x6b,0x6f,0x66,
    0x66,0x73,0x65,0x74,0x28,0x63,0x31,0x29,0x3b,0x0a,0x20,0x20,0x20,0x20,0x66,0x6c,
    0x6f,0x61,0x74,0x34,0x20,0x5f,0x39,0x33,0x5f,0x74,0x65,0x78,0x65,0x6c,0x20,0x3a,
    0x20,0x70,0x61,0x63,0x6b,0x6f,0x66,0x66,0x73,0x65,0x74,0x28,0x63,0x32,0x29,0x3b,
    0x0a,0x20,0x20,0x20,0x20,0x66,0x6c,0x6f,0x61,0x74,0x34,0x20,0x5f,0x39,0x33,0x5f,
    0x6f,0x70,0x74,0x69,0x6f,0x6e,0x73,0x20,0x3a,0x20,0x70,0x61,0x63,0x6b,0x6f,0x66,
    0x66,0x73,0x65,0x74,0x28,0x63,0x33,0x29,0x3b,0x0a,0x7d,0x3b,0x0a,0x0a,0x54,0x65,
    0x78,0x74,0x75,0x72,0x65,0x32,0x44,0x3c,0x66,0x6c,0x6f,0x61,0x74,0x34,0x3e,0x20,
    0x76,0x69,0x73,0x75,0x61,0x6c,0x44,0x65,0x6e,0x73,0x69,0x74,0x79,0x54,0x65,0x78,
    0x20,0x3a,0x20,0x72,0x65,0x67,0x69,0x73,0x74,0x65,0x72,0x28,0x74,0x30,0x29,0x3b,
    0x0a,0x53,0x61,0x6d,0x70,0x6c,0x65,0x72,0x53,0x74,0x61,0x74,0x65,0x20,0x76,0x69,
    0x73,0x75,0x61,0x6c,0x44,0x65,0x6e,0x73,0x69,0x74,0x79,0x53,0x6d,0x70,0x20,0x3a,
    0x20,0x72,0x65,0x67,0x69,0x73,0x74,0x65,0x72,0x28,0x73,0x30,0x29,0x3b,0x0a,0x0a,
    0x73,0x74,0x61,0x74,0x69,0x63,0x20,0x66,0x6c,0x6f,0x61,0x74,0x32,0x20,0x75,0x76,
    0x3b,0x0a,0x73,0x74,0x61,0x74,0x69,0x63,0x20,0x66,0x6c,0x6f,0x61,0x74,0x34,0x20,
    0x66,0x72,0x61,0x67,0x5f,0x63,0x6f,0x6c,0x6f,0x72,0x3b,0x0a,0x0a,0x73,0x74,0x72,
    0x75,0x63,0x74,0x20,0x53,0x50,0x49,0x52,0x56,0x5f,0x43,0x72,0x6f,0x73,0x73,0x5f,
    0x49,0x6e,0x70,0x75,0x74,0x0a,0x7b,0x0a,0x20,0x20,0x20,0x20,0x66,0x6c,0x6f,0x61,
    0x74,0x32,0x20,0x75,0x76,0x20,0x3a,0x20,0x54,0x45,0x58,0x43,0x4f,0x4f,0x52,0x44,
    0x30,0x3b,0x0a,0x7d,0x3b,0x0a,0x0a,0x73,0x74,0x72,0x75,0x63,0x74,0x20,0x53,0x50,
    0x49,0x52,0x56,0x5f,0x43,0x72,0x6f,0x73,0x73,0x5f,0x4f,0x75,0x74,0x70,0x75,0x74,
    0x0a,0x7b,0x0a,0x20,0x20,0x20,0x20,0x66,0x6c,0x6f,0x61,0x74,0x34,0x20,0x66,0x72,
    0x61,0x67,0x5f,0x63,0x6f,0x6c,0x6f,0x72,0x20,0x3a,0x20,0x53,0x56,0x5f,0x54,0x61,
    0x72,0x67,0x65,0x74,0x30,0x3b,0x0a,0x7d,0x3b,0x0a,0x0a,0x76,0x6f,0x69,0x64,0x20,
    0x66,0x72,0x61,0x67,0x5f,0x6d,0x61,0x69,0x6e,0x28,0x29,0x0a,0x7b,0x0a,0x20,0x20,
    0x20,0x20,0x66,0x6c,0x6f,0x61,0x74,0x34,0x20,0x5f,0x32,0x37,0x20,0x3d,0x20,0x6d,
    0x61,0x78,0x28,0x76,0x69,0x73,0x75,0x61,0x6c,0x44,0x65,0x6e,0x73,0x69,0x74,0x79,
    0x54,0x65,0x78,0x2e,0x53,0x61,0x6d,0x70,0x6c,0x65,0x28,0x76,0x69,0x73,0x75,0x61,
    0x6c,0x44,0x65,0x6e,0x73,0x69,0x74,0x79,0x53,0x6d,0x70,0x2c,0x20,0x75,0x76,0x29,
    0x2c,0x20,0x30,0x2e,0x30,0x66,0x2e,0x78,0x78,0x78,0x78,0x29,0x3b,0x0a,0x20,0x20,
    0x20,0x20,0x66,0x6c,0x6f,0x61,0x74,0x20,0x5f,0x33,0x33,0x20,0x3d,0x20,0x5f,0x32,
    0x37,0x2e,0x78,0x3b,0x0a,0x20,0x20,0x20,0x20,0x66,0x6c,0x6f,0x61,0x74,0x20,0x5f,
    0x33,0x36,0x20,0x3d,0x20,0x5f,0x32,0x37,0x2e,0x79,0x3b,0x0a,0x20,0x20,0x20,0x20,
    0x66,0x6c,0x6f,0x61,0x74,0x20,0x5f,0x34,0x30,0x20,0x3d,0x20,0x5f,0x32,0x37,0x2e,
    0x7a,0x3b,0x0a,0x20,0x20,0x20,0x20,0x66,0x6c,0x6f,0x61,0x74,0x20,0x5f,0x35,0x31,
    0x20,0x3d,0x20,0x63,0x6c,0x61,0x6d,0x70,0x28,0x28,0x28,0x28,0x5f,0x33,0x33,0x20,
    0x2b,0x20,0x5f,0x33,0x36,0x29,0x20,0x2b,0x20,0x5f,0x34,0x30,0x29,0x20,0x2a,0x20,
    0x30,0x2e,0x33,0x37,0x39,0x39,0x39,0x39,0x39,0x39,0x35,0x32,0x33,0x31,0x36,0x32,
    0x38,0x34,0x31,0x37,0x39,0x36,0x38,0x37,0x35,0x66,0x29,0x20,0x2b,0x20,0x28,0x5f,
    0x32,0x37,0x2e,0x77,0x20,0x2a,0x20,0x30,0x2e,0x35,0x35,0x30,0x30,0x30,0x30,0x30,
    0x31,0x31,0x39,0x32,0x30,0x39,0x32,0x38,0x39,0x35,0x35,0x30,0x37,0x38,0x31,0x32,
    0x35,0x66,0x29,0x2c,0x20,0x30,0x2e,0x30,0x66,0x2c,0x20,0x31,0x2e,0x30,0x66,0x29,
    0x3b,0x0a,0x20,0x20,0x20,0x20,0x66,0x72,0x61,0x67,0x5f,0x63,0x6f,0x6c,0x6f,0x72,
    0x20,0x3d,0x20,0x66,0x6c,0x6f,0x61,0x74,0x34,0x28,0x66,0x6c,0x6f,0x61,0x74,0x33,
    0x28,0x63,0x6c,0x61,0x6d,0x70,0x28,0x28,0x5f,0x33,0x33,0x20,0x2a,0x20,0x31,0x2e,
    0x31,0x37,0x39,0x39,0x39,0x39,0x39,0x34,0x37,0x35,0x34,0x37,0x39,0x31,0x32,0x35,
    0x39,0x37,0x36,0x35,0x36,0x32,0x35,0x66,0x29,0x20,0x2b,0x20,0x28,0x5f,0x35,0x31,
    0x20,0x2a,0x20,0x30,0x2e,0x30,0x33,0x39,0x39,0x39,0x39,0x39,0x39,0x39,0x31,0x30,
    0x35,0x39,0x33,0x30,0x33,0x32,0x38,0x33,0x36,0x39,0x31,0x34,0x30,0x36,0x32,0x35,
    0x66,0x29,0x2c,0x20,0x30,0x2e,0x30,0x66,0x2c,0x20,0x31,0x2e,0x30,0x66,0x29,0x2c,
    0x20,0x63,0x6c,0x61,0x6d,0x70,0x28,0x28,0x5f,0x33,0x36,0x20,0x2a,0x20,0x31,0x2e,
    0x31,0x37,0x39,0x39,0x39,0x39,0x39,0x34,0x37,0x35,0x34,0x37,0x39,0x31,0x32,0x35,
    0x39,0x37,0x36,0x35,0x36,0x32,0x35,0x66,0x29,0x20,0x2b,0x20,0x28,0x5f,0x35,0x31,
    0x20,0x2a,0x20,0x30,0x2e,0x30,0x35,0x30,0x30,0x30,0x30,0x30,0x30,0x30,0x37,0x34,
    0x35,0x30,0x35,0x38,0x30,0x35,0x39,0x36,0x39,0x32,0x33,0x38,0x32,0x38,0x31,0x32,
    0x35,0x66,0x29,0x2c,0x20,0x30,0x2e,0x30,0x66,0x2c,0x20,0x31,0x2e,0x30,0x66,0x29,
    0x2c,0x20,0x63,0x6c,0x61,0x6d,0x70,0x28,0x28,0x5f,0x34,0x30,0x20,0x2a,0x20,0x31,
    0x2e,0x31,0x37,0x39,0x39,0x39,0x39,0x39,0x34,0x37,0x35,0x34,0x37,0x39,0x31,0x32,
    0x35,0x39,0x37,0x36,0x35,0x36,0x32,0x35,0x66,0x29,0x20,0x2b,0x20,0x28,0x5f,0x35,
    0x31,0x20,0x2a,0x20,0x30,0x2e,0x30,0x35,0x39,0x39,0x39,0x39,0x39,0x39,0x38,0x36,
    0x35,0x38,0x38,0x39,0x35,0x34,0x39,0x32,0x35,0x35,0x33,0x37,0x31,0x30,0x39,0x33,
    0x37,0x35,0x66,0x29,0x2c,0x20,0x30,0x2e,0x30,0x66,0x2c,0x20,0x31,0x2e,0x30,0x66,
    0x29,0x29,0x20,0x2a,0x20,0x5f,0x39,0x33,0x5f,0x63,0x6f,0x6c,0x6f,0x72,0x2e,0x78,
    0x79,0x7a,0x2c,0x20,0x63,0x6c,0x61,0x6d,0x70,0x28,0x70,0x6f,0x77,0x28,0x5f,0x35,
    0x31,0x2c,0x20,0x30,0x2e,0x37,0x32,0x30,0x30,0x30,0x30,0x30,0x32,0x38,0x36,0x31,
    0x30,0x32,0x32,0x39,0x34,0x39,0x32,0x31,0x38,0x37,0x35,0x66,0x29,0x20,0x2a,0x20,
    0x31,0x2e,0x33,0x35,0x30,0x30,0x30,0x30,0x30,0x32,0x33,0x38,0x34,0x31,0x38,0x35,
    0x37,0x39,0x31,0x30,0x31,0x35,0x36,0x32,0x35,0x66,0x2c,0x20,0x30,0x2e,0x30,0x66,
    0x2c,0x20,0x31,0x2e,0x30,0x66,0x29,0x20,0x2a,0x20,0x5f,0x39,0x33,0x5f,0x63,0x6f,
    0x6c,0x6f,0x72,0x2e,0x77,0x29,0x3b,0x0a,0x7d,0x0a,0x0a,0x53,0x50,0x49,0x52,0x56,
    0x5f,0x43,0x72,0x6f,0x73,0x73,0x5f,0x4f,0x75,0x74,0x70,0x75,0x74,0x20,0x6d,0x61,
    0x69,0x6e,0x28,0x53,0x50,0x49,0x52,0x56,0x5f,0x43,0x72,0x6f,0x73,0x73,0x5f,0x49,
    0x6e,0x70,0x75,0x74,0x20,0x73,0x74,0x61,0x67,0x65,0x5f,0x69,0x6e,0x70,0x75,0x74,
    0x29,0x0a,0x7b,0x0a,0x20,0x20,0x20,0x20,0x75,0x76,0x20,0x3d,0x20,0x73,0x74,0x61,
    0x67,0x65,0x5f,0x69,0x6e,0x70,0x75,0x74,0x2e,0x75,0x76,0x3b,0x0a,0x20,0x20,0x20,
    0x20,0x66,0x72,0x61,0x67,0x5f,0x6d,0x61,0x69,0x6e,0x28,0x29,0x3b,0x0a,0x20,0x20,
    0x20,0x20,0x53,0x50,0x49,0x52,0x56,0x5f,0x43,0x72,0x6f,0x73,0x73,0x5f,0x4f,0x75,
    0x74,0x70,0x75,0x74,0x20,0x73,0x74,0x61,0x67,0x65,0x5f,0x6f,0x75,0x74,0x70,0x75,
    0x74,0x3b,0x0a,0x20,0x20,0x20,0x20,0x73,0x74,0x61,0x67,0x65,0x5f,0x6f,0x75,0x74,
    0x70,0x75,0x74,0x2e,0x66,0x72,0x61,0x67,0x5f,0x63,0x6f,0x6c,0x6f,0x72,0x20,0x3d,
    0x20,0x66,0x72,0x61,0x67,0x5f,0x63,0x6f,0x6c,0x6f,0x72,0x3b,0x0a,0x20,0x20,0x20,
    0x20,0x72,0x65,0x74,0x75,0x72,0x6e,0x20,0x73,0x74,0x61,0x67,0x65,0x5f,0x6f,0x75,
    0x74,0x70,0x75,0x74,0x3b,0x0a,0x7d,0x0a,0x00,
};
/*
    cbuffer visual_params : register(b0)
    {
        float4 _28_color : packoffset(c0);
        float4 _28_resolution : packoffset(c1);
        float4 _28_texel : packoffset(c2);
        float4 _28_options : packoffset(c3);
    };

    Texture2D<float4> visualVelocityTex : register(t0);
    SamplerState visualVelocitySmp : register(s0);

    static float2 uv;
    static float4 frag_color;

    struct SPIRV_Cross_Input
    {
        float2 uv : TEXCOORD0;
    };

    struct SPIRV_Cross_Output
    {
        float4 frag_color : SV_Target0;
    };

    void frag_main()
    {
        float2 _36 = visualVelocityTex.Sample(visualVelocitySmp, uv).xy * _28_options.x;
        float _47 = _36.x;
        float _51 = clamp(length(_36), 0.0f, 1.0f) * 0.100000001490116119384765625f;
        float _55 = _36.y;
        frag_color = float4(max(_47, 0.0f) + _51, max(_55, 0.0f) + _51, max((-_47) - _55, 0.0f), 1.0f) * _28_color;
    }

    SPIRV_Cross_Output main(SPIRV_Cross_Input stage_input)
    {
        uv = stage_input.uv;
        frag_main();
        SPIRV_Cross_Output stage_output;
        stage_output.frag_color = frag_color;
        return stage_output;
    }
*/
static const uint8_t fs_visualize_velocity_color_source_hlsl5[1029] = {
    0x63,0x62,0x75,0x66,0x66,0x65,0x72,0x20,0x76,0x69,0x73,0x75,0x61,0x6c,0x5f,0x70,
    0x61,0x72,0x61,0x6d,0x73,0x20,0x3a,0x20,0x72,0x65,0x67,0x69,0x73,0x74,0x65,0x72,
    0x28,0x62,0x30,0x29,0x0a,0x7b,0x0a,0x20,0x20,0x20,0x20,0x66,0x6c,0x6f,0x61,0x74,
    0x34,0x20,0x5f,0x32,0x38,0x5f,0x63,0x6f,0x6c,0x6f,0x72,0x20,0x3a,0x20,0x70,0x61,
    0x63,0x6b,0x6f,0x66,0x66,0x73,0x65,0x74,0x28,0x63,0x30,0x29,0x3b,0x0a,0x20,0x20,
    0x20,0x20,0x66,0x6c,0x6f,0x61,0x74,0x34,0x20,0x5f,0x32,0x38,0x5f,0x72,0x65,0x73,
    0x6f,0x6c,0x75,0x74,0x69,0x6f,0x6e,0x20,0x3a,0x20,0x70,0x61,0x63,0x6b,0x6f,0x66,
    0x66,0x73,0x65,0x74,0x28,0x63,0x31,0x29,0x3b,0x0a,0x20,0x20,0x20,0x20,0x66,0x6c,
    0x6f,0x61,0x74,0x34,0x20,0x5f,0x32,0x38,0x5f,0x74,0x65,0x78,0x65,0x6c,0x20,0x3a,
    0x20,0x70,0x61,0x63,0x6b,0x6f,0x66,0x66,0x73,0x65,0x74,0x28,0x63,0x32,0x29,0x3b,
    0x0a,0x20,0x20,0x20,0x20,0x66,0x6c,0x6f,0x61,0x74,0x34,0x20,0x5f,0x32,0x38,0x5f,
    0x6f,0x70,0x74,0x69,0x6f,0x6e,0x73,0x20,0x3a,0x20,0x70,0x61,0x63,0x6b,0x6f,0x66,
    0x66,0x73,0x65,0x74,0x28,0x63,0x33,0x29,0x3b,0x0a,0x7d,0x3b,0x0a,0x0a,0x54,0x65,
    0x78,0x74,0x75,0x72,0x65,0x32,0x44,0x3c,0x66,0x6c,0x6f,0x61,0x74,0x34,0x3e,0x20,
    0x76,0x69,0x73,0x75,0x61,0x6c,0x56,0x65,0x6c,0x6f,0x63,0x69,0x74,0x79,0x54,0x65,
    0x78,0x20,0x3a,0x20,0x72,0x65,0x67,0x69,0x73,0x74,0x65,0x72,0x28,0x74,0x30,0x29,
    0x3b,0x0a,0x53,0x61,0x6d,0x70,0x6c,0x65,0x72,0x53,0x74,0x61,0x74,0x65,0x20,0x76,
    0x69,0x73,0x75,0x61,0x6c,0x56,0x65,0x6c,0x6f,0x63,0x69,0x74,0x79,0x53,0x6d,0x70,
    0x20,0x3a,0x20,0x72,0x65,0x67,0x69,0x73,0x74,0x65,0x72,0x28,0x73,0x30,0x29,0x3b,
    0x0a,0x0a,0x73,0x74,0x61,0x74,0x69,0x63,0x20,0x66,0x6c,0x6f,0x61,0x74,0x32,0x20,
    0x75,0x76,0x3b,0x0a,0x73,0x74,0x61,0x74,0x69,0x63,0x20,0x66,0x6c,0x6f,0x61,0x74,
    0x34,0x20,0x66,0x72,0x61,0x67,0x5f,0x63,0x6f,0x6c,0x6f,0x72,0x3b,0x0a,0x0a,0x73,
    0x74,0x72,0x75,0x63,0x74,0x20,0x53,0x50,0x49,0x52,0x56,0x5f,0x43,0x72,0x6f,0x73,
    0x73,0x5f,0x49,0x6e,0x70,0x75,0x74,0x0a,0x7b,0x0a,0x20,0x20,0x20,0x20,0x66,0x6c,
    0x6f,0x61,0x74,0x32,0x20,0x75,0x76,0x20,0x3a,0x20,0x54,0x45,0x58,0x43,0x4f,0x4f,
    0x52,0x44,0x30,0x3b,0x0a,0x7d,0x3b,0x0a,0x0a,0x73,0x74,0x72,0x75,0x63,0x74,0x20,
    0x53,0x50,0x49,0x52,0x56,0x5f,0x43,0x72,0x6f,0x73,0x73,0x5f,0x4f,0x75,0x74,0x70,
    0x75,0x74,0x0a,0x7b,0x0a,0x20,0x20,0x20,0x20,0x66,0x6c,0x6f,0x61,0x74,0x34,0x20,
    0x66,0x72,0x61,0x67,0x5f,0x63,0x6f,0x6c,0x6f,0x72,0x20,0x3a,0x20,0x53,0x56,0x5f,
    0x54,0x61,0x72,0x67,0x65,0x74,0x30,0x3b,0x0a,0x7d,0x3b,0x0a,0x0a,0x76,0x6f,0x69,
    0x64,0x20,0x66,0x72,0x61,0x67,0x5f,0x6d,0x61,0x69,0x6e,0x28,0x29,0x0a,0x7b,0x0a,
    0x20,0x20,0x20,0x20,0x66,0x6c,0x6f,0x61,0x74,0x32,0x20,0x5f,0x33,0x36,0x20,0x3d,
    0x20,0x76,0x69,0x73,0x75,0x61,0x6c,0x56,0x65,0x6c,0x6f,0x63,0x69,0x74,0x79,0x54,
    0x65,0x78,0x2e,0x53,0x61,0x6d,0x70,0x6c,0x65,0x28,0x76,0x69,0x73,0x75,0x61,0x6c,
    0x56,0x65,0x6c,0x6f,0x63,0x69,0x74,0x79,0x53,0x6d,0x70,0x2c,0x20,0x75,0x76,0x29,
    0x2e,0x78,0x79,0x20,0x2a,0x20,0x5f,0x32,0x38,0x5f,0x6f,0x70,0x74,0x69,0x6f,0x6e,
    0x73,0x2e,0x78,0x3b,0x0a,0x20,0x20,0x20,0x20,0x66,0x6c,0x6f,0x61,0x74,0x20,0x5f,
    0x34,0x37,0x20,0x3d,0x20,0x5f,0x33,0x36,0x2e,0x78,0x3b,0x0a,0x20,0x20,0x20,0x20,
    0x66,0x6c,0x6f,0x61,0x74,0x20,0x5f,0x35,0x31,0x20,0x3d,0x20,0x63,0x6c,0x61,0x6d,
    0x70,0x28,0x6c,0x65,0x6e,0x67,0x74,0x68,0x28,0x5f,0x33,0x36,0x29,0x2c,0x20,0x30,
    0x2e,0x30,0x66,0x2c,0x20,0x31,0x2e,0x30,0x66,0x29,0x20,0x2a,0x20,0x30,0x2e,0x31,
    0x30,0x30,0x30,0x30,0x30,0x30,0x30,0x31,0x34,0x39,0x30,0x31,0x31,0x36,0x31,0x31,
    0x39,0x33,0x38,0x34,0x37,0x36,0x35,0x36,0x32,0x35,0x66,0x3b,0x0a,0x20,0x20,0x20,
    0x20,0x66,0x6c,0x6f,0x61,0x74,0x20,0x5f,0x35,0x35,0x20,0x3d,0x20,0x5f,0x33,0x36,
    0x2e,0x79,0x3b,0x0a,0x20,0x20,0x20,0x20,0x66,0x72,0x61,0x67,0x5f,0x63,0x6f,0x6c,
    0x6f,0x72,0x20,0x3d,0x20,0x66,0x6c,0x6f,0x61,0x74,0x34,0x28,0x6d,0x61,0x78,0x28,
    0x5f,0x34,0x37,0x2c,0x20,0x30,0x2e,0x30,0x66,0x29,0x20,0x2b,0x20,0x5f,0x35,0x31,
    0x2c,0x20,0x6d,0x61,0x78,0x28,0x5f,0x35,0x35,0x2c,0x20,0x30,0x2e,0x30,0x66,0x29,
    0x20,0x2b,0x20,0x5f,0x35,0x31,0x2c,0x20,0x6d,0x61,0x78,0x28,0x28,0x2d,0x5f,0x34,
    0x37,0x29,0x20,0x2d,0x20,0x5f,0x35,0x35,0x2c,0x20,0x30,0x2e,0x30,0x66,0x29,0x2c,
    0x20,0x31,0x2e,0x30,0x66,0x29,0x20,0x2a,0x20,0x5f,0x32,0x38,0x5f,0x63,0x6f,0x6c,
    0x6f,0x72,0x3b,0x0a,0x7d,0x0a,0x0a,0x53,0x50,0x49,0x52,0x56,0x5f,0x43,0x72,0x6f,
    0x73,0x73,0x5f,0x4f,0x75,0x74,0x70,0x75,0x74,0x20,0x6d,0x61,0x69,0x6e,0x28,0x53,
    0x50,0x49,0x52,0x56,0x5f,0x43,0x72,0x6f,0x73,0x73,0x5f,0x49,0x6e,0x70,0x75,0x74,
    0x20,0x73,0x74,0x61,0x67,0x65,0x5f,0x69,0x6e,0x70,0x75,0x74,0x29,0x0a,0x7b,0x0a,
    0x20,0x20,0x20,0x20,0x75,0x76,0x20,0x3d,0x20,0x73,0x74,0x61,0x67,0x65,0x5f,0x69,
    0x6e,0x70,0x75,0x74,0x2e,0x75,0x76,0x3b,0x0a,0x20,0x20,0x20,0x20,0x66,0x72,0x61,
    0x67,0x5f,0x6d,0x61,0x69,0x6e,0x28,0x29,0x3b,0x0a,0x20,0x20,0x20,0x20,0x53,0x50,
    0x49,0x52,0x56,0x5f,0x43,0x72,0x6f,0x73,0x73,0x5f,0x4f,0x75,0x74,0x70,0x75,0x74,
    0x20,0x73,0x74,0x61,0x67,0x65,0x5f,0x6f,0x75,0x74,0x70,0x75,0x74,0x3b,0x0a,0x20,
    0x20,0x20,0x20,0x73,0x74,0x61,0x67,0x65,0x5f,0x6f,0x75,0x74,0x70,0x75,0x74,0x2e,
    0x66,0x72,0x61,0x67,0x5f,0x63,0x6f,0x6c,0x6f,0x72,0x20,0x3d,0x20,0x66,0x72,0x61,
    0x67,0x5f,0x63,0x6f,0x6c,0x6f,0x72,0x3b,0x0a,0x20,0x20,0x20,0x20,0x72,0x65,0x74,
    0x75,0x72,0x6e,0x20,0x73,0x74,0x61,0x67,0x65,0x5f,0x6f,0x75,0x74,0x70,0x75,0x74,
    0x3b,0x0a,0x7d,0x0a,0x00,
};
/*
    cbuffer visual_params : register(b0)
    {
        float4 _30_color : packoffset(c0);
        float4 _30_resolution : packoffset(c1);
        float4 _30_texel : packoffset(c2);
        float4 _30_options : packoffset(c3);
    };

    Texture2D<float4> visualPressureTex : register(t0);
    SamplerState visualPressureSmp : register(s0);

    static float2 uv;
    static float4 frag_color;

    struct SPIRV_Cross_Input
    {
        float2 uv : TEXCOORD0;
    };

    struct SPIRV_Cross_Output
    {
        float4 frag_color : SV_Target0;
    };

    void frag_main()
    {
        float _36 = visualPressureTex.Sample(visualPressureSmp, uv).x * _30_options.x;
        frag_color = float4(clamp((float3(0.0500000007450580596923828125f, 0.2800000011920928955078125f, 0.85000002384185791015625f) * max(-_36, 0.0f)) + (0.949999988079071044921875f.xxx * max(_36, 0.0f)), 0.0f.xxx, 1.0f.xxx), 1.0f) * _30_color;
    }

    SPIRV_Cross_Output main(SPIRV_Cross_Input stage_input)
    {
        uv = stage_input.uv;
        frag_main();
        SPIRV_Cross_Output stage_output;
        stage_output.frag_color = frag_color;
        return stage_output;
    }
*/
static const uint8_t fs_visualize_pressure_source_hlsl5[1030] = {
    0x63,0x62,0x75,0x66,0x66,0x65,0x72,0x20,0x76,0x69,0x73,0x75,0x61,0x6c,0x5f,0x70,
    0x61,0x72,0x61,0x6d,0x73,0x20,0x3a,0x20,0x72,0x65,0x67,0x69,0x73,0x74,0x65,0x72,
    0x28,0x62,0x30,0x29,0x0a,0x7b,0x0a,0x20,0x20,0x20,0x20,0x66,0x6c,0x6f,0x61,0x74,
    0x34,0x20,0x5f,0x33,0x30,0x5f,0x63,0x6f,0x6c,0x6f,0x72,0x20,0x3a,0x20,0x70,0x61,
    0x63,0x6b,0x6f,0x66,0x66,0x73,0x65,0x74,0x28,0x63,0x30,0x29,0x3b,0x0a,0x20,0x20,
    0x20,0x20,0x66,0x6c,0x6f,0x61,0x74,0x34,0x20,0x5f,0x33,0x30,0x5f,0x72,0x65,0x73,
    0x6f,0x6c,0x75,0x74,0x69,0x6f,0x6e,0x20,0x3a,0x20,0x70,0x61,0x63,0x6b,0x6f,0x66,
    0x66,0x73,0x65,0x74,0x28,0x63,0x31,0x29,0x3b,0x0a,0x20,0x20,0x20,0x20,0x66,0x6c,
    0x6f,0x61,0x74,0x34,0x20,0x5f,0x33,0x30,0x5f,0x74,0x65,0x78,0x65,0x6c,0x20,0x3a,
    0x20,0x70,0x61,0x63,0x6b,0x6f,0x66,0x66,0x73,0x65,0x74,0x28,0x63,0x32,0x29,0x3b,
    0x0a,0x20,0x20,0x20,0x20,0x66,0x6c,0x6f,0x61,0x74,0x34,0x20,0x5f,0x33,0x30,0x5f,
    0x6f,0x70,0x74,0x69,0x6f,0x6e,0x73,0x20,0x3a,0x20,0x70,0x61,0x63,0x6b,0x6f,0x66,
    0x66,0x73,0x65,0x74,0x28,0x63,0x33,0x29,0x3b,0x0a,0x7d,0x3b,0x0a,0x0a,0x54,0x65,
    0x78,0x74,0x75,0x72,0x65,0x32,0x44,0x3c,0x66,0x6c,0x6f,0x61,0x74,0x34,0x3e,0x20,
    0x76,0x69,0x73,0x75,0x61,0x6c,0x50,0x72,0x65,0x73,0x73,0x75,0x72,0x65,0x54,0x65,
    0x78,0x20,0x3a,0x20,0x72,0x65,0x67,0x69,0x73,0x74,0x65,0x72,0x28,0x74,0x30,0x29,
    0x3b,0x0a,0x53,0x61,0x6d,0x70,0x6c,0x65,0x72,0x53,0x74,0x61,0x74,0x65,0x20,0x76,
    0x69,0x73,0x75,0x61,0x6c,0x50,0x72,0x65,0x73,0x73,0x75,0x72,0x65,0x53,0x6d,0x70,
    0x20,0x3a,0x20,0x72,0x65,0x67,0x69,0x73,0x74,0x65,0x72,0x28,0x73,0x30,0x29,0x3b,
    0x0a,0x0a,0x73,0x74,0x61,0x74,0x69,0x63,0x20,0x66,0x6c,0x6f,0x61,0x74,0x32,0x20,
    0x75,0x76,0x3b,0x0a,0x73,0x74,0x61,0x74,0x69,0x63,0x20,0x66,0x6c,0x6f,0x61,0x74,
    0x34,0x20,0x66,0x72,0x61,0x67,0x5f,0x63,0x6f,0x6c,0x6f,0x72,0x3b,0x0a,0x0a,0x73,
    0x74,0x72,0x75,0x63,0x74,0x20,0x53,0x50,0x49,0x52,0x56,0x5f,0x43,0x72,0x6f,0x73,
    0x73,0x5f,0x49,0x6e,0x70,0x75,0x74,0x0a,0x7b,0x0a,0x20,0x20,0x20,0x20,0x66,0x6c,
    0x6f,0x61,0x74,0x32,0x20,0x75,0x76,0x20,0x3a,0x20,0x54,0x45,0x58,0x43,0x4f,0x4f,
    0x52,0x44,0x30,0x3b,0x0a,0x7d,0x3b,0x0a,0x0a,0x73,0x74,0x72,0x75,0x63,0x74,0x20,
    0x53,0x50,0x49,0x52,0x56,0x5f,0x43,0x72,0x6f,0x73,0x73,0x5f,0x4f,0x75,0x74,0x70,
    0x75,0x74,0x0a,0x7b,0x0a,0x20,0x20,0x20,0x20,0x66,0x6c,0x6f,0x61,0x74,0x34,0x20,
    0x66,0x72,0x61,0x67,0x5f,0x63,0x6f,0x6c,0x6f,0x72,0x20,0x3a,0x20,0x53,0x56,0x5f,
    0x54,0x61,0x72,0x67,0x65,0x74,0x30,0x3b,0x0a,0x7d,0x3b,0x0a,0x0a,0x76,0x6f,0x69,
    0x64,0x20,0x66,0x72,0x61,0x67,0x5f,0x6d,0x61,0x69,0x6e,0x28,0x29,0x0a,0x7b,0x0a,
    0x20,0x20,0x20,0x20,0x66,0x6c,0x6f,0x61,0x74,0x20,0x5f,0x33,0x36,0x20,0x3d,0x20,
    0x76,0x69,0x73,0x75,0x61,0x6c,0x50,0x72,0x65,0x73,0x73,0x75,0x72,0x65,0x54,0x65,
    0x78,0x2e,0x53,0x61,0x6d,0x70,0x6c,0x65,0x28,0x76,0x69,0x73,0x75,0x61,0x6c,0x50,
    0x72,0x65,0x73,0x73,0x75,0x72,0x65,0x53,0x6d,0x70,0x2c,0x20,0x75,0x76,0x29,0x2e,
    0x78,0x20,0x2a,0x20,0x5f,0x33,0x30,0x5f,0x6f,0x70,0x74,0x69,0x6f,0x6e,0x73,0x2e,
    0x78,0x3b,0x0a,0x20,0x20,0x20,0x20,0x66,0x72,0x61,0x67,0x5f,0x63,0x6f,0x6c,0x6f,
    0x72,0x20,0x3d,0x20,0x66,0x6c,0x6f,0x61,0x74,0x34,0x28,0x63,0x6c,0x61,0x6d,0x70,
    0x28,0x28,0x66,0x6c,0x6f,0x61,0x74,0x33,0x28,0x30,0x2e,0x30,0x35,0x30,0x30,0x30,
    0x30,0x30,0x30,0x30,0x37,0x34,0x35,0x30,0x35,0x38,0x30,0x35,0x39,0x36,0x39,0x32,
    0x33,0x38,0x32,0x38,0x31,0x32,0x35,0x66,0x2c,0x20,0x30,0x2e,0x32,0x38,0x30,0x30,
    0x30,0x30,0x30,0x30,0x31,0x31,0x39,0x32,0x30,0x39,0x32,0x38,0x39,0x35,0x35,0x30,
    0x37,0x38,0x31,0x32,0x35,0x66,0x2c,0x20,0x30,0x2e,0x38,0x35,0x30,0x30,0x30,0x30,
    0x30,0x32,0x33,0x38,0x34,0x31,0x38,0x35,0x37,0x39,0x31,0x30,0x31,0x35,0x36,0x32,
    0x35,0x66,0x29,0x20,0x2a,0x20,0x6d,0x61,0x78,0x28,0x2d,0x5f,0x33,0x36,0x2c,0x20,
    0x30,0x2e,0x30,0x66,0x29,0x29,0x20,0x2b,0x20,0x28,0x30,0x2e,0x39,0x34,0x39,0x39,
    0x39,0x39,0x39,0x38,0x38,0x30,0x37,0x39,0x30,0x37,0x31,0x30,0x34,0x34,0x39,0x32,
    0x31,0x38,0x37,0x35,0x66,0x2e,0x78,0x78,0x78,0x20,0x2a,0x20,0x6d,0x61,0x78,0x28,
    0x5f,0x33,0x36,0x2c,0x20,0x30,0x2e,0x30,0x66,0x29,0x29,0x2c,0x20,0x30,0x2e,0x30,
    0x66,0x2e,0x78,0x78,0x78,0x2c,0x20,0x31,0x2e,0x30,0x66,0x2e,0x78,0x78,0x78,0x29,
    0x2c,0x20,0x31,0x2e,0x30,0x66,0x29,0x20,0x2a,0x20,0x5f,0x33,0x30,0x5f,0x63,0x6f,
    0x6c,0x6f,0x72,0x3b,0x0a,0x7d,0x0a,0x0a,0x53,0x50,0x49,0x52,0x56,0x5f,0x43,0x72,
    0x6f,0x73,0x73,0x5f,0x4f,0x75,0x74,0x70,0x75,0x74,0x20,0x6d,0x61,0x69,0x6e,0x28,
    0x53,0x50,0x49,0x52,0x56,0x5f,0x43,0x72,0x6f,0x73,0x73,0x5f,0x49,0x6e,0x70,0x75,
    0x74,0x20,0x73,0x74,0x61,0x67,0x65,0x5f,0x69,0x6e,0x70,0x75,0x74,0x29,0x0a,0x7b,
    0x0a,0x20,0x20,0x20,0x20,0x75,0x76,0x20,0x3d,0x20,0x73,0x74,0x61,0x67,0x65,0x5f,
    0x69,0x6e,0x70,0x75,0x74,0x2e,0x75,0x76,0x3b,0x0a,0x20,0x20,0x20,0x20,0x66,0x72,
    0x61,0x67,0x5f,0x6d,0x61,0x69,0x6e,0x28,0x29,0x3b,0x0a,0x20,0x20,0x20,0x20,0x53,
    0x50,0x49,0x52,0x56,0x5f,0x43,0x72,0x6f,0x73,0x73,0x5f,0x4f,0x75,0x74,0x70,0x75,
    0x74,0x20,0x73,0x74,0x61,0x67,0x65,0x5f,0x6f,0x75,0x74,0x70,0x75,0x74,0x3b,0x0a,
    0x20,0x20,0x20,0x20,0x73,0x74,0x61,0x67,0x65,0x5f,0x6f,0x75,0x74,0x70,0x75,0x74,
    0x2e,0x66,0x72,0x61,0x67,0x5f,0x63,0x6f,0x6c,0x6f,0x72,0x20,0x3d,0x20,0x66,0x72,
    0x61,0x67,0x5f,0x63,0x6f,0x6c,0x6f,0x72,0x3b,0x0a,0x20,0x20,0x20,0x20,0x72,0x65,
    0x74,0x75,0x72,0x6e,0x20,0x73,0x74,0x61,0x67,0x65,0x5f,0x6f,0x75,0x74,0x70,0x75,
    0x74,0x3b,0x0a,0x7d,0x0a,0x00,
};
/*
    cbuffer visual_params : register(b0)
    {
        float4 _30_color : packoffset(c0);
        float4 _30_resolution : packoffset(c1);
        float4 _30_texel : packoffset(c2);
        float4 _30_options : packoffset(c3);
    };

    Texture2D<float4> visualTemperatureTex : register(t0);
    SamplerState visualTemperatureSmp : register(s0);

    static float2 uv;
    static float4 frag_color;

    struct SPIRV_Cross_Input
    {
        float2 uv : TEXCOORD0;
    };

    struct SPIRV_Cross_Output
    {
        float4 frag_color : SV_Target0;
    };

    void frag_main()
    {
        float _39 = clamp(visualTemperatureTex.Sample(visualTemperatureSmp, uv).x * _30_options.x, 0.0f, 1.0f);
        frag_color = float4(lerp(float3(0.0500000007450580596923828125f, 0.119999997317790985107421875f, 0.85000002384185791015625f), float3(1.0f, 0.319999992847442626953125f, 0.07999999821186065673828125f), _39.xxx) * smoothstep(0.00999999977648258209228515625f, 0.119999997317790985107421875f, _39), 1.0f) * _30_color;
    }

    SPIRV_Cross_Output main(SPIRV_Cross_Input stage_input)
    {
        uv = stage_input.uv;
        frag_main();
        SPIRV_Cross_Output stage_output;
        stage_output.frag_color = frag_color;
        return stage_output;
    }
*/
static const uint8_t fs_visualize_temperature_source_hlsl5[1136] = {
    0x63,0x62,0x75,0x66,0x66,0x65,0x72,0x20,0x76,0x69,0x73,0x75,0x61,0x6c,0x5f,0x70,
    0x61,0x72,0x61,0x6d,0x73,0x20,0x3a,0x20,0x72,0x65,0x67,0x69,0x73,0x74,0x65,0x72,
    0x28,0x62,0x30,0x29,0x0a,0x7b,0x0a,0x20,0x20,0x20,0x20,0x66,0x6c,0x6f,0x61,0x74,
    0x34,0x20,0x5f,0x33,0x30,0x5f,0x63,0x6f,0x6c,0x6f,0x72,0x20,0x3a,0x20,0x70,0x61,
    0x63,0x6b,0x6f,0x66,0x66,0x73,0x65,0x74,0x28,0x63,0x30,0x29,0x3b,0x0a,0x20,0x20,
    0x20,0x20,0x66,0x6c,0x6f,0x61,0x74,0x34,0x20,0x5f,0x33,0x30,0x5f,0x72,0x65,0x73,
    0x6f,0x6c,0x75,0x74,0x69,0x6f,0x6e,0x20,0x3a,0x20,0x70,0x61,0x63,0x6b,0x6f,0x66,
    0x66,0x73,0x65,0x74,0x28,0x63,0x31,0x29,0x3b,0x0a,0x20,0x20,0x20,0x20,0x66,0x6c,
    0x6f,0x61,0x74,0x34,0x20,0x5f,0x33,0x30,0x5f,0x74,0x65,0x78,0x65,0x6c,0x20,0x3a,
    0x20,0x70,0x61,0x63,0x6b,0x6f,0x66,0x66,0x73,0x65,0x74,0x28,0x63,0x32,0x29,0x3b,
    0x0a,0x20,0x20,0x20,0x20,0x66,0x6c,0x6f,0x61,0x74,0x34,0x20,0x5f,0x33,0x30,0x5f,
    0x6f,0x70,0x74,0x69,0x6f,0x6e,0x73,0x20,0x3a,0x20,0x70,0x61,0x63,0x6b,0x6f,0x66,
    0x66,0x73,0x65,0x74,0x28,0x63,0x33,0x29,0x3b,0x0a,0x7d,0x3b,0x0a,0x0a,0x54,0x65,
    0x78,0x74,0x75,0x72,0x65,0x32,0x44,0x3c,0x66,0x6c,0x6f,0x61,0x74,0x34,0x3e,0x20,
    0x76,0x69,0x73,0x75,0x61,0x6c,0x54,0x65,0x6d,0x70,0x65,0x72,0x61,0x74,0x75,0x72,
    0x65,0x54,0x65,0x78,0x20,0x3a,0x20,0x72,0x65,0x67,0x69,0x73,0x74,0x65,0x72,0x28,
    0x74,0x30,0x29,0x3b,0x0a,0x53,0x61,0x6d,0x70,0x6c,0x65,0x72,0x53,0x74,0x61,0x74,
    0x65,0x20,0x76,0x69,0x73,0x75,0x61,0x6c,0x54,0x65,0x6d,0x70,0x65,0x72,0x61,0x74,
    0x75,0x72,0x65,0x53,0x6d,0x70,0x20,0x3a,0x20,0x72,0x65,0x67,0x69,0x73,0x74,0x65,
    0x72,0x28,0x73,0x30,0x29,0x3b,0x0a,0x0a,0x73,0x74,0x61,0x74,0x69,0x63,0x20,0x66,
    0x6c,0x6f,0x61,0x74,0x32,0x20,0x75,0x76,0x3b,0x0a,0x73,0x74,0x61,0x74,0x69,0x63,
    0x20,0x66,0x6c,0x6f,0x61,0x74,0x34,0x20,0x66,0x72,0x61,0x67,0x5f,0x63,0x6f,0x6c,
    0x6f,0x72,0x3b,0x0a,0x0a,0x73,0x74,0x72,0x75,0x63,0x74,0x20,0x53,0x50,0x49,0x52,
    0x56,0x5f,0x43,0x72,0x6f,0x73,0x73,0x5f,0x49,0x6e,0x70,0x75,0x74,0x0a,0x7b,0x0a,
    0x20,0x20,0x20,0x20,0x66,0x6c,0x6f,0x61,0x74,0x32,0x20,0x75,0x76,0x20,0x3a,0x20,
    0x54,0x45,0x58,0x43,0x4f,0x4f,0x52,0x44,0x30,0x3b,0x0a,0x7d,0x3b,0x0a,0x0a,0x73,
    0x74,0x72,0x75,0x63,0x74,0x20,0x53,0x50,0x49,0x52,0x56,0x5f,0x43,0x72,0x6f,0x73,
    0x73,0x5f,0x4f,0x75,0x74,0x70,0x75,0x74,0x0a,0x7b,0x0a,0x20,0x20,0x20,0x20,0x66,
    0x6c,0x6f,0x61,0x74,0x34,0x20,0x66,0x72,0x61,0x67,0x5f,0x63,0x6f,0x6c,0x6f,0x72,
    0x20,0x3a,0x20,0x53,0x56,0x5f,0x54,0x61,0x72,0x67,0x65,0x74,0x30,0x3b,0x0a,0x7d,
    0x3b,0x0a,0x0a,0x76,0x6f,0x69,0x64,0x20,0x66,0x72,0x61,0x67,0x5f,0x6d,0x61,0x69,
    0x6e,0x28,0x29,0x0a,0x7b,0x0a,0x20,0x20,0x20,0x20,0x66,0x6c,0x6f,0x61,0x74,0x20,
    0x5f,0x33,0x39,0x20,0x3d,0x20,0x63,0x6c,0x61,0x6d,0x70,0x28,0x76,0x69,0x73,0x75,
    0x61,0x6c,0x54,0x65,0x6d,0x70,0x65,0x72,0x61,0x74,0x75,0x72,0x65,0x54,0x65,0x78,
    0x2e,0x53,0x61,0x6d,0x70,0x6c,0x65,0x28,0x76,0x69,0x73,0x75,0x61,0x6c,0x54,0x65,
    0x6d,0x70,0x65,0x72,0x61,0x74,0x75,0x72,0x65,0x53,0x6d,0x70,0x2c,0x20,0x75,0x76,
    0x29,0x2e,0x78,0x20,0x2a,0x20,0x5f,0x33,0x30,0x5f,0x6f,0x70,0x74,0x69,0x6f,0x6e,
    0x73,0x2e,0x78,0x2c,0x20,0x30,0x2e,0x30,0x66,0x2c,0x20,0x31,0x2e,0x30,0x66,0x29,
    0x3b,0x0a,0x20,0x20,0x20,0x20,0x66,0x72,0x61,0x67,0x5f,0x63,0x6f,0x6c,0x6f,0x72,
    0x20,0x3d,0x20,0x66,0x6c,0x6f,0x61,0x74,0x34,0x28,0x6c,0x65,0x72,0x70,0x28,0x66,
    0x6c,0x6f,0x61,0x74,0x33,0x28,0x30,0x2e,0x30,0x35,0x30,0x30,0x30,0x30,0x30,0x30,
    0x30,0x37,0x34,0x35,0x30,0x35,0x38,0x30,0x35,0x39,0x36,0x39,0x32,0x33,0x38,0x32,
    0x38,0x31,0x32,0x35,0x66,0x2c,0x20,0x30,0x2e,0x31,0x31,0x39,0x39,0x39,0x39,0x39,
    0x39,0x37,0x33,0x31,0x37,0x37,0x39,0x30,0x39,0x38,0x35,0x31,0x30,0x37,0x34,0x32,
    0x31,0x38,0x37,0x35,0x66,0x2c,0x20,0x30,0x2e,0x38,0x35,0x30,0x30,0x30,0x30,0x30,
    0x32,0x33,0x38,0x34,0x31,0x38,0x35,0x37,0x39,0x31,0x30,0x31,0x35,0x36,0x32,0x35,
    0x66,0x29,0x2c,0x20,0x66,0x6c,0x6f,0x61,0x74,0x33,0x28,0x31,0x2e,0x30,0x66,0x2c,
    0x20,0x30,0x2e,0x33,0x31,0x39,0x39,0x39,0x39,0x39,0x39,0x32,0x38,0x34,0x37,0x34,
    0x34,0x32,0x36,0x32,0x36,0x39,0x35,0x33,0x31,0x32,0x35,0x66,0x2c,0x20,0x30,0x2e,
    0x30,0x37,0x39,0x39,0x39,0x39,0x39,0x39,0x38,0x32,0x31,0x31,0x38,0x36,0x30,0x36,
    0x35,0x36,0x37,0x33,0x38,0x32,0x38,0x31,0x32,0x35,0x66,0x29,0x2c,0x20,0x5f,0x33,
    0x39,0x2e,0x78,0x78,0x78,0x29,0x20,0x2a,0x20,0x73,0x6d,0x6f,0x6f,0x74,0x68,0x73,
    0x74,0x65,0x70,0x28,0x30,0x2e,0x30,0x30,0x39,0x39,0x39,0x39,0x39,0x39,0x39,0x37,
    0x37,0x36,0x34,0x38,0x32,0x35,0x38,0x32,0x30,0x39,0x32,0x32,0x38,0x35,0x31,0x35,
    0x36,0x32,0x35,0x66,0x2c,0x20,0x30,0x2e,0x31,0x31,0x39,0x39,0x39,0x39,0x39,0x39,
    0x37,0x33,0x31,0x37,0x37,0x39,0x30,0x39,0x38,0x35,0x31,0x30,0x37,0x34,0x32,0x31,
    0x38,0x37,0x35,0x66,0x2c,0x20,0x5f,0x33,0x39,0x29,0x2c,0x20,0x31,0x2e,0x30,0x66,
    0x29,0x20,0x2a,0x20,0x5f,0x33,0x30,0x5f,0x63,0x6f,0x6c,0x6f,0x72,0x3b,0x0a,0x7d,
    0x0a,0x0a,0x53,0x50,0x49,0x52,0x56,0x5f,0x43,0x72,0x6f,0x73,0x73,0x5f,0x4f,0x75,
    0x74,0x70,0x75,0x74,0x20,0x6d,0x61,0x69,0x6e,0x28,0x53,0x50,0x49,0x52,0x56,0x5f,
    0x43,0x72,0x6f,0x73,0x73,0x5f,0x49,0x6e,0x70,0x75,0x74,0x20,0x73,0x74,0x61,0x67,
    0x65,0x5f,0x69,0x6e,0x70,0x75,0x74,0x29,0x0a,0x7b,0x0a,0x20,0x20,0x20,0x20,0x75,
    0x76,0x20,0x3d,0x20,0x73,0x74,0x61,0x67,0x65,0x5f,0x69,0x6e,0x70,0x75,0x74,0x2e,
    0x75,0x76,0x3b,0x0a,0x20,0x20,0x20,0x20,0x66,0x72,0x61,0x67,0x5f,0x6d,0x61,0x69,
    0x6e,0x28,0x29,0x3b,0x0a,0x20,0x20,0x20,0x20,0x53,0x50,0x49,0x52,0x56,0x5f,0x43,
    0x72,0x6f,0x73,0x73,0x5f,0x4f,0x75,0x74,0x70,0x75,0x74,0x20,0x73,0x74,0x61,0x67,
    0x65,0x5f,0x6f,0x75,0x74,0x70,0x75,0x74,0x3b,0x0a,0x20,0x20,0x20,0x20,0x73,0x74,
    0x61,0x67,0x65,0x5f,0x6f,0x75,0x74,0x70,0x75,0x74,0x2e,0x66,0x72,0x61,0x67,0x5f,
    0x63,0x6f,0x6c,0x6f,0x72,0x20,0x3d,0x20,0x66,0x72,0x61,0x67,0x5f,0x63,0x6f,0x6c,
    0x6f,0x72,0x3b,0x0a,0x20,0x20,0x20,0x20,0x72,0x65,0x74,0x75,0x72,0x6e,0x20,0x73,
    0x74,0x61,0x67,0x65,0x5f,0x6f,0x75,0x74,0x70,0x75,0x74,0x3b,0x0a,0x7d,0x0a,0x00,

};
/*
    cbuffer visual_params : register(b0)
    {
        float4 _40_color : packoffset(c0);
        float4 _40_resolution : packoffset(c1);
        float4 _40_texel : packoffset(c2);
        float4 _40_options : packoffset(c3);
    };

    Texture2D<float4> combinedDensityTex : register(t0);
    SamplerState combinedDensitySmp : register(s0);
    Texture2D<float4> combinedVelocityTex : register(t1);
    SamplerState combinedVelocitySmp : register(s1);
    Texture2D<float4> combinedTemperatureTex : register(t2);
    SamplerState combinedTemperatureSmp : register(s2);

    static float2 uv;
    static float4 frag_color;

    struct SPIRV_Cross_Input
    {
        float2 uv : TEXCOORD0;
    };

    struct SPIRV_Cross_Output
    {
        float4 frag_color : SV_Target0;
    };

    void frag_main()
    {
        float4 _27 = max(combinedDensityTex.Sample(combinedDensitySmp, uv), 0.0f.xxxx);
        float2 _48 = combinedVelocityTex.Sample(combinedVelocitySmp, uv).xy * _40_options.x;
        float _80 = clamp((((_27.x + _27.y) + _27.z) * 0.37999999523162841796875f) + (_27.w * 0.550000011920928955078125f), 0.0f, 1.0f);
        float _89 = smoothstep(0.014999999664723873138427734375f, 0.75f, clamp(combinedTemperatureTex.Sample(combinedTemperatureSmp, uv).x, 0.0f, 1.0f));
        float _103 = _48.x;
        float _107 = clamp(length(_48), 0.0f, 1.0f) * 0.119999997317790985107421875f;
        float _110 = _48.y;
        frag_color = float4(clamp(((_27.xyz * (1.08000004291534423828125f + (_80 * 0.3499999940395355224609375f))) + ((float3(max(_103, 0.0f) + _107, max(_110, 0.0f) + _107, max((-_103) - _110, 0.0f)) * (0.25f + (_80 * 0.75f))) * 0.64999997615814208984375f)) + ((lerp(float3(0.07999999821186065673828125f, 0.0500000007450580596923828125f, 0.3499999940395355224609375f), float3(1.0f, 0.300000011920928955078125f, 0.0599999986588954925537109375f), _89.xxx) * _89) * 0.85000002384185791015625f), 0.0f.xxx, 1.0f.xxx) * _40_color.xyz, _40_color.w);
    }

    SPIRV_Cross_Output main(SPIRV_Cross_Input stage_input)
    {
        uv = stage_input.uv;
        frag_main();
        SPIRV_Cross_Output stage_output;
        stage_output.frag_color = frag_color;
        return stage_output;
    }
*/
static const uint8_t fs_visualize_combined_source_hlsl5[2045] = {
    0x63,0x62,0x75,0x66,0x66,0x65,0x72,0x20,0x76,0x69,0x73,0x75,0x61,0x6c,0x5f,0x70,
    0x61,0x72,0x61,0x6d,0x73,0x20,0x3a,0x20,0x72,0x65,0x67,0x69,0x73,0x74,0x65,0x72,
    0x28,0x62,0x30,0x29,0x0a,0x7b,0x0a,0x20,0x20,0x20,0x20,0x66,0x6c,0x6f,0x61,0x74,
    0x34,0x20,0x5f,0x34,0x30,0x5f,0x63,0x6f,0x6c,0x6f,0x72,0x20,0x3a,0x20,0x70,0x61,
    0x63,0x6b,0x6f,0x66,0x66,0x73,0x65,0x74,0x28,0x63,0x30,0x29,0x3b,0x0a,0x20,0x20,
    0x20,0x20,0x66,0x6c,0x6f,0x61,0x74,0x34,0x20,0x5f,0x34,0x30,0x5f,0x72,0x65,0x73,
    0x6f,0x6c,0x75,0x74,0x69,0x6f,0x6e,0x20,0x3a,0x20,0x70,0x61,0x63,0x6b,0x6f,0x66,
    0x66,0x73,0x65,0x74,0x28,0x63,0x31,0x29,0x3b,0x0a,0x20,0x20,0x20,0x20,0x66,0x6c,
    0x6f,0x61,0x74,0x34,0x20,0x5f,0x34,0x30,0x5f,0x74,0x65,0x78,0x65,0x6c,0x20,0x3a,
    0x20,0x70,0x61,0x63,0x6b,0x6f,0x66,0x66,0x73,0x65,0x74,0x28,0x63,0x32,0x29,0x3b,
    0x0a,0x20,0x20,0x20,0x20,0x66,0x6c,0x6f,0x61,0x74,0x34,0x20,0x5f,0x34,0x30,0x5f,
    0x6f,0x70,0x74,0x69,0x6f,0x6e,0x73,0x20,0x3a,0x20,0x70,0x61,0x63,0x6b,0x6f,0x66,
    0x66,0x73,0x65,0x74,0x28,0x63,0x33,0x29,0x3b,0x0a,0x7d,0x3b,0x0a,0x0a,0x54,0x65,
    0x78,0x74,0x75,0x72,0x65,0x32,0x44,0x3c,0x66,0x6c,0x6f,0x61,0x74,0x34,0x3e,0x20,
    0x63,0x6f,0x6d,0x62,0x69,0x6e,0x65,0x64,0x44,0x65,0x6e,0x73,0x69,0x74,0x79,0x54,
    0x65,0x78,0x20,0x3a,0x20,0x72,0x65,0x67,0x69,0x73,0x74,0x65,0x72,0x28,0x74,0x30,
    0x29,0x3b,0x0a,0x53,0x61,0x6d,0x70,0x6c,0x65,0x72,0x53,0x74,0x61,0x74,0x65,0x20,
    0x63,0x6f,0x6d,0x62,0x69,0x6e,0x65,0x64,0x44,0x65,0x6e,0x73,0x69,0x74,0x79,0x53,
    0x6d,0x70,0x20,0x3a,0x20,0x72,0x65,0x67,0x69,0x73,0x74,0x65,0x72,0x28,0x73,0x30,
    0x29,0x3b,0x0a,0x54,0x65,0x78,0x74,0x75,0x72,0x65,0x32,0x44,0x3c,0x66,0x6c,0x6f,
    0x61,0x74,0x34,0x3e,0x20,0x63,0x6f,0x6d,0x62,0x69,0x6e,0x65,0x64,0x56,0x65,0x6c,
    0x6f,0x63,0x69,0x74,0x79,0x54,0x65,0x78,0x20,0x3a,0x20,0x72,0x65,0x67,0x69,0x73,
    0x74,0x65,0x72,0x28,0x74,0x31,0x29,0x3b,0x0a,0x53,0x61,0x6d,0x70,0x6c,0x65,0x72,
    0x53,0x74,0x61,0x74,0x65,0x20,0x63,0x6f,0x6d,0x62,0x69,0x6e,0x65,0x64,0x56,0x65,
    0x6c,0x6f,0x63,0x69,0x74,0x79,0x53,0x6d,0x70,0x20,0x3a,0x20,0x72,0x65,0x67,0x69,
    0x73,0x74,0x65,0x72,0x28,0x73,0x31,0x29,0x3b,0x0a,0x54,0x65,0x78,0x74,0x75,0x72,
    0x65,0x32,0x44,0x3c,0x66,0x6c,0x6f,0x61,0x74,0x34,0x3e,0x20,0x63,0x6f,0x6d,0x62,
    0x69,0x6e,0x65,0x64,0x54,0x65,0x6d,0x70,0x65,0x72,0x61,0x74,0x75,0x72,0x65,0x54,
    0x65,0x78,0x20,0x3a,0x20,0x72,0x65,0x67,0x69,0x73,0x74,0x65,0x72,0x28,0x74,0x32,
    0x29,0x3b,0x0a,0x53,0x61,0x6d,0x70,0x6c,0x65,0x72,0x53,0x74,0x61,0x74,0x65,0x20,
    0x63,0x6f,0x6d,0x62,0x69,0x6e,0x65,0x64,0x54,0x65,0x6d,0x70,0x65,0x72,0x61,0x74,
    0x75,0x72,0x65,0x53,0x6d,0x70,0x20,0x3a,0x20,0x72,0x65,0x67,0x69,0x73,0x74,0x65,
    0x72,0x28,0x73,0x32,0x29,0x3b,0x0a,0x0a,0x73,0x74,0x61,0x74,0x69,0x63,0x20,0x66,
    0x6c,0x6f,0x61,0x74,0x32,0x20,0x75,0x76,0x3b,0x0a,0x73,0x74,0x61,0x74,0x69,0x63,
    0x20,0x66,0x6c,0x6f,0x61,0x74,0x34,0x20,0x66,0x72,0x61,0x67,0x5f,0x63,0x6f,0x6c,
    0x6f,0x72,0x3b,0x0a,0x0a,0x73,0x74,0x72,0x75,0x63,0x74,0x20,0x53,0x50,0x49,0x52,
    0x56,0x5f,0x43,0x72,0x6f,0x73,0x73,0x5f,0x49,0x6e,0x70,0x75,0x74,0x0a,0x7b,0x0a,
    0x20,0x20,0x20,0x20,0x66,0x6c,0x6f,0x61,0x74,0x32,0x20,0x75,0x76,0x20,0x3a,0x20,
    0x54,0x45,0x58,0x43,0x4f,0x4f,0x52,0x44,0x30,0x3b,0x0a,0x7d,0x3b,0x0a,0x0a,0x73,
    0x74,0x72,0x75,0x63,0x74,0x20,0x53,0x50,0x49,0x52,0x56,0x5f,0x43,0x72,0x6f,0x73,
    0x73,0x5f,0x4f,0x75,0x74,0x70,0x75,0x74,0x0a,0x7b,0x0a,0x20,0x20,0x20,0x20,0x66,
    0x6c,0x6f,0x61,0x74,0x34,0x20,0x66,0x72,0x61,0x67,0x5f,0x63,0x6f,0x6c,0x6f,0x72,
    0x20,0x3a,0x20,0x53,0x56,0x5f,0x54,0x61,0x72,0x67,0x65,0x74,0x30,0x3b,0x0a,0x7d,
    0x3b,0x0a,0x0a,0x76,0x6f,0x69,0x64,0x20,0x66,0x72,0x61,0x67,0x5f,0x6d,0x61,0x69,
    0x6e,0x28,0x29,0x0a,0x7b,0x0a,0x20,0x20,0x20,0x20,0x66,0x6c,0x6f,0x61,0x74,0x34,
    0x20,0x5f,0x32,0x37,0x20,0x3d,0x20,0x6d,0x61,0x78,0x28,0x63,0x6f,0x6d,0x62,0x69,
    0x6e,0x65,0x64,0x44,0x65,0x6e,0x73,0x69,0x74,0x79,0x54,0x65,0x78,0x2e,0x53,0x61,
    0x6d,0x70,0x6c,0x65,0x28,0x63,0x6f,0x6d,0x62,0x69,0x6e,0x65,0x64,0x44,0x65,0x6e,
    0x73,0x69,0x74,0x79,0x53,0x6d,0x70,0x2c,0x20,0x75,0x76,0x29,0x2c,0x20,0x30,0x2e,
    0x30,0x66,0x2e,0x78,0x78,0x78,0x78,0x29,0x3b,0x0a,0x20,0x20,0x20,0x20,0x66,0x6c,
    0x6f,0x61,0x74,0x32,0x20,0x5f,0x34,0x38,0x20,0x3d,0x20,0x63,0x6f,0x6d,0x62,0x69,
    0x6e,0x65,0x64,0x56,0x65,0x6c,0x6f,0x63,0x69,0x74,0x79,0x54,0x65,0x78,0x2e,0x53,
    0x61,0x6d,0x70,0x6c,0x65,0x28,0x63,0x6f,0x6d,0x62,0x69,0x6e,0x65,0x64,0x56,0x65,
    0x6c,0x6f,0x63,0x69,0x74,0x79,0x53,0x6d,0x70,0x2c,0x20,0x75,0x76,0x29,0x2e,0x78,
    0x79,0x20,0x2a,0x20,0x5f,0x34,0x30,0x5f,0x6f,0x70,0x74,0x69,0x6f,0x6e,0x73,0x2e,
    0x78,0x3b,0x0a,0x20,0x20,0x20,0x20,0x66,0x6c,0x6f,0x61,0x74,0x20,0x5f,0x38,0x30,
    0x20,0x3d,0x20,0x63,0x6c,0x61,0x6d,0x70,0x28,0x28,0x28,0x28,0x5f,0x32,0x37,0x2e,
    0x78,0x20,0x2b,0x20,0x5f,0x32,0x37,0x2e,0x79,0x29,0x20,0x2b,0x20,0x5f,0x32,0x37,
    0x2e,0x7a,0x29,0x20,0x2a,0x20,0x30,0x2e,0x33,0x37,0x39,0x39,0x39,0x39,0x39,0x39,
    0x35,0x32,0x33,0x31,0x36,0x32,0x38,0x34,0x31,0x37,0x39,0x36,0x38,0x37,0x35,0x66,
    0x29,0x20,0x2b,0x20,0x28,0x5f,0x32,0x37,0x2e,0x77,0x20,0x2a,0x20,0x30,0x2e,0x35,
    0x35,0x30,0x30,0x30,0x30,0x30,0x31,0x31,0x39,0x32,0x30,0x39,0x32,0x38,0x39,0x35,
    0x35,0x30,0x37,0x38,0x31,0x32,0x35,0x66,0x29,0x2c,0x20,0x30,0x2e,0x30,0x66,0x2c,
    0x20,0x31,0x2e,0x30,0x66,0x29,0x3b,0x0a,0x20,0x20,0x20,0x20,0x66,0x6c,0x6f,0x61,
    0x74,0x20,0x5f,0x38,0x39,0x20,0x3d,0x20,0x73,0x6d,0x6f,0x6f,0x74,0x68,0x73,0x74,
    0x65,0x70,0x28,0x30,0x2e,0x30,0x31,0x34,0x39,0x39,0x39,0x39,0x39,0x39,0x36,0x36,
    0x34,0x37,0x32,0x33,0x38,0x37,0x33,0x31,0x33,0x38,0x34,0x32,0x37,0x37,0x33,0x34,
    0x33,0x37,0x35,0x66,0x2c,0x20,0x30,0x2e,0x37,0x35,0x66,0x2c,0x20,0x63,0x6c,0x61,
    0x6d,0x70,0x28,0x63,0x6f,0x6d,0x62,0x69,0x6e,0x65,0x64,0x54,0x65,0x6d,0x70,0x65,
    0x72,0x61,0x74,0x75,0x72,0x65,0x54,0x65,0x78,0x2e,0x53,0x61,0x6d,0x70,0x6c,0x65,
    0x28,0x63,0x6f,0x6d,0x62,0x69,0x6e,0x65,0x64,0x54,0x65,0x6d,0x70,0x65,0x72,0x61,
    0x74,0x75,0x72,0x65,0x53,0x6d,0x70,0x2c,0x20,0x75,0x76,0x29,0x2e,0x78,0x2c,0x20,
    0x30,0x2e,0x30,0x66,0x2c,0x20,0x31,0x2e,0x30,0x66,0x29,0x29,0x3b,0x0a,0x20,0x20,
    0x20,0x20,0x66,0x6c,0x6f,0x61,0x74,0x20,0x5f,0x31,0x30,0x33,0x20,0x3d,0x20,0x5f,
    0x34,0x38,0x2e,0x78,0x3b,0x0a,0x20,0x20,0x20,0x20,0x66,0x6c,0x6f,0x61,0x74,0x20,
    0x5f,0x31,0x30,0x37,0x20,0x3d,0x20,0x63,0x6c,0x61,0x6d,0x70,0x28,0x6c,0x65,0x6e,
    0x67,0x74,0x68,0x28,0x5f,0x34,0x38,0x29,0x2c,0x20,0x30,0x2e,0x30,0x66,0x2c,0x20,
    0x31,0x2e,0x30,0x66,0x29,0x20,0x2a,0x20,0x30,0x2e,0x31,0x31,0x39,0x39,0x39,0x39,
    0x39,0x39,0x37,0x33,0x31,0x37,0x37,0x39,0x30,0x39,0x38,0x35,0x31,0x30,0x37,0x34,
    0x32,0x31,0x38,0x37,0x35,0x66,0x3b,0x0a,0x20,0x20,0x20,0x20,0x66,0x6c,0x6f,0x61,
    0x74,0x20,0x5f,0x31,0x31,0x30,0x20,0x3d,0x20,0x5f,0x34,0x38,0x2e,0x79,0x3b,0x0a,
    0x20,0x20,0x20,0x20,0x66,0x72,0x61,0x67,0x5f,0x63,0x6f,0x6c,0x6f,0x72,0x20,0x3d,
    0x20,0x66,0x6c,0x6f,0x61,0x74,0x34,0x28,0x63,0x6c,0x61,0x6d,0x70,0x28,0x28,0x28,
    0x5f,0x32,0x37,0x2e,0x78,0x79,0x7a,0x20,0x2a,0x20,0x28,0x31,0x2e,0x30,0x38,0x30,
    0x30,0x30,0x30,0x30,0x34,0x32,0x39,0x31,0x35,0x33,0x34,0x34,0x32,0x33,0x38,0x32,
    0x38,0x31,0x32,0x35,0x66,0x20,0x2b,0x20,0x28,0x5f,0x38,0x30,0x20,0x2a,0x20,0x30,
    0x2e,0x33,0x34,0x39,0x39,0x39,0x39,0x39,0x39,0x34,0x30,0x33,0x39,0x35,0x33,0x35,
    0x35,0x32,0x32,0x34,0x36,0x30,0x39,0x33,0x37,0x35,0x66,0x29,0x29,0x29,0x20,0x2b,
    0x20,0x28,0x28,0x66,0x6c,0x6f,0x61,0x74,0x33,0x28,0x6d,0x61,0x78,0x28,0x5f,0x31,
    0x30,0x33,0x2c,0x20,0x30,0x2e,0x30,0x66,0x29,0x20,0x2b,0x20,0x5f,0x31,0x30,0x37,
    0x2c,0x20,0x6d,0x61,0x78,0x28,0x5f,0x31,0x31,0x30,0x2c,0x20,0x30,0x2e,0x30,0x66,
    0x29,0x20,0x2b,0x20,0x5f,0x31,0x30,0x37,0x2c,0x20,0x6d,0x61,0x78,0x28,0x28,0x2d,
    0x5f,0x31,0x30,0x33,0x29,0x20,0x2d,0x20,0x5f,0x31,0x31,0x30,0x2c,0x20,0x30,0x2e,
    0x30,0x66,0x29,0x29,0x20,0x2a,0x20,0x28,0x30,0x2e,0x32,0x35,0x66,0x20,0x2b,0x20,
    0x28,0x5f,0x38,0x30,0x20,0x2a,0x20,0x30,0x2e,0x37,0x35,0x66,0x29,0x29,0x29,0x20,
    0x2a,0x20,0x30,0x2e,0x36,0x34,0x39,0x39,0x39,0x39,0x39,0x37,0x36,0x31,0x35,0x38,
    0x31,0x34,0x32,0x30,0x38,0x39,0x38,0x34,0x33,0x37,0x35,0x66,0x29,0x29,0x20,0x2b,
    0x20,0x28,0x28,0x6c,0x65,0x72,0x70,0x28,0x66,0x6c,0x6f,0x61,0x74,0x33,0x28,0x30,
    0x2e,0x30,0x37,0x39,0x39,0x39,0x39,0x39,0x39,0x38,0x32,0x31,0x31,0x38,0x36,0x30,
    0x36,0x35,0x36,0x37,0x33,0x38,0x32,0x38,0x31,0x32,0x35,0x66,0x2c,0x20,0x30,0x2e,
    0x30,0x35,0x30,0x30,0x30,0x30,0x30,0x30,0x30,0x37,0x34,0x35,0x30,0x35,0x38,0x30,
    0x35,0x39,0x36,0x39,0x32,0x33,0x38,0x32,0x38,0x31,0x32,0x35,0x66,0x2c,0x20,0x30,
    0x2e,0x33,0x34,0x39,0x39,0x39,0x39,0x39,0x39,0x34,0x30,0x33,0x39,0x35,0x33,0x35,
    0x35,0x32,0x32,0x34,0x36,0x30,0x39,0x33,0x37,0x35,0x66,0x29,0x2c,0x20,0x66,0x6c,
    0x6f,0x61,0x74,0x33,0x28,0x31,0x2e,0x30,0x66,0x2c,0x20,0x30,0x2e,0x33,0x30,0x30,
    0x30,0x30,0x30,0x30,0x31,0x31,0x39,0x32,0x30,0x39,0x32,0x38,0x39,0x35,0x35,0x30,
    0x37,0x38,0x31,0x32,0x35,0x66,0x2c,0x20,0x30,0x2e,0x30,0x35,0x39,0x39,0x39,0x39,
    0x39,0x39,0x38,0x36,0x35,0x38,0x38,0x39,0x35,0x34,0x39,0x32,0x35,0x35,0x33,0x37,
    0x31,0x30,0x39,0x33,0x37,0x35,0x66,0x29,0x2c,0x20,0x5f,0x38,0x39,0x2e,0x78,0x78,
    0x78,0x29,0x20,0x2a,0x20,0x5f,0x38,0x39,0x29,0x20,0x2a,0x20,0x30,0x2e,0x38,0x35,
    0x30,0x30,0x30,0x30,0x30,0x32,0x33,0x38,0x34,0x31,0x38,0x35,0x37,0x39,0x31,0x30,
    0x31,0x35,0x36,0x32,0x35,0x66,0x29,0x2c,0x20,0x30,0x2e,0x30,0x66,0x2e,0x78,0x78,
    0x78,0x2c,0x20,0x31,0x2e,0x30,0x66,0x2e,0x78,0x78,0x78,0x29,0x20,0x2a,0x20,0x5f,
    0x34,0x30,0x5f,0x63,0x6f,0x6c,0x6f,0x72,0x2e,0x78,0x79,0x7a,0x2c,0x20,0x5f,0x34,
    0x30,0x5f,0x63,0x6f,0x6c,0x6f,0x72,0x2e,0x77,0x29,0x3b,0x0a,0x7d,0x0a,0x0a,0x53,
    0x50,0x49,0x52,0x56,0x5f,0x43,0x72,0x6f,0x73,0x73,0x5f,0x4f,0x75,0x74,0x70,0x75,
    0x74,0x20,0x6d,0x61,0x69,0x6e,0x28,0x53,0x50,0x49,0x52,0x56,0x5f,0x43,0x72,0x6f,
    0x73,0x73,0x5f,0x49,0x6e,0x70,0x75,0x74,0x20,0x73,0x74,0x61,0x67,0x65,0x5f,0x69,
    0x6e,0x70,0x75,0x74,0x29,0x0a,0x7b,0x0a,0x20,0x20,0x20,0x20,0x75,0x76,0x20,0x3d,
    0x20,0x73,0x74,0x61,0x67,0x65,0x5f,0x69,0x6e,0x70,0x75,0x74,0x2e,0x75,0x76,0x3b,
    0x0a,0x20,0x20,0x20,0x20,0x66,0x72,0x61,0x67,0x5f,0x6d,0x61,0x69,0x6e,0x28,0x29,
    0x3b,0x0a,0x20,0x20,0x20,0x20,0x53,0x50,0x49,0x52,0x56,0x5f,0x43,0x72,0x6f,0x73,
    0x73,0x5f,0x4f,0x75,0x74,0x70,0x75,0x74,0x20,0x73,0x74,0x61,0x67,0x65,0x5f,0x6f,
    0x75,0x74,0x70,0x75,0x74,0x3b,0x0a,0x20,0x20,0x20,0x20,0x73,0x74,0x61,0x67,0x65,
    0x5f,0x6f,0x75,0x74,0x70,0x75,0x74,0x2e,0x66,0x72,0x61,0x67,0x5f,0x63,0x6f,0x6c,
    0x6f,0x72,0x20,0x3d,0x20,0x66,0x72,0x61,0x67,0x5f,0x63,0x6f,0x6c,0x6f,0x72,0x3b,
    0x0a,0x20,0x20,0x20,0x20,0x72,0x65,0x74,0x75,0x72,0x6e,0x20,0x73,0x74,0x61,0x67,
    0x65,0x5f,0x6f,0x75,0x74,0x70,0x75,0x74,0x3b,0x0a,0x7d,0x0a,0x00,
};
/*
    #include <metal_stdlib>
    #include <simd/simd.h>

    using namespace metal;

    struct main0_out
    {
        float2 uv [[user(locn0)]];
        float4 gl_Position [[position]];
    };

    struct main0_in
    {
        float2 position [[attribute(0)]];
        float2 texcoord0 [[attribute(1)]];
    };

    vertex main0_out main0(main0_in in [[stage_in]])
    {
        main0_out out = {};
        out.gl_Position = float4(in.position, 0.0, 1.0);
        out.uv = in.texcoord0;
        return out;
    }

*/
static const uint8_t visualization_vs_source_metal_macos[437] = {
    0x23,0x69,0x6e,0x63,0x6c,0x75,0x64,0x65,0x20,0x3c,0x6d,0x65,0x74,0x61,0x6c,0x5f,
    0x73,0x74,0x64,0x6c,0x69,0x62,0x3e,0x0a,0x23,0x69,0x6e,0x63,0x6c,0x75,0x64,0x65,
    0x20,0x3c,0x73,0x69,0x6d,0x64,0x2f,0x73,0x69,0x6d,0x64,0x2e,0x68,0x3e,0x0a,0x0a,
    0x75,0x73,0x69,0x6e,0x67,0x20,0x6e,0x61,0x6d,0x65,0x73,0x70,0x61,0x63,0x65,0x20,
    0x6d,0x65,0x74,0x61,0x6c,0x3b,0x0a,0x0a,0x73,0x74,0x72,0x75,0x63,0x74,0x20,0x6d,
    0x61,0x69,0x6e,0x30,0x5f,0x6f,0x75,0x74,0x0a,0x7b,0x0a,0x20,0x20,0x20,0x20,0x66,
    0x6c,0x6f,0x61,0x74,0x32,0x20,0x75,0x76,0x20,0x5b,0x5b,0x75,0x73,0x65,0x72,0x28,
    0x6c,0x6f,0x63,0x6e,0x30,0x29,0x5d,0x5d,0x3b,0x0a,0x20,0x20,0x20,0x20,0x66,0x6c,
    0x6f,0x61,0x74,0x34,0x20,0x67,0x6c,0x5f,0x50,0x6f,0x73,0x69,0x74,0x69,0x6f,0x6e,
    0x20,0x5b,0x5b,0x70,0x6f,0x73,0x69,0x74,0x69,0x6f,0x6e,0x5d,0x5d,0x3b,0x0a,0x7d,
    0x3b,0x0a,0x0a,0x73,0x74,0x72,0x75,0x63,0x74,0x20,0x6d,0x61,0x69,0x6e,0x30,0x5f,
    0x69,0x6e,0x0a,0x7b,0x0a,0x20,0x20,0x20,0x20,0x66,0x6c,0x6f,0x61,0x74,0x32,0x20,
    0x70,0x6f,0x73,0x69,0x74,0x69,0x6f,0x6e,0x20,0x5b,0x5b,0x61,0x74,0x74,0x72,0x69,
    0x62,0x75,0x74,0x65,0x28,0x30,0x29,0x5d,0x5d,0x3b,0x0a,0x20,0x20,0x20,0x20,0x66,
    0x6c,0x6f,0x61,0x74,0x32,0x20,0x74,0x65,0x78,0x63,0x6f,0x6f,0x72,0x64,0x30,0x20,
    0x5b,0x5b,0x61,0x74,0x74,0x72,0x69,0x62,0x75,0x74,0x65,0x28,0x31,0x29,0x5d,0x5d,
    0x3b,0x0a,0x7d,0x3b,0x0a,0x0a,0x76,0x65,0x72,0x74,0x65,0x78,0x20,0x6d,0x61,0x69,
    0x6e,0x30,0x5f,0x6f,0x75,0x74,0x20,0x6d,0x61,0x69,0x6e,0x30,0x28,0x6d,0x61,0x69,
    0x6e,0x30,0x5f,0x69,0x6e,0x20,0x69,0x6e,0x20,0x5b,0x5b,0x73,0x74,0x61,0x67,0x65,
    0x5f,0x69,0x6e,0x5d,0x5d,0x29,0x0a,0x7b,0x0a,0x20,0x20,0x20,0x20,0x6d,0x61,0x69,
    0x6e,0x30,0x5f,0x6f,0x75,0x74,0x20,0x6f,0x75,0x74,0x20,0x3d,0x20,0x7b,0x7d,0x3b,
    0x0a,0x20,0x20,0x20,0x20,0x6f,0x75,0x74,0x2e,0x67,0x6c,0x5f,0x50,0x6f,0x73,0x69,
    0x74,0x69,0x6f,0x6e,0x20,0x3d,0x20,0x66,0x6c,0x6f,0x61,0x74,0x34,0x28,0x69,0x6e,
    0x2e,0x70,0x6f,0x73,0x69,0x74,0x69,0x6f,0x6e,0x2c,0x20,0x30,0x2e,0x30,0x2c,0x20,
    0x31,0x2e,0x30,0x29,0x3b,0x0a,0x20,0x20,0x20,0x20,0x6f,0x75,0x74,0x2e,0x75,0x76,
    0x20,0x3d,0x20,0x69,0x6e,0x2e,0x74,0x65,0x78,0x63,0x6f,0x6f,0x72,0x64,0x30,0x3b,
    0x0a,0x20,0x20,0x20,0x20,0x72,0x65,0x74,0x75,0x72,0x6e,0x20,0x6f,0x75,0x74,0x3b,
    0x0a,0x7d,0x0a,0x0a,0x00,
};
/*
    #include <metal_stdlib>
    #include <simd/simd.h>

    using namespace metal;

    struct visual_params
    {
        float4 color;
        float4 resolution;
        float4 texel;
        float4 options;
    };

    struct main0_out
    {
        float4 frag_color [[color(0)]];
    };

    struct main0_in
    {
        float2 uv [[user(locn0)]];
    };

    fragment main0_out main0(main0_in in [[stage_in]], constant visual_params& _30 [[buffer(0)]], texture2d<float> visualInputTex [[texture(0)]], sampler visualInputSmp [[sampler(0)]])
    {
        main0_out out = {};
        out.frag_color = float4(_30.color.xyz * fast::clamp(visualInputTex.sample(visualInputSmp, in.uv).x * _30.options.x, 0.0, 1.0), _30.color.w);
        return out;
    }

*/
static const uint8_t fs_visualize_scalar_source_metal_macos[662] = {
    0x23,0x69,0x6e,0x63,0x6c,0x75,0x64,0x65,0x20,0x3c,0x6d,0x65,0x74,0x61,0x6c,0x5f,
    0x73,0x74,0x64,0x6c,0x69,0x62,0x3e,0x0a,0x23,0x69,0x6e,0x63,0x6c,0x75,0x64,0x65,
    0x20,0x3c,0x73,0x69,0x6d,0x64,0x2f,0x73,0x69,0x6d,0x64,0x2e,0x68,0x3e,0x0a,0x0a,
    0x75,0x73,0x69,0x6e,0x67,0x20,0x6e,0x61,0x6d,0x65,0x73,0x70,0x61,0x63,0x65,0x20,
    0x6d,0x65,0x74,0x61,0x6c,0x3b,0x0a,0x0a,0x73,0x74,0x72,0x75,0x63,0x74,0x20,0x76,
    0x69,0x73,0x75,0x61,0x6c,0x5f,0x70,0x61,0x72,0x61,0x6d,0x73,0x0a,0x7b,0x0a,0x20,
    0x20,0x20,0x20,0x66,0x6c,0x6f,0x61,0x74,0x34,0x20,0x63,0x6f,0x6c,0x6f,0x72,0x3b,
    0x0a,0x20,0x20,0x20,0x20,0x66,0x6c,0x6f,0x61,0x74,0x34,0x20,0x72,0x65,0x73,0x6f,
    0x6c,0x75,0x74,0x69,0x6f,0x6e,0x3b,0x0a,0x20,0x20,0x20,0x20,0x66,0x6c,0x6f,0x61,
    0x74,0x34,0x20,0x74,0x65,0x78,0x65,0x6c,0x3b,0x0a,0x20,0x20,0x20,0x20,0x66,0x6c,
    0x6f,0x61,0x74,0x34,0x20,0x6f,0x70,0x74,0x69,0x6f,0x6e,0x73,0x3b,0x0a,0x7d,0x3b,
    0x0a,0x0a,0x73,0x74,0x72,0x75,0x63,0x74,0x20,0x6d,0x61,0x69,0x6e,0x30,0x5f,0x6f,
    0x75,0x74,0x0a,0x7b,0x0a,0x20,0x20,0x20,0x20,0x66,0x6c,0x6f,0x61,0x74,0x34,0x20,
    0x66,0x72,0x61,0x67,0x5f,0x63,0x6f,0x6c,0x6f,0x72,0x20,0x5b,0x5b,0x63,0x6f,0x6c,
    0x6f,0x72,0x28,0x30,0x29,0x5d,0x5d,0x3b,0x0a,0x7d,0x3b,0x0a,0x0a,0x73,0x74,0x72,
    0x75,0x63,0x74,0x20,0x6d,0x61,0x69,0x6e,0x30,0x5f,0x69,0x6e,0x0a,0x7b,0x0a,0x20,
    0x20,0x20,0x20,0x66,0x6c,0x6f,0x61,0x74,0x32,0x20,0x75,0x76,0x20,0x5b,0x5b,0x75,
    0x73,0x65,0x72,0x28,0x6c,0x6f,0x63,0x6e,0x30,0x29,0x5d,0x5d,0x3b,0x0a,0x7d,0x3b,
    0x0a,0x0a,0x66,0x72,0x61,0x67,0x6d,0x65,0x6e,0x74,0x20,0x6d,0x61,0x69,0x6e,0x30,
    0x5f,0x6f,0x75,0x74,0x20,0x6d,0x61,0x69,0x6e,0x30,0x28,0x6d,0x61,0x69,0x6e,0x30,
    0x5f,0x69,0x6e,0x20,0x69,0x6e,0x20,0x5b,0x5b,0x73,0x74,0x61,0x67,0x65,0x5f,0x69,
    0x6e,0x5d,0x5d,0x2c,0x20,0x63,0x6f,0x6e,0x73,0x74,0x61,0x6e,0x74,0x20,0x76,0x69,
    0x73,0x75,0x61,0x6c,0x5f,0x70,0x61,0x72,0x61,0x6d,0x73,0x26,0x20,0x5f,0x33,0x30,
    0x20,0x5b,0x5b,0x62,0x75,0x66,0x66,0x65,0x72,0x28,0x30,0x29,0x5d,0x5d,0x2c,0x20,
    0x74,0x65,0x78,0x74,0x75,0x72,0x65,0x32,0x64,0x3c,0x66,0x6c,0x6f,0x61,0x74,0x3e,
    0x20,0x76,0x69,0x73,0x75,0x61,0x6c,0x49,0x6e,0x70,0x75,0x74,0x54,0x65,0x78,0x20,
    0x5b,0x5b,0x74,0x65,0x78,0x74,0x75,0x72,0x65,0x28,0x30,0x29,0x5d,0x5d,0x2c,0x20,
    0x73,0x61,0x6d,0x70,0x6c,0x65,0x72,0x20,0x76,0x69,0x73,0x75,0x61,0x6c,0x49,0x6e,
    0x70,0x75,0x74,0x53,0x6d,0x70,0x20,0x5b,0x5b,0x73,0x61,0x6d,0x70,0x6c,0x65,0x72,
    0x28,0x30,0x29,0x5d,0x5d,0x29,0x0a,0x7b,0x0a,0x20,0x20,0x20,0x20,0x6d,0x61,0x69,
    0x6e,0x30,0x5f,0x6f,0x75,0x74,0x20,0x6f,0x75,0x74,0x20,0x3d,0x20,0x7b,0x7d,0x3b,
    0x0a,0x20,0x20,0x20,0x20,0x6f,0x75,0x74,0x2e,0x66,0x72,0x61,0x67,0x5f,0x63,0x6f,
    0x6c,0x6f,0x72,0x20,0x3d,0x20,0x66,0x6c,0x6f,0x61,0x74,0x34,0x28,0x5f,0x33,0x30,
    0x2e,0x63,0x6f,0x6c,0x6f,0x72,0x2e,0x78,0x79,0x7a,0x20,0x2a,0x20,0x66,0x61,0x73,
    0x74,0x3a,0x3a,0x63,0x6c,0x61,0x6d,0x70,0x28,0x76,0x69,0x73,0x75,0x61,0x6c,0x49,
    0x6e,0x70,0x75,0x74,0x54,0x65,0x78,0x2e,0x73,0x61,0x6d,0x70,0x6c,0x65,0x28,0x76,
    0x69,0x73,0x75,0x61,0x6c,0x49,0x6e,0x70,0x75,0x74,0x53,0x6d,0x70,0x2c,0x20,0x69,
    0x6e,0x2e,0x75,0x76,0x29,0x2e,0x78,0x20,0x2a,0x20,0x5f,0x33,0x30,0x2e,0x6f,0x70,
    0x74,0x69,0x6f,0x6e,0x73,0x2e,0x78,0x2c,0x20,0x30,0x2e,0x30,0x2c,0x20,0x31,0x2e,
    0x30,0x29,0x2c,0x20,0x5f,0x33,0x30,0x2e,0x63,0x6f,0x6c,0x6f,0x72,0x2e,0x77,0x29,
    0x3b,0x0a,0x20,0x20,0x20,0x20,0x72,0x65,0x74,0x75,0x72,0x6e,0x20,0x6f,0x75,0x74,
    0x3b,0x0a,0x7d,0x0a,0x0a,0x00,
};
/*
    #include <metal_stdlib>
    #include <simd/simd.h>

    using namespace metal;

    struct visual_params
    {
        float4 color;
        float4 resolution;
        float4 texel;
        float4 options;
    };

    struct main0_out
    {
        float4 frag_color [[color(0)]];
    };

    struct main0_in
    {
        float2 uv [[user(locn0)]];
    };

    fragment main0_out main0(main0_in in [[stage_in]], constant visual_params& _93 [[buffer(0)]], texture2d<float> visualDensityTex [[texture(0)]], sampler visualDensitySmp [[sampler(0)]])
    {
        main0_out out = {};
        float4 _27 = fast::max(visualDensityTex.sample(visualDensitySmp, in.uv), float4(0.0));
        float _33 = _27.x;
        float _36 = _27.y;
        float _40 = _27.z;
        float _51 = fast::clamp((((_33 + _36) + _40) * 0.37999999523162841796875) + (_27.w * 0.550000011920928955078125), 0.0, 1.0);
        out.frag_color = float4(float3(fast::clamp((_33 * 1.17999994754791259765625) + (_51 * 0.039999999105930328369140625), 0.0, 1.0), fast::clamp((_36 * 1.17999994754791259765625) + (_51 * 0.0500000007450580596923828125), 0.0, 1.0), fast::clamp((_40 * 1.17999994754791259765625) + (_51 * 0.0599999986588954925537109375), 0.0, 1.0)) * _93.color.xyz, fast::clamp(powr(_51, 0.7200000286102294921875) * 1.35000002384185791015625, 0.0, 1.0) * _93.color.w);
        return out;
    }

*/
static const uint8_t fs_visualize_density_source_metal_macos[1261] = {
    0x23,0x69,0x6e,0x63,0x6c,0x75,0x64,0x65,0x20,0x3c,0x6d,0x65,0x74,0x61,0x6c,0x5f,
    0x73,0x74,0x64,0x6c,0x69,0x62,0x3e,0x0a,0x23,0x69,0x6e,0x63,0x6c,0x75,0x64,0x65,
    0x20,0x3c,0x73,0x69,0x6d,0x64,0x2f,0x73,0x69,0x6d,0x64,0x2e,0x68,0x3e,0x0a,0x0a,
    0x75,0x73,0x69,0x6e,0x67,0x20,0x6e,0x61,0x6d,0x65,0x73,0x70,0x61,0x63,0x65,0x20,
    0x6d,0x65,0x74,0x61,0x6c,0x3b,0x0a,0x0a,0x73,0x74,0x72,0x75,0x63,0x74,0x20,0x76,
    0x69,0x73,0x75,0x61,0x6c,0x5f,0x70,0x61,0x72,0x61,0x6d,0x73,0x0a,0x7b,0x0a,0x20,
    0x20,0x20,0x20,0x66,0x6c,0x6f,0x61,0x74,0x34,0x20,0x63,0x6f,0x6c,0x6f,0x72,0x3b,
    0x0a,0x20,0x20,0x20,0x20,0x66,0x6c,0x6f,0x61,0x74,0x34,0x20,0x72,0x65,0x73,0x6f,
    0x6c,0x75,0x74,0x69,0x6f,0x6e,0x3b,0x0a,0x20,0x20,0x20,0x20,0x66,0x6c,0x6f,0x61,
    0x74,0x34,0x20,0x74,0x65,0x78,0x65,0x6c,0x3b,0x0a,0x20,0x20,0x20,0x20,0x66,0x6c,
    0x6f,0x61,0x74,0x34,0x20,0x6f,0x70,0x74,0x69,0x6f,0x6e,0x73,0x3b,0x0a,0x7d,0x3b,
    0x0a,0x0a,0x73,0x74,0x72,0x75,0x63,0x74,0x20,0x6d,0x61,0x69,0x6e,0x30,0x5f,0x6f,
    0x75,0x74,0x0a,0x7b,0x0a,0x20,0x20,0x20,0x20,0x66,0x6c,0x6f,0x61,0x74,0x34,0x20,
    0x66,0x72,0x61,0x67,0x5f,0x63,0x6f,0x6c,0x6f,0x72,0x20,0x5b,0x5b,0x63,0x6f,0x6c,
    0x6f,0x72,0x28,0x30,0x29,0x5d,0x5d,0x3b,0x0a,0x7d,0x3b,0x0a,0x0a,0x73,0x74,0x72,
    0x75,0x63,0x74,0x20,0x6d,0x61,0x69,0x6e,0x30,0x5f,0x69,0x6e,0x0a,0x7b,0x0a,0x20,
    0x20,0x20,0x20,0x66,0x6c,0x6f,0x61,0x74,0x32,0x20,0x75,0x76,0x20,0x5b,0x5b,0x75,
    0x73,0x65,0x72,0x28,0x6c,0x6f,0x63,0x6e,0x30,0x29,0x5d,0x5d,0x3b,0x0a,0x7d,0x3b,
    0x0a,0x0a,0x66,0x72,0x61,0x67,0x6d,0x65,0x6e,0x74,0x20,0x6d,0x61,0x69,0x6e,0x30,
    0x5f,0x6f,0x75,0x74,0x20,0x6d,0x61,0x69,0x6e,0x30,0x28,0x6d,0x61,0x69,0x6e,0x30,
    0x5f,0x69,0x6e,0x20,0x69,0x6e,0x20,0x5b,0x5b,0x73,0x74,0x61,0x67,0x65,0x5f,0x69,
    0x6e,0x5d,0x5d,0x2c,0x20,0x63,0x6f,0x6e,0x73,0x74,0x61,0x6e,0x74,0x20,0x76,0x69,
    0x73,0x75,0x61,0x6c,0x5f,0x70,0x61,0x72,0x61,0x6d,0x73,0x26,0x20,0x5f,0x39,0x33,
    0x20,0x5b,0x5b,0x62,0x75,0x66,0x66,0x65,0x72,0x28,0x30,0x29,0x5d,0x5d,0x2c,0x20,
    0x74,0x65,0x78,0x74,0x75,0x72,0x65,0x32,0x64,0x3c,0x66,0x6c,0x6f,0x61,0x74,0x3e,
    0x20,0x76,0x69,0x73,0x75,0x61,0x6c,0x44,0x65,0x6e,0x73,0x69,0x74,0x79,0x54,0x65,
    0x78,0x20,0x5b,0x5b,0x74,0x65,0x78,0x74,0x75,0x72,0x65,0x28,0x30,0x29,0x5d,0x5d,
    0x2c,0x20,0x73,0x61,0x6d,0x70,0x6c,0x65,0x72,0x20,0x76,0x69,0x73,0x75,0x61,0x6c,
    0x44,0x65,0x6e,0x73,0x69,0x74,0x79,0x53,0x6d,0x70,0x20,0x5b,0x5b,0x73,0x61,0x6d,
    0x70,0x6c,0x65,0x72,0x28,0x30,0x29,0x5d,0x5d,0x29,0x0a,0x7b,0x0a,0x20,0x20,0x20,
    0x20,0x6d,0x61,0x69,0x6e,0x30,0x5f,0x6f,0x75,0x74,0x20,0x6f,0x75,0x74,0x20,0x3d,
    0x20,0x7b,0x7d,0x3b,0x0a,0x20,0x20,0x20,0x20,0x66,0x6c,0x6f,0x61,0x74,0x34,0x20,
    0x5f,0x32,0x37,0x20,0x3d,0x20,0x66,0x61,0x73,0x74,0x3a,0x3a,0x6d,0x61,0x78,0x28,
    0x76,0x69,0x73,0x75,0x61,0x6c,0x44,0x65,0x6e,0x73,0x69,0x74,0x79,0x54,0x65,0x78,
    0x2e,0x73,0x61,0x6d,0x70,0x6c,0x65,0x28,0x76,0x69,0x73,0x75,0x61,0x6c,0x44,0x65,
    0x6e,0x73,0x69,0x74,0x79,0x53,0x6d,0x70,0x2c,0x20,0x69,0x6e,0x2e,0x75,0x76,0x29,
    0x2c,0x20,0x66,0x6c,0x6f,0x61,0x74,0x34,0x28,0x30,0x2e,0x30,0x29,0x29,0x3b,0x0a,
    0x20,0x20,0x20,0x20,0x66,0x6c,0x6f,0x61,0x74,0x20,0x5f,0x33,0x33,0x20,0x3d,0x20,
    0x5f,0x32,0x37,0x2e,0x78,0x3b,0x0a,0x20,0x20,0x20,0x20,0x66,0x6c,0x6f,0x61,0x74,
    0x20,0x5f,0x33,0x36,0x20,0x3d,0x20,0x5f,0x32,0x37,0x2e,0x79,0x3b,0x0a,0x20,0x20,
    0x20,0x20,0x66,0x6c,0x6f,0x61,0x74,0x20,0x5f,0x34,0x30,0x20,0x3d,0x20,0x5f,0x32,
    0x37,0x2e,0x7a,0x3b,0x0a,0x20,0x20,0x20,0x20,0x66,0x6c,0x6f,0x61,0x74,0x20,0x5f,
    0x35,0x31,0x20,0x3d,0x20,0x66,0x61,0x73,0x74,0x3a,0x3a,0x63,0x6c,0x61,0x6d,0x70,
    0x28,0x28,0x28,0x28,0x5f,0x33,0x33,0x20,0x2b,0x20,0x5f,0x33,0x36,0x29,0x20,0x2b,
    0x20,0x5f,0x34,0x30,0x29,0x20,0x2a,0x20,0x30,0x2e,0x33,0x37,0x39,0x39,0x39,0x39,
    0x39,0x39,0x35,0x32,0x33,0x31,0x36,0x32,0x38,0x34,0x31,0x37,0x39,0x36,0x38,0x37,
    0x35,0x29,0x20,0x2b,0x20,0x28,0x5f,0x32,0x37,0x2e,0x77,0x20,0x2a,0x20,0x30,0x2e,
    0x35,0x35,0x30,0x30,0x30,0x30,0x30,0x31,0x31,0x39,0x32,0x30,0x39,0x32,0x38,0x39,
    0x35,0x35,0x30,0x37,0x38,0x31,0x32,0x35,0x29,0x2c,0x20,0x30,0x2e,0x30,0x2c,0x20,
    0x31,0x2e,0x30,0x29,0x3b,0x0a,0x20,0x20,0x20,0x20,0x6f,0x75,0x74,0x2e,0x66,0x72,
    0x61,0x67,0x5f,0x63,0x6f,0x6c,0x6f,0x72,0x20,0x3d,0x20,0x66,0x6c,0x6f,0x61,0x74,
    0x34,0x28,0x66,0x6c,0x6f,0x61,0x74,0x33,0x28,0x66,0x61,0x73,0x74,0x3a,0x3a,0x63,
    0x6c,0x61,0x6d,0x70,0x28,0x28,0x5f,0x33,0x33,0x20,0x2a,0x20,0x31,0x2e,0x31,0x37,
    0x39,0x39,0x39,0x39,0x39,0x34,0x37,0x35,0x34,0x37,0x39,0x31,0x32,0x35,0x39,0x37,
    0x36,0x35,0x36,0x32,0x35,0x29,0x20,0x2b,0x20,0x28,0x5f,0x35,0x31,0x20,0x2a,0x20,
    0x30,0x2e,0x30,0x33,0x39,0x39,0x39,0x39,0x39,0x39,0x39,0x31,0x30,0x35,0x39,0x33,
    0x30,0x33,0x32,0x38,0x33,0x36,0x39,0x31,0x34,0x30,0x36,0x32,0x35,0x29,0x2c,0x20,
    0x30,0x2e,0x30,0x2c,0x20,0x31,0x2e,0x30,0x29,0x2c,0x20,0x66,0x61,0x73,0x74,0x3a,
    0x3a,0x63,0x6c,0x61,0x6d,0x70,0x28,0x28,0x5f,0x33,0x36,0x20,0x2a,0x20,0x31,0x2e,
    0x31,0x37,0x39,0x39,0x39,0x39,0x39,0x34,0x37,0x35,0x34,0x37,0x39,0x31,0x32,0x35,
    0x39,0x37,0x36,0x35,0x36,0x32,0x35,0x29,0x20,0x2b,0x20,0x28,0x5f,0x35,0x31,0x20,
    0x2a,0x20,0x30,0x2e,0x30,0x35,0x30,0x30,0x30,0x30,0x30,0x30,0x30,0x37,0x34,0x35,
    0x30,0x35,0x38,0x30,0x35,0x39,0x36,0x39,0x32,0x33,0x38,0x32,0x38,0x31,0x32,0x35,
    0x29,0x2c,0x20,0x30,0x2e,0x30,0x2c,0x20,0x31,0x2e,0x30,0x29,0x2c,0x20,0x66,0x61,
    0x73,0x74,0x3a,0x3a,0x63,0x6c,0x61,0x6d,0x70,0x28,0x28,0x5f,0x34,0x30,0x20,0x2a,
    0x20,0x31,0x2e,0x31,0x37,0x39,0x39,0x39,0x39,0x39,0x34,0x37,0x35,0x34,0x37,0x39,
    0x31,0x32,0x35,0x39,0x37,0x36,0x35,0x36,0x32,0x35,0x29,0x20,0x2b,0x20,0x28,0x5f,
    0x35,0x31,0x20,0x2a,0x20,0x30,0x2e,0x30,0x35,0x39,0x39,0x39,0x39,0x39,0x39,0x38,
    0x36,0x35,0x38,0x38,0x39,0x35,0x34,0x39,0x32,0x35,0x35,0x33,0x37,0x31,0x30,0x39,
    0x33,0x37,0x35,0x29,0x2c,0x20,0x30,0x2e,0x30,0x2c,0x20,0x31,0x2e,0x30,0x29,0x29,
    0x20,0x2a,0x20,0x5f,0x39,0x33,0x2e,0x63,0x6f,0x6c,0x6f,0x72,0x2e,0x78,0x79,0x7a,
    0x2c,0x20,0x66,0x61,0x73,0x74,0x3a,0x3a,0x63,0x6c,0x61,0x6d,0x70,0x28,0x70,0x6f,
    0x77,0x72,0x28,0x5f,0x35,0x31,0x2c,0x20,0x30,0x2e,0x37,0x32,0x30,0x30,0x30,0x30,
    0x30,0x32,0x38,0x36,0x31,0x30,0x32,0x32,0x39,0x34,0x39,0x32,0x31,0x38,0x37,0x35,
    0x29,0x20,0x2a,0x20,0x31,0x2e,0x33,0x35,0x30,0x30,0x30,0x30,0x30,0x32,0x33,0x38,
    0x34,0x31,0x38,0x35,0x37,0x39,0x31,0x30,0x31,0x35,0x36,0x32,0x35,0x2c,0x20,0x30,
    0x2e,0x30,0x2c,0x20,0x31,0x2e,0x30,0x29,0x20,0x2a,0x20,0x5f,0x39,0x33,0x2e,0x63,
    0x6f,0x6c,0x6f,0x72,0x2e,0x77,0x29,0x3b,0x0a,0x20,0x20,0x20,0x20,0x72,0x65,0x74,
    0x75,0x72,0x6e,0x20,0x6f,0x75,0x74,0x3b,0x0a,0x7d,0x0a,0x0a,0x00,
};
/*
    #include <metal_stdlib>
    #include <simd/simd.h>

    using namespace metal;

    struct visual_params
    {
        float4 color;
        float4 resolution;
        float4 texel;
        float4 options;
    };

    struct main0_out
    {
        float4 frag_color [[color(0)]];
    };

    struct main0_in
    {
        float2 uv [[user(locn0)]];
    };

    fragment main0_out main0(main0_in in [[stage_in]], constant visual_params& _28 [[buffer(0)]], texture2d<float> visualVelocityTex [[texture(0)]], sampler visualVelocitySmp [[sampler(0)]])
    {
        main0_out out = {};
        float2 _36 = visualVelocityTex.sample(visualVelocitySmp, in.uv).xy * _28.options.x;
        float _47 = _36.x;
        float _51 = fast::clamp(length(_36), 0.0, 1.0) * 0.100000001490116119384765625;
        float _55 = _36.y;
        out.frag_color = float4(fast::max(_47, 0.0) + _51, fast::max(_55, 0.0) + _51, fast::max((-_47) - _55, 0.0), 1.0) * _28.color;
        return out;
    }

*/
static const uint8_t fs_visualize_velocity_color_source_metal_macos[871] = {
    0x23,0x69,0x6e,0x63,0x6c,0x75,0x64,0x65,0x20,0x3c,0x6d,0x65,0x74,0x61,0x6c,0x5f,
    0x73,0x74,0x64,0x6c,0x69,0x62,0x3e,0x0a,0x23,0x69,0x6e,0x63,0x6c,0x75,0x64,0x65,
    0x20,0x3c,0x73,0x69,0x6d,0x64,0x2f,0x73,0x69,0x6d,0x64,0x2e,0x68,0x3e,0x0a,0x0a,
    0x75,0x73,0x69,0x6e,0x67,0x20,0x6e,0x61,0x6d,0x65,0x73,0x70,0x61,0x63,0x65,0x20,
    0x6d,0x65,0x74,0x61,0x6c,0x3b,0x0a,0x0a,0x73,0x74,0x72,0x75,0x63,0x74,0x20,0x76,
    0x69,0x73,0x75,0x61,0x6c,0x5f,0x70,0x61,0x72,0x61,0x6d,0x73,0x0a,0x7b,0x0a,0x20,
    0x20,0x20,0x20,0x66,0x6c,0x6f,0x61,0x74,0x34,0x20,0x63,0x6f,0x6c,0x6f,0x72,0x3b,
    0x0a,0x20,0x20,0x20,0x20,0x66,0x6c,0x6f,0x61,0x74,0x34,0x20,0x72,0x65,0x73,0x6f,
    0x6c,0x75,0x74,0x69,0x6f,0x6e,0x3b,0x0a,0x20,0x20,0x20,0x20,0x66,0x6c,0x6f,0x61,
    0x74,0x34,0x20,0x74,0x65,0x78,0x65,0x6c,0x3b,0x0a,0x20,0x20,0x20,0x20,0x66,0x6c,
    0x6f,0x61,0x74,0x34,0x20,0x6f,0x70,0x74,0x69,0x6f,0x6e,0x73,0x3b,0x0a,0x7d,0x3b,
    0x0a,0x0a,0x73,0x74,0x72,0x75,0x63,0x74,0x20,0x6d,0x61,0x69,0x6e,0x30,0x5f,0x6f,
    0x75,0x74,0x0a,0x7b,0x0a,0x20,0x20,0x20,0x20,0x66,0x6c,0x6f,0x61,0x74,0x34,0x20,
    0x66,0x72,0x61,0x67,0x5f,0x63,0x6f,0x6c,0x6f,0x72,0x20,0x5b,0x5b,0x63,0x6f,0x6c,
    0x6f,0x72,0x28,0x30,0x29,0x5d,0x5d,0x3b,0x0a,0x7d,0x3b,0x0a,0x0a,0x73,0x74,0x72,
    0x75,0x63,0x74,0x20,0x6d,0x61,0x69,0x6e,0x30,0x5f,0x69,0x6e,0x0a,0x7b,0x0a,0x20,
    0x20,0x20,0x20,0x66,0x6c,0x6f,0x61,0x74,0x32,0x20,0x75,0x76,0x20,0x5b,0x5b,0x75,
    0x73,0x65,0x72,0x28,0x6c,0x6f,0x63,0x6e,0x30,0x29,0x5d,0x5d,0x3b,0x0a,0x7d,0x3b,
    0x0a,0x0a,0x66,0x72,0x61,0x67,0x6d,0x65,0x6e,0x74,0x20,0x6d,0x61,0x69,0x6e,0x30,
    0x5f,0x6f,0x75,0x74,0x20,0x6d,0x61,0x69,0x6e,0x30,0x28,0x6d,0x61,0x69,0x6e,0x30,
    0x5f,0x69,0x6e,0x20,0x69,0x6e,0x20,0x5b,0x5b,0x73,0x74,0x61,0x67,0x65,0x5f,0x69,
    0x6e,0x5d,0x5d,0x2c,0x20,0x63,0x6f,0x6e,0x73,0x74,0x61,0x6e,0x74,0x20,0x76,0x69,
    0x73,0x75,0x61,0x6c,0x5f,0x70,0x61,0x72,0x61,0x6d,0x73,0x26,0x20,0x5f,0x32,0x38,
    0x20,0x5b,0x5b,0x62,0x75,0x66,0x66,0x65,0x72,0x28,0x30,0x29,0x5d,0x5d,0x2c,0x20,
    0x74,0x65,0x78,0x74,0x75,0x72,0x65,0x32,0x64,0x3c,0x66,0x6c,0x6f,0x61,0x74,0x3e,
    0x20,0x76,0x69,0x73,0x75,0x61,0x6c,0x56,0x65,0x6c,0x6f,0x63,0x69,0x74,0x79,0x54,
    0x65,0x78,0x20,0x5b,0x5b,0x74,0x65,0x78,0x74,0x75,0x72,0x65,0x28,0x30,0x29,0x5d,
    0x5d,0x2c,0x20,0x73,0x61,0x6d,0x70,0x6c,0x65,0x72,0x20,0x76,0x69,0x73,0x75,0x61,
    0x6c,0x56,0x65,0x6c,0x6f,0x63,0x69,0x74,0x79,0x53,0x6d,0x70,0x20,0x5b,0x5b,0x73,
    0x61,0x6d,0x70,0x6c,0x65,0x72,0x28,0x30,0x29,0x5d,0x5d,0x29,0x0a,0x7b,0x0a,0x20,
    0x20,0x20,0x20,0x6d,0x61,0x69,0x6e,0x30,0x5f,0x6f,0x75,0x74,0x20,0x6f,0x75,0x74,
    0x20,0x3d,0x20,0x7b,0x7d,0x3b,0x0a,0x20,0x20,0x20,0x20,0x66,0x6c,0x6f,0x61,0x74,
    0x32,0x20,0x5f,0x33,0x36,0x20,0x3d,0x20,0x76,0x69,0x73,0x75,0x61,0x6c,0x56,0x65,
    0x6c,0x6f,0x63,0x69,0x74,0x79,0x54,0x65,0x78,0x2e,0x73,0x61,0x6d,0x70,0x6c,0x65,
    0x28,0x76,0x69,0x73,0x75,0x61,0x6c,0x56,0x65,0x6c,0x6f,0x63,0x69,0x74,0x79,0x53,
    0x6d,0x70,0x2c,0x20,0x69,0x6e,0x2e,0x75,0x76,0x29,0x2e,0x78,0x79,0x20,0x2a,0x20,
    0x5f,0x32,0x38,0x2e,0x6f,0x70,0x74,0x69,0x6f,0x6e,0x73,0x2e,0x78,0x3b,0x0a,0x20,
    0x20,0x20,0x20,0x66,0x6c,0x6f,0x61,0x74,0x20,0x5f,0x34,0x37,0x20,0x3d,0x20,0x5f,
    0x33,0x36,0x2e,0x78,0x3b,0x0a,0x20,0x20,0x20,0x20,0x66,0x6c,0x6f,0x61,0x74,0x20,
    0x5f,0x35,0x31,0x20,0x3d,0x20,0x66,0x61,0x73,0x74,0x3a,0x3a,0x63,0x6c,0x61,0x6d,
    0x70,0x28,0x6c,0x65,0x6e,0x67,0x74,0x68,0x28,0x5f,0x33,0x36,0x29,0x2c,0x20,0x30,
    0x2e,0x30,0x2c,0x20,0x31,0x2e,0x30,0x29,0x20,0x2a,0x20,0x30,0x2e,0x31,0x30,0x30,
    0x30,0x30,0x30,0x30,0x30,0x31,0x34,0x39,0x30,0x31,0x31,0x36,0x31,0x31,0x39,0x33,
    0x38,0x34,0x37,0x36,0x35,0x36,0x32,0x35,0x3b,0x0a,0x20,0x20,0x20,0x20,0x66,0x6c,
    0x6f,0x61,0x74,0x20,0x5f,0x35,0x35,0x20,0x3d,0x20,0x5f,0x33,0x36,0x2e,0x79,0x3b,
    0x0a,0x20,0x20,0x20,0x20,0x6f,0x75,0x74,0x2e,0x66,0x72,0x61,0x67,0x5f,0x63,0x6f,
    0x6c,0x6f,0x72,0x20,0x3d,0x20,0x66,0x6c,0x6f,0x61,0x74,0x34,0x28,0x66,0x61,0x73,
    0x74,0x3a,0x3a,0x6d,0x61,0x78,0x28,0x5f,0x34,0x37,0x2c,0x20,0x30,0x2e,0x30,0x29,
    0x20,0x2b,0x20,0x5f,0x35,0x31,0x2c,0x20,0x66,0x61,0x73,0x74,0x3a,0x3a,0x6d,0x61,
    0x78,0x28,0x5f,0x35,0x35,0x2c,0x20,0x30,0x2e,0x30,0x29,0x20,0x2b,0x20,0x5f,0x35,
    0x31,0x2c,0x20,0x66,0x61,0x73,0x74,0x3a,0x3a,0x6d,0x61,0x78,0x28,0x28,0x2d,0x5f,
    0x34,0x37,0x29,0x20,0x2d,0x20,0x5f,0x35,0x35,0x2c,0x20,0x30,0x2e,0x30,0x29,0x2c,
    0x20,0x31,0x2e,0x30,0x29,0x20,0x2a,0x20,0x5f,0x32,0x38,0x2e,0x63,0x6f,0x6c,0x6f,
    0x72,0x3b,0x0a,0x20,0x20,0x20,0x20,0x72,0x65,0x74,0x75,0x72,0x6e,0x20,0x6f,0x75,
    0x74,0x3b,0x0a,0x7d,0x0a,0x0a,0x00,
};
/*
    #include <metal_stdlib>
    #include <simd/simd.h>

    using namespace metal;

    struct visual_params
    {
        float4 color;
        float4 resolution;
        float4 texel;
        float4 options;
    };

    struct main0_out
    {
        float4 frag_color [[color(0)]];
    };

    struct main0_in
    {
        float2 uv [[user(locn0)]];
    };

    fragment main0_out main0(main0_in in [[stage_in]], constant visual_params& _30 [[buffer(0)]], texture2d<float> visualPressureTex [[texture(0)]], sampler visualPressureSmp [[sampler(0)]])
    {
        main0_out out = {};
        float _36 = visualPressureTex.sample(visualPressureSmp, in.uv).x * _30.options.x;
        out.frag_color = float4(fast::clamp((float3(0.0500000007450580596923828125, 0.2800000011920928955078125, 0.85000002384185791015625) * fast::max(-_36, 0.0)) + (float3(0.949999988079071044921875) * fast::max(_36, 0.0)), float3(0.0), float3(1.0)), 1.0) * _30.color;
        return out;
    }

*/
static const uint8_t fs_visualize_pressure_source_metal_macos[876] = {
    0x23,0x69,0x6e,0x63,0x6c,0x75,0x64,0x65,0x20,0x3c,0x6d,0x65,0x74,0x61,0x6c,0x5f,
    0x73,0x74,0x64,0x6c,0x69,0x62,0x3e,0x0a,0x23,0x69,0x6e,0x63,0x6c,0x75,0x64,0x65,
    0x20,0x3c,0x73,0x69,0x6d,0x64,0x2f,0x73,0x69,0x6d,0x64,0x2e,0x68,0x3e,0x0a,0x0a,
    0x75,0x73,0x69,0x6e,0x67,0x20,0x6e,0x61,0x6d,0x65,0x73,0x70,0x61,0x63,0x65,0x20,
    0x6d,0x65,0x74,0x61,0x6c,0x3b,0x0a,0x0a,0x73,0x74,0x72,0x75,0x63,0x74,0x20,0x76,
    0x69,0x73,0x75,0x61,0x6c,0x5f,0x70,0x61,0x72,0x61,0x6d,0x73,0x0a,0x7b,0x0a,0x20,
    0x20,0x20,0x20,0x66,0x6c,0x6f,0x61,0x74,0x34,0x20,0x63,0x6f,0x6c,0x6f,0x72,0x3b,
    0x0a,0x20,0x20,0x20,0x20,0x66,0x6c,0x6f,0x61,0x74,0x34,0x20,0x72,0x65,0x73,0x6f,
    0x6c,0x75,0x74,0x69,0x6f,0x6e,0x3b,0x0a,0x20,0x20,0x20,0x20,0x66,0x6c,0x6f,0x61,
    0x74,0x34,0x20,0x74,0x65,0x78,0x65,0x6c,0x3b,0x0a,0x20,0x20,0x20,0x20,0x66,0x6c,
    0x6f,0x61,0x74,0x34,0x20,0x6f,0x70,0x74,0x69,0x6f,0x6e,0x73,0x3b,0x0a,0x7d,0x3b,
    0x0a,0x0a,0x73,0x74,0x72,0x75,0x63,0x74,0x20,0x6d,0x61,0x69,0x6e,0x30,0x5f,0x6f,
    0x75,0x74,0x0a,0x7b,0x0a,0x20,0x20,0x20,0x20,0x66,0x6c,0x6f,0x61,0x74,0x34,0x20,
    0x66,0x72,0x61,0x67,0x5f,0x63,0x6f,0x6c,0x6f,0x72,0x20,0x5b,0x5b,0x63,0x6f,0x6c,
    0x6f,0x72,0x28,0x30,0x29,0x5d,0x5d,0x3b,0x0a,0x7d,0x3b,0x0a,0x0a,0x73,0x74,0x72,
    0x75,0x63,0x74,0x20,0x6d,0x61,0x69,0x6e,0x30,0x5f,0x69,0x6e,0x0a,0x7b,0x0a,0x20,
    0x20,0x20,0x20,0x66,0x6c,0x6f,0x61,0x74,0x32,0x20,0x75,0x76,0x20,0x5b,0x5b,0x75,
    0x73,0x65,0x72,0x28,0x6c,0x6f,0x63,0x6e,0x30,0x29,0x5d,0x5d,0x3b,0x0a,0x7d,0x3b,
    0x0a,0x0a,0x66,0x72,0x61,0x67,0x6d,0x65,0x6e,0x74,0x20,0x6d,0x61,0x69,0x6e,0x30,
    0x5f,0x6f,0x75,0x74,0x20,0x6d,0x61,0x69,0x6e,0x30,0x28,0x6d,0x61,0x69,0x6e,0x30,
    0x5f,0x69,0x6e,0x20,0x69,0x6e,0x20,0x5b,0x5b,0x73,0x74,0x61,0x67,0x65,0x5f,0x69,
    0x6e,0x5d,0x5d,0x2c,0x20,0x63,0x6f,0x6e,0x73,0x74,0x61,0x6e,0x74,0x20,0x76,0x69,
    0x73,0x75,0x61,0x6c,0x5f,0x70,0x61,0x72,0x61,0x6d,0x73,0x26,0x20,0x5f,0x33,0x30,
    0x20,0x5b,0x5b,0x62,0x75,0x66,0x66,0x65,0x72,0x28,0x30,0x29,0x5d,0x5d,0x2c,0x20,
    0x74,0x65,0x78,0x74,0x75,0x72,0x65,0x32,0x64,0x3c,0x66,0x6c,0x6f,0x61,0x74,0x3e,
    0x20,0x76,0x69,0x73,0x75,0x61,0x6c,0x50,0x72,0x65,0x73,0x73,0x75,0x72,0x65,0x54,
    0x65,0x78,0x20,0x5b,0x5b,0x74,0x65,0x78,0x74,0x75,0x72,0x65,0x28,0x30,0x29,0x5d,
    0x5d,0x2c,0x20,0x73,0x61,0x6d,0x70,0x6c,0x65,0x72,0x20,0x76,0x69,0x73,0x75,0x61,
    0x6c,0x50,0x72,0x65,0x73,0x73,0x75,0x72,0x65,0x53,0x6d,0x70,0x20,0x5b,0x5b,0x73,
    0x61,0x6d,0x70,0x6c,0x65,0x72,0x28,0x30,0x29,0x5d,0x5d,0x29,0x0a,0x7b,0x0a,0x20,
    0x20,0x20,0x20,0x6d,0x61,0x69,0x6e,0x30,0x5f,0x6f,0x75,0x74,0x20,0x6f,0x75,0x74,
    0x20,0x3d,0x20,0x7b,0x7d,0x3b,0x0a,0x20,0x20,0x20,0x20,0x66,0x6c,0x6f,0x61,0x74,
    0x20,0x5f,0x33,0x36,0x20,0x3d,0x20,0x76,0x69,0x73,0x75,0x61,0x6c,0x50,0x72,0x65,
    0x73,0x73,0x75,0x72,0x65,0x54,0x65,0x78,0x2e,0x73,0x61,0x6d,0x70,0x6c,0x65,0x28,
    0x76,0x69,0x73,0x75,0x61,0x6c,0x50,0x72,0x65,0x73,0x73,0x75,0x72,0x65,0x53,0x6d,
    0x70,0x2c,0x20,0x69,0x6e,0x2e,0x75,0x76,0x29,0x2e,0x78,0x20,0x2a,0x20,0x5f,0x33,
    0x30,0x2e,0x6f,0x70,0x74,0x69,0x6f,0x6e,0x73,0x2e,0x78,0x3b,0x0a,0x20,0x20,0x20,
    0x20,0x6f,0x75,0x74,0x2e,0x66,0x72,0x61,0x67,0x5f,0x63,0x6f,0x6c,0x6f,0x72,0x20,
    0x3d,0x20,0x66,0x6c,0x6f,0x61,0x74,0x34,0x28,0x66,0x61,0x73,0x74,0x3a,0x3a,0x63,
    0x6c,0x61,0x6d,0x70,0x28,0x28,0x66,0x6c,0x6f,0x61,0x74,0x33,0x28,0x30,0x2e,0x30,
    0x35,0x30,0x30,0x30,0x30,0x30,0x30,0x30,0x37,0x34,0x35,0x30,0x35,0x38,0x30,0x35,
    0x39,0x36,0x39,0x32,0x33,0x38,0x32,0x38,0x31,0x32,0x35,0x2c,0x20,0x30,0x2e,0x32,
    0x38,0x30,0x30,0x30,0x30,0x30,0x30,0x31,0x31,0x39,0x32,0x30,0x39,0x32,0x38,0x39,
    0x35,0x35,0x30,0x37,0x38,0x31,0x32,0x35,0x2c,0x20,0x30,0x2e,0x38,0x35,0x30,0x30,
    0x30,0x30,0x30,0x32,0x33,0x38,0x34,0x31,0x38,0x35,0x37,0x39,0x31,0x30,0x31,0x35,
    0x36,0x32,0x35,0x29,0x20,0x2a,0x20,0x66,0x61,0x73,0x74,0x3a,0x3a,0x6d,0x61,0x78,
    0x28,0x2d,0x5f,0x33,0x36,0x2c,0x20,0x30,0x2e,0x30,0x29,0x29,0x20,0x2b,0x20,0x28,
    0x66,0x6c,0x6f,0x61,0x74,0x33,0x28,0x30,0x2e,0x39,0x34,0x39,0x39,0x39,0x39,0x39,
    0x38,0x38,0x30,0x37,0x39,0x30,0x37,0x31,0x30,0x34,0x34,0x39,0x32,0x31,0x38,0x37,
    0x35,0x29,0x20,0x2a,0x20,0x66,0x61,0x73,0x74,0x3a,0x3a,0x6d,0x61,0x78,0x28,0x5f,
    0x33,0x36,0x2c,0x20,0x30,0x2e,0x30,0x29,0x29,0x2c,0x20,0x66,0x6c,0x6f,0x61,0x74,
    0x33,0x28,0x30,0x2e,0x30,0x29,0x2c,0x20,0x66,0x6c,0x6f,0x61,0x74,0x33,0x28,0x31,
    0x2e,0x30,0x29,0x29,0x2c,0x20,0x31,0x2e,0x30,0x29,0x20,0x2a,0x20,0x5f,0x33,0x30,
    0x2e,0x63,0x6f,0x6c,0x6f,0x72,0x3b,0x0a,0x20,0x20,0x20,0x20,0x72,0x65,0x74,0x75,
    0x72,0x6e,0x20,0x6f,0x75,0x74,0x3b,0x0a,0x7d,0x0a,0x0a,0x00,
};
/*
    #include <metal_stdlib>
    #include <simd/simd.h>

    using namespace metal;

    struct visual_params
    {
        float4 color;
        float4 resolution;
        float4 texel;
        float4 options;
    };

    struct main0_out
    {
        float4 frag_color [[color(0)]];
    };

    struct main0_in
    {
        float2 uv [[user(locn0)]];
    };

    fragment main0_out main0(main0_in in [[stage_in]], constant visual_params& _30 [[buffer(0)]], texture2d<float> visualTemperatureTex [[texture(0)]], sampler visualTemperatureSmp [[sampler(0)]])
    {
        main0_out out = {};
        float _39 = fast::clamp(visualTemperatureTex.sample(visualTemperatureSmp, in.uv).x * _30.options.x, 0.0, 1.0);
        out.frag_color = float4(mix(float3(0.0500000007450580596923828125, 0.119999997317790985107421875, 0.85000002384185791015625), float3(1.0, 0.319999992847442626953125, 0.07999999821186065673828125), float3(_39)) * smoothstep(0.00999999977648258209228515625, 0.119999997317790985107421875, _39), 1.0) * _30.color;
        return out;
    }

*/
static const uint8_t fs_visualize_temperature_source_metal_macos[959] = {
    0x23,0x69,0x6e,0x63,0x6c,0x75,0x64,0x65,0x20,0x3c,0x6d,0x65,0x74,0x61,0x6c,0x5f,
    0x73,0x74,0x64,0x6c,0x69,0x62,0x3e,0x0a,0x23,0x69,0x6e,0x63,0x6c,0x75,0x64,0x65,
    0x20,0x3c,0x73,0x69,0x6d,0x64,0x2f,0x73,0x69,0x6d,0x64,0x2e,0x68,0x3e,0x0a,0x0a,
    0x75,0x73,0x69,0x6e,0x67,0x20,0x6e,0x61,0x6d,0x65,0x73,0x70,0x61,0x63,0x65,0x20,
    0x6d,0x65,0x74,0x61,0x6c,0x3b,0x0a,0x0a,0x73,0x74,0x72,0x75,0x63,0x74,0x20,0x76,
    0x69,0x73,0x75,0x61,0x6c,0x5f,0x70,0x61,0x72,0x61,0x6d,0x73,0x0a,0x7b,0x0a,0x20,
    0x20,0x20,0x20,0x66,0x6c,0x6f,0x61,0x74,0x34,0x20,0x63,0x6f,0x6c,0x6f,0x72,0x3b,
    0x0a,0x20,0x20,0x20,0x20,0x66,0x6c,0x6f,0x61,0x74,0x34,0x20,0x72,0x65,0x73,0x6f,
    0x6c,0x75,0x74,0x69,0x6f,0x6e,0x3b,0x0a,0x20,0x20,0x20,0x20,0x66,0x6c,0x6f,0x61,
    0x74,0x34,0x20,0x74,0x65,0x78,0x65,0x6c,0x3b,0x0a,0x20,0x20,0x20,0x20,0x66,0x6c,
    0x6f,0x61,0x74,0x34,0x20,0x6f,0x70,0x74,0x69,0x6f,0x6e,0x73,0x3b,0x0a,0x7d,0x3b,
    0x0a,0x0a,0x73,0x74,0x72,0x75,0x63,0x74,0x20,0x6d,0x61,0x69,0x6e,0x30,0x5f,0x6f,
    0x75,0x74,0x0a,0x7b,0x0a,0x20,0x20,0x20,0x20,0x66,0x6c,0x6f,0x61,0x74,0x34,0x20,
    0x66,0x72,0x61,0x67,0x5f,0x63,0x6f,0x6c,0x6f,0x72,0x20,0x5b,0x5b,0x63,0x6f,0x6c,
    0x6f,0x72,0x28,0x30,0x29,0x5d,0x5d,0x3b,0x0a,0x7d,0x3b,0x0a,0x0a,0x73,0x74,0x72,
    0x75,0x63,0x74,0x20,0x6d,0x61,0x69,0x6e,0x30,0x5f,0x69,0x6e,0x0a,0x7b,0x0a,0x20,
    0x20,0x20,0x20,0x66,0x6c,0x6f,0x61,0x74,0x32,0x20,0x75,0x76,0x20,0x5b,0x5b,0x75,
    0x73,0x65,0x72,0x28,0x6c,0x6f,0x63,0x6e,0x30,0x29,0x5d,0x5d,0x3b,0x0a,0x7d,0x3b,
    0x0a,0x0a,0x66,0x72,0x61,0x67,0x6d,0x65,0x6e,0x74,0x20,0x6d,0x61,0x69,0x6e,0x30,
    0x5f,0x6f,0x75,0x74,0x20,0x6d,0x61,0x69,0x6e,0x30,0x28,0x6d,0x61,0x69,0x6e,0x30,
    0x5f,0x69,0x6e,0x20,0x69,0x6e,0x20,0x5b,0x5b,0x73,0x74,0x61,0x67,0x65,0x5f,0x69,
    0x6e,0x5d,0x5d,0x2c,0x20,0x63,0x6f,0x6e,0x73,0x74,0x61,0x6e,0x74,0x20,0x76,0x69,
    0x73,0x75,0x61,0x6c,0x5f,0x70,0x61,0x72,0x61,0x6d,0x73,0x26,0x20,0x5f,0x33,0x30,
    0x20,0x5b,0x5b,0x62,0x75,0x66,0x66,0x65,0x72,0x28,0x30,0x29,0x5d,0x5d,0x2c,0x20,
    0x74,0x65,0x78,0x74,0x75,0x72,0x65,0x32,0x64,0x3c,0x66,0x6c,0x6f,0x61,0x74,0x3e,
    0x20,0x76,0x69,0x73,0x75,0x61,0x6c,0x54,0x65,0x6d,0x70,0x65,0x72,0x61,0x74,0x75,
    0x72,0x65,0x54,0x65,0x78,0x20,0x5b,0x5b,0x74,0x65,0x78,0x74,0x75,0x72,0x65,0x28,
    0x30,0x29,0x5d,0x5d,0x2c,0x20,0x73,0x61,0x6d,0x70,0x6c,0x65,0x72,0x20,0x76,0x69,
    0x73,0x75,0x61,0x6c,0x54,0x65,0x6d,0x70,0x65,0x72,0x61,0x74,0x75,0x72,0x65,0x53,
    0x6d,0x70,0x20,0x5b,0x5b,0x73,0x61,0x6d,0x70,0x6c,0x65,0x72,0x28,0x30,0x29,0x5d,
    0x5d,0x29,0x0a,0x7b,0x0a,0x20,0x20,0x20,0x20,0x6d,0x61,0x69,0x6e,0x30,0x5f,0x6f,
    0x75,0x74,0x20,0x6f,0x75,0x74,0x20,0x3d,0x20,0x7b,0x7d,0x3b,0x0a,0x20,0x20,0x20,
    0x20,0x66,0x6c,0x6f,0x61,0x74,0x20,0x5f,0x33,0x39,0x20,0x3d,0x20,0x66,0x61,0x73,
    0x74,0x3a,0x3a,0x63,0x6c,0x61,0x6d,0x70,0x28,0x76,0x69,0x73,0x75,0x61,0x6c,0x54,
    0x65,0x6d,0x70,0x65,0x72,0x61,0x74,0x75,0x72,0x65,0x54,0x65,0x78,0x2e,0x73,0x61,
    0x6d,0x70,0x6c,0x65,0x28,0x76,0x69,0x73,0x75,0x61,0x6c,0x54,0x65,0x6d,0x70,0x65,
    0x72,0x61,0x74,0x75,0x72,0x65,0x53,0x6d,0x70,0x2c,0x20,0x69,0x6e,0x2e,0x75,0x76,
    0x29,0x2e,0x78,0x20,0x2a,0x20,0x5f,0x33,0x30,0x2e,0x6f,0x70,0x74,0x69,0x6f,0x6e,
    0x73,0x2e,0x78,0x2c,0x20,0x30,0x2e,0x30,0x2c,0x20,0x31,0x2e,0x30,0x29,0x3b,0x0a,
    0x20,0x20,0x20,0x20,0x6f,0x75,0x74,0x2e,0x66,0x72,0x61,0x67,0x5f,0x63,0x6f,0x6c,
    0x6f,0x72,0x20,0x3d,0x20,0x66,0x6c,0x6f,0x61,0x74,0x34,0x28,0x6d,0x69,0x78,0x28,
    0x66,0x6c,0x6f,0x61,0x74,0x33,0x28,0x30,0x2e,0x30,0x35,0x30,0x30,0x30,0x30,0x30,
    0x30,0x30,0x37,0x34,0x35,0x30,0x35,0x38,0x30,0x35,0x39,0x36,0x39,0x32,0x33,0x38,
    0x32,0x38,0x31,0x32,0x35,0x2c,0x20,0x30,0x2e,0x31,0x31,0x39,0x39,0x39,0x39,0x39,
    0x39,0x37,0x33,0x31,0x37,0x37,0x39,0x30,0x39,0x38,0x35,0x31,0x30,0x37,0x34,0x32,
    0x31,0x38,0x37,0x35,0x2c,0x20,0x30,0x2e,0x38,0x35,0x30,0x30,0x30,0x30,0x30,0x32,
    0x33,0x38,0x34,0x31,0x38,0x35,0x37,0x39,0x31,0x30,0x31,0x35,0x36,0x32,0x35,0x29,
    0x2c,0x20,0x66,0x6c,0x6f,0x61,0x74,0x33,0x28,0x31,0x2e,0x30,0x2c,0x20,0x30,0x2e,
    0x33,0x31,0x39,0x39,0x39,0x39,0x39,0x39,0x32,0x38,0x34,0x37,0x34,0x34,0x32,0x36,
    0x32,0x36,0x39,0x35,0x33,0x31,0x32,0x35,0x2c,0x20,0x30,0x2e,0x30,0x37,0x39,0x39,
    0x39,0x39,0x39,0x39,0x38,0x32,0x31,0x31,0x38,0x36,0x30,0x36,0x35,0x36,0x37,0x33,
    0x38,0x32,0x38,0x31,0x32,0x35,0x29,0x2c,0x20,0x66,0x6c,0x6f,0x61,0x74,0x33,0x28,
    0x5f,0x33,0x39,0x29,0x29,0x20,0x2a,0x20,0x73,0x6d,0x6f,0x6f,0x74,0x68,0x73,0x74,
    0x65,0x70,0x28,0x30,0x2e,0x30,0x30,0x39,0x39,0x39,0x39,0x39,0x39,0x39,0x37,0x37,
    0x36,0x34,0x38,0x32,0x35,0x38,0x32,0x30,0x39,0x32,0x32,0x38,0x35,0x31,0x35,0x36,
    0x32,0x35,0x2c,0x20,0x30,0x2e,0x31,0x31,0x39,0x39,0x39,0x39,0x39,0x39,0x37,0x33,
    0x31,0x37,0x37,0x39,0x30,0x39,0x38,0x35,0x31,0x30,0x37,0x34,0x32,0x31,0x38,0x37,
    0x35,0x2c,0x20,0x5f,0x33,0x39,0x29,0x2c,0x20,0x31,0x2e,0x30,0x29,0x20,0x2a,0x20,
    0x5f,0x33,0x30,0x2e,0x63,0x6f,0x6c,0x6f,0x72,0x3b,0x0a,0x20,0x20,0x20,0x20,0x72,
    0x65,0x74,0x75,0x72,0x6e,0x20,0x6f,0x75,0x74,0x3b,0x0a,0x7d,0x0a,0x0a,0x00,
};
/*
    #include <metal_stdlib>
    #include <simd/simd.h>

    using namespace metal;

    struct visual_params
    {
        float4 color;
        float4 resolution;
        float4 texel;
        float4 options;
    };

    struct main0_out
    {
        float4 frag_color [[color(0)]];
    };

    struct main0_in
    {
        float2 uv [[user(locn0)]];
    };

    fragment main0_out main0(main0_in in [[stage_in]], constant visual_params& _40 [[buffer(0)]], texture2d<float> combinedDensityTex [[texture(0)]], texture2d<float> combinedVelocityTex [[texture(1)]], texture2d<float> combinedTemperatureTex [[texture(2)]], sampler combinedDensitySmp [[sampler(0)]], sampler combinedVelocitySmp [[sampler(1)]], sampler combinedTemperatureSmp [[sampler(2)]])
    {
        main0_out out = {};
        float4 _27 = fast::max(combinedDensityTex.sample(combinedDensitySmp, in.uv), float4(0.0));
        float2 _48 = combinedVelocityTex.sample(combinedVelocitySmp, in.uv).xy * _40.options.x;
        float _80 = fast::clamp((((_27.x + _27.y) + _27.z) * 0.37999999523162841796875) + (_27.w * 0.550000011920928955078125), 0.0, 1.0);
        float _89 = smoothstep(0.014999999664723873138427734375, 0.75, fast::clamp(combinedTemperatureTex.sample(combinedTemperatureSmp, in.uv).x, 0.0, 1.0));
        float _103 = _48.x;
        float _107 = fast::clamp(length(_48), 0.0, 1.0) * 0.119999997317790985107421875;
        float _110 = _48.y;
        out.frag_color = float4(fast::clamp(((_27.xyz * (1.08000004291534423828125 + (_80 * 0.3499999940395355224609375))) + ((float3(fast::max(_103, 0.0) + _107, fast::max(_110, 0.0) + _107, fast::max((-_103) - _110, 0.0)) * (0.25 + (_80 * 0.75))) * 0.64999997615814208984375)) + ((mix(float3(0.07999999821186065673828125, 0.0500000007450580596923828125, 0.3499999940395355224609375), float3(1.0, 0.300000011920928955078125, 0.0599999986588954925537109375), float3(_89)) * _89) * 0.85000002384185791015625), float3(0.0), float3(1.0)) * _40.color.xyz, _40.color.w);
        return out;
    }

*/
static const uint8_t fs_visualize_combined_source_metal_macos[1897] = {
    0x23,0x69,0x6e,0x63,0x6c,0x75,0x64,0x65,0x20,0x3c,0x6d,0x65,0x74,0x61,0x6c,0x5f,
    0x73,0x74,0x64,0x6c,0x69,0x62,0x3e,0x0a,0x23,0x69,0x6e,0x63,0x6c,0x75,0x64,0x65,
    0x20,0x3c,0x73,0x69,0x6d,0x64,0x2f,0x73,0x69,0x6d,0x64,0x2e,0x68,0x3e,0x0a,0x0a,
    0x75,0x73,0x69,0x6e,0x67,0x20,0x6e,0x61,0x6d,0x65,0x73,0x70,0x61,0x63,0x65,0x20,
    0x6d,0x65,0x74,0x61,0x6c,0x3b,0x0a,0x0a,0x73,0x74,0x72,0x75,0x63,0x74,0x20,0x76,
    0x69,0x73,0x75,0x61,0x6c,0x5f,0x70,0x61,0x72,0x61,0x6d,0x73,0x0a,0x7b,0x0a,0x20,
    0x20,0x20,0x20,0x66,0x6c,0x6f,0x61,0x74,0x34,0x20,0x63,0x6f,0x6c,0x6f,0x72,0x3b,
    0x0a,0x20,0x20,0x20,0x20,0x66,0x6c,0x6f,0x61,0x74,0x34,0x20,0x72,0x65,0x73,0x6f,
    0x6c,0x75,0x74,0x69,0x6f,0x6e,0x3b,0x0a,0x20,0x20,0x20,0x20,0x66,0x6c,0x6f,0x61,
    0x74,0x34,0x20,0x74,0x65,0x78,0x65,0x6c,0x3b,0x0a,0x20,0x20,0x20,0x20,0x66,0x6c,
    0x6f,0x61,0x74,0x34,0x20,0x6f,0x70,0x74,0x69,0x6f,0x6e,0x73,0x3b,0x0a,0x7d,0x3b,
    0x0a,0x0a,0x73,0x74,0x72,0x75,0x63,0x74,0x20,0x6d,0x61,0x69,0x6e,0x30,0x5f,0x6f,
    0x75,0x74,0x0a,0x7b,0x0a,0x20,0x20,0x20,0x20,0x66,0x6c,0x6f,0x61,0x74,0x34,0x20,
    0x66,0x72,0x61,0x67,0x5f,0x63,0x6f,0x6c,0x6f,0x72,0x20,0x5b,0x5b,0x63,0x6f,0x6c,
    0x6f,0x72,0x28,0x30,0x29,0x5d,0x5d,0x3b,0x0a,0x7d,0x3b,0x0a,0x0a,0x73,0x74,0x72,
    0x75,0x63,0x74,0x20,0x6d,0x61,0x69,0x6e,0x30,0x5f,0x69,0x6e,0x0a,0x7b,0x0a,0x20,
    0x20,0x20,0x20,0x66,0x6c,0x6f,0x61,0x74,0x32,0x20,0x75,0x76,0x20,0x5b,0x5b,0x75,
    0x73,0x65,0x72,0x28,0x6c,0x6f,0x63,0x6e,0x30,0x29,0x5d,0x5d,0x3b,0x0a,0x7d,0x3b,
    0x0a,0x0a,0x66,0x72,0x61,0x67,0x6d,0x65,0x6e,0x74,0x20,0x6d,0x61,0x69,0x6e,0x30,
    0x5f,0x6f,0x75,0x74,0x20,0x6d,0x61,0x69,0x6e,0x30,0x28,0x6d,0x61,0x69,0x6e,0x30,
    0x5f,0x69,0x6e,0x20,0x69,0x6e,0x20,0x5b,0x5b,0x73,0x74,0x61,0x67,0x65,0x5f,0x69,
    0x6e,0x5d,0x5d,0x2c,0x20,0x63,0x6f,0x6e,0x73,0x74,0x61,0x6e,0x74,0x20,0x76,0x69,
    0x73,0x75,0x61,0x6c,0x5f,0x70,0x61,0x72,0x61,0x6d,0x73,0x26,0x20,0x5f,0x34,0x30,
    0x20,0x5b,0x5b,0x62,0x75,0x66,0x66,0x65,0x72,0x28,0x30,0x29,0x5d,0x5d,0x2c,0x20,
    0x74,0x65,0x78,0x74,0x75,0x72,0x65,0x32,0x64,0x3c,0x66,0x6c,0x6f,0x61,0x74,0x3e,
    0x20,0x63,0x6f,0x6d,0x62,0x69,0x6e,0x65,0x64,0x44,0x65,0x6e,0x73,0x69,0x74,0x79,
    0x54,0x65,0x78,0x20,0x5b,0x5b,0x74,0x65,0x78,0x74,0x75,0x72,0x65,0x28,0x30,0x29,
    0x5d,0x5d,0x2c,0x20,0x74,0x65,0x78,0x74,0x75,0x72,0x65,0x32,0x64,0x3c,0x66,0x6c,
    0x6f,0x61,0x74,0x3e,0x20,0x63,0x6f,0x6d,0x62,0x69,0x6e,0x65,0x64,0x56,0x65,0x6c,
    0x6f,0x63,0x69,0x74,0x79,0x54,0x65,0x78,0x20,0x5b,0x5b,0x74,0x65,0x78,0x74,0x75,
    0x72,0x65,0x28,0x31,0x29,0x5d,0x5d,0x2c,0x20,0x74,0x65,0x78,0x74,0x75,0x72,0x65,
    0x32,0x64,0x3c,0x66,0x6c,0x6f,0x61,0x74,0x3e,0x20,0x63,0x6f,0x6d,0x62,0x69,0x6e,
    0x65,0x64,0x54,0x65,0x6d,0x70,0x65,0x72,0x61,0x74,0x75,0x72,0x65,0x54,0x65,0x78,
    0x20,0x5b,0x5b,0x74,0x65,0x78,0x74,0x75,0x72,0x65,0x28,0x32,0x29,0x5d,0x5d,0x2c,
    0x20,0x73,0x61,0x6d,0x70,0x6c,0x65,0x72,0x20,0x63,0x6f,0x6d,0x62,0x69,0x6e,0x65,
    0x64,0x44,0x65,0x6e,0x73,0x69,0x74,0x79,0x53,0x6d,0x70,0x20,0x5b,0x5b,0x73,0x61,
    0x6d,0x70,0x6c,0x65,0x72,0x28,0x30,0x29,0x5d,0x5d,0x2c,0x20,0x73,0x61,0x6d,0x70,
    0x6c,0x65,0x72,0x20,0x63,0x6f,0x6d,0x62,0x69,0x6e,0x65,0x64,0x56,0x65,0x6c,0x6f,
    0x63,0x69,0x74,0x79,0x53,0x6d,0x70,0x20,0x5b,0x5b,0x73,0x61,0x6d,0x70,0x6c,0x65,
    0x72,0x28,0x31,0x29,0x5d,0x5d,0x2c,0x20,0x73,0x61,0x6d,0x70,0x6c,0x65,0x72,0x20,
    0x63,0x6f,0x6d,0x62,0x69,0x6e,0x65,0x64,0x54,0x65,0x6d,0x70,0x65,0x72,0x61,0x74,
    0x75,0x72,0x65,0x53,0x6d,0x70,0x20,0x5b,0x5b,0x73,0x61,0x6d,0x70,0x6c,0x65,0x72,
    0x28,0x32,0x29,0x5d,0x5d,0x29,0x0a,0x7b,0x0a,0x20,0x20,0x20,0x20,0x6d,0x61,0x69,
    0x6e,0x30,0x5f,0x6f,0x75,0x74,0x20,0x6f,0x75,0x74,0x20,0x3d,0x20,0x7b,0x7d,0x3b,
    0x0a,0x20,0x20,0x20,0x20,0x66,0x6c,0x6f,0x61,0x74,0x34,0x20,0x5f,0x32,0x37,0x20,
    0x3d,0x20,0x66,0x61,0x73,0x74,0x3a,0x3a,0x6d,0x61,0x78,0x28,0x63,0x6f,0x6d,0x62,
    0x69,0x6e,0x65,0x64,0x44,0x65,0x6e,0x73,0x69,0x74,0x79,0x54,0x65,0x78,0x2e,0x73,
    0x61,0x6d,0x70,0x6c,0x65,0x28,0x63,0x6f,0x6d,0x62,0x69,0x6e,0x65,0x64,0x44,0x65,
    0x6e,0x73,0x69,0x74,0x79,0x53,0x6d,0x70,0x2c,0x20,0x69,0x6e,0x2e,0x75,0x76,0x29,
    0x2c,0x20,0x66,0x6c,0x6f,0x61,0x74,0x34,0x28,0x30,0x2e,0x30,0x29,0x29,0x3b,0x0a,
    0x20,0x20,0x20,0x20,0x66,0x6c,0x6f,0x61,0x74,0x32,0x20,0x5f,0x34,0x38,0x20,0x3d,
    0x20,0x63,0x6f,0x6d,0x62,0x69,0x6e,0x65,0x64,0x56,0x65,0x6c,0x6f,0x63,0x69,0x74,
    0x79,0x54,0x65,0x78,0x2e,0x73,0x61,0x6d,0x70,0x6c,0x65,0x28,0x63,0x6f,0x6d,0x62,
    0x69,0x6e,0x65,0x64,0x56,0x65,0x6c,0x6f,0x63,0x69,0x74,0x79,0x53,0x6d,0x70,0x2c,
    0x20,0x69,0x6e,0x2e,0x75,0x76,0x29,0x2e,0x78,0x79,0x20,0x2a,0x20,0x5f,0x34,0x30,
    0x2e,0x6f,0x70,0x74,0x69,0x6f,0x6e,0x73,0x2e,0x78,0x3b,0x0a,0x20,0x20,0x20,0x20,
    0x66,0x6c,0x6f,0x61,0x74,0x20,0x5f,0x38,0x30,0x20,0x3d,0x20,0x66,0x61,0x73,0x74,
    0x3a,0x3a,0x63,0x6c,0x61,0x6d,0x70,0x28,0x28,0x28,0x28,0x5f,0x32,0x37,0x2e,0x78,
    0x20,0x2b,0x20,0x5f,0x32,0x37,0x2e,0x79,0x29,0x20,0x2b,0x20,0x5f,0x32,0x37,0x2e,
    0x7a,0x29,0x20,0x2a,0x20,0x30,0x2e,0x33,0x37,0x39,0x39,0x39,0x39,0x39,0x39,0x35,
    0x32,0x33,0x31,0x36,0x32,0x38,0x34,0x31,0x37,0x39,0x36,0x38,0x37,0x35,0x29,0x20,
    0x2b,0x20,0x28,0x5f,0x32,0x37,0x2e,0x77,0x20,0x2a,0x20,0x30,0x2e,0x35,0x35,0x30,
    0x30,0x30,0x30,0x30,0x31,0x31,0x39,0x32,0x30,0x39,0x32,0x38,0x39,0x35,0x35,0x30,
    0x37,0x38,0x31,0x32,0x35,0x29,0x2c,0x20,0x30,0x2e,0x30,0x2c,0x20,0x31,0x2e,0x30,
    0x29,0x3b,0x0a,0x20,0x20,0x20,0x20,0x66,0x6c,0x6f,0x61,0x74,0x20,0x5f,0x38,0x39,
    0x20,0x3d,0x20,0x73,0x6d,0x6f,0x6f,0x74,0x68,0x73,0x74,0x65,0x70,0x28,0x30,0x2e,
    0x30,0x31,0x34,0x39,0x39,0x39,0x39,0x39,0x39,0x36,0x36,0x34,0x37,0x32,0x33,0x38,
    0x37,0x33,0x31,0x33,0x38,0x34,0x32,0x37,0x37,0x33,0x34,0x33,0x37,0x35,0x2c,0x20,
    0x30,0x2e,0x37,0x35,0x2c,0x20,0x66,0x61,0x73,0x74,0x3a,0x3a,0x63,0x6c,0x61,0x6d,
    0x70,0x28,0x63,0x6f,0x6d,0x62,0x69,0x6e,0x65,0x64,0x54,0x65,0x6d,0x70,0x65,0x72,
    0x61,0x74,0x75,0x72,0x65,0x54,0x65,0x78,0x2e,0x73,0x61,0x6d,0x70,0x6c,0x65,0x28,
    0x63,0x6f,0x6d,0x62,0x69,0x6e,0x65,0x64,0x54,0x65,0x6d,0x70,0x65,0x72,0x61,0x74,
    0x75,0x72,0x65,0x53,0x6d,0x70,0x2c,0x20,0x69,0x6e,0x2e,0x75,0x76,0x29,0x2e,0x78,
    0x2c,0x20,0x30,0x2e,0x30,0x2c,0x20,0x31,0x2e,0x30,0x29,0x29,0x3b,0x0a,0x20,0x20,
    0x20,0x20,0x66,0x6c,0x6f,0x61,0x74,0x20,0x5f,0x31,0x30,0x33,0x20,0x3d,0x20,0x5f,
    0x34,0x38,0x2e,0x78,0x3b,0x0a,0x20,0x20,0x20,0x20,0x66,0x6c,0x6f,0x61,0x74,0x20,
    0x5f,0x31,0x30,0x37,0x20,0x3d,0x20,0x66,0x61,0x73,0x74,0x3a,0x3a,0x63,0x6c,0x61,
    0x6d,0x70,0x28,0x6c,0x65,0x6e,0x67,0x74,0x68,0x28,0x5f,0x34,0x38,0x29,0x2c,0x20,
    0x30,0x2e,0x30,0x2c,0x20,0x31,0x2e,0x30,0x29,0x20,0x2a,0x20,0x30,0x2e,0x31,0x31,
    0x39,0x39,0x39,0x39,0x39,0x39,0x37,0x33,0x31,0x37,0x37,0x39,0x30,0x39,0x38,0x35,
    0x31,0x30,0x37,0x34,0x32,0x31,0x38,0x37,0x35,0x3b,0x0a,0x20,0x20,0x20,0x20,0x66,
    0x6c,0x6f,0x61,0x74,0x20,0x5f,0x31,0x31,0x30,0x20,0x3d,0x20,0x5f,0x34,0x38,0x2e,
    0x79,0x3b,0x0a,0x20,0x20,0x20,0x20,0x6f,0x75,0x74,0x2e,0x66,0x72,0x61,0x67,0x5f,
    0x63,0x6f,0x6c,0x6f,0x72,0x20,0x3d,0x20,0x66,0x6c,0x6f,0x61,0x74,0x34,0x28,0x66,
    0x61,0x73,0x74,0x3a,0x3a,0x63,0x6c,0x61,0x6d,0x70,0x28,0x28,0x28,0x5f,0x32,0x37,
    0x2e,0x78,0x79,0x7a,0x20,0x2a,0x20,0x28,0x31,0x2e,0x30,0x38,0x30,0x30,0x30,0x30,
    0x30,0x34,0x32,0x39,0x31,0x35,0x33,0x34,0x34,0x32,0x33,0x38,0x32,0x38,0x31,0x32,
    0x35,0x20,0x2b,0x20,0x28,0x5f,0x38,0x30,0x20,0x2a,0x20,0x30,0x2e,0x33,0x34,0x39,
    0x39,0x39,0x39,0x39,0x39,0x34,0x30,0x33,0x39,0x35,0x33,0x35,0x35,0x32,0x32,0x34,
    0x36,0x30,0x39,0x33,0x37,0x35,0x29,0x29,0x29,0x20,0x2b,0x20,0x28,0x28,0x66,0x6c,
    0x6f,0x61,0x74,0x33,0x28,0x66,0x61,0x73,0x74,0x3a,0x3a,0x6d,0x61,0x78,0x28,0x5f,
    0x31,0x30,0x33,0x2c,0x20,0x30,0x2e,0x30,0x29,0x20,0x2b,0x20,0x5f,0x31,0x30,0x37,
    0x2c,0x20,0x66,0x61,0x73,0x74,0x3a,0x3a,0x6d,0x61,0x78,0x28,0x5f,0x31,0x31,0x30,
    0x2c,0x20,0x30,0x2e,0x30,0x29,0x20,0x2b,0x20,0x5f,0x31,0x30,0x37,0x2c,0x20,0x66,
    0x61,0x73,0x74,0x3a,0x3a,0x6d,0x61,0x78,0x28,0x28,0x2d,0x5f,0x31,0x30,0x33,0x29,
    0x20,0x2d,0x20,0x5f,0x31,0x31,0x30,0x2c,0x20,0x30,0x2e,0x30,0x29,0x29,0x20,0x2a,
    0x20,0x28,0x30,0x2e,0x32,0x35,0x20,0x2b,0x20,0x28,0x5f,0x38,0x30,0x20,0x2a,0x20,
    0x30,0x2e,0x37,0x35,0x29,0x29,0x29,0x20,0x2a,0x20,0x30,0x2e,0x36,0x34,0x39,0x39,
    0x39,0x39,0x39,0x37,0x36,0x31,0x35,0x38,0x31,0x34,0x32,0x30,0x38,0x39,0x38,0x34,
    0x33,0x37,0x35,0x29,0x29,0x20,0x2b,0x20,0x28,0x28,0x6d,0x69,0x78,0x28,0x66,0x6c,
    0x6f,0x61,0x74,0x33,0x28,0x30,0x2e,0x30,0x37,0x39,0x39,0x39,0x39,0x39,0x39,0x38,
    0x32,0x31,0x31,0x38,0x36,0x30,0x36,0x35,0x36,0x37,0x33,0x38,0x32,0x38,0x31,0x32,
    0x35,0x2c,0x20,0x30,0x2e,0x30,0x35,0x30,0x30,0x30,0x30,0x30,0x30,0x30,0x37,0x34,
    0x35,0x30,0x35,0x38,0x30,0x35,0x39,0x36,0x39,0x32,0x33,0x38,0x32,0x38,0x31,0x32,
    0x35,0x2c,0x20,0x30,0x2e,0x33,0x34,0x39,0x39,0x39,0x39,0x39,0x39,0x34,0x30,0x33,
    0x39,0x35,0x33,0x35,0x35,0x32,0x32,0x34,0x36,0x30,0x39,0x33,0x37,0x35,0x29,0x2c,
    0x20,0x66,0x6c,0x6f,0x61,0x74,0x33,0x28,0x31,0x2e,0x30,0x2c,0x20,0x30,0x2e,0x33,
    0x30,0x30,0x30,0x30,0x30,0x30,0x31,0x31,0x39,0x32,0x30,0x39,0x32,0x38,0x39,0x35,
    0x35,0x30,0x37,0x38,0x31,0x32,0x35,0x2c,0x20,0x30,0x2e,0x30,0x35,0x39,0x39,0x39,
    0x39,0x39,0x39,0x38,0x36,0x35,0x38,0x38,0x39,0x35,0x34,0x39,0x32,0x35,0x35,0x33,
    0x37,0x31,0x30,0x39,0x33,0x37,0x35,0x29,0x2c,0x20,0x66,0x6c,0x6f,0x61,0x74,0x33,
    0x28,0x5f,0x38,0x39,0x29,0x29,0x20,0x2a,0x20,0x5f,0x38,0x39,0x29,0x20,0x2a,0x20,
    0x30,0x2e,0x38,0x35,0x30,0x30,0x30,0x30,0x30,0x32,0x33,0x38,0x34,0x31,0x38,0x35,
    0x37,0x39,0x31,0x30,0x31,0x35,0x36,0x32,0x35,0x29,0x2c,0x20,0x66,0x6c,0x6f,0x61,
    0x74,0x33,0x28,0x30,0x2e,0x30,0x29,0x2c,0x20,0x66,0x6c,0x6f,0x61,0x74,0x33,0x28,
    0x31,0x2e,0x30,0x29,0x29,0x20,0x2a,0x20,0x5f,0x34,0x30,0x2e,0x63,0x6f,0x6c,0x6f,
    0x72,0x2e,0x78,0x79,0x7a,0x2c,0x20,0x5f,0x34,0x30,0x2e,0x63,0x6f,0x6c,0x6f,0x72,
    0x2e,0x77,0x29,0x3b,0x0a,0x20,0x20,0x20,0x20,0x72,0x65,0x74,0x75,0x72,0x6e,0x20,
    0x6f,0x75,0x74,0x3b,0x0a,0x7d,0x0a,0x0a,0x00,
};
/*
    diagnostic(off, derivative_uniformity);

    var<private> position_1 : vec2f;

    var<private> uv : vec2f;

    var<private> texcoord0 : vec2f;

    var<private> gl_Position : vec4f;

    fn main_1() {
      gl_Position = vec4f(position_1.x, position_1.y, 0.0f, 1.0f);
      uv = texcoord0;
      return;
    }

    struct main_out {
      @builtin(position)
      gl_Position : vec4f,
      @location(0)
      uv_1 : vec2f,
    }

    @vertex
    fn main(@location(0) position_1_param : vec2f, @location(1) texcoord0_param : vec2f) -> main_out {
      position_1 = position_1_param;
      texcoord0 = texcoord0_param;
      main_1();
      return main_out(gl_Position, uv);
    }
*/
static const uint8_t visualization_vs_source_wgsl[595] = {
    0x64,0x69,0x61,0x67,0x6e,0x6f,0x73,0x74,0x69,0x63,0x28,0x6f,0x66,0x66,0x2c,0x20,
    0x64,0x65,0x72,0x69,0x76,0x61,0x74,0x69,0x76,0x65,0x5f,0x75,0x6e,0x69,0x66,0x6f,
    0x72,0x6d,0x69,0x74,0x79,0x29,0x3b,0x0a,0x0a,0x76,0x61,0x72,0x3c,0x70,0x72,0x69,
    0x76,0x61,0x74,0x65,0x3e,0x20,0x70,0x6f,0x73,0x69,0x74,0x69,0x6f,0x6e,0x5f,0x31,
    0x20,0x3a,0x20,0x76,0x65,0x63,0x32,0x66,0x3b,0x0a,0x0a,0x76,0x61,0x72,0x3c,0x70,
    0x72,0x69,0x76,0x61,0x74,0x65,0x3e,0x20,0x75,0x76,0x20,0x3a,0x20,0x76,0x65,0x63,
    0x32,0x66,0x3b,0x0a,0x0a,0x76,0x61,0x72,0x3c,0x70,0x72,0x69,0x76,0x61,0x74,0x65,
    0x3e,0x20,0x74,0x65,0x78,0x63,0x6f,0x6f,0x72,0x64,0x30,0x20,0x3a,0x20,0x76,0x65,
    0x63,0x32,0x66,0x3b,0x0a,0x0a,0x76,0x61,0x72,0x3c,0x70,0x72,0x69,0x76,0x61,0x74,
    0x65,0x3e,0x20,0x67,0x6c,0x5f,0x50,0x6f,0x73,0x69,0x74,0x69,0x6f,0x6e,0x20,0x3a,
    0x20,0x76,0x65,0x63,0x34,0x66,0x3b,0x0a,0x0a,0x66,0x6e,0x20,0x6d,0x61,0x69,0x6e,
    0x5f,0x31,0x28,0x29,0x20,0x7b,0x0a,0x20,0x20,0x67,0x6c,0x5f,0x50,0x6f,0x73,0x69,
    0x74,0x69,0x6f,0x6e,0x20,0x3d,0x20,0x76,0x65,0x63,0x34,0x66,0x28,0x70,0x6f,0x73,
    0x69,0x74,0x69,0x6f,0x6e,0x5f,0x31,0x2e,0x78,0x2c,0x20,0x70,0x6f,0x73,0x69,0x74,
    0x69,0x6f,0x6e,0x5f,0x31,0x2e,0x79,0x2c,0x20,0x30,0x2e,0x30,0x66,0x2c,0x20,0x31,
    0x2e,0x30,0x66,0x29,0x3b,0x0a,0x20,0x20,0x75,0x76,0x20,0x3d,0x20,0x74,0x65,0x78,
    0x63,0x6f,0x6f,0x72,0x64,0x30,0x3b,0x0a,0x20,0x20,0x72,0x65,0x74,0x75,0x72,0x6e,
    0x3b,0x0a,0x7d,0x0a,0x0a,0x73,0x74,0x72,0x75,0x63,0x74,0x20,0x6d,0x61,0x69,0x6e,
    0x5f,0x6f,0x75,0x74,0x20,0x7b,0x0a,0x20,0x20,0x40,0x62,0x75,0x69,0x6c,0x74,0x69,
    0x6e,0x28,0x70,0x6f,0x73,0x69,0x74,0x69,0x6f,0x6e,0x29,0x0a,0x20,0x20,0x67,0x6c,
    0x5f,0x50,0x6f,0x73,0x69,0x74,0x69,0x6f,0x6e,0x20,0x3a,0x20,0x76,0x65,0x63,0x34,
    0x66,0x2c,0x0a,0x20,0x20,0x40,0x6c,0x6f,0x63,0x61,0x74,0x69,0x6f,0x6e,0x28,0x30,
    0x29,0x0a,0x20,0x20,0x75,0x76,0x5f,0x31,0x20,0x3a,0x20,0x76,0x65,0x63,0x32,0x66,
    0x2c,0x0a,0x7d,0x0a,0x0a,0x40,0x76,0x65,0x72,0x74,0x65,0x78,0x0a,0x66,0x6e,0x20,
    0x6d,0x61,0x69,0x6e,0x28,0x40,0x6c,0x6f,0x63,0x61,0x74,0x69,0x6f,0x6e,0x28,0x30,
    0x29,0x20,0x70,0x6f,0x73,0x69,0x74,0x69,0x6f,0x6e,0x5f,0x31,0x5f,0x70,0x61,0x72,
    0x61,0x6d,0x20,0x3a,0x20,0x76,0x65,0x63,0x32,0x66,0x2c,0x20,0x40,0x6c,0x6f,0x63,
    0x61,0x74,0x69,0x6f,0x6e,0x28,0x31,0x29,0x20,0x74,0x65,0x78,0x63,0x6f,0x6f,0x72,
    0x64,0x30,0x5f,0x70,0x61,0x72,0x61,0x6d,0x20,0x3a,0x20,0x76,0x65,0x63,0x32,0x66,
    0x29,0x20,0x2d,0x3e,0x20,0x6d,0x61,0x69,0x6e,0x5f,0x6f,0x75,0x74,0x20,0x7b,0x0a,
    0x20,0x20,0x70,0x6f,0x73,0x69,0x74,0x69,0x6f,0x6e,0x5f,0x31,0x20,0x3d,0x20,0x70,
    0x6f,0x73,0x69,0x74,0x69,0x6f,0x6e,0x5f,0x31,0x5f,0x70,0x61,0x72,0x61,0x6d,0x3b,
    0x0a,0x20,0x20,0x74,0x65,0x78,0x63,0x6f,0x6f,0x72,0x64,0x30,0x20,0x3d,0x20,0x74,
    0x65,0x78,0x63,0x6f,0x6f,0x72,0x64,0x30,0x5f,0x70,0x61,0x72,0x61,0x6d,0x3b,0x0a,
    0x20,0x20,0x6d,0x61,0x69,0x6e,0x5f,0x31,0x28,0x29,0x3b,0x0a,0x20,0x20,0x72,0x65,
    0x74,0x75,0x72,0x6e,0x20,0x6d,0x61,0x69,0x6e,0x5f,0x6f,0x75,0x74,0x28,0x67,0x6c,
    0x5f,0x50,0x6f,0x73,0x69,0x74,0x69,0x6f,0x6e,0x2c,0x20,0x75,0x76,0x29,0x3b,0x0a,
    0x7d,0x0a,0x00,
};
/*
    diagnostic(off, derivative_uniformity);

    struct visual_params {
      /_ @offset(0) _/
      color : vec4f,
      /_ @offset(16) _/
      resolution : vec4f,
      /_ @offset(32) _/
      texel : vec4f,
      /_ @offset(48) _/
      options : vec4f,
    }

    @binding(0) @group(1) var visualInputTex : texture_2d<f32>;

    @binding(32) @group(1) var visualInputSmp : sampler;

    var<private> uv : vec2f;

    @binding(0) @group(0) var<uniform> x_30 : visual_params;

    var<private> frag_color : vec4f;

    fn main_1() {
      var v : f32;
      let x_22 = uv;
      let x_24 = textureSample(visualInputTex, visualInputSmp, x_22);
      v = (x_24.x * x_30.options.x);
      let x_49 = (x_30.color.xyz * clamp(v, 0.0f, 1.0f));
      frag_color = vec4f(x_49.x, x_49.y, x_49.z, x_30.color.w);
      return;
    }

    struct main_out {
      @location(0)
      frag_color_1 : vec4f,
    }

    @fragment
    fn main(@location(0) uv_param : vec2f) -> main_out {
      uv = uv_param;
      main_1();
      return main_out(frag_color);
    }
*/
static const uint8_t fs_visualize_scalar_source_wgsl[912] = {
    0x64,0x69,0x61,0x67,0x6e,0x6f,0x73,0x74,0x69,0x63,0x28,0x6f,0x66,0x66,0x2c,0x20,
    0x64,0x65,0x72,0x69,0x76,0x61,0x74,0x69,0x76,0x65,0x5f,0x75,0x6e,0x69,0x66,0x6f,
    0x72,0x6d,0x69,0x74,0x79,0x29,0x3b,0x0a,0x0a,0x73,0x74,0x72,0x75,0x63,0x74,0x20,
    0x76,0x69,0x73,0x75,0x61,0x6c,0x5f,0x70,0x61,0x72,0x61,0x6d,0x73,0x20,0x7b,0x0a,
    0x20,0x20,0x2f,0x2a,0x20,0x40,0x6f,0x66,0x66,0x73,0x65,0x74,0x28,0x30,0x29,0x20,
    0x2a,0x2f,0x0a,0x20,0x20,0x63,0x6f,0x6c,0x6f,0x72,0x20,0x3a,0x20,0x76,0x65,0x63,
    0x34,0x66,0x2c,0x0a,0x20,0x20,0x2f,0x2a,0x20,0x40,0x6f,0x66,0x66,0x73,0x65,0x74,
    0x28,0x31,0x36,0x29,0x20,0x2a,0x2f,0x0a,0x20,0x20,0x72,0x65,0x73,0x6f,0x6c,0x75,
    0x74,0x69,0x6f,0x6e,0x20,0x3a,0x20,0x76,0x65,0x63,0x34,0x66,0x2c,0x0a,0x20,0x20,
    0x2f,0x2a,0x20,0x40,0x6f,0x66,0x66,0x73,0x65,0x74,0x28,0x33,0x32,0x29,0x20,0x2a,
    0x2f,0x0a,0x20,0x20,0x74,0x65,0x78,0x65,0x6c,0x20,0x3a,0x20,0x76,0x65,0x63,0x34,
    0x66,0x2c,0x0a,0x20,0x20,0x2f,0x2a,0x20,0x40,0x6f,0x66,0x66,0x73,0x65,0x74,0x28,
    0x34,0x38,0x29,0x20,0x2a,0x2f,0x0a,0x20,0x20,0x6f,0x70,0x74,0x69,0x6f,0x6e,0x73,
    0x20,0x3a,0x20,0x76,0x65,0x63,0x34,0x66,0x2c,0x0a,0x7d,0x0a,0x0a,0x40,0x62,0x69,
    0x6e,0x64,0x69,0x6e,0x67,0x28,0x30,0x29,0x20,0x40,0x67,0x72,0x6f,0x75,0x70,0x28,
    0x31,0x29,0x20,0x76,0x61,0x72,0x20,0x76,0x69,0x73,0x75,0x61,0x6c,0x49,0x6e,0x70,
    0x75,0x74,0x54,0x65,0x78,0x20,0x3a,0x20,0x74,0x65,0x78,0x74,0x75,0x72,0x65,0x5f,
    0x32,0x64,0x3c,0x66,0x33,0x32,0x3e,0x3b,0x0a,0x0a,0x40,0x62,0x69,0x6e,0x64,0x69,
    0x6e,0x67,0x28,0x33,0x32,0x29,0x20,0x40,0x67,0x72,0x6f,0x75,0x70,0x28,0x31,0x29,
    0x20,0x76,0x61,0x72,0x20,0x76,0x69,0x73,0x75,0x61,0x6c,0x49,0x6e,0x70,0x75,0x74,
    0x53,0x6d,0x70,0x20,0x3a,0x20,0x73,0x61,0x6d,0x70,0x6c,0x65,0x72,0x3b,0x0a,0x0a,
    0x76,0x61,0x72,0x3c,0x70,0x72,0x69,0x76,0x61,0x74,0x65,0x3e,0x20,0x75,0x76,0x20,
    0x3a,0x20,0x76,0x65,0x63,0x32,0x66,0x3b,0x0a,0x0a,0x40,0x62,0x69,0x6e,0x64,0x69,
    0x6e,0x67,0x28,0x30,0x29,0x20,0x40,0x67,0x72,0x6f,0x75,0x70,0x28,0x30,0x29,0x20,
    0x76,0x61,0x72,0x3c,0x75,0x6e,0x69,0x66,0x6f,0x72,0x6d,0x3e,0x20,0x78,0x5f,0x33,
    0x30,0x20,0x3a,0x20,0x76,0x69,0x73,0x75,0x61,0x6c,0x5f,0x70,0x61,0x72,0x61,0x6d,
    0x73,0x3b,0x0a,0x0a,0x76,0x61,0x72,0x3c,0x70,0x72,0x69,0x76,0x61,0x74,0x65,0x3e,
    0x20,0x66,0x72,0x61,0x67,0x5f,0x63,0x6f,0x6c,0x6f,0x72,0x20,0x3a,0x20,0x76,0x65,
    0x63,0x34,0x66,0x3b,0x0a,0x0a,0x66,0x6e,0x20,0x6d,0x61,0x69,0x6e,0x5f,0x31,0x28,
    0x29,0x20,0x7b,0x0a,0x20,0x20,0x76,0x61,0x72,0x20,0x76,0x20,0x3a,0x20,0x66,0x33,
    0x32,0x3b,0x0a,0x20,0x20,0x6c,0x65,0x74,0x20,0x78,0x5f,0x32,0x32,0x20,0x3d,0x20,
    0x75,0x76,0x3b,0x0a,0x20,0x20,0x6c,0x65,0x74,0x20,0x78,0x5f,0x32,0x34,0x20,0x3d,
    0x20,0x74,0x65,0x78,0x74,0x75,0x72,0x65,0x53,0x61,0x6d,0x70,0x6c,0x65,0x28,0x76,
    0x69,0x73,0x75,0x61,0x6c,0x49,0x6e,0x70,0x75,0x74,0x54,0x65,0x78,0x2c,0x20,0x76,
    0x69,0x73,0x75,0x61,0x6c,0x49,0x6e,0x70,0x75,0x74,0x53,0x6d,0x70,0x2c,0x20,0x78,
    0x5f,0x32,0x32,0x29,0x3b,0x0a,0x20,0x20,0x76,0x20,0x3d,0x20,0x28,0x78,0x5f,0x32,
    0x34,0x2e,0x78,0x20,0x2a,0x20,0x78,0x5f,0x33,0x30,0x2e,0x6f,0x70,0x74,0x69,0x6f,
    0x6e,0x73,0x2e,0x78,0x29,0x3b,0x0a,0x20,0x20,0x6c,0x65,0x74,0x20,0x78,0x5f,0x34,
    0x39,0x20,0x3d,0x20,0x28,0x78,0x5f,0x33,0x30,0x2e,0x63,0x6f,0x6c,0x6f,0x72,0x2e,
    0x78,0x79,0x7a,0x20,0x2a,0x20,0x63,0x6c,0x61,0x6d,0x70,0x28,0x76,0x2c,0x20,0x30,
    0x2e,0x30,0x66,0x2c,0x20,0x31,0x2e,0x30,0x66,0x29,0x29,0x3b,0x0a,0x20,0x20,0x66,
    0x72,0x61,0x67,0x5f,0x63,0x6f,0x6c,0x6f,0x72,0x20,0x3d,0x20,0x76,0x65,0x63,0x34,
    0x66,0x28,0x78,0x5f,0x34,0x39,0x2e,0x78,0x2c,0x20,0x78,0x5f,0x34,0x39,0x2e,0x79,
    0x2c,0x20,0x78,0x5f,0x34,0x39,0x2e,0x7a,0x2c,0x20,0x78,0x5f,0x33,0x30,0x2e,0x63,
    0x6f,0x6c,0x6f,0x72,0x2e,0x77,0x29,0x3b,0x0a,0x20,0x20,0x72,0x65,0x74,0x75,0x72,
    0x6e,0x3b,0x0a,0x7d,0x0a,0x0a,0x73,0x74,0x72,0x75,0x63,0x74,0x20,0x6d,0x61,0x69,
    0x6e,0x5f,0x6f,0x75,0x74,0x20,0x7b,0x0a,0x20,0x20,0x40,0x6c,0x6f,0x63,0x61,0x74,
    0x69,0x6f,0x6e,0x28,0x30,0x29,0x0a,0x20,0x20,0x66,0x72,0x61,0x67,0x5f,0x63,0x6f,
    0x6c,0x6f,0x72,0x5f,0x31,0x20,0x3a,0x20,0x76,0x65,0x63,0x34,0x66,0x2c,0x0a,0x7d,
    0x0a,0x0a,0x40,0x66,0x72,0x61,0x67,0x6d,0x65,0x6e,0x74,0x0a,0x66,0x6e,0x20,0x6d,
    0x61,0x69,0x6e,0x28,0x40,0x6c,0x6f,0x63,0x61,0x74,0x69,0x6f,0x6e,0x28,0x30,0x29,
    0x20,0x75,0x76,0x5f,0x70,0x61,0x72,0x61,0x6d,0x20,0x3a,0x20,0x76,0x65,0x63,0x32,
    0x66,0x29,0x20,0x2d,0x3e,0x20,0x6d,0x61,0x69,0x6e,0x5f,0x6f,0x75,0x74,0x20,0x7b,
    0x0a,0x20,0x20,0x75,0x76,0x20,0x3d,0x20,0x75,0x76,0x5f,0x70,0x61,0x72,0x61,0x6d,
    0x3b,0x0a,0x20,0x20,0x6d,0x61,0x69,0x6e,0x5f,0x31,0x28,0x29,0x3b,0x0a,0x20,0x20,
    0x72,0x65,0x74,0x75,0x72,0x6e,0x20,0x6d,0x61,0x69,0x6e,0x5f,0x6f,0x75,0x74,0x28,
    0x66,0x72,0x61,0x67,0x5f,0x63,0x6f,0x6c,0x6f,0x72,0x29,0x3b,0x0a,0x7d,0x0a,0x00,

};
/*
    diagnostic(off, derivative_uniformity);

    struct visual_params {
      /_ @offset(0) _/
      color : vec4f,
      /_ @offset(16) _/
      resolution : vec4f,
      /_ @offset(32) _/
      texel : vec4f,
      /_ @offset(48) _/
      options : vec4f,
    }

    @binding(0) @group(1) var visualDensityTex : texture_2d<f32>;

    @binding(32) @group(1) var visualDensitySmp : sampler;

    var<private> uv : vec2f;

    var<private> frag_color : vec4f;

    @binding(0) @group(0) var<uniform> x_93 : visual_params;

    fn main_1() {
      var c : vec4f;
      var energy : f32;
      var alpha : f32;
      var rgb : vec3f;
      let x_23 = uv;
      let x_24 = textureSample(visualDensityTex, visualDensitySmp, x_23);
      c = max(x_24, vec4f());
      energy = clamp(((((c.x + c.y) + c.z) * 0.37999999523162841797f) + (c.w * 0.55000001192092895508f)), 0.0f, 1.0f);
      alpha = clamp((pow(energy, 0.72000002861022949219f) * 1.35000002384185791016f), 0.0f, 1.0f);
      rgb = vec3f(clamp(((c.x * 1.17999994754791259766f) + (energy * 0.03999999910593032837f)), 0.0f, 1.0f), clamp(((c.y * 1.17999994754791259766f) + (energy * 0.05000000074505805969f)), 0.0f, 1.0f), clamp(((c.z * 1.17999994754791259766f) + (energy * 0.05999999865889549255f)), 0.0f, 1.0f));
      let x_100 = (rgb * x_93.color.xyz);
      frag_color = vec4f(x_100.x, x_100.y, x_100.z, (alpha * x_93.color.w));
      return;
    }

    struct main_out {
      @location(0)
      frag_color_1 : vec4f,
    }

    @fragment
    fn main(@location(0) uv_param : vec2f) -> main_out {
      uv = uv_param;
      main_1();
      return main_out(frag_color);
    }
*/
static const uint8_t fs_visualize_density_source_wgsl[1468] = {
    0x64,0x69,0x61,0x67,0x6e,0x6f,0x73,0x74,0x69,0x63,0x28,0x6f,0x66,0x66,0x2c,0x20,
    0x64,0x65,0x72,0x69,0x76,0x61,0x74,0x69,0x76,0x65,0x5f,0x75,0x6e,0x69,0x66,0x6f,
    0x72,0x6d,0x69,0x74,0x79,0x29,0x3b,0x0a,0x0a,0x73,0x74,0x72,0x75,0x63,0x74,0x20,
    0x76,0x69,0x73,0x75,0x61,0x6c,0x5f,0x70,0x61,0x72,0x61,0x6d,0x73,0x20,0x7b,0x0a,
    0x20,0x20,0x2f,0x2a,0x20,0x40,0x6f,0x66,0x66,0x73,0x65,0x74,0x28,0x30,0x29,0x20,
    0x2a,0x2f,0x0a,0x20,0x20,0x63,0x6f,0x6c,0x6f,0x72,0x20,0x3a,0x20,0x76,0x65,0x63,
    0x34,0x66,0x2c,0x0a,0x20,0x20,0x2f,0x2a,0x20,0x40,0x6f,0x66,0x66,0x73,0x65,0x74,
    0x28,0x31,0x36,0x29,0x20,0x2a,0x2f,0x0a,0x20,0x20,0x72,0x65,0x73,0x6f,0x6c,0x75,
    0x74,0x69,0x6f,0x6e,0x20,0x3a,0x20,0x76,0x65,0x63,0x34,0x66,0x2c,0x0a,0x20,0x20,
    0x2f,0x2a,0x20,0x40,0x6f,0x66,0x66,0x73,0x65,0x74,0x28,0x33,0x32,0x29,0x20,0x2a,
    0x2f,0x0a,0x20,0x20,0x74,0x65,0x78,0x65,0x6c,0x20,0x3a,0x20,0x76,0x65,0x63,0x34,
    0x66,0x2c,0x0a,0x20,0x20,0x2f,0x2a,0x20,0x40,0x6f,0x66,0x66,0x73,0x65,0x74,0x28,
    0x34,0x38,0x29,0x20,0x2a,0x2f,0x0a,0x20,0x20,0x6f,0x70,0x74,0x69,0x6f,0x6e,0x73,
    0x20,0x3a,0x20,0x76,0x65,0x63,0x34,0x66,0x2c,0x0a,0x7d,0x0a,0x0a,0x40,0x62,0x69,
    0x6e,0x64,0x69,0x6e,0x67,0x28,0x30,0x29,0x20,0x40,0x67,0x72,0x6f,0x75,0x70,0x28,
    0x31,0x29,0x20,0x76,0x61,0x72,0x20,0x76,0x69,0x73,0x75,0x61,0x6c,0x44,0x65,0x6e,
    0x73,0x69,0x74,0x79,0x54,0x65,0x78,0x20,0x3a,0x20,0x74,0x65,0x78,0x74,0x75,0x72,
    0x65,0x5f,0x32,0x64,0x3c,0x66,0x33,0x32,0x3e,0x3b,0x0a,0x0a,0x40,0x62,0x69,0x6e,
    0x64,0x69,0x6e,0x67,0x28,0x33,0x32,0x29,0x20,0x40,0x67,0x72,0x6f,0x75,0x70,0x28,
    0x31,0x29,0x20,0x76,0x61,0x72,0x20,0x76,0x69,0x73,0x75,0x61,0x6c,0x44,0x65,0x6e,
    0x73,0x69,0x74,0x79,0x53,0x6d,0x70,0x20,0x3a,0x20,0x73,0x61,0x6d,0x70,0x6c,0x65,
    0x72,0x3b,0x0a,0x0a,0x76,0x61,0x72,0x3c,0x70,0x72,0x69,0x76,0x61,0x74,0x65,0x3e,
    0x20,0x75,0x76,0x20,0x3a,0x20,0x76,0x65,0x63,0x32,0x66,0x3b,0x0a,0x0a,0x76,0x61,
    0x72,0x3c,0x70,0x72,0x69,0x76,0x61,0x74,0x65,0x3e,0x20,0x66,0x72,0x61,0x67,0x5f,
    0x63,0x6f,0x6c,0x6f,0x72,0x20,0x3a,0x20,0x76,0x65,0x63,0x34,0x66,0x3b,0x0a,0x0a,
    0x40,0x62,0x69,0x6e,0x64,0x69,0x6e,0x67,0x28,0x30,0x29,0x20,0x40,0x67,0x72,0x6f,
    0x75,0x70,0x28,0x30,0x29,0x20,0x76,0x61,0x72,0x3c,0x75,0x6e,0x69,0x66,0x6f,0x72,
    0x6d,0x3e,0x20,0x78,0x5f,0x39,0x33,0x20,0x3a,0x20,0x76,0x69,0x73,0x75,0x61,0x6c,
    0x5f,0x70,0x61,0x72,0x61,0x6d,0x73,0x3b,0x0a,0x0a,0x66,0x6e,0x20,0x6d,0x61,0x69,
    0x6e,0x5f,0x31,0x28,0x29,0x20,0x7b,0x0a,0x20,0x20,0x76,0x61,0x72,0x20,0x63,0x20,
    0x3a,0x20,0x76,0x65,0x63,0x34,0x66,0x3b,0x0a,0x20,0x20,0x76,0x61,0x72,0x20,0x65,
    0x6e,0x65,0x72,0x67,0x79,0x20,0x3a,0x20,0x66,0x33,0x32,0x3b,0x0a,0x20,0x20,0x76,
    0x61,0x72,0x20,0x61,0x6c,0x70,0x68,0x61,0x20,0x3a,0x20,0x66,0x33,0x32,0x3b,0x0a,
    0x20,0x20,0x76,0x61,0x72,0x20,0x72,0x67,0x62,0x20,0x3a,0x20,0x76,0x65,0x63,0x33,
    0x66,0x3b,0x0a,0x20,0x20,0x6c,0x65,0x74,0x20,0x78,0x5f,0x32,0x33,0x20,0x3d,0x20,
    0x75,0x76,0x3b,0x0a,0x20,0x20,0x6c,0x65,0x74,0x20,0x78,0x5f,0x32,0x34,0x20,0x3d,
    0x20,0x74,0x65,0x78,0x74,0x75,0x72,0x65,0x53,0x61,0x6d,0x70,0x6c,0x65,0x28,0x76,
    0x69,0x73,0x75,0x61,0x6c,0x44,0x65,0x6e,0x73,0x69,0x74,0x79,0x54,0x65,0x78,0x2c,
    0x20,0x76,0x69,0x73,0x75,0x61,0x6c,0x44,0x65,0x6e,0x73,0x69,0x74,0x79,0x53,0x6d,
    0x70,0x2c,0x20,0x78,0x5f,0x32,0x33,0x29,0x3b,0x0a,0x20,0x20,0x63,0x20,0x3d,0x20,
    0x6d,0x61,0x78,0x28,0x78,0x5f,0x32,0x34,0x2c,0x20,0x76,0x65,0x63,0x34,0x66,0x28,
    0x29,0x29,0x3b,0x0a,0x20,0x20,0x65,0x6e,0x65,0x72,0x67,0x79,0x20,0x3d,0x20,0x63,
    0x6c,0x61,0x6d,0x70,0x28,0x28,0x28,0x28,0x28,0x63,0x2e,0x78,0x20,0x2b,0x20,0x63,
    0x2e,0x79,0x29,0x20,0x2b,0x20,0x63,0x2e,0x7a,0x29,0x20,0x2a,0x20,0x30,0x2e,0x33,
    0x37,0x39,0x39,0x39,0x39,0x39,0x39,0x35,0x32,0x33,0x31,0x36,0x32,0x38,0x34,0x31,
    0x37,0x39,0x37,0x66,0x29,0x20,0x2b,0x20,0x28,0x63,0x2e,0x77,0x20,0x2a,0x20,0x30,
    0x2e,0x35,0x35,0x30,0x30,0x30,0x30,0x30,0x31,0x31,0x39,0x32,0x30,0x39,0x32,0x38,
    0x39,0x35,0x35,0x30,0x38,0x66,0x29,0x29,0x2c,0x20,0x30,0x2e,0x30,0x66,0x2c,0x20,
    0x31,0x2e,0x30,0x66,0x29,0x3b,0x0a,0x20,0x20,0x61,0x6c,0x70,0x68,0x61,0x20,0x3d,
    0x20,0x63,0x6c,0x61,0x6d,0x70,0x28,0x28,0x70,0x6f,0x77,0x28,0x65,0x6e,0x65,0x72,
    0x67,0x79,0x2c,0x20,0x30,0x2e,0x37,0x32,0x30,0x30,0x30,0x30,0x30,0x32,0x38,0x36,
    0x31,0x30,0x32,0x32,0x39,0x34,0x39,0x32,0x31,0x39,0x66,0x29,0x20,0x2a,0x20,0x31,
    0x2e,0x33,0x35,0x30,0x30,0x30,0x30,0x30,0x32,0x33,0x38,0x34,0x31,0x38,0x35,0x37,
    0x39,0x31,0x30,0x31,0x36,0x66,0x29,0x2c,0x20,0x30,0x2e,0x30,0x66,0x2c,0x20,0x31,
    0x2e,0x30,0x66,0x29,0x3b,0x0a,0x20,0x20,0x72,0x67,0x62,0x20,0x3d,0x20,0x76,0x65,
    0x63,0x33,0x66,0x28,0x63,0x6c,0x61,0x6d,0x70,0x28,0x28,0x28,0x63,0x2e,0x78,0x20,
    0x2a,0x20,0x31,0x2e,0x31,0x37,0x39,0x39,0x39,0x39,0x39,0x34,0x37,0x35,0x34,0x37,
    0x39,0x31,0x32,0x35,0x39,0x37,0x36,0x36,0x66,0x29,0x20,0x2b,0x20,0x28,0x65,0x6e,
    0x65,0x72,0x67,0x79,0x20,0x2a,0x20,0x30,0x2e,0x30,0x33,0x39,0x39,0x39,0x39,0x39,
    0x39,0x39,0x31,0x30,0x35,0x39,0x33,0x30,0x33,0x32,0x38,0x33,0x37,0x66,0x29,0x29,
    0x2c,0x20,0x30,0x2e,0x30,0x66,0x2c,0x20,0x31,0x2e,0x30,0x66,0x29,0x2c,0x20,0x63,
    0x6c,0x61,0x6d,0x70,0x28,0x28,0x28,0x63,0x2e,0x79,0x20,0x2a,0x20,0x31,0x2e,0x31,
    0x37,0x39,0x39,0x39,0x39,0x39,0x34,0x37,0x35,0x34,0x37,0x39,0x31,0x32,0x35,0x39,
    0x37,0x36,0x36,0x66,0x29,0x20,0x2b,0x20,0x28,0x65,0x6e,0x65,0x72,0x67,0x79,0x20,
    0x2a,0x20,0x30,0x2e,0x30,0x35,0x30,0x30,0x30,0x30,0x30,0x30,0x30,0x37,0x34,0x35,
    0x30,0x35,0x38,0x30,0x35,0x39,0x36,0x39,0x66,0x29,0x29,0x2c,0x20,0x30,0x2e,0x30,
    0x66,0x2c,0x20,0x31,0x2e,0x30,0x66,0x29,0x2c,0x20,0x63,0x6c,0x61,0x6d,0x70,0x28,
    0x28,0x28,0x63,0x2e,0x7a,0x20,0x2a,0x20,0x31,0x2e,0x31,0x37,0x39,0x39,0x39,0x39,
    0x39,0x34,0x37,0x35,0x34,0x37,0x39,0x31,0x32,0x35,0x39,0x37,0x36,0x36,0x66,0x29,
    0x20,0x2b,0x20,0x28,0x65,0x6e,0x65,0x72,0x67,0x79,0x20,0x2a,0x20,0x30,0x2e,0x30,
    0x35,0x39,0x39,0x39,0x39,0x39,0x39,0x38,0x36,0x35,0x38,0x38,0x39,0x35,0x34,0x39,
    0x32,0x35,0x35,0x66,0x29,0x29,0x2c,0x20,0x30,0x2e,0x30,0x66,0x2c,0x20,0x31,0x2e,
    0x30,0x66,0x29,0x29,0x3b,0x0a,0x20,0x20,0x6c,0x65,0x74,0x20,0x78,0x5f,0x31,0x30,
    0x30,0x20,0x3d,0x20,0x28,0x72,0x67,0x62,0x20,0x2a,0x20,0x78,0x5f,0x39,0x33,0x2e,
    0x63,0x6f,0x6c,0x6f,0x72,0x2e,0x78,0x79,0x7a,0x29,0x3b,0x0a,0x20,0x20,0x66,0x72,
    0x61,0x67,0x5f,0x63,0x6f,0x6c,0x6f,0x72,0x20,0x3d,0x20,0x76,0x65,0x63,0x34,0x66,
    0x28,0x78,0x5f,0x31,0x30,0x30,0x2e,0x78,0x2c,0x20,0x78,0x5f,0x31,0x30,0x30,0x2e,
    0x79,0x2c,0x20,0x78,0x5f,0x31,0x30,0x30,0x2e,0x7a,0x2c,0x20,0x28,0x61,0x6c,0x70,
    0x68,0x61,0x20,0x2a,0x20,0x78,0x5f,0x39,0x33,0x2e,0x63,0x6f,0x6c,0x6f,0x72,0x2e,
    0x77,0x29,0x29,0x3b,0x0a,0x20,0x20,0x72,0x65,0x74,0x75,0x72,0x6e,0x3b,0x0a,0x7d,
    0x0a,0x0a,0x73,0x74,0x72,0x75,0x63,0x74,0x20,0x6d,0x61,0x69,0x6e,0x5f,0x6f,0x75,
    0x74,0x20,0x7b,0x0a,0x20,0x20,0x40,0x6c,0x6f,0x63,0x61,0x74,0x69,0x6f,0x6e,0x28,
    0x30,0x29,0x0a,0x20,0x20,0x66,0x72,0x61,0x67,0x5f,0x63,0x6f,0x6c,0x6f,0x72,0x5f,
    0x31,0x20,0x3a,0x20,0x76,0x65,0x63,0x34,0x66,0x2c,0x0a,0x7d,0x0a,0x0a,0x40,0x66,
    0x72,0x61,0x67,0x6d,0x65,0x6e,0x74,0x0a,0x66,0x6e,0x20,0x6d,0x61,0x69,0x6e,0x28,
    0x40,0x6c,0x6f,0x63,0x61,0x74,0x69,0x6f,0x6e,0x28,0x30,0x29,0x20,0x75,0x76,0x5f,
    0x70,0x61,0x72,0x61,0x6d,0x20,0x3a,0x20,0x76,0x65,0x63,0x32,0x66,0x29,0x20,0x2d,
    0x3e,0x20,0x6d,0x61,0x69,0x6e,0x5f,0x6f,0x75,0x74,0x20,0x7b,0x0a,0x20,0x20,0x75,
    0x76,0x20,0x3d,0x20,0x75,0x76,0x5f,0x70,0x61,0x72,0x61,0x6d,0x3b,0x0a,0x20,0x20,
    0x6d,0x61,0x69,0x6e,0x5f,0x31,0x28,0x29,0x3b,0x0a,0x20,0x20,0x72,0x65,0x74,0x75,
    0x72,0x6e,0x20,0x6d,0x61,0x69,0x6e,0x5f,0x6f,0x75,0x74,0x28,0x66,0x72,0x61,0x67,
    0x5f,0x63,0x6f,0x6c,0x6f,0x72,0x29,0x3b,0x0a,0x7d,0x0a,0x00,
};
/*
    diagnostic(off, derivative_uniformity);

    struct visual_params {
      /_ @offset(0) _/
      color : vec4f,
      /_ @offset(16) _/
      resolution : vec4f,
      /_ @offset(32) _/
      texel : vec4f,
      /_ @offset(48) _/
      options : vec4f,
    }

    @binding(0) @group(1) var visualVelocityTex : texture_2d<f32>;

    @binding(32) @group(1) var visualVelocitySmp : sampler;

    var<private> uv : vec2f;

    @binding(0) @group(0) var<uniform> x_28 : visual_params;

    var<private> frag_color : vec4f;

    fn main_1() {
      var v : vec2f;
      var mag : f32;
      let x_22 = uv;
      let x_24 = textureSample(visualVelocityTex, visualVelocitySmp, x_22);
      v = (x_24.xy * x_28.options.x);
      mag = clamp(length(v), 0.0f, 1.0f);
      frag_color = (vec4f((max(v.x, 0.0f) + (mag * 0.10000000149011611938f)), (max(v.y, 0.0f) + (mag * 0.10000000149011611938f)), max((-(v.x) - v.y), 0.0f), 1.0f) * x_28.color);
      return;
    }

    struct main_out {
      @location(0)
      frag_color_1 : vec4f,
    }

    @fragment
    fn main(@location(0) uv_param : vec2f) -> main_out {
      uv = uv_param;
      main_1();
      return main_out(frag_color);
    }
*/
static const uint8_t fs_visualize_velocity_color_source_wgsl[1042] = {
    0x64,0x69,0x61,0x67,0x6e,0x6f,0x73,0x74,0x69,0x63,0x28,0x6f,0x66,0x66,0x2c,0x20,
    0x64,0x65,0x72,0x69,0x76,0x61,0x74,0x69,0x76,0x65,0x5f,0x75,0x6e,0x69,0x66,0x6f,
    0x72,0x6d,0x69,0x74,0x79,0x29,0x3b,0x0a,0x0a,0x73,0x74,0x72,0x75,0x63,0x74,0x20,
    0x76,0x69,0x73,0x75,0x61,0x6c,0x5f,0x70,0x61,0x72,0x61,0x6d,0x73,0x20,0x7b,0x0a,
    0x20,0x20,0x2f,0x2a,0x20,0x40,0x6f,0x66,0x66,0x73,0x65,0x74,0x28,0x30,0x29,0x20,
    0x2a,0x2f,0x0a,0x20,0x20,0x63,0x6f,0x6c,0x6f,0x72,0x20,0x3a,0x20,0x76,0x65,0x63,
    0x34,0x66,0x2c,0x0a,0x20,0x20,0x2f,0x2a,0x20,0x40,0x6f,0x66,0x66,0x73,0x65,0x74,
    0x28,0x31,0x36,0x29,0x20,0x2a,0x2f,0x0a,0x20,0x20,0x72,0x65,0x73,0x6f,0x6c,0x75,
    0x74,0x69,0x6f,0x6e,0x20,0x3a,0x20,0x76,0x65,0x63,0x34,0x66,0x2c,0x0a,0x20,0x20,
    0x2f,0x2a,0x20,0x40,0x6f,0x66,0x66,0x73,0x65,0x74,0x28,0x33,0x32,0x29,0x20,0x2a,
    0x2f,0x0a,0x20,0x20,0x74,0x65,0x78,0x65,0x6c,0x20,0x3a,0x20,0x76,0x65,0x63,0x34,
    0x66,0x2c,0x0a,0x20,0x20,0x2f,0x2a,0x20,0x40,0x6f,0x66,0x66,0x73,0x65,0x74,0x28,
    0x34,0x38,0x29,0x20,0x2a,0x2f,0x0a,0x20,0x20,0x6f,0x70,0x74,0x69,0x6f,0x6e,0x73,
    0x20,0x3a,0x20,0x76,0x65,0x63,0x34,0x66,0x2c,0x0a,0x7d,0x0a,0x0a,0x40,0x62,0x69,
    0x6e,0x64,0x69,0x6e,0x67,0x28,0x30,0x29,0x20,0x40,0x67,0x72,0x6f,0x75,0x70,0x28,
    0x31,0x29,0x20,0x76,0x61,0x72,0x20,0x76,0x69,0x73,0x75,0x61,0x6c,0x56,0x65,0x6c,
    0x6f,0x63,0x69,0x74,0x79,0x54,0x65,0x78,0x20,0x3a,0x20,0x74,0x65,0x78,0x74,0x75,
    0x72,0x65,0x5f,0x32,0x64,0x3c,0x66,0x33,0x32,0x3e,0x3b,0x0a,0x0a,0x40,0x62,0x69,
    0x6e,0x64,0x69,0x6e,0x67,0x28,0x33,0x32,0x29,0x20,0x40,0x67,0x72,0x6f,0x75,0x70,
    0x28,0x31,0x29,0x20,0x76,0x61,0x72,0x20,0x76,0x69,0x73,0x75,0x61,0x6c,0x56,0x65,
    0x6c,0x6f,0x63,0x69,0x74,0x79,0x53,0x6d,0x70,0x20,0x3a,0x20,0x73,0x61,0x6d,0x70,
    0x6c,0x65,0x72,0x3b,0x0a,0x0a,0x76,0x61,0x72,0x3c,0x70,0x72,0x69,0x76,0x61,0x74,
    0x65,0x3e,0x20,0x75,0x76,0x20,0x3a,0x20,0x76,0x65,0x63,0x32,0x66,0x3b,0x0a,0x0a,
    0x40,0x62,0x69,0x6e,0x64,0x69,0x6e,0x67,0x28,0x30,0x29,0x20,0x40,0x67,0x72,0x6f,
    0x75,0x70,0x28,0x30,0x29,0x20,0x76,0x61,0x72,0x3c,0x75,0x6e,0x69,0x66,0x6f,0x72,
    0x6d,0x3e,0x20,0x78,0x5f,0x32,0x38,0x20,0x3a,0x20,0x76,0x69,0x73,0x75,0x61,0x6c,
    0x5f,0x70,0x61,0x72,0x61,0x6d,0x73,0x3b,0x0a,0x0a,0x76,0x61,0x72,0x3c,0x70,0x72,
    0x69,0x76,0x61,0x74,0x65,0x3e,0x20,0x66,0x72,0x61,0x67,0x5f,0x63,0x6f,0x6c,0x6f,
    0x72,0x20,0x3a,0x20,0x76,0x65,0x63,0x34,0x66,0x3b,0x0a,0x0a,0x66,0x6e,0x20,0x6d,
    0x61,0x69,0x6e,0x5f,0x31,0x28,0x29,0x20,0x7b,0x0a,0x20,0x20,0x76,0x61,0x72,0x20,
    0x76,0x20,0x3a,0x20,0x76,0x65,0x63,0x32,0x66,0x3b,0x0a,0x20,0x20,0x76,0x61,0x72,
    0x20,0x6d,0x61,0x67,0x20,0x3a,0x20,0x66,0x33,0x32,0x3b,0x0a,0x20,0x20,0x6c,0x65,
    0x74,0x20,0x78,0x5f,0x32,0x32,0x20,0x3d,0x20,0x75,0x76,0x3b,0x0a,0x20,0x20,0x6c,
    0x65,0x74,0x20,0x78,0x5f,0x32,0x34,0x20,0x3d,0x20,0x74,0x65,0x78,0x74,0x75,0x72,
    0x65,0x53,0x61,0x6d,0x70,0x6c,0x65,0x28,0x76,0x69,0x73,0x75,0x61,0x6c,0x56,0x65,
    0x6c,0x6f,0x63,0x69,0x74,0x79,0x54,0x65,0x78,0x2c,0x20,0x76,0x69,0x73,0x75,0x61,
    0x6c,0x56,0x65,0x6c,0x6f,0x63,0x69,0x74,0x79,0x53,0x6d,0x70,0x2c,0x20,0x78,0x5f,
    0x32,0x32,0x29,0x3b,0x0a,0x20,0x20,0x76,0x20,0x3d,0x20,0x28,0x78,0x5f,0x32,0x34,
    0x2e,0x78,0x79,0x20,0x2a,0x20,0x78,0x5f,0x32,0x38,0x2e,0x6f,0x70,0x74,0x69,0x6f,
    0x6e,0x73,0x2e,0x78,0x29,0x3b,0x0a,0x20,0x20,0x6d,0x61,0x67,0x20,0x3d,0x20,0x63,
    0x6c,0x61,0x6d,0x70,0x28,0x6c,0x65,0x6e,0x67,0x74,0x68,0x28,0x76,0x29,0x2c,0x20,
    0x30,0x2e,0x30,0x66,0x2c,0x20,0x31,0x2e,0x30,0x66,0x29,0x3b,0x0a,0x20,0x20,0x66,
    0x72,0x61,0x67,0x5f,0x63,0x6f,0x6c,0x6f,0x72,0x20,0x3d,0x20,0x28,0x76,0x65,0x63,
    0x34,0x66,0x28,0x28,0x6d,0x61,0x78,0x28,0x76,0x2e,0x78,0x2c,0x20,0x30,0x2e,0x30,
    0x66,0x29,0x20,0x2b,0x20,0x28,0x6d,0x61,0x67,0x20,0x2a,0x20,0x30,0x2e,0x31,0x30,
    0x30,0x30,0x30,0x30,0x30,0x30,0x31,0x34,0x39,0x30,0x31,0x31,0x36,0x31,0x31,0x39,
    0x33,0x38,0x66,0x29,0x29,0x2c,0x20,0x28,0x6d,0x61,0x78,0x28,0x76,0x2e,0x79,0x2c,
    0x20,0x30,0x2e,0x30,0x66,0x29,0x20,0x2b,0x20,0x28,0x6d,0x61,0x67,0x20,0x2a,0x20,
    0x30,0x2e,0x31,0x30,0x30,0x30,0x30,0x30,0x30,0x30,0x31,0x34,0x39,0x30,0x31,0x31,
    0x36,0x31,0x31,0x39,0x33,0x38,0x66,0x29,0x29,0x2c,0x20,0x6d,0x61,0x78,0x28,0x28,
    0x2d,0x28,0x76,0x2e,0x78,0x29,0x20,0x2d,0x20,0x76,0x2e,0x79,0x29,0x2c,0x20,0x30,
    0x2e,0x30,0x66,0x29,0x2c,0x20,0x31,0x2e,0x30,0x66,0x29,0x20,0x2a,0x20,0x78,0x5f,
    0x32,0x38,0x2e,0x63,0x6f,0x6c,0x6f,0x72,0x29,0x3b,0x0a,0x20,0x20,0x72,0x65,0x74,
    0x75,0x72,0x6e,0x3b,0x0a,0x7d,0x0a,0x0a,0x73,0x74,0x72,0x75,0x63,0x74,0x20,0x6d,
    0x61,0x69,0x6e,0x5f,0x6f,0x75,0x74,0x20,0x7b,0x0a,0x20,0x20,0x40,0x6c,0x6f,0x63,
    0x61,0x74,0x69,0x6f,0x6e,0x28,0x30,0x29,0x0a,0x20,0x20,0x66,0x72,0x61,0x67,0x5f,
    0x63,0x6f,0x6c,0x6f,0x72,0x5f,0x31,0x20,0x3a,0x20,0x76,0x65,0x63,0x34,0x66,0x2c,
    0x0a,0x7d,0x0a,0x0a,0x40,0x66,0x72,0x61,0x67,0x6d,0x65,0x6e,0x74,0x0a,0x66,0x6e,
    0x20,0x6d,0x61,0x69,0x6e,0x28,0x40,0x6c,0x6f,0x63,0x61,0x74,0x69,0x6f,0x6e,0x28,
    0x30,0x29,0x20,0x75,0x76,0x5f,0x70,0x61,0x72,0x61,0x6d,0x20,0x3a,0x20,0x76,0x65,
    0x63,0x32,0x66,0x29,0x20,0x2d,0x3e,0x20,0x6d,0x61,0x69,0x6e,0x5f,0x6f,0x75,0x74,
    0x20,0x7b,0x0a,0x20,0x20,0x75,0x76,0x20,0x3d,0x20,0x75,0x76,0x5f,0x70,0x61,0x72,
    0x61,0x6d,0x3b,0x0a,0x20,0x20,0x6d,0x61,0x69,0x6e,0x5f,0x31,0x28,0x29,0x3b,0x0a,
    0x20,0x20,0x72,0x65,0x74,0x75,0x72,0x6e,0x20,0x6d,0x61,0x69,0x6e,0x5f,0x6f,0x75,
    0x74,0x28,0x66,0x72,0x61,0x67,0x5f,0x63,0x6f,0x6c,0x6f,0x72,0x29,0x3b,0x0a,0x7d,
    0x0a,0x00,
};
/*
    diagnostic(off, derivative_uniformity);

    struct visual_params {
      /_ @offset(0) _/
      color : vec4f,
      /_ @offset(16) _/
      resolution : vec4f,
      /_ @offset(32) _/
      texel : vec4f,
      /_ @offset(48) _/
      options : vec4f,
    }

    @binding(0) @group(1) var visualPressureTex : texture_2d<f32>;

    @binding(32) @group(1) var visualPressureSmp : sampler;

    var<private> uv : vec2f;

    @binding(0) @group(0) var<uniform> x_30 : visual_params;

    var<private> frag_color : vec4f;

    fn main_1() {
      var p : f32;
      var neg : vec3f;
      var pos : vec3f;
      let x_22 = uv;
      let x_24 = textureSample(visualPressureTex, visualPressureSmp, x_22);
      p = (x_24.x * x_30.options.x);
      neg = (vec3f(0.05000000074505805969f, 0.28000000119209289551f, 0.85000002384185791016f) * max(-(p), 0.0f));
      pos = (vec3f(0.94999998807907104492f) * max(p, 0.0f));
      let x_63 = clamp((neg + pos), vec3f(0.0f), vec3f(1.0f));
      frag_color = (vec4f(x_63.x, x_63.y, x_63.z, 1.0f) * x_30.color);
      return;
    }

    struct main_out {
      @location(0)
      frag_color_1 : vec4f,
    }

    @fragment
    fn main(@location(0) uv_param : vec2f) -> main_out {
      uv = uv_param;
      main_1();
      return main_out(frag_color);
    }
*/
static const uint8_t fs_visualize_pressure_source_wgsl[1141] = {
    0x64,0x69,0x61,0x67,0x6e,0x6f,0x73,0x74,0x69,0x63,0x28,0x6f,0x66,0x66,0x2c,0x20,
    0x64,0x65,0x72,0x69,0x76,0x61,0x74,0x69,0x76,0x65,0x5f,0x75,0x6e,0x69,0x66,0x6f,
    0x72,0x6d,0x69,0x74,0x79,0x29,0x3b,0x0a,0x0a,0x73,0x74,0x72,0x75,0x63,0x74,0x20,
    0x76,0x69,0x73,0x75,0x61,0x6c,0x5f,0x70,0x61,0x72,0x61,0x6d,0x73,0x20,0x7b,0x0a,
    0x20,0x20,0x2f,0x2a,0x20,0x40,0x6f,0x66,0x66,0x73,0x65,0x74,0x28,0x30,0x29,0x20,
    0x2a,0x2f,0x0a,0x20,0x20,0x63,0x6f,0x6c,0x6f,0x72,0x20,0x3a,0x20,0x76,0x65,0x63,
    0x34,0x66,0x2c,0x0a,0x20,0x20,0x2f,0x2a,0x20,0x40,0x6f,0x66,0x66,0x73,0x65,0x74,
    0x28,0x31,0x36,0x29,0x20,0x2a,0x2f,0x0a,0x20,0x20,0x72,0x65,0x73,0x6f,0x6c,0x75,
    0x74,0x69,0x6f,0x6e,0x20,0x3a,0x20,0x76,0x65,0x63,0x34,0x66,0x2c,0x0a,0x20,0x20,
    0x2f,0x2a,0x20,0x40,0x6f,0x66,0x66,0x73,0x65,0x74,0x28,0x33,0x32,0x29,0x20,0x2a,
    0x2f,0x0a,0x20,0x20,0x74,0x65,0x78,0x65,0x6c,0x20,0x3a,0x20,0x76,0x65,0x63,0x34,
    0x66,0x2c,0x0a,0x20,0x20,0x2f,0x2a,0x20,0x40,0x6f,0x66,0x66,0x73,0x65,0x74,0x28,
    0x34,0x38,0x29,0x20,0x2a,0x2f,0x0a,0x20,0x20,0x6f,0x70,0x74,0x69,0x6f,0x6e,0x73,
    0x20,0x3a,0x20,0x76,0x65,0x63,0x34,0x66,0x2c,0x0a,0x7d,0x0a,0x0a,0x40,0x62,0x69,
    0x6e,0x64,0x69,0x6e,0x67,0x28,0x30,0x29,0x20,0x40,0x67,0x72,0x6f,0x75,0x70,0x28,
    0x31,0x29,0x20,0x76,0x61,0x72,0x20,0x76,0x69,0x73,0x75,0x61,0x6c,0x50,0x72,0x65,
    0x73,0x73,0x75,0x72,0x65,0x54,0x65,0x78,0x20,0x3a,0x20,0x74,0x65,0x78,0x74,0x75,
    0x72,0x65,0x5f,0x32,0x64,0x3c,0x66,0x33,0x32,0x3e,0x3b,0x0a,0x0a,0x40,0x62,0x69,
    0x6e,0x64,0x69,0x6e,0x67,0x28,0x33,0x32,0x29,0x20,0x40,0x67,0x72,0x6f,0x75,0x70,
    0x28,0x31,0x29,0x20,0x76,0x61,0x72,0x20,0x76,0x69,0x73,0x75,0x61,0x6c,0x50,0x72,
    0x65,0x73,0x73,0x75,0x72,0x65,0x53,0x6d,0x70,0x20,0x3a,0x20,0x73,0x61,0x6d,0x70,
    0x6c,0x65,0x72,0x3b,0x0a,0x0a,0x76,0x61,0x72,0x3c,0x70,0x72,0x69,0x76,0x61,0x74,
    0x65,0x3e,0x20,0x75,0x76,0x20,0x3a,0x20,0x76,0x65,0x63,0x32,0x66,0x3b,0x0a,0x0a,
    0x40,0x62,0x69,0x6e,0x64,0x69,0x6e,0x67,0x28,0x30,0x29,0x20,0x40,0x67,0x72,0x6f,
    0x75,0x70,0x28,0x30,0x29,0x20,0x76,0x61,0x72,0x3c,0x75,0x6e,0x69,0x66,0x6f,0x72,
    0x6d,0x3e,0x20,0x78,0x5f,0x33,0x30,0x20,0x3a,0x20,0x76,0x69,0x73,0x75,0x61,0x6c,
    0x5f,0x70,0x61,0x72,0x61,0x6d,0x73,0x3b,0x0a,0x0a,0x76,0x61,0x72,0x3c,0x70,0x72,
    0x69,0x76,0x61,0x74,0x65,0x3e,0x20,0x66,0x72,0x61,0x67,0x5f,0x63,0x6f,0x6c,0x6f,
    0x72,0x20,0x3a,0x20,0x76,0x65,0x63,0x34,0x66,0x3b,0x0a,0x0a,0x66,0x6e,0x20,0x6d,
    0x61,0x69,0x6e,0x5f,0x31,0x28,0x29,0x20,0x7b,0x0a,0x20,0x20,0x76,0x61,0x72,0x20,
    0x70,0x20,0x3a,0x20,0x66,0x33,0x32,0x3b,0x0a,0x20,0x20,0x76,0x61,0x72,0x20,0x6e,
    0x65,0x67,0x20,0x3a,0x20,0x76,0x65,0x63,0x33,0x66,0x3b,0x0a,0x20,0x20,0x76,0x61,
    0x72,0x20,0x70,0x6f,0x73,0x20,0x3a,0x20,0x76,0x65,0x63,0x33,0x66,0x3b,0x0a,0x20,
    0x20,0x6c,0x65,0x74,0x20,0x78,0x5f,0x32,0x32,0x20,0x3d,0x20,0x75,0x76,0x3b,0x0a,
    0x20,0x20,0x6c,0x65,0x74,0x20,0x78,0x5f,0x32,0x34,0x20,0x3d,0x20,0x74,0x65,0x78,
    0x74,0x75,0x72,0x65,0x53,0x61,0x6d,0x70,0x6c,0x65,0x28,0x76,0x69,0x73,0x75,0x61,
    0x6c,0x50,0x72,0x65,0x73,0x73,0x75,0x72,0x65,0x54,0x65,0x78,0x2c,0x20,0x76,0x69,
    0x73,0x75,0x61,0x6c,0x50,0x72,0x65,0x73,0x73,0x75,0x72,0x65,0x53,0x6d,0x70,0x2c,
    0x20,0x78,0x5f,0x32,0x32,0x29,0x3b,0x0a,0x20,0x20,0x70,0x20,0x3d,0x20,0x28,0x78,
    0x5f,0x32,0x34,0x2e,0x78,0x20,0x2a,0x20,0x78,0x5f,0x33,0x30,0x2e,0x6f,0x70,0x74,
    0x69,0x6f,0x6e,0x73,0x2e,0x78,0x29,0x3b,0x0a,0x20,0x20,0x6e,0x65,0x67,0x20,0x3d,
    0x20,0x28,0x76,0x65,0x63,0x33,0x66,0x28,0x30,0x2e,0x30,0x35,0x30,0x30,0x30,0x30,
    0x30,0x30,0x30,0x37,0x34,0x35,0x30,0x35,0x38,0x30,0x35,0x39,0x36,0x39,0x66,0x2c,
    0x20,0x30,0x2e,0x32,0x38,0x30,0x30,0x30,0x30,0x30,0x30,0x31,0x31,0x39,0x32,0x30,
    0x39,0x32,0x38,0x39,0x35,0x35,0x31,0x66,0x2c,0x20,0x30,0x2e,0x38,0x35,0x30,0x30,
    0x30,0x30,0x30,0x32,0x33,0x38,0x34,0x31,0x38,0x35,0x37,0x39,0x31,0x30,0x31,0x36,
    0x66,0x29,0x20,0x2a,0x20,0x6d,0x61,0x78,0x28,0x2d,0x28,0x70,0x29,0x2c,0x20,0x30,
    0x2e,0x30,0x66,0x29,0x29,0x3b,0x0a,0x20,0x20,0x70,0x6f,0x73,0x20,0x3d,0x20,0x28,
    0x76,0x65,0x63,0x33,0x66,0x28,0x30,0x2e,0x39,0x34,0x39,0x39,0x39,0x39,0x39,0x38,
    0x38,0x30,0x37,0x39,0x30,0x37,0x31,0x30,0x34,0x34,0x39,0x32,0x66,0x29,0x20,0x2a,
    0x20,0x6d,0x61,0x78,0x28,0x70,0x2c,0x20,0x30,0x2e,0x30,0x66,0x29,0x29,0x3b,0x0a,
    0x20,0x20,0x6c,0x65,0x74,0x20,0x78,0x5f,0x36,0x33,0x20,0x3d,0x20,0x63,0x6c,0x61,
    0x6d,0x70,0x28,0x28,0x6e,0x65,0x67,0x20,0x2b,0x20,0x70,0x6f,0x73,0x29,0x2c,0x20,
    0x76,0x65,0x63,0x33,0x66,0x28,0x30,0x2e,0x30,0x66,0x29,0x2c,0x20,0x76,0x65,0x63,
    0x33,0x66,0x28,0x31,0x2e,0x30,0x66,0x29,0x29,0x3b,0x0a,0x20,0x20,0x66,0x72,0x61,
    0x67,0x5f,0x63,0x6f,0x6c,0x6f,0x72,0x20,0x3d,0x20,0x28,0x76,0x65,0x63,0x34,0x66,
    0x28,0x78,0x5f,0x36,0x33,0x2e,0x78,0x2c,0x20,0x78,0x5f,0x36,0x33,0x2e,0x79,0x2c,
    0x20,0x78,0x5f,0x36,0x33,0x2e,0x7a,0x2c,0x20,0x31,0x2e,0x30,0x66,0x29,0x20,0x2a,
    0x20,0x78,0x5f,0x33,0x30,0x2e,0x63,0x6f,0x6c,0x6f,0x72,0x29,0x3b,0x0a,0x20,0x20,
    0x72,0x65,0x74,0x75,0x72,0x6e,0x3b,0x0a,0x7d,0x0a,0x0a,0x73,0x74,0x72,0x75,0x63,
    0x74,0x20,0x6d,0x61,0x69,0x6e,0x5f,0x6f,0x75,0x74,0x20,0x7b,0x0a,0x20,0x20,0x40,
    0x6c,0x6f,0x63,0x61,0x74,0x69,0x6f,0x6e,0x28,0x30,0x29,0x0a,0x20,0x20,0x66,0x72,
    0x61,0x67,0x5f,0x63,0x6f,0x6c,0x6f,0x72,0x5f,0x31,0x20,0x3a,0x20,0x76,0x65,0x63,
    0x34,0x66,0x2c,0x0a,0x7d,0x0a,0x0a,0x40,0x66,0x72,0x61,0x67,0x6d,0x65,0x6e,0x74,
    0x0a,0x66,0x6e,0x20,0x6d,0x61,0x69,0x6e,0x28,0x40,0x6c,0x6f,0x63,0x61,0x74,0x69,
    0x6f,0x6e,0x28,0x30,0x29,0x20,0x75,0x76,0x5f,0x70,0x61,0x72,0x61,0x6d,0x20,0x3a,
    0x20,0x76,0x65,0x63,0x32,0x66,0x29,0x20,0x2d,0x3e,0x20,0x6d,0x61,0x69,0x6e,0x5f,
    0x6f,0x75,0x74,0x20,0x7b,0x0a,0x20,0x20,0x75,0x76,0x20,0x3d,0x20,0x75,0x76,0x5f,
    0x70,0x61,0x72,0x61,0x6d,0x3b,0x0a,0x20,0x20,0x6d,0x61,0x69,0x6e,0x5f,0x31,0x28,
    0x29,0x3b,0x0a,0x20,0x20,0x72,0x65,0x74,0x75,0x72,0x6e,0x20,0x6d,0x61,0x69,0x6e,
    0x5f,0x6f,0x75,0x74,0x28,0x66,0x72,0x61,0x67,0x5f,0x63,0x6f,0x6c,0x6f,0x72,0x29,
    0x3b,0x0a,0x7d,0x0a,0x00,
};
/*
    diagnostic(off, derivative_uniformity);

    struct visual_params {
      /_ @offset(0) _/
      color : vec4f,
      /_ @offset(16) _/
      resolution : vec4f,
      /_ @offset(32) _/
      texel : vec4f,
      /_ @offset(48) _/
      options : vec4f,
    }

    @binding(0) @group(1) var visualTemperatureTex : texture_2d<f32>;

    @binding(32) @group(1) var visualTemperatureSmp : sampler;

    var<private> uv : vec2f;

    @binding(0) @group(0) var<uniform> x_30 : visual_params;

    var<private> frag_color : vec4f;

    fn main_1() {
      var t : f32;
      var cold : vec3f;
      var hot : vec3f;
      var c : vec3f;
      let x_22 = uv;
      let x_24 = textureSample(visualTemperatureTex, visualTemperatureSmp, x_22);
      t = clamp((x_24.x * x_30.options.x), 0.0f, 1.0f);
      cold = vec3f(0.05000000074505805969f, 0.11999999731779098511f, 0.85000002384185791016f);
      hot = vec3f(1.0f, 0.31999999284744262695f, 0.07999999821186065674f);
      c = (mix(cold, hot, vec3f(t)) * smoothstep(0.00999999977648258209f, 0.11999999731779098511f, t));
      frag_color = (vec4f(c.x, c.y, c.z, 1.0f) * x_30.color);
      return;
    }

    struct main_out {
      @location(0)
      frag_color_1 : vec4f,
    }

    @fragment
    fn main(@location(0) uv_param : vec2f) -> main_out {
      uv = uv_param;
      main_1();
      return main_out(frag_color);
    }
*/
static const uint8_t fs_visualize_temperature_source_wgsl[1217] = {
    0x64,0x69,0x61,0x67,0x6e,0x6f,0x73,0x74,0x69,0x63,0x28,0x6f,0x66,0x66,0x2c,0x20,
    0x64,0x65,0x72,0x69,0x76,0x61,0x74,0x69,0x76,0x65,0x5f,0x75,0x6e,0x69,0x66,0x6f,
    0x72,0x6d,0x69,0x74,0x79,0x29,0x3b,0x0a,0x0a,0x73,0x74,0x72,0x75,0x63,0x74,0x20,
    0x76,0x69,0x73,0x75,0x61,0x6c,0x5f,0x70,0x61,0x72,0x61,0x6d,0x73,0x20,0x7b,0x0a,
    0x20,0x20,0x2f,0x2a,0x20,0x40,0x6f,0x66,0x66,0x73,0x65,0x74,0x28,0x30,0x29,0x20,
    0x2a,0x2f,0x0a,0x20,0x20,0x63,0x6f,0x6c,0x6f,0x72,0x20,0x3a,0x20,0x76,0x65,0x63,
    0x34,0x66,0x2c,0x0a,0x20,0x20,0x2f,0x2a,0x20,0x40,0x6f,0x66,0x66,0x73,0x65,0x74,
    0x28,0x31,0x36,0x29,0x20,0x2a,0x2f,0x0a,0x20,0x20,0x72,0x65,0x73,0x6f,0x6c,0x75,
    0x74,0x69,0x6f,0x6e,0x20,0x3a,0x20,0x76,0x65,0x63,0x34,0x66,0x2c,0x0a,0x20,0x20,
    0x2f,0x2a,0x20,0x40,0x6f,0x66,0x66,0x73,0x65,0x74,0x28,0x33,0x32,0x29,0x20,0x2a,
    0x2f,0x0a,0x20,0x20,0x74,0x65,0x78,0x65,0x6c,0x20,0x3a,0x20,0x76,0x65,0x63,0x34,
    0x66,0x2c,0x0a,0x20,0x20,0x2f,0x2a,0x20,0x40,0x6f,0x66,0x66,0x73,0x65,0x74,0x28,
    0x34,0x38,0x29,0x20,0x2a,0x2f,0x0a,0x20,0x20,0x6f,0x70,0x74,0x69,0x6f,0x6e,0x73,
    0x20,0x3a,0x20,0x76,0x65,0x63,0x34,0x66,0x2c,0x0a,0x7d,0x0a,0x0a,0x40,0x62,0x69,
    0x6e,0x64,0x69,0x6e,0x67,0x28,0x30,0x29,0x20,0x40,0x67,0x72,0x6f,0x75,0x70,0x28,
    0x31,0x29,0x20,0x76,0x61,0x72,0x20,0x76,0x69,0x73,0x75,0x61,0x6c,0x54,0x65,0x6d,
    0x70,0x65,0x72,0x61,0x74,0x75,0x72,0x65,0x54,0x65,0x78,0x20,0x3a,0x20,0x74,0x65,
    0x78,0x74,0x75,0x72,0x65,0x5f,0x32,0x64,0x3c,0x66,0x33,0x32,0x3e,0x3b,0x0a,0x0a,
    0x40,0x62,0x69,0x6e,0x64,0x69,0x6e,0x67,0x28,0x33,0x32,0x29,0x20,0x40,0x67,0x72,
    0x6f,0x75,0x70,0x28,0x31,0x29,0x20,0x76,0x61,0x72,0x20,0x76,0x69,0x73,0x75,0x61,
    0x6c,0x54,0x65,0x6d,0x70,0x65,0x72,0x61,0x74,0x75,0x72,0x65,0x53,0x6d,0x70,0x20,
    0x3a,0x20,0x73,0x61,0x6d,0x70,0x6c,0x65,0x72,0x3b,0x0a,0x0a,0x76,0x61,0x72,0x3c,
    0x70,0x72,0x69,0x76,0x61,0x74,0x65,0x3e,0x20,0x75,0x76,0x20,0x3a,0x20,0x76,0x65,
    0x63,0x32,0x66,0x3b,0x0a,0x0a,0x40,0x62,0x69,0x6e,0x64,0x69,0x6e,0x67,0x28,0x30,
    0x29,0x20,0x40,0x67,0x72,0x6f,0x75,0x70,0x28,0x30,0x29,0x20,0x76,0x61,0x72,0x3c,
    0x75,0x6e,0x69,0x66,0x6f,0x72,0x6d,0x3e,0x20,0x78,0x5f,0x33,0x30,0x20,0x3a,0x20,
    0x76,0x69,0x73,0x75,0x61,0x6c,0x5f,0x70,0x61,0x72,0x61,0x6d,0x73,0x3b,0x0a,0x0a,
    0x76,0x61,0x72,0x3c,0x70,0x72,0x69,0x76,0x61,0x74,0x65,0x3e,0x20,0x66,0x72,0x61,
    0x67,0x5f,0x63,0x6f,0x6c,0x6f,0x72,0x20,0x3a,0x20,0x76,0x65,0x63,0x34,0x66,0x3b,
    0x0a,0x0a,0x66,0x6e,0x20,0x6d,0x61,0x69,0x6e,0x5f,0x31,0x28,0x29,0x20,0x7b,0x0a,
    0x20,0x20,0x76,0x61,0x72,0x20,0x74,0x20,0x3a,0x20,0x66,0x33,0x32,0x3b,0x0a,0x20,
    0x20,0x76,0x61,0x72,0x20,0x63,0x6f,0x6c,0x64,0x20,0x3a,0x20,0x76,0x65,0x63,0x33,
    0x66,0x3b,0x0a,0x20,0x20,0x76,0x61,0x72,0x20,0x68,0x6f,0x74,0x20,0x3a,0x20,0x76,
    0x65,0x63,0x33,0x66,0x3b,0x0a,0x20,0x20,0x76,0x61,0x72,0x20,0x63,0x20,0x3a,0x20,
    0x76,0x65,0x63,0x33,0x66,0x3b,0x0a,0x20,0x20,0x6c,0x65,0x74,0x20,0x78,0x5f,0x32,
    0x32,0x20,0x3d,0x20,0x75,0x76,0x3b,0x0a,0x20,0x20,0x6c,0x65,0x74,0x20,0x78,0x5f,
    0x32,0x34,0x20,0x3d,0x20,0x74,0x65,0x78,0x74,0x75,0x72,0x65,0x53,0x61,0x6d,0x70,
    0x6c,0x65,0x28,0x76,0x69,0x73,0x75,0x61,0x6c,0x54,0x65,0x6d,0x70,0x65,0x72,0x61,
    0x74,0x75,0x72,0x65,0x54,0x65,0x78,0x2c,0x20,0x76,0x69,0x73,0x75,0x61,0x6c,0x54,
    0x65,0x6d,0x70,0x65,0x72,0x61,0x74,0x75,0x72,0x65,0x53,0x6d,0x70,0x2c,0x20,0x78,
    0x5f,0x32,0x32,0x29,0x3b,0x0a,0x20,0x20,0x74,0x20,0x3d,0x20,0x63,0x6c,0x61,0x6d,
    0x70,0x28,0x28,0x78,0x5f,0x32,0x34,0x2e,0x78,0x20,0x2a,0x20,0x78,0x5f,0x33,0x30,
    0x2e,0x6f,0x70,0x74,0x69,0x6f,0x6e,0x73,0x2e,0x78,0x29,0x2c,0x20,0x30,0x2e,0x30,
    0x66,0x2c,0x20,0x31,0x2e,0x30,0x66,0x29,0x3b,0x0a,0x20,0x20,0x63,0x6f,0x6c,0x64,
    0x20,0x3d,0x20,0x76,0x65,0x63,0x33,0x66,0x28,0x30,0x2e,0x30,0x35,0x30,0x30,0x30,
    0x30,0x30,0x30,0x30,0x37,0x34,0x35,0x30,0x35,0x38,0x30,0x35,0x39,0x36,0x39,0x66,
    0x2c,0x20,0x30,0x2e,0x31,0x31,0x39,0x39,0x39,0x39,0x39,0x39,0x37,0x33,0x31,0x37,
    0x37,0x39,0x30,0x39,0x38,0x35,0x31,0x31,0x66,0x2c,0x20,0x30,0x2e,0x38,0x35,0x30,
    0x30,0x30,0x30,0x30,0x32,0x33,0x38,0x34,0x31,0x38,0x35,0x37,0x39,0x31,0x30,0x31,
    0x36,0x66,0x29,0x3b,0x0a,0x20,0x20,0x68,0x6f,0x74,0x20,0x3d,0x20,0x76,0x65,0x63,
    0x33,0x66,0x28,0x31,0x2e,0x30,0x66,0x2c,0x20,0x30,0x2e,0x33,0x31,0x39,0x39,0x39,
    0x39,0x39,0x39,0x32,0x38,0x34,0x37,0x34,0x34,0x32,0x36,0x32,0x36,0x39,0x35,0x66,
    0x2c,0x20,0x30,0x2e,0x30,0x37,0x39,0x39,0x39,0x39,0x39,0x39,0x38,0x32,0x31,0x31,
    0x38,0x36,0x30,0x36,0x35,0x36,0x37,0x34,0x66,0x29,0x3b,0x0a,0x20,0x20,0x63,0x20,
    0x3d,0x20,0x28,0x6d,0x69,0x78,0x28,0x63,0x6f,0x6c,0x64,0x2c,0x20,0x68,0x6f,0x74,
    0x2c,0x20,0x76,0x65,0x63,0x33,0x66,0x28,0x74,0x29,0x29,0x20,0x2a,0x20,0x73,0x6d,
    0x6f,0x6f,0x74,0x68,0x73,0x74,0x65,0x70,0x28,0x30,0x2e,0x30,0x30,0x39,0x39,0x39,
    0x39,0x39,0x39,0x39,0x37,0x37,0x36,0x34,0x38,0x32,0x35,0x38,0x32,0x30,0x39,0x66,
    0x2c,0x20,0x30,0x2e,0x31,0x31,0x39,0x39,0x39,0x39,0x39,0x39,0x37,0x33,0x31,0x37,
    0x37,0x39,0x30,0x39,0x38,0x35,0x31,0x31,0x66,0x2c,0x20,0x74,0x29,0x29,0x3b,0x0a,
    0x20,0x20,0x66,0x72,0x61,0x67,0x5f,0x63,0x6f,0x6c,0x6f,0x72,0x20,0x3d,0x20,0x28,
    0x76,0x65,0x63,0x34,0x66,0x28,0x63,0x2e,0x78,0x2c,0x20,0x63,0x2e,0x79,0x2c,0x20,
    0x63,0x2e,0x7a,0x2c,0x20,0x31,0x2e,0x30,0x66,0x29,0x20,0x2a,0x20,0x78,0x5f,0x33,
    0x30,0x2e,0x63,0x6f,0x6c,0x6f,0x72,0x29,0x3b,0x0a,0x20,0x20,0x72,0x65,0x74,0x75,
    0x72,0x6e,0x3b,0x0a,0x7d,0x0a,0x0a,0x73,0x74,0x72,0x75,0x63,0x74,0x20,0x6d,0x61,
    0x69,0x6e,0x5f,0x6f,0x75,0x74,0x20,0x7b,0x0a,0x20,0x20,0x40,0x6c,0x6f,0x63,0x61,
    0x74,0x69,0x6f,0x6e,0x28,0x30,0x29,0x0a,0x20,0x20,0x66,0x72,0x61,0x67,0x5f,0x63,
    0x6f,0x6c,0x6f,0x72,0x5f,0x31,0x20,0x3a,0x20,0x76,0x65,0x63,0x34,0x66,0x2c,0x0a,
    0x7d,0x0a,0x0a,0x40,0x66,0x72,0x61,0x67,0x6d,0x65,0x6e,0x74,0x0a,0x66,0x6e,0x20,
    0x6d,0x61,0x69,0x6e,0x28,0x40,0x6c,0x6f,0x63,0x61,0x74,0x69,0x6f,0x6e,0x28,0x30,
    0x29,0x20,0x75,0x76,0x5f,0x70,0x61,0x72,0x61,0x6d,0x20,0x3a,0x20,0x76,0x65,0x63,
    0x32,0x66,0x29,0x20,0x2d,0x3e,0x20,0x6d,0x61,0x69,0x6e,0x5f,0x6f,0x75,0x74,0x20,
    0x7b,0x0a,0x20,0x20,0x75,0x76,0x20,0x3d,0x20,0x75,0x76,0x5f,0x70,0x61,0x72,0x61,
    0x6d,0x3b,0x0a,0x20,0x20,0x6d,0x61,0x69,0x6e,0x5f,0x31,0x28,0x29,0x3b,0x0a,0x20,
    0x20,0x72,0x65,0x74,0x75,0x72,0x6e,0x20,0x6d,0x61,0x69,0x6e,0x5f,0x6f,0x75,0x74,
    0x28,0x66,0x72,0x61,0x67,0x5f,0x63,0x6f,0x6c,0x6f,0x72,0x29,0x3b,0x0a,0x7d,0x0a,
    0x00,
};
/*
    diagnostic(off, derivative_uniformity);

    struct visual_params {
      /_ @offset(0) _/
      color : vec4f,
      /_ @offset(16) _/
      resolution : vec4f,
      /_ @offset(32) _/
      texel : vec4f,
      /_ @offset(48) _/
      options : vec4f,
    }

    @binding(0) @group(1) var combinedDensityTex : texture_2d<f32>;

    @binding(32) @group(1) var combinedDensitySmp : sampler;

    var<private> uv : vec2f;

    @binding(1) @group(1) var combinedVelocityTex : texture_2d<f32>;

    @binding(33) @group(1) var combinedVelocitySmp : sampler;

    @binding(0) @group(0) var<uniform> x_40 : visual_params;

    @binding(2) @group(1) var combinedTemperatureTex : texture_2d<f32>;

    @binding(34) @group(1) var combinedTemperatureSmp : sampler;

    var<private> frag_color : vec4f;

    fn main_1() {
      var density : vec4f;
      var velocity : vec2f;
      var temperature : f32;
      var densityEnergy : f32;
      var velocityEnergy : f32;
      var tempEnergy : f32;
      var densityRgb : vec3f;
      var velocityRgb : vec3f;
      var temperatureRgb : vec3f;
      var rgb : vec3f;
      let x_23 = uv;
      let x_24 = textureSample(combinedDensityTex, combinedDensitySmp, x_23);
      density = max(x_24, vec4f());
      let x_35 = uv;
      let x_36 = textureSample(combinedVelocityTex, combinedVelocitySmp, x_35);
      velocity = (x_36.xy * x_40.options.x);
      let x_56 = uv;
      let x_57 = textureSample(combinedTemperatureTex, combinedTemperatureSmp, x_56);
      temperature = clamp(x_57.x, 0.0f, 1.0f);
      densityEnergy = clamp(((((density.x + density.y) + density.z) * 0.37999999523162841797f) + (density.w * 0.55000001192092895508f)), 0.0f, 1.0f);
      velocityEnergy = clamp(length(velocity), 0.0f, 1.0f);
      tempEnergy = smoothstep(0.01499999966472387314f, 0.75f, temperature);
      densityRgb = (density.xyz * (1.08000004291534423828f + (densityEnergy * 0.34999999403953552246f)));
      velocityRgb = (vec3f((max(velocity.x, 0.0f) + (velocityEnergy * 0.11999999731779098511f)), (max(velocity.y, 0.0f) + (velocityEnergy * 0.11999999731779098511f)), max((-(velocity.x) - velocity.y), 0.0f)) * (0.25f + (densityEnergy * 0.75f)));
      temperatureRgb = (mix(vec3f(0.07999999821186065674f, 0.05000000074505805969f, 0.34999999403953552246f), vec3f(1.0f, 0.30000001192092895508f, 0.05999999865889549255f), vec3f(tempEnergy)) * tempEnergy);
      rgb = clamp(((densityRgb + (velocityRgb * 0.64999997615814208984f)) + (temperatureRgb * 0.85000002384185791016f)), vec3f(0.0f), vec3f(1.0f));
      let x_161 = (rgb * x_40.color.xyz);
      frag_color = vec4f(x_161.x, x_161.y, x_161.z, x_40.color.w);
      return;
    }

    struct main_out {
      @location(0)
      frag_color_1 : vec4f,
    }

    @fragment
    fn main(@location(0) uv_param : vec2f) -> main_out {
      uv = uv_param;
      main_1();
      return main_out(frag_color);
    }
*/
static const uint8_t fs_visualize_combined_source_wgsl[2649] = {
    0x64,0x69,0x61,0x67,0x6e,0x6f,0x73,0x74,0x69,0x63,0x28,0x6f,0x66,0x66,0x2c,0x20,
    0x64,0x65,0x72,0x69,0x76,0x61,0x74,0x69,0x76,0x65,0x5f,0x75,0x6e,0x69,0x66,0x6f,
    0x72,0x6d,0x69,0x74,0x79,0x29,0x3b,0x0a,0x0a,0x73,0x74,0x72,0x75,0x63,0x74,0x20,
    0x76,0x69,0x73,0x75,0x61,0x6c,0x5f,0x70,0x61,0x72,0x61,0x6d,0x73,0x20,0x7b,0x0a,
    0x20,0x20,0x2f,0x2a,0x20,0x40,0x6f,0x66,0x66,0x73,0x65,0x74,0x28,0x30,0x29,0x20,
    0x2a,0x2f,0x0a,0x20,0x20,0x63,0x6f,0x6c,0x6f,0x72,0x20,0x3a,0x20,0x76,0x65,0x63,
    0x34,0x66,0x2c,0x0a,0x20,0x20,0x2f,0x2a,0x20,0x40,0x6f,0x66,0x66,0x73,0x65,0x74,
    0x28,0x31,0x36,0x29,0x20,0x2a,0x2f,0x0a,0x20,0x20,0x72,0x65,0x73,0x6f,0x6c,0x75,
    0x74,0x69,0x6f,0x6e,0x20,0x3a,0x20,0x76,0x65,0x63,0x34,0x66,0x2c,0x0a,0x20,0x20,
    0x2f,0x2a,0x20,0x40,0x6f,0x66,0x66,0x73,0x65,0x74,0x28,0x33,0x32,0x29,0x20,0x2a,
    0x2f,0x0a,0x20,0x20,0x74,0x65,0x78,0x65,0x6c,0x20,0x3a,0x20,0x76,0x65,0x63,0x34,
    0x66,0x2c,0x0a,0x20,0x20,0x2f,0x2a,0x20,0x40,0x6f,0x66,0x66,0x73,0x65,0x74,0x28,
    0x34,0x38,0x29,0x20,0x2a,0x2f,0x0a,0x20,0x20,0x6f,0x70,0x74,0x69,0x6f,0x6e,0x73,
    0x20,0x3a,0x20,0x76,0x65,0x63,0x34,0x66,0x2c,0x0a,0x7d,0x0a,0x0a,0x40,0x62,0x69,
    0x6e,0x64,0x69,0x6e,0x67,0x28,0x30,0x29,0x20,0x40,0x67,0x72,0x6f,0x75,0x70,0x28,
    0x31,0x29,0x20,0x76,0x61,0x72,0x20,0x63,0x6f,0x6d,0x62,0x69,0x6e,0x65,0x64,0x44,
    0x65,0x6e,0x73,0x69,0x74,0x79,0x54,0x65,0x78,0x20,0x3a,0x20,0x74,0x65,0x78,0x74,
    0x75,0x72,0x65,0x5f,0x32,0x64,0x3c,0x66,0x33,0x32,0x3e,0x3b,0x0a,0x0a,0x40,0x62,
    0x69,0x6e,0x64,0x69,0x6e,0x67,0x28,0x33,0x32,0x29,0x20,0x40,0x67,0x72,0x6f,0x75,
    0x70,0x28,0x31,0x29,0x20,0x76,0x61,0x72,0x20,0x63,0x6f,0x6d,0x62,0x69,0x6e,0x65,
    0x64,0x44,0x65,0x6e,0x73,0x69,0x74,0x79,0x53,0x6d,0x70,0x20,0x3a,0x20,0x73,0x61,
    0x6d,0x70,0x6c,0x65,0x72,0x3b,0x0a,0x0a,0x76,0x61,0x72,0x3c,0x70,0x72,0x69,0x76,
    0x61,0x74,0x65,0x3e,0x20,0x75,0x76,0x20,0x3a,0x20,0x76,0x65,0x63,0x32,0x66,0x3b,
    0x0a,0x0a,0x40,0x62,0x69,0x6e,0x64,0x69,0x6e,0x67,0x28,0x31,0x29,0x20,0x40,0x67,
    0x72,0x6f,0x75,0x70,0x28,0x31,0x29,0x20,0x76,0x61,0x72,0x20,0x63,0x6f,0x6d,0x62,
    0x69,0x6e,0x65,0x64,0x56,0x65,0x6c,0x6f,0x63,0x69,0x74,0x79,0x54,0x65,0x78,0x20,
    0x3a,0x20,0x74,0x65,0x78,0x74,0x75,0x72,0x65,0x5f,0x32,0x64,0x3c,0x66,0x33,0x32,
    0x3e,0x3b,0x0a,0x0a,0x40,0x62,0x69,0x6e,0x64,0x69,0x6e,0x67,0x28,0x33,0x33,0x29,
    0x20,0x40,0x67,0x72,0x6f,0x75,0x70,0x28,0x31,0x29,0x20,0x76,0x61,0x72,0x20,0x63,
    0x6f,0x6d,0x62,0x69,0x6e,0x65,0x64,0x56,0x65,0x6c,0x6f,0x63,0x69,0x74,0x79,0x53,
    0x6d,0x70,0x20,0x3a,0x20,0x73,0x61,0x6d,0x70,0x6c,0x65,0x72,0x3b,0x0a,0x0a,0x40,
    0x62,0x69,0x6e,0x64,0x69,0x6e,0x67,0x28,0x30,0x29,0x20,0x40,0x67,0x72,0x6f,0x75,
    0x70,0x28,0x30,0x29,0x20,0x76,0x61,0x72,0x3c,0x75,0x6e,0x69,0x66,0x6f,0x72,0x6d,
    0x3e,0x20,0x78,0x5f,0x34,0x30,0x20,0x3a,0x20,0x76,0x69,0x73,0x75,0x61,0x6c,0x5f,
    0x70,0x61,0x72,0x61,0x6d,0x73,0x3b,0x0a,0x0a,0x40,0x62,0x69,0x6e,0x64,0x69,0x6e,
    0x67,0x28,0x32,0x29,0x20,0x40,0x67,0x72,0x6f,0x75,0x70,0x28,0x31,0x29,0x20,0x76,
    0x61,0x72,0x20,0x63,0x6f,0x6d,0x62,0x69,0x6e,0x65,0x64,0x54,0x65,0x6d,0x70,0x65,
    0x72,0x61,0x74,0x75,0x72,0x65,0x54,0x65,0x78,0x20,0x3a,0x20,0x74,0x65,0x78,0x74,
    0x75,0x72,0x65,0x5f,0x32,0x64,0x3c,0x66,0x33,0x32,0x3e,0x3b,0x0a,0x0a,0x40,0x62,
    0x69,0x6e,0x64,0x69,0x6e,0x67,0x28,0x33,0x34,0x29,0x20,0x40,0x67,0x72,0x6f,0x75,
    0x70,0x28,0x31,0x29,0x20,0x76,0x61,0x72,0x20,0x63,0x6f,0x6d,0x62,0x69,0x6e,0x65,
    0x64,0x54,0x65,0x6d,0x70,0x65,0x72,0x61,0x74,0x75,0x72,0x65,0x53,0x6d,0x70,0x20,
    0x3a,0x20,0x73,0x61,0x6d,0x70,0x6c,0x65,0x72,0x3b,0x0a,0x0a,0x76,0x61,0x72,0x3c,
    0x70,0x72,0x69,0x76,0x61,0x74,0x65,0x3e,0x20,0x66,0x72,0x61,0x67,0x5f,0x63,0x6f,
    0x6c,0x6f,0x72,0x20,0x3a,0x20,0x76,0x65,0x63,0x34,0x66,0x3b,0x0a,0x0a,0x66,0x6e,
    0x20,0x6d,0x61,0x69,0x6e,0x5f,0x31,0x28,0x29,0x20,0x7b,0x0a,0x20,0x20,0x76,0x61,
    0x72,0x20,0x64,0x65,0x6e,0x73,0x69,0x74,0x79,0x20,0x3a,0x20,0x76,0x65,0x63,0x34,
    0x66,0x3b,0x0a,0x20,0x20,0x76,0x61,0x72,0x20,0x76,0x65,0x6c,0x6f,0x63,0x69,0x74,
    0x79,0x20,0x3a,0x20,0x76,0x65,0x63,0x32,0x66,0x3b,0x0a,0x20,0x20,0x76,0x61,0x72,
    0x20,0x74,0x65,0x6d,0x70,0x65,0x72,0x61,0x74,0x75,0x72,0x65,0x20,0x3a,0x20,0x66,
    0x33,0x32,0x3b,0x0a,0x20,0x20,0x76,0x61,0x72,0x20,0x64,0x65,0x6e,0x73,0x69,0x74,
    0x79,0x45,0x6e,0x65,0x72,0x67,0x79,0x20,0x3a,0x20,0x66,0x33,0x32,0x3b,0x0a,0x20,
    0x20,0x76,0x61,0x72,0x20,0x76,0x65,0x6c,0x6f,0x63,0x69,0x74,0x79,0x45,0x6e,0x65,
    0x72,0x67,0x79,0x20,0x3a,0x20,0x66,0x33,0x32,0x3b,0x0a,0x20,0x20,0x76,0x61,0x72,
    0x20,0x74,0x65,0x6d,0x70,0x45,0x6e,0x65,0x72,0x67,0x79,0x20,0x3a,0x20,0x66,0x33,
    0x32,0x3b,0x0a,0x20,0x20,0x76,0x61,0x72,0x20,0x64,0x65,0x6e,0x73,0x69,0x74,0x79,
    0x52,0x67,0x62,0x20,0x3a,0x20,0x76,0x65,0x63,0x33,0x66,0x3b,0x0a,0x20,0x20,0x76,
    0x61,0x72,0x20,0x76,0x65,0x6c,0x6f,0x63,0x69,0x74,0x79,0x52,0x67,0x62,0x20,0x3a,
    0x20,0x76,0x65,0x63,0x33,0x66,0x3b,0x0a,0x20,0x20,0x76,0x61,0x72,0x20,0x74,0x65,
    0x6d,0x70,0x65,0x72,0x61,0x74,0x75,0x72,0x65,0x52,0x67,0x62,0x20,0x3a,0x20,0x76,
    0x65,0x63,0x33,0x66,0x3b,0x0a,0x20,0x20,0x76,0x61,0x72,0x20,0x72,0x67,0x62,0x20,
    0x3a,0x20,0x76,0x65,0x63,0x33,0x66,0x3b,0x0a,0x20,0x20,0x6c,0x65,0x74,0x20,0x78,
    0x5f,0x32,0x33,0x20,0x3d,0x20,0x75,0x76,0x3b,0x0a,0x20,0x20,0x6c,0x65,0x74,0x20,
    0x78,0x5f,0x32,0x34,0x20,0x3d,0x20,0x74,0x65,0x78,0x74,0x75,0x72,0x65,0x53,0x61,
    0x6d,0x70,0x6c,0x65,0x28,0x63,0x6f,0x6d,0x62,0x69,0x6e,0x65,0x64,0x44,0x65,0x6e,
    0x73,0x69,0x74,0x79,0x54,0x65,0x78,0x2c,0x20,0x63,0x6f,0x6d,0x62,0x69,0x6e,0x65,
    0x64,0x44,0x65,0x6e,0x73,0x69,0x74,0x79,0x53,0x6d,0x70,0x2c,0x20,0x78,0x5f,0x32,
    0x33,0x29,0x3b,0x0a,0x20,0x20,0x64,0x65,0x6e,0x73,0x69,0x74,0x79,0x20,0x3d,0x20,
    0x6d,0x61,0x78,0x28,0x78,0x5f,0x32,0x34,0x2c,0x20,0x76,0x65,0x63,0x34,0x66,0x28,
    0x29,0x29,0x3b,0x0a,0x20,0x20,0x6c,0x65,0x74,0x20,0x78,0x5f,0x33,0x35,0x20,0x3d,
    0x20,0x75,0x76,0x3b,0x0a,0x20,0x20,0x6c,0x65,0x74,0x20,0x78,0x5f,0x33,0x36,0x20,
    0x3d,0x20,0x74,0x65,0x78,0x74,0x75,0x72,0x65,0x53,0x61,0x6d,0x70,0x6c,0x65,0x28,
    0x63,0x6f,0x6d,0x62,0x69,0x6e,0x65,0x64,0x56,0x65,0x6c,0x6f,0x63,0x69,0x74,0x79,
    0x54,0x65,0x78,0x2c,0x20,0x63,0x6f,0x6d,0x62,0x69,0x6e,0x65,0x64,0x56,0x65,0x6c,
    0x6f,0x63,0x69,0x74,0x79,0x53,0x6d,0x70,0x2c,0x20,0x78,0x5f,0x33,0x35,0x29,0x3b,
    0x0a,0x20,0x20,0x76,0x65,0x6c,0x6f,0x63,0x69,0x74,0x79,0x20,0x3d,0x20,0x28,0x78,
    0x5f,0x33,0x36,0x2e,0x78,0x79,0x20,0x2a,0x20,0x78,0x5f,0x34,0x30,0x2e,0x6f,0x70,
    0x74,0x69,0x6f,0x6e,0x73,0x2e,0x78,0x29,0x3b,0x0a,0x20,0x20,0x6c,0x65,0x74,0x20,
    0x78,0x5f,0x35,0x36,0x20,0x3d,0x20,0x75,0x76,0x3b,0x0a,0x20,0x20,0x6c,0x65,0x74,
    0x20,0x78,0x5f,0x35,0x37,0x20,0x3d,0x20,0x74,0x65,0x78,0x74,0x75,0x72,0x65,0x53,
    0x61,0x6d,0x70,0x6c,0x65,0x28,0x63,0x6f,0x6d,0x62,0x69,0x6e,0x65,0x64,0x54,0x65,
    0x6d,0x70,0x65,0x72,0x61,0x74,0x75,0x72,0x65,0x54,0x65,0x78,0x2c,0x20,0x63,0x6f,
    0x6d,0x62,0x69,0x6e,0x65,0x64,0x54,0x65,0x6d,0x70,0x65,0x72,0x61,0x74,0x75,0x72,
    0x65,0x53,0x6d,0x70,0x2c,0x20,0x78,0x5f,0x35,0x36,0x29,0x3b,0x0a,0x20,0x20,0x74,
    0x65,0x6d,0x70,0x65,0x72,0x61,0x74,0x75,0x72,0x65,0x20,0x3d,0x20,0x63,0x6c,0x61,
    0x6d,0x70,0x28,0x78,0x5f,0x35,0x37,0x2e,0x78,0x2c,0x20,0x30,0x2e,0x30,0x66,0x2c,
    0x20,0x31,0x2e,0x30,0x66,0x29,0x3b,0x0a,0x20,0x20,0x64,0x65,0x6e,0x73,0x69,0x74,
    0x79,0x45,0x6e,0x65,0x72,0x67,0x79,0x20,0x3d,0x20,0x63,0x6c,0x61,0x6d,0x70,0x28,
    0x28,0x28,0x28,0x28,0x64,0x65,0x6e,0x73,0x69,0x74,0x79,0x2e,0x78,0x20,0x2b,0x20,
    0x64,0x65,0x6e,0x73,0x69,0x74,0x79,0x2e,0x79,0x29,0x20,0x2b,0x20,0x64,0x65,0x6e,
    0x73,0x69,0x74,0x79,0x2e,0x7a,0x29,0x20,0x2a,0x20,0x30,0x2e,0x33,0x37,0x39,0x39,
    0x39,0x39,0x39,0x39,0x35,0x32,0x33,0x31,0x36,0x32,0x38,0x34,0x31,0x37,0x39,0x37,
    0x66,0x29,0x20,0x2b,0x20,0x28,0x64,0x65,0x6e,0x73,0x69,0x74,0x79,0x2e,0x77,0x20,
    0x2a,0x20,0x30,0x2e,0x35,0x35,0x30,0x30,0x30,0x30,0x30,0x31,0x31,0x39,0x32,0x30,
    0x39,0x32,0x38,0x39,0x35,0x35,0x30,0x38,0x66,0x29,0x29,0x2c,0x20,0x30,0x2e,0x30,
    0x66,0x2c,0x20,0x31,0x2e,0x30,0x66,0x29,0x3b,0x0a,0x20,0x20,0x76,0x65,0x6c,0x6f,
    0x63,0x69,0x74,0x79,0x45,0x6e,0x65,0x72,0x67,0x79,0x20,0x3d,0x20,0x63,0x6c,0x61,
    0x6d,0x70,0x28,0x6c,0x65,0x6e,0x67,0x74,0x68,0x28,0x76,0x65,0x6c,0x6f,0x63,0x69,
    0x74,0x79,0x29,0x2c,0x20,0x30,0x2e,0x30,0x66,0x2c,0x20,0x31,0x2e,0x30,0x66,0x29,
    0x3b,0x0a,0x20,0x20,0x74,0x65,0x6d,0x70,0x45,0x6e,0x65,0x72,0x67,0x79,0x20,0x3d,
    0x20,0x73,0x6d,0x6f,0x6f,0x74,0x68,0x73,0x74,0x65,0x70,0x28,0x30,0x2e,0x30,0x31,
    0x34,0x39,0x39,0x39,0x39,0x39,0x39,0x36,0x36,0x34,0x37,0x32,0x33,0x38,0x37,0x33,
    0x31,0x34,0x66,0x2c,0x20,0x30,0x2e,0x37,0x35,0x66,0x2c,0x20,0x74,0x65,0x6d,0x70,
    0x65,0x72,0x61,0x74,0x75,0x72,0x65,0x29,0x3b,0x0a,0x20,0x20,0x64,0x65,0x6e,0x73,
    0x69,0x74,0x79,0x52,0x67,0x62,0x20,0x3d,0x20,0x28,0x64,0x65,0x6e,0x73,0x69,0x74,
    0x79,0x2e,0x78,0x79,0x7a,0x20,0x2a,0x20,0x28,0x31,0x2e,0x30,0x38,0x30,0x30,0x30,
    0x30,0x30,0x34,0x32,0x39,0x31,0x35,0x33,0x34,0x34,0x32,0x33,0x38,0x32,0x38,0x66,
    0x20,0x2b,0x20,0x28,0x64,0x65,0x6e,0x73,0x69,0x74,0x79,0x45,0x6e,0x65,0x72,0x67,
    0x79,0x20,0x2a,0x20,0x30,0x2e,0x33,0x34,0x39,0x39,0x39,0x39,0x39,0x39,0x34,0x30,
    0x33,0x39,0x35,0x33,0x35,0x35,0x32,0x32,0x34,0x36,0x66,0x29,0x29,0x29,0x3b,0x0a,
    0x20,0x20,0x76,0x65,0x6c,0x6f,0x63,0x69,0x74,0x79,0x52,0x67,0x62,0x20,0x3d,0x20,
    0x28,0x76,0x65,0x63,0x33,0x66,0x28,0x28,0x6d,0x61,0x78,0x28,0x76,0x65,0x6c,0x6f,
    0x63,0x69,0x74,0x79,0x2e,0x78,0x2c,0x20,0x30,0x2e,0x30,0x66,0x29,0x20,0x2b,0x20,
    0x28,0x76,0x65,0x6c,0x6f,0x63,0x69,0x74,0x79,0x45,0x6e,0x65,0x72,0x67,0x79,0x20,
    0x2a,0x20,0x30,0x2e,0x31,0x31,0x39,0x39,0x39,0x39,0x39,0x39,0x37,0x33,0x31,0x37,
    0x37,0x39,0x30,0x39,0x38,0x35,0x31,0x31,0x66,0x29,0x29,0x2c,0x20,0x28,0x6d,0x61,
    0x78,0x28,0x76,0x65,0x6c,0x6f,0x63,0x69,0x74,0x79,0x2e,0x79,0x2c,0x20,0x30,0x2e,
    0x30,0x66,0x29,0x20,0x2b,0x20,0x28,0x76,0x65,0x6c,0x6f,0x63,0x69,0x74,0x79,0x45,
    0x6e,0x65,0x72,0x67,0x79,0x20,0x2a,0x20,0x30,0x2e,0x31,0x31,0x39,0x39,0x39,0x39,
    0x39,0x39,0x37,0x33,0x31,0x37,0x37,0x39,0x30,0x39,0x38,0x35,0x31,0x31,0x66,0x29,
    0x29,0x2c,0x20,0x6d,0x61,0x78,0x28,0x28,0x2d,0x28,0x76,0x65,0x6c,0x6f,0x63,0x69,
    0x74,0x79,0x2e,0x78,0x29,0x20,0x2d,0x20,0x76,0x65,0x6c,0x6f,0x63,0x69,0x74,0x79,
    0x2e,0x79,0x29,0x2c,0x20,0x30,0x2e,0x30,0x66,0x29,0x29,0x20,0x2a,0x20,0x28,0x30,
    0x2e,0x32,0x35,0x66,0x20,0x2b,0x20,0x28,0x64,0x65,0x6e,0x73,0x69,0x74,0x79,0x45,
    0x6e,0x65,0x72,0x67,0x79,0x20,0x2a,0x20,0x30,0x2e,0x37,0x35,0x66,0x29,0x29,0x29,
    0x3b,0x0a,0x20,0x20,0x74,0x65,0x6d,0x70,0x65,0x72,0x61,0x74,0x75,0x72,0x65,0x52,
    0x67,0x62,0x20,0x3d,0x20,0x28,0x6d,0x69,0x78,0x28,0x76,0x65,0x63,0x33,0x66,0x28,
    0x30,0x2e,0x30,0x37,0x39,0x39,0x39,0x39,0x39,0x39,0x38,0x32,0x31,0x31,0x38,0x36,
    0x30,0x36,0x35,0x36,0x37,0x34,0x66,0x2c,0x20,0x30,0x2e,0x30,0x35,0x30,0x30,0x30,
    0x30,0x30,0x30,0x30,0x37,0x34,0x35,0x30,0x35,0x38,0x30,0x35,0x39,0x36,0x39,0x66,
    0x2c,0x20,0x30,0x2e,0x33,0x34,0x39,0x39,0x39,0x39,0x39,0x39,0x34,0x30,0x33,0x39,
    0x35,0x33,0x35,0x35,0x32,0x32,0x34,0x36,0x66,0x29,0x2c,0x20,0x76,0x65,0x63,0x33,
    0x66,0x28,0x31,0x2e,0x30,0x66,0x2c,0x20,0x30,0x2e,0x33,0x30,0x30,0x30,0x30,0x30,
    0x30,0x31,0x31,0x39,0x32,0x30,0x39,0x32,0x38,0x39,0x35,0x35,0x30,0x38,0x66,0x2c,
    0x20,0x30,0x2e,0x30,0x35,0x39,0x39,0x39,0x39,0x39,0x39,0x38,0x36,0x35,0x38,0x38,
    0x39,0x35,0x34,0x39,0x32,0x35,0x35,0x66,0x29,0x2c,0x20,0x76,0x65,0x63,0x33,0x66,
    0x28,0x74,0x65,0x6d,0x70,0x45,0x6e,0x65,0x72,0x67,0x79,0x29,0x29,0x20,0x2a,0x20,
    0x74,0x65,0x6d,0x70,0x45,0x6e,0x65,0x72,0x67,0x79,0x29,0x3b,0x0a,0x20,0x20,0x72,
    0x67,0x62,0x20,0x3d,0x20,0x63,0x6c,0x61,0x6d,0x70,0x28,0x28,0x28,0x64,0x65,0x6e,
    0x73,0x69,0x74,0x79,0x52,0x67,0x62,0x20,0x2b,0x20,0x28,0x76,0x65,0x6c,0x6f,0x63,
    0x69,0x74,0x79,0x52,0x67,0x62,0x20,0x2a,0x20,0x30,0x2e,0x36,0x34,0x39,0x39,0x39,
    0x39,0x39,0x37,0x36,0x31,0x35,0x38,0x31,0x34,0x32,0x30,0x38,0x39,0x38,0x34,0x66,
    0x29,0x29,0x20,0x2b,0x20,0x28,0x74,0x65,0x6d,0x70,0x65,0x72,0x61,0x74,0x75,0x72,
    0x65,0x52,0x67,0x62,0x20,0x2a,0x20,0x30,0x2e,0x38,0x35,0x30,0x30,0x30,0x30,0x30,
    0x32,0x33,0x38,0x34,0x31,0x38,0x35,0x37,0x39,0x31,0x30,0x31,0x36,0x66,0x29,0x29,
    0x2c,0x20,0x76,0x65,0x63,0x33,0x66,0x28,0x30,0x2e,0x30,0x66,0x29,0x2c,0x20,0x76,
    0x65,0x63,0x33,0x66,0x28,0x31,0x2e,0x30,0x66,0x29,0x29,0x3b,0x0a,0x20,0x20,0x6c,
    0x65,0x74,0x20,0x78,0x5f,0x31,0x36,0x31,0x20,0x3d,0x20,0x28,0x72,0x67,0x62,0x20,
    0x2a,0x20,0x78,0x5f,0x34,0x30,0x2e,0x63,0x6f,0x6c,0x6f,0x72,0x2e,0x78,0x79,0x7a,
    0x29,0x3b,0x0a,0x20,0x20,0x66,0x72,0x61,0x67,0x5f,0x63,0x6f,0x6c,0x6f,0x72,0x20,
    0x3d,0x20,0x76,0x65,0x63,0x34,0x66,0x28,0x78,0x5f,0x31,0x36,0x31,0x2e,0x78,0x2c,
    0x20,0x78,0x5f,0x31,0x36,0x31,0x2e,0x79,0x2c,0x20,0x78,0x5f,0x31,0x36,0x31,0x2e,
    0x7a,0x2c,0x20,0x78,0x5f,0x34,0x30,0x2e,0x63,0x6f,0x6c,0x6f,0x72,0x2e,0x77,0x29,
    0x3b,0x0a,0x20,0x20,0x72,0x65,0x74,0x75,0x72,0x6e,0x3b,0x0a,0x7d,0x0a,0x0a,0x73,
    0x74,0x72,0x75,0x63,0x74,0x20,0x6d,0x61,0x69,0x6e,0x5f,0x6f,0x75,0x74,0x20,0x7b,
    0x0a,0x20,0x20,0x40,0x6c,0x6f,0x63,0x61,0x74,0x69,0x6f,0x6e,0x28,0x30,0x29,0x0a,
    0x20,0x20,0x66,0x72,0x61,0x67,0x5f,0x63,0x6f,0x6c,0x6f,0x72,0x5f,0x31,0x20,0x3a,
    0x20,0x76,0x65,0x63,0x34,0x66,0x2c,0x0a,0x7d,0x0a,0x0a,0x40,0x66,0x72,0x61,0x67,
    0x6d,0x65,0x6e,0x74,0x0a,0x66,0x6e,0x20,0x6d,0x61,0x69,0x6e,0x28,0x40,0x6c,0x6f,
    0x63,0x61,0x74,0x69,0x6f,0x6e,0x28,0x30,0x29,0x20,0x75,0x76,0x5f,0x70,0x61,0x72,
    0x61,0x6d,0x20,0x3a,0x20,0x76,0x65,0x63,0x32,0x66,0x29,0x20,0x2d,0x3e,0x20,0x6d,
    0x61,0x69,0x6e,0x5f,0x6f,0x75,0x74,0x20,0x7b,0x0a,0x20,0x20,0x75,0x76,0x20,0x3d,
    0x20,0x75,0x76,0x5f,0x70,0x61,0x72,0x61,0x6d,0x3b,0x0a,0x20,0x20,0x6d,0x61,0x69,
    0x6e,0x5f,0x31,0x28,0x29,0x3b,0x0a,0x20,0x20,0x72,0x65,0x74,0x75,0x72,0x6e,0x20,
    0x6d,0x61,0x69,0x6e,0x5f,0x6f,0x75,0x74,0x28,0x66,0x72,0x61,0x67,0x5f,0x63,0x6f,
    0x6c,0x6f,0x72,0x29,0x3b,0x0a,0x7d,0x0a,0x00,
};
static inline const sg_shader_desc* tcx_flow_visualize_combined_shader_desc(sg_backend backend) {
    if (backend == SG_BACKEND_GLES3) {
        static sg_shader_desc desc;
        static bool valid;
        if (!valid) {
            valid = true;
            desc.vertex_func.source = (const char*)visualization_vs_source_glsl300es;
            desc.vertex_func.entry = "main";
            desc.fragment_func.source = (const char*)fs_visualize_combined_source_glsl300es;
            desc.fragment_func.entry = "main";
            desc.attrs[0].base_type = SG_SHADERATTRBASETYPE_FLOAT;
            desc.attrs[0].glsl_name = "position";
            desc.attrs[1].base_type = SG_SHADERATTRBASETYPE_FLOAT;
            desc.attrs[1].glsl_name = "texcoord0";
            desc.uniform_blocks[0].stage = SG_SHADERSTAGE_FRAGMENT;
            desc.uniform_blocks[0].layout = SG_UNIFORMLAYOUT_STD140;
            desc.uniform_blocks[0].size = 64;
            desc.uniform_blocks[0].glsl_uniforms[0].type = SG_UNIFORMTYPE_FLOAT4;
            desc.uniform_blocks[0].glsl_uniforms[0].array_count = 4;
            desc.uniform_blocks[0].glsl_uniforms[0].glsl_name = "visual_params";
            desc.views[0].texture.stage = SG_SHADERSTAGE_FRAGMENT;
            desc.views[0].texture.image_type = SG_IMAGETYPE_2D;
            desc.views[0].texture.sample_type = SG_IMAGESAMPLETYPE_FLOAT;
            desc.views[0].texture.multisampled = false;
            desc.views[1].texture.stage = SG_SHADERSTAGE_FRAGMENT;
            desc.views[1].texture.image_type = SG_IMAGETYPE_2D;
            desc.views[1].texture.sample_type = SG_IMAGESAMPLETYPE_FLOAT;
            desc.views[1].texture.multisampled = false;
            desc.views[2].texture.stage = SG_SHADERSTAGE_FRAGMENT;
            desc.views[2].texture.image_type = SG_IMAGETYPE_2D;
            desc.views[2].texture.sample_type = SG_IMAGESAMPLETYPE_FLOAT;
            desc.views[2].texture.multisampled = false;
            desc.samplers[0].stage = SG_SHADERSTAGE_FRAGMENT;
            desc.samplers[0].sampler_type = SG_SAMPLERTYPE_FILTERING;
            desc.samplers[1].stage = SG_SHADERSTAGE_FRAGMENT;
            desc.samplers[1].sampler_type = SG_SAMPLERTYPE_FILTERING;
            desc.samplers[2].stage = SG_SHADERSTAGE_FRAGMENT;
            desc.samplers[2].sampler_type = SG_SAMPLERTYPE_FILTERING;
            desc.texture_sampler_pairs[0].stage = SG_SHADERSTAGE_FRAGMENT;
            desc.texture_sampler_pairs[0].view_slot = 0;
            desc.texture_sampler_pairs[0].sampler_slot = 0;
            desc.texture_sampler_pairs[0].glsl_name = "combinedDensityTex_combinedDensitySmp";
            desc.texture_sampler_pairs[1].stage = SG_SHADERSTAGE_FRAGMENT;
            desc.texture_sampler_pairs[1].view_slot = 1;
            desc.texture_sampler_pairs[1].sampler_slot = 1;
            desc.texture_sampler_pairs[1].glsl_name = "combinedVelocityTex_combinedVelocitySmp";
            desc.texture_sampler_pairs[2].stage = SG_SHADERSTAGE_FRAGMENT;
            desc.texture_sampler_pairs[2].view_slot = 2;
            desc.texture_sampler_pairs[2].sampler_slot = 2;
            desc.texture_sampler_pairs[2].glsl_name = "combinedTemperatureTex_combinedTemperatureSmp";
            desc.label = "tcx_flow_visualize_combined_shader";
        }
        return &desc;
    }
    if (backend == SG_BACKEND_D3D11) {
        static sg_shader_desc desc;
        static bool valid;
        if (!valid) {
            valid = true;
            desc.vertex_func.source = (const char*)visualization_vs_source_hlsl5;
            desc.vertex_func.d3d11_target = "vs_5_0";
            desc.vertex_func.entry = "main";
            desc.fragment_func.source = (const char*)fs_visualize_combined_source_hlsl5;
            desc.fragment_func.d3d11_target = "ps_5_0";
            desc.fragment_func.entry = "main";
            desc.attrs[0].base_type = SG_SHADERATTRBASETYPE_FLOAT;
            desc.attrs[0].hlsl_sem_name = "TEXCOORD";
            desc.attrs[0].hlsl_sem_index = 0;
            desc.attrs[1].base_type = SG_SHADERATTRBASETYPE_FLOAT;
            desc.attrs[1].hlsl_sem_name = "TEXCOORD";
            desc.attrs[1].hlsl_sem_index = 1;
            desc.uniform_blocks[0].stage = SG_SHADERSTAGE_FRAGMENT;
            desc.uniform_blocks[0].layout = SG_UNIFORMLAYOUT_STD140;
            desc.uniform_blocks[0].size = 64;
            desc.uniform_blocks[0].hlsl_register_b_n = 0;
            desc.views[0].texture.stage = SG_SHADERSTAGE_FRAGMENT;
            desc.views[0].texture.image_type = SG_IMAGETYPE_2D;
            desc.views[0].texture.sample_type = SG_IMAGESAMPLETYPE_FLOAT;
            desc.views[0].texture.multisampled = false;
            desc.views[0].texture.hlsl_register_t_n = 0;
            desc.views[1].texture.stage = SG_SHADERSTAGE_FRAGMENT;
            desc.views[1].texture.image_type = SG_IMAGETYPE_2D;
            desc.views[1].texture.sample_type = SG_IMAGESAMPLETYPE_FLOAT;
            desc.views[1].texture.multisampled = false;
            desc.views[1].texture.hlsl_register_t_n = 1;
            desc.views[2].texture.stage = SG_SHADERSTAGE_FRAGMENT;
            desc.views[2].texture.image_type = SG_IMAGETYPE_2D;
            desc.views[2].texture.sample_type = SG_IMAGESAMPLETYPE_FLOAT;
            desc.views[2].texture.multisampled = false;
            desc.views[2].texture.hlsl_register_t_n = 2;
            desc.samplers[0].stage = SG_SHADERSTAGE_FRAGMENT;
            desc.samplers[0].sampler_type = SG_SAMPLERTYPE_FILTERING;
            desc.samplers[0].hlsl_register_s_n = 0;
            desc.samplers[1].stage = SG_SHADERSTAGE_FRAGMENT;
            desc.samplers[1].sampler_type = SG_SAMPLERTYPE_FILTERING;
            desc.samplers[1].hlsl_register_s_n = 1;
            desc.samplers[2].stage = SG_SHADERSTAGE_FRAGMENT;
            desc.samplers[2].sampler_type = SG_SAMPLERTYPE_FILTERING;
            desc.samplers[2].hlsl_register_s_n = 2;
            desc.texture_sampler_pairs[0].stage = SG_SHADERSTAGE_FRAGMENT;
            desc.texture_sampler_pairs[0].view_slot = 0;
            desc.texture_sampler_pairs[0].sampler_slot = 0;
            desc.texture_sampler_pairs[1].stage = SG_SHADERSTAGE_FRAGMENT;
            desc.texture_sampler_pairs[1].view_slot = 1;
            desc.texture_sampler_pairs[1].sampler_slot = 1;
            desc.texture_sampler_pairs[2].stage = SG_SHADERSTAGE_FRAGMENT;
            desc.texture_sampler_pairs[2].view_slot = 2;
            desc.texture_sampler_pairs[2].sampler_slot = 2;
            desc.label = "tcx_flow_visualize_combined_shader";
        }
        return &desc;
    }
    if (backend == SG_BACKEND_METAL_MACOS) {
        static sg_shader_desc desc;
        static bool valid;
        if (!valid) {
            valid = true;
            desc.vertex_func.source = (const char*)visualization_vs_source_metal_macos;
            desc.vertex_func.entry = "main0";
            desc.fragment_func.source = (const char*)fs_visualize_combined_source_metal_macos;
            desc.fragment_func.entry = "main0";
            desc.attrs[0].base_type = SG_SHADERATTRBASETYPE_FLOAT;
            desc.attrs[1].base_type = SG_SHADERATTRBASETYPE_FLOAT;
            desc.uniform_blocks[0].stage = SG_SHADERSTAGE_FRAGMENT;
            desc.uniform_blocks[0].layout = SG_UNIFORMLAYOUT_STD140;
            desc.uniform_blocks[0].size = 64;
            desc.uniform_blocks[0].msl_buffer_n = 0;
            desc.views[0].texture.stage = SG_SHADERSTAGE_FRAGMENT;
            desc.views[0].texture.image_type = SG_IMAGETYPE_2D;
            desc.views[0].texture.sample_type = SG_IMAGESAMPLETYPE_FLOAT;
            desc.views[0].texture.multisampled = false;
            desc.views[0].texture.msl_texture_n = 0;
            desc.views[1].texture.stage = SG_SHADERSTAGE_FRAGMENT;
            desc.views[1].texture.image_type = SG_IMAGETYPE_2D;
            desc.views[1].texture.sample_type = SG_IMAGESAMPLETYPE_FLOAT;
            desc.views[1].texture.multisampled = false;
            desc.views[1].texture.msl_texture_n = 1;
            desc.views[2].texture.stage = SG_SHADERSTAGE_FRAGMENT;
            desc.views[2].texture.image_type = SG_IMAGETYPE_2D;
            desc.views[2].texture.sample_type = SG_IMAGESAMPLETYPE_FLOAT;
            desc.views[2].texture.multisampled = false;
            desc.views[2].texture.msl_texture_n = 2;
            desc.samplers[0].stage = SG_SHADERSTAGE_FRAGMENT;
            desc.samplers[0].sampler_type = SG_SAMPLERTYPE_FILTERING;
            desc.samplers[0].msl_sampler_n = 0;
            desc.samplers[1].stage = SG_SHADERSTAGE_FRAGMENT;
            desc.samplers[1].sampler_type = SG_SAMPLERTYPE_FILTERING;
            desc.samplers[1].msl_sampler_n = 1;
            desc.samplers[2].stage = SG_SHADERSTAGE_FRAGMENT;
            desc.samplers[2].sampler_type = SG_SAMPLERTYPE_FILTERING;
            desc.samplers[2].msl_sampler_n = 2;
            desc.texture_sampler_pairs[0].stage = SG_SHADERSTAGE_FRAGMENT;
            desc.texture_sampler_pairs[0].view_slot = 0;
            desc.texture_sampler_pairs[0].sampler_slot = 0;
            desc.texture_sampler_pairs[1].stage = SG_SHADERSTAGE_FRAGMENT;
            desc.texture_sampler_pairs[1].view_slot = 1;
            desc.texture_sampler_pairs[1].sampler_slot = 1;
            desc.texture_sampler_pairs[2].stage = SG_SHADERSTAGE_FRAGMENT;
            desc.texture_sampler_pairs[2].view_slot = 2;
            desc.texture_sampler_pairs[2].sampler_slot = 2;
            desc.label = "tcx_flow_visualize_combined_shader";
        }
        return &desc;
    }
    if (backend == SG_BACKEND_WGPU) {
        static sg_shader_desc desc;
        static bool valid;
        if (!valid) {
            valid = true;
            desc.vertex_func.source = (const char*)visualization_vs_source_wgsl;
            desc.vertex_func.entry = "main";
            desc.fragment_func.source = (const char*)fs_visualize_combined_source_wgsl;
            desc.fragment_func.entry = "main";
            desc.attrs[0].base_type = SG_SHADERATTRBASETYPE_FLOAT;
            desc.attrs[1].base_type = SG_SHADERATTRBASETYPE_FLOAT;
            desc.uniform_blocks[0].stage = SG_SHADERSTAGE_FRAGMENT;
            desc.uniform_blocks[0].layout = SG_UNIFORMLAYOUT_STD140;
            desc.uniform_blocks[0].size = 64;
            desc.uniform_blocks[0].wgsl_group0_binding_n = 0;
            desc.views[0].texture.stage = SG_SHADERSTAGE_FRAGMENT;
            desc.views[0].texture.image_type = SG_IMAGETYPE_2D;
            desc.views[0].texture.sample_type = SG_IMAGESAMPLETYPE_FLOAT;
            desc.views[0].texture.multisampled = false;
            desc.views[0].texture.wgsl_group1_binding_n = 0;
            desc.views[1].texture.stage = SG_SHADERSTAGE_FRAGMENT;
            desc.views[1].texture.image_type = SG_IMAGETYPE_2D;
            desc.views[1].texture.sample_type = SG_IMAGESAMPLETYPE_FLOAT;
            desc.views[1].texture.multisampled = false;
            desc.views[1].texture.wgsl_group1_binding_n = 1;
            desc.views[2].texture.stage = SG_SHADERSTAGE_FRAGMENT;
            desc.views[2].texture.image_type = SG_IMAGETYPE_2D;
            desc.views[2].texture.sample_type = SG_IMAGESAMPLETYPE_FLOAT;
            desc.views[2].texture.multisampled = false;
            desc.views[2].texture.wgsl_group1_binding_n = 2;
            desc.samplers[0].stage = SG_SHADERSTAGE_FRAGMENT;
            desc.samplers[0].sampler_type = SG_SAMPLERTYPE_FILTERING;
            desc.samplers[0].wgsl_group1_binding_n = 32;
            desc.samplers[1].stage = SG_SHADERSTAGE_FRAGMENT;
            desc.samplers[1].sampler_type = SG_SAMPLERTYPE_FILTERING;
            desc.samplers[1].wgsl_group1_binding_n = 33;
            desc.samplers[2].stage = SG_SHADERSTAGE_FRAGMENT;
            desc.samplers[2].sampler_type = SG_SAMPLERTYPE_FILTERING;
            desc.samplers[2].wgsl_group1_binding_n = 34;
            desc.texture_sampler_pairs[0].stage = SG_SHADERSTAGE_FRAGMENT;
            desc.texture_sampler_pairs[0].view_slot = 0;
            desc.texture_sampler_pairs[0].sampler_slot = 0;
            desc.texture_sampler_pairs[1].stage = SG_SHADERSTAGE_FRAGMENT;
            desc.texture_sampler_pairs[1].view_slot = 1;
            desc.texture_sampler_pairs[1].sampler_slot = 1;
            desc.texture_sampler_pairs[2].stage = SG_SHADERSTAGE_FRAGMENT;
            desc.texture_sampler_pairs[2].view_slot = 2;
            desc.texture_sampler_pairs[2].sampler_slot = 2;
            desc.label = "tcx_flow_visualize_combined_shader";
        }
        return &desc;
    }
    return 0;
}
static inline const sg_shader_desc* tcx_flow_visualize_density_shader_desc(sg_backend backend) {
    if (backend == SG_BACKEND_GLES3) {
        static sg_shader_desc desc;
        static bool valid;
        if (!valid) {
            valid = true;
            desc.vertex_func.source = (const char*)visualization_vs_source_glsl300es;
            desc.vertex_func.entry = "main";
            desc.fragment_func.source = (const char*)fs_visualize_density_source_glsl300es;
            desc.fragment_func.entry = "main";
            desc.attrs[0].base_type = SG_SHADERATTRBASETYPE_FLOAT;
            desc.attrs[0].glsl_name = "position";
            desc.attrs[1].base_type = SG_SHADERATTRBASETYPE_FLOAT;
            desc.attrs[1].glsl_name = "texcoord0";
            desc.uniform_blocks[0].stage = SG_SHADERSTAGE_FRAGMENT;
            desc.uniform_blocks[0].layout = SG_UNIFORMLAYOUT_STD140;
            desc.uniform_blocks[0].size = 64;
            desc.uniform_blocks[0].glsl_uniforms[0].type = SG_UNIFORMTYPE_FLOAT4;
            desc.uniform_blocks[0].glsl_uniforms[0].array_count = 4;
            desc.uniform_blocks[0].glsl_uniforms[0].glsl_name = "visual_params";
            desc.views[0].texture.stage = SG_SHADERSTAGE_FRAGMENT;
            desc.views[0].texture.image_type = SG_IMAGETYPE_2D;
            desc.views[0].texture.sample_type = SG_IMAGESAMPLETYPE_FLOAT;
            desc.views[0].texture.multisampled = false;
            desc.samplers[0].stage = SG_SHADERSTAGE_FRAGMENT;
            desc.samplers[0].sampler_type = SG_SAMPLERTYPE_FILTERING;
            desc.texture_sampler_pairs[0].stage = SG_SHADERSTAGE_FRAGMENT;
            desc.texture_sampler_pairs[0].view_slot = 0;
            desc.texture_sampler_pairs[0].sampler_slot = 0;
            desc.texture_sampler_pairs[0].glsl_name = "visualDensityTex_visualDensitySmp";
            desc.label = "tcx_flow_visualize_density_shader";
        }
        return &desc;
    }
    if (backend == SG_BACKEND_D3D11) {
        static sg_shader_desc desc;
        static bool valid;
        if (!valid) {
            valid = true;
            desc.vertex_func.source = (const char*)visualization_vs_source_hlsl5;
            desc.vertex_func.d3d11_target = "vs_5_0";
            desc.vertex_func.entry = "main";
            desc.fragment_func.source = (const char*)fs_visualize_density_source_hlsl5;
            desc.fragment_func.d3d11_target = "ps_5_0";
            desc.fragment_func.entry = "main";
            desc.attrs[0].base_type = SG_SHADERATTRBASETYPE_FLOAT;
            desc.attrs[0].hlsl_sem_name = "TEXCOORD";
            desc.attrs[0].hlsl_sem_index = 0;
            desc.attrs[1].base_type = SG_SHADERATTRBASETYPE_FLOAT;
            desc.attrs[1].hlsl_sem_name = "TEXCOORD";
            desc.attrs[1].hlsl_sem_index = 1;
            desc.uniform_blocks[0].stage = SG_SHADERSTAGE_FRAGMENT;
            desc.uniform_blocks[0].layout = SG_UNIFORMLAYOUT_STD140;
            desc.uniform_blocks[0].size = 64;
            desc.uniform_blocks[0].hlsl_register_b_n = 0;
            desc.views[0].texture.stage = SG_SHADERSTAGE_FRAGMENT;
            desc.views[0].texture.image_type = SG_IMAGETYPE_2D;
            desc.views[0].texture.sample_type = SG_IMAGESAMPLETYPE_FLOAT;
            desc.views[0].texture.multisampled = false;
            desc.views[0].texture.hlsl_register_t_n = 0;
            desc.samplers[0].stage = SG_SHADERSTAGE_FRAGMENT;
            desc.samplers[0].sampler_type = SG_SAMPLERTYPE_FILTERING;
            desc.samplers[0].hlsl_register_s_n = 0;
            desc.texture_sampler_pairs[0].stage = SG_SHADERSTAGE_FRAGMENT;
            desc.texture_sampler_pairs[0].view_slot = 0;
            desc.texture_sampler_pairs[0].sampler_slot = 0;
            desc.label = "tcx_flow_visualize_density_shader";
        }
        return &desc;
    }
    if (backend == SG_BACKEND_METAL_MACOS) {
        static sg_shader_desc desc;
        static bool valid;
        if (!valid) {
            valid = true;
            desc.vertex_func.source = (const char*)visualization_vs_source_metal_macos;
            desc.vertex_func.entry = "main0";
            desc.fragment_func.source = (const char*)fs_visualize_density_source_metal_macos;
            desc.fragment_func.entry = "main0";
            desc.attrs[0].base_type = SG_SHADERATTRBASETYPE_FLOAT;
            desc.attrs[1].base_type = SG_SHADERATTRBASETYPE_FLOAT;
            desc.uniform_blocks[0].stage = SG_SHADERSTAGE_FRAGMENT;
            desc.uniform_blocks[0].layout = SG_UNIFORMLAYOUT_STD140;
            desc.uniform_blocks[0].size = 64;
            desc.uniform_blocks[0].msl_buffer_n = 0;
            desc.views[0].texture.stage = SG_SHADERSTAGE_FRAGMENT;
            desc.views[0].texture.image_type = SG_IMAGETYPE_2D;
            desc.views[0].texture.sample_type = SG_IMAGESAMPLETYPE_FLOAT;
            desc.views[0].texture.multisampled = false;
            desc.views[0].texture.msl_texture_n = 0;
            desc.samplers[0].stage = SG_SHADERSTAGE_FRAGMENT;
            desc.samplers[0].sampler_type = SG_SAMPLERTYPE_FILTERING;
            desc.samplers[0].msl_sampler_n = 0;
            desc.texture_sampler_pairs[0].stage = SG_SHADERSTAGE_FRAGMENT;
            desc.texture_sampler_pairs[0].view_slot = 0;
            desc.texture_sampler_pairs[0].sampler_slot = 0;
            desc.label = "tcx_flow_visualize_density_shader";
        }
        return &desc;
    }
    if (backend == SG_BACKEND_WGPU) {
        static sg_shader_desc desc;
        static bool valid;
        if (!valid) {
            valid = true;
            desc.vertex_func.source = (const char*)visualization_vs_source_wgsl;
            desc.vertex_func.entry = "main";
            desc.fragment_func.source = (const char*)fs_visualize_density_source_wgsl;
            desc.fragment_func.entry = "main";
            desc.attrs[0].base_type = SG_SHADERATTRBASETYPE_FLOAT;
            desc.attrs[1].base_type = SG_SHADERATTRBASETYPE_FLOAT;
            desc.uniform_blocks[0].stage = SG_SHADERSTAGE_FRAGMENT;
            desc.uniform_blocks[0].layout = SG_UNIFORMLAYOUT_STD140;
            desc.uniform_blocks[0].size = 64;
            desc.uniform_blocks[0].wgsl_group0_binding_n = 0;
            desc.views[0].texture.stage = SG_SHADERSTAGE_FRAGMENT;
            desc.views[0].texture.image_type = SG_IMAGETYPE_2D;
            desc.views[0].texture.sample_type = SG_IMAGESAMPLETYPE_FLOAT;
            desc.views[0].texture.multisampled = false;
            desc.views[0].texture.wgsl_group1_binding_n = 0;
            desc.samplers[0].stage = SG_SHADERSTAGE_FRAGMENT;
            desc.samplers[0].sampler_type = SG_SAMPLERTYPE_FILTERING;
            desc.samplers[0].wgsl_group1_binding_n = 32;
            desc.texture_sampler_pairs[0].stage = SG_SHADERSTAGE_FRAGMENT;
            desc.texture_sampler_pairs[0].view_slot = 0;
            desc.texture_sampler_pairs[0].sampler_slot = 0;
            desc.label = "tcx_flow_visualize_density_shader";
        }
        return &desc;
    }
    return 0;
}
static inline const sg_shader_desc* tcx_flow_visualize_pressure_shader_desc(sg_backend backend) {
    if (backend == SG_BACKEND_GLES3) {
        static sg_shader_desc desc;
        static bool valid;
        if (!valid) {
            valid = true;
            desc.vertex_func.source = (const char*)visualization_vs_source_glsl300es;
            desc.vertex_func.entry = "main";
            desc.fragment_func.source = (const char*)fs_visualize_pressure_source_glsl300es;
            desc.fragment_func.entry = "main";
            desc.attrs[0].base_type = SG_SHADERATTRBASETYPE_FLOAT;
            desc.attrs[0].glsl_name = "position";
            desc.attrs[1].base_type = SG_SHADERATTRBASETYPE_FLOAT;
            desc.attrs[1].glsl_name = "texcoord0";
            desc.uniform_blocks[0].stage = SG_SHADERSTAGE_FRAGMENT;
            desc.uniform_blocks[0].layout = SG_UNIFORMLAYOUT_STD140;
            desc.uniform_blocks[0].size = 64;
            desc.uniform_blocks[0].glsl_uniforms[0].type = SG_UNIFORMTYPE_FLOAT4;
            desc.uniform_blocks[0].glsl_uniforms[0].array_count = 4;
            desc.uniform_blocks[0].glsl_uniforms[0].glsl_name = "visual_params";
            desc.views[0].texture.stage = SG_SHADERSTAGE_FRAGMENT;
            desc.views[0].texture.image_type = SG_IMAGETYPE_2D;
            desc.views[0].texture.sample_type = SG_IMAGESAMPLETYPE_FLOAT;
            desc.views[0].texture.multisampled = false;
            desc.samplers[0].stage = SG_SHADERSTAGE_FRAGMENT;
            desc.samplers[0].sampler_type = SG_SAMPLERTYPE_FILTERING;
            desc.texture_sampler_pairs[0].stage = SG_SHADERSTAGE_FRAGMENT;
            desc.texture_sampler_pairs[0].view_slot = 0;
            desc.texture_sampler_pairs[0].sampler_slot = 0;
            desc.texture_sampler_pairs[0].glsl_name = "visualPressureTex_visualPressureSmp";
            desc.label = "tcx_flow_visualize_pressure_shader";
        }
        return &desc;
    }
    if (backend == SG_BACKEND_D3D11) {
        static sg_shader_desc desc;
        static bool valid;
        if (!valid) {
            valid = true;
            desc.vertex_func.source = (const char*)visualization_vs_source_hlsl5;
            desc.vertex_func.d3d11_target = "vs_5_0";
            desc.vertex_func.entry = "main";
            desc.fragment_func.source = (const char*)fs_visualize_pressure_source_hlsl5;
            desc.fragment_func.d3d11_target = "ps_5_0";
            desc.fragment_func.entry = "main";
            desc.attrs[0].base_type = SG_SHADERATTRBASETYPE_FLOAT;
            desc.attrs[0].hlsl_sem_name = "TEXCOORD";
            desc.attrs[0].hlsl_sem_index = 0;
            desc.attrs[1].base_type = SG_SHADERATTRBASETYPE_FLOAT;
            desc.attrs[1].hlsl_sem_name = "TEXCOORD";
            desc.attrs[1].hlsl_sem_index = 1;
            desc.uniform_blocks[0].stage = SG_SHADERSTAGE_FRAGMENT;
            desc.uniform_blocks[0].layout = SG_UNIFORMLAYOUT_STD140;
            desc.uniform_blocks[0].size = 64;
            desc.uniform_blocks[0].hlsl_register_b_n = 0;
            desc.views[0].texture.stage = SG_SHADERSTAGE_FRAGMENT;
            desc.views[0].texture.image_type = SG_IMAGETYPE_2D;
            desc.views[0].texture.sample_type = SG_IMAGESAMPLETYPE_FLOAT;
            desc.views[0].texture.multisampled = false;
            desc.views[0].texture.hlsl_register_t_n = 0;
            desc.samplers[0].stage = SG_SHADERSTAGE_FRAGMENT;
            desc.samplers[0].sampler_type = SG_SAMPLERTYPE_FILTERING;
            desc.samplers[0].hlsl_register_s_n = 0;
            desc.texture_sampler_pairs[0].stage = SG_SHADERSTAGE_FRAGMENT;
            desc.texture_sampler_pairs[0].view_slot = 0;
            desc.texture_sampler_pairs[0].sampler_slot = 0;
            desc.label = "tcx_flow_visualize_pressure_shader";
        }
        return &desc;
    }
    if (backend == SG_BACKEND_METAL_MACOS) {
        static sg_shader_desc desc;
        static bool valid;
        if (!valid) {
            valid = true;
            desc.vertex_func.source = (const char*)visualization_vs_source_metal_macos;
            desc.vertex_func.entry = "main0";
            desc.fragment_func.source = (const char*)fs_visualize_pressure_source_metal_macos;
            desc.fragment_func.entry = "main0";
            desc.attrs[0].base_type = SG_SHADERATTRBASETYPE_FLOAT;
            desc.attrs[1].base_type = SG_SHADERATTRBASETYPE_FLOAT;
            desc.uniform_blocks[0].stage = SG_SHADERSTAGE_FRAGMENT;
            desc.uniform_blocks[0].layout = SG_UNIFORMLAYOUT_STD140;
            desc.uniform_blocks[0].size = 64;
            desc.uniform_blocks[0].msl_buffer_n = 0;
            desc.views[0].texture.stage = SG_SHADERSTAGE_FRAGMENT;
            desc.views[0].texture.image_type = SG_IMAGETYPE_2D;
            desc.views[0].texture.sample_type = SG_IMAGESAMPLETYPE_FLOAT;
            desc.views[0].texture.multisampled = false;
            desc.views[0].texture.msl_texture_n = 0;
            desc.samplers[0].stage = SG_SHADERSTAGE_FRAGMENT;
            desc.samplers[0].sampler_type = SG_SAMPLERTYPE_FILTERING;
            desc.samplers[0].msl_sampler_n = 0;
            desc.texture_sampler_pairs[0].stage = SG_SHADERSTAGE_FRAGMENT;
            desc.texture_sampler_pairs[0].view_slot = 0;
            desc.texture_sampler_pairs[0].sampler_slot = 0;
            desc.label = "tcx_flow_visualize_pressure_shader";
        }
        return &desc;
    }
    if (backend == SG_BACKEND_WGPU) {
        static sg_shader_desc desc;
        static bool valid;
        if (!valid) {
            valid = true;
            desc.vertex_func.source = (const char*)visualization_vs_source_wgsl;
            desc.vertex_func.entry = "main";
            desc.fragment_func.source = (const char*)fs_visualize_pressure_source_wgsl;
            desc.fragment_func.entry = "main";
            desc.attrs[0].base_type = SG_SHADERATTRBASETYPE_FLOAT;
            desc.attrs[1].base_type = SG_SHADERATTRBASETYPE_FLOAT;
            desc.uniform_blocks[0].stage = SG_SHADERSTAGE_FRAGMENT;
            desc.uniform_blocks[0].layout = SG_UNIFORMLAYOUT_STD140;
            desc.uniform_blocks[0].size = 64;
            desc.uniform_blocks[0].wgsl_group0_binding_n = 0;
            desc.views[0].texture.stage = SG_SHADERSTAGE_FRAGMENT;
            desc.views[0].texture.image_type = SG_IMAGETYPE_2D;
            desc.views[0].texture.sample_type = SG_IMAGESAMPLETYPE_FLOAT;
            desc.views[0].texture.multisampled = false;
            desc.views[0].texture.wgsl_group1_binding_n = 0;
            desc.samplers[0].stage = SG_SHADERSTAGE_FRAGMENT;
            desc.samplers[0].sampler_type = SG_SAMPLERTYPE_FILTERING;
            desc.samplers[0].wgsl_group1_binding_n = 32;
            desc.texture_sampler_pairs[0].stage = SG_SHADERSTAGE_FRAGMENT;
            desc.texture_sampler_pairs[0].view_slot = 0;
            desc.texture_sampler_pairs[0].sampler_slot = 0;
            desc.label = "tcx_flow_visualize_pressure_shader";
        }
        return &desc;
    }
    return 0;
}
static inline const sg_shader_desc* tcx_flow_visualize_scalar_shader_desc(sg_backend backend) {
    if (backend == SG_BACKEND_GLES3) {
        static sg_shader_desc desc;
        static bool valid;
        if (!valid) {
            valid = true;
            desc.vertex_func.source = (const char*)visualization_vs_source_glsl300es;
            desc.vertex_func.entry = "main";
            desc.fragment_func.source = (const char*)fs_visualize_scalar_source_glsl300es;
            desc.fragment_func.entry = "main";
            desc.attrs[0].base_type = SG_SHADERATTRBASETYPE_FLOAT;
            desc.attrs[0].glsl_name = "position";
            desc.attrs[1].base_type = SG_SHADERATTRBASETYPE_FLOAT;
            desc.attrs[1].glsl_name = "texcoord0";
            desc.uniform_blocks[0].stage = SG_SHADERSTAGE_FRAGMENT;
            desc.uniform_blocks[0].layout = SG_UNIFORMLAYOUT_STD140;
            desc.uniform_blocks[0].size = 64;
            desc.uniform_blocks[0].glsl_uniforms[0].type = SG_UNIFORMTYPE_FLOAT4;
            desc.uniform_blocks[0].glsl_uniforms[0].array_count = 4;
            desc.uniform_blocks[0].glsl_uniforms[0].glsl_name = "visual_params";
            desc.views[0].texture.stage = SG_SHADERSTAGE_FRAGMENT;
            desc.views[0].texture.image_type = SG_IMAGETYPE_2D;
            desc.views[0].texture.sample_type = SG_IMAGESAMPLETYPE_FLOAT;
            desc.views[0].texture.multisampled = false;
            desc.samplers[0].stage = SG_SHADERSTAGE_FRAGMENT;
            desc.samplers[0].sampler_type = SG_SAMPLERTYPE_FILTERING;
            desc.texture_sampler_pairs[0].stage = SG_SHADERSTAGE_FRAGMENT;
            desc.texture_sampler_pairs[0].view_slot = 0;
            desc.texture_sampler_pairs[0].sampler_slot = 0;
            desc.texture_sampler_pairs[0].glsl_name = "visualInputTex_visualInputSmp";
            desc.label = "tcx_flow_visualize_scalar_shader";
        }
        return &desc;
    }
    if (backend == SG_BACKEND_D3D11) {
        static sg_shader_desc desc;
        static bool valid;
        if (!valid) {
            valid = true;
            desc.vertex_func.source = (const char*)visualization_vs_source_hlsl5;
            desc.vertex_func.d3d11_target = "vs_5_0";
            desc.vertex_func.entry = "main";
            desc.fragment_func.source = (const char*)fs_visualize_scalar_source_hlsl5;
            desc.fragment_func.d3d11_target = "ps_5_0";
            desc.fragment_func.entry = "main";
            desc.attrs[0].base_type = SG_SHADERATTRBASETYPE_FLOAT;
            desc.attrs[0].hlsl_sem_name = "TEXCOORD";
            desc.attrs[0].hlsl_sem_index = 0;
            desc.attrs[1].base_type = SG_SHADERATTRBASETYPE_FLOAT;
            desc.attrs[1].hlsl_sem_name = "TEXCOORD";
            desc.attrs[1].hlsl_sem_index = 1;
            desc.uniform_blocks[0].stage = SG_SHADERSTAGE_FRAGMENT;
            desc.uniform_blocks[0].layout = SG_UNIFORMLAYOUT_STD140;
            desc.uniform_blocks[0].size = 64;
            desc.uniform_blocks[0].hlsl_register_b_n = 0;
            desc.views[0].texture.stage = SG_SHADERSTAGE_FRAGMENT;
            desc.views[0].texture.image_type = SG_IMAGETYPE_2D;
            desc.views[0].texture.sample_type = SG_IMAGESAMPLETYPE_FLOAT;
            desc.views[0].texture.multisampled = false;
            desc.views[0].texture.hlsl_register_t_n = 0;
            desc.samplers[0].stage = SG_SHADERSTAGE_FRAGMENT;
            desc.samplers[0].sampler_type = SG_SAMPLERTYPE_FILTERING;
            desc.samplers[0].hlsl_register_s_n = 0;
            desc.texture_sampler_pairs[0].stage = SG_SHADERSTAGE_FRAGMENT;
            desc.texture_sampler_pairs[0].view_slot = 0;
            desc.texture_sampler_pairs[0].sampler_slot = 0;
            desc.label = "tcx_flow_visualize_scalar_shader";
        }
        return &desc;
    }
    if (backend == SG_BACKEND_METAL_MACOS) {
        static sg_shader_desc desc;
        static bool valid;
        if (!valid) {
            valid = true;
            desc.vertex_func.source = (const char*)visualization_vs_source_metal_macos;
            desc.vertex_func.entry = "main0";
            desc.fragment_func.source = (const char*)fs_visualize_scalar_source_metal_macos;
            desc.fragment_func.entry = "main0";
            desc.attrs[0].base_type = SG_SHADERATTRBASETYPE_FLOAT;
            desc.attrs[1].base_type = SG_SHADERATTRBASETYPE_FLOAT;
            desc.uniform_blocks[0].stage = SG_SHADERSTAGE_FRAGMENT;
            desc.uniform_blocks[0].layout = SG_UNIFORMLAYOUT_STD140;
            desc.uniform_blocks[0].size = 64;
            desc.uniform_blocks[0].msl_buffer_n = 0;
            desc.views[0].texture.stage = SG_SHADERSTAGE_FRAGMENT;
            desc.views[0].texture.image_type = SG_IMAGETYPE_2D;
            desc.views[0].texture.sample_type = SG_IMAGESAMPLETYPE_FLOAT;
            desc.views[0].texture.multisampled = false;
            desc.views[0].texture.msl_texture_n = 0;
            desc.samplers[0].stage = SG_SHADERSTAGE_FRAGMENT;
            desc.samplers[0].sampler_type = SG_SAMPLERTYPE_FILTERING;
            desc.samplers[0].msl_sampler_n = 0;
            desc.texture_sampler_pairs[0].stage = SG_SHADERSTAGE_FRAGMENT;
            desc.texture_sampler_pairs[0].view_slot = 0;
            desc.texture_sampler_pairs[0].sampler_slot = 0;
            desc.label = "tcx_flow_visualize_scalar_shader";
        }
        return &desc;
    }
    if (backend == SG_BACKEND_WGPU) {
        static sg_shader_desc desc;
        static bool valid;
        if (!valid) {
            valid = true;
            desc.vertex_func.source = (const char*)visualization_vs_source_wgsl;
            desc.vertex_func.entry = "main";
            desc.fragment_func.source = (const char*)fs_visualize_scalar_source_wgsl;
            desc.fragment_func.entry = "main";
            desc.attrs[0].base_type = SG_SHADERATTRBASETYPE_FLOAT;
            desc.attrs[1].base_type = SG_SHADERATTRBASETYPE_FLOAT;
            desc.uniform_blocks[0].stage = SG_SHADERSTAGE_FRAGMENT;
            desc.uniform_blocks[0].layout = SG_UNIFORMLAYOUT_STD140;
            desc.uniform_blocks[0].size = 64;
            desc.uniform_blocks[0].wgsl_group0_binding_n = 0;
            desc.views[0].texture.stage = SG_SHADERSTAGE_FRAGMENT;
            desc.views[0].texture.image_type = SG_IMAGETYPE_2D;
            desc.views[0].texture.sample_type = SG_IMAGESAMPLETYPE_FLOAT;
            desc.views[0].texture.multisampled = false;
            desc.views[0].texture.wgsl_group1_binding_n = 0;
            desc.samplers[0].stage = SG_SHADERSTAGE_FRAGMENT;
            desc.samplers[0].sampler_type = SG_SAMPLERTYPE_FILTERING;
            desc.samplers[0].wgsl_group1_binding_n = 32;
            desc.texture_sampler_pairs[0].stage = SG_SHADERSTAGE_FRAGMENT;
            desc.texture_sampler_pairs[0].view_slot = 0;
            desc.texture_sampler_pairs[0].sampler_slot = 0;
            desc.label = "tcx_flow_visualize_scalar_shader";
        }
        return &desc;
    }
    return 0;
}
static inline const sg_shader_desc* tcx_flow_visualize_temperature_shader_desc(sg_backend backend) {
    if (backend == SG_BACKEND_GLES3) {
        static sg_shader_desc desc;
        static bool valid;
        if (!valid) {
            valid = true;
            desc.vertex_func.source = (const char*)visualization_vs_source_glsl300es;
            desc.vertex_func.entry = "main";
            desc.fragment_func.source = (const char*)fs_visualize_temperature_source_glsl300es;
            desc.fragment_func.entry = "main";
            desc.attrs[0].base_type = SG_SHADERATTRBASETYPE_FLOAT;
            desc.attrs[0].glsl_name = "position";
            desc.attrs[1].base_type = SG_SHADERATTRBASETYPE_FLOAT;
            desc.attrs[1].glsl_name = "texcoord0";
            desc.uniform_blocks[0].stage = SG_SHADERSTAGE_FRAGMENT;
            desc.uniform_blocks[0].layout = SG_UNIFORMLAYOUT_STD140;
            desc.uniform_blocks[0].size = 64;
            desc.uniform_blocks[0].glsl_uniforms[0].type = SG_UNIFORMTYPE_FLOAT4;
            desc.uniform_blocks[0].glsl_uniforms[0].array_count = 4;
            desc.uniform_blocks[0].glsl_uniforms[0].glsl_name = "visual_params";
            desc.views[0].texture.stage = SG_SHADERSTAGE_FRAGMENT;
            desc.views[0].texture.image_type = SG_IMAGETYPE_2D;
            desc.views[0].texture.sample_type = SG_IMAGESAMPLETYPE_FLOAT;
            desc.views[0].texture.multisampled = false;
            desc.samplers[0].stage = SG_SHADERSTAGE_FRAGMENT;
            desc.samplers[0].sampler_type = SG_SAMPLERTYPE_FILTERING;
            desc.texture_sampler_pairs[0].stage = SG_SHADERSTAGE_FRAGMENT;
            desc.texture_sampler_pairs[0].view_slot = 0;
            desc.texture_sampler_pairs[0].sampler_slot = 0;
            desc.texture_sampler_pairs[0].glsl_name = "visualTemperatureTex_visualTemperatureSmp";
            desc.label = "tcx_flow_visualize_temperature_shader";
        }
        return &desc;
    }
    if (backend == SG_BACKEND_D3D11) {
        static sg_shader_desc desc;
        static bool valid;
        if (!valid) {
            valid = true;
            desc.vertex_func.source = (const char*)visualization_vs_source_hlsl5;
            desc.vertex_func.d3d11_target = "vs_5_0";
            desc.vertex_func.entry = "main";
            desc.fragment_func.source = (const char*)fs_visualize_temperature_source_hlsl5;
            desc.fragment_func.d3d11_target = "ps_5_0";
            desc.fragment_func.entry = "main";
            desc.attrs[0].base_type = SG_SHADERATTRBASETYPE_FLOAT;
            desc.attrs[0].hlsl_sem_name = "TEXCOORD";
            desc.attrs[0].hlsl_sem_index = 0;
            desc.attrs[1].base_type = SG_SHADERATTRBASETYPE_FLOAT;
            desc.attrs[1].hlsl_sem_name = "TEXCOORD";
            desc.attrs[1].hlsl_sem_index = 1;
            desc.uniform_blocks[0].stage = SG_SHADERSTAGE_FRAGMENT;
            desc.uniform_blocks[0].layout = SG_UNIFORMLAYOUT_STD140;
            desc.uniform_blocks[0].size = 64;
            desc.uniform_blocks[0].hlsl_register_b_n = 0;
            desc.views[0].texture.stage = SG_SHADERSTAGE_FRAGMENT;
            desc.views[0].texture.image_type = SG_IMAGETYPE_2D;
            desc.views[0].texture.sample_type = SG_IMAGESAMPLETYPE_FLOAT;
            desc.views[0].texture.multisampled = false;
            desc.views[0].texture.hlsl_register_t_n = 0;
            desc.samplers[0].stage = SG_SHADERSTAGE_FRAGMENT;
            desc.samplers[0].sampler_type = SG_SAMPLERTYPE_FILTERING;
            desc.samplers[0].hlsl_register_s_n = 0;
            desc.texture_sampler_pairs[0].stage = SG_SHADERSTAGE_FRAGMENT;
            desc.texture_sampler_pairs[0].view_slot = 0;
            desc.texture_sampler_pairs[0].sampler_slot = 0;
            desc.label = "tcx_flow_visualize_temperature_shader";
        }
        return &desc;
    }
    if (backend == SG_BACKEND_METAL_MACOS) {
        static sg_shader_desc desc;
        static bool valid;
        if (!valid) {
            valid = true;
            desc.vertex_func.source = (const char*)visualization_vs_source_metal_macos;
            desc.vertex_func.entry = "main0";
            desc.fragment_func.source = (const char*)fs_visualize_temperature_source_metal_macos;
            desc.fragment_func.entry = "main0";
            desc.attrs[0].base_type = SG_SHADERATTRBASETYPE_FLOAT;
            desc.attrs[1].base_type = SG_SHADERATTRBASETYPE_FLOAT;
            desc.uniform_blocks[0].stage = SG_SHADERSTAGE_FRAGMENT;
            desc.uniform_blocks[0].layout = SG_UNIFORMLAYOUT_STD140;
            desc.uniform_blocks[0].size = 64;
            desc.uniform_blocks[0].msl_buffer_n = 0;
            desc.views[0].texture.stage = SG_SHADERSTAGE_FRAGMENT;
            desc.views[0].texture.image_type = SG_IMAGETYPE_2D;
            desc.views[0].texture.sample_type = SG_IMAGESAMPLETYPE_FLOAT;
            desc.views[0].texture.multisampled = false;
            desc.views[0].texture.msl_texture_n = 0;
            desc.samplers[0].stage = SG_SHADERSTAGE_FRAGMENT;
            desc.samplers[0].sampler_type = SG_SAMPLERTYPE_FILTERING;
            desc.samplers[0].msl_sampler_n = 0;
            desc.texture_sampler_pairs[0].stage = SG_SHADERSTAGE_FRAGMENT;
            desc.texture_sampler_pairs[0].view_slot = 0;
            desc.texture_sampler_pairs[0].sampler_slot = 0;
            desc.label = "tcx_flow_visualize_temperature_shader";
        }
        return &desc;
    }
    if (backend == SG_BACKEND_WGPU) {
        static sg_shader_desc desc;
        static bool valid;
        if (!valid) {
            valid = true;
            desc.vertex_func.source = (const char*)visualization_vs_source_wgsl;
            desc.vertex_func.entry = "main";
            desc.fragment_func.source = (const char*)fs_visualize_temperature_source_wgsl;
            desc.fragment_func.entry = "main";
            desc.attrs[0].base_type = SG_SHADERATTRBASETYPE_FLOAT;
            desc.attrs[1].base_type = SG_SHADERATTRBASETYPE_FLOAT;
            desc.uniform_blocks[0].stage = SG_SHADERSTAGE_FRAGMENT;
            desc.uniform_blocks[0].layout = SG_UNIFORMLAYOUT_STD140;
            desc.uniform_blocks[0].size = 64;
            desc.uniform_blocks[0].wgsl_group0_binding_n = 0;
            desc.views[0].texture.stage = SG_SHADERSTAGE_FRAGMENT;
            desc.views[0].texture.image_type = SG_IMAGETYPE_2D;
            desc.views[0].texture.sample_type = SG_IMAGESAMPLETYPE_FLOAT;
            desc.views[0].texture.multisampled = false;
            desc.views[0].texture.wgsl_group1_binding_n = 0;
            desc.samplers[0].stage = SG_SHADERSTAGE_FRAGMENT;
            desc.samplers[0].sampler_type = SG_SAMPLERTYPE_FILTERING;
            desc.samplers[0].wgsl_group1_binding_n = 32;
            desc.texture_sampler_pairs[0].stage = SG_SHADERSTAGE_FRAGMENT;
            desc.texture_sampler_pairs[0].view_slot = 0;
            desc.texture_sampler_pairs[0].sampler_slot = 0;
            desc.label = "tcx_flow_visualize_temperature_shader";
        }
        return &desc;
    }
    return 0;
}
static inline const sg_shader_desc* tcx_flow_visualize_velocity_color_shader_desc(sg_backend backend) {
    if (backend == SG_BACKEND_GLES3) {
        static sg_shader_desc desc;
        static bool valid;
        if (!valid) {
            valid = true;
            desc.vertex_func.source = (const char*)visualization_vs_source_glsl300es;
            desc.vertex_func.entry = "main";
            desc.fragment_func.source = (const char*)fs_visualize_velocity_color_source_glsl300es;
            desc.fragment_func.entry = "main";
            desc.attrs[0].base_type = SG_SHADERATTRBASETYPE_FLOAT;
            desc.attrs[0].glsl_name = "position";
            desc.attrs[1].base_type = SG_SHADERATTRBASETYPE_FLOAT;
            desc.attrs[1].glsl_name = "texcoord0";
            desc.uniform_blocks[0].stage = SG_SHADERSTAGE_FRAGMENT;
            desc.uniform_blocks[0].layout = SG_UNIFORMLAYOUT_STD140;
            desc.uniform_blocks[0].size = 64;
            desc.uniform_blocks[0].glsl_uniforms[0].type = SG_UNIFORMTYPE_FLOAT4;
            desc.uniform_blocks[0].glsl_uniforms[0].array_count = 4;
            desc.uniform_blocks[0].glsl_uniforms[0].glsl_name = "visual_params";
            desc.views[0].texture.stage = SG_SHADERSTAGE_FRAGMENT;
            desc.views[0].texture.image_type = SG_IMAGETYPE_2D;
            desc.views[0].texture.sample_type = SG_IMAGESAMPLETYPE_FLOAT;
            desc.views[0].texture.multisampled = false;
            desc.samplers[0].stage = SG_SHADERSTAGE_FRAGMENT;
            desc.samplers[0].sampler_type = SG_SAMPLERTYPE_FILTERING;
            desc.texture_sampler_pairs[0].stage = SG_SHADERSTAGE_FRAGMENT;
            desc.texture_sampler_pairs[0].view_slot = 0;
            desc.texture_sampler_pairs[0].sampler_slot = 0;
            desc.texture_sampler_pairs[0].glsl_name = "visualVelocityTex_visualVelocitySmp";
            desc.label = "tcx_flow_visualize_velocity_color_shader";
        }
        return &desc;
    }
    if (backend == SG_BACKEND_D3D11) {
        static sg_shader_desc desc;
        static bool valid;
        if (!valid) {
            valid = true;
            desc.vertex_func.source = (const char*)visualization_vs_source_hlsl5;
            desc.vertex_func.d3d11_target = "vs_5_0";
            desc.vertex_func.entry = "main";
            desc.fragment_func.source = (const char*)fs_visualize_velocity_color_source_hlsl5;
            desc.fragment_func.d3d11_target = "ps_5_0";
            desc.fragment_func.entry = "main";
            desc.attrs[0].base_type = SG_SHADERATTRBASETYPE_FLOAT;
            desc.attrs[0].hlsl_sem_name = "TEXCOORD";
            desc.attrs[0].hlsl_sem_index = 0;
            desc.attrs[1].base_type = SG_SHADERATTRBASETYPE_FLOAT;
            desc.attrs[1].hlsl_sem_name = "TEXCOORD";
            desc.attrs[1].hlsl_sem_index = 1;
            desc.uniform_blocks[0].stage = SG_SHADERSTAGE_FRAGMENT;
            desc.uniform_blocks[0].layout = SG_UNIFORMLAYOUT_STD140;
            desc.uniform_blocks[0].size = 64;
            desc.uniform_blocks[0].hlsl_register_b_n = 0;
            desc.views[0].texture.stage = SG_SHADERSTAGE_FRAGMENT;
            desc.views[0].texture.image_type = SG_IMAGETYPE_2D;
            desc.views[0].texture.sample_type = SG_IMAGESAMPLETYPE_FLOAT;
            desc.views[0].texture.multisampled = false;
            desc.views[0].texture.hlsl_register_t_n = 0;
            desc.samplers[0].stage = SG_SHADERSTAGE_FRAGMENT;
            desc.samplers[0].sampler_type = SG_SAMPLERTYPE_FILTERING;
            desc.samplers[0].hlsl_register_s_n = 0;
            desc.texture_sampler_pairs[0].stage = SG_SHADERSTAGE_FRAGMENT;
            desc.texture_sampler_pairs[0].view_slot = 0;
            desc.texture_sampler_pairs[0].sampler_slot = 0;
            desc.label = "tcx_flow_visualize_velocity_color_shader";
        }
        return &desc;
    }
    if (backend == SG_BACKEND_METAL_MACOS) {
        static sg_shader_desc desc;
        static bool valid;
        if (!valid) {
            valid = true;
            desc.vertex_func.source = (const char*)visualization_vs_source_metal_macos;
            desc.vertex_func.entry = "main0";
            desc.fragment_func.source = (const char*)fs_visualize_velocity_color_source_metal_macos;
            desc.fragment_func.entry = "main0";
            desc.attrs[0].base_type = SG_SHADERATTRBASETYPE_FLOAT;
            desc.attrs[1].base_type = SG_SHADERATTRBASETYPE_FLOAT;
            desc.uniform_blocks[0].stage = SG_SHADERSTAGE_FRAGMENT;
            desc.uniform_blocks[0].layout = SG_UNIFORMLAYOUT_STD140;
            desc.uniform_blocks[0].size = 64;
            desc.uniform_blocks[0].msl_buffer_n = 0;
            desc.views[0].texture.stage = SG_SHADERSTAGE_FRAGMENT;
            desc.views[0].texture.image_type = SG_IMAGETYPE_2D;
            desc.views[0].texture.sample_type = SG_IMAGESAMPLETYPE_FLOAT;
            desc.views[0].texture.multisampled = false;
            desc.views[0].texture.msl_texture_n = 0;
            desc.samplers[0].stage = SG_SHADERSTAGE_FRAGMENT;
            desc.samplers[0].sampler_type = SG_SAMPLERTYPE_FILTERING;
            desc.samplers[0].msl_sampler_n = 0;
            desc.texture_sampler_pairs[0].stage = SG_SHADERSTAGE_FRAGMENT;
            desc.texture_sampler_pairs[0].view_slot = 0;
            desc.texture_sampler_pairs[0].sampler_slot = 0;
            desc.label = "tcx_flow_visualize_velocity_color_shader";
        }
        return &desc;
    }
    if (backend == SG_BACKEND_WGPU) {
        static sg_shader_desc desc;
        static bool valid;
        if (!valid) {
            valid = true;
            desc.vertex_func.source = (const char*)visualization_vs_source_wgsl;
            desc.vertex_func.entry = "main";
            desc.fragment_func.source = (const char*)fs_visualize_velocity_color_source_wgsl;
            desc.fragment_func.entry = "main";
            desc.attrs[0].base_type = SG_SHADERATTRBASETYPE_FLOAT;
            desc.attrs[1].base_type = SG_SHADERATTRBASETYPE_FLOAT;
            desc.uniform_blocks[0].stage = SG_SHADERSTAGE_FRAGMENT;
            desc.uniform_blocks[0].layout = SG_UNIFORMLAYOUT_STD140;
            desc.uniform_blocks[0].size = 64;
            desc.uniform_blocks[0].wgsl_group0_binding_n = 0;
            desc.views[0].texture.stage = SG_SHADERSTAGE_FRAGMENT;
            desc.views[0].texture.image_type = SG_IMAGETYPE_2D;
            desc.views[0].texture.sample_type = SG_IMAGESAMPLETYPE_FLOAT;
            desc.views[0].texture.multisampled = false;
            desc.views[0].texture.wgsl_group1_binding_n = 0;
            desc.samplers[0].stage = SG_SHADERSTAGE_FRAGMENT;
            desc.samplers[0].sampler_type = SG_SAMPLERTYPE_FILTERING;
            desc.samplers[0].wgsl_group1_binding_n = 32;
            desc.texture_sampler_pairs[0].stage = SG_SHADERSTAGE_FRAGMENT;
            desc.texture_sampler_pairs[0].view_slot = 0;
            desc.texture_sampler_pairs[0].sampler_slot = 0;
            desc.label = "tcx_flow_visualize_velocity_color_shader";
        }
        return &desc;
    }
    return 0;
}
