#pragma once
/*
    #version:1# (machine generated, don't edit!)

    Generated by sokol-shdc (https://github.com/floooh/sokol-tools)

    Cmdline:
        sokol-shdc --input /Users/mac/Desktop/TrussC/addons/tcxFlowTools/shaders/particles/particles.glsl --output /Users/mac/Desktop/TrussC/addons/tcxFlowTools/shaders/particles/particles.glsl.h --slang metal_macos:hlsl5:glsl300es:wgsl --format sokol

    Overview:
    =========
    Shader program: 'tcx_flow_particles_points':
        Get shader desc: tcx_flow_particles_points_shader_desc(sg_query_backend());
        Vertex Shader: particle_points_vs
        Fragment Shader: fs_particle_points
        Attributes:
            ATTR_tcx_flow_particles_points_lookup => 0
            ATTR_tcx_flow_particles_points_corner => 1
    Shader program: 'tcx_flow_particles_render':
        Get shader desc: tcx_flow_particles_render_shader_desc(sg_query_backend());
        Vertex Shader: particles_vs
        Fragment Shader: fs_particles_render
        Attributes:
            ATTR_tcx_flow_particles_render_position => 0
            ATTR_tcx_flow_particles_render_texcoord0 => 1
    Shader program: 'tcx_flow_particles_spawn':
        Get shader desc: tcx_flow_particles_spawn_shader_desc(sg_query_backend());
        Vertex Shader: particles_vs
        Fragment Shader: fs_particles_spawn
        Attributes:
            ATTR_tcx_flow_particles_spawn_position => 0
            ATTR_tcx_flow_particles_spawn_texcoord0 => 1
    Shader program: 'tcx_flow_particles_update':
        Get shader desc: tcx_flow_particles_update_shader_desc(sg_query_backend());
        Vertex Shader: particles_vs
        Fragment Shader: fs_particles_update
        Attributes:
            ATTR_tcx_flow_particles_update_position => 0
            ATTR_tcx_flow_particles_update_texcoord0 => 1
    Bindings:
        Uniform block 'particle_point_params':
            C struct: particle_point_params_t
            Bind slot: UB_particle_point_params => 0
        Uniform block 'particle_params':
            C struct: particle_params_t
            Bind slot: UB_particle_params => 0
        Texture 'particlePointStateTex':
            Image type: SG_IMAGETYPE_2D
            Sample type: SG_IMAGESAMPLETYPE_FLOAT
            Multisampled: false
            Bind slot: VIEW_particlePointStateTex => 0
        Texture 'particleStateTex':
            Image type: SG_IMAGETYPE_2D
            Sample type: SG_IMAGESAMPLETYPE_FLOAT
            Multisampled: false
            Bind slot: VIEW_particleStateTex => 0
        Texture 'particleSeedTex':
            Image type: SG_IMAGETYPE_2D
            Sample type: SG_IMAGESAMPLETYPE_FLOAT
            Multisampled: false
            Bind slot: VIEW_particleSeedTex => 0
        Texture 'particleVelocityTex':
            Image type: SG_IMAGETYPE_2D
            Sample type: SG_IMAGESAMPLETYPE_FLOAT
            Multisampled: false
            Bind slot: VIEW_particleVelocityTex => 1
        Sampler 'particlePointStateSmp':
            Type: SG_SAMPLERTYPE_FILTERING
            Bind slot: SMP_particlePointStateSmp => 0
        Sampler 'particleStateSmp':
            Type: SG_SAMPLERTYPE_FILTERING
            Bind slot: SMP_particleStateSmp => 0
        Sampler 'particleSeedSmp':
            Type: SG_SAMPLERTYPE_FILTERING
            Bind slot: SMP_particleSeedSmp => 0
        Sampler 'particleVelocitySmp':
            Type: SG_SAMPLERTYPE_FILTERING
            Bind slot: SMP_particleVelocitySmp => 1
*/
#if !defined(SOKOL_GFX_INCLUDED)
#error "Please include sokol_gfx.h before particles.glsl.h"
#endif
#if !defined(SOKOL_SHDC_ALIGN)
#if defined(_MSC_VER)
#define SOKOL_SHDC_ALIGN(a) __declspec(align(a))
#else
#define SOKOL_SHDC_ALIGN(a) __attribute__((aligned(a)))
#endif
#endif
#define ATTR_tcx_flow_particles_points_lookup (0)
#define ATTR_tcx_flow_particles_points_corner (1)
#define ATTR_tcx_flow_particles_render_position (0)
#define ATTR_tcx_flow_particles_render_texcoord0 (1)
#define ATTR_tcx_flow_particles_spawn_position (0)
#define ATTR_tcx_flow_particles_spawn_texcoord0 (1)
#define ATTR_tcx_flow_particles_update_position (0)
#define ATTR_tcx_flow_particles_update_texcoord0 (1)
#define UB_particle_point_params (0)
#define UB_particle_params (0)
#define VIEW_particlePointStateTex (0)
#define VIEW_particleStateTex (0)
#define VIEW_particleSeedTex (0)
#define VIEW_particleVelocityTex (1)
#define SMP_particlePointStateSmp (0)
#define SMP_particleStateSmp (0)
#define SMP_particleSeedSmp (0)
#define SMP_particleVelocitySmp (1)
#pragma pack(push,1)
SOKOL_SHDC_ALIGN(16) typedef struct particle_point_params_t {
    float color[4];
    float resolution[4];
    float texel[4];
    float options[4];
} particle_point_params_t;
#pragma pack(pop)
#pragma pack(push,1)
SOKOL_SHDC_ALIGN(16) typedef struct particle_params_t {
    float color[4];
    float resolution[4];
    float texel[4];
    float options[4];
} particle_params_t;
#pragma pack(pop)
/*
    #version 300 es

    layout(location = 0) in vec2 position;
    out vec2 uv;
    layout(location = 1) in vec2 texcoord0;

    void main()
    {
        gl_Position = vec4(position, 0.0, 1.0);
        uv = texcoord0;
    }

*/
static const uint8_t particles_vs_source_glsl300es[192] = {
    0x23,0x76,0x65,0x72,0x73,0x69,0x6f,0x6e,0x20,0x33,0x30,0x30,0x20,0x65,0x73,0x0a,
    0x0a,0x6c,0x61,0x79,0x6f,0x75,0x74,0x28,0x6c,0x6f,0x63,0x61,0x74,0x69,0x6f,0x6e,
    0x20,0x3d,0x20,0x30,0x29,0x20,0x69,0x6e,0x20,0x76,0x65,0x63,0x32,0x20,0x70,0x6f,
    0x73,0x69,0x74,0x69,0x6f,0x6e,0x3b,0x0a,0x6f,0x75,0x74,0x20,0x76,0x65,0x63,0x32,
    0x20,0x75,0x76,0x3b,0x0a,0x6c,0x61,0x79,0x6f,0x75,0x74,0x28,0x6c,0x6f,0x63,0x61,
    0x74,0x69,0x6f,0x6e,0x20,0x3d,0x20,0x31,0x29,0x20,0x69,0x6e,0x20,0x76,0x65,0x63,
    0x32,0x20,0x74,0x65,0x78,0x63,0x6f,0x6f,0x72,0x64,0x30,0x3b,0x0a,0x0a,0x76,0x6f,
    0x69,0x64,0x20,0x6d,0x61,0x69,0x6e,0x28,0x29,0x0a,0x7b,0x0a,0x20,0x20,0x20,0x20,
    0x67,0x6c,0x5f,0x50,0x6f,0x73,0x69,0x74,0x69,0x6f,0x6e,0x20,0x3d,0x20,0x76,0x65,
    0x63,0x34,0x28,0x70,0x6f,0x73,0x69,0x74,0x69,0x6f,0x6e,0x2c,0x20,0x30,0x2e,0x30,
    0x2c,0x20,0x31,0x2e,0x30,0x29,0x3b,0x0a,0x20,0x20,0x20,0x20,0x75,0x76,0x20,0x3d,
    0x20,0x74,0x65,0x78,0x63,0x6f,0x6f,0x72,0x64,0x30,0x3b,0x0a,0x7d,0x0a,0x0a,0x00,

};
/*
    #version 300 es

    uniform vec4 particle_point_params[4];
    uniform highp sampler2D particlePointStateTex_particlePointStateSmp;

    layout(location = 0) in vec2 lookup;
    layout(location = 1) in vec2 corner;
    out vec4 v_color;

    void main()
    {
        vec4 _25 = textureLod(particlePointStateTex_particlePointStateSmp, lookup, 0.0);
        vec2 _68 = ((((particle_point_params[2].xy + (_25.xy * particle_point_params[1].zw)) + (corner * particle_point_params[3].w)) / max(particle_point_params[1].xy, vec2(1.0))) * 2.0) - vec2(1.0);
        v_color = vec4(particle_point_params[0].xyz, particle_point_params[0].w * (1.0 - clamp(_25.z / max(particle_point_params[3].z, 9.9999997473787516355514526367188e-05), 0.0, 1.0)));
        gl_Position = vec4(_68.x, -_68.y, 0.0, 1.0);
    }

*/
static const uint8_t particle_points_vs_source_glsl300es[752] = {
    0x23,0x76,0x65,0x72,0x73,0x69,0x6f,0x6e,0x20,0x33,0x30,0x30,0x20,0x65,0x73,0x0a,
    0x0a,0x75,0x6e,0x69,0x66,0x6f,0x72,0x6d,0x20,0x76,0x65,0x63,0x34,0x20,0x70,0x61,
    0x72,0x74,0x69,0x63,0x6c,0x65,0x5f,0x70,0x6f,0x69,0x6e,0x74,0x5f,0x70,0x61,0x72,
    0x61,0x6d,0x73,0x5b,0x34,0x5d,0x3b,0x0a,0x75,0x6e,0x69,0x66,0x6f,0x72,0x6d,0x20,
    0x68,0x69,0x67,0x68,0x70,0x20,0x73,0x61,0x6d,0x70,0x6c,0x65,0x72,0x32,0x44,0x20,
    0x70,0x61,0x72,0x74,0x69,0x63,0x6c,0x65,0x50,0x6f,0x69,0x6e,0x74,0x53,0x74,0x61,
    0x74,0x65,0x54,0x65,0x78,0x5f,0x70,0x61,0x72,0x74,0x69,0x63,0x6c,0x65,0x50,0x6f,
    0x69,0x6e,0x74,0x53,0x74,0x61,0x74,0x65,0x53,0x6d,0x70,0x3b,0x0a,0x0a,0x6c,0x61,
    0x79,0x6f,0x75,0x74,0x28,0x6c,0x6f,0x63,0x61,0x74,0x69,0x6f,0x6e,0x20,0x3d,0x20,
    0x30,0x29,0x20,0x69,0x6e,0x20,0x76,0x65,0x63,0x32,0x20,0x6c,0x6f,0x6f,0x6b,0x75,
    0x70,0x3b,0x0a,0x6c,0x61,0x79,0x6f,0x75,0x74,0x28,0x6c,0x6f,0x63,0x61,0x74,0x69,
    0x6f,0x6e,0x20,0x3d,0x20,0x31,0x29,0x20,0x69,0x6e,0x20,0x76,0x65,0x63,0x32,0x20,
    0x63,0x6f,0x72,0x6e,0x65,0x72,0x3b,0x0a,0x6f,0x75,0x74,0x20,0x76,0x65,0x63,0x34,
    0x20,0x76,0x5f,0x63,0x6f,0x6c,0x6f,0x72,0x3b,0x0a,0x0a,0x76,0x6f,0x69,0x64,0x20,
    0x6d,0x61,0x69,0x6e,0x28,0x29,0x0a,0x7b,0x0a,0x20,0x20,0x20,0x20,0x76,0x65,0x63,
    0x34,0x20,0x5f,0x32,0x35,0x20,0x3d,0x20,0x74,0x65,0x78,0x74,0x75,0x72,0x65,0x4c,
    0x6f,0x64,0x28,0x70,0x61,0x72,0x74,0x69,0x63,0x6c,0x65,0x50,0x6f,0x69,0x6e,0x74,
    0x53,0x74,0x61,0x74,0x65,0x54,0x65,0x78,0x5f,0x70,0x61,0x72,0x74,0x69,0x63,0x6c,
    0x65,0x50,0x6f,0x69,0x6e,0x74,0x53,0x74,0x61,0x74,0x65,0x53,0x6d,0x70,0x2c,0x20,
    0x6c,0x6f,0x6f,0x6b,0x75,0x70,0x2c,0x20,0x30,0x2e,0x30,0x29,0x3b,0x0a,0x20,0x20,
    0x20,0x20,0x76,0x65,0x63,0x32,0x20,0x5f,0x36,0x38,0x20,0x3d,0x20,0x28,0x28,0x28,
    0x28,0x70,0x61,0x72,0x74,0x69,0x63,0x6c,0x65,0x5f,0x70,0x6f,0x69,0x6e,0x74,0x5f,
    0x70,0x61,0x72,0x61,0x6d,0x73,0x5b,0x32,0x5d,0x2e,0x78,0x79,0x20,0x2b,0x20,0x28,
    0x5f,0x32,0x35,0x2e,0x78,0x79,0x20,0x2a,0x20,0x70,0x61,0x72,0x74,0x69,0x63,0x6c,
    0x65,0x5f,0x70,0x6f,0x69,0x6e,0x74,0x5f,0x70,0x61,0x72,0x61,0x6d,0x73,0x5b,0x31,
    0x5d,0x2e,0x7a,0x77,0x29,0x29,0x20,0x2b,0x20,0x28,0x63,0x6f,0x72,0x6e,0x65,0x72,
    0x20,0x2a,0x20,0x70,0x61,0x72,0x74,0x69,0x63,0x6c,0x65,0x5f,0x70,0x6f,0x69,0x6e,
    0x74,0x5f,0x70,0x61,0x72,0x61,0x6d,0x73,0x5b,0x33,0x5d,0x2e,0x77,0x29,0x29,0x20,
    0x2f,0x20,0x6d,0x61,0x78,0x28,0x70,0x61,0x72,0x74,0x69,0x63,0x6c,0x65,0x5f,0x70,
    0x6f,0x69,0x6e,0x74,0x5f,0x70,0x61,0x72,0x61,0x6d,0x73,0x5b,0x31,0x5d,0x2e,0x78,
    0x79,0x2c,0x20,0x76,0x65,0x63,0x32,0x28,0x31,0x2e,0x30,0x29,0x29,0x29,0x20,0x2a,
    0x20,0x32,0x2e,0x30,0x29,0x20,0x2d,0x20,0x76,0x65,0x63,0x32,0x28,0x31,0x2e,0x30,
    0x29,0x3b,0x0a,0x20,0x20,0x20,0x20,0x76,0x5f,0x63,0x6f,0x6c,0x6f,0x72,0x20,0x3d,
    0x20,0x76,0x65,0x63,0x34,0x28,0x70,0x61,0x72,0x74,0x69,0x63,0x6c,0x65,0x5f,0x70,
    0x6f,0x69,0x6e,0x74,0x5f,0x70,0x61,0x72,0x61,0x6d,0x73,0x5b,0x30,0x5d,0x2e,0x78,
    0x79,0x7a,0x2c,0x20,0x70,0x61,0x72,0x74,0x69,0x63,0x6c,0x65,0x5f,0x70,0x6f,0x69,
    0x6e,0x74,0x5f,0x70,0x61,0x72,0x61,0x6d,0x73,0x5b,0x30,0x5d,0x2e,0x77,0x20,0x2a,
    0x20,0x28,0x31,0x2e,0x30,0x20,0x2d,0x20,0x63,0x6c,0x61,0x6d,0x70,0x28,0x5f,0x32,
    0x35,0x2e,0x7a,0x20,0x2f,0x20,0x6d,0x61,0x78,0x28,0x70,0x61,0x72,0x74,0x69,0x63,
    0x6c,0x65,0x5f,0x70,0x6f,0x69,0x6e,0x74,0x5f,0x70,0x61,0x72,0x61,0x6d,0x73,0x5b,
    0x33,0x5d,0x2e,0x7a,0x2c,0x20,0x39,0x2e,0x39,0x39,0x39,0x39,0x39,0x39,0x37,0x34,
    0x37,0x33,0x37,0x38,0x37,0x35,0x31,0x36,0x33,0x35,0x35,0x35,0x31,0x34,0x35,0x32,
    0x36,0x33,0x36,0x37,0x31,0x38,0x38,0x65,0x2d,0x30,0x35,0x29,0x2c,0x20,0x30,0x2e,
    0x30,0x2c,0x20,0x31,0x2e,0x30,0x29,0x29,0x29,0x3b,0x0a,0x20,0x20,0x20,0x20,0x67,
    0x6c,0x5f,0x50,0x6f,0x73,0x69,0x74,0x69,0x6f,0x6e,0x20,0x3d,0x20,0x76,0x65,0x63,
    0x34,0x28,0x5f,0x36,0x38,0x2e,0x78,0x2c,0x20,0x2d,0x5f,0x36,0x38,0x2e,0x79,0x2c,
    0x20,0x30,0x2e,0x30,0x2c,0x20,0x31,0x2e,0x30,0x29,0x3b,0x0a,0x7d,0x0a,0x0a,0x00,

};
/*
    #version 300 es
    precision mediump float;
    precision highp int;

    layout(location = 0) out highp vec4 frag_color;
    in highp vec4 v_color;

    void main()
    {
        frag_color = v_color;
    }

*/
static const uint8_t fs_particle_points_source_glsl300es[179] = {
    0x23,0x76,0x65,0x72,0x73,0x69,0x6f,0x6e,0x20,0x33,0x30,0x30,0x20,0x65,0x73,0x0a,
    0x70,0x72,0x65,0x63,0x69,0x73,0x69,0x6f,0x6e,0x20,0x6d,0x65,0x64,0x69,0x75,0x6d,
    0x70,0x20,0x66,0x6c,0x6f,0x61,0x74,0x3b,0x0a,0x70,0x72,0x65,0x63,0x69,0x73,0x69,
    0x6f,0x6e,0x20,0x68,0x69,0x67,0x68,0x70,0x20,0x69,0x6e,0x74,0x3b,0x0a,0x0a,0x6c,
    0x61,0x79,0x6f,0x75,0x74,0x28,0x6c,0x6f,0x63,0x61,0x74,0x69,0x6f,0x6e,0x20,0x3d,
    0x20,0x30,0x29,0x20,0x6f,0x75,0x74,0x20,0x68,0x69,0x67,0x68,0x70,0x20,0x76,0x65,
    0x63,0x34,0x20,0x66,0x72,0x61,0x67,0x5f,0x63,0x6f,0x6c,0x6f,0x72,0x3b,0x0a,0x69,
    0x6e,0x20,0x68,0x69,0x67,0x68,0x70,0x20,0x76,0x65,0x63,0x34,0x20,0x76,0x5f,0x63,
    0x6f,0x6c,0x6f,0x72,0x3b,0x0a,0x0a,0x76,0x6f,0x69,0x64,0x20,0x6d,0x61,0x69,0x6e,
    0x28,0x29,0x0a,0x7b,0x0a,0x20,0x20,0x20,0x20,0x66,0x72,0x61,0x67,0x5f,0x63,0x6f,
    0x6c,0x6f,0x72,0x20,0x3d,0x20,0x76,0x5f,0x63,0x6f,0x6c,0x6f,0x72,0x3b,0x0a,0x7d,
    0x0a,0x0a,0x00,
};
/*
    #version 300 es
    precision mediump float;
    precision highp int;

    uniform highp vec4 particle_params[4];
    uniform highp sampler2D particleSeedTex_particleSeedSmp;

    in highp vec2 uv;
    layout(location = 0) out highp vec4 frag_color;

    highp float hash(highp vec2 p)
    {
        return fract(sin(dot(p, vec2(127.09999847412109375, 311.70001220703125))) * 43758.546875);
    }

    void main()
    {
        highp vec4 _40 = texture(particleSeedTex_particleSeedSmp, uv);
        highp vec2 param = uv + particle_params[3].xy;
        highp vec2 param_1 = uv.yx + particle_params[3].zw;
        frag_color = vec4(fract(hash(param) + _40.x), fract(hash(param_1) + _40.y), 0.0, 1.0) * particle_params[0];
    }

*/
static const uint8_t fs_particles_spawn_source_glsl300es[662] = {
    0x23,0x76,0x65,0x72,0x73,0x69,0x6f,0x6e,0x20,0x33,0x30,0x30,0x20,0x65,0x73,0x0a,
    0x70,0x72,0x65,0x63,0x69,0x73,0x69,0x6f,0x6e,0x20,0x6d,0x65,0x64,0x69,0x75,0x6d,
    0x70,0x20,0x66,0x6c,0x6f,0x61,0x74,0x3b,0x0a,0x70,0x72,0x65,0x63,0x69,0x73,0x69,
    0x6f,0x6e,0x20,0x68,0x69,0x67,0x68,0x70,0x20,0x69,0x6e,0x74,0x3b,0x0a,0x0a,0x75,
    0x6e,0x69,0x66,0x6f,0x72,0x6d,0x20,0x68,0x69,0x67,0x68,0x70,0x20,0x76,0x65,0x63,
    0x34,0x20,0x70,0x61,0x72,0x74,0x69,0x63,0x6c,0x65,0x5f,0x70,0x61,0x72,0x61,0x6d,
    0x73,0x5b,0x34,0x5d,0x3b,0x0a,0x75,0x6e,0x69,0x66,0x6f,0x72,0x6d,0x20,0x68,0x69,
    0x67,0x68,0x70,0x20,0x73,0x61,0x6d,0x70,0x6c,0x65,0x72,0x32,0x44,0x20,0x70,0x61,
    0x72,0x74,0x69,0x63,0x6c,0x65,0x53,0x65,0x65,0x64,0x54,0x65,0x78,0x5f,0x70,0x61,
    0x72,0x74,0x69,0x63,0x6c,0x65,0x53,0x65,0x65,0x64,0x53,0x6d,0x70,0x3b,0x0a,0x0a,
    0x69,0x6e,0x20,0x68,0x69,0x67,0x68,0x70,0x20,0x76,0x65,0x63,0x32,0x20,0x75,0x76,
    0x3b,0x0a,0x6c,0x61,0x79,0x6f,0x75,0x74,0x28,0x6c,0x6f,0x63,0x61,0x74,0x69,0x6f,
    0x6e,0x20,0x3d,0x20,0x30,0x29,0x20,0x6f,0x75,0x74,0x20,0x68,0x69,0x67,0x68,0x70,
    0x20,0x76,0x65,0x63,0x34,0x20,0x66,0x72,0x61,0x67,0x5f,0x63,0x6f,0x6c,0x6f,0x72,
    0x3b,0x0a,0x0a,0x68,0x69,0x67,0x68,0x70,0x20,0x66,0x6c,0x6f,0x61,0x74,0x20,0x68,
    0x61,0x73,0x68,0x28,0x68,0x69,0x67,0x68,0x70,0x20,0x76,0x65,0x63,0x32,0x20,0x70,
    0x29,0x0a,0x7b,0x0a,0x20,0x20,0x20,0x20,0x72,0x65,0x74,0x75,0x72,0x6e,0x20,0x66,
    0x72,0x61,0x63,0x74,0x28,0x73,0x69,0x6e,0x28,0x64,0x6f,0x74,0x28,0x70,0x2c,0x20,
    0x76,0x65,0x63,0x32,0x28,0x31,0x32,0x37,0x2e,0x30,0x39,0x39,0x39,0x39,0x38,0x34,
    0x37,0x34,0x31,0x32,0x31,0x30,0x39,0x33,0x37,0x35,0x2c,0x20,0x33,0x31,0x31,0x2e,
    0x37,0x30,0x30,0x30,0x31,0x32,0x32,0x30,0x37,0x30,0x33,0x31,0x32,0x35,0x29,0x29,
    0x29,0x20,0x2a,0x20,0x34,0x33,0x37,0x35,0x38,0x2e,0x35,0x34,0x36,0x38,0x37,0x35,
    0x29,0x3b,0x0a,0x7d,0x0a,0x0a,0x76,0x6f,0x69,0x64,0x20,0x6d,0x61,0x69,0x6e,0x28,
    0x29,0x0a,0x7b,0x0a,0x20,0x20,0x20,0x20,0x68,0x69,0x67,0x68,0x70,0x20,0x76,0x65,
    0x63,0x34,0x20,0x5f,0x34,0x30,0x20,0x3d,0x20,0x74,0x65,0x78,0x74,0x75,0x72,0x65,
    0x28,0x70,0x61,0x72,0x74,0x69,0x63,0x6c,0x65,0x53,0x65,0x65,0x64,0x54,0x65,0x78,
    0x5f,0x70,0x61,0x72,0x74,0x69,0x63,0x6c,0x65,0x53,0x65,0x65,0x64,0x53,0x6d,0x70,
    0x2c,0x20,0x75,0x76,0x29,0x3b,0x0a,0x20,0x20,0x20,0x20,0x68,0x69,0x67,0x68,0x70,
    0x20,0x76,0x65,0x63,0x32,0x20,0x70,0x61,0x72,0x61,0x6d,0x20,0x3d,0x20,0x75,0x76,
    0x20,0x2b,0x20,0x70,0x61,0x72,0x74,0x69,0x63,0x6c,0x65,0x5f,0x70,0x61,0x72,0x61,
    0x6d,0x73,0x5b,0x33,0x5d,0x2e,0x78,0x79,0x3b,0x0a,0x20,0x20,0x20,0x20,0x68,0x69,
    0x67,0x68,0x70,0x20,0x76,0x65,0x63,0x32,0x20,0x70,0x61,0x72,0x61,0x6d,0x5f,0x31,
    0x20,0x3d,0x20,0x75,0x76,0x2e,0x79,0x78,0x20,0x2b,0x20,0x70,0x61,0x72,0x74,0x69,
    0x63,0x6c,0x65,0x5f,0x70,0x61,0x72,0x61,0x6d,0x73,0x5b,0x33,0x5d,0x2e,0x7a,0x77,
    0x3b,0x0a,0x20,0x20,0x20,0x20,0x66,0x72,0x61,0x67,0x5f,0x63,0x6f,0x6c,0x6f,0x72,
    0x20,0x3d,0x20,0x76,0x65,0x63,0x34,0x28,0x66,0x72,0x61,0x63,0x74,0x28,0x68,0x61,
    0x73,0x68,0x28,0x70,0x61,0x72,0x61,0x6d,0x29,0x20,0x2b,0x20,0x5f,0x34,0x30,0x2e,
    0x78,0x29,0x2c,0x20,0x66,0x72,0x61,0x63,0x74,0x28,0x68,0x61,0x73,0x68,0x28,0x70,
    0x61,0x72,0x61,0x6d,0x5f,0x31,0x29,0x20,0x2b,0x20,0x5f,0x34,0x30,0x2e,0x79,0x29,
    0x2c,0x20,0x30,0x2e,0x30,0x2c,0x20,0x31,0x2e,0x30,0x29,0x20,0x2a,0x20,0x70,0x61,
    0x72,0x74,0x69,0x63,0x6c,0x65,0x5f,0x70,0x61,0x72,0x61,0x6d,0x73,0x5b,0x30,0x5d,
    0x3b,0x0a,0x7d,0x0a,0x0a,0x00,
};
/*
    #version 300 es
    precision mediump float;
    precision highp int;

    uniform highp vec4 particle_params[4];
    uniform highp sampler2D particleStateTex_particleStateSmp;
    uniform highp sampler2D particleVelocityTex_particleVelocitySmp;

    in highp vec2 uv;
    layout(location = 0) out highp vec4 frag_color;

    void main()
    {
        highp vec4 _24 = texture(particleStateTex_particleStateSmp, uv);
        highp vec2 _28 = _24.xy;
        highp vec2 pos = _28 + (texture(particleVelocityTex_particleVelocitySmp, _28).xy * particle_params[3].x);
        bool _57 = particle_params[3].w > 0.5;
        bool _64;
        if (_57)
        {
            _64 = particle_params[3].w < 1.5;
        }
        else
        {
            _64 = _57;
        }
        if (_64)
        {
            highp vec2 _74 = particle_params[0].xy - pos;
            pos += (((_74 / vec2(max(length(_74), 0.0005000000237487256526947021484375))) * particle_params[0].z) * particle_params[3].y);
        }
        else
        {
            if (particle_params[3].w > 1.5)
            {
                highp vec2 _106 = pos - particle_params[0].xy;
                pos += (((_106 / vec2(max(length(_106), 0.0005000000237487256526947021484375))) * particle_params[0].z) * particle_params[3].y);
            }
        }
        pos = fract(pos);
        highp float _130 = _24.z + particle_params[3].y;
        highp float age = _130;
        if (_130 > particle_params[3].z)
        {
            pos = uv;
            age = 0.0;
        }
        frag_color = vec4(pos, age, 1.0);
    }

*/
static const uint8_t fs_particles_update_source_glsl300es[1406] = {
    0x23,0x76,0x65,0x72,0x73,0x69,0x6f,0x6e,0x20,0x33,0x30,0x30,0x20,0x65,0x73,0x0a,
    0x70,0x72,0x65,0x63,0x69,0x73,0x69,0x6f,0x6e,0x20,0x6d,0x65,0x64,0x69,0x75,0x6d,
    0x70,0x20,0x66,0x6c,0x6f,0x61,0x74,0x3b,0x0a,0x70,0x72,0x65,0x63,0x69,0x73,0x69,
    0x6f,0x6e,0x20,0x68,0x69,0x67,0x68,0x70,0x20,0x69,0x6e,0x74,0x3b,0x0a,0x0a,0x75,
    0x6e,0x69,0x66,0x6f,0x72,0x6d,0x20,0x68,0x69,0x67,0x68,0x70,0x20,0x76,0x65,0x63,
    0x34,0x20,0x70,0x61,0x72,0x74,0x69,0x63,0x6c,0x65,0x5f,0x70,0x61,0x72,0x61,0x6d,
    0x73,0x5b,0x34,0x5d,0x3b,0x0a,0x75,0x6e,0x69,0x66,0x6f,0x72,0x6d,0x20,0x68,0x69,
    0x67,0x68,0x70,0x20,0x73,0x61,0x6d,0x70,0x6c,0x65,0x72,0x32,0x44,0x20,0x70,0x61,
    0x72,0x74,0x69,0x63,0x6c,0x65,0x53,0x74,0x61,0x74,0x65,0x54,0x65,0x78,0x5f,0x70,
    0x61,0x72,0x74,0x69,0x63,0x6c,0x65,0x53,0x74,0x61,0x74,0x65,0x53,0x6d,0x70,0x3b,
    0x0a,0x75,0x6e,0x69,0x66,0x6f,0x72,0x6d,0x20,0x68,0x69,0x67,0x68,0x70,0x20,0x73,
    0x61,0x6d,0x70,0x6c,0x65,0x72,0x32,0x44,0x20,0x70,0x61,0x72,0x74,0x69,0x63,0x6c,
    0x65,0x56,0x65,0x6c,0x6f,0x63,0x69,0x74,0x79,0x54,0x65,0x78,0x5f,0x70,0x61,0x72,
    0x74,0x69,0x63,0x6c,0x65,0x56,0x65,0x6c,0x6f,0x63,0x69,0x74,0x79,0x53,0x6d,0x70,
    0x3b,0x0a,0x0a,0x69,0x6e,0x20,0x68,0x69,0x67,0x68,0x70,0x20,0x76,0x65,0x63,0x32,
    0x20,0x75,0x76,0x3b,0x0a,0x6c,0x61,0x79,0x6f,0x75,0x74,0x28,0x6c,0x6f,0x63,0x61,
    0x74,0x69,0x6f,0x6e,0x20,0x3d,0x20,0x30,0x29,0x20,0x6f,0x75,0x74,0x20,0x68,0x69,
    0x67,0x68,0x70,0x20,0x76,0x65,0x63,0x34,0x20,0x66,0x72,0x61,0x67,0x5f,0x63,0x6f,
    0x6c,0x6f,0x72,0x3b,0x0a,0x0a,0x76,0x6f,0x69,0x64,0x20,0x6d,0x61,0x69,0x6e,0x28,
    0x29,0x0a,0x7b,0x0a,0x20,0x20,0x20,0x20,0x68,0x69,0x67,0x68,0x70,0x20,0x76,0x65,
    0x63,0x34,0x20,0x5f,0x32,0x34,0x20,0x3d,0x20,0x74,0x65,0x78,0x74,0x75,0x72,0x65,
    0x28,0x70,0x61,0x72,0x74,0x69,0x63,0x6c,0x65,0x53,0x74,0x61,0x74,0x65,0x54,0x65,
    0x78,0x5f,0x70,0x61,0x72,0x74,0x69,0x63,0x6c,0x65,0x53,0x74,0x61,0x74,0x65,0x53,
    0x6d,0x70,0x2c,0x20,0x75,0x76,0x29,0x3b,0x0a,0x20,0x20,0x20,0x20,0x68,0x69,0x67,
    0x68,0x70,0x20,0x76,0x65,0x63,0x32,0x20,0x5f,0x32,0x38,0x20,0x3d,0x20,0x5f,0x32,
    0x34,0x2e,0x78,0x79,0x3b,0x0a,0x20,0x20,0x20,0x20,0x68,0x69,0x67,0x68,0x70,0x20,
    0x76,0x65,0x63,0x32,0x20,0x70,0x6f,0x73,0x20,0x3d,0x20,0x5f,0x32,0x38,0x20,0x2b,
    0x20,0x28,0x74,0x65,0x78,0x74,0x75,0x72,0x65,0x28,0x70,0x61,0x72,0x74,0x69,0x63,
    0x6c,0x65,0x56,0x65,0x6c,0x6f,0x63,0x69,0x74,0x79,0x54,0x65,0x78,0x5f,0x70,0x61,
    0x72,0x74,0x69,0x63,0x6c,0x65,0x56,0x65,0x6c,0x6f,0x63,0x69,0x74,0x79,0x53,0x6d,
    0x70,0x2c,0x20,0x5f,0x32,0x38,0x29,0x2e,0x78,0x79,0x20,0x2a,0x20,0x70,0x61,0x72,
    0x74,0x69,0x63,0x6c,0x65,0x5f,0x70,0x61,0x72,0x61,0x6d,0x73,0x5b,0x33,0x5d,0x2e,
    0x78,0x29,0x3b,0x0a,0x20,0x20,0x20,0x20,0x62,0x6f,0x6f,0x6c,0x20,0x5f,0x35,0x37,
    0x20,0x3d,0x20,0x70,0x61,0x72,0x74,0x69,0x63,0x6c,0x65,0x5f,0x70,0x61,0x72,0x61,
    0x6d,0x73,0x5b,0x33,0x5d,0x2e,0x77,0x20,0x3e,0x20,0x30,0x2e,0x35,0x3b,0x0a,0x20,
    0x20,0x20,0x20,0x62,0x6f,0x6f,0x6c,0x20,0x5f,0x36,0x34,0x3b,0x0a,0x20,0x20,0x20,
    0x20,0x69,0x66,0x20,0x28,0x5f,0x35,0x37,0x29,0x0a,0x20,0x20,0x20,0x20,0x7b,0x0a,
    0x20,0x20,0x20,0x20,0x20,0x20,0x20,0x20,0x5f,0x36,0x34,0x20,0x3d,0x20,0x70,0x61,
    0x72,0x74,0x69,0x63,0x6c,0x65,0x5f,0x70,0x61,0x72,0x61,0x6d,0x73,0x5b,0x33,0x5d,
    0x2e,0x77,0x20,0x3c,0x20,0x31,0x2e,0x35,0x3b,0x0a,0x20,0x20,0x20,0x20,0x7d,0x0a,
    0x20,0x20,0x20,0x20,0x65,0x6c,0x73,0x65,0x0a,0x20,0x20,0x20,0x20,0x7b,0x0a,0x20,
    0x20,0x20,0x20,0x20,0x20,0x20,0x20,0x5f,0x36,0x34,0x20,0x3d,0x20,0x5f,0x35,0x37,
    0x3b,0x0a,0x20,0x20,0x20,0x20,0x7d,0x0a,0x20,0x20,0x20,0x20,0x69,0x66,0x20,0x28,
    0x5f,0x36,0x34,0x29,0x0a,0x20,0x20,0x20,0x20,0x7b,0x0a,0x20,0x20,0x20,0x20,0x20,
    0x20,0x20,0x20,0x68,0x69,0x67,0x68,0x70,0x20,0x76,0x65,0x63,0x32,0x20,0x5f,0x37,
    0x34,0x20,0x3d,0x20,0x70,0x61,0x72,0x74,0x69,0x63,0x6c,0x65,0x5f,0x70,0x61,0x72,
    0x61,0x6d,0x73,0x5b,0x30,0x5d,0x2e,0x78,0x79,0x20,0x2d,0x20,0x70,0x6f,0x73,0x3b,
    0x0a,0x20,0x20,0x20,0x20,0x20,0x20,0x20,0x20,0x70,0x6f,0x73,0x20,0x2b,0x3d,0x20,
    0x28,0x28,0x28,0x5f,0x37,0x34,0x20,0x2f,0x20,0x76,0x65,0x63,0x32,0x28,0x6d,0x61,
    0x78,0x28,0x6c,0x65,0x6e,0x67,0x74,0x68,0x28,0x5f,0x37,0x34,0x29,0x2c,0x20,0x30,
    0x2e,0x30,0x30,0x30,0x35,0x30,0x30,0x30,0x30,0x30,0x30,0x32,0x33,0x37,0x34,0x38,
    0x37,0x32,0x35,0x36,0x35,0x32,0x36,0x39,0x34,0x37,0x30,0x32,0x31,0x34,0x38,0x34,
    0x33,0x37,0x35,0x29,0x29,0x29,0x20,0x2a,0x20,0x70,0x61,0x72,0x74,0x69,0x63,0x6c,
    0x65,0x5f,0x70,0x61,0x72,0x61,0x6d,0x73,0x5b,0x30,0x5d,0x2e,0x7a,0x29,0x20,0x2a,
    0x20,0x70,0x61,0x72,0x74,0x69,0x63,0x6c,0x65,0x5f,0x70,0x61,0x72,0x61,0x6d,0x73,
    0x5b,0x33,0x5d,0x2e,0x79,0x29,0x3b,0x0a,0x20,0x20,0x20,0x20,0x7d,0x0a,0x20,0x20,
    0x20,0x20,0x65,0x6c,0x73,0x65,0x0a,0x20,0x20,0x20,0x20,0x7b,0x0a,0x20,0x20,0x20,
    0x20,0x20,0x20,0x20,0x20,0x69,0x66,0x20,0x28,0x70,0x61,0x72,0x74,0x69,0x63,0x6c,
    0x65,0x5f,0x70,0x61,0x72,0x61,0x6d,0x73,0x5b,0x33,0x5d,0x2e,0x77,0x20,0x3e,0x20,
    0x31,0x2e,0x35,0x29,0x0a,0x20,0x20,0x20,0x20,0x20,0x20,0x20,0x20,0x7b,0x0a,0x20,
    0x20,0x20,0x20,0x20,0x20,0x20,0x20,0x20,0x20,0x20,0x20,0x68,0x69,0x67,0x68,0x70,
    0x20,0x76,0x65,0x63,0x32,0x20,0x5f,0x31,0x30,0x36,0x20,0x3d,0x20,0x70,0x6f,0x73,
    0x20,0x2d,0x20,0x70,0x61,0x72,0x74,0x69,0x63,0x6c,0x65,0x5f,0x70,0x61,0x72,0x61,
    0x6d,0x73,0x5b,0x30,0x5d,0x2e,0x78,0x79,0x3b,0x0a,0x20,0x20,0x20,0x20,0x20,0x20,
    0x20,0x20,0x20,0x20,0x20,0x20,0x70,0x6f,0x73,0x20,0x2b,0x3d,0x20,0x28,0x28,0x28,
    0x5f,0x31,0x30,0x36,0x20,0x2f,0x20,0x76,0x65,0x63,0x32,0x28,0x6d,0x61,0x78,0x28,
    0x6c,0x65,0x6e,0x67,0x74,0x68,0x28,0x5f,0x31,0x30,0x36,0x29,0x2c,0x20,0x30,0x2e,
    0x30,0x30,0x30,0x35,0x30,0x30,0x30,0x30,0x30,0x30,0x32,0x33,0x37,0x34,0x38,0x37,
    0x32,0x35,0x36,0x35,0x32,0x36,0x39,0x34,0x37,0x30,0x32,0x31,0x34,0x38,0x34,0x33,
    0x37,0x35,0x29,0x29,0x29,0x20,0x2a,0x20,0x70,0x61,0x72,0x74,0x69,0x63,0x6c,0x65,
    0x5f,0x70,0x61,0x72,0x61,0x6d,0x73,0x5b,0x30,0x5d,0x2e,0x7a,0x29,0x20,0x2a,0x20,
    0x70,0x61,0x72,0x74,0x69,0x63,0x6c,0x65,0x5f,0x70,0x61,0x72,0x61,0x6d,0x73,0x5b,
    0x33,0x5d,0x2e,0x79,0x29,0x3b,0x0a,0x20,0x20,0x20,0x20,0x20,0x20,0x20,0x20,0x7d,
    0x0a,0x20,0x20,0x20,0x20,0x7d,0x0a,0x20,0x20,0x20,0x20,0x70,0x6f,0x73,0x20,0x3d,
    0x20,0x66,0x72,0x61,0x63,0x74,0x28,0x70,0x6f,0x73,0x29,0x3b,0x0a,0x20,0x20,0x20,
    0x20,0x68,0x69,0x67,0x68,0x70,0x20,0x66,0x6c,0x6f,0x61,0x74,0x20,0x5f,0x31,0x33,
    0x30,0x20,0x3d,0x20,0x5f,0x32,0x34,0x2e,0x7a,0x20,0x2b,0x20,0x70,0x61,0x72,0x74,
    0x69,0x63,0x6c,0x65,0x5f,0x70,0x61,0x72,0x61,0x6d,0x73,0x5b,0x33,0x5d,0x2e,0x79,
    0x3b,0x0a,0x20,0x20,0x20,0x20,0x68,0x69,0x67,0x68,0x70,0x20,0x66,0x6c,0x6f,0x61,
    0x74,0x20,0x61,0x67,0x65,0x20,0x3d,0x20,0x5f,0x31,0x33,0x30,0x3b,0x0a,0x20,0x20,
    0x20,0x20,0x69,0x66,0x20,0x28,0x5f,0x31,0x33,0x30,0x20,0x3e,0x20,0x70,0x61,0x72,
    0x74,0x69,0x63,0x6c,0x65,0x5f,0x70,0x61,0x72,0x61,0x6d,0x73,0x5b,0x33,0x5d,0x2e,
    0x7a,0x29,0x0a,0x20,0x20,0x20,0x20,0x7b,0x0a,0x20,0x20,0x20,0x20,0x20,0x20,0x20,
    0x20,0x70,0x6f,0x73,0x20,0x3d,0x20,0x75,0x76,0x3b,0x0a,0x20,0x20,0x20,0x20,0x20,
    0x20,0x20,0x20,0x61,0x67,0x65,0x20,0x3d,0x20,0x30,0x2e,0x30,0x3b,0x0a,0x20,0x20,
    0x20,0x20,0x7d,0x0a,0x20,0x20,0x20,0x20,0x66,0x72,0x61,0x67,0x5f,0x63,0x6f,0x6c,
    0x6f,0x72,0x20,0x3d,0x20,0x76,0x65,0x63,0x34,0x28,0x70,0x6f,0x73,0x2c,0x20,0x61,
    0x67,0x65,0x2c,0x20,0x31,0x2e,0x30,0x29,0x3b,0x0a,0x7d,0x0a,0x0a,0x00,
};
/*
    #version 300 es
    precision mediump float;
    precision highp int;

    uniform highp vec4 particle_params[4];
    uniform highp sampler2D particleStateTex_particleStateSmp;

    in highp vec2 uv;
    layout(location = 0) out highp vec4 frag_color;

    void main()
    {
        frag_color = vec4(particle_params[0].xyz, particle_params[0].w * (1.0 - clamp(texture(particleStateTex_particleStateSmp, uv).z / max(particle_params[3].z, 9.9999997473787516355514526367188e-05), 0.0, 1.0)));
    }

*/
static const uint8_t fs_particles_render_source_glsl300es[459] = {
    0x23,0x76,0x65,0x72,0x73,0x69,0x6f,0x6e,0x20,0x33,0x30,0x30,0x20,0x65,0x73,0x0a,
    0x70,0x72,0x65,0x63,0x69,0x73,0x69,0x6f,0x6e,0x20,0x6d,0x65,0x64,0x69,0x75,0x6d,
    0x70,0x20,0x66,0x6c,0x6f,0x61,0x74,0x3b,0x0a,0x70,0x72,0x65,0x63,0x69,0x73,0x69,
    0x6f,0x6e,0x20,0x68,0x69,0x67,0x68,0x70,0x20,0x69,0x6e,0x74,0x3b,0x0a,0x0a,0x75,
    0x6e,0x69,0x66,0x6f,0x72,0x6d,0x20,0x68,0x69,0x67,0x68,0x70,0x20,0x76,0x65,0x63,
    0x34,0x20,0x70,0x61,0x72,0x74,0x69,0x63,0x6c,0x65,0x5f,0x70,0x61,0x72,0x61,0x6d,
    0x73,0x5b,0x34,0x5d,0x3b,0x0a,0x75,0x6e,0x69,0x66,0x6f,0x72,0x6d,0x20,0x68,0x69,
    0x67,0x68,0x70,0x20,0x73,0x61,0x6d,0x70,0x6c,0x65,0x72,0x32,0x44,0x20,0x70,0x61,
    0x72,0x74,0x69,0x63,0x6c,0x65,0x53,0x74,0x61,0x74,0x65,0x54,0x65,0x78,0x5f,0x70,
    0x61,0x72,0x74,0x69,0x63,0x6c,0x65,0x53,0x74,0x61,0x74,0x65,0x53,0x6d,0x70,0x3b,
    0x0a,0x0a,0x69,0x6e,0x20,0x68,0x69,0x67,0x68,0x70,0x20,0x76,0x65,0x63,0x32,0x20,
    0x75,0x76,0x3b,0x0a,0x6c,0x61,0x79,0x6f,0x75,0x74,0x28,0x6c,0x6f,0x63,0x61,0x74,
    0x69,0x6f,0x6e,0x20,0x3d,0x20,0x30,0x29,0x20,0x6f,0x75,0x74,0x20,0x68,0x69,0x67,
    0x68,0x70,0x20,0x76,0x65,0x63,0x34,0x20,0x66,0x72,0x61,0x67,0x5f,0x63,0x6f,0x6c,
    0x6f,0x72,0x3b,0x0a,0x0a,0x76,0x6f,0x69,0x64,0x20,0x6d,0x61,0x69,0x6e,0x28,0x29,
    0x0a,0x7b,0x0a,0x20,0x20,0x20,0x20,0x66,0x72,0x61,0x67,0x5f,0x63,0x6f,0x6c,0x6f,
    0x72,0x20,0x3d,0x20,0x76,0x65,0x63,0x34,0x28,0x70,0x61,0x72,0x74,0x69,0x63,0x6c,
    0x65,0x5f,0x70,0x61,0x72,0x61,0x6d,0x73,0x5b,0x30,0x5d,0x2e,0x78,0x79,0x7a,0x2c,
    0x20,0x70,0x61,0x72,0x74,0x69,0x63,0x6c,0x65,0x5f,0x70,0x61,0x72,0x61,0x6d,0x73,
    0x5b,0x30,0x5d,0x2e,0x77,0x20,0x2a,0x20,0x28,0x31,0x2e,0x30,0x20,0x2d,0x20,0x63,
    0x6c,0x61,0x6d,0x70,0x28,0x74,0x65,0x78,0x74,0x75,0x72,0x65,0x28,0x70,0x61,0x72,
    0x74,0x69,0x63,0x6c,0x65,0x53,0x74,0x61,0x74,0x65,0x54,0x65,0x78,0x5f,0x70,0x61,
    0x72,0x74,0x69,0x63,0x6c,0x65,0x53,0x74,0x61,0x74,0x65,0x53,0x6d,0x70,0x2c,0x20,
    0x75,0x76,0x29,0x2e,0x7a,0x20,0x2f,0x20,0x6d,0x61,0x78,0x28,0x70,0x61,0x72,0x74,
    0x69,0x63,0x6c,0x65,0x5f,0x70,0x61,0x72,0x61,0x6d,0x73,0x5b,0x33,0x5d,0x2e,0x7a,
    0x2c,0x20,0x39,0x2e,0x39,0x39,0x39,0x39,0x39,0x39,0x37,0x34,0x37,0x33,0x37,0x38,
    0x37,0x35,0x31,0x36,0x33,0x35,0x35,0x35,0x31,0x34,0x35,0x32,0x36,0x33,0x36,0x37,
    0x31,0x38,0x38,0x65,0x2d,0x30,0x35,0x29,0x2c,0x20,0x30,0x2e,0x30,0x2c,0x20,0x31,
    0x2e,0x30,0x29,0x29,0x29,0x3b,0x0a,0x7d,0x0a,0x0a,0x00,
};
/*
    static float4 gl_Position;
    static float2 position;
    static float2 uv;
    static float2 texcoord0;

    struct SPIRV_Cross_Input
    {
        float2 position : TEXCOORD0;
        float2 texcoord0 : TEXCOORD1;
    };

    struct SPIRV_Cross_Output
    {
        float2 uv : TEXCOORD0;
        float4 gl_Position : SV_Position;
    };

    void vert_main()
    {
        gl_Position = float4(position, 0.0f, 1.0f);
        uv = texcoord0;
    }

    SPIRV_Cross_Output main(SPIRV_Cross_Input stage_input)
    {
        position = stage_input.position;
        texcoord0 = stage_input.texcoord0;
        vert_main();
        SPIRV_Cross_Output stage_output;
        stage_output.gl_Position = gl_Position;
        stage_output.uv = uv;
        return stage_output;
    }
*/
static const uint8_t particles_vs_source_hlsl5[665] = {
    0x73,0x74,0x61,0x74,0x69,0x63,0x20,0x66,0x6c,0x6f,0x61,0x74,0x34,0x20,0x67,0x6c,
    0x5f,0x50,0x6f,0x73,0x69,0x74,0x69,0x6f,0x6e,0x3b,0x0a,0x73,0x74,0x61,0x74,0x69,
    0x63,0x20,0x66,0x6c,0x6f,0x61,0x74,0x32,0x20,0x70,0x6f,0x73,0x69,0x74,0x69,0x6f,
    0x6e,0x3b,0x0a,0x73,0x74,0x61,0x74,0x69,0x63,0x20,0x66,0x6c,0x6f,0x61,0x74,0x32,
    0x20,0x75,0x76,0x3b,0x0a,0x73,0x74,0x61,0x74,0x69,0x63,0x20,0x66,0x6c,0x6f,0x61,
    0x74,0x32,0x20,0x74,0x65,0x78,0x63,0x6f,0x6f,0x72,0x64,0x30,0x3b,0x0a,0x0a,0x73,
    0x74,0x72,0x75,0x63,0x74,0x20,0x53,0x50,0x49,0x52,0x56,0x5f,0x43,0x72,0x6f,0x73,
    0x73,0x5f,0x49,0x6e,0x70,0x75,0x74,0x0a,0x7b,0x0a,0x20,0x20,0x20,0x20,0x66,0x6c,
    0x6f,0x61,0x74,0x32,0x20,0x70,0x6f,0x73,0x69,0x74,0x69,0x6f,0x6e,0x20,0x3a,0x20,
    0x54,0x45,0x58,0x43,0x4f,0x4f,0x52,0x44,0x30,0x3b,0x0a,0x20,0x20,0x20,0x20,0x66,
    0x6c,0x6f,0x61,0x74,0x32,0x20,0x74,0x65,0x78,0x63,0x6f,0x6f,0x72,0x64,0x30,0x20,
    0x3a,0x20,0x54,0x45,0x58,0x43,0x4f,0x4f,0x52,0x44,0x31,0x3b,0x0a,0x7d,0x3b,0x0a,
    0x0a,0x73,0x74,0x72,0x75,0x63,0x74,0x20,0x53,0x50,0x49,0x52,0x56,0x5f,0x43,0x72,
    0x6f,0x73,0x73,0x5f,0x4f,0x75,0x74,0x70,0x75,0x74,0x0a,0x7b,0x0a,0x20,0x20,0x20,
    0x20,0x66,0x6c,0x6f,0x61,0x74,0x32,0x20,0x75,0x76,0x20,0x3a,0x20,0x54,0x45,0x58,
    0x43,0x4f,0x4f,0x52,0x44,0x30,0x3b,0x0a,0x20,0x20,0x20,0x20,0x66,0x6c,0x6f,0x61,
    0x74,0x34,0x20,0x67,0x6c,0x5f,0x50,0x6f,0x73,0x69,0x74,0x69,0x6f,0x6e,0x20,0x3a,
    0x20,0x53,0x56,0x5f,0x50,0x6f,0x73,0x69,0x74,0x69,0x6f,0x6e,0x3b,0x0a,0x7d,0x3b,
    0x0a,0x0a,0x76,0x6f,0x69,0x64,0x20,0x76,0x65,0x72,0x74,0x5f,0x6d,0x61,0x69,0x6e,
    0x28,0x29,0x0a,0x7b,0x0a,0x20,0x20,0x20,0x20,0x67,0x6c,0x5f,0x50,0x6f,0x73,0x69,
    0x74,0x69,0x6f,0x6e,0x20,0x3d,0x20,0x66,0x6c,0x6f,0x61,0x74,0x34,0x28,0x70,0x6f,
    0x73,0x69,0x74,0x69,0x6f,0x6e,0x2c,0x20,0x30,0x2e,0x30,0x66,0x2c,0x20,0x31,0x2e,
    0x30,0x66,0x29,0x3b,0x0a,0x20,0x20,0x20,0x20,0x75,0x76,0x20,0x3d,0x20,0x74,0x65,
    0x78,0x63,0x6f,0x6f,0x72,0x64,0x30,0x3b,0x0a,0x7d,0x0a,0x0a,0x53,0x50,0x49,0x52,
    0x56,0x5f,0x43,0x72,0x6f,0x73,0x73,0x5f,0x4f,0x75,0x74,0x70,0x75,0x74,0x20,0x6d,
    0x61,0x69,0x6e,0x28,0x53,0x50,0x49,0x52,0x56,0x5f,0x43,0x72,0x6f,0x73,0x73,0x5f,
    0x49,0x6e,0x70,0x75,0x74,0x20,0x73,0x74,0x61,0x67,0x65,0x5f,0x69,0x6e,0x70,0x75,
    0x74,0x29,0x0a,0x7b,0x0a,0x20,0x20,0x20,0x20,0x70,0x6f,0x73,0x69,0x74,0x69,0x6f,
    0x6e,0x20,0x3d,0x20,0x73,0x74,0x61,0x67,0x65,0x5f,0x69,0x6e,0x70,0x75,0x74,0x2e,
    0x70,0x6f,0x73,0x69,0x74,0x69,0x6f,0x6e,0x3b,0x0a,0x20,0x20,0x20,0x20,0x74,0x65,
    0x78,0x63,0x6f,0x6f,0x72,0x64,0x30,0x20,0x3d,0x20,0x73,0x74,0x61,0x67,0x65,0x5f,
    0x69,0x6e,0x70,0x75,0x74,0x2e,0x74,0x65,0x78,0x63,0x6f,0x6f,0x72,0x64,0x30,0x3b,
    0x0a,0x20,0x20,0x20,0x20,0x76,0x65,0x72,0x74,0x5f,0x6d,0x61,0x69,0x6e,0x28,0x29,
    0x3b,0x0a,0x20,0x20,0x20,0x20,0x53,0x50,0x49,0x52,0x56,0x5f,0x43,0x72,0x6f,0x73,
    0x73,0x5f,0x4f,0x75,0x74,0x70,0x75,0x74,0x20,0x73,0x74,0x61,0x67,0x65,0x5f,0x6f,
    0x75,0x74,0x70,0x75,0x74,0x3b,0x0a,0x20,0x20,0x20,0x20,0x73,0x74,0x61,0x67,0x65,
    0x5f,0x6f,0x75,0x74,0x70,0x75,0x74,0x2e,0x67,0x6c,0x5f,0x50,0x6f,0x73,0x69,0x74,
    0x69,0x6f,0x6e,0x20,0x3d,0x20,0x67,0x6c,0x5f,0x50,0x6f,0x73,0x69,0x74,0x69,0x6f,
    0x6e,0x3b,0x0a,0x20,0x20,0x20,0x20,0x73,0x74,0x61,0x67,0x65,0x5f,0x6f,0x75,0x74,
    0x70,0x75,0x74,0x2e,0x75,0x76,0x20,0x3d,0x20,0x75,0x76,0x3b,0x0a,0x20,0x20,0x20,
    0x20,0x72,0x65,0x74,0x75,0x72,0x6e,0x20,0x73,0x74,0x61,0x67,0x65,0x5f,0x6f,0x75,
    0x74,0x70,0x75,0x74,0x3b,0x0a,0x7d,0x0a,0x00,
};
/*
    cbuffer particle_point_params : register(b0)
    {
        float4 _30_color : packoffset(c0);
        float4 _30_resolution : packoffset(c1);
        float4 _30_texel : packoffset(c2);
        float4 _30_options : packoffset(c3);
    };

    Texture2D<float4> particlePointStateTex : register(t0);
    SamplerState particlePointStateSmp : register(s0);

    static float4 gl_Position;
    static float2 lookup;
    static float2 corner;
    static float4 v_color;

    struct SPIRV_Cross_Input
    {
        float2 lookup : TEXCOORD0;
        float2 corner : TEXCOORD1;
    };

    struct SPIRV_Cross_Output
    {
        float4 v_color : TEXCOORD0;
        float4 gl_Position : SV_Position;
    };

    void vert_main()
    {
        float4 _25 = particlePointStateTex.SampleLevel(particlePointStateSmp, lookup, 0.0f);
        float2 _68 = ((((_30_texel.xy + (_25.xy * _30_resolution.zw)) + (corner * _30_options.w)) / max(_30_resolution.xy, 1.0f.xx)) * 2.0f) - 1.0f.xx;
        v_color = float4(_30_color.xyz, _30_color.w * (1.0f - clamp(_25.z / max(_30_options.z, 9.9999997473787516355514526367188e-05f), 0.0f, 1.0f)));
        gl_Position = float4(_68.x, -_68.y, 0.0f, 1.0f);
    }

    SPIRV_Cross_Output main(SPIRV_Cross_Input stage_input)
    {
        lookup = stage_input.lookup;
        corner = stage_input.corner;
        vert_main();
        SPIRV_Cross_Output stage_output;
        stage_output.gl_Position = gl_Position;
        stage_output.v_color = v_color;
        return stage_output;
    }
*/
static const uint8_t particle_points_vs_source_hlsl5[1356] = {
    0x63,0x62,0x75,0x66,0x66,0x65,0x72,0x20,0x70,0x61,0x72,0x74,0x69,0x63,0x6c,0x65,
    0x5f,0x70,0x6f,0x69,0x6e,0x74,0x5f,0x70,0x61,0x72,0x61,0x6d,0x73,0x20,0x3a,0x20,
    0x72,0x65,0x67,0x69,0x73,0x74,0x65,0x72,0x28,0x62,0x30,0x29,0x0a,0x7b,0x0a,0x20,
    0x20,0x20,0x20,0x66,0x6c,0x6f,0x61,0x74,0x34,0x20,0x5f,0x33,0x30,0x5f,0x63,0x6f,
    0x6c,0x6f,0x72,0x20,0x3a,0x20,0x70,0x61,0x63,0x6b,0x6f,0x66,0x66,0x73,0x65,0x74,
    0x28,0x63,0x30,0x29,0x3b,0x0a,0x20,0x20,0x20,0x20,0x66,0x6c,0x6f,0x61,0x74,0x34,
    0x20,0x5f,0x33,0x30,0x5f,0x72,0x65,0x73,0x6f,0x6c,0x75,0x74,0x69,0x6f,0x6e,0x20,
    0x3a,0x20,0x70,0x61,0x63,0x6b,0x6f,0x66,0x66,0x73,0x65,0x74,0x28,0x63,0x31,0x29,
    0x3b,0x0a,0x20,0x20,0x20,0x20,0x66,0x6c,0x6f,0x61,0x74,0x34,0x20,0x5f,0x33,0x30,
    0x5f,0x74,0x65,0x78,0x65,0x6c,0x20,0x3a,0x20,0x70,0x61,0x63,0x6b,0x6f,0x66,0x66,
    0x73,0x65,0x74,0x28,0x63,0x32,0x29,0x3b,0x0a,0x20,0x20,0x20,0x20,0x66,0x6c,0x6f,
    0x61,0x74,0x34,0x20,0x5f,0x33,0x30,0x5f,0x6f,0x70,0x74,0x69,0x6f,0x6e,0x73,0x20,
    0x3a,0x20,0x70,0x61,0x63,0x6b,0x6f,0x66,0x66,0x73,0x65,0x74,0x28,0x63,0x33,0x29,
    0x3b,0x0a,0x7d,0x3b,0x0a,0x0a,0x54,0x65,0x78,0x74,0x75,0x72,0x65,0x32,0x44,0x3c,
    0x66,0x6c,0x6f,0x61,0x74,0x34,0x3e,0x20,0x70,0x61,0x72,0x74,0x69,0x63,0x6c,0x65,
    0x50,0x6f,0x69,0x6e,0x74,0x53,0x74,0x61,0x74,0x65,0x54,0x65,0x78,0x20,0x3a,0x20,
    0x72,0x65,0x67,0x69,0x73,0x74,0x65,0x72,0x28,0x74,0x30,0x29,0x3b,0x0a,0x53,0x61,
    0x6d,0x70,0x6c,0x65,0x72,0x53,0x74,0x61,0x74,0x65,0x20,0x70,0x61,0x72,0x74,0x69,
    0x63,0x6c,0x65,0x50,0x6f,0x69,0x6e,0x74,0x53,0x74,0x61,0x74,0x65,0x53,0x6d,0x70,
    0x20,0x3a,0x20,0x72,0x65,0x67,0x69,0x73,0x74,0x65,0x72,0x28,0x73,0x30,0x29,0x3b,
    0x0a,0x0a,0x73,0x74,0x61,0x74,0x69,0x63,0x20,0x66,0x6c,0x6f,0x61,0x74,0x34,0x20,
    0x67,0x6c,0x5f,0x50,0x6f,0x73,0x69,0x74,0x69,0x6f,0x6e,0x3b,0x0a,0x73,0x74,0x61,
    0x74,0x69,0x63,0x20,0x66,0x6c,0x6f,0x61,0x74,0x32,0x20,0x6c,0x6f,0x6f,0x6b,0x75,
    0x70,0x3b,0x0a,0x73,0x74,0x61,0x74,0x69,0x63,0x20,0x66,0x6c,0x6f,0x61,0x74,0x32,
    0x20,0x63,0x6f,0x72,0x6e,0x65,0x72,0x3b,0x0a,0x73,0x74,0x61,0x74,0x69,0x63,0x20,
    0x66,0x6c,0x6f,0x61,0x74,0x34,0x20,0x76,0x5f,0x63,0x6f,0x6c,0x6f,0x72,0x3b,0x0a,
    0x0a,0x73,0x74,0x72,0x75,0x63,0x74,0x20,0x53,0x50,0x49,0x52,0x56,0x5f,0x43,0x72,
    0x6f,0x73,0x73,0x5f,0x49,0x6e,0x70,0x75,0x74,0x0a,0x7b,0x0a,0x20,0x20,0x20,0x20,
    0x66,0x6c,0x6f,0x61,0x74,0x32,0x20,0x6c,0x6f,0x6f,0x6b,0x75,0x70,0x20,0x3a,0x20,
    0x54,0x45,0x58,0x43,0x4f,0x4f,0x52,0x44,0x30,0x3b,0x0a,0x20,0x20,0x20,0x20,0x66,
    0x6c,0x6f,0x61,0x74,0x32,0x20,0x63,0x6f,0x72,0x6e,0x65,0x72,0x20,0x3a,0x20,0x54,
    0x45,0x58,0x43,0x4f,0x4f,0x52,0x44,0x31,0x3b,0x0a,0x7d,0x3b,0x0a,0x0a,0x73,0x74,
    0x72,0x75,0x63,0x74,0x20,0x53,0x50,0x49,0x52,0x56,0x5f,0x43,0x72,0x6f,0x73,0x73,
    0x5f,0x4f,0x75,0x74,0x70,0x75,0x74,0x0a,0x7b,0x0a,0x20,0x20,0x20,0x20,0x66,0x6c,
    0x6f,0x61,0x74,0x34,0x20,0x76,0x5f,0x63,0x6f,0x6c,0x6f,0x72,0x20,0x3a,0x20,0x54,
    0x45,0x58,0x43,0x4f,0x4f,0x52,0x44,0x30,0x3b,0x0a,0x20,0x20,0x20,0x20,0x66,0x6c,
    0x6f,0x61,0x74,0x34,0x20,0x67,0x6c,0x5f,0x50,0x6f,0x73,0x69,0x74,0x69,0x6f,0x6e,
    0x20,0x3a,0x20,0x53,0x56,0x5f,0x50,0x6f,0x73,0x69,0x74,0x69,0x6f,0x6e,0x3b,0x0a,
    0x7d,0x3b,0x0a,0x0a,0x76,0x6f,0x69,0x64,0x20,0x76,0x65,0x72,0x74,0x5f,0x6d,0x61,
    0x69,0x6e,0x28,0x29,0x0a,0x7b,0x0a,0x20,0x20,0x20,0x20,0x66,0x6c,0x6f,0x61,0x74,
    0x34,0x20,0x5f,0x32,0x35,0x20,0x3d,0x20,0x70,0x61,0x72,0x74,0x69,0x63,0x6c,0x65,
    0x50,0x6f,0x69,0x6e,0x74,0x53,0x74,0x61,0x74,0x65,0x54,0x65,0x78,0x2e,0x53,0x61,
    0x6d,0x70,0x6c,0x65,0x4c,0x65,0x76,0x65,0x6c,0x28,0x70,0x61,0x72,0x74,0x69,0x63,
    0x6c,0x65,0x50,0x6f,0x69,0x6e,0x74,0x53,0x74,0x61,0x74,0x65,0x53,0x6d,0x70,0x2c,
    0x20,0x6c,0x6f,0x6f,0x6b,0x75,0x70,0x2c,0x20,0x30,0x2e,0x30,0x66,0x29,0x3b,0x0a,
    0x20,0x20,0x20,0x20,0x66,0x6c,0x6f,0x61,0x74,0x32,0x20,0x5f,0x36,0x38,0x20,0x3d,
    0x20,0x28,0x28,0x28,0x28,0x5f,0x33,0x30,0x5f,0x74,0x65,0x78,0x65,0x6c,0x2e,0x78,
    0x79,0x20,0x2b,0x20,0x28,0x5f,0x32,0x35,0x2e,0x78,0x79,0x20,0x2a,0x20,0x5f,0x33,
    0x30,0x5f,0x72,0x65,0x73,0x6f,0x6c,0x75,0x74,0x69,0x6f,0x6e,0x2e,0x7a,0x77,0x29,
    0x29,0x20,0x2b,0x20,0x28,0x63,0x6f,0x72,0x6e,0x65,0x72,0x20,0x2a,0x20,0x5f,0x33,
    0x30,0x5f,0x6f,0x70,0x74,0x69,0x6f,0x6e,0x73,0x2e,0x77,0x29,0x29,0x20,0x2f,0x20,
    0x6d,0x61,0x78,0x28,0x5f,0x33,0x30,0x5f,0x72,0x65,0x73,0x6f,0x6c,0x75,0x74,0x69,
    0x6f,0x6e,0x2e,0x78,0x79,0x2c,0x20,0x31,0x2e,0x30,0x66,0x2e,0x78,0x78,0x29,0x29,
    0x20,0x2a,0x20,0x32,0x2e,0x30,0x66,0x29,0x20,0x2d,0x20,0x31,0x2e,0x30,0x66,0x2e,
    0x78,0x78,0x3b,0x0a,0x20,0x20,0x20,0x20,0x76,0x5f,0x63,0x6f,0x6c,0x6f,0x72,0x20,
    0x3d,0x20,0x66,0x6c,0x6f,0x61,0x74,0x34,0x28,0x5f,0x33,0x30,0x5f,0x63,0x6f,0x6c,
    0x6f,0x72,0x2e,0x78,0x79,0x7a,0x2c,0x20,0x5f,0x33,0x30,0x5f,0x63,0x6f,0x6c,0x6f,
    0x72,0x2e,0x77,0x20,0x2a,0x20,0x28,0x31,0x2e,0x30,0x66,0x20,0x2d,0x20,0x63,0x6c,
    0x61,0x6d,0x70,0x28,0x5f,0x32,0x35,0x2e,0x7a,0x20,0x2f,0x20,0x6d,0x61,0x78,0x28,
    0x5f,0x33,0x30,0x5f,0x6f,0x70,0x74,0x69,0x6f,0x6e,0x73,0x2e,0x7a,0x2c,0x20,0x39,
    0x2e,0x39,0x39,0x39,0x39,0x39,0x39,0x37,0x34,0x37,0x33,0x37,0x38,0x37,0x35,0x31,
    0x36,0x33,0x35,0x35,0x35,0x31,0x34,0x35,0x32,0x36,0x33,0x36,0x37,0x31,0x38,0x38,
    0x65,0x2d,0x30,0x35,0x66,0x29,0x2c,0x20,0x30,0x2e,0x30,0x66,0x2c,0x20,0x31,0x2e,
    0x30,0x66,0x29,0x29,0x29,0x3b,0x0a,0x20,0x20,0x20,0x20,0x67,0x6c,0x5f,0x50,0x6f,
    0x73,0x69,0x74,0x69,0x6f,0x6e,0x20,0x3d,0x20,0x66,0x6c,0x6f,0x61,0x74,0x34,0x28,
    0x5f,0x36,0x38,0x2e,0x78,0x2c,0x20,0x2d,0x5f,0x36,0x38,0x2e,0x79,0x2c,0x20,0x30,
    0x2e,0x30,0x66,0x2c,0x20,0x31,0x2e,0x30,0x66,0x29,0x3b,0x0a,0x7d,0x0a,0x0a,0x53,
    0x50,0x49,0x52,0x56,0x5f,0x43,0x72,0x6f,0x73,0x73,0x5f,0x4f,0x75,0x74,0x70,0x75,
    0x74,0x20,0x6d,0x61,0x69,0x6e,0x28,0x53,0x50,0x49,0x52,0x56,0x5f,0x43,0x72,0x6f,
    0x73,0x73,0x5f,0x49,0x6e,0x70,0x75,0x74,0x20,0x73,0x74,0x61,0x67,0x65,0x5f,0x69,
    0x6e,0x70,0x75,0x74,0x29,0x0a,0x7b,0x0a,0x20,0x20,0x20,0x20,0x6c,0x6f,0x6f,0x6b,
    0x75,0x70,0x20,0x3d,0x20,0x73,0x74,0x61,0x67,0x65,0x5f,0x69,0x6e,0x70,0x75,0x74,
    0x2e,0x6c,0x6f,0x6f,0x6b,0x75,0x70,0x3b,0x0a,0x20,0x20,0x20,0x20,0x63,0x6f,0x72,
    0x6e,0x65,0x72,0x20,0x3d,0x20,0x73,0x74,0x61,0x67,0x65,0x5f,0x69,0x6e,0x70,0x75,
    0x74,0x2e,0x63,0x6f,0x72,0x6e,0x65,0x72,0x3b,0x0a,0x20,0x20,0x20,0x20,0x76,0x65,
    0x72,0x74,0x5f,0x6d,0x61,0x69,0x6e,0x28,0x29,0x3b,0x0a,0x20,0x20,0x20,0x20,0x53,
    0x50,0x49,0x52,0x56,0x5f,0x43,0x72,0x6f,0x73,0x73,0x5f,0x4f,0x75,0x74,0x70,0x75,
    0x74,0x20,0x73,0x74,0x61,0x67,0x65,0x5f,0x6f,0x75,0x74,0x70,0x75,0x74,0x3b,0x0a,
    0x20,0x20,0x20,0x20,0x73,0x74,0x61,0x67,0x65,0x5f,0x6f,0x75,0x74,0x70,0x75,0x74,
    0x2e,0x67,0x6c,0x5f,0x50,0x6f,0x73,0x69,0x74,0x69,0x6f,0x6e,0x20,0x3d,0x20,0x67,
    0x6c,0x5f,0x50,0x6f,0x73,0x69,0x74,0x69,0x6f,0x6e,0x3b,0x0a,0x20,0x20,0x20,0x20,
    0x73,0x74,0x61,0x67,0x65,0x5f,0x6f,0x75,0x74,0x70,0x75,0x74,0x2e,0x76,0x5f,0x63,
    0x6f,0x6c,0x6f,0x72,0x20,0x3d,0x20,0x76,0x5f,0x63,0x6f,0x6c,0x6f,0x72,0x3b,0x0a,
    0x20,0x20,0x20,0x20,0x72,0x65,0x74,0x75,0x72,0x6e,0x20,0x73,0x74,0x61,0x67,0x65,
    0x5f,0x6f,0x75,0x74,0x70,0x75,0x74,0x3b,0x0a,0x7d,0x0a,0x00,
};
/*
    static float4 frag_color;
    static float4 v_color;

    struct SPIRV_Cross_Input
    {
        float4 v_color : TEXCOORD0;
    };

    struct SPIRV_Cross_Output
    {
        float4 frag_color : SV_Target0;
    };

    void frag_main()
    {
        frag_color = v_color;
    }

    SPIRV_Cross_Output main(SPIRV_Cross_Input stage_input)
    {
        v_color = stage_input.v_color;
        frag_main();
        SPIRV_Cross_Output stage_output;
        stage_output.frag_color = frag_color;
        return stage_output;
    }
*/
static const uint8_t fs_particle_points_source_hlsl5[445] = {
    0x73,0x74,0x61,0x74,0x69,0x63,0x20,0x66,0x6c,0x6f,0x61,0x74,0x34,0x20,0x66,0x72,
    0x61,0x67,0x5f,0x63,0x6f,0x6c,0x6f,0x72,0x3b,0x0a,0x73,0x74,0x61,0x74,0x69,0x63,
    0x20,0x66,0x6c,0x6f,0x61,0x74,0x34,0x20,0x76,0x5f,0x63,0x6f,0x6c,0x6f,0x72,0x3b,
    0x0a,0x0a,0x73,0x74,0x72,0x75,0x63,0x74,0x20,0x53,0x50,0x49,0x52,0x56,0x5f,0x43,
    0x72,0x6f,0x73,0x73,0x5f,0x49,0x6e,0x70,0x75,0x74,0x0a,0x7b,0x0a,0x20,0x20,0x20,
    0x20,0x66,0x6c,0x6f,0x61,0x74,0x34,0x20,0x76,0x5f,0x63,0x6f,0x6c,0x6f,0x72,0x20,
    0x3a,0x20,0x54,0x45,0x58,0x43,0x4f,0x4f,0x52,0x44,0x30,0x3b,0x0a,0x7d,0x3b,0x0a,
    0x0a,0x73,0x74,0x72,0x75,0x63,0x74,0x20,0x53,0x50,0x49,0x52,0x56,0x5f,0x43,0x72,
    0x6f,0x73,0x73,0x5f,0x4f,0x75,0x74,0x70,0x75,0x74,0x0a,0x7b,0x0a,0x20,0x20,0x20,
    0x20,0x66,0x6c,0x6f,0x61,0x74,0x34,0x20,0x66,0x72,0x61,0x67,0x5f,0x63,0x6f,0x6c,
    0x6f,0x72,0x20,0x3a,0x20,0x53,0x56,0x5f,0x54,0x61,0x72,0x67,0x65,0x74,0x30,0x3b,
    0x0a,0x7d,0x3b,0x0a,0x0a,0x76,0x6f,0x69,0x64,0x20,0x66,0x72,0x61,0x67,0x5f,0x6d,
    0x61,0x69,0x6e,0x28,0x29,0x0a,0x7b,0x0a,0x20,0x20,0x20,0x20,0x66,0x72,0x61,0x67,
    0x5f,0x63,0x6f,0x6c,0x6f,0x72,0x20,0x3d,0x20,0x76,0x5f,0x63,0x6f,0x6c,0x6f,0x72,
    0x3b,0x0a,0x7d,0x0a,0x0a,0x53,0x50,0x49,0x52,0x56,0x5f,0x43,0x72,0x6f,0x73,0x73,
    0x5f,0x4f,0x75,0x74,0x70,0x75,0x74,0x20,0x6d,0x61,0x69,0x6e,0x28,0x53,0x50,0x49,
    0x52,0x56,0x5f,0x43,0x72,0x6f,0x73,0x73,0x5f,0x49,0x6e,0x70,0x75,0x74,0x20,0x73,
    0x74,0x61,0x67,0x65,0x5f,0x69,0x6e,0x70,0x75,0x74,0x29,0x0a,0x7b,0x0a,0x20,0x20,
    0x20,0x20,0x76,0x5f,0x63,0x6f,0x6c,0x6f,0x72,0x20,0x3d,0x20,0x73,0x74,0x61,0x67,
    0x65,0x5f,0x69,0x6e,0x70,0x75,0x74,0x2e,0x76,0x5f,0x63,0x6f,0x6c,0x6f,0x72,0x3b,
    0x0a,0x20,0x20,0x20,0x20,0x66,0x72,0x61,0x67,0x5f,0x6d,0x61,0x69,0x6e,0x28,0x29,
    0x3b,0x0a,0x20,0x20,0x20,0x20,0x53,0x50,0x49,0x52,0x56,0x5f,0x43,0x72,0x6f,0x73,
    0x73,0x5f,0x4f,0x75,0x74,0x70,0x75,0x74,0x20,0x73,0x74,0x61,0x67,0x65,0x5f,0x6f,
    0x75,0x74,0x70,0x75,0x74,0x3b,0x0a,0x20,0x20,0x20,0x20,0x73,0x74,0x61,0x67,0x65,
    0x5f,0x6f,0x75,0x74,0x70,0x75,0x74,0x2e,0x66,0x72,0x61,0x67,0x5f,0x63,0x6f,0x6c,
    0x6f,0x72,0x20,0x3d,0x20,0x66,0x72,0x61,0x67,0x5f,0x63,0x6f,0x6c,0x6f,0x72,0x3b,
    0x0a,0x20,0x20,0x20,0x20,0x72,0x65,0x74,0x75,0x72,0x6e,0x20,0x73,0x74,0x61,0x67,
    0x65,0x5f,0x6f,0x75,0x74,0x70,0x75,0x74,0x3b,0x0a,0x7d,0x0a,0x00,
};
/*
    cbuffer particle_params : register(b0)
    {
        float4 _46_color : packoffset(c0);
        float4 _46_resolution : packoffset(c1);
        float4 _46_texel : packoffset(c2);
        float4 _46_options : packoffset(c3);
    };

    Texture2D<float4> particleSeedTex : register(t0);
    SamplerState particleSeedSmp : register(s0);

    static float2 uv;
    static float4 frag_color;

    struct SPIRV_Cross_Input
    {
        float2 uv : TEXCOORD0;
    };

    struct SPIRV_Cross_Output
    {
        float4 frag_color : SV_Target0;
    };

    float hash(float2 p)
    {
        return frac(sin(dot(p, float2(127.09999847412109375f, 311.70001220703125f))) * 43758.546875f);
    }

    void frag_main()
    {
        float4 _40 = particleSeedTex.Sample(particleSeedSmp, uv);
        float2 param = uv + _46_options.xy;
        float2 param_1 = uv.yx + _46_options.zw;
        frag_color = float4(frac(hash(param) + _40.x), frac(hash(param_1) + _40.y), 0.0f, 1.0f) * _46_color;
    }

    SPIRV_Cross_Output main(SPIRV_Cross_Input stage_input)
    {
        uv = stage_input.uv;
        frag_main();
        SPIRV_Cross_Output stage_output;
        stage_output.frag_color = frag_color;
        return stage_output;
    }
*/
static const uint8_t fs_particles_spawn_source_hlsl5[1080] = {
    0x63,0x62,0x75,0x66,0x66,0x65,0x72,0x20,0x70,0x61,0x72,0x74,0x69,0x63,0x6c,0x65,
    0x5f,0x70,0x61,0x72,0x61,0x6d,0x73,0x20,0x3a,0x20,0x72,0x65,0x67,0x69,0x73,0x74,
    0x65,0x72,0x28,0x62,0x30,0x29,0x0a,0x7b,0x0a,0x20,0x20,0x20,0x20,0x66,0x6c,0x6f,
    0x61,0x74,0x34,0x20,0x5f,0x34,0x36,0x5f,0x63,0x6f,0x6c,0x6f,0x72,0x20,0x3a,0x20,
    0x70,0x61,0x63,0x6b,0x6f,0x66,0x66,0x73,0x65,0x74,0x28,0x63,0x30,0x29,0x3b,0x0a,
    0x20,0x20,0x20,0x20,0x66,0x6c,0x6f,0x61,0x74,0x34,0x20,0x5f,0x34,0x36,0x5f,0x72,
    0x65,0x73,0x6f,0x6c,0x75,0x74,0x69,0x6f,0x6e,0x20,0x3a,0x20,0x70,0x61,0x63,0x6b,
    0x6f,0x66,0x66,0x73,0x65,0x74,0x28,0x63,0x31,0x29,0x3b,0x0a,0x20,0x20,0x20,0x20,
    0x66,0x6c,0x6f,0x61,0x74,0x34,0x20,0x5f,0x34,0x36,0x5f,0x74,0x65,0x78,0x65,0x6c,
    0x20,0x3a,0x20,0x70,0x61,0x63,0x6b,0x6f,0x66,0x66,0x73,0x65,0x74,0x28,0x63,0x32,
    0x29,0x3b,0x0a,0x20,0x20,0x20,0x20,0x66,0x6c,0x6f,0x61,0x74,0x34,0x20,0x5f,0x34,
    0x36,0x5f,0x6f,0x70,0x74,0x69,0x6f,0x6e,0x73,0x20,0x3a,0x20,0x70,0x61,0x63,0x6b,
    0x6f,0x66,0x66,0x73,0x65,0x74,0x28,0x63,0x33,0x29,0x3b,0x0a,0x7d,0x3b,0x0a,0x0a,
    0x54,0x65,0x78,0x74,0x75,0x72,0x65,0x32,0x44,0x3c,0x66,0x6c,0x6f,0x61,0x74,0x34,
    0x3e,0x20,0x70,0x61,0x72,0x74,0x69,0x63,0x6c,0x65,0x53,0x65,0x65,0x64,0x54,0x65,
    0x78,0x20,0x3a,0x20,0x72,0x65,0x67,0x69,0x73,0x74,0x65,0x72,0x28,0x74,0x30,0x29,
    0x3b,0x0a,0x53,0x61,0x6d,0x70,0x6c,0x65,0x72,0x53,0x74,0x61,0x74,0x65,0x20,0x70,
    0x61,0x72,0x74,0x69,0x63,0x6c,0x65,0x53,0x65,0x65,0x64,0x53,0x6d,0x70,0x20,0x3a,
    0x20,0x72,0x65,0x67,0x69,0x73,0x74,0x65,0x72,0x28,0x73,0x30,0x29,0x3b,0x0a,0x0a,
    0x73,0x74,0x61,0x74,0x69,0x63,0x20,0x66,0x6c,0x6f,0x61,0x74,0x32,0x20,0x75,0x76,
    0x3b,0x0a,0x73,0x74,0x61,0x74,0x69,0x63,0x20,0x66,0x6c,0x6f,0x61,0x74,0x34,0x20,
    0x66,0x72,0x61,0x67,0x5f,0x63,0x6f,0x6c,0x6f,0x72,0x3b,0x0a,0x0a,0x73,0x74,0x72,
    0x75,0x63,0x74,0x20,0x53,0x50,0x49,0x52,0x56,0x5f,0x43,0x72,0x6f,0x73,0x73,0x5f,
    0x49,0x6e,0x70,0x75,0x74,0x0a,0x7b,0x0a,0x20,0x20,0x20,0x20,0x66,0x6c,0x6f,0x61,
    0x74,0x32,0x20,0x75,0x76,0x20,0x3a,0x20,0x54,0x45,0x58,0x43,0x4f,0x4f,0x52,0x44,
    0x30,0x3b,0x0a,0x7d,0x3b,0x0a,0x0a,0x73,0x74,0x72,0x75,0x63,0x74,0x20,0x53,0x50,
    0x49,0x52,0x56,0x5f,0x43,0x72,0x6f,0x73,0x73,0x5f,0x4f,0x75,0x74,0x70,0x75,0x74,
    0x0a,0x7b,0x0a,0x20,0x20,0x20,0x20,0x66,0x6c,0x6f,0x61,0x74,0x34,0x20,0x66,0x72,
    0x61,0x67,0x5f,0x63,0x6f,0x6c,0x6f,0x72,0x20,0x3a,0x20,0x53,0x56,0x5f,0x54,0x61,
    0x72,0x67,0x65,0x74,0x30,0x3b,0x0a,0x7d,0x3b,0x0a,0x0a,0x66,0x6c,0x6f,0x61,0x74,
    0x20,0x68,0x61,0x73,0x68,0x28,0x66,0x6c,0x6f,0x61,0x74,0x32,0x20,0x70,0x29,0x0a,
    0x7b,0x0a,0x20,0x20,0x20,0x20,0x72,0x65,0x74,0x75,0x72,0x6e,0x20,0x66,0x72,0x61,
    0x63,0x28,0x73,0x69,0x6e,0x28,0x64,0x6f,0x74,0x28,0x70,0x2c,0x20,0x66,0x6c,0x6f,
    0x61,0x74,0x32,0x28,0x31,0x32,0x37,0x2e,0x30,0x39,0x39,0x39,0x39,0x38,0x34,0x37,
    0x34,0x31,0x32,0x31,0x30,0x39,0x33,0x37,0x35,0x66,0x2c,0x20,0x33,0x31,0x31,0x2e,
    0x37,0x30,0x30,0x30,0x31,0x32,0x32,0x30,0x37,0x30,0x33,0x31,0x32,0x35,0x66,0x29,
    0x29,0x29,0x20,0x2a,0x20,0x34,0x33,0x37,0x35,0x38,0x2e,0x35,0x34,0x36,0x38,0x37,
    0x35,0x66,0x29,0x3b,0x0a,0x7d,0x0a,0x0a,0x76,0x6f,0x69,0x64,0x20,0x66,0x72,0x61,
    0x67,0x5f,0x6d,0x61,0x69,0x6e,0x28,0x29,0x0a,0x7b,0x0a,0x20,0x20,0x20,0x20,0x66,
    0x6c,0x6f,0x61,0x74,0x34,0x20,0x5f,0x34,0x30,0x20,0x3d,0x20,0x70,0x61,0x72,0x74,
    0x69,0x63,0x6c,0x65,0x53,0x65,0x65,0x64,0x54,0x65,0x78,0x2e,0x53,0x61,0x6d,0x70,
    0x6c,0x65,0x28,0x70,0x61,0x72,0x74,0x69,0x63,0x6c,0x65,0x53,0x65,0x65,0x64,0x53,
    0x6d,0x70,0x2c,0x20,0x75,0x76,0x29,0x3b,0x0a,0x20,0x20,0x20,0x20,0x66,0x6c,0x6f,
    0x61,0x74,0x32,0x20,0x70,0x61,0x72,0x61,0x6d,0x20,0x3d,0x20,0x75,0x76,0x20,0x2b,
    0x20,0x5f,0x34,0x36,0x5f,0x6f,0x70,0x74,0x69,0x6f,0x6e,0x73,0x2e,0x78,0x79,0x3b,
    0x0a,0x20,0x20,0x20,0x20,0x66,0x6c,0x6f,0x61,0x74,0x32,0x20,0x70,0x61,0x72,0x61,
    0x6d,0x5f,0x31,0x20,0x3d,0x20,0x75,0x76,0x2e,0x79,0x78,0x20,0x2b,0x20,0x5f,0x34,
    0x36,0x5f,0x6f,0x70,0x74,0x69,0x6f,0x6e,0x73,0x2e,0x7a,0x77,0x3b,0x0a,0x20,0x20,
    0x20,0x20,0x66,0x72,0x61,0x67,0x5f,0x63,0x6f,0x6c,0x6f,0x72,0x20,0x3d,0x20,0x66,
    0x6c,0x6f,0x61,0x74,0x34,0x28,0x66,0x72,0x61,0x63,0x28,0x68,0x61,0x73,0x68,0x28,
    0x70,0x61,0x72,0x61,0x6d,0x29,0x20,0x2b,0x20,0x5f,0x34,0x30,0x2e,0x78,0x29,0x2c,
    0x20,0x66,0x72,0x61,0x63,0x28,0x68,0x61,0x73,0x68,0x28,0x70,0x61,0x72,0x61,0x6d,
    0x5f,0x31,0x29,0x20,0x2b,0x20,0x5f,0x34,0x30,0x2e,0x79,0x29,0x2c,0x20,0x30,0x2e,
    0x30,0x66,0x2c,0x20,0x31,0x2e,0x30,0x66,0x29,0x20,0x2a,0x20,0x5f,0x34,0x36,0x5f,
    0x63,0x6f,0x6c,0x6f,0x72,0x3b,0x0a,0x7d,0x0a,0x0a,0x53,0x50,0x49,0x52,0x56,0x5f,
    0x43,0x72,0x6f,0x73,0x73,0x5f,0x4f,0x75,0x74,0x70,0x75,0x74,0x20,0x6d,0x61,0x69,
    0x6e,0x28,0x53,0x50,0x49,0x52,0x56,0x5f,0x43,0x72,0x6f,0x73,0x73,0x5f,0x49,0x6e,
    0x70,0x75,0x74,0x20,0x73,0x74,0x61,0x67,0x65,0x5f,0x69,0x6e,0x70,0x75,0x74,0x29,
    0x0a,0x7b,0x0a,0x20,0x20,0x20,0x20,0x75,0x76,0x20,0x3d,0x20,0x73,0x74,0x61,0x67,
    0x65,0x5f,0x69,0x6e,0x70,0x75,0x74,0x2e,0x75,0x76,0x3b,0x0a,0x20,0x20,0x20,0x20,
    0x66,0x72,0x61,0x67,0x5f,0x6d,0x61,0x69,0x6e,0x28,0x29,0x3b,0x0a,0x20,0x20,0x20,
    0x20,0x53,0x50,0x49,0x52,0x56,0x5f,0x43,0x72,0x6f,0x73,0x73,0x5f,0x4f,0x75,0x74,
    0x70,0x75,0x74,0x20,0x73,0x74,0x61,0x67,0x65,0x5f,0x6f,0x75,0x74,0x70,0x75,0x74,
    0x3b,0x0a,0x20,0x20,0x20,0x20,0x73,0x74,0x61,0x67,0x65,0x5f,0x6f,0x75,0x74,0x70,
    0x75,0x74,0x2e,0x66,0x72,0x61,0x67,0x5f,0x63,0x6f,0x6c,0x6f,0x72,0x20,0x3d,0x20,
    0x66,0x72,0x61,0x67,0x5f,0x63,0x6f,0x6c,0x6f,0x72,0x3b,0x0a,0x20,0x20,0x20,0x20,
    0x72,0x65,0x74,0x75,0x72,0x6e,0x20,0x73,0x74,0x61,0x67,0x65,0x5f,0x6f,0x75,0x74,
    0x70,0x75,0x74,0x3b,0x0a,0x7d,0x0a,0x00,
};
/*
    cbuffer particle_params : register(b0)
    {
        float4 _41_color : packoffset(c0);
        float4 _41_resolution : packoffset(c1);
        float4 _41_texel : packoffset(c2);
        float4 _41_options : packoffset(c3);
    };

    Texture2D<float4> particleStateTex : register(t0);
    SamplerState particleStateSmp : register(s0);
    Texture2D<float4> particleVelocityTex : register(t1);
    SamplerState particleVelocitySmp : register(s1);

    static float2 uv;
    static float4 frag_color;

    struct SPIRV_Cross_Input
    {
        float2 uv : TEXCOORD0;
    };

    struct SPIRV_Cross_Output
    {
        float4 frag_color : SV_Target0;
    };

    void frag_main()
    {
        float4 _24 = particleStateTex.Sample(particleStateSmp, uv);
        float2 _28 = _24.xy;
        float2 pos = _28 + (particleVelocityTex.Sample(particleVelocitySmp, _28).xy * _41_options.x);
        bool _57 = _41_options.w > 0.5f;
        bool _64;
        if (_57)
        {
            _64 = _41_options.w < 1.5f;
        }
        else
        {
            _64 = _57;
        }
        if (_64)
        {
            float2 _74 = _41_color.xy - pos;
            pos += (((_74 / max(length(_74), 0.0005000000237487256526947021484375f).xx) * _41_color.z) * _41_options.y);
        }
        else
        {
            if (_41_options.w > 1.5f)
            {
                float2 _106 = pos - _41_color.xy;
                pos += (((_106 / max(length(_106), 0.0005000000237487256526947021484375f).xx) * _41_color.z) * _41_options.y);
            }
        }
        pos = frac(pos);
        float _130 = _24.z + _41_options.y;
        float age = _130;
        if (_130 > _41_options.z)
        {
            pos = uv;
            age = 0.0f;
        }
        frag_color = float4(pos, age, 1.0f);
    }

    SPIRV_Cross_Output main(SPIRV_Cross_Input stage_input)
    {
        uv = stage_input.uv;
        frag_main();
        SPIRV_Cross_Output stage_output;
        stage_output.frag_color = frag_color;
        return stage_output;
    }
*/
static const uint8_t fs_particles_update_source_hlsl5[1778] = {
    0x63,0x62,0x75,0x66,0x66,0x65,0x72,0x20,0x70,0x61,0x72,0x74,0x69,0x63,0x6c,0x65,
    0x5f,0x70,0x61,0x72,0x61,0x6d,0x73,0x20,0x3a,0x20,0x72,0x65,0x67,0x69,0x73,0x74,
    0x65,0x72,0x28,0x62,0x30,0x29,0x0a,0x7b,0x0a,0x20,0x20,0x20,0x20,0x66,0x6c,0x6f,
    0x61,0x74,0x34,0x20,0x5f,0x34,0x31,0x5f,0x63,0x6f,0x6c,0x6f,0x72,0x20,0x3a,0x20,
    0x70,0x61,0x63,0x6b,0x6f,0x66,0x66,0x73,0x65,0x74,0x28,0x63,0x30,0x29,0x3b,0x0a,
    0x20,0x20,0x20,0x20,0x66,0x6c,0x6f,0x61,0x74,0x34,0x20,0x5f,0x34,0x31,0x5f,0x72,
    0x65,0x73,0x6f,0x6c,0x75,0x74,0x69,0x6f,0x6e,0x20,0x3a,0x20,0x70,0x61,0x63,0x6b,
    0x6f,0x66,0x66,0x73,0x65,0x74,0x28,0x63,0x31,0x29,0x3b,0x0a,0x20,0x20,0x20,0x20,
    0x66,0x6c,0x6f,0x61,0x74,0x34,0x20,0x5f,0x34,0x31,0x5f,0x74,0x65,0x78,0x65,0x6c,
    0x20,0x3a,0x20,0x70,0x61,0x63,0x6b,0x6f,0x66,0x66,0x73,0x65,0x74,0x28,0x63,0x32,
    0x29,0x3b,0x0a,0x20,0x20,0x20,0x20,0x66,0x6c,0x6f,0x61,0x74,0x34,0x20,0x5f,0x34,
    0x31,0x5f,0x6f,0x70,0x74,0x69,0x6f,0x6e,0x73,0x20,0x3a,0x20,0x70,0x61,0x63,0x6b,
    0x6f,0x66,0x66,0x73,0x65,0x74,0x28,0x63,0x33,0x29,0x3b,0x0a,0x7d,0x3b,0x0a,0x0a,
    0x54,0x65,0x78,0x74,0x75,0x72,0x65,0x32,0x44,0x3c,0x66,0x6c,0x6f,0x61,0x74,0x34,
    0x3e,0x20,0x70,0x61,0x72,0x74,0x69,0x63,0x6c,0x65,0x53,0x74,0x61,0x74,0x65,0x54,
    0x65,0x78,0x20,0x3a,0x20,0x72,0x65,0x67,0x69,0x73,0x74,0x65,0x72,0x28,0x74,0x30,
    0x29,0x3b,0x0a,0x53,0x61,0x6d,0x70,0x6c,0x65,0x72,0x53,0x74,0x61,0x74,0x65,0x20,
    0x70,0x61,0x72,0x74,0x69,0x63,0x6c,0x65,0x53,0x74,0x61,0x74,0x65,0x53,0x6d,0x70,
    0x20,0x3a,0x20,0x72,0x65,0x67,0x69,0x73,0x74,0x65,0x72,0x28,0x73,0x30,0x29,0x3b,
    0x0a,0x54,0x65,0x78,0x74,0x75,0x72,0x65,0x32,0x44,0x3c,0x66,0x6c,0x6f,0x61,0x74,
    0x34,0x3e,0x20,0x70,0x61,0x72,0x74,0x69,0x63,0x6c,0x65,0x56,0x65,0x6c,0x6f,0x63,
    0x69,0x74,0x79,0x54,0x65,0x78,0x20,0x3a,0x20,0x72,0x65,0x67,0x69,0x73,0x74,0x65,
    0x72,0x28,0x74,0x31,0x29,0x3b,0x0a,0x53,0x61,0x6d,0x70,0x6c,0x65,0x72,0x53,0x74,
    0x61,0x74,0x65,0x20,0x70,0x61,0x72,0x74,0x69,0x63,0x6c,0x65,0x56,0x65,0x6c,0x6f,
    0x63,0x69,0x74,0x79,0x53,0x6d,0x70,0x20,0x3a,0x20,0x72,0x65,0x67,0x69,0x73,0x74,
    0x65,0x72,0x28,0x73,0x31,0x29,0x3b,0x0a,0x0a,0x73,0x74,0x61,0x74,0x69,0x63,0x20,
    0x66,0x6c,0x6f,0x61,0x74,0x32,0x20,0x75,0x76,0x3b,0x0a,0x73,0x74,0x61,0x74,0x69,
    0x63,0x20,0x66,0x6c,0x6f,0x61,0x74,0x34,0x20,0x66,0x72,0x61,0x67,0x5f,0x63,0x6f,
    0x6c,0x6f,0x72,0x3b,0x0a,0x0a,0x73,0x74,0x72,0x75,0x63,0x74,0x20,0x53,0x50,0x49,
    0x52,0x56,0x5f,0x43,0x72,0x6f,0x73,0x73,0x5f,0x49,0x6e,0x70,0x75,0x74,0x0a,0x7b,
    0x0a,0x20,0x20,0x20,0x20,0x66,0x6c,0x6f,0x61,0x74,0x32,0x20,0x75,0x76,0x20,0x3a,
    0x20,0x54,0x45,0x58,0x43,0x4f,0x4f,0x52,0x44,0x30,0x3b,0x0a,0x7d,0x3b,0x0a,0x0a,
    0x73,0x74,0x72,0x75,0x63,0x74,0x20,0x53,0x50,0x49,0x52,0x56,0x5f,0x43,0x72,0x6f,
    0x73,0x73,0x5f,0x4f,0x75,0x74,0x70,0x75,0x74,0x0a,0x7b,0x0a,0x20,0x20,0x20,0x20,
    0x66,0x6c,0x6f,0x61,0x74,0x34,0x20,0x66,0x72,0x61,0x67,0x5f,0x63,0x6f,0x6c,0x6f,
    0x72,0x20,0x3a,0x20,0x53,0x56,0x5f,0x54,0x61,0x72,0x67,0x65,0x74,0x30,0x3b,0x0a,
    0x7d,0x3b,0x0a,0x0a,0x76,0x6f,0x69,0x64,0x20,0x66,0x72,0x61,0x67,0x5f,0x6d,0x61,
    0x69,0x6e,0x28,0x29,0x0a,0x7b,0x0a,0x20,0x20,0x20,0x20,0x66,0x6c,0x6f,0x61,0x74,
    0x34,0x20,0x5f,0x32,0x34,0x20,0x3d,0x20,0x70,0x61,0x72,0x74,0x69,0x63,0x6c,0x65,
    0x53,0x74,0x61,0x74,0x65,0x54,0x65,0x78,0x2e,0x53,0x61,0x6d,0x70,0x6c,0x65,0x28,
    0x70,0x61,0x72,0x74,0x69,0x63,0x6c,0x65,0x53,0x74,0x61,0x74,0x65,0x53,0x6d,0x70,
    0x2c,0x20,0x75,0x76,0x29,0x3b,0x0a,0x20,0x20,0x20,0x20,0x66,0x6c,0x6f,0x61,0x74,
    0x32,0x20,0x5f,0x32,0x38,0x20,0x3d,0x20,0x5f,0x32,0x34,0x2e,0x78,0x79,0x3b,0x0a,
    0x20,0x20,0x20,0x20,0x66,0x6c,0x6f,0x61,0x74,0x32,0x20,0x70,0x6f,0x73,0x20,0x3d,
    0x20,0x5f,0x32,0x38,0x20,0x2b,0x20,0x28,0x70,0x61,0x72,0x74,0x69,0x63,0x6c,0x65,
    0x56,0x65,0x6c,0x6f,0x63,0x69,0x74,0x79,0x54,0x65,0x78,0x2e,0x53,0x61,0x6d,0x70,
    0x6c,0x65,0x28,0x70,0x61,0x72,0x74,0x69,0x63,0x6c,0x65,0x56,0x65,0x6c,0x6f,0x63,
    0x69,0x74,0x79,0x53,0x6d,0x70,0x2c,0x20,0x5f,0x32,0x38,0x29,0x2e,0x78,0x79,0x20,
    0x2a,0x20,0x5f,0x34,0x31,0x5f,0x6f,0x70,0x74,0x69,0x6f,0x6e,0x73,0x2e,0x78,0x29,
    0x3b,0x0a,0x20,0x20,0x20,0x20,0x62,0x6f,0x6f,0x6c,0x20,0x5f,0x35,0x37,0x20,0x3d,
    0x20,0x5f,0x34,0x31,0x5f,0x6f,0x70,0x74,0x69,0x6f,0x6e,0x73,0x2e,0x77,0x20,0x3e,
    0x20,0x30,0x2e,0x35,0x66,0x3b,0x0a,0x20,0x20,0x20,0x20,0x62,0x6f,0x6f,0x6c,0x20,
    0x5f,0x36,0x34,0x3b,0x0a,0x20,0x20,0x20,0x20,0x69,0x66,0x20,0x28,0x5f,0x35,0x37,
    0x29,0x0a,0x20,0x20,0x20,0x20,0x7b,0x0a,0x20,0x20,0x20,0x20,0x20,0x20,0x20,0x20,
    0x5f,0x36,0x34,0x20,0x3d,0x20,0x5f,0x34,0x31,0x5f,0x6f,0x70,0x74,0x69,0x6f,0x6e,
    0x73,0x2e,0x77,0x20,0x3c,0x20,0x31,0x2e,0x35,0x66,0x3b,0x0a,0x20,0x20,0x20,0x20,
    0x7d,0x0a,0x20,0x20,0x20,0x20,0x65,0x6c,0x73,0x65,0x0a,0x20,0x20,0x20,0x20,0x7b,
    0x0a,0x20,0x20,0x20,0x20,0x20,0x20,0x20,0x20,0x5f,0x36,0x34,0x20,0x3d,0x20,0x5f,
    0x35,0x37,0x3b,0x0a,0x20,0x20,0x20,0x20,0x7d,0x0a,0x20,0x20,0x20,0x20,0x69,0x66,
    0x20,0x28,0x5f,0x36,0x34,0x29,0x0a,0x20,0x20,0x20,0x20,0x7b,0x0a,0x20,0x20,0x20,
    0x20,0x20,0x20,0x20,0x20,0x66,0x6c,0x6f,0x61,0x74,0x32,0x20,0x5f,0x37,0x34,0x20,
    0x3d,0x20,0x5f,0x34,0x31,0x5f,0x63,0x6f,0x6c,0x6f,0x72,0x2e,0x78,0x79,0x20,0x2d,
    0x20,0x70,0x6f,0x73,0x3b,0x0a,0x20,0x20,0x20,0x20,0x20,0x20,0x20,0x20,0x70,0x6f,
    0x73,0x20,0x2b,0x3d,0x20,0x28,0x28,0x28,0x5f,0x37,0x34,0x20,0x2f,0x20,0x6d,0x61,
    0x78,0x28,0x6c,0x65,0x6e,0x67,0x74,0x68,0x28,0x5f,0x37,0x34,0x29,0x2c,0x20,0x30,
    0x2e,0x30,0x30,0x30,0x35,0x30,0x30,0x30,0x30,0x30,0x30,0x32,0x33,0x37,0x34,0x38,
    0x37,0x32,0x35,0x36,0x35,0x32,0x36,0x39,0x34,0x37,0x30,0x32,0x31,0x34,0x38,0x34,
    0x33,0x37,0x35,0x66,0x29,0x2e,0x78,0x78,0x29,0x20,0x2a,0x20,0x5f,0x34,0x31,0x5f,
    0x63,0x6f,0x6c,0x6f,0x72,0x2e,0x7a,0x29,0x20,0x2a,0x20,0x5f,0x34,0x31,0x5f,0x6f,
    0x70,0x74,0x69,0x6f,0x6e,0x73,0x2e,0x79,0x29,0x3b,0x0a,0x20,0x20,0x20,0x20,0x7d,
    0x0a,0x20,0x20,0x20,0x20,0x65,0x6c,0x73,0x65,0x0a,0x20,0x20,0x20,0x20,0x7b,0x0a,
    0x20,0x20,0x20,0x20,0x20,0x20,0x20,0x20,0x69,0x66,0x20,0x28,0x5f,0x34,0x31,0x5f,
    0x6f,0x70,0x74,0x69,0x6f,0x6e,0x73,0x2e,0x77,0x20,0x3e,0x20,0x31,0x2e,0x35,0x66,
    0x29,0x0a,0x20,0x20,0x20,0x20,0x20,0x20,0x20,0x20,0x7b,0x0a,0x20,0x20,0x20,0x20,
    0x20,0x20,0x20,0x20,0x20,0x20,0x20,0x20,0x66,0x6c,0x6f,0x61,0x74,0x32,0x20,0x5f,
    0x31,0x30,0x36,0x20,0x3d,0x20,0x70,0x6f,0x73,0x20,0x2d,0x20,0x5f,0x34,0x31,0x5f,
    0x63,0x6f,0x6c,0x6f,0x72,0x2e,0x78,0x79,0x3b,0x0a,0x20,0x20,0x20,0x20,0x20,0x20,
    0x20,0x20,0x20,0x20,0x20,0x20,0x70,0x6f,0x73,0x20,0x2b,0x3d,0x20,0x28,0x28,0x28,
    0x5f,0x31,0x30,0x36,0x20,0x2f,0x20,0x6d,0x61,0x78,0x28,0x6c,0x65,0x6e,0x67,0x74,
    0x68,0x28,0x5f,0x31,0x30,0x36,0x29,0x2c,0x20,0x30,0x2e,0x30,0x30,0x30,0x35,0x30,
    0x30,0x30,0x30,0x30,0x30,0x32,0x33,0x37,0x34,0x38,0x37,0x32,0x35,0x36,0x35,0x32,
    0x36,0x39,0x34,0x37,0x30,0x32,0x31,0x34,0x38,0x34,0x33,0x37,0x35,0x66,0x29,0x2e,
    0x78,0x78,0x29,0x20,0x2a,0x20,0x5f,0x34,0x31,0x5f,0x63,0x6f,0x6c,0x6f,0x72,0x2e,
    0x7a,0x29,0x20,0x2a,0x20,0x5f,0x34,0x31,0x5f,0x6f,0x70,0x74,0x69,0x6f,0x6e,0x73,
    0x2e,0x79,0x29,0x3b,0x0a,0x20,0x20,0x20,0x20,0x20,0x20,0x20,0x20,0x7d,0x0a,0x20,
    0x20,0x20,0x20,0x7d,0x0a,0x20,0x20,0x20,0x20,0x70,0x6f,0x73,0x20,0x3d,0x20,0x66,
    0x72,0x61,0x63,0x28,0x70,0x6f,0x73,0x29,0x3b,0x0a,0x20,0x20,0x20,0x20,0x66,0x6c,
    0x6f,0x61,0x74,0x20,0x5f,0x31,0x33,0x30,0x20,0x3d,0x20,0x5f,0x32,0x34,0x2e,0x7a,
    0x20,0x2b,0x20,0x5f,0x34,0x31,0x5f,0x6f,0x70,0x74,0x69,0x6f,0x6e,0x73,0x2e,0x79,
    0x3b,0x0a,0x20,0x20,0x20,0x20,0x66,0x6c,0x6f,0x61,0x74,0x20,0x61,0x67,0x65,0x20,
    0x3d,0x20,0x5f,0x31,0x33,0x30,0x3b,0x0a,0x20,0x20,0x20,0x20,0x69,0x66,0x20,0x28,
    0x5f,0x31,0x33,0x30,0x20,0x3e,0x20,0x5f,0x34,0x31,0x5f,0x6f,0x70,0x74,0x69,0x6f,
    0x6e,0x73,0x2e,0x7a,0x29,0x0a,0x20,0x20,0x20,0x20,0x7b,0x0a,0x20,0x20,0x20,0x20,
    0x20,0x20,0x20,0x20,0x70,0x6f,0x73,0x20,0x3d,0x20,0x75,0x76,0x3b,0x0a,0x20,0x20,
    0x20,0x20,0x20,0x20,0x20,0x20,0x61,0x67,0x65,0x20,0x3d,0x20,0x30,0x2e,0x30,0x66,
    0x3b,0x0a,0x20,0x20,0x20,0x20,0x7d,0x0a,0x20,0x20,0x20,0x20,0x66,0x72,0x61,0x67,
    0x5f,0x63,0x6f,0x6c,0x6f,0x72,0x20,0x3d,0x20,0x66,0x6c,0x6f,0x61,0x74,0x34,0x28,
    0x70,0x6f,0x73,0x2c,0x20,0x61,0x67,0x65,0x2c,0x20,0x31,0x2e,0x30,0x66,0x29,0x3b,
    0x0a,0x7d,0x0a,0x0a,0x53,0x50,0x49,0x52,0x56,0x5f,0x43,0x72,0x6f,0x73,0x73,0x5f,
    0x4f,0x75,0x74,0x70,0x75,0x74,0x20,0x6d,0x61,0x69,0x6e,0x28,0x53,0x50,0x49,0x52,
    0x56,0x5f,0x43,0x72,0x6f,0x73,0x73,0x5f,0x49,0x6e,0x70,0x75,0x74,0x20,0x73,0x74,
    0x61,0x67,0x65,0x5f,0x69,0x6e,0x70,0x75,0x74,0x29,0x0a,0x7b,0x0a,0x20,0x20,0x20,
    0x20,0x75,0x76,0x20,0x3d,0x20,0x73,0x74,0x61,0x67,0x65,0x5f,0x69,0x6e,0x70,0x75,
    0x74,0x2e,0x75,0x76,0x3b,0x0a,0x20,0x20,0x20,0x20,0x66,0x72,0x61,0x67,0x5f,0x6d,
    0x61,0x69,0x6e,0x28,0x29,0x3b,0x0a,0x20,0x20,0x20,0x20,0x53,0x50,0x49,0x52,0x56,
    0x5f,0x43,0x72,0x6f,0x73,0x73,0x5f,0x4f,0x75,0x74,0x70,0x75,0x74,0x20,0x73,0x74,
    0x61,0x67,0x65,0x5f,0x6f,0x75,0x74,0x70,0x75,0x74,0x3b,0x0a,0x20,0x20,0x20,0x20,
    0x73,0x74,0x61,0x67,0x65,0x5f,0x6f,0x75,0x74,0x70,0x75,0x74,0x2e,0x66,0x72,0x61,
    0x67,0x5f,0x63,0x6f,0x6c,0x6f,0x72,0x20,0x3d,0x20,0x66,0x72,0x61,0x67,0x5f,0x63,
    0x6f,0x6c,0x6f,0x72,0x3b,0x0a,0x20,0x20,0x20,0x20,0x72,0x65,0x74,0x75,0x72,0x6e,
    0x20,0x73,0x74,0x61,0x67,0x65,0x5f,0x6f,0x75,0x74,0x70,0x75,0x74,0x3b,0x0a,0x7d,
    0x0a,0x00,
};
/*
    cbuffer particle_params : register(b0)
    {
        float4 _34_color : packoffset(c0);
        float4 _34_resolution : packoffset(c1);
        float4 _34_texel : packoffset(c2);
        float4 _34_options : packoffset(c3);
    };

    Texture2D<float4> particleStateTex : register(t0);
    SamplerState particleStateSmp : register(s0);

    static float2 uv;
    static float4 frag_color;

    struct SPIRV_Cross_Input
    {
        float2 uv : TEXCOORD0;
    };

    struct SPIRV_Cross_Output
    {
        float4 frag_color : SV_Target0;
    };

    void frag_main()
    {
        frag_color = float4(_34_color.xyz, _34_color.w * (1.0f - clamp(particleStateTex.Sample(particleStateSmp, uv).z / max(_34_options.z, 9.9999997473787516355514526367188e-05f), 0.0f, 1.0f)));
    }

    SPIRV_Cross_Output main(SPIRV_Cross_Input stage_input)
    {
        uv = stage_input.uv;
        frag_main();
        SPIRV_Cross_Output stage_output;
        stage_output.frag_color = frag_color;
        return stage_output;
    }
*/
static const uint8_t fs_particles_render_source_hlsl5[897] = {
    0x63,0x62,0x75,0x66,0x66,0x65,0x72,0x20,0x70,0x61,0x72,0x74,0x69,0x63,0x6c,0x65,
    0x5f,0x70,0x61,0x72,0x61,0x6d,0x73,0x20,0x3a,0x20,0x72,0x65,0x67,0x69,0x73,0x74,
    0x65,0x72,0x28,0x62,0x30,0x29,0x0a,0x7b,0x0a,0x20,0x20,0x20,0x20,0x66,0x6c,0x6f,
    0x61,0x74,0x34,0x20,0x5f,0x33,0x34,0x5f,0x63,0x6f,0x6c,0x6f,0x72,0x20,0x3a,0x20,
    0x70,0x61,0x63,0x6b,0x6f,0x66,0x66,0x73,0x65,0x74,0x28,0x63,0x30,0x29,0x3b,0x0a,
    0x20,0x20,0x20,0x20,0x66,0x6c,0x6f,0x61,0x74,0x34,0x20,0x5f,0x33,0x34,0x5f,0x72,
    0x65,0x73,0x6f,0x6c,0x75,0x74,0x69,0x6f,0x6e,0x20,0x3a,0x20,0x70,0x61,0x63,0x6b,
    0x6f,0x66,0x66,0x73,0x65,0x74,0x28,0x63,0x31,0x29,0x3b,0x0a,0x20,0x20,0x20,0x20,
    0x66,0x6c,0x6f,0x61,0x74,0x34,0x20,0x5f,0x33,0x34,0x5f,0x74,0x65,0x78,0x65,0x6c,
    0x20,0x3a,0x20,0x70,0x61,0x63,0x6b,0x6f,0x66,0x66,0x73,0x65,0x74,0x28,0x63,0x32,
    0x29,0x3b,0x0a,0x20,0x20,0x20,0x20,0x66,0x6c,0x6f,0x61,0x74,0x34,0x20,0x5f,0x33,
    0x34,0x5f,0x6f,0x70,0x74,0x69,0x6f,0x6e,0x73,0x20,0x3a,0x20,0x70,0x61,0x63,0x6b,
    0x6f,0x66,0x66,0x73,0x65,0x74,0x28,0x63,0x33,0x29,0x3b,0x0a,0x7d,0x3b,0x0a,0x0a,
    0x54,0x65,0x78,0x74,0x75,0x72,0x65,0x32,0x44,0x3c,0x66,0x6c,0x6f,0x61,0x74,0x34,
    0x3e,0x20,0x70,0x61,0x72,0x74,0x69,0x63,0x6c,0x65,0x53,0x74,0x61,0x74,0x65,0x54,
    0x65,0x78,0x20,0x3a,0x20,0x72,0x65,0x67,0x69,0x73,0x74,0x65,0x72,0x28,0x74,0x30,
    0x29,0x3b,0x0a,0x53,0x61,0x6d,0x70,0x6c,0x65,0x72,0x53,0x74,0x61,0x74,0x65,0x20,
    0x70,0x61,0x72,0x74,0x69,0x63,0x6c,0x65,0x53,0x74,0x61,0x74,0x65,0x53,0x6d,0x70,
    0x20,0x3a,0x20,0x72,0x65,0x67,0x69,0x73,0x74,0x65,0x72,0x28,0x73,0x30,0x29,0x3b,
    0x0a,0x0a,0x73,0x74,0x61,0x74,0x69,0x63,0x20,0x66,0x6c,0x6f,0x61,0x74,0x32,0x20,
    0x75,0x76,0x3b,0x0a,0x73,0x74,0x61,0x74,0x69,0x63,0x20,0x66,0x6c,0x6f,0x61,0x74,
    0x34,0x20,0x66,0x72,0x61,0x67,0x5f,0x63,0x6f,0x6c,0x6f,0x72,0x3b,0x0a,0x0a,0x73,
    0x74,0x72,0x75,0x63,0x74,0x20,0x53,0x50,0x49,0x52,0x56,0x5f,0x43,0x72,0x6f,0x73,
    0x73,0x5f,0x49,0x6e,0x70,0x75,0x74,0x0a,0x7b,0x0a,0x20,0x20,0x20,0x20,0x66,0x6c,
    0x6f,0x61,0x74,0x32,0x20,0x75,0x76,0x20,0x3a,0x20,0x54,0x45,0x58,0x43,0x4f,0x4f,
    0x52,0x44,0x30,0x3b,0x0a,0x7d,0x3b,0x0a,0x0a,0x73,0x74,0x72,0x75,0x63,0x74,0x20,
    0x53,0x50,0x49,0x52,0x56,0x5f,0x43,0x72,0x6f,0x73,0x73,0x5f,0x4f,0x75,0x74,0x70,
    0x75,0x74,0x0a,0x7b,0x0a,0x20,0x20,0x20,0x20,0x66,0x6c,0x6f,0x61,0x74,0x34,0x20,
    0x66,0x72,0x61,0x67,0x5f,0x63,0x6f,0x6c,0x6f,0x72,0x20,0x3a,0x20,0x53,0x56,0x5f,
    0x54,0x61,0x72,0x67,0x65,0x74,0x30,0x3b,0x0a,0x7d,0x3b,0x0a,0x0a,0x76,0x6f,0x69,
    0x64,0x20,0x66,0x72,0x61,0x67,0x5f,0x6d,0x61,0x69,0x6e,0x28,0x29,0x0a,0x7b,0x0a,
    0x20,0x20,0x20,0x20,0x66,0x72,0x61,0x67,0x5f,0x63,0x6f,0x6c,0x6f,0x72,0x20,0x3d,
    0x20,0x66,0x6c,0x6f,0x61,0x74,0x34,0x28,0x5f,0x33,0x34,0x5f,0x63,0x6f,0x6c,0x6f,
    0x72,0x2e,0x78,0x79,0x7a,0x2c,0x20,0x5f,0x33,0x34,0x5f,0x63,0x6f,0x6c,0x6f,0x72,
    0x2e,0x77,0x20,0x2a,0x20,0x28,0x31,0x2e,0x30,0x66,0x20,0x2d,0x20,0x63,0x6c,0x61,
    0x6d,0x70,0x28,0x70,0x61,0x72,0x74,0x69,0x63,0x6c,0x65,0x53,0x74,0x61,0x74,0x65,
    0x54,0x65,0x78,0x2e,0x53,0x61,0x6d,0x70,0x6c,0x65,0x28,0x70,0x61,0x72,0x74,0x69,
    0x63,0x6c,0x65,0x53,0x74,0x61,0x74,0x65,0x53,0x6d,0x70,0x2c,0x20,0x75,0x76,0x29,
    0x2e,0x7a,0x20,0x2f,0x20,0x6d,0x61,0x78,0x28,0x5f,0x33,0x34,0x5f,0x6f,0x70,0x74,
    0x69,0x6f,0x6e,0x73,0x2e,0x7a,0x2c,0x20,0x39,0x2e,0x39,0x39,0x39,0x39,0x39,0x39,
    0x37,0x34,0x37,0x33,0x37,0x38,0x37,0x35,0x31,0x36,0x33,0x35,0x35,0x35,0x31,0x34,
    0x35,0x32,0x36,0x33,0x36,0x37,0x31,0x38,0x38,0x65,0x2d,0x30,0x35,0x66,0x29,0x2c,
    0x20,0x30,0x2e,0x30,0x66,0x2c,0x20,0x31,0x2e,0x30,0x66,0x29,0x29,0x29,0x3b,0x0a,
    0x7d,0x0a,0x0a,0x53,0x50,0x49,0x52,0x56,0x5f,0x43,0x72,0x6f,0x73,0x73,0x5f,0x4f,
    0x75,0x74,0x70,0x75,0x74,0x20,0x6d,0x61,0x69,0x6e,0x28,0x53,0x50,0x49,0x52,0x56,
    0x5f,0x43,0x72,0x6f,0x73,0x73,0x5f,0x49,0x6e,0x70,0x75,0x74,0x20,0x73,0x74,0x61,
    0x67,0x65,0x5f,0x69,0x6e,0x70,0x75,0x74,0x29,0x0a,0x7b,0x0a,0x20,0x20,0x20,0x20,
    0x75,0x76,0x20,0x3d,0x20,0x73,0x74,0x61,0x67,0x65,0x5f,0x69,0x6e,0x70,0x75,0x74,
    0x2e,0x75,0x76,0x3b,0x0a,0x20,0x20,0x20,0x20,0x66,0x72,0x61,0x67,0x5f,0x6d,0x61,
    0x69,0x6e,0x28,0x29,0x3b,0x0a,0x20,0x20,0x20,0x20,0x53,0x50,0x49,0x52,0x56,0x5f,
    0x43,0x72,0x6f,0x73,0x73,0x5f,0x4f,0x75,0x74,0x70,0x75,0x74,0x20,0x73,0x74,0x61,
    0x67,0x65,0x5f,0x6f,0x75,0x74,0x70,0x75,0x74,0x3b,0x0a,0x20,0x20,0x20,0x20,0x73,
    0x74,0x61,0x67,0x65,0x5f,0x6f,0x75,0x74,0x70,0x75,0x74,0x2e,0x66,0x72,0x61,0x67,
    0x5f,0x63,0x6f,0x6c,0x6f,0x72,0x20,0x3d,0x20,0x66,0x72,0x61,0x67,0x5f,0x63,0x6f,
    0x6c,0x6f,0x72,0x3b,0x0a,0x20,0x20,0x20,0x20,0x72,0x65,0x74,0x75,0x72,0x6e,0x20,
    0x73,0x74,0x61,0x67,0x65,0x5f,0x6f,0x75,0x74,0x70,0x75,0x74,0x3b,0x0a,0x7d,0x0a,
    0x00,
};
/*
    #include <metal_stdlib>
    #include <simd/simd.h>

    using namespace metal;

    struct main0_out
    {
        float2 uv [[user(locn0)]];
        float4 gl_Position [[position]];
    };

    struct main0_in
    {
        float2 position [[attribute(0)]];
        float2 texcoord0 [[attribute(1)]];
    };

    vertex main0_out main0(main0_in in [[stage_in]])
    {
        main0_out out = {};
        out.gl_Position = float4(in.position, 0.0, 1.0);
        out.uv = in.texcoord0;
        return out;
    }

*/
static const uint8_t particles_vs_source_metal_macos[437] = {
    0x23,0x69,0x6e,0x63,0x6c,0x75,0x64,0x65,0x20,0x3c,0x6d,0x65,0x74,0x61,0x6c,0x5f,
    0x73,0x74,0x64,0x6c,0x69,0x62,0x3e,0x0a,0x23,0x69,0x6e,0x63,0x6c,0x75,0x64,0x65,
    0x20,0x3c,0x73,0x69,0x6d,0x64,0x2f,0x73,0x69,0x6d,0x64,0x2e,0x68,0x3e,0x0a,0x0a,
    0x75,0x73,0x69,0x6e,0x67,0x20,0x6e,0x61,0x6d,0x65,0x73,0x70,0x61,0x63,0x65,0x20,
    0x6d,0x65,0x74,0x61,0x6c,0x3b,0x0a,0x0a,0x73,0x74,0x72,0x75,0x63,0x74,0x20,0x6d,
    0x61,0x69,0x6e,0x30,0x5f,0x6f,0x75,0x74,0x0a,0x7b,0x0a,0x20,0x20,0x20,0x20,0x66,
    0x6c,0x6f,0x61,0x74,0x32,0x20,0x75,0x76,0x20,0x5b,0x5b,0x75,0x73,0x65,0x72,0x28,
    0x6c,0x6f,0x63,0x6e,0x30,0x29,0x5d,0x5d,0x3b,0x0a,0x20,0x20,0x20,0x20,0x66,0x6c,
    0x6f,0x61,0x74,0x34,0x20,0x67,0x6c,0x5f,0x50,0x6f,0x73,0x69,0x74,0x69,0x6f,0x6e,
    0x20,0x5b,0x5b,0x70,0x6f,0x73,0x69,0x74,0x69,0x6f,0x6e,0x5d,0x5d,0x3b,0x0a,0x7d,
    0x3b,0x0a,0x0a,0x73,0x74,0x72,0x75,0x63,0x74,0x20,0x6d,0x61,0x69,0x6e,0x30,0x5f,
    0x69,0x6e,0x0a,0x7b,0x0a,0x20,0x20,0x20,0x20,0x66,0x6c,0x6f,0x61,0x74,0x32,0x20,
    0x70,0x6f,0x73,0x69,0x74,0x69,0x6f,0x6e,0x20,0x5b,0x5b,0x61,0x74,0x74,0x72,0x69,
    0x62,0x75,0x74,0x65,0x28,0x30,0x29,0x5d,0x5d,0x3b,0x0a,0x20,0x20,0x20,0x20,0x66,
    0x6c,0x6f,0x61,0x74,0x32,0x20,0x74,0x65,0x78,0x63,0x6f,0x6f,0x72,0x64,0x30,0x20,
    0x5b,0x5b,0x61,0x74,0x74,0x72,0x69,0x62,0x75,0x74,0x65,0x28,0x31,0x29,0x5d,0x5d,
    0x3b,0x0a,0x7d,0x3b,0x0a,0x0a,0x76,0x65,0x72,0x74,0x65,0x78,0x20,0x6d,0x61,0x69,
    0x6e,0x30,0x5f,0x6f,0x75,0x74,0x20,0x6d,0x61,0x69,0x6e,0x30,0x28,0x6d,0x61,0x69,
    0x6e,0x30,0x5f,0x69,0x6e,0x20,0x69,0x6e,0x20,0x5b,0x5b,0x73,0x74,0x61,0x67,0x65,
    0x5f,0x69,0x6e,0x5d,0x5d,0x29,0x0a,0x7b,0x0a,0x20,0x20,0x20,0x20,0x6d,0x61,0x69,
    0x6e,0x30,0x5f,0x6f,0x75,0x74,0x20,0x6f,0x75,0x74,0x20,0x3d,0x20,0x7b,0x7d,0x3b,
    0x0a,0x20,0x20,0x20,0x20,0x6f,0x75,0x74,0x2e,0x67,0x6c,0x5f,0x50,0x6f,0x73,0x69,
    0x74,0x69,0x6f,0x6e,0x20,0x3d,0x20,0x66,0x6c,0x6f,0x61,0x74,0x34,0x28,0x69,0x6e,
    0x2e,0x70,0x6f,0x73,0x69,0x74,0x69,0x6f,0x6e,0x2c,0x20,0x30,0x2e,0x30,0x2c,0x20,
    0x31,0x2e,0x30,0x29,0x3b,0x0a,0x20,0x20,0x20,0x20,0x6f,0x75,0x74,0x2e,0x75,0x76,
    0x20,0x3d,0x20,0x69,0x6e,0x2e,0x74,0x65,0x78,0x63,0x6f,0x6f,0x72,0x64,0x30,0x3b,
    0x0a,0x20,0x20,0x20,0x20,0x72,0x65,0x74,0x75,0x72,0x6e,0x20,0x6f,0x75,0x74,0x3b,
    0x0a,0x7d,0x0a,0x0a,0x00,
};
/*
    #include <metal_stdlib>
    #include <simd/simd.h>

    using namespace metal;

    struct particle_point_params
    {
        float4 color;
        float4 resolution;
        float4 texel;
        float4 options;
    };

    struct main0_out
    {
        float4 v_color [[user(locn0)]];
        float4 gl_Position [[position]];
    };

    struct main0_in
    {
        float2 lookup [[attribute(0)]];
        float2 corner [[attribute(1)]];
    };

    vertex main0_out main0(main0_in in [[stage_in]], constant particle_point_params& _30 [[buffer(0)]], texture2d<float> particlePointStateTex [[texture(0)]], sampler particlePointStateSmp [[sampler(0)]])
    {
        main0_out out = {};
        float4 _25 = particlePointStateTex.sample(particlePointStateSmp, in.lookup, level(0.0));
        float2 _68 = ((((_30.texel.xy + (_25.xy * _30.resolution.zw)) + (in.corner * _30.options.w)) / fast::max(_30.resolution.xy, float2(1.0))) * 2.0) - float2(1.0);
        out.v_color = float4(_30.color.xyz, _30.color.w * (1.0 - fast::clamp(_25.z / fast::max(_30.options.z, 9.9999997473787516355514526367188e-05), 0.0, 1.0)));
        out.gl_Position = float4(_68.x, -_68.y, 0.0, 1.0);
        return out;
    }

*/
static const uint8_t particle_points_vs_source_metal_macos[1094] = {
    0x23,0x69,0x6e,0x63,0x6c,0x75,0x64,0x65,0x20,0x3c,0x6d,0x65,0x74,0x61,0x6c,0x5f,
    0x73,0x74,0x64,0x6c,0x69,0x62,0x3e,0x0a,0x23,0x69,0x6e,0x63,0x6c,0x75,0x64,0x65,
    0x20,0x3c,0x73,0x69,0x6d,0x64,0x2f,0x73,0x69,0x6d,0x64,0x2e,0x68,0x3e,0x0a,0x0a,
    0x75,0x73,0x69,0x6e,0x67,0x20,0x6e,0x61,0x6d,0x65,0x73,0x70,0x61,0x63,0x65,0x20,
    0x6d,0x65,0x74,0x61,0x6c,0x3b,0x0a,0x0a,0x73,0x74,0x72,0x75,0x63,0x74,0x20,0x70,
    0x61,0x72,0x74,0x69,0x63,0x6c,0x65,0x5f,0x70,0x6f,0x69,0x6e,0x74,0x5f,0x70,0x61,
    0x72,0x61,0x6d,0x73,0x0a,0x7b,0x0a,0x20,0x20,0x20,0x20,0x66,0x6c,0x6f,0x61,0x74,
    0x34,0x20,0x63,0x6f,0x6c,0x6f,0x72,0x3b,0x0a,0x20,0x20,0x20,0x20,0x66,0x6c,0x6f,
    0x61,0x74,0x34,0x20,0x72,0x65,0x73,0x6f,0x6c,0x75,0x74,0x69,0x6f,0x6e,0x3b,0x0a,
    0x20,0x20,0x20,0x20,0x66,0x6c,0x6f,0x61,0x74,0x34,0x20,0x74,0x65,0x78,0x65,0x6c,
    0x3b,0x0a,0x20,0x20,0x20,0x20,0x66,0x6c,0x6f,0x61,0x74,0x34,0x20,0x6f,0x70,0x74,
    0x69,0x6f,0x6e,0x73,0x3b,0x0a,0x7d,0x3b,0x0a,0x0a,0x73,0x74,0x72,0x75,0x63,0x74,
    0x20,0x6d,0x61,0x69,0x6e,0x30,0x5f,0x6f,0x75,0x74,0x0a,0x7b,0x0a,0x20,0x20,0x20,
    0x20,0x66,0x6c,0x6f,0x61,0x74,0x34,0x20,0x76,0x5f,0x63,0x6f,0x6c,0x6f,0x72,0x20,
    0x5b,0x5b,0x75,0x73,0x65,0x72,0x28,0x6c,0x6f,0x63,0x6e,0x30,0x29,0x5d,0x5d,0x3b,
    0x0a,0x20,0x20,0x20,0x20,0x66,0x6c,0x6f,0x61,0x74,0x34,0x20,0x67,0x6c,0x5f,0x50,
    0x6f,0x73,0x69,0x74,0x69,0x6f,0x6e,0x20,0x5b,0x5b,0x70,0x6f,0x73,0x69,0x74,0x69,
    0x6f,0x6e,0x5d,0x5d,0x3b,0x0a,0x7d,0x3b,0x0a,0x0a,0x73,0x74,0x72,0x75,0x63,0x74,
    0x20,0x6d,0x61,0x69,0x6e,0x30,0x5f,0x69,0x6e,0x0a,0x7b,0x0a,0x20,0x20,0x20,0x20,
    0x66,0x6c,0x6f,0x61,0x74,0x32,0x20,0x6c,0x6f,0x6f,0x6b,0x75,0x70,0x20,0x5b,0x5b,
    0x61,0x74,0x74,0x72,0x69,0x62,0x75,0x74,0x65,0x28,0x30,0x29,0x5d,0x5d,0x3b,0x0a,
    0x20,0x20,0x20,0x20,0x66,0x6c,0x6f,0x61,0x74,0x32,0x20,0x63,0x6f,0x72,0x6e,0x65,
    0x72,0x20,0x5b,0x5b,0x61,0x74,0x74,0x72,0x69,0x62,0x75,0x74,0x65,0x28,0x31,0x29,
    0x5d,0x5d,0x3b,0x0a,0x7d,0x3b,0x0a,0x0a,0x76,0x65,0x72,0x74,0x65,0x78,0x20,0x6d,
    0x61,0x69,0x6e,0x30,0x5f,0x6f,0x75,0x74,0x20,0x6d,0x61,0x69,0x6e,0x30,0x28,0x6d,
    0x61,0x69,0x6e,0x30,0x5f,0x69,0x6e,0x20,0x69,0x6e,0x20,0x5b,0x5b,0x73,0x74,0x61,
    0x67,0x65,0x5f,0x69,0x6e,0x5d,0x5d,0x2c,0x20,0x63,0x6f,0x6e,0x73,0x74,0x61,0x6e,
    0x74,0x20,0x70,0x61,0x72,0x74,0x69,0x63,0x6c,0x65,0x5f,0x70,0x6f,0x69,0x6e,0x74,
    0x5f,0x70,0x61,0x72,0x61,0x6d,0x73,0x26,0x20,0x5f,0x33,0x30,0x20,0x5b,0x5b,0x62,
    0x75,0x66,0x66,0x65,0x72,0x28,0x30,0x29,0x5d,0x5d,0x2c,0x20,0x74,0x65,0x78,0x74,
    0x75,0x72,0x65,0x32,0x64,0x3c,0x66,0x6c,0x6f,0x61,0x74,0x3e,0x20,0x70,0x61,0x72,
    0x74,0x69,0x63,0x6c,0x65,0x50,0x6f,0x69,0x6e,0x74,0x53,0x74,0x61,0x74,0x65,0x54,
    0x65,0x78,0x20,0x5b,0x5b,0x74,0x65,0x78,0x74,0x75,0x72,0x65,0x28,0x30,0x29,0x5d,
    0x5d,0x2c,0x20,0x73,0x61,0x6d,0x70,0x6c,0x65,0x72,0x20,0x70,0x61,0x72,0x74,0x69,
    0x63,0x6c,0x65,0x50,0x6f,0x69,0x6e,0x74,0x53,0x74,0x61,0x74,0x65,0x53,0x6d,0x70,
    0x20,0x5b,0x5b,0x73,0x61,0x6d,0x70,0x6c,0x65,0x72,0x28,0x30,0x29,0x5d,0x5d,0x29,
    0x0a,0x7b,0x0a,0x20,0x20,0x20,0x20,0x6d,0x61,0x69,0x6e,0x30,0x5f,0x6f,0x75,0x74,
    0x20,0x6f,0x75,0x74,0x20,0x3d,0x20,0x7b,0x7d,0x3b,0x0a,0x20,0x20,0x20,0x20,0x66,
    0x6c,0x6f,0x61,0x74,0x34,0x20,0x5f,0x32,0x35,0x20,0x3d,0x20,0x70,0x61,0x72,0x74,
    0x69,0x63,0x6c,0x65,0x50,0x6f,0x69,0x6e,0x74,0x53,0x74,0x61,0x74,0x65,0x54,0x65,
    0x78,0x2e,0x73,0x61,0x6d,0x70,0x6c,0x65,0x28,0x70,0x61,0x72,0x74,0x69,0x63,0x6c,
    0x65,0x50,0x6f,0x69,0x6e,0x74,0x53,0x74,0x61,0x74,0x65,0x53,0x6d,0x70,0x2c,0x20,
    0x69,0x6e,0x2e,0x6c,0x6f,0x6f,0x6b,0x75,0x70,0x2c,0x20,0x6c,0x65,0x76,0x65,0x6c,
    0x28,0x30,0x2e,0x30,0x29,0x29,0x3b,0x0a,0x20,0x20,0x20,0x20,0x66,0x6c,0x6f,0x61,
    0x74,0x32,0x20,0x5f,0x36,0x38,0x20,0x3d,0x20,0x28,0x28,0x28,0x28,0x5f,0x33,0x30,
    0x2e,0x74,0x65,0x78,0x65,0x6c,0x2e,0x78,0x79,0x20,0x2b,0x20,0x28,0x5f,0x32,0x35,
    0x2e,0x78,0x79,0x20,0x2a,0x20,0x5f,0x33,0x30,0x2e,0x72,0x65,0x73,0x6f,0x6c,0x75,
    0x74,0x69,0x6f,0x6e,0x2e,0x7a,0x77,0x29,0x29,0x20,0x2b,0x20,0x28,0x69,0x6e,0x2e,
    0x63,0x6f,0x72,0x6e,0x65,0x72,0x20,0x2a,0x20,0x5f,0x33,0x30,0x2e,0x6f,0x70,0x74,
    0x69,0x6f,0x6e,0x73,0x2e,0x77,0x29,0x29,0x20,0x2f,0x20,0x66,0x61,0x73,0x74,0x3a,
    0x3a,0x6d,0x61,0x78,0x28,0x5f,0x33,0x30,0x2e,0x72,0x65,0x73,0x6f,0x6c,0x75,0x74,
    0x69,0x6f,0x6e,0x2e,0x78,0x79,0x2c,0x20,0x66,0x6c,0x6f,0x61,0x74,0x32,0x28,0x31,
    0x2e,0x30,0x29,0x29,0x29,0x20,0x2a,0x20,0x32,0x2e,0x30,0x29,0x20,0x2d,0x20,0x66,
    0x6c,0x6f,0x61,0x74,0x32,0x28,0x31,0x2e,0x30,0x29,0x3b,0x0a,0x20,0x20,0x20,0x20,
    0x6f,0x75,0x74,0x2e,0x76,0x5f,0x63,0x6f,0x6c,0x6f,0x72,0x20,0x3d,0x20,0x66,0x6c,
    0x6f,0x61,0x74,0x34,0x28,0x5f,0x33,0x30,0x2e,0x63,0x6f,0x6c,0x6f,0x72,0x2e,0x78,
    0x79,0x7a,0x2c,0x20,0x5f,0x33,0x30,0x2e,0x63,0x6f,0x6c,0x6f,0x72,0x2e,0x77,0x20,
    0x2a,0x20,0x28,0x31,0x2e,0x30,0x20,0x2d,0x20,0x66,0x61,0x73,0x74,0x3a,0x3a,0x63,
    0x6c,0x61,0x6d,0x70,0x28,0x5f,0x32,0x35,0x2e,0x7a,0x20,0x2f,0x20,0x66,0x61,0x73,
    0x74,0x3a,0x3a,0x6d,0x61,0x78,0x28,0x5f,0x33,0x30,0x2e,0x6f,0x70,0x74,0x69,0x6f,
    0x6e,0x73,0x2e,0x7a,0x2c,0x20,0x39,0x2e,0x39,0x39,0x39,0x39,0x39,0x39,0x37,0x34,
    0x37,0x33,0x37,0x38,0x37,0x35,0x31,0x36,0x33,0x35,0x35,0x35,0x31,0x34,0x35,0x32,
    0x36,0x33,0x36,0x37,0x31,0x38,0x38,0x65,0x2d,0x30,0x35,0x29,0x2c,0x20,0x30,0x2e,
    0x30,0x2c,0x20,0x31,0x2e,0x30,0x29,0x29,0x29,0x3b,0x0a,0x20,0x20,0x20,0x20,0x6f,
    0x75,0x74,0x2e,0x67,0x6c,0x5f,0x50,0x6f,0x73,0x69,0x74,0x69,0x6f,0x6e,0x20,0x3d,
    0x20,0x66,0x6c,0x6f,0x61,0x74,0x34,0x28,0x5f,0x36,0x38,0x2e,0x78,0x2c,0x20,0x2d,
    0x5f,0x36,0x38,0x2e,0x79,0x2c,0x20,0x30,0x2e,0x30,0x2c,0x20,0x31,0x2e,0x30,0x29,
    0x3b,0x0a,0x20,0x20,0x20,0x20,0x72,0x65,0x74,0x75,0x72,0x6e,0x20,0x6f,0x75,0x74,
    0x3b,0x0a,0x7d,0x0a,0x0a,0x00,
};
/*
    #include <metal_stdlib>
    #include <simd/simd.h>

    using namespace metal;

    struct main0_out
    {
        float4 frag_color [[color(0)]];
    };

    struct main0_in
    {
        float4 v_color [[user(locn0)]];
    };

    fragment main0_out main0(main0_in in [[stage_in]])
    {
        main0_out out = {};
        out.frag_color = in.v_color;
        return out;
    }

*/
static const uint8_t fs_particle_points_source_metal_macos[319] = {
    0x23,0x69,0x6e,0x63,0x6c,0x75,0x64,0x65,0x20,0x3c,0x6d,0x65,0x74,0x61,0x6c,0x5f,
    0x73,0x74,0x64,0x6c,0x69,0x62,0x3e,0x0a,0x23,0x69,0x6e,0x63,0x6c,0x75,0x64,0x65,
    0x20,0x3c,0x73,0x69,0x6d,0x64,0x2f,0x73,0x69,0x6d,0x64,0x2e,0x68,0x3e,0x0a,0x0a,
    0x75,0x73,0x69,0x6e,0x67,0x20,0x6e,0x61,0x6d,0x65,0x73,0x70,0x61,0x63,0x65,0x20,
    0x6d,0x65,0x74,0x61,0x6c,0x3b,0x0a,0x0a,0x73,0x74,0x72,0x75,0x63,0x74,0x20,0x6d,
    0x61,0x69,0x6e,0x30,0x5f,0x6f,0x75,0x74,0x0a,0x7b,0x0a,0x20,0x20,0x20,0x20,0x66,
    0x6c,0x6f,0x61,0x74,0x34,0x20,0x66,0x72,0x61,0x67,0x5f,0x63,0x6f,0x6c,0x6f,0x72,
    0x20,0x5b,0x5b,0x63,0x6f,0x6c,0x6f,0x72,0x28,0x30,0x29,0x5d,0x5d,0x3b,0x0a,0x7d,
    0x3b,0x0a,0x0a,0x73,0x74,0x72,0x75,0x63,0x74,0x20,0x6d,0x61,0x69,0x6e,0x30,0x5f,
    0x69,0x6e,0x0a,0x7b,0x0a,0x20,0x20,0x20,0x20,0x66,0x6c,0x6f,0x61,0x74,0x34,0x20,
    0x76,0x5f,0x63,0x6f,0x6c,0x6f,0x72,0x20,0x5b,0x5b,0x75,0x73,0x65,0x72,0x28,0x6c,
    0x6f,0x63,0x6e,0x30,0x29,0x5d,0x5d,0x3b,0x0a,0x7d,0x3b,0x0a,0x0a,0x66,0x72,0x61,
    0x67,0x6d,0x65,0x6e,0x74,0x20,0x6d,0x61,0x69,0x6e,0x30,0x5f,0x6f,0x75,0x74,0x20,
    0x6d,0x61,0x69,0x6e,0x30,0x28,0x6d,0x61,0x69,0x6e,0x30,0x5f,0x69,0x6e,0x20,0x69,
    0x6e,0x20,0x5b,0x5b,0x73,0x74,0x61,0x67,0x65,0x5f,0x69,0x6e,0x5d,0x5d,0x29,0x0a,
    0x7b,0x0a,0x20,0x20,0x20,0x20,0x6d,0x61,0x69,0x6e,0x30,0x5f,0x6f,0x75,0x74,0x20,
    0x6f,0x75,0x74,0x20,0x3d,0x20,0x7b,0x7d,0x3b,0x0a,0x20,0x20,0x20,0x20,0x6f,0x75,
    0x74,0x2e,0x66,0x72,0x61,0x67,0x5f,0x63,0x6f,0x6c,0x6f,0x72,0x20,0x3d,0x20,0x69,
    0x6e,0x2e,0x76,0x5f,0x63,0x6f,0x6c,0x6f,0x72,0x3b,0x0a,0x20,0x20,0x20,0x20,0x72,
    0x65,0x74,0x75,0x72,0x6e,0x20,0x6f,0x75,0x74,0x3b,0x0a,0x7d,0x0a,0x0a,0x00,
};
/*
    #pragma clang diagnostic ignored "-Wmissing-prototypes"

    #include <metal_stdlib>
    #include <simd/simd.h>

    using namespace metal;

    struct particle_params
    {
        float4 color;
        float4 resolution;
        float4 texel;
        float4 options;
    };

    struct main0_out
    {
        float4 frag_color [[color(0)]];
    };

    struct main0_in
    {
        float2 uv [[user(locn0)]];
    };

    static inline __attribute__((always_inline))
    float hash(thread const float2& p)
    {
        return fract(sin(dot(p, float2(127.09999847412109375, 311.70001220703125))) * 43758.546875);
    }

    fragment main0_out main0(main0_in in [[stage_in]], constant particle_params& _46 [[buffer(0)]], texture2d<float> particleSeedTex [[texture(0)]], sampler particleSeedSmp [[sampler(0)]])
    {
        main0_out out = {};
        float4 _40 = particleSeedTex.sample(particleSeedSmp, in.uv);
        float2 param = in.uv + _46.options.xy;
        float2 param_1 = in.uv.yx + _46.options.zw;
        out.frag_color = float4(fract(hash(param) + _40.x), fract(hash(param_1) + _40.y), 0.0, 1.0) * _46.color;
        return out;
    }

*/
static const uint8_t fs_particles_spawn_source_metal_macos[1027] = {
    0x23,0x70,0x72,0x61,0x67,0x6d,0x61,0x20,0x63,0x6c,0x61,0x6e,0x67,0x20,0x64,0x69,
    0x61,0x67,0x6e,0x6f,0x73,0x74,0x69,0x63,0x20,0x69,0x67,0x6e,0x6f,0x72,0x65,0x64,
    0x20,0x22,0x2d,0x57,0x6d,0x69,0x73,0x73,0x69,0x6e,0x67,0x2d,0x70,0x72,0x6f,0x74,
    0x6f,0x74,0x79,0x70,0x65,0x73,0x22,0x0a,0x0a,0x23,0x69,0x6e,0x63,0x6c,0x75,0x64,
    0x65,0x20,0x3c,0x6d,0x65,0x74,0x61,0x6c,0x5f,0x73,0x74,0x64,0x6c,0x69,0x62,0x3e,
    0x0a,0x23,0x69,0x6e,0x63,0x6c,0x75,0x64,0x65,0x20,0x3c,0x73,0x69,0x6d,0x64,0x2f,
    0x73,0x69,0x6d,0x64,0x2e,0x68,0x3e,0x0a,0x0a,0x75,0x73,0x69,0x6e,0x67,0x20,0x6e,
    0x61,0x6d,0x65,0x73,0x70,0x61,0x63,0x65,0x20,0x6d,0x65,0x74,0x61,0x6c,0x3b,0x0a,
    0x0a,0x73,0x74,0x72,0x75,0x63,0x74,0x20,0x70,0x61,0x72,0x74,0x69,0x63,0x6c,0x65,
    0x5f,0x70,0x61,0x72,0x61,0x6d,0x73,0x0a,0x7b,0x0a,0x20,0x20,0x20,0x20,0x66,0x6c,
    0x6f,0x61,0x74,0x34,0x20,0x63,0x6f,0x6c,0x6f,0x72,0x3b,0x0a,0x20,0x20,0x20,0x20,
    0x66,0x6c,0x6f,0x61,0x74,0x34,0x20,0x72,0x65,0x73,0x6f,0x6c,0x75,0x74,0x69,0x6f,
    0x6e,0x3b,0x0a,0x20,0x20,0x20,0x20,0x66,0x6c,0x6f,0x61,0x74,0x34,0x20,0x74,0x65,
    0x78,0x65,0x6c,0x3b,0x0a,0x20,0x20,0x20,0x20,0x66,0x6c,0x6f,0x61,0x74,0x34,0x20,
    0x6f,0x70,0x74,0x69,0x6f,0x6e,0x73,0x3b,0x0a,0x7d,0x3b,0x0a,0x0a,0x73,0x74,0x72,
    0x75,0x63,0x74,0x20,0x6d,0x61,0x69,0x6e,0x30,0x5f,0x6f,0x75,0x74,0x0a,0x7b,0x0a,
    0x20,0x20,0x20,0x20,0x66,0x6c,0x6f,0x61,0x74,0x34,0x20,0x66,0x72,0x61,0x67,0x5f,
    0x63,0x6f,0x6c,0x6f,0x72,0x20,0x5b,0x5b,0x63,0x6f,0x6c,0x6f,0x72,0x28,0x30,0x29,
    0x5d,0x5d,0x3b,0x0a,0x7d,0x3b,0x0a,0x0a,0x73,0x74,0x72,0x75,0x63,0x74,0x20,0x6d,
    0x61,0x69,0x6e,0x30,0x5f,0x69,0x6e,0x0a,0x7b,0x0a,0x20,0x20,0x20,0x20,0x66,0x6c,
    0x6f,0x61,0x74,0x32,0x20,0x75,0x76,0x20,0x5b,0x5b,0x75,0x73,0x65,0x72,0x28,0x6c,
    0x6f,0x63,0x6e,0x30,0x29,0x5d,0x5d,0x3b,0x0a,0x7d,0x3b,0x0a,0x0a,0x73,0x74,0x61,
    0x74,0x69,0x63,0x20,0x69,0x6e,0x6c,0x69,0x6e,0x65,0x20,0x5f,0x5f,0x61,0x74,0x74,
    0x72,0x69,0x62,0x75,0x74,0x65,0x5f,0x5f,0x28,0x28,0x61,0x6c,0x77,0x61,0x79,0x73,
    0x5f,0x69,0x6e,0x6c,0x69,0x6e,0x65,0x29,0x29,0x0a,0x66,0x6c,0x6f,0x61,0x74,0x20,
    0x68,0x61,0x73,0x68,0x28,0x74,0x68,0x72,0x65,0x61,0x64,0x20,0x63,0x6f,0x6e,0x73,
    0x74,0x20,0x66,0x6c,0x6f,0x61,0x74,0x32,0x26,0x20,0x70,0x29,0x0a,0x7b,0x0a,0x20,
    0x20,0x20,0x20,0x72,0x65,0x74,0x75,0x72,0x6e,0x20,0x66,0x72,0x61,0x63,0x74,0x28,
    0x73,0x69,0x6e,0x28,0x64,0x6f,0x74,0x28,0x70,0x2c,0x20,0x66,0x6c,0x6f,0x61,0x74,
    0x32,0x28,0x31,0x32,0x37,0x2e,0x30,0x39,0x39,0x39,0x39,0x38,0x34,0x37,0x34,0x31,
    0x32,0x31,0x30,0x39,0x33,0x37,0x35,0x2c,0x20,0x33,0x31,0x31,0x2e,0x37,0x30,0x30,
    0x30,0x31,0x32,0x32,0x30,0x37,0x30,0x33,0x31,0x32,0x35,0x29,0x29,0x29,0x20,0x2a,
    0x20,0x34,0x33,0x37,0x35,0x38,0x2e,0x35,0x34,0x36,0x38,0x37,0x35,0x29,0x3b,0x0a,
    0x7d,0x0a,0x0a,0x66,0x72,0x61,0x67,0x6d,0x65,0x6e,0x74,0x20,0x6d,0x61,0x69,0x6e,
    0x30,0x5f,0x6f,0x75,0x74,0x20,0x6d,0x61,0x69,0x6e,0x30,0x28,0x6d,0x61,0x69,0x6e,
    0x30,0x5f,0x69,0x6e,0x20,0x69,0x6e,0x20,0x5b,0x5b,0x73,0x74,0x61,0x67,0x65,0x5f,
    0x69,0x6e,0x5d,0x5d,0x2c,0x20,0x63,0x6f,0x6e,0x73,0x74,0x61,0x6e,0x74,0x20,0x70,
    0x61,0x72,0x74,0x69,0x63,0x6c,0x65,0x5f,0x70,0x61,0x72,0x61,0x6d,0x73,0x26,0x20,
    0x5f,0x34,0x36,0x20,0x5b,0x5b,0x62,0x75,0x66,0x66,0x65,0x72,0x28,0x30,0x29,0x5d,
    0x5d,0x2c,0x20,0x74,0x65,0x78,0x74,0x75,0x72,0x65,0x32,0x64,0x3c,0x66,0x6c,0x6f,
    0x61,0x74,0x3e,0x20,0x70,0x61,0x72,0x74,0x69,0x63,0x6c,0x65,0x53,0x65,0x65,0x64,
    0x54,0x65,0x78,0x20,0x5b,0x5b,0x74,0x65,0x78,0x74,0x75,0x72,0x65,0x28,0x30,0x29,
    0x5d,0x5d,0x2c,0x20,0x73,0x61,0x6d,0x70,0x6c,0x65,0x72,0x20,0x70,0x61,0x72,0x74,
    0x69,0x63,0x6c,0x65,0x53,0x65,0x65,0x64,0x53,0x6d,0x70,0x20,0x5b,0x5b,0x73,0x61,
    0x6d,0x70,0x6c,0x65,0x72,0x28,0x30,0x29,0x5d,0x5d,0x29,0x0a,0x7b,0x0a,0x20,0x20,
    0x20,0x20,0x6d,0x61,0x69,0x6e,0x30,0x5f,0x6f,0x75,0x74,0x20,0x6f,0x75,0x74,0x20,
    0x3d,0x20,0x7b,0x7d,0x3b,0x0a,0x20,0x20,0x20,0x20,0x66,0x6c,0x6f,0x61,0x74,0x34,
    0x20,0x5f,0x34,0x30,0x20,0x3d,0x20,0x70,0x61,0x72,0x74,0x69,0x63,0x6c,0x65,0x53,
    0x65,0x65,0x64,0x54,0x65,0x78,0x2e,0x73,0x61,0x6d,0x70,0x6c,0x65,0x28,0x70,0x61,
    0x72,0x74,0x69,0x63,0x6c,0x65,0x53,0x65,0x65,0x64,0x53,0x6d,0x70,0x2c,0x20,0x69,
    0x6e,0x2e,0x75,0x76,0x29,0x3b,0x0a,0x20,0x20,0x20,0x20,0x66,0x6c,0x6f,0x61,0x74,
    0x32,0x20,0x70,0x61,0x72,0x61,0x6d,0x20,0x3d,0x20,0x69,0x6e,0x2e,0x75,0x76,0x20,
    0x2b,0x20,0x5f,0x34,0x36,0x2e,0x6f,0x70,0x74,0x69,0x6f,0x6e,0x73,0x2e,0x78,0x79,
    0x3b,0x0a,0x20,0x20,0x20,0x20,0x66,0x6c,0x6f,0x61,0x74,0x32,0x20,0x70,0x61,0x72,
    0x61,0x6d,0x5f,0x31,0x20,0x3d,0x20,0x69,0x6e,0x2e,0x75,0x76,0x2e,0x79,0x78,0x20,
    0x2b,0x20,0x5f,0x34,0x36,0x2e,0x6f,0x70,0x74,0x69,0x6f,0x6e,0x73,0x2e,0x7a,0x77,
    0x3b,0x0a,0x20,0x20,0x20,0x20,0x6f,0x75,0x74,0x2e,0x66,0x72,0x61,0x67,0x5f,0x63,
    0x6f,0x6c,0x6f,0x72,0x20,0x3d,0x20,0x66,0x6c,0x6f,0x61,0x74,0x34,0x28,0x66,0x72,
    0x61,0x63,0x74,0x28,0x68,0x61,0x73,0x68,0x28,0x70,0x61,0x72,0x61,0x6d,0x29,0x20,
    0x2b,0x20,0x5f,0x34,0x30,0x2e,0x78,0x29,0x2c,0x20,0x66,0x72,0x61,0x63,0x74,0x28,
    0x68,0x61,0x73,0x68,0x28,0x70,0x61,0x72,0x61,0x6d,0x5f,0x31,0x29,0x20,0x2b,0x20,
    0x5f,0x34,0x30,0x2e,0x79,0x29,0x2c,0x20,0x30,0x2e,0x30,0x2c,0x20,0x31,0x2e,0x30,
    0x29,0x20,0x2a,0x20,0x5f,0x34,0x36,0x2e,0x63,0x6f,0x6c,0x6f,0x72,0x3b,0x0a,0x20,
    0x20,0x20,0x20,0x72,0x65,0x74,0x75,0x72,0x6e,0x20,0x6f,0x75,0x74,0x3b,0x0a,0x7d,
    0x0a,0x0a,0x00,
};
/*
    #include <metal_stdlib>
    #include <simd/simd.h>

    using namespace metal;

    struct particle_params
    {
        float4 color;
        float4 resolution;
        float4 texel;
        float4 options;
    };

    struct main0_out
    {
        float4 frag_color [[color(0)]];
    };

    struct main0_in
    {
        float2 uv [[user(locn0)]];
    };

    fragment main0_out main0(main0_in in [[stage_in]], constant particle_params& _41 [[buffer(0)]], texture2d<float> particleStateTex [[texture(0)]], texture2d<float> particleVelocityTex [[texture(1)]], sampler particleStateSmp [[sampler(0)]], sampler particleVelocitySmp [[sampler(1)]])
    {
        main0_out out = {};
        float4 _24 = particleStateTex.sample(particleStateSmp, in.uv);
        float2 _28 = _24.xy;
        float2 pos = _28 + (particleVelocityTex.sample(particleVelocitySmp, _28).xy * _41.options.x);
        bool _57 = _41.options.w > 0.5;
        bool _64;
        if (_57)
        {
            _64 = _41.options.w < 1.5;
        }
        else
        {
            _64 = _57;
        }
        if (_64)
        {
            float2 _74 = _41.color.xy - pos;
            pos += (((_74 / float2(fast::max(length(_74), 0.0005000000237487256526947021484375))) * _41.color.z) * _41.options.y);
        }
        else
        {
            if (_41.options.w > 1.5)
            {
                float2 _106 = pos - _41.color.xy;
                pos += (((_106 / float2(fast::max(length(_106), 0.0005000000237487256526947021484375))) * _41.color.z) * _41.options.y);
            }
        }
        pos = fract(pos);
        float _130 = _24.z + _41.options.y;
        float age = _130;
        if (_130 > _41.options.z)
        {
            pos = in.uv;
            age = 0.0;
        }
        out.frag_color = float4(pos, age, 1.0);
        return out;
    }

*/
static const uint8_t fs_particles_update_source_metal_macos[1618] = {
    0x23,0x69,0x6e,0x63,0x6c,0x75,0x64,0x65,0x20,0x3c,0x6d,0x65,0x74,0x61,0x6c,0x5f,
    0x73,0x74,0x64,0x6c,0x69,0x62,0x3e,0x0a,0x23,0x69,0x6e,0x63,0x6c,0x75,0x64,0x65,
    0x20,0x3c,0x73,0x69,0x6d,0x64,0x2f,0x73,0x69,0x6d,0x64,0x2e,0x68,0x3e,0x0a,0x0a,
    0x75,0x73,0x69,0x6e,0x67,0x20,0x6e,0x61,0x6d,0x65,0x73,0x70,0x61,0x63,0x65,0x20,
    0x6d,0x65,0x74,0x61,0x6c,0x3b,0x0a,0x0a,0x73,0x74,0x72,0x75,0x63,0x74,0x20,0x70,
    0x61,0x72,0x74,0x69,0x63,0x6c,0x65,0x5f,0x70,0x61,0x72,0x61,0x6d,0x73,0x0a,0x7b,
    0x0a,0x20,0x20,0x20,0x20,0x66,0x6c,0x6f,0x61,0x74,0x34,0x20,0x63,0x6f,0x6c,0x6f,
    0x72,0x3b,0x0a,0x20,0x20,0x20,0x20,0x66,0x6c,0x6f,0x61,0x74,0x34,0x20,0x72,0x65,
    0x73,0x6f,0x6c,0x75,0x74,0x69,0x6f,0x6e,0x3b,0x0a,0x20,0x20,0x20,0x20,0x66,0x6c,
    0x6f,0x61,0x74,0x34,0x20,0x74,0x65,0x78,0x65,0x6c,0x3b,0x0a,0x20,0x20,0x20,0x20,
    0x66,0x6c,0x6f,0x61,0x74,0x34,0x20,0x6f,0x70,0x74,0x69,0x6f,0x6e,0x73,0x3b,0x0a,
    0x7d,0x3b,0x0a,0x0a,0x73,0x74,0x72,0x75,0x63,0x74,0x20,0x6d,0x61,0x69,0x6e,0x30,
    0x5f,0x6f,0x75,0x74,0x0a,0x7b,0x0a,0x20,0x20,0x20,0x20,0x66,0x6c,0x6f,0x61,0x74,
    0x34,0x20,0x66,0x72,0x61,0x67,0x5f,0x63,0x6f,0x6c,0x6f,0x72,0x20,0x5b,0x5b,0x63,
    0x6f,0x6c,0x6f,0x72,0x28,0x30,0x29,0x5d,0x5d,0x3b,0x0a,0x7d,0x3b,0x0a,0x0a,0x73,
    0x74,0x72,0x75,0x63,0x74,0x20,0x6d,0x61,0x69,0x6e,0x30,0x5f,0x69,0x6e,0x0a,0x7b,
    0x0a,0x20,0x20,0x20,0x20,0x66,0x6c,0x6f,0x61,0x74,0x32,0x20,0x75,0x76,0x20,0x5b,
    0x5b,0x75,0x73,0x65,0x72,0x28,0x6c,0x6f,0x63,0x6e,0x30,0x29,0x5d,0x5d,0x3b,0x0a,
    0x7d,0x3b,0x0a,0x0a,0x66,0x72,0x61,0x67,0x6d,0x65,0x6e,0x74,0x20,0x6d,0x61,0x69,
    0x6e,0x30,0x5f,0x6f,0x75,0x74,0x20,0x6d,0x61,0x69,0x6e,0x30,0x28,0x6d,0x61,0x69,
    0x6e,0x30,0x5f,0x69,0x6e,0x20,0x69,0x6e,0x20,0x5b,0x5b,0x73,0x74,0x61,0x67,0x65,
    0x5f,0x69,0x6e,0x5d,0x5d,0x2c,0x20,0x63,0x6f,0x6e,0x73,0x74,0x61,0x6e,0x74,0x20,
    0x70,0x61,0x72,0x74,0x69,0x63,0x6c,0x65,0x5f,0x70,0x61,0x72,0x61,0x6d,0x73,0x26,
    0x20,0x5f,0x34,0x31,0x20,0x5b,0x5b,0x62,0x75,0x66,0x66,0x65,0x72,0x28,0x30,0x29,
    0x5d,0x5d,0x2c,0x20,0x74,0x65,0x78,0x74,0x75,0x72,0x65,0x32,0x64,0x3c,0x66,0x6c,
    0x6f,0x61,0x74,0x3e,0x20,0x70,0x61,0x72,0x74,0x69,0x63,0x6c,0x65,0x53,0x74,0x61,
    0x74,0x65,0x54,0x65,0x78,0x20,0x5b,0x5b,0x74,0x65,0x78,0x74,0x75,0x72,0x65,0x28,
    0x30,0x29,0x5d,0x5d,0x2c,0x20,0x74,0x65,0x78,0x74,0x75,0x72,0x65,0x32,0x64,0x3c,
    0x66,0x6c,0x6f,0x61,0x74,0x3e,0x20,0x70,0x61,0x72,0x74,0x69,0x63,0x6c,0x65,0x56,
    0x65,0x6c,0x6f,0x63,0x69,0x74,0x79,0x54,0x65,0x78,0x20,0x5b,0x5b,0x74,0x65,0x78,
    0x74,0x75,0x72,0x65,0x28,0x31,0x29,0x5d,0x5d,0x2c,0x20,0x73,0x61,0x6d,0x70,0x6c,
    0x65,0x72,0x20,0x70,0x61,0x72,0x74,0x69,0x63,0x6c,0x65,0x53,0x74,0x61,0x74,0x65,
    0x53,0x6d,0x70,0x20,0x5b,0x5b,0x73,0x61,0x6d,0x70,0x6c,0x65,0x72,0x28,0x30,0x29,
    0x5d,0x5d,0x2c,0x20,0x73,0x61,0x6d,0x70,0x6c,0x65,0x72,0x20,0x70,0x61,0x72,0x74,
    0x69,0x63,0x6c,0x65,0x56,0x65,0x6c,0x6f,0x63,0x69,0x74,0x79,0x53,0x6d,0x70,0x20,
    0x5b,0x5b,0x73,0x61,0x6d,0x70,0x6c,0x65,0x72,0x28,0x31,0x29,0x5d,0x5d,0x29,0x0a,
    0x7b,0x0a,0x20,0x20,0x20,0x20,0x6d,0x61,0x69,0x6e,0x30,0x5f,0x6f,0x75,0x74,0x20,
    0x6f,0x75,0x74,0x20,0x3d,0x20,0x7b,0x7d,0x3b,0x0a,0x20,0x20,0x20,0x20,0x66,0x6c,
    0x6f,0x61,0x74,0x34,0x20,0x5f,0x32,0x34,0x20,0x3d,0x20,0x70,0x61,0x72,0x74,0x69,
    0x63,0x6c,0x65,0x53,0x74,0x61,0x74,0x65,0x54,0x65,0x78,0x2e,0x73,0x61,0x6d,0x70,
    0x6c,0x65,0x28,0x70,0x61,0x72,0x74,0x69,0x63,0x6c,0x65,0x53,0x74,0x61,0x74,0x65,
    0x53,0x6d,0x70,0x2c,0x20,0x69,0x6e,0x2e,0x75,0x76,0x29,0x3b,0x0a,0x20,0x20,0x20,
    0x20,0x66,0x6c,0x6f,0x61,0x74,0x32,0x20,0x5f,0x32,0x38,0x20,0x3d,0x20,0x5f,0x32,
    0x34,0x2e,0x78,0x79,0x3b,0x0a,0x20,0x20,0x20,0x20,0x66,0x6c,0x6f,0x61,0x74,0x32,
    0x20,0x70,0x6f,0x73,0x20,0x3d,0x20,0x5f,0x32,0x38,0x20,0x2b,0x20,0x28,0x70,0x61,
    0x72,0x74,0x69,0x63,0x6c,0x65,0x56,0x65,0x6c,0x6f,0x63,0x69,0x74,0x79,0x54,0x65,
    0x78,0x2e,0x73,0x61,0x6d,0x70,0x6c,0x65,0x28,0x70,0x61,0x72,0x74,0x69,0x63,0x6c,
    0x65,0x56,0x65,0x6c,0x6f,0x63,0x69,0x74,0x79,0x53,0x6d,0x70,0x2c,0x20,0x5f,0x32,
    0x38,0x29,0x2e,0x78,0x79,0x20,0x2a,0x20,0x5f,0x34,0x31,0x2e,0x6f,0x70,0x74,0x69,
    0x6f,0x6e,0x73,0x2e,0x78,0x29,0x3b,0x0a,0x20,0x20,0x20,0x20,0x62,0x6f,0x6f,0x6c,
    0x20,0x5f,0x35,0x37,0x20,0x3d,0x20,0x5f,0x34,0x31,0x2e,0x6f,0x70,0x74,0x69,0x6f,
    0x6e,0x73,0x2e,0x77,0x20,0x3e,0x20,0x30,0x2e,0x35,0x3b,0x0a,0x20,0x20,0x20,0x20,
    0x62,0x6f,0x6f,0x6c,0x20,0x5f,0x36,0x34,0x3b,0x0a,0x20,0x20,0x20,0x20,0x69,0x66,
    0x20,0x28,0x5f,0x35,0x37,0x29,0x0a,0x20,0x20,0x20,0x20,0x7b,0x0a,0x20,0x20,0x20,
    0x20,0x20,0x20,0x20,0x20,0x5f,0x36,0x34,0x20,0x3d,0x20,0x5f,0x34,0x31,0x2e,0x6f,
    0x70,0x74,0x69,0x6f,0x6e,0x73,0x2e,0x77,0x20,0x3c,0x20,0x31,0x2e,0x35,0x3b,0x0a,
    0x20,0x20,0x20,0x20,0x7d,0x0a,0x20,0x20,0x20,0x20,0x65,0x6c,0x73,0x65,0x0a,0x20,
    0x20,0x20,0x20,0x7b,0x0a,0x20,0x20,0x20,0x20,0x20,0x20,0x20,0x20,0x5f,0x36,0x34,
    0x20,0x3d,0x20,0x5f,0x35,0x37,0x3b,0x0a,0x20,0x20,0x20,0x20,0x7d,0x0a,0x20,0x20,
    0x20,0x20,0x69,0x66,0x20,0x28,0x5f,0x36,0x34,0x29,0x0a,0x20,0x20,0x20,0x20,0x7b,
    0x0a,0x20,0x20,0x20,0x20,0x20,0x20,0x20,0x20,0x66,0x6c,0x6f,0x61,0x74,0x32,0x20,
    0x5f,0x37,0x34,0x20,0x3d,0x20,0x5f,0x34,0x31,0x2e,0x63,0x6f,0x6c,0x6f,0x72,0x2e,
    0x78,0x79,0x20,0x2d,0x20,0x70,0x6f,0x73,0x3b,0x0a,0x20,0x20,0x20,0x20,0x20,0x20,
    0x20,0x20,0x70,0x6f,0x73,0x20,0x2b,0x3d,0x20,0x28,0x28,0x28,0x5f,0x37,0x34,0x20,
    0x2f,0x20,0x66,0x6c,0x6f,0x61,0x74,0x32,0x28,0x66,0x61,0x73,0x74,0x3a,0x3a,0x6d,
    0x61,0x78,0x28,0x6c,0x65,0x6e,0x67,0x74,0x68,0x28,0x5f,0x37,0x34,0x29,0x2c,0x20,
    0x30,0x2e,0x30,0x30,0x30,0x35,0x30,0x30,0x30,0x30,0x30,0x30,0x32,0x33,0x37,0x34,
    0x38,0x37,0x32,0x35,0x36,0x35,0x32,0x36,0x39,0x34,0x37,0x30,0x32,0x31,0x34,0x38,
    0x34,0x33,0x37,0x35,0x29,0x29,0x29,0x20,0x2a,0x20,0x5f,0x34,0x31,0x2e,0x63,0x6f,
    0x6c,0x6f,0x72,0x2e,0x7a,0x29,0x20,0x2a,0x20,0x5f,0x34,0x31,0x2e,0x6f,0x70,0x74,
    0x69,0x6f,0x6e,0x73,0x2e,0x79,0x29,0x3b,0x0a,0x20,0x20,0x20,0x20,0x7d,0x0a,0x20,
    0x20,0x20,0x20,0x65,0x6c,0x73,0x65,0x0a,0x20,0x20,0x20,0x20,0x7b,0x0a,0x20,0x20,
    0x20,0x20,0x20,0x20,0x20,0x20,0x69,0x66,0x20,0x28,0x5f,0x34,0x31,0x2e,0x6f,0x70,
    0x74,0x69,0x6f,0x6e,0x73,0x2e,0x77,0x20,0x3e,0x20,0x31,0x2e,0x35,0x29,0x0a,0x20,
    0x20,0x20,0x20,0x20,0x20,0x20,0x20,0x7b,0x0a,0x20,0x20,0x20,0x20,0x20,0x20,0x20,
    0x20,0x20,0x20,0x20,0x20,0x66,0x6c,0x6f,0x61,0x74,0x32,0x20,0x5f,0x31,0x30,0x36,
    0x20,0x3d,0x20,0x70,0x6f,0x73,0x20,0x2d,0x20,0x5f,0x34,0x31,0x2e,0x63,0x6f,0x6c,
    0x6f,0x72,0x2e,0x78,0x79,0x3b,0x0a,0x20,0x20,0x20,0x20,0x20,0x20,0x20,0x20,0x20,
    0x20,0x20,0x20,0x70,0x6f,0x73,0x20,0x2b,0x3d,0x20,0x28,0x28,0x28,0x5f,0x31,0x30,
    0x36,0x20,0x2f,0x20,0x66,0x6c,0x6f,0x61,0x74,0x32,0x28,0x66,0x61,0x73,0x74,0x3a,
    0x3a,0x6d,0x61,0x78,0x28,0x6c,0x65,0x6e,0x67,0x74,0x68,0x28,0x5f,0x31,0x30,0x36,
    0x29,0x2c,0x20,0x30,0x2e,0x30,0x30,0x30,0x35,0x30,0x30,0x30,0x30,0x30,0x30,0x32,
    0x33,0x37,0x34,0x38,0x37,0x32,0x35,0x36,0x35,0x32,0x36,0x39,0x34,0x37,0x30,0x32,
    0x31,0x34,0x38,0x34,0x33,0x37,0x35,0x29,0x29,0x29,0x20,0x2a,0x20,0x5f,0x34,0x31,
    0x2e,0x63,0x6f,0x6c,0x6f,0x72,0x2e,0x7a,0x29,0x20,0x2a,0x20,0x5f,0x34,0x31,0x2e,
    0x6f,0x70,0x74,0x69,0x6f,0x6e,0x73,0x2e,0x79,0x29,0x3b,0x0a,0x20,0x20,0x20,0x20,
    0x20,0x20,0x20,0x20,0x7d,0x0a,0x20,0x20,0x20,0x20,0x7d,0x0a,0x20,0x20,0x20,0x20,
    0x70,0x6f,0x73,0x20,0x3d,0x20,0x66,0x72,0x61,0x63,0x74,0x28,0x70,0x6f,0x73,0x29,
    0x3b,0x0a,0x20,0x20,0x20,0x20,0x66,0x6c,0x6f,0x61,0x74,0x20,0x5f,0x31,0x33,0x30,
    0x20,0x3d,0x20,0x5f,0x32,0x34,0x2e,0x7a,0x20,0x2b,0x20,0x5f,0x34,0x31,0x2e,0x6f,
    0x70,0x74,0x69,0x6f,0x6e,0x73,0x2e,0x79,0x3b,0x0a,0x20,0x20,0x20,0x20,0x66,0x6c,
    0x6f,0x61,0x74,0x20,0x61,0x67,0x65,0x20,0x3d,0x20,0x5f,0x31,0x33,0x30,0x3b,0x0a,
    0x20,0x20,0x20,0x20,0x69,0x66,0x20,0x28,0x5f,0x31,0x33,0x30,0x20,0x3e,0x20,0x5f,
    0x34,0x31,0x2e,0x6f,0x70,0x74,0x69,0x6f,0x6e,0x73,0x2e,0x7a,0x29,0x0a,0x20,0x20,
    0x20,0x20,0x7b,0x0a,0x20,0x20,0x20,0x20,0x20,0x20,0x20,0x20,0x70,0x6f,0x73,0x20,
    0x3d,0x20,0x69,0x6e,0x2e,0x75,0x76,0x3b,0x0a,0x20,0x20,0x20,0x20,0x20,0x20,0x20,
    0x20,0x61,0x67,0x65,0x20,0x3d,0x20,0x30,0x2e,0x30,0x3b,0x0a,0x20,0x20,0x20,0x20,
    0x7d,0x0a,0x20,0x20,0x20,0x20,0x6f,0x75,0x74,0x2e,0x66,0x72,0x61,0x67,0x5f,0x63,
    0x6f,0x6c,0x6f,0x72,0x20,0x3d,0x20,0x66,0x6c,0x6f,0x61,0x74,0x34,0x28,0x70,0x6f,
    0x73,0x2c,0x20,0x61,0x67,0x65,0x2c,0x20,0x31,0x2e,0x30,0x29,0x3b,0x0a,0x20,0x20,
    0x20,0x20,0x72,0x65,0x74,0x75,0x72,0x6e,0x20,0x6f,0x75,0x74,0x3b,0x0a,0x7d,0x0a,
    0x0a,0x00,
};
/*
    #include <metal_stdlib>
    #include <simd/simd.h>

    using namespace metal;

    struct particle_params
    {
        float4 color;
        float4 resolution;
        float4 texel;
        float4 options;
    };

    struct main0_out
    {
        float4 frag_color [[color(0)]];
    };

    struct main0_in
    {
        float2 uv [[user(locn0)]];
    };

    fragment main0_out main0(main0_in in [[stage_in]], constant particle_params& _34 [[buffer(0)]], texture2d<float> particleStateTex [[texture(0)]], sampler particleStateSmp [[sampler(0)]])
    {
        main0_out out = {};
        out.frag_color = float4(_34.color.xyz, _34.color.w * (1.0 - fast::clamp(particleStateTex.sample(particleStateSmp, in.uv).z / fast::max(_34.options.z, 9.9999997473787516355514526367188e-05), 0.0, 1.0)));
        return out;
    }

*/
static const uint8_t fs_particles_render_source_metal_macos[732] = {
    0x23,0x69,0x6e,0x63,0x6c,0x75,0x64,0x65,0x20,0x3c,0x6d,0x65,0x74,0x61,0x6c,0x5f,
    0x73,0x74,0x64,0x6c,0x69,0x62,0x3e,0x0a,0x23,0x69,0x6e,0x63,0x6c,0x75,0x64,0x65,
    0x20,0x3c,0x73,0x69,0x6d,0x64,0x2f,0x73,0x69,0x6d,0x64,0x2e,0x68,0x3e,0x0a,0x0a,
    0x75,0x73,0x69,0x6e,0x67,0x20,0x6e,0x61,0x6d,0x65,0x73,0x70,0x61,0x63,0x65,0x20,
    0x6d,0x65,0x74,0x61,0x6c,0x3b,0x0a,0x0a,0x73,0x74,0x72,0x75,0x63,0x74,0x20,0x70,
    0x61,0x72,0x74,0x69,0x63,0x6c,0x65,0x5f,0x70,0x61,0x72,0x61,0x6d,0x73,0x0a,0x7b,
    0x0a,0x20,0x20,0x20,0x20,0x66,0x6c,0x6f,0x61,0x74,0x34,0x20,0x63,0x6f,0x6c,0x6f,
    0x72,0x3b,0x0a,0x20,0x20,0x20,0x20,0x66,0x6c,0x6f,0x61,0x74,0x34,0x20,0x72,0x65,
    0x73,0x6f,0x6c,0x75,0x74,0x69,0x6f,0x6e,0x3b,0x0a,0x20,0x20,0x20,0x20,0x66,0x6c,
    0x6f,0x61,0x74,0x34,0x20,0x74,0x65,0x78,0x65,0x6c,0x3b,0x0a,0x20,0x20,0x20,0x20,
    0x66,0x6c,0x6f,0x61,0x74,0x34,0x20,0x6f,0x70,0x74,0x69,0x6f,0x6e,0x73,0x3b,0x0a,
    0x7d,0x3b,0x0a,0x0a,0x73,0x74,0x72,0x75,0x63,0x74,0x20,0x6d,0x61,0x69,0x6e,0x30,
    0x5f,0x6f,0x75,0x74,0x0a,0x7b,0x0a,0x20,0x20,0x20,0x20,0x66,0x6c,0x6f,0x61,0x74,
    0x34,0x20,0x66,0x72,0x61,0x67,0x5f,0x63,0x6f,0x6c,0x6f,0x72,0x20,0x5b,0x5b,0x63,
    0x6f,0x6c,0x6f,0x72,0x28,0x30,0x29,0x5d,0x5d,0x3b,0x0a,0x7d,0x3b,0x0a,0x0a,0x73,
    0x74,0x72,0x75,0x63,0x74,0x20,0x6d,0x61,0x69,0x6e,0x30,0x5f,0x69,0x6e,0x0a,0x7b,
    0x0a,0x20,0x20,0x20,0x20,0x66,0x6c,0x6f,0x61,0x74,0x32,0x20,0x75,0x76,0x20,0x5b,
    0x5b,0x75,0x73,0x65,0x72,0x28,0x6c,0x6f,0x63,0x6e,0x30,0x29,0x5d,0x5d,0x3b,0x0a,
    0x7d,0x3b,0x0a,0x0a,0x66,0x72,0x61,0x67,0x6d,0x65,0x6e,0x74,0x20,0x6d,0x61,0x69,
    0x6e,0x30,0x5f,0x6f,0x75,0x74,0x20,0x6d,0x61,0x69,0x6e,0x30,0x28,0x6d,0x61,0x69,
    0x6e,0x30,0x5f,0x69,0x6e,0x20,0x69,0x6e,0x20,0x5b,0x5b,0x73,0x74,0x61,0x67,0x65,
    0x5f,0x69,0x6e,0x5d,0x5d,0x2c,0x20,0x63,0x6f,0x6e,0x73,0x74,0x61,0x6e,0x74,0x20,
    0x70,0x61,0x72,0x74,0x69,0x63,0x6c,0x65,0x5f,0x70,0x61,0x72,0x61,0x6d,0x73,0x26,
    0x20,0x5f,0x33,0x34,0x20,0x5b,0x5b,0x62,0x75,0x66,0x66,0x65,0x72,0x28,0x30,0x29,
    0x5d,0x5d,0x2c,0x20,0x74,0x65,0x78,0x74,0x75,0x72,0x65,0x32,0x64,0x3c,0x66,0x6c,
    0x6f,0x61,0x74,0x3e,0x20,0x70,0x61,0x72,0x74,0x69,0x63,0x6c,0x65,0x53,0x74,0x61,
    0x74,0x65,0x54,0x65,0x78,0x20,0x5b,0x5b,0x74,0x65,0x78,0x74,0x75,0x72,0x65,0x28,
    0x30,0x29,0x5d,0x5d,0x2c,0x20,0x73,0x61,0x6d,0x70,0x6c,0x65,0x72,0x20,0x70,0x61,
    0x72,0x74,0x69,0x63,0x6c,0x65,0x53,0x74,0x61,0x74,0x65,0x53,0x6d,0x70,0x20,0x5b,
    0x5b,0x73,0x61,0x6d,0x70,0x6c,0x65,0x72,0x28,0x30,0x29,0x5d,0x5d,0x29,0x0a,0x7b,
    0x0a,0x20,0x20,0x20,0x20,0x6d,0x61,0x69,0x6e,0x30,0x5f,0x6f,0x75,0x74,0x20,0x6f,
    0x75,0x74,0x20,0x3d,0x20,0x7b,0x7d,0x3b,0x0a,0x20,0x20,0x20,0x20,0x6f,0x75,0x74,
    0x2e,0x66,0x72,0x61,0x67,0x5f,0x63,0x6f,0x6c,0x6f,0x72,0x20,0x3d,0x20,0x66,0x6c,
    0x6f,0x61,0x74,0x34,0x28,0x5f,0x33,0x34,0x2e,0x63,0x6f,0x6c,0x6f,0x72,0x2e,0x78,
    0x79,0x7a,0x2c,0x20,0x5f,0x33,0x34,0x2e,0x63,0x6f,0x6c,0x6f,0x72,0x2e,0x77,0x20,
    0x2a,0x20,0x28,0x31,0x2e,0x30,0x20,0x2d,0x20,0x66,0x61,0x73,0x74,0x3a,0x3a,0x63,
    0x6c,0x61,0x6d,0x70,0x28,0x70,0x61,0x72,0x74,0x69,0x63,0x6c,0x65,0x53,0x74,0x61,
    0x74,0x65,0x54,0x65,0x78,0x2e,0x73,0x61,0x6d,0x70,0x6c,0x65,0x28,0x70,0x61,0x72,
    0x74,0x69,0x63,0x6c,0x65,0x53,0x74,0x61,0x74,0x65,0x53,0x6d,0x70,0x2c,0x20,0x69,
    0x6e,0x2e,0x75,0x76,0x29,0x2e,0x7a,0x20,0x2f,0x20,0x66,0x61,0x73,0x74,0x3a,0x3a,
    0x6d,0x61,0x78,0x28,0x5f,0x33,0x34,0x2e,0x6f,0x70,0x74,0x69,0x6f,0x6e,0x73,0x2e,
    0x7a,0x2c,0x20,0x39,0x2e,0x39,0x39,0x39,0x39,0x39,0x39,0x37,0x34,0x37,0x33,0x37,
    0x38,0x37,0x35,0x31,0x36,0x33,0x35,0x35,0x35,0x31,0x34,0x35,0x32,0x36,0x33,0x36,
    0x37,0x31,0x38,0x38,0x65,0x2d,0x30,0x35,0x29,0x2c,0x20,0x30,0x2e,0x30,0x2c,0x20,
    0x31,0x2e,0x30,0x29,0x29,0x29,0x3b,0x0a,0x20,0x20,0x20,0x20,0x72,0x65,0x74,0x75,
    0x72,0x6e,0x20,0x6f,0x75,0x74,0x3b,0x0a,0x7d,0x0a,0x0a,0x00,
};
/*
    diagnostic(off, derivative_uniformity);

    var<private> position_1 : vec2f;

    var<private> uv : vec2f;

    var<private> texcoord0 : vec2f;

    var<private> gl_Position : vec4f;

    fn main_1() {
      gl_Position = vec4f(position_1.x, position_1.y, 0.0f, 1.0f);
      uv = texcoord0;
      return;
    }

    struct main_out {
      @builtin(position)
      gl_Position : vec4f,
      @location(0)
      uv_1 : vec2f,
    }

    @vertex
    fn main(@location(0) position_1_param : vec2f, @location(1) texcoord0_param : vec2f) -> main_out {
      position_1 = position_1_param;
      texcoord0 = texcoord0_param;
      main_1();
      return main_out(gl_Position, uv);
    }
*/
static const uint8_t particles_vs_source_wgsl[595] = {
    0x64,0x69,0x61,0x67,0x6e,0x6f,0x73,0x74,0x69,0x63,0x28,0x6f,0x66,0x66,0x2c,0x20,
    0x64,0x65,0x72,0x69,0x76,0x61,0x74,0x69,0x76,0x65,0x5f,0x75,0x6e,0x69,0x66,0x6f,
    0x72,0x6d,0x69,0x74,0x79,0x29,0x3b,0x0a,0x0a,0x76,0x61,0x72,0x3c,0x70,0x72,0x69,
    0x76,0x61,0x74,0x65,0x3e,0x20,0x70,0x6f,0x73,0x69,0x74,0x69,0x6f,0x6e,0x5f,0x31,
    0x20,0x3a,0x20,0x76,0x65,0x63,0x32,0x66,0x3b,0x0a,0x0a,0x76,0x61,0x72,0x3c,0x70,
    0x72,0x69,0x76,0x61,0x74,0x65,0x3e,0x20,0x75,0x76,0x20,0x3a,0x20,0x76,0x65,0x63,
    0x32,0x66,0x3b,0x0a,0x0a,0x76,0x61,0x72,0x3c,0x70,0x72,0x69,0x76,0x61,0x74,0x65,
    0x3e,0x20,0x74,0x65,0x78,0x63,0x6f,0x6f,0x72,0x64,0x30,0x20,0x3a,0x20,0x76,0x65,
    0x63,0x32,0x66,0x3b,0x0a,0x0a,0x76,0x61,0x72,0x3c,0x70,0x72,0x69,0x76,0x61,0x74,
    0x65,0x3e,0x20,0x67,0x6c,0x5f,0x50,0x6f,0x73,0x69,0x74,0x69,0x6f,0x6e,0x20,0x3a,
    0x20,0x76,0x65,0x63,0x34,0x66,0x3b,0x0a,0x0a,0x66,0x6e,0x20,0x6d,0x61,0x69,0x6e,
    0x5f,0x31,0x28,0x29,0x20,0x7b,0x0a,0x20,0x20,0x67,0x6c,0x5f,0x50,0x6f,0x73,0x69,
    0x74,0x69,0x6f,0x6e,0x20,0x3d,0x20,0x76,0x65,0x63,0x34,0x66,0x28,0x70,0x6f,0x73,
    0x69,0x74,0x69,0x6f,0x6e,0x5f,0x31,0x2e,0x78,0x2c,0x20,0x70,0x6f,0x73,0x69,0x74,
    0x69,0x6f,0x6e,0x5f,0x31,0x2e,0x79,0x2c,0x20,0x30,0x2e,0x30,0x66,0x2c,0x20,0x31,
    0x2e,0x30,0x66,0x29,0x3b,0x0a,0x20,0x20,0x75,0x76,0x20,0x3d,0x20,0x74,0x65,0x78,
    0x63,0x6f,0x6f,0x72,0x64,0x30,0x3b,0x0a,0x20,0x20,0x72,0x65,0x74,0x75,0x72,0x6e,
    0x3b,0x0a,0x7d,0x0a,0x0a,0x73,0x74,0x72,0x75,0x63,0x74,0x20,0x6d,0x61,0x69,0x6e,
    0x5f,0x6f,0x75,0x74,0x20,0x7b,0x0a,0x20,0x20,0x40,0x62,0x75,0x69,0x6c,0x74,0x69,
    0x6e,0x28,0x70,0x6f,0x73,0x69,0x74,0x69,0x6f,0x6e,0x29,0x0a,0x20,0x20,0x67,0x6c,
    0x5f,0x50,0x6f,0x73,0x69,0x74,0x69,0x6f,0x6e,0x20,0x3a,0x20,0x76,0x65,0x63,0x34,
    0x66,0x2c,0x0a,0x20,0x20,0x40,0x6c,0x6f,0x63,0x61,0x74,0x69,0x6f,0x6e,0x28,0x30,
    0x29,0x0a,0x20,0x20,0x75,0x76,0x5f,0x31,0x20,0x3a,0x20,0x76,0x65,0x63,0x32,0x66,
    0x2c,0x0a,0x7d,0x0a,0x0a,0x40,0x76,0x65,0x72,0x74,0x65,0x78,0x0a,0x66,0x6e,0x20,
    0x6d,0x61,0x69,0x6e,0x28,0x40,0x6c,0x6f,0x63,0x61,0x74,0x69,0x6f,0x6e,0x28,0x30,
    0x29,0x20,0x70,0x6f,0x73,0x69,0x74,0x69,0x6f,0x6e,0x5f,0x31,0x5f,0x70,0x61,0x72,
    0x61,0x6d,0x20,0x3a,0x20,0x76,0x65,0x63,0x32,0x66,0x2c,0x20,0x40,0x6c,0x6f,0x63,
    0x61,0x74,0x69,0x6f,0x6e,0x28,0x31,0x29,0x20,0x74,0x65,0x78,0x63,0x6f,0x6f,0x72,
    0x64,0x30,0x5f,0x70,0x61,0x72,0x61,0x6d,0x20,0x3a,0x20,0x76,0x65,0x63,0x32,0x66,
    0x29,0x20,0x2d,0x3e,0x20,0x6d,0x61,0x69,0x6e,0x5f,0x6f,0x75,0x74,0x20,0x7b,0x0a,
    0x20,0x20,0x70,0x6f,0x73,0x69,0x74,0x69,0x6f,0x6e,0x5f,0x31,0x20,0x3d,0x20,0x70,
    0x6f,0x73,0x69,0x74,0x69,0x6f,0x6e,0x5f,0x31,0x5f,0x70,0x61,0x72,0x61,0x6d,0x3b,
    0x0a,0x20,0x20,0x74,0x65,0x78,0x63,0x6f,0x6f,0x72,0x64,0x30,0x20,0x3d,0x20,0x74,
    0x65,0x78,0x63,0x6f,0x6f,0x72,0x64,0x30,0x5f,0x70,0x61,0x72,0x61,0x6d,0x3b,0x0a,
    0x20,0x20,0x6d,0x61,0x69,0x6e,0x5f,0x31,0x28,0x29,0x3b,0x0a,0x20,0x20,0x72,0x65,
    0x74,0x75,0x72,0x6e,0x20,0x6d,0x61,0x69,0x6e,0x5f,0x6f,0x75,0x74,0x28,0x67,0x6c,
    0x5f,0x50,0x6f,0x73,0x69,0x74,0x69,0x6f,0x6e,0x2c,0x20,0x75,0x76,0x29,0x3b,0x0a,
    0x7d,0x0a,0x00,
};
/*
    diagnostic(off, derivative_uniformity);

    struct particle_point_params {
      /_ @offset(0) _/
      color : vec4f,
      /_ @offset(16) _/
      resolution : vec4f,
      /_ @offset(32) _/
      texel : vec4f,
      /_ @offset(48) _/
      options : vec4f,
    }

    @binding(0) @group(1) var particlePointStateTex : texture_2d<f32>;

    @binding(32) @group(1) var particlePointStateSmp : sampler;

    var<private> lookup : vec2f;

    @binding(0) @group(0) var<uniform> x_30 : particle_point_params;

    var<private> corner : vec2f;

    var<private> v_color : vec4f;

    var<private> gl_Position : vec4f;

    fn main_1() {
      var state : vec4f;
      var pixel : vec2f;
      var ndc : vec2f;
      var fade : f32;
      state = textureSampleLevel(particlePointStateTex, particlePointStateSmp, lookup, 0.0f);
      pixel = (x_30.texel.xy + (state.xy * x_30.resolution.zw));
      pixel = (pixel + (corner * x_30.options.w));
      ndc = (((pixel / max(x_30.resolution.xy, vec2f(1.0f))) * 2.0f) - vec2f(1.0f));
      ndc.y = -(ndc.y);
      fade = (1.0f - clamp((state.z / max(x_30.options.z, 0.00009999999747378752f)), 0.0f, 1.0f));
      let x_92 = x_30.color.xyz;
      v_color = vec4f(x_92.x, x_92.y, x_92.z, (x_30.color.w * fade));
      gl_Position = vec4f(ndc.x, ndc.y, 0.0f, 1.0f);
      return;
    }

    struct main_out {
      @location(0)
      v_color_1 : vec4f,
      @builtin(position)
      gl_Position : vec4f,
    }

    @vertex
    fn main(@location(0) lookup_param : vec2f, @location(1) corner_param : vec2f) -> main_out {
      lookup = lookup_param;
      corner = corner_param;
      main_1();
      return main_out(v_color, gl_Position);
    }
*/
static const uint8_t particle_points_vs_source_wgsl[1501] = {
    0x64,0x69,0x61,0x67,0x6e,0x6f,0x73,0x74,0x69,0x63,0x28,0x6f,0x66,0x66,0x2c,0x20,
    0x64,0x65,0x72,0x69,0x76,0x61,0x74,0x69,0x76,0x65,0x5f,0x75,0x6e,0x69,0x66,0x6f,
    0x72,0x6d,0x69,0x74,0x79,0x29,0x3b,0x0a,0x0a,0x73,0x74,0x72,0x75,0x63,0x74,0x20,
    0x70,0x61,0x72,0x74,0x69,0x63,0x6c,0x65,0x5f,0x70,0x6f,0x69,0x6e,0x74,0x5f,0x70,
    0x61,0x72,0x61,0x6d,0x73,0x20,0x7b,0x0a,0x20,0x20,0x2f,0x2a,0x20,0x40,0x6f,0x66,
    0x66,0x73,0x65,0x74,0x28,0x30,0x29,0x20,0x2a,0x2f,0x0a,0x20,0x20,0x63,0x6f,0x6c,
    0x6f,0x72,0x20,0x3a,0x20,0x76,0x65,0x63,0x34,0x66,0x2c,0x0a,0x20,0x20,0x2f,0x2a,
    0x20,0x40,0x6f,0x66,0x66,0x73,0x65,0x74,0x28,0x31,0x36,0x29,0x20,0x2a,0x2f,0x0a,
    0x20,0x20,0x72,0x65,0x73,0x6f,0x6c,0x75,0x74,0x69,0x6f,0x6e,0x20,0x3a,0x20,0x76,
    0x65,0x63,0x34,0x66,0x2c,0x0a,0x20,0x20,0x2f,0x2a,0x20,0x40,0x6f,0x66,0x66,0x73,
    0x65,0x74,0x28,0x33,0x32,0x29,0x20,0x2a,0x2f,0x0a,0x20,0x20,0x74,0x65,0x78,0x65,
    0x6c,0x20,0x3a,0x20,0x76,0x65,0x63,0x34,0x66,0x2c,0x0a,0x20,0x20,0x2f,0x2a,0x20,
    0x40,0x6f,0x66,0x66,0x73,0x65,0x74,0x28,0x34,0x38,0x29,0x20,0x2a,0x2f,0x0a,0x20,
    0x20,0x6f,0x70,0x74,0x69,0x6f,0x6e,0x73,0x20,0x3a,0x20,0x76,0x65,0x63,0x34,0x66,
    0x2c,0x0a,0x7d,0x0a,0x0a,0x40,0x62,0x69,0x6e,0x64,0x69,0x6e,0x67,0x28,0x30,0x29,
    0x20,0x40,0x67,0x72,0x6f,0x75,0x70,0x28,0x31,0x29,0x20,0x76,0x61,0x72,0x20,0x70,
    0x61,0x72,0x74,0x69,0x63,0x6c,0x65,0x50,0x6f,0x69,0x6e,0x74,0x53,0x74,0x61,0x74,
    0x65,0x54,0x65,0x78,0x20,0x3a,0x20,0x74,0x65,0x78,0x74,0x75,0x72,0x65,0x5f,0x32,
    0x64,0x3c,0x66,0x33,0x32,0x3e,0x3b,0x0a,0x0a,0x40,0x62,0x69,0x6e,0x64,0x69,0x6e,
    0x67,0x28,0x33,0x32,0x29,0x20,0x40,0x67,0x72,0x6f,0x75,0x70,0x28,0x31,0x29,0x20,
    0x76,0x61,0x72,0x20,0x70,0x61,0x72,0x74,0x69,0x63,0x6c,0x65,0x50,0x6f,0x69,0x6e,
    0x74,0x53,0x74,0x61,0x74,0x65,0x53,0x6d,0x70,0x20,0x3a,0x20,0x73,0x61,0x6d,0x70,
    0x6c,0x65,0x72,0x3b,0x0a,0x0a,0x76,0x61,0x72,0x3c,0x70,0x72,0x69,0x76,0x61,0x74,
    0x65,0x3e,0x20,0x6c,0x6f,0x6f,0x6b,0x75,0x70,0x20,0x3a,0x20,0x76,0x65,0x63,0x32,
    0x66,0x3b,0x0a,0x0a,0x40,0x62,0x69,0x6e,0x64,0x69,0x6e,0x67,0x28,0x30,0x29,0x20,
    0x40,0x67,0x72,0x6f,0x75,0x70,0x28,0x30,0x29,0x20,0x76,0x61,0x72,0x3c,0x75,0x6e,
    0x69,0x66,0x6f,0x72,0x6d,0x3e,0x20,0x78,0x5f,0x33,0x30,0x20,0x3a,0x20,0x70,0x61,
    0x72,0x74,0x69,0x63,0x6c,0x65,0x5f,0x70,0x6f,0x69,0x6e,0x74,0x5f,0x70,0x61,0x72,
    0x61,0x6d,0x73,0x3b,0x0a,0x0a,0x76,0x61,0x72,0x3c,0x70,0x72,0x69,0x76,0x61,0x74,
    0x65,0x3e,0x20,0x63,0x6f,0x72,0x6e,0x65,0x72,0x20,0x3a,0x20,0x76,0x65,0x63,0x32,
    0x66,0x3b,0x0a,0x0a,0x76,0x61,0x72,0x3c,0x70,0x72,0x69,0x76,0x61,0x74,0x65,0x3e,
    0x20,0x76,0x5f,0x63,0x6f,0x6c,0x6f,0x72,0x20,0x3a,0x20,0x76,0x65,0x63,0x34,0x66,
    0x3b,0x0a,0x0a,0x76,0x61,0x72,0x3c,0x70,0x72,0x69,0x76,0x61,0x74,0x65,0x3e,0x20,
    0x67,0x6c,0x5f,0x50,0x6f,0x73,0x69,0x74,0x69,0x6f,0x6e,0x20,0x3a,0x20,0x76,0x65,
    0x63,0x34,0x66,0x3b,0x0a,0x0a,0x66,0x6e,0x20,0x6d,0x61,0x69,0x6e,0x5f,0x31,0x28,
    0x29,0x20,0x7b,0x0a,0x20,0x20,0x76,0x61,0x72,0x20,0x73,0x74,0x61,0x74,0x65,0x20,
    0x3a,0x20,0x76,0x65,0x63,0x34,0x66,0x3b,0x0a,0x20,0x20,0x76,0x61,0x72,0x20,0x70,
    0x69,0x78,0x65,0x6c,0x20,0x3a,0x20,0x76,0x65,0x63,0x32,0x66,0x3b,0x0a,0x20,0x20,
    0x76,0x61,0x72,0x20,0x6e,0x64,0x63,0x20,0x3a,0x20,0x76,0x65,0x63,0x32,0x66,0x3b,
    0x0a,0x20,0x20,0x76,0x61,0x72,0x20,0x66,0x61,0x64,0x65,0x20,0x3a,0x20,0x66,0x33,
    0x32,0x3b,0x0a,0x20,0x20,0x73,0x74,0x61,0x74,0x65,0x20,0x3d,0x20,0x74,0x65,0x78,
    0x74,0x75,0x72,0x65,0x53,0x61,0x6d,0x70,0x6c,0x65,0x4c,0x65,0x76,0x65,0x6c,0x28,
    0x70,0x61,0x72,0x74,0x69,0x63,0x6c,0x65,0x50,0x6f,0x69,0x6e,0x74,0x53,0x74,0x61,
    0x74,0x65,0x54,0x65,0x78,0x2c,0x20,0x70,0x61,0x72,0x74,0x69,0x63,0x6c,0x65,0x50,
    0x6f,0x69,0x6e,0x74,0x53,0x74,0x61,0x74,0x65,0x53,0x6d,0x70,0x2c,0x20,0x6c,0x6f,
    0x6f,0x6b,0x75,0x70,0x2c,0x20,0x30,0x2e,0x30,0x66,0x29,0x3b,0x0a,0x20,0x20,0x70,
    0x69,0x78,0x65,0x6c,0x20,0x3d,0x20,0x28,0x78,0x5f,0x33,0x30,0x2e,0x74,0x65,0x78,
    0x65,0x6c,0x2e,0x78,0x79,0x20,0x2b,0x20,0x28,0x73,0x74,0x61,0x74,0x65,0x2e,0x78,
    0x79,0x20,0x2a,0x20,0x78,0x5f,0x33,0x30,0x2e,0x72,0x65,0x73,0x6f,0x6c,0x75,0x74,
    0x69,0x6f,0x6e,0x2e,0x7a,0x77,0x29,0x29,0x3b,0x0a,0x20,0x20,0x70,0x69,0x78,0x65,
    0x6c,0x20,0x3d,0x20,0x28,0x70,0x69,0x78,0x65,0x6c,0x20,0x2b,0x20,0x28,0x63,0x6f,
    0x72,0x6e,0x65,0x72,0x20,0x2a,0x20,0x78,0x5f,0x33,0x30,0x2e,0x6f,0x70,0x74,0x69,
    0x6f,0x6e,0x73,0x2e,0x77,0x29,0x29,0x3b,0x0a,0x20,0x20,0x6e,0x64,0x63,0x20,0x3d,
    0x20,0x28,0x28,0x28,0x70,0x69,0x78,0x65,0x6c,0x20,0x2f,0x20,0x6d,0x61,0x78,0x28,
    0x78,0x5f,0x33,0x30,0x2e,0x72,0x65,0x73,0x6f,0x6c,0x75,0x74,0x69,0x6f,0x6e,0x2e,
    0x78,0x79,0x2c,0x20,0x76,0x65,0x63,0x32,0x66,0x28,0x31,0x2e,0x30,0x66,0x29,0x29,
    0x29,0x20,0x2a,0x20,0x32,0x2e,0x30,0x66,0x29,0x20,0x2d,0x20,0x76,0x65,0x63,0x32,
    0x66,0x28,0x31,0x2e,0x30,0x66,0x29,0x29,0x3b,0x0a,0x20,0x20,0x6e,0x64,0x63,0x2e,
    0x79,0x20,0x3d,0x20,0x2d,0x28,0x6e,0x64,0x63,0x2e,0x79,0x29,0x3b,0x0a,0x20,0x20,
    0x66,0x61,0x64,0x65,0x20,0x3d,0x20,0x28,0x31,0x2e,0x30,0x66,0x20,0x2d,0x20,0x63,
    0x6c,0x61,0x6d,0x70,0x28,0x28,0x73,0x74,0x61,0x74,0x65,0x2e,0x7a,0x20,0x2f,0x20,
    0x6d,0x61,0x78,0x28,0x78,0x5f,0x33,0x30,0x2e,0x6f,0x70,0x74,0x69,0x6f,0x6e,0x73,
    0x2e,0x7a,0x2c,0x20,0x30,0x2e,0x30,0x30,0x30,0x30,0x39,0x39,0x39,0x39,0x39,0x39,
    0x39,0x37,0x34,0x37,0x33,0x37,0x38,0x37,0x35,0x32,0x66,0x29,0x29,0x2c,0x20,0x30,
    0x2e,0x30,0x66,0x2c,0x20,0x31,0x2e,0x30,0x66,0x29,0x29,0x3b,0x0a,0x20,0x20,0x6c,
    0x65,0x74,0x20,0x78,0x5f,0x39,0x32,0x20,0x3d,0x20,0x78,0x5f,0x33,0x30,0x2e,0x63,
    0x6f,0x6c,0x6f,0x72,0x2e,0x78,0x79,0x7a,0x3b,0x0a,0x20,0x20,0x76,0x5f,0x63,0x6f,
    0x6c,0x6f,0x72,0x20,0x3d,0x20,0x76,0x65,0x63,0x34,0x66,0x28,0x78,0x5f,0x39,0x32,
    0x2e,0x78,0x2c,0x20,0x78,0x5f,0x39,0x32,0x2e,0x79,0x2c,0x20,0x78,0x5f,0x39,0x32,
    0x2e,0x7a,0x2c,0x20,0x28,0x78,0x5f,0x33,0x30,0x2e,0x63,0x6f,0x6c,0x6f,0x72,0x2e,
    0x77,0x20,0x2a,0x20,0x66,0x61,0x64,0x65,0x29,0x29,0x3b,0x0a,0x20,0x20,0x67,0x6c,
    0x5f,0x50,0x6f,0x73,0x69,0x74,0x69,0x6f,0x6e,0x20,0x3d,0x20,0x76,0x65,0x63,0x34,
    0x66,0x28,0x6e,0x64,0x63,0x2e,0x78,0x2c,0x20,0x6e,0x64,0x63,0x2e,0x79,0x2c,0x20,
    0x30,0x2e,0x30,0x66,0x2c,0x20,0x31,0x2e,0x30,0x66,0x29,0x3b,0x0a,0x20,0x20,0x72,
    0x65,0x74,0x75,0x72,0x6e,0x3b,0x0a,0x7d,0x0a,0x0a,0x73,0x74,0x72,0x75,0x63,0x74,
    0x20,0x6d,0x61,0x69,0x6e,0x5f,0x6f,0x75,0x74,0x20,0x7b,0x0a,0x20,0x20,0x40,0x6c,
    0x6f,0x63,0x61,0x74,0x69,0x6f,0x6e,0x28,0x30,0x29,0x0a,0x20,0x20,0x76,0x5f,0x63,
    0x6f,0x6c,0x6f,0x72,0x5f,0x31,0x20,0x3a,0x20,0x76,0x65,0x63,0x34,0x66,0x2c,0x0a,
    0x20,0x20,0x40,0x62,0x75,0x69,0x6c,0x74,0x69,0x6e,0x28,0x70,0x6f,0x73,0x69,0x74,
    0x69,0x6f,0x6e,0x29,0x0a,0x20,0x20,0x67,0x6c,0x5f,0x50,0x6f,0x73,0x69,0x74,0x69,
    0x6f,0x6e,0x20,0x3a,0x20,0x76,0x65,0x63,0x34,0x66,0x2c,0x0a,0x7d,0x0a,0x0a,0x40,
    0x76,0x65,0x72,0x74,0x65,0x78,0x0a,0x66,0x6e,0x20,0x6d,0x61,0x69,0x6e,0x28,0x40,
    0x6c,0x6f,0x63,0x61,0x74,0x69,0x6f,0x6e,0x28,0x30,0x29,0x20,0x6c,0x6f,0x6f,0x6b,
    0x75,0x70,0x5f,0x70,0x61,0x72,0x61,0x6d,0x20,0x3a,0x20,0x76,0x65,0x63,0x32,0x66,
    0x2c,0x20,0x40,0x6c,0x6f,0x63,0x61,0x74,0x69,0x6f,0x6e,0x28,0x31,0x29,0x20,0x63,
    0x6f,0x72,0x6e,0x65,0x72,0x5f,0x70,0x61,0x72,0x61,0x6d,0x20,0x3a,0x20,0x76,0x65,
    0x63,0x32,0x66,0x29,0x20,0x2d,0x3e,0x20,0x6d,0x61,0x69,0x6e,0x5f,0x6f,0x75,0x74,
    0x20,0x7b,0x0a,0x20,0x20,0x6c,0x6f,0x6f,0x6b,0x75,0x70,0x20,0x3d,0x20,0x6c,0x6f,
    0x6f,0x6b,0x75,0x70,0x5f,0x70,0x61,0x72,0x61,0x6d,0x3b,0x0a,0x20,0x20,0x63,0x6f,
    0x72,0x6e,0x65,0x72,0x20,0x3d,0x20,0x63,0x6f,0x72,0x6e,0x65,0x72,0x5f,0x70,0x61,
    0x72,0x61,0x6d,0x3b,0x0a,0x20,0x20,0x6d,0x61,0x69,0x6e,0x5f,0x31,0x28,0x29,0x3b,
    0x0a,0x20,0x20,0x72,0x65,0x74,0x75,0x72,0x6e,0x20,0x6d,0x61,0x69,0x6e,0x5f,0x6f,
    0x75,0x74,0x28,0x76,0x5f,0x63,0x6f,0x6c,0x6f,0x72,0x2c,0x20,0x67,0x6c,0x5f,0x50,
    0x6f,0x73,0x69,0x74,0x69,0x6f,0x6e,0x29,0x3b,0x0a,0x7d,0x0a,0x00,
};
/*
    diagnostic(off, derivative_uniformity);

    var<private> frag_color : vec4f;

    var<private> v_color : vec4f;

    fn main_1() {
      frag_color = v_color;
      return;
    }

    struct main_out {
      @location(0)
      frag_color_1 : vec4f,
    }

    @fragment
    fn main(@location(0) v_color_param : vec4f) -> main_out {
      v_color = v_color_param;
      main_1();
      return main_out(frag_color);
    }
*/
static const uint8_t fs_particle_points_source_wgsl[358] = {
    0x64,0x69,0x61,0x67,0x6e,0x6f,0x73,0x74,0x69,0x63,0x28,0x6f,0x66,0x66,0x2c,0x20,
    0x64,0x65,0x72,0x69,0x76,0x61,0x74,0x69,0x76,0x65,0x5f,0x75,0x6e,0x69,0x66,0x6f,
    0x72,0x6d,0x69,0x74,0x79,0x29,0x3b,0x0a,0x0a,0x76,0x61,0x72,0x3c,0x70,0x72,0x69,
    0x76,0x61,0x74,0x65,0x3e,0x20,0x66,0x72,0x61,0x67,0x5f,0x63,0x6f,0x6c,0x6f,0x72,
    0x20,0x3a,0x20,0x76,0x65,0x63,0x34,0x66,0x3b,0x0a,0x0a,0x76,0x61,0x72,0x3c,0x70,
    0x72,0x69,0x76,0x61,0x74,0x65,0x3e,0x20,0x76,0x5f,0x63,0x6f,0x6c,0x6f,0x72,0x20,
    0x3a,0x20,0x76,0x65,0x63,0x34,0x66,0x3b,0x0a,0x0a,0x66,0x6e,0x20,0x6d,0x61,0x69,
    0x6e,0x5f,0x31,0x28,0x29,0x20,0x7b,0x0a,0x20,0x20,0x66,0x72,0x61,0x67,0x5f,0x63,
    0x6f,0x6c,0x6f,0x72,0x20,0x3d,0x20,0x76,0x5f,0x63,0x6f,0x6c,0x6f,0x72,0x3b,0x0a,
    0x20,0x20,0x72,0x65,0x74,0x75,0x72,0x6e,0x3b,0x0a,0x7d,0x0a,0x0a,0x73,0x74,0x72,
    0x75,0x63,0x74,0x20,0x6d,0x61,0x69,0x6e,0x5f,0x6f,0x75,0x74,0x20,0x7b,0x0a,0x20,
    0x20,0x40,0x6c,0x6f,0x63,0x61,0x74,0x69,0x6f,0x6e,0x28,0x30,0x29,0x0a,0x20,0x20,
    0x66,0x72,0x61,0x67,0x5f,0x63,0x6f,0x6c,0x6f,0x72,0x5f,0x31,0x20,0x3a,0x20,0x76,
    0x65,0x63,0x34,0x66,0x2c,0x0a,0x7d,0x0a,0x0a,0x40,0x66,0x72,0x61,0x67,0x6d,0x65,
    0x6e,0x74,0x0a,0x66,0x6e,0x20,0x6d,0x61,0x69,0x6e,0x28,0x40,0x6c,0x6f,0x63,0x61,
    0x74,0x69,0x6f,0x6e,0x28,0x30,0x29,0x20,0x76,0x5f,0x63,0x6f,0x6c,0x6f,0x72,0x5f,
    0x70,0x61,0x72,0x61,0x6d,0x20,0x3a,0x20,0x76,0x65,0x63,0x34,0x66,0x29,0x20,0x2d,
    0x3e,0x20,0x6d,0x61,0x69,0x6e,0x5f,0x6f,0x75,0x74,0x20,0x7b,0x0a,0x20,0x20,0x76,
    0x5f,0x63,0x6f,0x6c,0x6f,0x72,0x20,0x3d,0x20,0x76,0x5f,0x63,0x6f,0x6c,0x6f,0x72,
    0x5f,0x70,0x61,0x72,0x61,0x6d,0x3b,0x0a,0x20,0x20,0x6d,0x61,0x69,0x6e,0x5f,0x31,
    0x28,0x29,0x3b,0x0a,0x20,0x20,0x72,0x65,0x74,0x75,0x72,0x6e,0x20,0x6d,0x61,0x69,
    0x6e,0x5f,0x6f,0x75,0x74,0x28,0x66,0x72,0x61,0x67,0x5f,0x63,0x6f,0x6c,0x6f,0x72,
    0x29,0x3b,0x0a,0x7d,0x0a,0x00,
};
/*
    diagnostic(off, derivative_uniformity);

    struct particle_params {
      /_ @offset(0) _/
      color : vec4f,
      /_ @offset(16) _/
      resolution : vec4f,
      /_ @offset(32) _/
      texel : vec4f,
      /_ @offset(48) _/
      options : vec4f,
    }

    @binding(0) @group(1) var particleSeedTex : texture_2d<f32>;

    @binding(32) @group(1) var particleSeedSmp : sampler;

    var<private> uv : vec2f;

    @binding(0) @group(0) var<uniform> x_46 : particle_params;

    var<private> frag_color : vec4f;

    fn hash_vf2_(p : ptr<function, vec2f>) -> f32 {
      let x_13 = *(p);
      return fract((sin(dot(x_13, vec2f(127.09999847412109375f, 311.70001220703125f))) * 43758.546875f));
    }

    fn main_1() {
      var seed : vec4f;
      var a : f32;
      var param : vec2f;
      var b : f32;
      var param_1 : vec2f;
      let x_39 = uv;
      let x_40 = textureSample(particleSeedTex, particleSeedSmp, x_39);
      seed = x_40;
      param = (uv + x_46.options.xy);
      let x_55 = hash_vf2_(&(param));
      a = x_55;
      param_1 = (uv.yx + x_46.options.zw);
      let x_64 = hash_vf2_(&(param_1));
      b = x_64;
      frag_color = (vec4f(fract((a + seed.x)), fract((b + seed.y)), 0.0f, 1.0f) * x_46.color);
      return;
    }

    struct main_out {
      @location(0)
      frag_color_1 : vec4f,
    }

    @fragment
    fn main(@location(0) uv_param : vec2f) -> main_out {
      uv = uv_param;
      main_1();
      return main_out(frag_color);
    }
*/
static const uint8_t fs_particles_spawn_source_wgsl[1297] = {
    0x64,0x69,0x61,0x67,0x6e,0x6f,0x73,0x74,0x69,0x63,0x28,0x6f,0x66,0x66,0x2c,0x20,
    0x64,0x65,0x72,0x69,0x76,0x61,0x74,0x69,0x76,0x65,0x5f,0x75,0x6e,0x69,0x66,0x6f,
    0x72,0x6d,0x69,0x74,0x79,0x29,0x3b,0x0a,0x0a,0x73,0x74,0x72,0x75,0x63,0x74,0x20,
    0x70,0x61,0x72,0x74,0x69,0x63,0x6c,0x65,0x5f,0x70,0x61,0x72,0x61,0x6d,0x73,0x20,
    0x7b,0x0a,0x20,0x20,0x2f,0x2a,0x20,0x40,0x6f,0x66,0x66,0x73,0x65,0x74,0x28,0x30,
    0x29,0x20,0x2a,0x2f,0x0a,0x20,0x20,0x63,0x6f,0x6c,0x6f,0x72,0x20,0x3a,0x20,0x76,
    0x65,0x63,0x34,0x66,0x2c,0x0a,0x20,0x20,0x2f,0x2a,0x20,0x40,0x6f,0x66,0x66,0x73,
    0x65,0x74,0x28,0x31,0x36,0x29,0x20,0x2a,0x2f,0x0a,0x20,0x20,0x72,0x65,0x73,0x6f,
    0x6c,0x75,0x74,0x69,0x6f,0x6e,0x20,0x3a,0x20,0x76,0x65,0x63,0x34,0x66,0x2c,0x0a,
    0x20,0x20,0x2f,0x2a,0x20,0x40,0x6f,0x66,0x66,0x73,0x65,0x74,0x28,0x33,0x32,0x29,
    0x20,0x2a,0x2f,0x0a,0x20,0x20,0x74,0x65,0x78,0x65,0x6c,0x20,0x3a,0x20,0x76,0x65,
    0x63,0x34,0x66,0x2c,0x0a,0x20,0x20,0x2f,0x2a,0x20,0x40,0x6f,0x66,0x66,0x73,0x65,
    0x74,0x28,0x34,0x38,0x29,0x20,0x2a,0x2f,0x0a,0x20,0x20,0x6f,0x70,0x74,0x69,0x6f,
    0x6e,0x73,0x20,0x3a,0x20,0x76,0x65,0x63,0x34,0x66,0x2c,0x0a,0x7d,0x0a,0x0a,0x40,
    0x62,0x69,0x6e,0x64,0x69,0x6e,0x67,0x28,0x30,0x29,0x20,0x40,0x67,0x72,0x6f,0x75,
    0x70,0x28,0x31,0x29,0x20,0x76,0x61,0x72,0x20,0x70,0x61,0x72,0x74,0x69,0x63,0x6c,
    0x65,0x53,0x65,0x65,0x64,0x54,0x65,0x78,0x20,0x3a,0x20,0x74,0x65,0x78,0x74,0x75,
    0x72,0x65,0x5f,0x32,0x64,0x3c,0x66,0x33,0x32,0x3e,0x3b,0x0a,0x0a,0x40,0x62,0x69,
    0x6e,0x64,0x69,0x6e,0x67,0x28,0x33,0x32,0x29,0x20,0x40,0x67,0x72,0x6f,0x75,0x70,
    0x28,0x31,0x29,0x20,0x76,0x61,0x72,0x20,0x70,0x61,0x72,0x74,0x69,0x63,0x6c,0x65,
    0x53,0x65,0x65,0x64,0x53,0x6d,0x70,0x20,0x3a,0x20,0x73,0x61,0x6d,0x70,0x6c,0x65,
    0x72,0x3b,0x0a,0x0a,0x76,0x61,0x72,0x3c,0x70,0x72,0x69,0x76,0x61,0x74,0x65,0x3e,
    0x20,0x75,0x76,0x20,0x3a,0x20,0x76,0x65,0x63,0x32,0x66,0x3b,0x0a,0x0a,0x40,0x62,
    0x69,0x6e,0x64,0x69,0x6e,0x67,0x28,0x30,0x29,0x20,0x40,0x67,0x72,0x6f,0x75,0x70,
    0x28,0x30,0x29,0x20,0x76,0x61,0x72,0x3c,0x75,0x6e,0x69,0x66,0x6f,0x72,0x6d,0x3e,
    0x20,0x78,0x5f,0x34,0x36,0x20,0x3a,0x20,0x70,0x61,0x72,0x74,0x69,0x63,0x6c,0x65,
    0x5f,0x70,0x61,0x72,0x61,0x6d,0x73,0x3b,0x0a,0x0a,0x76,0x61,0x72,0x3c,0x70,0x72,
    0x69,0x76,0x61,0x74,0x65,0x3e,0x20,0x66,0x72,0x61,0x67,0x5f,0x63,0x6f,0x6c,0x6f,
    0x72,0x20,0x3a,0x20,0x76,0x65,0x63,0x34,0x66,0x3b,0x0a,0x0a,0x66,0x6e,0x20,0x68,
    0x61,0x73,0x68,0x5f,0x76,0x66,0x32,0x5f,0x28,0x70,0x20,0x3a,0x20,0x70,0x74,0x72,
    0x3c,0x66,0x75,0x6e,0x63,0x74,0x69,0x6f,0x6e,0x2c,0x20,0x76,0x65,0x63,0x32,0x66,
    0x3e,0x29,0x20,0x2d,0x3e,0x20,0x66,0x33,0x32,0x20,0x7b,0x0a,0x20,0x20,0x6c,0x65,
    0x74,0x20,0x78,0x5f,0x31,0x33,0x20,0x3d,0x20,0x2a,0x28,0x70,0x29,0x3b,0x0a,0x20,
    0x20,0x72,0x65,0x74,0x75,0x72,0x6e,0x20,0x66,0x72,0x61,0x63,0x74,0x28,0x28,0x73,
    0x69,0x6e,0x28,0x64,0x6f,0x74,0x28,0x78,0x5f,0x31,0x33,0x2c,0x20,0x76,0x65,0x63,
    0x32,0x66,0x28,0x31,0x32,0x37,0x2e,0x30,0x39,0x39,0x39,0x39,0x38,0x34,0x37,0x34,
    0x31,0x32,0x31,0x30,0x39,0x33,0x37,0x35,0x66,0x2c,0x20,0x33,0x31,0x31,0x2e,0x37,
    0x30,0x30,0x30,0x31,0x32,0x32,0x30,0x37,0x30,0x33,0x31,0x32,0x35,0x66,0x29,0x29,
    0x29,0x20,0x2a,0x20,0x34,0x33,0x37,0x35,0x38,0x2e,0x35,0x34,0x36,0x38,0x37,0x35,
    0x66,0x29,0x29,0x3b,0x0a,0x7d,0x0a,0x0a,0x66,0x6e,0x20,0x6d,0x61,0x69,0x6e,0x5f,
    0x31,0x28,0x29,0x20,0x7b,0x0a,0x20,0x20,0x76,0x61,0x72,0x20,0x73,0x65,0x65,0x64,
    0x20,0x3a,0x20,0x76,0x65,0x63,0x34,0x66,0x3b,0x0a,0x20,0x20,0x76,0x61,0x72,0x20,
    0x61,0x20,0x3a,0x20,0x66,0x33,0x32,0x3b,0x0a,0x20,0x20,0x76,0x61,0x72,0x20,0x70,
    0x61,0x72,0x61,0x6d,0x20,0x3a,0x20,0x76,0x65,0x63,0x32,0x66,0x3b,0x0a,0x20,0x20,
    0x76,0x61,0x72,0x20,0x62,0x20,0x3a,0x20,0x66,0x33,0x32,0x3b,0x0a,0x20,0x20,0x76,
    0x61,0x72,0x20,0x70,0x61,0x72,0x61,0x6d,0x5f,0x31,0x20,0x3a,0x20,0x76,0x65,0x63,
    0x32,0x66,0x3b,0x0a,0x20,0x20,0x6c,0x65,0x74,0x20,0x78,0x5f,0x33,0x39,0x20,0x3d,
    0x20,0x75,0x76,0x3b,0x0a,0x20,0x20,0x6c,0x65,0x74,0x20,0x78,0x5f,0x34,0x30,0x20,
    0x3d,0x20,0x74,0x65,0x78,0x74,0x75,0x72,0x65,0x53,0x61,0x6d,0x70,0x6c,0x65,0x28,
    0x70,0x61,0x72,0x74,0x69,0x63,0x6c,0x65,0x53,0x65,0x65,0x64,0x54,0x65,0x78,0x2c,
    0x20,0x70,0x61,0x72,0x74,0x69,0x63,0x6c,0x65,0x53,0x65,0x65,0x64,0x53,0x6d,0x70,
    0x2c,0x20,0x78,0x5f,0x33,0x39,0x29,0x3b,0x0a,0x20,0x20,0x73,0x65,0x65,0x64,0x20,
    0x3d,0x20,0x78,0x5f,0x34,0x30,0x3b,0x0a,0x20,0x20,0x70,0x61,0x72,0x61,0x6d,0x20,
    0x3d,0x20,0x28,0x75,0x76,0x20,0x2b,0x20,0x78,0x5f,0x34,0x36,0x2e,0x6f,0x70,0x74,
    0x69,0x6f,0x6e,0x73,0x2e,0x78,0x79,0x29,0x3b,0x0a,0x20,0x20,0x6c,0x65,0x74,0x20,
    0x78,0x5f,0x35,0x35,0x20,0x3d,0x20,0x68,0x61,0x73,0x68,0x5f,0x76,0x66,0x32,0x5f,
    0x28,0x26,0x28,0x70,0x61,0x72,0x61,0x6d,0x29,0x29,0x3b,0x0a,0x20,0x20,0x61,0x20,
    0x3d,0x20,0x78,0x5f,0x35,0x35,0x3b,0x0a,0x20,0x20,0x70,0x61,0x72,0x61,0x6d,0x5f,
    0x31,0x20,0x3d,0x20,0x28,0x75,0x76,0x2e,0x79,0x78,0x20,0x2b,0x20,0x78,0x5f,0x34,
    0x36,0x2e,0x6f,0x70,0x74,0x69,0x6f,0x6e,0x73,0x2e,0x7a,0x77,0x29,0x3b,0x0a,0x20,
    0x20,0x6c,0x65,0x74,0x20,0x78,0x5f,0x36,0x34,0x20,0x3d,0x20,0x68,0x61,0x73,0x68,
    0x5f,0x76,0x66,0x32,0x5f,0x28,0x26,0x28,0x70,0x61,0x72,0x61,0x6d,0x5f,0x31,0x29,
    0x29,0x3b,0x0a,0x20,0x20,0x62,0x20,0x3d,0x20,0x78,0x5f,0x36,0x34,0x3b,0x0a,0x20,
    0x20,0x66,0x72,0x61,0x67,0x5f,0x63,0x6f,0x6c,0x6f,0x72,0x20,0x3d,0x20,0x28,0x76,
    0x65,0x63,0x34,0x66,0x28,0x66,0x72,0x61,0x63,0x74,0x28,0x28,0x61,0x20,0x2b,0x20,
    0x73,0x65,0x65,0x64,0x2e,0x78,0x29,0x29,0x2c,0x20,0x66,0x72,0x61,0x63,0x74,0x28,
    0x28,0x62,0x20,0x2b,0x20,0x73,0x65,0x65,0x64,0x2e,0x79,0x29,0x29,0x2c,0x20,0x30,
    0x2e,0x30,0x66,0x2c,0x20,0x31,0x2e,0x30,0x66,0x29,0x20,0x2a,0x20,0x78,0x5f,0x34,
    0x36,0x2e,0x63,0x6f,0x6c,0x6f,0x72,0x29,0x3b,0x0a,0x20,0x20,0x72,0x65,0x74,0x75,
    0x72,0x6e,0x3b,0x0a,0x7d,0x0a,0x0a,0x73,0x74,0x72,0x75,0x63,0x74,0x20,0x6d,0x61,
    0x69,0x6e,0x5f,0x6f,0x75,0x74,0x20,0x7b,0x0a,0x20,0x20,0x40,0x6c,0x6f,0x63,0x61,
    0x74,0x69,0x6f,0x6e,0x28,0x30,0x29,0x0a,0x20,0x20,0x66,0x72,0x61,0x67,0x5f,0x63,
    0x6f,0x6c,0x6f,0x72,0x5f,0x31,0x20,0x3a,0x20,0x76,0x65,0x63,0x34,0x66,0x2c,0x0a,
    0x7d,0x0a,0x0a,0x40,0x66,0x72,0x61,0x67,0x6d,0x65,0x6e,0x74,0x0a,0x66,0x6e,0x20,
    0x6d,0x61,0x69,0x6e,0x28,0x40,0x6c,0x6f,0x63,0x61,0x74,0x69,0x6f,0x6e,0x28,0x30,
    0x29,0x20,0x75,0x76,0x5f,0x70,0x61,0x72,0x61,0x6d,0x20,0x3a,0x20,0x76,0x65,0x63,
    0x32,0x66,0x29,0x20,0x2d,0x3e,0x20,0x6d,0x61,0x69,0x6e,0x5f,0x6f,0x75,0x74,0x20,
    0x7b,0x0a,0x20,0x20,0x75,0x76,0x20,0x3d,0x20,0x75,0x76,0x5f,0x70,0x61,0x72,0x61,
    0x6d,0x3b,0x0a,0x20,0x20,0x6d,0x61,0x69,0x6e,0x5f,0x31,0x28,0x29,0x3b,0x0a,0x20,
    0x20,0x72,0x65,0x74,0x75,0x72,0x6e,0x20,0x6d,0x61,0x69,0x6e,0x5f,0x6f,0x75,0x74,
    0x28,0x66,0x72,0x61,0x67,0x5f,0x63,0x6f,0x6c,0x6f,0x72,0x29,0x3b,0x0a,0x7d,0x0a,
    0x00,
};
/*
    diagnostic(off, derivative_uniformity);

    struct particle_params {
      /_ @offset(0) _/
      color : vec4f,
      /_ @offset(16) _/
      resolution : vec4f,
      /_ @offset(32) _/
      texel : vec4f,
      /_ @offset(48) _/
      options : vec4f,
    }

    @binding(0) @group(1) var particleStateTex : texture_2d<f32>;

    @binding(32) @group(1) var particleStateSmp : sampler;

    var<private> uv : vec2f;

    @binding(1) @group(1) var particleVelocityTex : texture_2d<f32>;

    @binding(33) @group(1) var particleVelocitySmp : sampler;

    @binding(0) @group(0) var<uniform> x_41 : particle_params;

    var<private> frag_color : vec4f;

    fn main_1() {
      var state : vec4f;
      var pos : vec2f;
      var flow : vec2f;
      var toward : vec2f;
      var dist : f32;
      var away : vec2f;
      var dist_1 : f32;
      var age : f32;
      var x_63 : bool;
      var x_64 : bool;
      let x_23 = uv;
      let x_24 = textureSample(particleStateTex, particleStateSmp, x_23);
      state = x_24;
      pos = state.xy;
      let x_35 = pos;
      let x_36 = textureSample(particleVelocityTex, particleVelocitySmp, x_35);
      flow = x_36.xy;
      pos = (pos + (flow * x_41.options.x));
      let x_57 = (x_41.options.w > 0.5f);
      x_64 = x_57;
      if (x_57) {
        x_63 = (x_41.options.w < 1.5f);
        x_64 = x_63;
      }
      if (x_64) {
        toward = (x_41.color.xy - pos);
        dist = max(length(toward), 0.00050000002374872565f);
        pos = (pos + (((toward / vec2f(dist)) * x_41.color.z) * x_41.options.y));
      } else {
        if ((x_41.options.w > 1.5f)) {
          away = (pos - x_41.color.xy);
          dist_1 = max(length(away), 0.00050000002374872565f);
          pos = (pos + (((away / vec2f(dist_1)) * x_41.color.z) * x_41.options.y));
        }
      }
      pos = fract(pos);
      age = (state.z + x_41.options.y);
      if ((age > x_41.options.z)) {
        pos = uv;
        age = 0.0f;
      }
      frag_color = vec4f(pos.x, pos.y, age, 1.0f);
      return;
    }

    struct main_out {
      @location(0)
      frag_color_1 : vec4f,
    }

    @fragment
    fn main(@location(0) uv_param : vec2f) -> main_out {
      uv = uv_param;
      main_1();
      return main_out(frag_color);
    }
*/
static const uint8_t fs_particles_update_source_wgsl[1978] = {
    0x64,0x69,0x61,0x67,0x6e,0x6f,0x73,0x74,0x69,0x63,0x28,0x6f,0x66,0x66,0x2c,0x20,
    0x64,0x65,0x72,0x69,0x76,0x61,0x74,0x69,0x76,0x65,0x5f,0x75,0x6e,0x69,0x66,0x6f,
    0x72,0x6d,0x69,0x74,0x79,0x29,0x3b,0x0a,0x0a,0x73,0x74,0x72,0x75,0x63,0x74,0x20,
    0x70,0x61,0x72,0x74,0x69,0x63,0x6c,0x65,0x5f,0x70,0x61,0x72,0x61,0x6d,0x73,0x20,
    0x7b,0x0a,0x20,0x20,0x2f,0x2a,0x20,0x40,0x6f,0x66,0x66,0x73,0x65,0x74,0x28,0x30,
    0x29,0x20,0x2a,0x2f,0x0a,0x20,0x20,0x63,0x6f,0x6c,0x6f,0x72,0x20,0x3a,0x20,0x76,
    0x65,0x63,0x34,0x66,0x2c,0x0a,0x20,0x20,0x2f,0x2a,0x20,0x40,0x6f,0x66,0x66,0x73,
    0x65,0x74,0x28,0x31,0x36,0x29,0x20,0x2a,0x2f,0x0a,0x20,0x20,0x72,0x65,0x73,0x6f,
    0x6c,0x75,0x74,0x69,0x6f,0x6e,0x20,0x3a,0x20,0x76,0x65,0x63,0x34,0x66,0x2c,0x0a,
    0x20,0x20,0x2f,0x2a,0x20,0x40,0x6f,0x66,0x66,0x73,0x65,0x74,0x28,0x33,0x32,0x29,
    0x20,0x2a,0x2f,0x0a,0x20,0x20,0x74,0x65,0x78,0x65,0x6c,0x20,0x3a,0x20,0x76,0x65,
    0x63,0x34,0x66,0x2c,0x0a,0x20,0x20,0x2f,0x2a,0x20,0x40,0x6f,0x66,0x66,0x73,0x65,
    0x74,0x28,0x34,0x38,0x29,0x20,0x2a,0x2f,0x0a,0x20,0x20,0x6f,0x70,0x74,0x69,0x6f,
    0x6e,0x73,0x20,0x3a,0x20,0x76,0x65,0x63,0x34,0x66,0x2c,0x0a,0x7d,0x0a,0x0a,0x40,
    0x62,0x69,0x6e,0x64,0x69,0x6e,0x67,0x28,0x30,0x29,0x20,0x40,0x67,0x72,0x6f,0x75,
    0x70,0x28,0x31,0x29,0x20,0x76,0x61,0x72,0x20,0x70,0x61,0x72,0x74,0x69,0x63,0x6c,
    0x65,0x53,0x74,0x61,0x74,0x65,0x54,0x65,0x78,0x20,0x3a,0x20,0x74,0x65,0x78,0x74,
    0x75,0x72,0x65,0x5f,0x32,0x64,0x3c,0x66,0x33,0x32,0x3e,0x3b,0x0a,0x0a,0x40,0x62,
    0x69,0x6e,0x64,0x69,0x6e,0x67,0x28,0x33,0x32,0x29,0x20,0x40,0x67,0x72,0x6f,0x75,
    0x70,0x28,0x31,0x29,0x20,0x76,0x61,0x72,0x20,0x70,0x61,0x72,0x74,0x69,0x63,0x6c,
    0x65,0x53,0x74,0x61,0x74,0x65,0x53,0x6d,0x70,0x20,0x3a,0x20,0x73,0x61,0x6d,0x70,
    0x6c,0x65,0x72,0x3b,0x0a,0x0a,0x76,0x61,0x72,0x3c,0x70,0x72,0x69,0x76,0x61,0x74,
    0x65,0x3e,0x20,0x75,0x76,0x20,0x3a,0x20,0x76,0x65,0x63,0x32,0x66,0x3b,0x0a,0x0a,
    0x40,0x62,0x69,0x6e,0x64,0x69,0x6e,0x67,0x28,0x31,0x29,0x20,0x40,0x67,0x72,0x6f,
    0x75,0x70,0x28,0x31,0x29,0x20,0x76,0x61,0x72,0x20,0x70,0x61,0x72,0x74,0x69,0x63,
    0x6c,0x65,0x56,0x65,0x6c,0x6f,0x63,0x69,0x74,0x79,0x54,0x65,0x78,0x20,0x3a,0x20,
    0x74,0x65,0x78,0x74,0x75,0x72,0x65,0x5f,0x32,0x64,0x3c,0x66,0x33,0x32,0x3e,0x3b,
    0x0a,0x0a,0x40,0x62,0x69,0x6e,0x64,0x69,0x6e,0x67,0x28,0x33,0x33,0x29,0x20,0x40,
    0x67,0x72,0x6f,0x75,0x70,0x28,0x31,0x29,0x20,0x76,0x61,0x72,0x20,0x70,0x61,0x72,
    0x74,0x69,0x63,0x6c,0x65,0x56,0x65,0x6c,0x6f,0x63,0x69,0x74,0x79,0x53,0x6d,0x70,
    0x20,0x3a,0x20,0x73,0x61,0x6d,0x70,0x6c,0x65,0x72,0x3b,0x0a,0x0a,0x40,0x62,0x69,
    0x6e,0x64,0x69,0x6e,0x67,0x28,0x30,0x29,0x20,0x40,0x67,0x72,0x6f,0x75,0x70,0x28,
    0x30,0x29,0x20,0x76,0x61,0x72,0x3c,0x75,0x6e,0x69,0x66,0x6f,0x72,0x6d,0x3e,0x20,
    0x78,0x5f,0x34,0x31,0x20,0x3a,0x20,0x70,0x61,0x72,0x74,0x69,0x63,0x6c,0x65,0x5f,
    0x70,0x61,0x72,0x61,0x6d,0x73,0x3b,0x0a,0x0a,0x76,0x61,0x72,0x3c,0x70,0x72,0x69,
    0x76,0x61,0x74,0x65,0x3e,0x20,0x66,0x72,0x61,0x67,0x5f,0x63,0x6f,0x6c,0x6f,0x72,
    0x20,0x3a,0x20,0x76,0x65,0x63,0x34,0x66,0x3b,0x0a,0x0a,0x66,0x6e,0x20,0x6d,0x61,
    0x69,0x6e,0x5f,0x31,0x28,0x29,0x20,0x7b,0x0a,0x20,0x20,0x76,0x61,0x72,0x20,0x73,
    0x74,0x61,0x74,0x65,0x20,0x3a,0x20,0x76,0x65,0x63,0x34,0x66,0x3b,0x0a,0x20,0x20,
    0x76,0x61,0x72,0x20,0x70,0x6f,0x73,0x20,0x3a,0x20,0x76,0x65,0x63,0x32,0x66,0x3b,
    0x0a,0x20,0x20,0x76,0x61,0x72,0x20,0x66,0x6c,0x6f,0x77,0x20,0x3a,0x20,0x76,0x65,
    0x63,0x32,0x66,0x3b,0x0a,0x20,0x20,0x76,0x61,0x72,0x20,0x74,0x6f,0x77,0x61,0x72,
    0x64,0x20,0x3a,0x20,0x76,0x65,0x63,0x32,0x66,0x3b,0x0a,0x20,0x20,0x76,0x61,0x72,
    0x20,0x64,0x69,0x73,0x74,0x20,0x3a,0x20,0x66,0x33,0x32,0x3b,0x0a,0x20,0x20,0x76,
    0x61,0x72,0x20,0x61,0x77,0x61,0x79,0x20,0x3a,0x20,0x76,0x65,0x63,0x32,0x66,0x3b,
    0x0a,0x20,0x20,0x76,0x61,0x72,0x20,0x64,0x69,0x73,0x74,0x5f,0x31,0x20,0x3a,0x20,
    0x66,0x33,0x32,0x3b,0x0a,0x20,0x20,0x76,0x61,0x72,0x20,0x61,0x67,0x65,0x20,0x3a,
    0x20,0x66,0x33,0x32,0x3b,0x0a,0x20,0x20,0x76,0x61,0x72,0x20,0x78,0x5f,0x36,0x33,
    0x20,0x3a,0x20,0x62,0x6f,0x6f,0x6c,0x3b,0x0a,0x20,0x20,0x76,0x61,0x72,0x20,0x78,
    0x5f,0x36,0x34,0x20,0x3a,0x20,0x62,0x6f,0x6f,0x6c,0x3b,0x0a,0x20,0x20,0x6c,0x65,
    0x74,0x20,0x78,0x5f,0x32,0x33,0x20,0x3d,0x20,0x75,0x76,0x3b,0x0a,0x20,0x20,0x6c,
    0x65,0x74,0x20,0x78,0x5f,0x32,0x34,0x20,0x3d,0x20,0x74,0x65,0x78,0x74,0x75,0x72,
    0x65,0x53,0x61,0x6d,0x70,0x6c,0x65,0x28,0x70,0x61,0x72,0x74,0x69,0x63,0x6c,0x65,
    0x53,0x74,0x61,0x74,0x65,0x54,0x65,0x78,0x2c,0x20,0x70,0x61,0x72,0x74,0x69,0x63,
    0x6c,0x65,0x53,0x74,0x61,0x74,0x65,0x53,0x6d,0x70,0x2c,0x20,0x78,0x5f,0x32,0x33,
    0x29,0x3b,0x0a,0x20,0x20,0x73,0x74,0x61,0x74,0x65,0x20,0x3d,0x20,0x78,0x5f,0x32,
    0x34,0x3b,0x0a,0x20,0x20,0x70,0x6f,0x73,0x20,0x3d,0x20,0x73,0x74,0x61,0x74,0x65,
    0x2e,0x78,0x79,0x3b,0x0a,0x20,0x20,0x6c,0x65,0x74,0x20,0x78,0x5f,0x33,0x35,0x20,
    0x3d,0x20,0x70,0x6f,0x73,0x3b,0x0a,0x20,0x20,0x6c,0x65,0x74,0x20,0x78,0x5f,0x33,
    0x36,0x20,0x3d,0x20,0x74,0x65,0x78,0x74,0x75,0x72,0x65,0x53,0x61,0x6d,0x70,0x6c,
    0x65,0x28,0x70,0x61,0x72,0x74,0x69,0x63,0x6c,0x65,0x56,0x65,0x6c,0x6f,0x63,0x69,
    0x74,0x79,0x54,0x65,0x78,0x2c,0x20,0x70,0x61,0x72,0x74,0x69,0x63,0x6c,0x65,0x56,
    0x65,0x6c,0x6f,0x63,0x69,0x74,0x79,0x53,0x6d,0x70,0x2c,0x20,0x78,0x5f,0x33,0x35,
    0x29,0x3b,0x0a,0x20,0x20,0x66,0x6c,0x6f,0x77,0x20,0x3d,0x20,0x78,0x5f,0x33,0x36,
    0x2e,0x78,0x79,0x3b,0x0a,0x20,0x20,0x70,0x6f,0x73,0x20,0x3d,0x20,0x28,0x70,0x6f,
    0x73,0x20,0x2b,0x20,0x28,0x66,0x6c,0x6f,0x77,0x20,0x2a,0x20,0x78,0x5f,0x34,0x31,
    0x2e,0x6f,0x70,0x74,0x69,0x6f,0x6e,0x73,0x2e,0x78,0x29,0x29,0x3b,0x0a,0x20,0x20,
    0x6c,0x65,0x74,0x20,0x78,0x5f,0x35,0x37,0x20,0x3d,0x20,0x28,0x78,0x5f,0x34,0x31,
    0x2e,0x6f,0x70,0x74,0x69,0x6f,0x6e,0x73,0x2e,0x77,0x20,0x3e,0x20,0x30,0x2e,0x35,
    0x66,0x29,0x3b,0x0a,0x20,0x20,0x78,0x5f,0x36,0x34,0x20,0x3d,0x20,0x78,0x5f,0x35,
    0x37,0x3b,0x0a,0x20,0x20,0x69,0x66,0x20,0x28,0x78,0x5f,0x35,0x37,0x29,0x20,0x7b,
    0x0a,0x20,0x20,0x20,0x20,0x78,0x5f,0x36,0x33,0x20,0x3d,0x20,0x28,0x78,0x5f,0x34,
    0x31,0x2e,0x6f,0x70,0x74,0x69,0x6f,0x6e,0x73,0x2e,0x77,0x20,0x3c,0x20,0x31,0x2e,
    0x35,0x66,0x29,0x3b,0x0a,0x20,0x20,0x20,0x20,0x78,0x5f,0x36,0x34,0x20,0x3d,0x20,
    0x78,0x5f,0x36,0x33,0x3b,0x0a,0x20,0x20,0x7d,0x0a,0x20,0x20,0x69,0x66,0x20,0x28,
    0x78,0x5f,0x36,0x34,0x29,0x20,0x7b,0x0a,0x20,0x20,0x20,0x20,0x74,0x6f,0x77,0x61,
    0x72,0x64,0x20,0x3d,0x20,0x28,0x78,0x5f,0x34,0x31,0x2e,0x63,0x6f,0x6c,0x6f,0x72,
    0x2e,0x78,0x79,0x20,0x2d,0x20,0x70,0x6f,0x73,0x29,0x3b,0x0a,0x20,0x20,0x20,0x20,
    0x64,0x69,0x73,0x74,0x20,0x3d,0x20,0x6d,0x61,0x78,0x28,0x6c,0x65,0x6e,0x67,0x74,
    0x68,0x28,0x74,0x6f,0x77,0x61,0x72,0x64,0x29,0x2c,0x20,0x30,0x2e,0x30,0x30,0x30,
    0x35,0x30,0x30,0x30,0x30,0x30,0x30,0x32,0x33,0x37,0x34,0x38,0x37,0x32,0x35,0x36,
    0x35,0x66,0x29,0x3b,0x0a,0x20,0x20,0x20,0x20,0x70,0x6f,0x73,0x20,0x3d,0x20,0x28,
    0x70,0x6f,0x73,0x20,0x2b,0x20,0x28,0x28,0x28,0x74,0x6f,0x77,0x61,0x72,0x64,0x20,
    0x2f,0x20,0x76,0x65,0x63,0x32,0x66,0x28,0x64,0x69,0x73,0x74,0x29,0x29,0x20,0x2a,
    0x20,0x78,0x5f,0x34,0x31,0x2e,0x63,0x6f,0x6c,0x6f,0x72,0x2e,0x7a,0x29,0x20,0x2a,
    0x20,0x78,0x5f,0x34,0x31,0x2e,0x6f,0x70,0x74,0x69,0x6f,0x6e,0x73,0x2e,0x79,0x29,
    0x29,0x3b,0x0a,0x20,0x20,0x7d,0x20,0x65,0x6c,0x73,0x65,0x20,0x7b,0x0a,0x20,0x20,
    0x20,0x20,0x69,0x66,0x20,0x28,0x28,0x78,0x5f,0x34,0x31,0x2e,0x6f,0x70,0x74,0x69,
    0x6f,0x6e,0x73,0x2e,0x77,0x20,0x3e,0x20,0x31,0x2e,0x35,0x66,0x29,0x29,0x20,0x7b,
    0x0a,0x20,0x20,0x20,0x20,0x20,0x20,0x61,0x77,0x61,0x79,0x20,0x3d,0x20,0x28,0x70,
    0x6f,0x73,0x20,0x2d,0x20,0x78,0x5f,0x34,0x31,0x2e,0x63,0x6f,0x6c,0x6f,0x72,0x2e,
    0x78,0x79,0x29,0x3b,0x0a,0x20,0x20,0x20,0x20,0x20,0x20,0x64,0x69,0x73,0x74,0x5f,
    0x31,0x20,0x3d,0x20,0x6d,0x61,0x78,0x28,0x6c,0x65,0x6e,0x67,0x74,0x68,0x28,0x61,
    0x77,0x61,0x79,0x29,0x2c,0x20,0x30,0x2e,0x30,0x30,0x30,0x35,0x30,0x30,0x30,0x30,
    0x30,0x30,0x32,0x33,0x37,0x34,0x38,0x37,0x32,0x35,0x36,0x35,0x66,0x29,0x3b,0x0a,
    0x20,0x20,0x20,0x20,0x20,0x20,0x70,0x6f,0x73,0x20,0x3d,0x20,0x28,0x70,0x6f,0x73,
    0x20,0x2b,0x20,0x28,0x28,0x28,0x61,0x77,0x61,0x79,0x20,0x2f,0x20,0x76,0x65,0x63,
    0x32,0x66,0x28,0x64,0x69,0x73,0x74,0x5f,0x31,0x29,0x29,0x20,0x2a,0x20,0x78,0x5f,
    0x34,0x31,0x2e,0x63,0x6f,0x6c,0x6f,0x72,0x2e,0x7a,0x29,0x20,0x2a,0x20,0x78,0x5f,
    0x34,0x31,0x2e,0x6f,0x70,0x74,0x69,0x6f,0x6e,0x73,0x2e,0x79,0x29,0x29,0x3b,0x0a,
    0x20,0x20,0x20,0x20,0x7d,0x0a,0x20,0x20,0x7d,0x0a,0x20,0x20,0x70,0x6f,0x73,0x20,
    0x3d,0x20,0x66,0x72,0x61,0x63,0x74,0x28,0x70,0x6f,0x73,0x29,0x3b,0x0a,0x20,0x20,
    0x61,0x67,0x65,0x20,0x3d,0x20,0x28,0x73,0x74,0x61,0x74,0x65,0x2e,0x7a,0x20,0x2b,
    0x20,0x78,0x5f,0x34,0x31,0x2e,0x6f,0x70,0x74,0x69,0x6f,0x6e,0x73,0x2e,0x79,0x29,
    0x3b,0x0a,0x20,0x20,0x69,0x66,0x20,0x28,0x28,0x61,0x67,0x65,0x20,0x3e,0x20,0x78,
    0x5f,0x34,0x31,0x2e,0x6f,0x70,0x74,0x69,0x6f,0x6e,0x73,0x2e,0x7a,0x29,0x29,0x20,
    0x7b,0x0a,0x20,0x20,0x20,0x20,0x70,0x6f,0x73,0x20,0x3d,0x20,0x75,0x76,0x3b,0x0a,
    0x20,0x20,0x20,0x20,0x61,0x67,0x65,0x20,0x3d,0x20,0x30,0x2e,0x30,0x66,0x3b,0x0a,
    0x20,0x20,0x7d,0x0a,0x20,0x20,0x66,0x72,0x61,0x67,0x5f,0x63,0x6f,0x6c,0x6f,0x72,
    0x20,0x3d,0x20,0x76,0x65,0x63,0x34,0x66,0x28,0x70,0x6f,0x73,0x2e,0x78,0x2c,0x20,
    0x70,0x6f,0x73,0x2e,0x79,0x2c,0x20,0x61,0x67,0x65,0x2c,0x20,0x31,0x2e,0x30,0x66,
    0x29,0x3b,0x0a,0x20,0x20,0x72,0x65,0x74,0x75,0x72,0x6e,0x3b,0x0a,0x7d,0x0a,0x0a,
    0x73,0x74,0x72,0x75,0x63,0x74,0x20,0x6d,0x61,0x69,0x6e,0x5f,0x6f,0x75,0x74,0x20,
    0x7b,0x0a,0x20,0x20,0x40,0x6c,0x6f,0x63,0x61,0x74,0x69,0x6f,0x6e,0x28,0x30,0x29,
    0x0a,0x20,0x20,0x66,0x72,0x61,0x67,0x5f,0x63,0x6f,0x6c,0x6f,0x72,0x5f,0x31,0x20,
    0x3a,0x20,0x76,0x65,0x63,0x34,0x66,0x2c,0x0a,0x7d,0x0a,0x0a,0x40,0x66,0x72,0x61,
    0x67,0x6d,0x65,0x6e,0x74,0x0a,0x66,0x6e,0x20,0x6d,0x61,0x69,0x6e,0x28,0x40,0x6c,
    0x6f,0x63,0x61,0x74,0x69,0x6f,0x6e,0x28,0x30,0x29,0x20,0x75,0x76,0x5f,0x70,0x61,
    0x72,0x61,0x6d,0x20,0x3a,0x20,0x76,0x65,0x63,0x32,0x66,0x29,0x20,0x2d,0x3e,0x20,
    0x6d,0x61,0x69,0x6e,0x5f,0x6f,0x75,0x74,0x20,0x7b,0x0a,0x20,0x20,0x75,0x76,0x20,
    0x3d,0x20,0x75,0x76,0x5f,0x70,0x61,0x72,0x61,0x6d,0x3b,0x0a,0x20,0x20,0x6d,0x61,
    0x69,0x6e,0x5f,0x31,0x28,0x29,0x3b,0x0a,0x20,0x20,0x72,0x65,0x74,0x75,0x72,0x6e,
    0x20,0x6d,0x61,0x69,0x6e,0x5f,0x6f,0x75,0x74,0x28,0x66,0x72,0x61,0x67,0x5f,0x63,
    0x6f,0x6c,0x6f,0x72,0x29,0x3b,0x0a,0x7d,0x0a,0x00,
};
/*
    diagnostic(off, derivative_uniformity);

    struct particle_params {
      /_ @offset(0) _/
      color : vec4f,
      /_ @offset(16) _/
      resolution : vec4f,
      /_ @offset(32) _/
      texel : vec4f,
      /_ @offset(48) _/
      options : vec4f,
    }

    @binding(0) @group(1) var particleStateTex : texture_2d<f32>;

    @binding(32) @group(1) var particleStateSmp : sampler;

    var<private> uv : vec2f;

    @binding(0) @group(0) var<uniform> x_34 : particle_params;

    var<private> frag_color : vec4f;

    fn main_1() {
      var state : vec4f;
      var fade : f32;
      let x_23 = uv;
      let x_24 = textureSample(particleStateTex, particleStateSmp, x_23);
      state = x_24;
      fade = (1.0f - clamp((state.z / max(x_34.options.z, 0.00009999999747378752f)), 0.0f, 1.0f));
      let x_53 = x_34.color.xyz;
      frag_color = vec4f(x_53.x, x_53.y, x_53.z, (x_34.color.w * fade));
      return;
    }

    struct main_out {
      @location(0)
      frag_color_1 : vec4f,
    }

    @fragment
    fn main(@location(0) uv_param : vec2f) -> main_out {
      uv = uv_param;
      main_1();
      return main_out(frag_color);
    }
*/
static const uint8_t fs_particles_render_source_wgsl[1010] = {
    0x64,0x69,0x61,0x67,0x6e,0x6f,0x73,0x74,0x69,0x63,0x28,0x6f,0x66,0x66,0x2c,0x20,
    0x64,0x65,0x72,0x69,0x76,0x61,0x74,0x69,0x76,0x65,0x5f,0x75,0x6e,0x69,0x66,0x6f,
    0x72,0x6d,0x69,0x74,0x79,0x29,0x3b,0x0a,0x0a,0x73,0x74,0x72,0x75,0x63,0x74,0x20,
    0x70,0x61,0x72,0x74,0x69,0x63,0x6c,0x65,0x5f,0x70,0x61,0x72,0x61,0x6d,0x73,0x20,
    0x7b,0x0a,0x20,0x20,0x2f,0x2a,0x20,0x40,0x6f,0x66,0x66,0x73,0x65,0x74,0x28,0x30,
    0x29,0x20,0x2a,0x2f,0x0a,0x20,0x20,0x63,0x6f,0x6c,0x6f,0x72,0x20,0x3a,0x20,0x76,
    0x65,0x63,0x34,0x66,0x2c,0x0a,0x20,0x20,0x2f,0x2a,0x20,0x40,0x6f,0x66,0x66,0x73,
    0x65,0x74,0x28,0x31,0x36,0x29,0x20,0x2a,0x2f,0x0a,0x20,0x20,0x72,0x65,0x73,0x6f,
    0x6c,0x75,0x74,0x69,0x6f,0x6e,0x20,0x3a,0x20,0x76,0x65,0x63,0x34,0x66,0x2c,0x0a,
    0x20,0x20,0x2f,0x2a,0x20,0x40,0x6f,0x66,0x66,0x73,0x65,0x74,0x28,0x33,0x32,0x29,
    0x20,0x2a,0x2f,0x0a,0x20,0x20,0x74,0x65,0x78,0x65,0x6c,0x20,0x3a,0x20,0x76,0x65,
    0x63,0x34,0x66,0x2c,0x0a,0x20,0x20,0x2f,0x2a,0x20,0x40,0x6f,0x66,0x66,0x73,0x65,
    0x74,0x28,0x34,0x38,0x29,0x20,0x2a,0x2f,0x0a,0x20,0x20,0x6f,0x70,0x74,0x69,0x6f,
    0x6e,0x73,0x20,0x3a,0x20,0x76,0x65,0x63,0x34,0x66,0x2c,0x0a,0x7d,0x0a,0x0a,0x40,
    0x62,0x69,0x6e,0x64,0x69,0x6e,0x67,0x28,0x30,0x29,0x20,0x40,0x67,0x72,0x6f,0x75,
    0x70,0x28,0x31,0x29,0x20,0x76,0x61,0x72,0x20,0x70,0x61,0x72,0x74,0x69,0x63,0x6c,
    0x65,0x53,0x74,0x61,0x74,0x65,0x54,0x65,0x78,0x20,0x3a,0x20,0x74,0x65,0x78,0x74,
    0x75,0x72,0x65,0x5f,0x32,0x64,0x3c,0x66,0x33,0x32,0x3e,0x3b,0x0a,0x0a,0x40,0x62,
    0x69,0x6e,0x64,0x69,0x6e,0x67,0x28,0x33,0x32,0x29,0x20,0x40,0x67,0x72,0x6f,0x75,
    0x70,0x28,0x31,0x29,0x20,0x76,0x61,0x72,0x20,0x70,0x61,0x72,0x74,0x69,0x63,0x6c,
    0x65,0x53,0x74,0x61,0x74,0x65,0x53,0x6d,0x70,0x20,0x3a,0x20,0x73,0x61,0x6d,0x70,
    0x6c,0x65,0x72,0x3b,0x0a,0x0a,0x76,0x61,0x72,0x3c,0x70,0x72,0x69,0x76,0x61,0x74,
    0x65,0x3e,0x20,0x75,0x76,0x20,0x3a,0x20,0x76,0x65,0x63,0x32,0x66,0x3b,0x0a,0x0a,
    0x40,0x62,0x69,0x6e,0x64,0x69,0x6e,0x67,0x28,0x30,0x29,0x20,0x40,0x67,0x72,0x6f,
    0x75,0x70,0x28,0x30,0x29,0x20,0x76,0x61,0x72,0x3c,0x75,0x6e,0x69,0x66,0x6f,0x72,
    0x6d,0x3e,0x20,0x78,0x5f,0x33,0x34,0x20,0x3a,0x20,0x70,0x61,0x72,0x74,0x69,0x63,
    0x6c,0x65,0x5f,0x70,0x61,0x72,0x61,0x6d,0x73,0x3b,0x0a,0x0a,0x76,0x61,0x72,0x3c,
    0x70,0x72,0x69,0x76,0x61,0x74,0x65,0x3e,0x20,0x66,0x72,0x61,0x67,0x5f,0x63,0x6f,
    0x6c,0x6f,0x72,0x20,0x3a,0x20,0x76,0x65,0x63,0x34,0x66,0x3b,0x0a,0x0a,0x66,0x6e,
    0x20,0x6d,0x61,0x69,0x6e,0x5f,0x31,0x28,0x29,0x20,0x7b,0x0a,0x20,0x20,0x76,0x61,
    0x72,0x20,0x73,0x74,0x61,0x74,0x65,0x20,0x3a,0x20,0x76,0x65,0x63,0x34,0x66,0x3b,
    0x0a,0x20,0x20,0x76,0x61,0x72,0x20,0x66,0x61,0x64,0x65,0x20,0x3a,0x20,0x66,0x33,
    0x32,0x3b,0x0a,0x20,0x20,0x6c,0x65,0x74,0x20,0x78,0x5f,0x32,0x33,0x20,0x3d,0x20,
    0x75,0x76,0x3b,0x0a,0x20,0x20,0x6c,0x65,0x74,0x20,0x78,0x5f,0x32,0x34,0x20,0x3d,
    0x20,0x74,0x65,0x78,0x74,0x75,0x72,0x65,0x53,0x61,0x6d,0x70,0x6c,0x65,0x28,0x70,
    0x61,0x72,0x74,0x69,0x63,0x6c,0x65,0x53,0x74,0x61,0x74,0x65,0x54,0x65,0x78,0x2c,
    0x20,0x70,0x61,0x72,0x74,0x69,0x63,0x6c,0x65,0x53,0x74,0x61,0x74,0x65,0x53,0x6d,
    0x70,0x2c,0x20,0x78,0x5f,0x32,0x33,0x29,0x3b,0x0a,0x20,0x20,0x73,0x74,0x61,0x74,
    0x65,0x20,0x3d,0x20,0x78,0x5f,0x32,0x34,0x3b,0x0a,0x20,0x20,0x66,0x61,0x64,0x65,
    0x20,0x3d,0x20,0x28,0x31,0x2e,0x30,0x66,0x20,0x2d,0x20,0x63,0x6c,0x61,0x6d,0x70,
    0x28,0x28,0x73,0x74,0x61,0x74,0x65,0x2e,0x7a,0x20,0x2f,0x20,0x6d,0x61,0x78,0x28,
    0x78,0x5f,0x33,0x34,0x2e,0x6f,0x70,0x74,0x69,0x6f,0x6e,0x73,0x2e,0x7a,0x2c,0x20,
    0x30,0x2e,0x30,0x30,0x30,0x30,0x39,0x39,0x39,0x39,0x39,0x39,0x39,0x37,0x34,0x37,
    0x33,0x37,0x38,0x37,0x35,0x32,0x66,0x29,0x29,0x2c,0x20,0x30,0x2e,0x30,0x66,0x2c,
    0x20,0x31,0x2e,0x30,0x66,0x29,0x29,0x3b,0x0a,0x20,0x20,0x6c,0x65,0x74,0x20,0x78,
    0x5f,0x35,0x33,0x20,0x3d,0x20,0x78,0x5f,0x33,0x34,0x2e,0x63,0x6f,0x6c,0x6f,0x72,
    0x2e,0x78,0x79,0x7a,0x3b,0x0a,0x20,0x20,0x66,0x72,0x61,0x67,0x5f,0x63,0x6f,0x6c,
    0x6f,0x72,0x20,0x3d,0x20,0x76,0x65,0x63,0x34,0x66,0x28,0x78,0x5f,0x35,0x33,0x2e,
    0x78,0x2c,0x20,0x78,0x5f,0x35,0x33,0x2e,0x79,0x2c,0x20,0x78,0x5f,0x35,0x33,0x2e,
    0x7a,0x2c,0x20,0x28,0x78,0x5f,0x33,0x34,0x2e,0x63,0x6f,0x6c,0x6f,0x72,0x2e,0x77,
    0x20,0x2a,0x20,0x66,0x61,0x64,0x65,0x29,0x29,0x3b,0x0a,0x20,0x20,0x72,0x65,0x74,
    0x75,0x72,0x6e,0x3b,0x0a,0x7d,0x0a,0x0a,0x73,0x74,0x72,0x75,0x63,0x74,0x20,0x6d,
    0x61,0x69,0x6e,0x5f,0x6f,0x75,0x74,0x20,0x7b,0x0a,0x20,0x20,0x40,0x6c,0x6f,0x63,
    0x61,0x74,0x69,0x6f,0x6e,0x28,0x30,0x29,0x0a,0x20,0x20,0x66,0x72,0x61,0x67,0x5f,
    0x63,0x6f,0x6c,0x6f,0x72,0x5f,0x31,0x20,0x3a,0x20,0x76,0x65,0x63,0x34,0x66,0x2c,
    0x0a,0x7d,0x0a,0x0a,0x40,0x66,0x72,0x61,0x67,0x6d,0x65,0x6e,0x74,0x0a,0x66,0x6e,
    0x20,0x6d,0x61,0x69,0x6e,0x28,0x40,0x6c,0x6f,0x63,0x61,0x74,0x69,0x6f,0x6e,0x28,
    0x30,0x29,0x20,0x75,0x76,0x5f,0x70,0x61,0x72,0x61,0x6d,0x20,0x3a,0x20,0x76,0x65,
    0x63,0x32,0x66,0x29,0x20,0x2d,0x3e,0x20,0x6d,0x61,0x69,0x6e,0x5f,0x6f,0x75,0x74,
    0x20,0x7b,0x0a,0x20,0x20,0x75,0x76,0x20,0x3d,0x20,0x75,0x76,0x5f,0x70,0x61,0x72,
    0x61,0x6d,0x3b,0x0a,0x20,0x20,0x6d,0x61,0x69,0x6e,0x5f,0x31,0x28,0x29,0x3b,0x0a,
    0x20,0x20,0x72,0x65,0x74,0x75,0x72,0x6e,0x20,0x6d,0x61,0x69,0x6e,0x5f,0x6f,0x75,
    0x74,0x28,0x66,0x72,0x61,0x67,0x5f,0x63,0x6f,0x6c,0x6f,0x72,0x29,0x3b,0x0a,0x7d,
    0x0a,0x00,
};
static inline const sg_shader_desc* tcx_flow_particles_points_shader_desc(sg_backend backend) {
    if (backend == SG_BACKEND_GLES3) {
        static sg_shader_desc desc;
        static bool valid;
        if (!valid) {
            valid = true;
            desc.vertex_func.source = (const char*)particle_points_vs_source_glsl300es;
            desc.vertex_func.entry = "main";
            desc.fragment_func.source = (const char*)fs_particle_points_source_glsl300es;
            desc.fragment_func.entry = "main";
            desc.attrs[0].base_type = SG_SHADERATTRBASETYPE_FLOAT;
            desc.attrs[0].glsl_name = "lookup";
            desc.attrs[1].base_type = SG_SHADERATTRBASETYPE_FLOAT;
            desc.attrs[1].glsl_name = "corner";
            desc.uniform_blocks[0].stage = SG_SHADERSTAGE_VERTEX;
            desc.uniform_blocks[0].layout = SG_UNIFORMLAYOUT_STD140;
            desc.uniform_blocks[0].size = 64;
            desc.uniform_blocks[0].glsl_uniforms[0].type = SG_UNIFORMTYPE_FLOAT4;
            desc.uniform_blocks[0].glsl_uniforms[0].array_count = 4;
            desc.uniform_blocks[0].glsl_uniforms[0].glsl_name = "particle_point_params";
            desc.views[0].texture.stage = SG_SHADERSTAGE_VERTEX;
            desc.views[0].texture.image_type = SG_IMAGETYPE_2D;
            desc.views[0].texture.sample_type = SG_IMAGESAMPLETYPE_FLOAT;
            desc.views[0].texture.multisampled = false;
            desc.samplers[0].stage = SG_SHADERSTAGE_VERTEX;
            desc.samplers[0].sampler_type = SG_SAMPLERTYPE_FILTERING;
            desc.texture_sampler_pairs[0].stage = SG_SHADERSTAGE_VERTEX;
            desc.texture_sampler_pairs[0].view_slot = 0;
            desc.texture_sampler_pairs[0].sampler_slot = 0;
            desc.texture_sampler_pairs[0].glsl_name = "particlePointStateTex_particlePointStateSmp";
            desc.label = "tcx_flow_particles_points_shader";
        }
        return &desc;
    }
    if (backend == SG_BACKEND_D3D11) {
        static sg_shader_desc desc;
        static bool valid;
        if (!valid) {
            valid = true;
            desc.vertex_func.source = (const char*)particle_points_vs_source_hlsl5;
            desc.vertex_func.d3d11_target = "vs_5_0";
            desc.vertex_func.entry = "main";
            desc.fragment_func.source = (const char*)fs_particle_points_source_hlsl5;
            desc.fragment_func.d3d11_target = "ps_5_0";
            desc.fragment_func.entry = "main";
            desc.attrs[0].base_type = SG_SHADERATTRBASETYPE_FLOAT;
            desc.attrs[0].hlsl_sem_name = "TEXCOORD";
            desc.attrs[0].hlsl_sem_index = 0;
            desc.attrs[1].base_type = SG_SHADERATTRBASETYPE_FLOAT;
            desc.attrs[1].hlsl_sem_name = "TEXCOORD";
            desc.attrs[1].hlsl_sem_index = 1;
            desc.uniform_blocks[0].stage = SG_SHADERSTAGE_VERTEX;
            desc.uniform_blocks[0].layout = SG_UNIFORMLAYOUT_STD140;
            desc.uniform_blocks[0].size = 64;
            desc.uniform_blocks[0].hlsl_register_b_n = 0;
            desc.views[0].texture.stage = SG_SHADERSTAGE_VERTEX;
            desc.views[0].texture.image_type = SG_IMAGETYPE_2D;
            desc.views[0].texture.sample_type = SG_IMAGESAMPLETYPE_FLOAT;
            desc.views[0].texture.multisampled = false;
            desc.views[0].texture.hlsl_register_t_n = 0;
            desc.samplers[0].stage = SG_SHADERSTAGE_VERTEX;
            desc.samplers[0].sampler_type = SG_SAMPLERTYPE_FILTERING;
            desc.samplers[0].hlsl_register_s_n = 0;
            desc.texture_sampler_pairs[0].stage = SG_SHADERSTAGE_VERTEX;
            desc.texture_sampler_pairs[0].view_slot = 0;
            desc.texture_sampler_pairs[0].sampler_slot = 0;
            desc.label = "tcx_flow_particles_points_shader";
        }
        return &desc;
    }
    if (backend == SG_BACKEND_METAL_MACOS) {
        static sg_shader_desc desc;
        static bool valid;
        if (!valid) {
            valid = true;
            desc.vertex_func.source = (const char*)particle_points_vs_source_metal_macos;
            desc.vertex_func.entry = "main0";
            desc.fragment_func.source = (const char*)fs_particle_points_source_metal_macos;
            desc.fragment_func.entry = "main0";
            desc.attrs[0].base_type = SG_SHADERATTRBASETYPE_FLOAT;
            desc.attrs[1].base_type = SG_SHADERATTRBASETYPE_FLOAT;
            desc.uniform_blocks[0].stage = SG_SHADERSTAGE_VERTEX;
            desc.uniform_blocks[0].layout = SG_UNIFORMLAYOUT_STD140;
            desc.uniform_blocks[0].size = 64;
            desc.uniform_blocks[0].msl_buffer_n = 0;
            desc.views[0].texture.stage = SG_SHADERSTAGE_VERTEX;
            desc.views[0].texture.image_type = SG_IMAGETYPE_2D;
            desc.views[0].texture.sample_type = SG_IMAGESAMPLETYPE_FLOAT;
            desc.views[0].texture.multisampled = false;
            desc.views[0].texture.msl_texture_n = 0;
            desc.samplers[0].stage = SG_SHADERSTAGE_VERTEX;
            desc.samplers[0].sampler_type = SG_SAMPLERTYPE_FILTERING;
            desc.samplers[0].msl_sampler_n = 0;
            desc.texture_sampler_pairs[0].stage = SG_SHADERSTAGE_VERTEX;
            desc.texture_sampler_pairs[0].view_slot = 0;
            desc.texture_sampler_pairs[0].sampler_slot = 0;
            desc.label = "tcx_flow_particles_points_shader";
        }
        return &desc;
    }
    if (backend == SG_BACKEND_WGPU) {
        static sg_shader_desc desc;
        static bool valid;
        if (!valid) {
            valid = true;
            desc.vertex_func.source = (const char*)particle_points_vs_source_wgsl;
            desc.vertex_func.entry = "main";
            desc.fragment_func.source = (const char*)fs_particle_points_source_wgsl;
            desc.fragment_func.entry = "main";
            desc.attrs[0].base_type = SG_SHADERATTRBASETYPE_FLOAT;
            desc.attrs[1].base_type = SG_SHADERATTRBASETYPE_FLOAT;
            desc.uniform_blocks[0].stage = SG_SHADERSTAGE_VERTEX;
            desc.uniform_blocks[0].layout = SG_UNIFORMLAYOUT_STD140;
            desc.uniform_blocks[0].size = 64;
            desc.uniform_blocks[0].wgsl_group0_binding_n = 0;
            desc.views[0].texture.stage = SG_SHADERSTAGE_VERTEX;
            desc.views[0].texture.image_type = SG_IMAGETYPE_2D;
            desc.views[0].texture.sample_type = SG_IMAGESAMPLETYPE_FLOAT;
            desc.views[0].texture.multisampled = false;
            desc.views[0].texture.wgsl_group1_binding_n = 0;
            desc.samplers[0].stage = SG_SHADERSTAGE_VERTEX;
            desc.samplers[0].sampler_type = SG_SAMPLERTYPE_FILTERING;
            desc.samplers[0].wgsl_group1_binding_n = 32;
            desc.texture_sampler_pairs[0].stage = SG_SHADERSTAGE_VERTEX;
            desc.texture_sampler_pairs[0].view_slot = 0;
            desc.texture_sampler_pairs[0].sampler_slot = 0;
            desc.label = "tcx_flow_particles_points_shader";
        }
        return &desc;
    }
    return 0;
}
static inline const sg_shader_desc* tcx_flow_particles_render_shader_desc(sg_backend backend) {
    if (backend == SG_BACKEND_GLES3) {
        static sg_shader_desc desc;
        static bool valid;
        if (!valid) {
            valid = true;
            desc.vertex_func.source = (const char*)particles_vs_source_glsl300es;
            desc.vertex_func.entry = "main";
            desc.fragment_func.source = (const char*)fs_particles_render_source_glsl300es;
            desc.fragment_func.entry = "main";
            desc.attrs[0].base_type = SG_SHADERATTRBASETYPE_FLOAT;
            desc.attrs[0].glsl_name = "position";
            desc.attrs[1].base_type = SG_SHADERATTRBASETYPE_FLOAT;
            desc.attrs[1].glsl_name = "texcoord0";
            desc.uniform_blocks[0].stage = SG_SHADERSTAGE_FRAGMENT;
            desc.uniform_blocks[0].layout = SG_UNIFORMLAYOUT_STD140;
            desc.uniform_blocks[0].size = 64;
            desc.uniform_blocks[0].glsl_uniforms[0].type = SG_UNIFORMTYPE_FLOAT4;
            desc.uniform_blocks[0].glsl_uniforms[0].array_count = 4;
            desc.uniform_blocks[0].glsl_uniforms[0].glsl_name = "particle_params";
            desc.views[0].texture.stage = SG_SHADERSTAGE_FRAGMENT;
            desc.views[0].texture.image_type = SG_IMAGETYPE_2D;
            desc.views[0].texture.sample_type = SG_IMAGESAMPLETYPE_FLOAT;
            desc.views[0].texture.multisampled = false;
            desc.samplers[0].stage = SG_SHADERSTAGE_FRAGMENT;
            desc.samplers[0].sampler_type = SG_SAMPLERTYPE_FILTERING;
            desc.texture_sampler_pairs[0].stage = SG_SHADERSTAGE_FRAGMENT;
            desc.texture_sampler_pairs[0].view_slot = 0;
            desc.texture_sampler_pairs[0].sampler_slot = 0;
            desc.texture_sampler_pairs[0].glsl_name = "particleStateTex_particleStateSmp";
            desc.label = "tcx_flow_particles_render_shader";
        }
        return &desc;
    }
    if (backend == SG_BACKEND_D3D11) {
        static sg_shader_desc desc;
        static bool valid;
        if (!valid) {
            valid = true;
            desc.vertex_func.source = (const char*)particles_vs_source_hlsl5;
            desc.vertex_func.d3d11_target = "vs_5_0";
            desc.vertex_func.entry = "main";
            desc.fragment_func.source = (const char*)fs_particles_render_source_hlsl5;
            desc.fragment_func.d3d11_target = "ps_5_0";
            desc.fragment_func.entry = "main";
            desc.attrs[0].base_type = SG_SHADERATTRBASETYPE_FLOAT;
            desc.attrs[0].hlsl_sem_name = "TEXCOORD";
            desc.attrs[0].hlsl_sem_index = 0;
            desc.attrs[1].base_type = SG_SHADERATTRBASETYPE_FLOAT;
            desc.attrs[1].hlsl_sem_name = "TEXCOORD";
            desc.attrs[1].hlsl_sem_index = 1;
            desc.uniform_blocks[0].stage = SG_SHADERSTAGE_FRAGMENT;
            desc.uniform_blocks[0].layout = SG_UNIFORMLAYOUT_STD140;
            desc.uniform_blocks[0].size = 64;
            desc.uniform_blocks[0].hlsl_register_b_n = 0;
            desc.views[0].texture.stage = SG_SHADERSTAGE_FRAGMENT;
            desc.views[0].texture.image_type = SG_IMAGETYPE_2D;
            desc.views[0].texture.sample_type = SG_IMAGESAMPLETYPE_FLOAT;
            desc.views[0].texture.multisampled = false;
            desc.views[0].texture.hlsl_register_t_n = 0;
            desc.samplers[0].stage = SG_SHADERSTAGE_FRAGMENT;
            desc.samplers[0].sampler_type = SG_SAMPLERTYPE_FILTERING;
            desc.samplers[0].hlsl_register_s_n = 0;
            desc.texture_sampler_pairs[0].stage = SG_SHADERSTAGE_FRAGMENT;
            desc.texture_sampler_pairs[0].view_slot = 0;
            desc.texture_sampler_pairs[0].sampler_slot = 0;
            desc.label = "tcx_flow_particles_render_shader";
        }
        return &desc;
    }
    if (backend == SG_BACKEND_METAL_MACOS) {
        static sg_shader_desc desc;
        static bool valid;
        if (!valid) {
            valid = true;
            desc.vertex_func.source = (const char*)particles_vs_source_metal_macos;
            desc.vertex_func.entry = "main0";
            desc.fragment_func.source = (const char*)fs_particles_render_source_metal_macos;
            desc.fragment_func.entry = "main0";
            desc.attrs[0].base_type = SG_SHADERATTRBASETYPE_FLOAT;
            desc.attrs[1].base_type = SG_SHADERATTRBASETYPE_FLOAT;
            desc.uniform_blocks[0].stage = SG_SHADERSTAGE_FRAGMENT;
            desc.uniform_blocks[0].layout = SG_UNIFORMLAYOUT_STD140;
            desc.uniform_blocks[0].size = 64;
            desc.uniform_blocks[0].msl_buffer_n = 0;
            desc.views[0].texture.stage = SG_SHADERSTAGE_FRAGMENT;
            desc.views[0].texture.image_type = SG_IMAGETYPE_2D;
            desc.views[0].texture.sample_type = SG_IMAGESAMPLETYPE_FLOAT;
            desc.views[0].texture.multisampled = false;
            desc.views[0].texture.msl_texture_n = 0;
            desc.samplers[0].stage = SG_SHADERSTAGE_FRAGMENT;
            desc.samplers[0].sampler_type = SG_SAMPLERTYPE_FILTERING;
            desc.samplers[0].msl_sampler_n = 0;
            desc.texture_sampler_pairs[0].stage = SG_SHADERSTAGE_FRAGMENT;
            desc.texture_sampler_pairs[0].view_slot = 0;
            desc.texture_sampler_pairs[0].sampler_slot = 0;
            desc.label = "tcx_flow_particles_render_shader";
        }
        return &desc;
    }
    if (backend == SG_BACKEND_WGPU) {
        static sg_shader_desc desc;
        static bool valid;
        if (!valid) {
            valid = true;
            desc.vertex_func.source = (const char*)particles_vs_source_wgsl;
            desc.vertex_func.entry = "main";
            desc.fragment_func.source = (const char*)fs_particles_render_source_wgsl;
            desc.fragment_func.entry = "main";
            desc.attrs[0].base_type = SG_SHADERATTRBASETYPE_FLOAT;
            desc.attrs[1].base_type = SG_SHADERATTRBASETYPE_FLOAT;
            desc.uniform_blocks[0].stage = SG_SHADERSTAGE_FRAGMENT;
            desc.uniform_blocks[0].layout = SG_UNIFORMLAYOUT_STD140;
            desc.uniform_blocks[0].size = 64;
            desc.uniform_blocks[0].wgsl_group0_binding_n = 0;
            desc.views[0].texture.stage = SG_SHADERSTAGE_FRAGMENT;
            desc.views[0].texture.image_type = SG_IMAGETYPE_2D;
            desc.views[0].texture.sample_type = SG_IMAGESAMPLETYPE_FLOAT;
            desc.views[0].texture.multisampled = false;
            desc.views[0].texture.wgsl_group1_binding_n = 0;
            desc.samplers[0].stage = SG_SHADERSTAGE_FRAGMENT;
            desc.samplers[0].sampler_type = SG_SAMPLERTYPE_FILTERING;
            desc.samplers[0].wgsl_group1_binding_n = 32;
            desc.texture_sampler_pairs[0].stage = SG_SHADERSTAGE_FRAGMENT;
            desc.texture_sampler_pairs[0].view_slot = 0;
            desc.texture_sampler_pairs[0].sampler_slot = 0;
            desc.label = "tcx_flow_particles_render_shader";
        }
        return &desc;
    }
    return 0;
}
static inline const sg_shader_desc* tcx_flow_particles_spawn_shader_desc(sg_backend backend) {
    if (backend == SG_BACKEND_GLES3) {
        static sg_shader_desc desc;
        static bool valid;
        if (!valid) {
            valid = true;
            desc.vertex_func.source = (const char*)particles_vs_source_glsl300es;
            desc.vertex_func.entry = "main";
            desc.fragment_func.source = (const char*)fs_particles_spawn_source_glsl300es;
            desc.fragment_func.entry = "main";
            desc.attrs[0].base_type = SG_SHADERATTRBASETYPE_FLOAT;
            desc.attrs[0].glsl_name = "position";
            desc.attrs[1].base_type = SG_SHADERATTRBASETYPE_FLOAT;
            desc.attrs[1].glsl_name = "texcoord0";
            desc.uniform_blocks[0].stage = SG_SHADERSTAGE_FRAGMENT;
            desc.uniform_blocks[0].layout = SG_UNIFORMLAYOUT_STD140;
            desc.uniform_blocks[0].size = 64;
            desc.uniform_blocks[0].glsl_uniforms[0].type = SG_UNIFORMTYPE_FLOAT4;
            desc.uniform_blocks[0].glsl_uniforms[0].array_count = 4;
            desc.uniform_blocks[0].glsl_uniforms[0].glsl_name = "particle_params";
            desc.views[0].texture.stage = SG_SHADERSTAGE_FRAGMENT;
            desc.views[0].texture.image_type = SG_IMAGETYPE_2D;
            desc.views[0].texture.sample_type = SG_IMAGESAMPLETYPE_FLOAT;
            desc.views[0].texture.multisampled = false;
            desc.samplers[0].stage = SG_SHADERSTAGE_FRAGMENT;
            desc.samplers[0].sampler_type = SG_SAMPLERTYPE_FILTERING;
            desc.texture_sampler_pairs[0].stage = SG_SHADERSTAGE_FRAGMENT;
            desc.texture_sampler_pairs[0].view_slot = 0;
            desc.texture_sampler_pairs[0].sampler_slot = 0;
            desc.texture_sampler_pairs[0].glsl_name = "particleSeedTex_particleSeedSmp";
            desc.label = "tcx_flow_particles_spawn_shader";
        }
        return &desc;
    }
    if (backend == SG_BACKEND_D3D11) {
        static sg_shader_desc desc;
        static bool valid;
        if (!valid) {
            valid = true;
            desc.vertex_func.source = (const char*)particles_vs_source_hlsl5;
            desc.vertex_func.d3d11_target = "vs_5_0";
            desc.vertex_func.entry = "main";
            desc.fragment_func.source = (const char*)fs_particles_spawn_source_hlsl5;
            desc.fragment_func.d3d11_target = "ps_5_0";
            desc.fragment_func.entry = "main";
            desc.attrs[0].base_type = SG_SHADERATTRBASETYPE_FLOAT;
            desc.attrs[0].hlsl_sem_name = "TEXCOORD";
            desc.attrs[0].hlsl_sem_index = 0;
            desc.attrs[1].base_type = SG_SHADERATTRBASETYPE_FLOAT;
            desc.attrs[1].hlsl_sem_name = "TEXCOORD";
            desc.attrs[1].hlsl_sem_index = 1;
            desc.uniform_blocks[0].stage = SG_SHADERSTAGE_FRAGMENT;
            desc.uniform_blocks[0].layout = SG_UNIFORMLAYOUT_STD140;
            desc.uniform_blocks[0].size = 64;
            desc.uniform_blocks[0].hlsl_register_b_n = 0;
            desc.views[0].texture.stage = SG_SHADERSTAGE_FRAGMENT;
            desc.views[0].texture.image_type = SG_IMAGETYPE_2D;
            desc.views[0].texture.sample_type = SG_IMAGESAMPLETYPE_FLOAT;
            desc.views[0].texture.multisampled = false;
            desc.views[0].texture.hlsl_register_t_n = 0;
            desc.samplers[0].stage = SG_SHADERSTAGE_FRAGMENT;
            desc.samplers[0].sampler_type = SG_SAMPLERTYPE_FILTERING;
            desc.samplers[0].hlsl_register_s_n = 0;
            desc.texture_sampler_pairs[0].stage = SG_SHADERSTAGE_FRAGMENT;
            desc.texture_sampler_pairs[0].view_slot = 0;
            desc.texture_sampler_pairs[0].sampler_slot = 0;
            desc.label = "tcx_flow_particles_spawn_shader";
        }
        return &desc;
    }
    if (backend == SG_BACKEND_METAL_MACOS) {
        static sg_shader_desc desc;
        static bool valid;
        if (!valid) {
            valid = true;
            desc.vertex_func.source = (const char*)particles_vs_source_metal_macos;
            desc.vertex_func.entry = "main0";
            desc.fragment_func.source = (const char*)fs_particles_spawn_source_metal_macos;
            desc.fragment_func.entry = "main0";
            desc.attrs[0].base_type = SG_SHADERATTRBASETYPE_FLOAT;
            desc.attrs[1].base_type = SG_SHADERATTRBASETYPE_FLOAT;
            desc.uniform_blocks[0].stage = SG_SHADERSTAGE_FRAGMENT;
            desc.uniform_blocks[0].layout = SG_UNIFORMLAYOUT_STD140;
            desc.uniform_blocks[0].size = 64;
            desc.uniform_blocks[0].msl_buffer_n = 0;
            desc.views[0].texture.stage = SG_SHADERSTAGE_FRAGMENT;
            desc.views[0].texture.image_type = SG_IMAGETYPE_2D;
            desc.views[0].texture.sample_type = SG_IMAGESAMPLETYPE_FLOAT;
            desc.views[0].texture.multisampled = false;
            desc.views[0].texture.msl_texture_n = 0;
            desc.samplers[0].stage = SG_SHADERSTAGE_FRAGMENT;
            desc.samplers[0].sampler_type = SG_SAMPLERTYPE_FILTERING;
            desc.samplers[0].msl_sampler_n = 0;
            desc.texture_sampler_pairs[0].stage = SG_SHADERSTAGE_FRAGMENT;
            desc.texture_sampler_pairs[0].view_slot = 0;
            desc.texture_sampler_pairs[0].sampler_slot = 0;
            desc.label = "tcx_flow_particles_spawn_shader";
        }
        return &desc;
    }
    if (backend == SG_BACKEND_WGPU) {
        static sg_shader_desc desc;
        static bool valid;
        if (!valid) {
            valid = true;
            desc.vertex_func.source = (const char*)particles_vs_source_wgsl;
            desc.vertex_func.entry = "main";
            desc.fragment_func.source = (const char*)fs_particles_spawn_source_wgsl;
            desc.fragment_func.entry = "main";
            desc.attrs[0].base_type = SG_SHADERATTRBASETYPE_FLOAT;
            desc.attrs[1].base_type = SG_SHADERATTRBASETYPE_FLOAT;
            desc.uniform_blocks[0].stage = SG_SHADERSTAGE_FRAGMENT;
            desc.uniform_blocks[0].layout = SG_UNIFORMLAYOUT_STD140;
            desc.uniform_blocks[0].size = 64;
            desc.uniform_blocks[0].wgsl_group0_binding_n = 0;
            desc.views[0].texture.stage = SG_SHADERSTAGE_FRAGMENT;
            desc.views[0].texture.image_type = SG_IMAGETYPE_2D;
            desc.views[0].texture.sample_type = SG_IMAGESAMPLETYPE_FLOAT;
            desc.views[0].texture.multisampled = false;
            desc.views[0].texture.wgsl_group1_binding_n = 0;
            desc.samplers[0].stage = SG_SHADERSTAGE_FRAGMENT;
            desc.samplers[0].sampler_type = SG_SAMPLERTYPE_FILTERING;
            desc.samplers[0].wgsl_group1_binding_n = 32;
            desc.texture_sampler_pairs[0].stage = SG_SHADERSTAGE_FRAGMENT;
            desc.texture_sampler_pairs[0].view_slot = 0;
            desc.texture_sampler_pairs[0].sampler_slot = 0;
            desc.label = "tcx_flow_particles_spawn_shader";
        }
        return &desc;
    }
    return 0;
}
static inline const sg_shader_desc* tcx_flow_particles_update_shader_desc(sg_backend backend) {
    if (backend == SG_BACKEND_GLES3) {
        static sg_shader_desc desc;
        static bool valid;
        if (!valid) {
            valid = true;
            desc.vertex_func.source = (const char*)particles_vs_source_glsl300es;
            desc.vertex_func.entry = "main";
            desc.fragment_func.source = (const char*)fs_particles_update_source_glsl300es;
            desc.fragment_func.entry = "main";
            desc.attrs[0].base_type = SG_SHADERATTRBASETYPE_FLOAT;
            desc.attrs[0].glsl_name = "position";
            desc.attrs[1].base_type = SG_SHADERATTRBASETYPE_FLOAT;
            desc.attrs[1].glsl_name = "texcoord0";
            desc.uniform_blocks[0].stage = SG_SHADERSTAGE_FRAGMENT;
            desc.uniform_blocks[0].layout = SG_UNIFORMLAYOUT_STD140;
            desc.uniform_blocks[0].size = 64;
            desc.uniform_blocks[0].glsl_uniforms[0].type = SG_UNIFORMTYPE_FLOAT4;
            desc.uniform_blocks[0].glsl_uniforms[0].array_count = 4;
            desc.uniform_blocks[0].glsl_uniforms[0].glsl_name = "particle_params";
            desc.views[0].texture.stage = SG_SHADERSTAGE_FRAGMENT;
            desc.views[0].texture.image_type = SG_IMAGETYPE_2D;
            desc.views[0].texture.sample_type = SG_IMAGESAMPLETYPE_FLOAT;
            desc.views[0].texture.multisampled = false;
            desc.views[1].texture.stage = SG_SHADERSTAGE_FRAGMENT;
            desc.views[1].texture.image_type = SG_IMAGETYPE_2D;
            desc.views[1].texture.sample_type = SG_IMAGESAMPLETYPE_FLOAT;
            desc.views[1].texture.multisampled = false;
            desc.samplers[0].stage = SG_SHADERSTAGE_FRAGMENT;
            desc.samplers[0].sampler_type = SG_SAMPLERTYPE_FILTERING;
            desc.samplers[1].stage = SG_SHADERSTAGE_FRAGMENT;
            desc.samplers[1].sampler_type = SG_SAMPLERTYPE_FILTERING;
            desc.texture_sampler_pairs[0].stage = SG_SHADERSTAGE_FRAGMENT;
            desc.texture_sampler_pairs[0].view_slot = 0;
            desc.texture_sampler_pairs[0].sampler_slot = 0;
            desc.texture_sampler_pairs[0].glsl_name = "particleStateTex_particleStateSmp";
            desc.texture_sampler_pairs[1].stage = SG_SHADERSTAGE_FRAGMENT;
            desc.texture_sampler_pairs[1].view_slot = 1;
            desc.texture_sampler_pairs[1].sampler_slot = 1;
            desc.texture_sampler_pairs[1].glsl_name = "particleVelocityTex_particleVelocitySmp";
            desc.label = "tcx_flow_particles_update_shader";
        }
        return &desc;
    }
    if (backend == SG_BACKEND_D3D11) {
        static sg_shader_desc desc;
        static bool valid;
        if (!valid) {
            valid = true;
            desc.vertex_func.source = (const char*)particles_vs_source_hlsl5;
            desc.vertex_func.d3d11_target = "vs_5_0";
            desc.vertex_func.entry = "main";
            desc.fragment_func.source = (const char*)fs_particles_update_source_hlsl5;
            desc.fragment_func.d3d11_target = "ps_5_0";
            desc.fragment_func.entry = "main";
            desc.attrs[0].base_type = SG_SHADERATTRBASETYPE_FLOAT;
            desc.attrs[0].hlsl_sem_name = "TEXCOORD";
            desc.attrs[0].hlsl_sem_index = 0;
            desc.attrs[1].base_type = SG_SHADERATTRBASETYPE_FLOAT;
            desc.attrs[1].hlsl_sem_name = "TEXCOORD";
            desc.attrs[1].hlsl_sem_index = 1;
            desc.uniform_blocks[0].stage = SG_SHADERSTAGE_FRAGMENT;
            desc.uniform_blocks[0].layout = SG_UNIFORMLAYOUT_STD140;
            desc.uniform_blocks[0].size = 64;
            desc.uniform_blocks[0].hlsl_register_b_n = 0;
            desc.views[0].texture.stage = SG_SHADERSTAGE_FRAGMENT;
            desc.views[0].texture.image_type = SG_IMAGETYPE_2D;
            desc.views[0].texture.sample_type = SG_IMAGESAMPLETYPE_FLOAT;
            desc.views[0].texture.multisampled = false;
            desc.views[0].texture.hlsl_register_t_n = 0;
            desc.views[1].texture.stage = SG_SHADERSTAGE_FRAGMENT;
            desc.views[1].texture.image_type = SG_IMAGETYPE_2D;
            desc.views[1].texture.sample_type = SG_IMAGESAMPLETYPE_FLOAT;
            desc.views[1].texture.multisampled = false;
            desc.views[1].texture.hlsl_register_t_n = 1;
            desc.samplers[0].stage = SG_SHADERSTAGE_FRAGMENT;
            desc.samplers[0].sampler_type = SG_SAMPLERTYPE_FILTERING;
            desc.samplers[0].hlsl_register_s_n = 0;
            desc.samplers[1].stage = SG_SHADERSTAGE_FRAGMENT;
            desc.samplers[1].sampler_type = SG_SAMPLERTYPE_FILTERING;
            desc.samplers[1].hlsl_register_s_n = 1;
            desc.texture_sampler_pairs[0].stage = SG_SHADERSTAGE_FRAGMENT;
            desc.texture_sampler_pairs[0].view_slot = 0;
            desc.texture_sampler_pairs[0].sampler_slot = 0;
            desc.texture_sampler_pairs[1].stage = SG_SHADERSTAGE_FRAGMENT;
            desc.texture_sampler_pairs[1].view_slot = 1;
            desc.texture_sampler_pairs[1].sampler_slot = 1;
            desc.label = "tcx_flow_particles_update_shader";
        }
        return &desc;
    }
    if (backend == SG_BACKEND_METAL_MACOS) {
        static sg_shader_desc desc;
        static bool valid;
        if (!valid) {
            valid = true;
            desc.vertex_func.source = (const char*)particles_vs_source_metal_macos;
            desc.vertex_func.entry = "main0";
            desc.fragment_func.source = (const char*)fs_particles_update_source_metal_macos;
            desc.fragment_func.entry = "main0";
            desc.attrs[0].base_type = SG_SHADERATTRBASETYPE_FLOAT;
            desc.attrs[1].base_type = SG_SHADERATTRBASETYPE_FLOAT;
            desc.uniform_blocks[0].stage = SG_SHADERSTAGE_FRAGMENT;
            desc.uniform_blocks[0].layout = SG_UNIFORMLAYOUT_STD140;
            desc.uniform_blocks[0].size = 64;
            desc.uniform_blocks[0].msl_buffer_n = 0;
            desc.views[0].texture.stage = SG_SHADERSTAGE_FRAGMENT;
            desc.views[0].texture.image_type = SG_IMAGETYPE_2D;
            desc.views[0].texture.sample_type = SG_IMAGESAMPLETYPE_FLOAT;
            desc.views[0].texture.multisampled = false;
            desc.views[0].texture.msl_texture_n = 0;
            desc.views[1].texture.stage = SG_SHADERSTAGE_FRAGMENT;
            desc.views[1].texture.image_type = SG_IMAGETYPE_2D;
            desc.views[1].texture.sample_type = SG_IMAGESAMPLETYPE_FLOAT;
            desc.views[1].texture.multisampled = false;
            desc.views[1].texture.msl_texture_n = 1;
            desc.samplers[0].stage = SG_SHADERSTAGE_FRAGMENT;
            desc.samplers[0].sampler_type = SG_SAMPLERTYPE_FILTERING;
            desc.samplers[0].msl_sampler_n = 0;
            desc.samplers[1].stage = SG_SHADERSTAGE_FRAGMENT;
            desc.samplers[1].sampler_type = SG_SAMPLERTYPE_FILTERING;
            desc.samplers[1].msl_sampler_n = 1;
            desc.texture_sampler_pairs[0].stage = SG_SHADERSTAGE_FRAGMENT;
            desc.texture_sampler_pairs[0].view_slot = 0;
            desc.texture_sampler_pairs[0].sampler_slot = 0;
            desc.texture_sampler_pairs[1].stage = SG_SHADERSTAGE_FRAGMENT;
            desc.texture_sampler_pairs[1].view_slot = 1;
            desc.texture_sampler_pairs[1].sampler_slot = 1;
            desc.label = "tcx_flow_particles_update_shader";
        }
        return &desc;
    }
    if (backend == SG_BACKEND_WGPU) {
        static sg_shader_desc desc;
        static bool valid;
        if (!valid) {
            valid = true;
            desc.vertex_func.source = (const char*)particles_vs_source_wgsl;
            desc.vertex_func.entry = "main";
            desc.fragment_func.source = (const char*)fs_particles_update_source_wgsl;
            desc.fragment_func.entry = "main";
            desc.attrs[0].base_type = SG_SHADERATTRBASETYPE_FLOAT;
            desc.attrs[1].base_type = SG_SHADERATTRBASETYPE_FLOAT;
            desc.uniform_blocks[0].stage = SG_SHADERSTAGE_FRAGMENT;
            desc.uniform_blocks[0].layout = SG_UNIFORMLAYOUT_STD140;
            desc.uniform_blocks[0].size = 64;
            desc.uniform_blocks[0].wgsl_group0_binding_n = 0;
            desc.views[0].texture.stage = SG_SHADERSTAGE_FRAGMENT;
            desc.views[0].texture.image_type = SG_IMAGETYPE_2D;
            desc.views[0].texture.sample_type = SG_IMAGESAMPLETYPE_FLOAT;
            desc.views[0].texture.multisampled = false;
            desc.views[0].texture.wgsl_group1_binding_n = 0;
            desc.views[1].texture.stage = SG_SHADERSTAGE_FRAGMENT;
            desc.views[1].texture.image_type = SG_IMAGETYPE_2D;
            desc.views[1].texture.sample_type = SG_IMAGESAMPLETYPE_FLOAT;
            desc.views[1].texture.multisampled = false;
            desc.views[1].texture.wgsl_group1_binding_n = 1;
            desc.samplers[0].stage = SG_SHADERSTAGE_FRAGMENT;
            desc.samplers[0].sampler_type = SG_SAMPLERTYPE_FILTERING;
            desc.samplers[0].wgsl_group1_binding_n = 32;
            desc.samplers[1].stage = SG_SHADERSTAGE_FRAGMENT;
            desc.samplers[1].sampler_type = SG_SAMPLERTYPE_FILTERING;
            desc.samplers[1].wgsl_group1_binding_n = 33;
            desc.texture_sampler_pairs[0].stage = SG_SHADERSTAGE_FRAGMENT;
            desc.texture_sampler_pairs[0].view_slot = 0;
            desc.texture_sampler_pairs[0].sampler_slot = 0;
            desc.texture_sampler_pairs[1].stage = SG_SHADERSTAGE_FRAGMENT;
            desc.texture_sampler_pairs[1].view_slot = 1;
            desc.texture_sampler_pairs[1].sampler_slot = 1;
            desc.label = "tcx_flow_particles_update_shader";
        }
        return &desc;
    }
    return 0;
}
