#pragma once
/*
    #version:1# (machine generated, don't edit!)

    Generated by sokol-shdc (https://github.com/floooh/sokol-tools)

    Cmdline:
        sokol-shdc --input /Users/mac/Desktop/TrussC/addons/tcxCloth/shaders/cloth.glsl --output /Users/mac/Desktop/TrussC/addons/tcxCloth/shaders/generated/cloth.glsl.h --slang metal_macos:hlsl5:glsl410:glsl300es --format sokol

    Overview:
    =========
    Shader program: 'tcx_cloth_step':
        Get shader desc: tcx_cloth_step_shader_desc(sg_query_backend());
        Vertex Shader: cloth_fullscreen_vs
        Fragment Shader: fs_cloth_step
        Attributes:
            ATTR_tcx_cloth_step_position => 0
            ATTR_tcx_cloth_step_texcoord0 => 1
    Bindings:
        Uniform block 'cloth_step_params':
            C struct: cloth_step_params_t
            Bind slot: UB_cloth_step_params => 0
        Texture 'positionTex':
            Image type: SG_IMAGETYPE_2D
            Sample type: SG_IMAGESAMPLETYPE_FLOAT
            Multisampled: false
            Bind slot: VIEW_positionTex => 0
        Texture 'previousTex':
            Image type: SG_IMAGETYPE_2D
            Sample type: SG_IMAGESAMPLETYPE_FLOAT
            Multisampled: false
            Bind slot: VIEW_previousTex => 1
        Texture 'pinTex':
            Image type: SG_IMAGETYPE_2D
            Sample type: SG_IMAGESAMPLETYPE_FLOAT
            Multisampled: false
            Bind slot: VIEW_pinTex => 2
        Sampler 'positionSmp':
            Type: SG_SAMPLERTYPE_FILTERING
            Bind slot: SMP_positionSmp => 0
        Sampler 'previousSmp':
            Type: SG_SAMPLERTYPE_FILTERING
            Bind slot: SMP_previousSmp => 1
        Sampler 'pinSmp':
            Type: SG_SAMPLERTYPE_FILTERING
            Bind slot: SMP_pinSmp => 2
*/
#if !defined(SOKOL_GFX_INCLUDED)
#error "Please include sokol_gfx.h before cloth.glsl.h"
#endif
#if !defined(SOKOL_SHDC_ALIGN)
#if defined(_MSC_VER)
#define SOKOL_SHDC_ALIGN(a) __declspec(align(a))
#else
#define SOKOL_SHDC_ALIGN(a) __attribute__((aligned(a)))
#endif
#endif
#define ATTR_tcx_cloth_step_position (0)
#define ATTR_tcx_cloth_step_texcoord0 (1)
#define UB_cloth_step_params (0)
#define VIEW_positionTex (0)
#define VIEW_previousTex (1)
#define VIEW_pinTex (2)
#define SMP_positionSmp (0)
#define SMP_previousSmp (1)
#define SMP_pinSmp (2)
#pragma pack(push,1)
SOKOL_SHDC_ALIGN(16) typedef struct cloth_step_params_t {
    float simSize[4];
    float timing[4];
    float wind[4];
    float clothLayout[4];
    float forces[4];
    float stiffness[4];
    float collider[4];
    float options[4];
} cloth_step_params_t;
#pragma pack(pop)
/*
    #version 410

    layout(location = 0) in vec2 position;
    layout(location = 0) out vec2 uv;
    layout(location = 1) in vec2 texcoord0;

    void main()
    {
        gl_Position = vec4(position, 0.0, 1.0);
        uv = texcoord0;
    }

*/
static const uint8_t cloth_fullscreen_vs_source_glsl410[210] = {
    0x23,0x76,0x65,0x72,0x73,0x69,0x6f,0x6e,0x20,0x34,0x31,0x30,0x0a,0x0a,0x6c,0x61,
    0x79,0x6f,0x75,0x74,0x28,0x6c,0x6f,0x63,0x61,0x74,0x69,0x6f,0x6e,0x20,0x3d,0x20,
    0x30,0x29,0x20,0x69,0x6e,0x20,0x76,0x65,0x63,0x32,0x20,0x70,0x6f,0x73,0x69,0x74,
    0x69,0x6f,0x6e,0x3b,0x0a,0x6c,0x61,0x79,0x6f,0x75,0x74,0x28,0x6c,0x6f,0x63,0x61,
    0x74,0x69,0x6f,0x6e,0x20,0x3d,0x20,0x30,0x29,0x20,0x6f,0x75,0x74,0x20,0x76,0x65,
    0x63,0x32,0x20,0x75,0x76,0x3b,0x0a,0x6c,0x61,0x79,0x6f,0x75,0x74,0x28,0x6c,0x6f,
    0x63,0x61,0x74,0x69,0x6f,0x6e,0x20,0x3d,0x20,0x31,0x29,0x20,0x69,0x6e,0x20,0x76,
    0x65,0x63,0x32,0x20,0x74,0x65,0x78,0x63,0x6f,0x6f,0x72,0x64,0x30,0x3b,0x0a,0x0a,
    0x76,0x6f,0x69,0x64,0x20,0x6d,0x61,0x69,0x6e,0x28,0x29,0x0a,0x7b,0x0a,0x20,0x20,
    0x20,0x20,0x67,0x6c,0x5f,0x50,0x6f,0x73,0x69,0x74,0x69,0x6f,0x6e,0x20,0x3d,0x20,
    0x76,0x65,0x63,0x34,0x28,0x70,0x6f,0x73,0x69,0x74,0x69,0x6f,0x6e,0x2c,0x20,0x30,
    0x2e,0x30,0x2c,0x20,0x31,0x2e,0x30,0x29,0x3b,0x0a,0x20,0x20,0x20,0x20,0x75,0x76,
    0x20,0x3d,0x20,0x74,0x65,0x78,0x63,0x6f,0x6f,0x72,0x64,0x30,0x3b,0x0a,0x7d,0x0a,
    0x0a,0x00,
};
/*
    #version 410

    uniform vec4 cloth_step_params[8];
    uniform sampler2D pinTex_pinSmp;
    uniform sampler2D positionTex_positionSmp;
    uniform sampler2D previousTex_previousSmp;

    layout(location = 0) in vec2 uv;
    layout(location = 0) out vec4 frag_color;

    vec4 samplePin(vec2 tc)
    {
        return texture(pinTex_pinSmp, clamp(tc, vec2(0.0), vec2(1.0)));
    }

    vec3 restPosition(vec2 tc)
    {
        vec2 _168 = clamp(((tc * cloth_step_params[0].xy) - vec2(0.5)) / max(cloth_step_params[0].xy - vec2(1.0), vec2(1.0)), vec2(0.0), vec2(1.0));
        return vec3(cloth_step_params[3].x + (_168.x * cloth_step_params[3].z), cloth_step_params[3].y + (_168.y * cloth_step_params[3].w), 0.0);
    }

    vec3 pinnedOrRest(vec2 tc, vec4 pin)
    {
        if (pin.x > 0.5)
        {
            return vec3(pin.y, pin.z, pin.w);
        }
        vec2 param = tc;
        return restPosition(param);
    }

    vec3 samplePosition(vec2 tc)
    {
        return texture(positionTex_positionSmp, clamp(tc, vec2(0.0), vec2(1.0))).xyz;
    }

    vec3 samplePrevious(vec2 tc)
    {
        return texture(previousTex_previousSmp, clamp(tc, vec2(0.0), vec2(1.0))).xyz;
    }

    vec3 clothNormal()
    {
        vec2 param = uv;
        vec3 _216 = samplePosition(param);
        vec2 _221 = vec2(cloth_step_params[0].z, 0.0);
        vec2 param_1 = uv + _221;
        vec3 _224 = samplePosition(param_1);
        vec2 param_2 = uv - _221;
        vec3 _232 = samplePosition(param_2);
        vec2 _237 = vec2(0.0, cloth_step_params[0].w);
        vec2 param_3 = uv - _237;
        vec3 _240 = samplePosition(param_3);
        vec2 param_4 = uv + _237;
        vec3 _248 = samplePosition(param_4);
        vec3 _252 = _224 - _216;
        vec3 _255 = _240 - _216;
        vec3 _262 = _232 - _216;
        vec3 _270 = _248 - _216;
        vec3 _280 = ((cross(_252, _255) + cross(_255, _262)) + cross(_262, _270)) + cross(_270, _252);
        float _283 = length(_280);
        if (_283 < 9.9999999747524270787835121154785e-07)
        {
            return vec3(0.0, 0.0, 1.0);
        }
        return _280 / vec3(_283);
    }

    vec2 gridCoord()
    {
        return floor(uv * cloth_step_params[0].xy);
    }

    bool validCoord(vec2 coord)
    {
        bool _78 = coord.x >= 0.0;
        bool _85;
        if (_78)
        {
            _85 = coord.y >= 0.0;
        }
        else
        {
            _85 = _78;
        }
        bool _94;
        if (_85)
        {
            _94 = coord.x < cloth_step_params[0].x;
        }
        else
        {
            _94 = _85;
        }
        bool _102;
        if (_94)
        {
            _102 = coord.y < cloth_step_params[0].y;
        }
        else
        {
            _102 = _94;
        }
        return _102;
    }

    vec2 coordUv(vec2 coord)
    {
        return (coord + vec2(0.5)) / cloth_step_params[0].xy;
    }

    void applyNeighbor(inout vec3 correction, vec3 pos, vec2 coord, vec2 offset, float restLen, float k)
    {
        vec2 _300 = coord + offset;
        vec2 param = _300;
        if ((!validCoord(param)) || (k <= 0.0))
        {
            return;
        }
        vec2 param_1 = _300;
        vec2 param_2 = coordUv(param_1);
        vec3 _316 = samplePosition(param_2);
        vec3 _320 = _316 - pos;
        float _323 = length(_320);
        if (_323 <= 9.9999999747524270787835121154785e-07)
        {
            return;
        }
        correction += ((_320 * ((_323 - restLen) / _323)) * (0.5 * k));
    }

    void main()
    {
        int _347 = int(cloth_step_params[1].w + 0.5);
        vec2 param = uv;
        vec4 _351 = samplePin(param);
        if (_347 == 0)
        {
            vec2 param_1 = uv;
            vec4 param_2 = _351;
            frag_color = vec4(pinnedOrRest(param_1, param_2), _351.x);
            return;
        }
        vec2 param_3 = uv;
        vec3 pos = samplePosition(param_3);
        float _379 = _351.x;
        if (_379 > 0.5)
        {
            frag_color = vec4(_351.yzw, _379);
            return;
        }
        if (_347 == 4)
        {
            frag_color = vec4(pos, _379);
            return;
        }
        if (_347 == 1)
        {
            vec2 param_4 = uv;
            vec3 _417 = samplePrevious(param_4);
            vec3 accel = cloth_step_params[4].xyz;
            bool _425 = cloth_step_params[7].z > 0.5;
            bool _432;
            if (_425)
            {
                _432 = cloth_step_params[2].w > 0.0;
            }
            else
            {
                _432 = _425;
            }
            if (_432)
            {
                vec3 _436 = clothNormal();
                accel += ((((_436 * dot(_436, normalize(cloth_step_params[2].xyz))) * cloth_step_params[2].w) * (85.0 + (sin(((cloth_step_params[1].z * (1.7999999523162841796875 + (cloth_step_params[2].w * 0.039999999105930328369140625))) + (uv.x * 10.0)) + (uv.y * 6.0)) * 12.25))) * smoothstep(0.0500000007450580596923828125, 0.87999999523162841796875, uv.y));
            }
            frag_color = vec4((pos + ((pos - _417) * cloth_step_params[1].y)) + ((accel * cloth_step_params[1].x) * cloth_step_params[1].x), _379);
            return;
        }
        if (_347 == 2)
        {
            vec2 _522 = gridCoord();
            float _530 = cloth_step_params[3].z / max(cloth_step_params[0].x - 1.0, 1.0);
            float _538 = cloth_step_params[3].w / max(cloth_step_params[0].y - 1.0, 1.0);
            float _543 = length(vec2(_530, _538));
            vec3 correction = vec3(0.0);
            vec3 param_5 = vec3(0.0);
            vec3 param_6 = pos;
            vec2 param_7 = _522;
            vec2 param_8 = vec2(-1.0, 0.0);
            float param_9 = _530;
            float param_10 = cloth_step_params[5].x;
            applyNeighbor(param_5, param_6, param_7, param_8, param_9, param_10);
            correction = param_5;
            vec3 param_11 = param_5;
            vec3 param_12 = pos;
            vec2 param_13 = _522;
            vec2 param_14 = vec2(1.0, 0.0);
            float param_15 = _530;
            float param_16 = cloth_step_params[5].x;
            applyNeighbor(param_11, param_12, param_13, param_14, param_15, param_16);
            correction = param_11;
            vec3 param_17 = param_11;
            vec3 param_18 = pos;
            vec2 param_19 = _522;
            vec2 param_20 = vec2(0.0, -1.0);
            float param_21 = _538;
            float param_22 = cloth_step_params[5].x;
            applyNeighbor(param_17, param_18, param_19, param_20, param_21, param_22);
            correction = param_17;
            vec3 param_23 = param_17;
            vec3 param_24 = pos;
            vec2 param_25 = _522;
            vec2 param_26 = vec2(0.0, 1.0);
            float param_27 = _538;
            float param_28 = cloth_step_params[5].x;
            applyNeighbor(param_23, param_24, param_25, param_26, param_27, param_28);
            correction = param_23;
            if (cloth_step_params[7].x > 0.5)
            {
                vec3 param_29 = correction;
                vec3 param_30 = pos;
                vec2 param_31 = _522;
                vec2 param_32 = vec2(-1.0);
                float param_33 = _543;
                float param_34 = cloth_step_params[5].y;
                applyNeighbor(param_29, param_30, param_31, param_32, param_33, param_34);
                correction = param_29;
                vec3 param_35 = param_29;
                vec3 param_36 = pos;
                vec2 param_37 = _522;
                vec2 param_38 = vec2(1.0, -1.0);
                float param_39 = _543;
                float param_40 = cloth_step_params[5].y;
                applyNeighbor(param_35, param_36, param_37, param_38, param_39, param_40);
                correction = param_35;
                vec3 param_41 = param_35;
                vec3 param_42 = pos;
                vec2 param_43 = _522;
                vec2 param_44 = vec2(-1.0, 1.0);
                float param_45 = _543;
                float param_46 = cloth_step_params[5].y;
                applyNeighbor(param_41, param_42, param_43, param_44, param_45, param_46);
                correction = param_41;
                vec3 param_47 = param_41;
                vec3 param_48 = pos;
                vec2 param_49 = _522;
                vec2 param_50 = vec2(1.0);
                float param_51 = _543;
                float param_52 = cloth_step_params[5].y;
                applyNeighbor(param_47, param_48, param_49, param_50, param_51, param_52);
                correction = param_47;
            }
            if (cloth_step_params[7].y > 0.5)
            {
                float _681 = _530 * 2.0;
                vec3 param_53 = correction;
                vec3 param_54 = pos;
                vec2 param_55 = _522;
                vec2 param_56 = vec2(-2.0, 0.0);
                float param_57 = _681;
                float param_58 = cloth_step_params[5].z;
                applyNeighbor(param_53, param_54, param_55, param_56, param_57, param_58);
                correction = param_53;
                vec3 param_59 = param_53;
                vec3 param_60 = pos;
                vec2 param_61 = _522;
                vec2 param_62 = vec2(2.0, 0.0);
                float param_63 = _681;
                float param_64 = cloth_step_params[5].z;
                applyNeighbor(param_59, param_60, param_61, param_62, param_63, param_64);
                correction = param_59;
                float _713 = _538 * 2.0;
                vec3 param_65 = param_59;
                vec3 param_66 = pos;
                vec2 param_67 = _522;
                vec2 param_68 = vec2(0.0, -2.0);
                float param_69 = _713;
                float param_70 = cloth_step_params[5].z;
                applyNeighbor(param_65, param_66, param_67, param_68, param_69, param_70);
                correction = param_65;
                vec3 param_71 = param_65;
                vec3 param_72 = pos;
                vec2 param_73 = _522;
                vec2 param_74 = vec2(0.0, 2.0);
                float param_75 = _713;
                float param_76 = cloth_step_params[5].z;
                applyNeighbor(param_71, param_72, param_73, param_74, param_75, param_76);
                correction = param_71;
                float _745 = _543 * 2.0;
                vec3 param_77 = param_71;
                vec3 param_78 = pos;
                vec2 param_79 = _522;
                vec2 param_80 = vec2(-2.0);
                float param_81 = _745;
                float param_82 = cloth_step_params[5].z;
                applyNeighbor(param_77, param_78, param_79, param_80, param_81, param_82);
                correction = param_77;
                vec3 param_83 = param_77;
                vec3 param_84 = pos;
                vec2 param_85 = _522;
                vec2 param_86 = vec2(2.0, -2.0);
                float param_87 = _745;
                float param_88 = cloth_step_params[5].z;
                applyNeighbor(param_83, param_84, param_85, param_86, param_87, param_88);
                correction = param_83;
                vec3 param_89 = param_83;
                vec3 param_90 = pos;
                vec2 param_91 = _522;
                vec2 param_92 = vec2(-2.0, 2.0);
                float param_93 = _745;
                float param_94 = cloth_step_params[5].z;
                applyNeighbor(param_89, param_90, param_91, param_92, param_93, param_94);
                correction = param_89;
                vec3 param_95 = param_89;
                vec3 param_96 = pos;
                vec2 param_97 = _522;
                vec2 param_98 = vec2(2.0);
                float param_99 = _745;
                float param_100 = cloth_step_params[5].z;
                applyNeighbor(param_95, param_96, param_97, param_98, param_99, param_100);
                correction = param_95;
            }
            frag_color = vec4(pos + (correction * cloth_step_params[7].w), _379);
            return;
        }
        bool _823 = _347 == 3;
        bool _830;
        if (_823)
        {
            _830 = cloth_step_params[6].w > 0.0;
        }
        else
        {
            _830 = _823;
        }
        if (_830)
        {
            vec3 _838 = pos - cloth_step_params[6].xyz;
            float _841 = length(_838);
            if (_841 < cloth_step_params[6].w)
            {
                vec3 _851;
                if (_841 > 9.9999999747524270787835121154785e-07)
                {
                    _851 = _838 / vec3(_841);
                }
                else
                {
                    _851 = vec3(0.0, 1.0, 0.0);
                }
                pos = cloth_step_params[6].xyz + (_851 * cloth_step_params[6].w);
            }
            frag_color = vec4(pos, _379);
            return;
        }
        frag_color = vec4(pos, _379);
    }

*/
static const uint8_t fs_cloth_step_source_glsl410[11570] = {
    0x23,0x76,0x65,0x72,0x73,0x69,0x6f,0x6e,0x20,0x34,0x31,0x30,0x0a,0x0a,0x75,0x6e,
    0x69,0x66,0x6f,0x72,0x6d,0x20,0x76,0x65,0x63,0x34,0x20,0x63,0x6c,0x6f,0x74,0x68,
    0x5f,0x73,0x74,0x65,0x70,0x5f,0x70,0x61,0x72,0x61,0x6d,0x73,0x5b,0x38,0x5d,0x3b,
    0x0a,0x75,0x6e,0x69,0x66,0x6f,0x72,0x6d,0x20,0x73,0x61,0x6d,0x70,0x6c,0x65,0x72,
    0x32,0x44,0x20,0x70,0x69,0x6e,0x54,0x65,0x78,0x5f,0x70,0x69,0x6e,0x53,0x6d,0x70,
    0x3b,0x0a,0x75,0x6e,0x69,0x66,0x6f,0x72,0x6d,0x20,0x73,0x61,0x6d,0x70,0x6c,0x65,
    0x72,0x32,0x44,0x20,0x70,0x6f,0x73,0x69,0x74,0x69,0x6f,0x6e,0x54,0x65,0x78,0x5f,
    0x70,0x6f,0x73,0x69,0x74,0x69,0x6f,0x6e,0x53,0x6d,0x70,0x3b,0x0a,0x75,0x6e,0x69,
    0x66,0x6f,0x72,0x6d,0x20,0x73,0x61,0x6d,0x70,0x6c,0x65,0x72,0x32,0x44,0x20,0x70,
    0x72,0x65,0x76,0x69,0x6f,0x75,0x73,0x54,0x65,0x78,0x5f,0x70,0x72,0x65,0x76,0x69,
    0x6f,0x75,0x73,0x53,0x6d,0x70,0x3b,0x0a,0x0a,0x6c,0x61,0x79,0x6f,0x75,0x74,0x28,
    0x6c,0x6f,0x63,0x61,0x74,0x69,0x6f,0x6e,0x20,0x3d,0x20,0x30,0x29,0x20,0x69,0x6e,
    0x20,0x76,0x65,0x63,0x32,0x20,0x75,0x76,0x3b,0x0a,0x6c,0x61,0x79,0x6f,0x75,0x74,
    0x28,0x6c,0x6f,0x63,0x61,0x74,0x69,0x6f,0x6e,0x20,0x3d,0x20,0x30,0x29,0x20,0x6f,
    0x75,0x74,0x20,0x76,0x65,0x63,0x34,0x20,0x66,0x72,0x61,0x67,0x5f,0x63,0x6f,0x6c,
    0x6f,0x72,0x3b,0x0a,0x0a,0x76,0x65,0x63,0x34,0x20,0x73,0x61,0x6d,0x70,0x6c,0x65,
    0x50,0x69,0x6e,0x28,0x76,0x65,0x63,0x32,0x20,0x74,0x63,0x29,0x0a,0x7b,0x0a,0x20,
    0x20,0x20,0x20,0x72,0x65,0x74,0x75,0x72,0x6e,0x20,0x74,0x65,0x78,0x74,0x75,0x72,
    0x65,0x28,0x70,0x69,0x6e,0x54,0x65,0x78,0x5f,0x70,0x69,0x6e,0x53,0x6d,0x70,0x2c,
    0x20,0x63,0x6c,0x61,0x6d,0x70,0x28,0x74,0x63,0x2c,0x20,0x76,0x65,0x63,0x32,0x28,
    0x30,0x2e,0x30,0x29,0x2c,0x20,0x76,0x65,0x63,0x32,0x28,0x31,0x2e,0x30,0x29,0x29,
    0x29,0x3b,0x0a,0x7d,0x0a,0x0a,0x76,0x65,0x63,0x33,0x20,0x72,0x65,0x73,0x74,0x50,
    0x6f,0x73,0x69,0x74,0x69,0x6f,0x6e,0x28,0x76,0x65,0x63,0x32,0x20,0x74,0x63,0x29,
    0x0a,0x7b,0x0a,0x20,0x20,0x20,0x20,0x76,0x65,0x63,0x32,0x20,0x5f,0x31,0x36,0x38,
    0x20,0x3d,0x20,0x63,0x6c,0x61,0x6d,0x70,0x28,0x28,0x28,0x74,0x63,0x20,0x2a,0x20,
    0x63,0x6c,0x6f,0x74,0x68,0x5f,0x73,0x74,0x65,0x70,0x5f,0x70,0x61,0x72,0x61,0x6d,
    0x73,0x5b,0x30,0x5d,0x2e,0x78,0x79,0x29,0x20,0x2d,0x20,0x76,0x65,0x63,0x32,0x28,
    0x30,0x2e,0x35,0x29,0x29,0x20,0x2f,0x20,0x6d,0x61,0x78,0x28,0x63,0x6c,0x6f,0x74,
    0x68,0x5f,0x73,0x74,0x65,0x70,0x5f,0x70,0x61,0x72,0x61,0x6d,0x73,0x5b,0x30,0x5d,
    0x2e,0x78,0x79,0x20,0x2d,0x20,0x76,0x65,0x63,0x32,0x28,0x31,0x2e,0x30,0x29,0x2c,
    0x20,0x76,0x65,0x63,0x32,0x28,0x31,0x2e,0x30,0x29,0x29,0x2c,0x20,0x76,0x65,0x63,
    0x32,0x28,0x30,0x2e,0x30,0x29,0x2c,0x20,0x76,0x65,0x63,0x32,0x28,0x31,0x2e,0x30,
    0x29,0x29,0x3b,0x0a,0x20,0x20,0x20,0x20,0x72,0x65,0x74,0x75,0x72,0x6e,0x20,0x76,
    0x65,0x63,0x33,0x28,0x63,0x6c,0x6f,0x74,0x68,0x5f,0x73,0x74,0x65,0x70,0x5f,0x70,
    0x61,0x72,0x61,0x6d,0x73,0x5b,0x33,0x5d,0x2e,0x78,0x20,0x2b,0x20,0x28,0x5f,0x31,
    0x36,0x38,0x2e,0x78,0x20,0x2a,0x20,0x63,0x6c,0x6f,0x74,0x68,0x5f,0x73,0x74,0x65,
    0x70,0x5f,0x70,0x61,0x72,0x61,0x6d,0x73,0x5b,0x33,0x5d,0x2e,0x7a,0x29,0x2c,0x20,
    0x63,0x6c,0x6f,0x74,0x68,0x5f,0x73,0x74,0x65,0x70,0x5f,0x70,0x61,0x72,0x61,0x6d,
    0x73,0x5b,0x33,0x5d,0x2e,0x79,0x20,0x2b,0x20,0x28,0x5f,0x31,0x36,0x38,0x2e,0x79,
    0x20,0x2a,0x20,0x63,0x6c,0x6f,0x74,0x68,0x5f,0x73,0x74,0x65,0x70,0x5f,0x70,0x61,
    0x72,0x61,0x6d,0x73,0x5b,0x33,0x5d,0x2e,0x77,0x29,0x2c,0x20,0x30,0x2e,0x30,0x29,
    0x3b,0x0a,0x7d,0x0a,0x0a,0x76,0x65,0x63,0x33,0x20,0x70,0x69,0x6e,0x6e,0x65,0x64,
    0x4f,0x72,0x52,0x65,0x73,0x74,0x28,0x76,0x65,0x63,0x32,0x20,0x74,0x63,0x2c,0x20,
    0x76,0x65,0x63,0x34,0x20,0x70,0x69,0x6e,0x29,0x0a,0x7b,0x0a,0x20,0x20,0x20,0x20,
    0x69,0x66,0x20,0x28,0x70,0x69,0x6e,0x2e,0x78,0x20,0x3e,0x20,0x30,0x2e,0x35,0x29,
    0x0a,0x20,0x20,0x20,0x20,0x7b,0x0a,0x20,0x20,0x20,0x20,0x20,0x20,0x20,0x20,0x72,
    0x65,0x74,0x75,0x72,0x6e,0x20,0x76,0x65,0x63,0x33,0x28,0x70,0x69,0x6e,0x2e,0x79,
    0x2c,0x20,0x70,0x69,0x6e,0x2e,0x7a,0x2c,0x20,0x70,0x69,0x6e,0x2e,0x77,0x29,0x3b,
    0x0a,0x20,0x20,0x20,0x20,0x7d,0x0a,0x20,0x20,0x20,0x20,0x76,0x65,0x63,0x32,0x20,
    0x70,0x61,0x72,0x61,0x6d,0x20,0x3d,0x20,0x74,0x63,0x3b,0x0a,0x20,0x20,0x20,0x20,
    0x72,0x65,0x74,0x75,0x72,0x6e,0x20,0x72,0x65,0x73,0x74,0x50,0x6f,0x73,0x69,0x74,
    0x69,0x6f,0x6e,0x28,0x70,0x61,0x72,0x61,0x6d,0x29,0x3b,0x0a,0x7d,0x0a,0x0a,0x76,
    0x65,0x63,0x33,0x20,0x73,0x61,0x6d,0x70,0x6c,0x65,0x50,0x6f,0x73,0x69,0x74,0x69,
    0x6f,0x6e,0x28,0x76,0x65,0x63,0x32,0x20,0x74,0x63,0x29,0x0a,0x7b,0x0a,0x20,0x20,
    0x20,0x20,0x72,0x65,0x74,0x75,0x72,0x6e,0x20,0x74,0x65,0x78,0x74,0x75,0x72,0x65,
    0x28,0x70,0x6f,0x73,0x69,0x74,0x69,0x6f,0x6e,0x54,0x65,0x78,0x5f,0x70,0x6f,0x73,
    0x69,0x74,0x69,0x6f,0x6e,0x53,0x6d,0x70,0x2c,0x20,0x63,0x6c,0x61,0x6d,0x70,0x28,
    0x74,0x63,0x2c,0x20,0x76,0x65,0x63,0x32,0x28,0x30,0x2e,0x30,0x29,0x2c,0x20,0x76,
    0x65,0x63,0x32,0x28,0x31,0x2e,0x30,0x29,0x29,0x29,0x2e,0x78,0x79,0x7a,0x3b,0x0a,
    0x7d,0x0a,0x0a,0x76,0x65,0x63,0x33,0x20,0x73,0x61,0x6d,0x70,0x6c,0x65,0x50,0x72,
    0x65,0x76,0x69,0x6f,0x75,0x73,0x28,0x76,0x65,0x63,0x32,0x20,0x74,0x63,0x29,0x0a,
    0x7b,0x0a,0x20,0x20,0x20,0x20,0x72,0x65,0x74,0x75,0x72,0x6e,0x20,0x74,0x65,0x78,
    0x74,0x75,0x72,0x65,0x28,0x70,0x72,0x65,0x76,0x69,0x6f,0x75,0x73,0x54,0x65,0x78,
    0x5f,0x70,0x72,0x65,0x76,0x69,0x6f,0x75,0x73,0x53,0x6d,0x70,0x2c,0x20,0x63,0x6c,
    0x61,0x6d,0x70,0x28,0x74,0x63,0x2c,0x20,0x76,0x65,0x63,0x32,0x28,0x30,0x2e,0x30,
    0x29,0x2c,0x20,0x76,0x65,0x63,0x32,0x28,0x31,0x2e,0x30,0x29,0x29,0x29,0x2e,0x78,
    0x79,0x7a,0x3b,0x0a,0x7d,0x0a,0x0a,0x76,0x65,0x63,0x33,0x20,0x63,0x6c,0x6f,0x74,
    0x68,0x4e,0x6f,0x72,0x6d,0x61,0x6c,0x28,0x29,0x0a,0x7b,0x0a,0x20,0x20,0x20,0x20,
    0x76,0x65,0x63,0x32,0x20,0x70,0x61,0x72,0x61,0x6d,0x20,0x3d,0x20,0x75,0x76,0x3b,
    0x0a,0x20,0x20,0x20,0x20,0x76,0x65,0x63,0x33,0x20,0x5f,0x32,0x31,0x36,0x20,0x3d,
    0x20,0x73,0x61,0x6d,0x70,0x6c,0x65,0x50,0x6f,0x73,0x69,0x74,0x69,0x6f,0x6e,0x28,
    0x70,0x61,0x72,0x61,0x6d,0x29,0x3b,0x0a,0x20,0x20,0x20,0x20,0x76,0x65,0x63,0x32,
    0x20,0x5f,0x32,0x32,0x31,0x20,0x3d,0x20,0x76,0x65,0x63,0x32,0x28,0x63,0x6c,0x6f,
    0x74,0x68,0x5f,0x73,0x74,0x65,0x70,0x5f,0x70,0x61,0x72,0x61,0x6d,0x73,0x5b,0x30,
    0x5d,0x2e,0x7a,0x2c,0x20,0x30,0x2e,0x30,0x29,0x3b,0x0a,0x20,0x20,0x20,0x20,0x76,
    0x65,0x63,0x32,0x20,0x70,0x61,0x72,0x61,0x6d,0x5f,0x31,0x20,0x3d,0x20,0x75,0x76,
    0x20,0x2b,0x20,0x5f,0x32,0x32,0x31,0x3b,0x0a,0x20,0x20,0x20,0x20,0x76,0x65,0x63,
    0x33,0x20,0x5f,0x32,0x32,0x34,0x20,0x3d,0x20,0x73,0x61,0x6d,0x70,0x6c,0x65,0x50,
    0x6f,0x73,0x69,0x74,0x69,0x6f,0x6e,0x28,0x70,0x61,0x72,0x61,0x6d,0x5f,0x31,0x29,
    0x3b,0x0a,0x20,0x20,0x20,0x20,0x76,0x65,0x63,0x32,0x20,0x70,0x61,0x72,0x61,0x6d,
    0x5f,0x32,0x20,0x3d,0x20,0x75,0x76,0x20,0x2d,0x20,0x5f,0x32,0x32,0x31,0x3b,0x0a,
    0x20,0x20,0x20,0x20,0x76,0x65,0x63,0x33,0x20,0x5f,0x32,0x33,0x32,0x20,0x3d,0x20,
    0x73,0x61,0x6d,0x70,0x6c,0x65,0x50,0x6f,0x73,0x69,0x74,0x69,0x6f,0x6e,0x28,0x70,
    0x61,0x72,0x61,0x6d,0x5f,0x32,0x29,0x3b,0x0a,0x20,0x20,0x20,0x20,0x76,0x65,0x63,
    0x32,0x20,0x5f,0x32,0x33,0x37,0x20,0x3d,0x20,0x76,0x65,0x63,0x32,0x28,0x30,0x2e,
    0x30,0x2c,0x20,0x63,0x6c,0x6f,0x74,0x68,0x5f,0x73,0x74,0x65,0x70,0x5f,0x70,0x61,
    0x72,0x61,0x6d,0x73,0x5b,0x30,0x5d,0x2e,0x77,0x29,0x3b,0x0a,0x20,0x20,0x20,0x20,
    0x76,0x65,0x63,0x32,0x20,0x70,0x61,0x72,0x61,0x6d,0x5f,0x33,0x20,0x3d,0x20,0x75,
    0x76,0x20,0x2d,0x20,0x5f,0x32,0x33,0x37,0x3b,0x0a,0x20,0x20,0x20,0x20,0x76,0x65,
    0x63,0x33,0x20,0x5f,0x32,0x34,0x30,0x20,0x3d,0x20,0x73,0x61,0x6d,0x70,0x6c,0x65,
    0x50,0x6f,0x73,0x69,0x74,0x69,0x6f,0x6e,0x28,0x70,0x61,0x72,0x61,0x6d,0x5f,0x33,
    0x29,0x3b,0x0a,0x20,0x20,0x20,0x20,0x76,0x65,0x63,0x32,0x20,0x70,0x61,0x72,0x61,
    0x6d,0x5f,0x34,0x20,0x3d,0x20,0x75,0x76,0x20,0x2b,0x20,0x5f,0x32,0x33,0x37,0x3b,
    0x0a,0x20,0x20,0x20,0x20,0x76,0x65,0x63,0x33,0x20,0x5f,0x32,0x34,0x38,0x20,0x3d,
    0x20,0x73,0x61,0x6d,0x70,0x6c,0x65,0x50,0x6f,0x73,0x69,0x74,0x69,0x6f,0x6e,0x28,
    0x70,0x61,0x72,0x61,0x6d,0x5f,0x34,0x29,0x3b,0x0a,0x20,0x20,0x20,0x20,0x76,0x65,
    0x63,0x33,0x20,0x5f,0x32,0x35,0x32,0x20,0x3d,0x20,0x5f,0x32,0x32,0x34,0x20,0x2d,
    0x20,0x5f,0x32,0x31,0x36,0x3b,0x0a,0x20,0x20,0x20,0x20,0x76,0x65,0x63,0x33,0x20,
    0x5f,0x32,0x35,0x35,0x20,0x3d,0x20,0x5f,0x32,0x34,0x30,0x20,0x2d,0x20,0x5f,0x32,
    0x31,0x36,0x3b,0x0a,0x20,0x20,0x20,0x20,0x76,0x65,0x63,0x33,0x20,0x5f,0x32,0x36,
    0x32,0x20,0x3d,0x20,0x5f,0x32,0x33,0x32,0x20,0x2d,0x20,0x5f,0x32,0x31,0x36,0x3b,
    0x0a,0x20,0x20,0x20,0x20,0x76,0x65,0x63,0x33,0x20,0x5f,0x32,0x37,0x30,0x20,0x3d,
    0x20,0x5f,0x32,0x34,0x38,0x20,0x2d,0x20,0x5f,0x32,0x31,0x36,0x3b,0x0a,0x20,0x20,
    0x20,0x20,0x76,0x65,0x63,0x33,0x20,0x5f,0x32,0x38,0x30,0x20,0x3d,0x20,0x28,0x28,
    0x63,0x72,0x6f,0x73,0x73,0x28,0x5f,0x32,0x35,0x32,0x2c,0x20,0x5f,0x32,0x35,0x35,
    0x29,0x20,0x2b,0x20,0x63,0x72,0x6f,0x73,0x73,0x28,0x5f,0x32,0x35,0x35,0x2c,0x20,
    0x5f,0x32,0x36,0x32,0x29,0x29,0x20,0x2b,0x20,0x63,0x72,0x6f,0x73,0x73,0x28,0x5f,
    0x32,0x36,0x32,0x2c,0x20,0x5f,0x32,0x37,0x30,0x29,0x29,0x20,0x2b,0x20,0x63,0x72,
    0x6f,0x73,0x73,0x28,0x5f,0x32,0x37,0x30,0x2c,0x20,0x5f,0x32,0x35,0x32,0x29,0x3b,
    0x0a,0x20,0x20,0x20,0x20,0x66,0x6c,0x6f,0x61,0x74,0x20,0x5f,0x32,0x38,0x33,0x20,
    0x3d,0x20,0x6c,0x65,0x6e,0x67,0x74,0x68,0x28,0x5f,0x32,0x38,0x30,0x29,0x3b,0x0a,
    0x20,0x20,0x20,0x20,0x69,0x66,0x20,0x28,0x5f,0x32,0x38,0x33,0x20,0x3c,0x20,0x39,
    0x2e,0x39,0x39,0x39,0x39,0x39,0x39,0x39,0x37,0x34,0x37,0x35,0x32,0x34,0x32,0x37,
    0x30,0x37,0x38,0x37,0x38,0x33,0x35,0x31,0x32,0x31,0x31,0x35,0x34,0x37,0x38,0x35,
    0x65,0x2d,0x30,0x37,0x29,0x0a,0x20,0x20,0x20,0x20,0x7b,0x0a,0x20,0x20,0x20,0x20,
    0x20,0x20,0x20,0x20,0x72,0x65,0x74,0x75,0x72,0x6e,0x20,0x76,0x65,0x63,0x33,0x28,
    0x30,0x2e,0x30,0x2c,0x20,0x30,0x2e,0x30,0x2c,0x20,0x31,0x2e,0x30,0x29,0x3b,0x0a,
    0x20,0x20,0x20,0x20,0x7d,0x0a,0x20,0x20,0x20,0x20,0x72,0x65,0x74,0x75,0x72,0x6e,
    0x20,0x5f,0x32,0x38,0x30,0x20,0x2f,0x20,0x76,0x65,0x63,0x33,0x28,0x5f,0x32,0x38,
    0x33,0x29,0x3b,0x0a,0x7d,0x0a,0x0a,0x76,0x65,0x63,0x32,0x20,0x67,0x72,0x69,0x64,
    0x43,0x6f,0x6f,0x72,0x64,0x28,0x29,0x0a,0x7b,0x0a,0x20,0x20,0x20,0x20,0x72,0x65,
    0x74,0x75,0x72,0x6e,0x20,0x66,0x6c,0x6f,0x6f,0x72,0x28,0x75,0x76,0x20,0x2a,0x20,
    0x63,0x6c,0x6f,0x74,0x68,0x5f,0x73,0x74,0x65,0x70,0x5f,0x70,0x61,0x72,0x61,0x6d,
    0x73,0x5b,0x30,0x5d,0x2e,0x78,0x79,0x29,0x3b,0x0a,0x7d,0x0a,0x0a,0x62,0x6f,0x6f,
    0x6c,0x20,0x76,0x61,0x6c,0x69,0x64,0x43,0x6f,0x6f,0x72,0x64,0x28,0x76,0x65,0x63,
    0x32,0x20,0x63,0x6f,0x6f,0x72,0x64,0x29,0x0a,0x7b,0x0a,0x20,0x20,0x20,0x20,0x62,
    0x6f,0x6f,0x6c,0x20,0x5f,0x37,0x38,0x20,0x3d,0x20,0x63,0x6f,0x6f,0x72,0x64,0x2e,
    0x78,0x20,0x3e,0x3d,0x20,0x30,0x2e,0x30,0x3b,0x0a,0x20,0x20,0x20,0x20,0x62,0x6f,
    0x6f,0x6c,0x20,0x5f,0x38,0x35,0x3b,0x0a,0x20,0x20,0x20,0x20,0x69,0x66,0x20,0x28,
    0x5f,0x37,0x38,0x29,0x0a,0x20,0x20,0x20,0x20,0x7b,0x0a,0x20,0x20,0x20,0x20,0x20,
    0x20,0x20,0x20,0x5f,0x38,0x35,0x20,0x3d,0x20,0x63,0x6f,0x6f,0x72,0x64,0x2e,0x79,
    0x20,0x3e,0x3d,0x20,0x30,0x2e,0x30,0x3b,0x0a,0x20,0x20,0x20,0x20,0x7d,0x0a,0x20,
    0x20,0x20,0x20,0x65,0x6c,0x73,0x65,0x0a,0x20,0x20,0x20,0x20,0x7b,0x0a,0x20,0x20,
    0x20,0x20,0x20,0x20,0x20,0x20,0x5f,0x38,0x35,0x20,0x3d,0x20,0x5f,0x37,0x38,0x3b,
    0x0a,0x20,0x20,0x20,0x20,0x7d,0x0a,0x20,0x20,0x20,0x20,0x62,0x6f,0x6f,0x6c,0x20,
    0x5f,0x39,0x34,0x3b,0x0a,0x20,0x20,0x20,0x20,0x69,0x66,0x20,0x28,0x5f,0x38,0x35,
    0x29,0x0a,0x20,0x20,0x20,0x20,0x7b,0x0a,0x20,0x20,0x20,0x20,0x20,0x20,0x20,0x20,
    0x5f,0x39,0x34,0x20,0x3d,0x20,0x63,0x6f,0x6f,0x72,0x64,0x2e,0x78,0x20,0x3c,0x20,
    0x63,0x6c,0x6f,0x74,0x68,0x5f,0x73,0x74,0x65,0x70,0x5f,0x70,0x61,0x72,0x61,0x6d,
    0x73,0x5b,0x30,0x5d,0x2e,0x78,0x3b,0x0a,0x20,0x20,0x20,0x20,0x7d,0x0a,0x20,0x20,
    0x20,0x20,0x65,0x6c,0x73,0x65,0x0a,0x20,0x20,0x20,0x20,0x7b,0x0a,0x20,0x20,0x20,
    0x20,0x20,0x20,0x20,0x20,0x5f,0x39,0x34,0x20,0x3d,0x20,0x5f,0x38,0x35,0x3b,0x0a,
    0x20,0x20,0x20,0x20,0x7d,0x0a,0x20,0x20,0x20,0x20,0x62,0x6f,0x6f,0x6c,0x20,0x5f,
    0x31,0x30,0x32,0x3b,0x0a,0x20,0x20,0x20,0x20,0x69,0x66,0x20,0x28,0x5f,0x39,0x34,
    0x29,0x0a,0x20,0x20,0x20,0x20,0x7b,0x0a,0x20,0x20,0x20,0x20,0x20,0x20,0x20,0x20,
    0x5f,0x31,0x30,0x32,0x20,0x3d,0x20,0x63,0x6f,0x6f,0x72,0x64,0x2e,0x79,0x20,0x3c,
    0x20,0x63,0x6c,0x6f,0x74,0x68,0x5f,0x73,0x74,0x65,0x70,0x5f,0x70,0x61,0x72,0x61,
    0x6d,0x73,0x5b,0x30,0x5d,0x2e,0x79,0x3b,0x0a,0x20,0x20,0x20,0x20,0x7d,0x0a,0x20,
    0x20,0x20,0x20,0x65,0x6c,0x73,0x65,0x0a,0x20,0x20,0x20,0x20,0x7b,0x0a,0x20,0x20,
    0x20,0x20,0x20,0x20,0x20,0x20,0x5f,0x31,0x30,0x32,0x20,0x3d,0x20,0x5f,0x39,0x34,
    0x3b,0x0a,0x20,0x20,0x20,0x20,0x7d,0x0a,0x20,0x20,0x20,0x20,0x72,0x65,0x74,0x75,
    0x72,0x6e,0x20,0x5f,0x31,0x30,0x32,0x3b,0x0a,0x7d,0x0a,0x0a,0x76,0x65,0x63,0x32,
    0x20,0x63,0x6f,0x6f,0x72,0x64,0x55,0x76,0x28,0x76,0x65,0x63,0x32,0x20,0x63,0x6f,
    0x6f,0x72,0x64,0x29,0x0a,0x7b,0x0a,0x20,0x20,0x20,0x20,0x72,0x65,0x74,0x75,0x72,
    0x6e,0x20,0x28,0x63,0x6f,0x6f,0x72,0x64,0x20,0x2b,0x20,0x76,0x65,0x63,0x32,0x28,
    0x30,0x2e,0x35,0x29,0x29,0x20,0x2f,0x20,0x63,0x6c,0x6f,0x74,0x68,0x5f,0x73,0x74,
    0x65,0x70,0x5f,0x70,0x61,0x72,0x61,0x6d,0x73,0x5b,0x30,0x5d,0x2e,0x78,0x79,0x3b,
    0x0a,0x7d,0x0a,0x0a,0x76,0x6f,0x69,0x64,0x20,0x61,0x70,0x70,0x6c,0x79,0x4e,0x65,
    0x69,0x67,0x68,0x62,0x6f,0x72,0x28,0x69,0x6e,0x6f,0x75,0x74,0x20,0x76,0x65,0x63,
    0x33,0x20,0x63,0x6f,0x72,0x72,0x65,0x63,0x74,0x69,0x6f,0x6e,0x2c,0x20,0x76,0x65,
    0x63,0x33,0x20,0x70,0x6f,0x73,0x2c,0x20,0x76,0x65,0x63,0x32,0x20,0x63,0x6f,0x6f,
    0x72,0x64,0x2c,0x20,0x76,0x65,0x63,0x32,0x20,0x6f,0x66,0x66,0x73,0x65,0x74,0x2c,
    0x20,0x66,0x6c,0x6f,0x61,0x74,0x20,0x72,0x65,0x73,0x74,0x4c,0x65,0x6e,0x2c,0x20,
    0x66,0x6c,0x6f,0x61,0x74,0x20,0x6b,0x29,0x0a,0x7b,0x0a,0x20,0x20,0x20,0x20,0x76,
    0x65,0x63,0x32,0x20,0x5f,0x33,0x30,0x30,0x20,0x3d,0x20,0x63,0x6f,0x6f,0x72,0x64,
    0x20,0x2b,0x20,0x6f,0x66,0x66,0x73,0x65,0x74,0x3b,0x0a,0x20,0x20,0x20,0x20,0x76,
    0x65,0x63,0x32,0x20,0x70,0x61,0x72,0x61,0x6d,0x20,0x3d,0x20,0x5f,0x33,0x30,0x30,
    0x3b,0x0a,0x20,0x20,0x20,0x20,0x69,0x66,0x20,0x28,0x28,0x21,0x76,0x61,0x6c,0x69,
    0x64,0x43,0x6f,0x6f,0x72,0x64,0x28,0x70,0x61,0x72,0x61,0x6d,0x29,0x29,0x20,0x7c,
    0x7c,0x20,0x28,0x6b,0x20,0x3c,0x3d,0x20,0x30,0x2e,0x30,0x29,0x29,0x0a,0x20,0x20,
    0x20,0x20,0x7b,0x0a,0x20,0x20,0x20,0x20,0x20,0x20,0x20,0x20,0x72,0x65,0x74,0x75,
    0x72,0x6e,0x3b,0x0a,0x20,0x20,0x20,0x20,0x7d,0x0a,0x20,0x20,0x20,0x20,0x76,0x65,
    0x63,0x32,0x20,0x70,0x61,0x72,0x61,0x6d,0x5f,0x31,0x20,0x3d,0x20,0x5f,0x33,0x30,
    0x30,0x3b,0x0a,0x20,0x20,0x20,0x20,0x76,0x65,0x63,0x32,0x20,0x70,0x61,0x72,0x61,
    0x6d,0x5f,0x32,0x20,0x3d,0x20,0x63,0x6f,0x6f,0x72,0x64,0x55,0x76,0x28,0x70,0x61,
    0x72,0x61,0x6d,0x5f,0x31,0x29,0x3b,0x0a,0x20,0x20,0x20,0x20,0x76,0x65,0x63,0x33,
    0x20,0x5f,0x33,0x31,0x36,0x20,0x3d,0x20,0x73,0x61,0x6d,0x70,0x6c,0x65,0x50,0x6f,
    0x73,0x69,0x74,0x69,0x6f,0x6e,0x28,0x70,0x61,0x72,0x61,0x6d,0x5f,0x32,0x29,0x3b,
    0x0a,0x20,0x20,0x20,0x20,0x76,0x65,0x63,0x33,0x20,0x5f,0x33,0x32,0x30,0x20,0x3d,
    0x20,0x5f,0x33,0x31,0x36,0x20,0x2d,0x20,0x70,0x6f,0x73,0x3b,0x0a,0x20,0x20,0x20,
    0x20,0x66,0x6c,0x6f,0x61,0x74,0x20,0x5f,0x33,0x32,0x33,0x20,0x3d,0x20,0x6c,0x65,
    0x6e,0x67,0x74,0x68,0x28,0x5f,0x33,0x32,0x30,0x29,0x3b,0x0a,0x20,0x20,0x20,0x20,
    0x69,0x66,0x20,0x28,0x5f,0x33,0x32,0x33,0x20,0x3c,0x3d,0x20,0x39,0x2e,0x39,0x39,
    0x39,0x39,0x39,0x39,0x39,0x37,0x34,0x37,0x35,0x32,0x34,0x32,0x37,0x30,0x37,0x38,
    0x37,0x38,0x33,0x35,0x31,0x32,0x31,0x31,0x35,0x34,0x37,0x38,0x35,0x65,0x2d,0x30,
    0x37,0x29,0x0a,0x20,0x20,0x20,0x20,0x7b,0x0a,0x20,0x20,0x20,0x20,0x20,0x20,0x20,
    0x20,0x72,0x65,0x74,0x75,0x72,0x6e,0x3b,0x0a,0x20,0x20,0x20,0x20,0x7d,0x0a,0x20,
    0x20,0x20,0x20,0x63,0x6f,0x72,0x72,0x65,0x63,0x74,0x69,0x6f,0x6e,0x20,0x2b,0x3d,
    0x20,0x28,0x28,0x5f,0x33,0x32,0x30,0x20,0x2a,0x20,0x28,0x28,0x5f,0x33,0x32,0x33,
    0x20,0x2d,0x20,0x72,0x65,0x73,0x74,0x4c,0x65,0x6e,0x29,0x20,0x2f,0x20,0x5f,0x33,
    0x32,0x33,0x29,0x29,0x20,0x2a,0x20,0x28,0x30,0x2e,0x35,0x20,0x2a,0x20,0x6b,0x29,
    0x29,0x3b,0x0a,0x7d,0x0a,0x0a,0x76,0x6f,0x69,0x64,0x20,0x6d,0x61,0x69,0x6e,0x28,
    0x29,0x0a,0x7b,0x0a,0x20,0x20,0x20,0x20,0x69,0x6e,0x74,0x20,0x5f,0x33,0x34,0x37,
    0x20,0x3d,0x20,0x69,0x6e,0x74,0x28,0x63,0x6c,0x6f,0x74,0x68,0x5f,0x73,0x74,0x65,
    0x70,0x5f,0x70,0x61,0x72,0x61,0x6d,0x73,0x5b,0x31,0x5d,0x2e,0x77,0x20,0x2b,0x20,
    0x30,0x2e,0x35,0x29,0x3b,0x0a,0x20,0x20,0x20,0x20,0x76,0x65,0x63,0x32,0x20,0x70,
    0x61,0x72,0x61,0x6d,0x20,0x3d,0x20,0x75,0x76,0x3b,0x0a,0x20,0x20,0x20,0x20,0x76,
    0x65,0x63,0x34,0x20,0x5f,0x33,0x35,0x31,0x20,0x3d,0x20,0x73,0x61,0x6d,0x70,0x6c,
    0x65,0x50,0x69,0x6e,0x28,0x70,0x61,0x72,0x61,0x6d,0x29,0x3b,0x0a,0x20,0x20,0x20,
    0x20,0x69,0x66,0x20,0x28,0x5f,0x33,0x34,0x37,0x20,0x3d,0x3d,0x20,0x30,0x29,0x0a,
    0x20,0x20,0x20,0x20,0x7b,0x0a,0x20,0x20,0x20,0x20,0x20,0x20,0x20,0x20,0x76,0x65,
    0x63,0x32,0x20,0x70,0x61,0x72,0x61,0x6d,0x5f,0x31,0x20,0x3d,0x20,0x75,0x76,0x3b,
    0x0a,0x20,0x20,0x20,0x20,0x20,0x20,0x20,0x20,0x76,0x65,0x63,0x34,0x20,0x70,0x61,
    0x72,0x61,0x6d,0x5f,0x32,0x20,0x3d,0x20,0x5f,0x33,0x35,0x31,0x3b,0x0a,0x20,0x20,
    0x20,0x20,0x20,0x20,0x20,0x20,0x66,0x72,0x61,0x67,0x5f,0x63,0x6f,0x6c,0x6f,0x72,
    0x20,0x3d,0x20,0x76,0x65,0x63,0x34,0x28,0x70,0x69,0x6e,0x6e,0x65,0x64,0x4f,0x72,
    0x52,0x65,0x73,0x74,0x28,0x70,0x61,0x72,0x61,0x6d,0x5f,0x31,0x2c,0x20,0x70,0x61,
    0x72,0x61,0x6d,0x5f,0x32,0x29,0x2c,0x20,0x5f,0x33,0x35,0x31,0x2e,0x78,0x29,0x3b,
    0x0a,0x20,0x20,0x20,0x20,0x20,0x20,0x20,0x20,0x72,0x65,0x74,0x75,0x72,0x6e,0x3b,
    0x0a,0x20,0x20,0x20,0x20,0x7d,0x0a,0x20,0x20,0x20,0x20,0x76,0x65,0x63,0x32,0x20,
    0x70,0x61,0x72,0x61,0x6d,0x5f,0x33,0x20,0x3d,0x20,0x75,0x76,0x3b,0x0a,0x20,0x20,
    0x20,0x20,0x76,0x65,0x63,0x33,0x20,0x70,0x6f,0x73,0x20,0x3d,0x20,0x73,0x61,0x6d,
    0x70,0x6c,0x65,0x50,0x6f,0x73,0x69,0x74,0x69,0x6f,0x6e,0x28,0x70,0x61,0x72,0x61,
    0x6d,0x5f,0x33,0x29,0x3b,0x0a,0x20,0x20,0x20,0x20,0x66,0x6c,0x6f,0x61,0x74,0x20,
    0x5f,0x33,0x37,0x39,0x20,0x3d,0x20,0x5f,0x33,0x35,0x31,0x2e,0x78,0x3b,0x0a,0x20,
    0x20,0x20,0x20,0x69,0x66,0x20,0x28,0x5f,0x33,0x37,0x39,0x20,0x3e,0x20,0x30,0x2e,
    0x35,0x29,0x0a,0x20,0x20,0x20,0x20,0x7b,0x0a,0x20,0x20,0x20,0x20,0x20,0x20,0x20,
    0x20,0x66,0x72,0x61,0x67,0x5f,0x63,0x6f,0x6c,0x6f,0x72,0x20,0x3d,0x20,0x76,0x65,
    0x63,0x34,0x28,0x5f,0x33,0x35,0x31,0x2e,0x79,0x7a,0x77,0x2c,0x20,0x5f,0x33,0x37,
    0x39,0x29,0x3b,0x0a,0x20,0x20,0x20,0x20,0x20,0x20,0x20,0x20,0x72,0x65,0x74,0x75,
    0x72,0x6e,0x3b,0x0a,0x20,0x20,0x20,0x20,0x7d,0x0a,0x20,0x20,0x20,0x20,0x69,0x66,
    0x20,0x28,0x5f,0x33,0x34,0x37,0x20,0x3d,0x3d,0x20,0x34,0x29,0x0a,0x20,0x20,0x20,
    0x20,0x7b,0x0a,0x20,0x20,0x20,0x20,0x20,0x20,0x20,0x20,0x66,0x72,0x61,0x67,0x5f,
    0x63,0x6f,0x6c,0x6f,0x72,0x20,0x3d,0x20,0x76,0x65,0x63,0x34,0x28,0x70,0x6f,0x73,
    0x2c,0x20,0x5f,0x33,0x37,0x39,0x29,0x3b,0x0a,0x20,0x20,0x20,0x20,0x20,0x20,0x20,
    0x20,0x72,0x65,0x74,0x75,0x72,0x6e,0x3b,0x0a,0x20,0x20,0x20,0x20,0x7d,0x0a,0x20,
    0x20,0x20,0x20,0x69,0x66,0x20,0x28,0x5f,0x33,0x34,0x37,0x20,0x3d,0x3d,0x20,0x31,
    0x29,0x0a,0x20,0x20,0x20,0x20,0x7b,0x0a,0x20,0x20,0x20,0x20,0x20,0x20,0x20,0x20,
    0x76,0x65,0x63,0x32,0x20,0x70,0x61,0x72,0x61,0x6d,0x5f,0x34,0x20,0x3d,0x20,0x75,
    0x76,0x3b,0x0a,0x20,0x20,0x20,0x20,0x20,0x20,0x20,0x20,0x76,0x65,0x63,0x33,0x20,
    0x5f,0x34,0x31,0x37,0x20,0x3d,0x20,0x73,0x61,0x6d,0x70,0x6c,0x65,0x50,0x72,0x65,
    0x76,0x69,0x6f,0x75,0x73,0x28,0x70,0x61,0x72,0x61,0x6d,0x5f,0x34,0x29,0x3b,0x0a,
    0x20,0x20,0x20,0x20,0x20,0x20,0x20,0x20,0x76,0x65,0x63,0x33,0x20,0x61,0x63,0x63,
    0x65,0x6c,0x20,0x3d,0x20,0x63,0x6c,0x6f,0x74,0x68,0x5f,0x73,0x74,0x65,0x70,0x5f,
    0x70,0x61,0x72,0x61,0x6d,0x73,0x5b,0x34,0x5d,0x2e,0x78,0x79,0x7a,0x3b,0x0a,0x20,
    0x20,0x20,0x20,0x20,0x20,0x20,0x20,0x62,0x6f,0x6f,0x6c,0x20,0x5f,0x34,0x32,0x35,
    0x20,0x3d,0x20,0x63,0x6c,0x6f,0x74,0x68,0x5f,0x73,0x74,0x65,0x70,0x5f,0x70,0x61,
    0x72,0x61,0x6d,0x73,0x5b,0x37,0x5d,0x2e,0x7a,0x20,0x3e,0x20,0x30,0x2e,0x35,0x3b,
    0x0a,0x20,0x20,0x20,0x20,0x20,0x20,0x20,0x20,0x62,0x6f,0x6f,0x6c,0x20,0x5f,0x34,
    0x33,0x32,0x3b,0x0a,0x20,0x20,0x20,0x20,0x20,0x20,0x20,0x20,0x69,0x66,0x20,0x28,
    0x5f,0x34,0x32,0x35,0x29,0x0a,0x20,0x20,0x20,0x20,0x20,0x20,0x20,0x20,0x7b,0x0a,
    0x20,0x20,0x20,0x20,0x20,0x20,0x20,0x20,0x20,0x20,0x20,0x20,0x5f,0x34,0x33,0x32,
    0x20,0x3d,0x20,0x63,0x6c,0x6f,0x74,0x68,0x5f,0x73,0x74,0x65,0x70,0x5f,0x70,0x61,
    0x72,0x61,0x6d,0x73,0x5b,0x32,0x5d,0x2e,0x77,0x20,0x3e,0x20,0x30,0x2e,0x30,0x3b,
    0x0a,0x20,0x20,0x20,0x20,0x20,0x20,0x20,0x20,0x7d,0x0a,0x20,0x20,0x20,0x20,0x20,
    0x20,0x20,0x20,0x65,0x6c,0x73,0x65,0x0a,0x20,0x20,0x20,0x20,0x20,0x20,0x20,0x20,
    0x7b,0x0a,0x20,0x20,0x20,0x20,0x20,0x20,0x20,0x20,0x20,0x20,0x20,0x20,0x5f,0x34,
    0x33,0x32,0x20,0x3d,0x20,0x5f,0x34,0x32,0x35,0x3b,0x0a,0x20,0x20,0x20,0x20,0x20,
    0x20,0x20,0x20,0x7d,0x0a,0x20,0x20,0x20,0x20,0x20,0x20,0x20,0x20,0x69,0x66,0x20,
    0x28,0x5f,0x34,0x33,0x32,0x29,0x0a,0x20,0x20,0x20,0x20,0x20,0x20,0x20,0x20,0x7b,
    0x0a,0x20,0x20,0x20,0x20,0x20,0x20,0x20,0x20,0x20,0x20,0x20,0x20,0x76,0x65,0x63,
    0x33,0x20,0x5f,0x34,0x33,0x36,0x20,0x3d,0x20,0x63,0x6c,0x6f,0x74,0x68,0x4e,0x6f,
    0x72,0x6d,0x61,0x6c,0x28,0x29,0x3b,0x0a,0x20,0x20,0x20,0x20,0x20,0x20,0x20,0x20,
    0x20,0x20,0x20,0x20,0x61,0x63,0x63,0x65,0x6c,0x20,0x2b,0x3d,0x20,0x28,0x28,0x28,
    0x28,0x5f,0x34,0x33,0x36,0x20,0x2a,0x20,0x64,0x6f,0x74,0x28,0x5f,0x34,0x33,0x36,
    0x2c,0x20,0x6e,0x6f,0x72,0x6d,0x61,0x6c,0x69,0x7a,0x65,0x28,0x63,0x6c,0x6f,0x74,
    0x68,0x5f,0x73,0x74,0x65,0x70,0x5f,0x70,0x61,0x72,0x61,0x6d,0x73,0x5b,0x32,0x5d,
    0x2e,0x78,0x79,0x7a,0x29,0x29,0x29,0x20,0x2a,0x20,0x63,0x6c,0x6f,0x74,0x68,0x5f,
    0x73,0x74,0x65,0x70,0x5f,0x70,0x61,0x72,0x61,0x6d,0x73,0x5b,0x32,0x5d,0x2e,0x77,
    0x29,0x20,0x2a,0x20,0x28,0x38,0x35,0x2e,0x30,0x20,0x2b,0x20,0x28,0x73,0x69,0x6e,
    0x28,0x28,0x28,0x63,0x6c,0x6f,0x74,0x68,0x5f,0x73,0x74,0x65,0x70,0x5f,0x70,0x61,
    0x72,0x61,0x6d,0x73,0x5b,0x31,0x5d,0x2e,0x7a,0x20,0x2a,0x20,0x28,0x31,0x2e,0x37,
    0x39,0x39,0x39,0x39,0x39,0x39,0x35,0x32,0x33,0x31,0x36,0x32,0x38,0x34,0x31,0x37,
    0x39,0x36,0x38,0x37,0x35,0x20,0x2b,0x20,0x28,0x63,0x6c,0x6f,0x74,0x68,0x5f,0x73,
    0x74,0x65,0x70,0x5f,0x70,0x61,0x72,0x61,0x6d,0x73,0x5b,0x32,0x5d,0x2e,0x77,0x20,
    0x2a,0x20,0x30,0x2e,0x30,0x33,0x39,0x39,0x39,0x39,0x39,0x39,0x39,0x31,0x30,0x35,
    0x39,0x33,0x30,0x33,0x32,0x38,0x33,0x36,0x39,0x31,0x34,0x30,0x36,0x32,0x35,0x29,
    0x29,0x29,0x20,0x2b,0x20,0x28,0x75,0x76,0x2e,0x78,0x20,0x2a,0x20,0x31,0x30,0x2e,
    0x30,0x29,0x29,0x20,0x2b,0x20,0x28,0x75,0x76,0x2e,0x79,0x20,0x2a,0x20,0x36,0x2e,
    0x30,0x29,0x29,0x20,0x2a,0x20,0x31,0x32,0x2e,0x32,0x35,0x29,0x29,0x29,0x20,0x2a,
    0x20,0x73,0x6d,0x6f,0x6f,0x74,0x68,0x73,0x74,0x65,0x70,0x28,0x30,0x2e,0x30,0x35,
    0x30,0x30,0x30,0x30,0x30,0x30,0x30,0x37,0x34,0x35,0x30,0x35,0x38,0x30,0x35,0x39,
    0x36,0x39,0x32,0x33,0x38,0x32,0x38,0x31,0x32,0x35,0x2c,0x20,0x30,0x2e,0x38,0x37,
    0x39,0x39,0x39,0x39,0x39,0x39,0x35,0x32,0x33,0x31,0x36,0x32,0x38,0x34,0x31,0x37,
    0x39,0x36,0x38,0x37,0x35,0x2c,0x20,0x75,0x76,0x2e,0x79,0x29,0x29,0x3b,0x0a,0x20,
    0x20,0x20,0x20,0x20,0x20,0x20,0x20,0x7d,0x0a,0x20,0x20,0x20,0x20,0x20,0x20,0x20,
    0x20,0x66,0x72,0x61,0x67,0x5f,0x63,0x6f,0x6c,0x6f,0x72,0x20,0x3d,0x20,0x76,0x65,
    0x63,0x34,0x28,0x28,0x70,0x6f,0x73,0x20,0x2b,0x20,0x28,0x28,0x70,0x6f,0x73,0x20,
    0x2d,0x20,0x5f,0x34,0x31,0x37,0x29,0x20,0x2a,0x20,0x63,0x6c,0x6f,0x74,0x68,0x5f,
    0x73,0x74,0x65,0x70,0x5f,0x70,0x61,0x72,0x61,0x6d,0x73,0x5b,0x31,0x5d,0x2e,0x79,
    0x29,0x29,0x20,0x2b,0x20,0x28,0x28,0x61,0x63,0x63,0x65,0x6c,0x20,0x2a,0x20,0x63,
    0x6c,0x6f,0x74,0x68,0x5f,0x73,0x74,0x65,0x70,0x5f,0x70,0x61,0x72,0x61,0x6d,0x73,
    0x5b,0x31,0x5d,0x2e,0x78,0x29,0x20,0x2a,0x20,0x63,0x6c,0x6f,0x74,0x68,0x5f,0x73,
    0x74,0x65,0x70,0x5f,0x70,0x61,0x72,0x61,0x6d,0x73,0x5b,0x31,0x5d,0x2e,0x78,0x29,
    0x2c,0x20,0x5f,0x33,0x37,0x39,0x29,0x3b,0x0a,0x20,0x20,0x20,0x20,0x20,0x20,0x20,
    0x20,0x72,0x65,0x74,0x75,0x72,0x6e,0x3b,0x0a,0x20,0x20,0x20,0x20,0x7d,0x0a,0x20,
    0x20,0x20,0x20,0x69,0x66,0x20,0x28,0x5f,0x33,0x34,0x37,0x20,0x3d,0x3d,0x20,0x32,
    0x29,0x0a,0x20,0x20,0x20,0x20,0x7b,0x0a,0x20,0x20,0x20,0x20,0x20,0x20,0x20,0x20,
    0x76,0x65,0x63,0x32,0x20,0x5f,0x35,0x32,0x32,0x20,0x3d,0x20,0x67,0x72,0x69,0x64,
    0x43,0x6f,0x6f,0x72,0x64,0x28,0x29,0x3b,0x0a,0x20,0x20,0x20,0x20,0x20,0x20,0x20,
    0x20,0x66,0x6c,0x6f,0x61,0x74,0x20,0x5f,0x35,0x33,0x30,0x20,0x3d,0x20,0x63,0x6c,
    0x6f,0x74,0x68,0x5f,0x73,0x74,0x65,0x70,0x5f,0x70,0x61,0x72,0x61,0x6d,0x73,0x5b,
    0x33,0x5d,0x2e,0x7a,0x20,0x2f,0x20,0x6d,0x61,0x78,0x28,0x63,0x6c,0x6f,0x74,0x68,
    0x5f,0x73,0x74,0x65,0x70,0x5f,0x70,0x61,0x72,0x61,0x6d,0x73,0x5b,0x30,0x5d,0x2e,
    0x78,0x20,0x2d,0x20,0x31,0x2e,0x30,0x2c,0x20,0x31,0x2e,0x30,0x29,0x3b,0x0a,0x20,
    0x20,0x20,0x20,0x20,0x20,0x20,0x20,0x66,0x6c,0x6f,0x61,0x74,0x20,0x5f,0x35,0x33,
    0x38,0x20,0x3d,0x20,0x63,0x6c,0x6f,0x74,0x68,0x5f,0x73,0x74,0x65,0x70,0x5f,0x70,
    0x61,0x72,0x61,0x6d,0x73,0x5b,0x33,0x5d,0x2e,0x77,0x20,0x2f,0x20,0x6d,0x61,0x78,
    0x28,0x63,0x6c,0x6f,0x74,0x68,0x5f,0x73,0x74,0x65,0x70,0x5f,0x70,0x61,0x72,0x61,
    0x6d,0x73,0x5b,0x30,0x5d,0x2e,0x79,0x20,0x2d,0x20,0x31,0x2e,0x30,0x2c,0x20,0x31,
    0x2e,0x30,0x29,0x3b,0x0a,0x20,0x20,0x20,0x20,0x20,0x20,0x20,0x20,0x66,0x6c,0x6f,
    0x61,0x74,0x20,0x5f,0x35,0x34,0x33,0x20,0x3d,0x20,0x6c,0x65,0x6e,0x67,0x74,0x68,
    0x28,0x76,0x65,0x63,0x32,0x28,0x5f,0x35,0x33,0x30,0x2c,0x20,0x5f,0x35,0x33,0x38,
    0x29,0x29,0x3b,0x0a,0x20,0x20,0x20,0x20,0x20,0x20,0x20,0x20,0x76,0x65,0x63,0x33,
    0x20,0x63,0x6f,0x72,0x72,0x65,0x63,0x74,0x69,0x6f,0x6e,0x20,0x3d,0x20,0x76,0x65,
    0x63,0x33,0x28,0x30,0x2e,0x30,0x29,0x3b,0x0a,0x20,0x20,0x20,0x20,0x20,0x20,0x20,
    0x20,0x76,0x65,0x63,0x33,0x20,0x70,0x61,0x72,0x61,0x6d,0x5f,0x35,0x20,0x3d,0x20,
    0x76,0x65,0x63,0x33,0x28,0x30,0x2e,0x30,0x29,0x3b,0x0a,0x20,0x20,0x20,0x20,0x20,
    0x20,0x20,0x20,0x76,0x65,0x63,0x33,0x20,0x70,0x61,0x72,0x61,0x6d,0x5f,0x36,0x20,
    0x3d,0x20,0x70,0x6f,0x73,0x3b,0x0a,0x20,0x20,0x20,0x20,0x20,0x20,0x20,0x20,0x76,
    0x65,0x63,0x32,0x20,0x70,0x61,0x72,0x61,0x6d,0x5f,0x37,0x20,0x3d,0x20,0x5f,0x35,
    0x32,0x32,0x3b,0x0a,0x20,0x20,0x20,0x20,0x20,0x20,0x20,0x20,0x76,0x65,0x63,0x32,
    0x20,0x70,0x61,0x72,0x61,0x6d,0x5f,0x38,0x20,0x3d,0x20,0x76,0x65,0x63,0x32,0x28,
    0x2d,0x31,0x2e,0x30,0x2c,0x20,0x30,0x2e,0x30,0x29,0x3b,0x0a,0x20,0x20,0x20,0x20,
    0x20,0x20,0x20,0x20,0x66,0x6c,0x6f,0x61,0x74,0x20,0x70,0x61,0x72,0x61,0x6d,0x5f,
    0x39,0x20,0x3d,0x20,0x5f,0x35,0x33,0x30,0x3b,0x0a,0x20,0x20,0x20,0x20,0x20,0x20,
    0x20,0x20,0x66,0x6c,0x6f,0x61,0x74,0x20,0x70,0x61,0x72,0x61,0x6d,0x5f,0x31,0x30,
    0x20,0x3d,0x20,0x63,0x6c,0x6f,0x74,0x68,0x5f,0x73,0x74,0x65,0x70,0x5f,0x70,0x61,
    0x72,0x61,0x6d,0x73,0x5b,0x35,0x5d,0x2e,0x78,0x3b,0x0a,0x20,0x20,0x20,0x20,0x20,
    0x20,0x20,0x20,0x61,0x70,0x70,0x6c,0x79,0x4e,0x65,0x69,0x67,0x68,0x62,0x6f,0x72,
    0x28,0x70,0x61,0x72,0x61,0x6d,0x5f,0x35,0x2c,0x20,0x70,0x61,0x72,0x61,0x6d,0x5f,
    0x36,0x2c,0x20,0x70,0x61,0x72,0x61,0x6d,0x5f,0x37,0x2c,0x20,0x70,0x61,0x72,0x61,
    0x6d,0x5f,0x38,0x2c,0x20,0x70,0x61,0x72,0x61,0x6d,0x5f,0x39,0x2c,0x20,0x70,0x61,
    0x72,0x61,0x6d,0x5f,0x31,0x30,0x29,0x3b,0x0a,0x20,0x20,0x20,0x20,0x20,0x20,0x20,
    0x20,0x63,0x6f,0x72,0x72,0x65,0x63,0x74,0x69,0x6f,0x6e,0x20,0x3d,0x20,0x70,0x61,
    0x72,0x61,0x6d,0x5f,0x35,0x3b,0x0a,0x20,0x20,0x20,0x20,0x20,0x20,0x20,0x20,0x76,
    0x65,0x63,0x33,0x20,0x70,0x61,0x72,0x61,0x6d,0x5f,0x31,0x31,0x20,0x3d,0x20,0x70,
    0x61,0x72,0x61,0x6d,0x5f,0x35,0x3b,0x0a,0x20,0x20,0x20,0x20,0x20,0x20,0x20,0x20,
    0x76,0x65,0x63,0x33,0x20,0x70,0x61,0x72,0x61,0x6d,0x5f,0x31,0x32,0x20,0x3d,0x20,
    0x70,0x6f,0x73,0x3b,0x0a,0x20,0x20,0x20,0x20,0x20,0x20,0x20,0x20,0x76,0x65,0x63,
    0x32,0x20,0x70,0x61,0x72,0x61,0x6d,0x5f,0x31,0x33,0x20,0x3d,0x20,0x5f,0x35,0x32,
    0x32,0x3b,0x0a,0x20,0x20,0x20,0x20,0x20,0x20,0x20,0x20,0x76,0x65,0x63,0x32,0x20,
    0x70,0x61,0x72,0x61,0x6d,0x5f,0x31,0x34,0x20,0x3d,0x20,0x76,0x65,0x63,0x32,0x28,
    0x31,0x2e,0x30,0x2c,0x20,0x30,0x2e,0x30,0x29,0x3b,0x0a,0x20,0x20,0x20,0x20,0x20,
    0x20,0x20,0x20,0x66,0x6c,0x6f,0x61,0x74,0x20,0x70,0x61,0x72,0x61,0x6d,0x5f,0x31,
    0x35,0x20,0x3d,0x20,0x5f,0x35,0x33,0x30,0x3b,0x0a,0x20,0x20,0x20,0x20,0x20,0x20,
    0x20,0x20,0x66,0x6c,0x6f,0x61,0x74,0x20,0x70,0x61,0x72,0x61,0x6d,0x5f,0x31,0x36,
    0x20,0x3d,0x20,0x63,0x6c,0x6f,0x74,0x68,0x5f,0x73,0x74,0x65,0x70,0x5f,0x70,0x61,
    0x72,0x61,0x6d,0x73,0x5b,0x35,0x5d,0x2e,0x78,0x3b,0x0a,0x20,0x20,0x20,0x20,0x20,
    0x20,0x20,0x20,0x61,0x70,0x70,0x6c,0x79,0x4e,0x65,0x69,0x67,0x68,0x62,0x6f,0x72,
    0x28,0x70,0x61,0x72,0x61,0x6d,0x5f,0x31,0x31,0x2c,0x20,0x70,0x61,0x72,0x61,0x6d,
    0x5f,0x31,0x32,0x2c,0x20,0x70,0x61,0x72,0x61,0x6d,0x5f,0x31,0x33,0x2c,0x20,0x70,
    0x61,0x72,0x61,0x6d,0x5f,0x31,0x34,0x2c,0x20,0x70,0x61,0x72,0x61,0x6d,0x5f,0x31,
    0x35,0x2c,0x20,0x70,0x61,0x72,0x61,0x6d,0x5f,0x31,0x36,0x29,0x3b,0x0a,0x20,0x20,
    0x20,0x20,0x20,0x20,0x20,0x20,0x63,0x6f,0x72,0x72,0x65,0x63,0x74,0x69,0x6f,0x6e,
    0x20,0x3d,0x20,0x70,0x61,0x72,0x61,0x6d,0x5f,0x31,0x31,0x3b,0x0a,0x20,0x20,0x20,
    0x20,0x20,0x20,0x20,0x20,0x76,0x65,0x63,0x33,0x20,0x70,0x61,0x72,0x61,0x6d,0x5f,
    0x31,0x37,0x20,0x3d,0x20,0x70,0x61,0x72,0x61,0x6d,0x5f,0x31,0x31,0x3b,0x0a,0x20,
    0x20,0x20,0x20,0x20,0x20,0x20,0x20,0x76,0x65,0x63,0x33,0x20,0x70,0x61,0x72,0x61,
    0x6d,0x5f,0x31,0x38,0x20,0x3d,0x20,0x70,0x6f,0x73,0x3b,0x0a,0x20,0x20,0x20,0x20,
    0x20,0x20,0x20,0x20,0x76,0x65,0x63,0x32,0x20,0x70,0x61,0x72,0x61,0x6d,0x5f,0x31,
    0x39,0x20,0x3d,0x20,0x5f,0x35,0x32,0x32,0x3b,0x0a,0x20,0x20,0x20,0x20,0x20,0x20,
    0x20,0x20,0x76,0x65,0x63,0x32,0x20,0x70,0x61,0x72,0x61,0x6d,0x5f,0x32,0x30,0x20,
    0x3d,0x20,0x76,0x65,0x63,0x32,0x28,0x30,0x2e,0x30,0x2c,0x20,0x2d,0x31,0x2e,0x30,
    0x29,0x3b,0x0a,0x20,0x20,0x20,0x20,0x20,0x20,0x20,0x20,0x66,0x6c,0x6f,0x61,0x74,
    0x20,0x70,0x61,0x72,0x61,0x6d,0x5f,0x32,0x31,0x20,0x3d,0x20,0x5f,0x35,0x33,0x38,
    0x3b,0x0a,0x20,0x20,0x20,0x20,0x20,0x20,0x20,0x20,0x66,0x6c,0x6f,0x61,0x74,0x20,
    0x70,0x61,0x72,0x61,0x6d,0x5f,0x32,0x32,0x20,0x3d,0x20,0x63,0x6c,0x6f,0x74,0x68,
    0x5f,0x73,0x74,0x65,0x70,0x5f,0x70,0x61,0x72,0x61,0x6d,0x73,0x5b,0x35,0x5d,0x2e,
    0x78,0x3b,0x0a,0x20,0x20,0x20,0x20,0x20,0x20,0x20,0x20,0x61,0x70,0x70,0x6c,0x79,
    0x4e,0x65,0x69,0x67,0x68,0x62,0x6f,0x72,0x28,0x70,0x61,0x72,0x61,0x6d,0x5f,0x31,
    0x37,0x2c,0x20,0x70,0x61,0x72,0x61,0x6d,0x5f,0x31,0x38,0x2c,0x20,0x70,0x61,0x72,
    0x61,0x6d,0x5f,0x31,0x39,0x2c,0x20,0x70,0x61,0x72,0x61,0x6d,0x5f,0x32,0x30,0x2c,
    0x20,0x70,0x61,0x72,0x61,0x6d,0x5f,0x32,0x31,0x2c,0x20,0x70,0x61,0x72,0x61,0x6d,
    0x5f,0x32,0x32,0x29,0x3b,0x0a,0x20,0x20,0x20,0x20,0x20,0x20,0x20,0x20,0x63,0x6f,
    0x72,0x72,0x65,0x63,0x74,0x69,0x6f,0x6e,0x20,0x3d,0x20,0x70,0x61,0x72,0x61,0x6d,
    0x5f,0x31,0x37,0x3b,0x0a,0x20,0x20,0x20,0x20,0x20,0x20,0x20,0x20,0x76,0x65,0x63,
    0x33,0x20,0x70,0x61,0x72,0x61,0x6d,0x5f,0x32,0x33,0x20,0x3d,0x20,0x70,0x61,0x72,
    0x61,0x6d,0x5f,0x31,0x37,0x3b,0x0a,0x20,0x20,0x20,0x20,0x20,0x20,0x20,0x20,0x76,
    0x65,0x63,0x33,0x20,0x70,0x61,0x72,0x61,0x6d,0x5f,0x32,0x34,0x20,0x3d,0x20,0x70,
    0x6f,0x73,0x3b,0x0a,0x20,0x20,0x20,0x20,0x20,0x20,0x20,0x20,0x76,0x65,0x63,0x32,
    0x20,0x70,0x61,0x72,0x61,0x6d,0x5f,0x32,0x35,0x20,0x3d,0x20,0x5f,0x35,0x32,0x32,
    0x3b,0x0a,0x20,0x20,0x20,0x20,0x20,0x20,0x20,0x20,0x76,0x65,0x63,0x32,0x20,0x70,
    0x61,0x72,0x61,0x6d,0x5f,0x32,0x36,0x20,0x3d,0x20,0x76,0x65,0x63,0x32,0x28,0x30,
    0x2e,0x30,0x2c,0x20,0x31,0x2e,0x30,0x29,0x3b,0x0a,0x20,0x20,0x20,0x20,0x20,0x20,
    0x20,0x20,0x66,0x6c,0x6f,0x61,0x74,0x20,0x70,0x61,0x72,0x61,0x6d,0x5f,0x32,0x37,
    0x20,0x3d,0x20,0x5f,0x35,0x33,0x38,0x3b,0x0a,0x20,0x20,0x20,0x20,0x20,0x20,0x20,
    0x20,0x66,0x6c,0x6f,0x61,0x74,0x20,0x70,0x61,0x72,0x61,0x6d,0x5f,0x32,0x38,0x20,
    0x3d,0x20,0x63,0x6c,0x6f,0x74,0x68,0x5f,0x73,0x74,0x65,0x70,0x5f,0x70,0x61,0x72,
    0x61,0x6d,0x73,0x5b,0x35,0x5d,0x2e,0x78,0x3b,0x0a,0x20,0x20,0x20,0x20,0x20,0x20,
    0x20,0x20,0x61,0x70,0x70,0x6c,0x79,0x4e,0x65,0x69,0x67,0x68,0x62,0x6f,0x72,0x28,
    0x70,0x61,0x72,0x61,0x6d,0x5f,0x32,0x33,0x2c,0x20,0x70,0x61,0x72,0x61,0x6d,0x5f,
    0x32,0x34,0x2c,0x20,0x70,0x61,0x72,0x61,0x6d,0x5f,0x32,0x35,0x2c,0x20,0x70,0x61,
    0x72,0x61,0x6d,0x5f,0x32,0x36,0x2c,0x20,0x70,0x61,0x72,0x61,0x6d,0x5f,0x32,0x37,
    0x2c,0x20,0x70,0x61,0x72,0x61,0x6d,0x5f,0x32,0x38,0x29,0x3b,0x0a,0x20,0x20,0x20,
    0x20,0x20,0x20,0x20,0x20,0x63,0x6f,0x72,0x72,0x65,0x63,0x74,0x69,0x6f,0x6e,0x20,
    0x3d,0x20,0x70,0x61,0x72,0x61,0x6d,0x5f,0x32,0x33,0x3b,0x0a,0x20,0x20,0x20,0x20,
    0x20,0x20,0x20,0x20,0x69,0x66,0x20,0x28,0x63,0x6c,0x6f,0x74,0x68,0x5f,0x73,0x74,
    0x65,0x70,0x5f,0x70,0x61,0x72,0x61,0x6d,0x73,0x5b,0x37,0x5d,0x2e,0x78,0x20,0x3e,
    0x20,0x30,0x2e,0x35,0x29,0x0a,0x20,0x20,0x20,0x20,0x20,0x20,0x20,0x20,0x7b,0x0a,
    0x20,0x20,0x20,0x20,0x20,0x20,0x20,0x20,0x20,0x20,0x20,0x20,0x76,0x65,0x63,0x33,
    0x20,0x70,0x61,0x72,0x61,0x6d,0x5f,0x32,0x39,0x20,0x3d,0x20,0x63,0x6f,0x72,0x72,
    0x65,0x63,0x74,0x69,0x6f,0x6e,0x3b,0x0a,0x20,0x20,0x20,0x20,0x20,0x20,0x20,0x20,
    0x20,0x20,0x20,0x20,0x76,0x65,0x63,0x33,0x20,0x70,0x61,0x72,0x61,0x6d,0x5f,0x33,
    0x30,0x20,0x3d,0x20,0x70,0x6f,0x73,0x3b,0x0a,0x20,0x20,0x20,0x20,0x20,0x20,0x20,
    0x20,0x20,0x20,0x20,0x20,0x76,0x65,0x63,0x32,0x20,0x70,0x61,0x72,0x61,0x6d,0x5f,
    0x33,0x31,0x20,0x3d,0x20,0x5f,0x35,0x32,0x32,0x3b,0x0a,0x20,0x20,0x20,0x20,0x20,
    0x20,0x20,0x20,0x20,0x20,0x20,0x20,0x76,0x65,0x63,0x32,0x20,0x70,0x61,0x72,0x61,
    0x6d,0x5f,0x33,0x32,0x20,0x3d,0x20,0x76,0x65,0x63,0x32,0x28,0x2d,0x31,0x2e,0x30,
    0x29,0x3b,0x0a,0x20,0x20,0x20,0x20,0x20,0x20,0x20,0x20,0x20,0x20,0x20,0x20,0x66,
    0x6c,0x6f,0x61,0x74,0x20,0x70,0x61,0x72,0x61,0x6d,0x5f,0x33,0x33,0x20,0x3d,0x20,
    0x5f,0x35,0x34,0x33,0x3b,0x0a,0x20,0x20,0x20,0x20,0x20,0x20,0x20,0x20,0x20,0x20,
    0x20,0x20,0x66,0x6c,0x6f,0x61,0x74,0x20,0x70,0x61,0x72,0x61,0x6d,0x5f,0x33,0x34,
    0x20,0x3d,0x20,0x63,0x6c,0x6f,0x74,0x68,0x5f,0x73,0x74,0x65,0x70,0x5f,0x70,0x61,
    0x72,0x61,0x6d,0x73,0x5b,0x35,0x5d,0x2e,0x79,0x3b,0x0a,0x20,0x20,0x20,0x20,0x20,
    0x20,0x20,0x20,0x20,0x20,0x20,0x20,0x61,0x70,0x70,0x6c,0x79,0x4e,0x65,0x69,0x67,
    0x68,0x62,0x6f,0x72,0x28,0x70,0x61,0x72,0x61,0x6d,0x5f,0x32,0x39,0x2c,0x20,0x70,
    0x61,0x72,0x61,0x6d,0x5f,0x33,0x30,0x2c,0x20,0x70,0x61,0x72,0x61,0x6d,0x5f,0x33,
    0x31,0x2c,0x20,0x70,0x61,0x72,0x61,0x6d,0x5f,0x33,0x32,0x2c,0x20,0x70,0x61,0x72,
    0x61,0x6d,0x5f,0x33,0x33,0x2c,0x20,0x70,0x61,0x72,0x61,0x6d,0x5f,0x33,0x34,0x29,
    0x3b,0x0a,0x20,0x20,0x20,0x20,0x20,0x20,0x20,0x20,0x20,0x20,0x20,0x20,0x63,0x6f,
    0x72,0x72,0x65,0x63,0x74,0x69,0x6f,0x6e,0x20,0x3d,0x20,0x70,0x61,0x72,0x61,0x6d,
    0x5f,0x32,0x39,0x3b,0x0a,0x20,0x20,0x20,0x20,0x20,0x20,0x20,0x20,0x20,0x20,0x20,
    0x20,0x76,0x65,0x63,0x33,0x20,0x70,0x61,0x72,0x61,0x6d,0x5f,0x33,0x35,0x20,0x3d,
    0x20,0x70,0x61,0x72,0x61,0x6d,0x5f,0x32,0x39,0x3b,0x0a,0x20,0x20,0x20,0x20,0x20,
    0x20,0x20,0x20,0x20,0x20,0x20,0x20,0x76,0x65,0x63,0x33,0x20,0x70,0x61,0x72,0x61,
    0x6d,0x5f,0x33,0x36,0x20,0x3d,0x20,0x70,0x6f,0x73,0x3b,0x0a,0x20,0x20,0x20,0x20,
    0x20,0x20,0x20,0x20,0x20,0x20,0x20,0x20,0x76,0x65,0x63,0x32,0x20,0x70,0x61,0x72,
    0x61,0x6d,0x5f,0x33,0x37,0x20,0x3d,0x20,0x5f,0x35,0x32,0x32,0x3b,0x0a,0x20,0x20,
    0x20,0x20,0x20,0x20,0x20,0x20,0x20,0x20,0x20,0x20,0x76,0x65,0x63,0x32,0x20,0x70,
    0x61,0x72,0x61,0x6d,0x5f,0x33,0x38,0x20,0x3d,0x20,0x76,0x65,0x63,0x32,0x28,0x31,
    0x2e,0x30,0x2c,0x20,0x2d,0x31,0x2e,0x30,0x29,0x3b,0x0a,0x20,0x20,0x20,0x20,0x20,
    0x20,0x20,0x20,0x20,0x20,0x20,0x20,0x66,0x6c,0x6f,0x61,0x74,0x20,0x70,0x61,0x72,
    0x61,0x6d,0x5f,0x33,0x39,0x20,0x3d,0x20,0x5f,0x35,0x34,0x33,0x3b,0x0a,0x20,0x20,
    0x20,0x20,0x20,0x20,0x20,0x20,0x20,0x20,0x20,0x20,0x66,0x6c,0x6f,0x61,0x74,0x20,
    0x70,0x61,0x72,0x61,0x6d,0x5f,0x34,0x30,0x20,0x3d,0x20,0x63,0x6c,0x6f,0x74,0x68,
    0x5f,0x73,0x74,0x65,0x70,0x5f,0x70,0x61,0x72,0x61,0x6d,0x73,0x5b,0x35,0x5d,0x2e,
    0x79,0x3b,0x0a,0x20,0x20,0x20,0x20,0x20,0x20,0x20,0x20,0x20,0x20,0x20,0x20,0x61,
    0x70,0x70,0x6c,0x79,0x4e,0x65,0x69,0x67,0x68,0x62,0x6f,0x72,0x28,0x70,0x61,0x72,
    0x61,0x6d,0x5f,0x33,0x35,0x2c,0x20,0x70,0x61,0x72,0x61,0x6d,0x5f,0x33,0x36,0x2c,
    0x20,0x70,0x61,0x72,0x61,0x6d,0x5f,0x33,0x37,0x2c,0x20,0x70,0x61,0x72,0x61,0x6d,
    0x5f,0x33,0x38,0x2c,0x20,0x70,0x61,0x72,0x61,0x6d,0x5f,0x33,0x39,0x2c,0x20,0x70,
    0x61,0x72,0x61,0x6d,0x5f,0x34,0x30,0x29,0x3b,0x0a,0x20,0x20,0x20,0x20,0x20,0x20,
    0x20,0x20,0x20,0x20,0x20,0x20,0x63,0x6f,0x72,0x72,0x65,0x63,0x74,0x69,0x6f,0x6e,
    0x20,0x3d,0x20,0x70,0x61,0x72,0x61,0x6d,0x5f,0x33,0x35,0x3b,0x0a,0x20,0x20,0x20,
    0x20,0x20,0x20,0x20,0x20,0x20,0x20,0x20,0x20,0x76,0x65,0x63,0x33,0x20,0x70,0x61,
    0x72,0x61,0x6d,0x5f,0x34,0x31,0x20,0x3d,0x20,0x70,0x61,0x72,0x61,0x6d,0x5f,0x33,
    0x35,0x3b,0x0a,0x20,0x20,0x20,0x20,0x20,0x20,0x20,0x20,0x20,0x20,0x20,0x20,0x76,
    0x65,0x63,0x33,0x20,0x70,0x61,0x72,0x61,0x6d,0x5f,0x34,0x32,0x20,0x3d,0x20,0x70,
    0x6f,0x73,0x3b,0x0a,0x20,0x20,0x20,0x20,0x20,0x20,0x20,0x20,0x20,0x20,0x20,0x20,
    0x76,0x65,0x63,0x32,0x20,0x70,0x61,0x72,0x61,0x6d,0x5f,0x34,0x33,0x20,0x3d,0x20,
    0x5f,0x35,0x32,0x32,0x3b,0x0a,0x20,0x20,0x20,0x20,0x20,0x20,0x20,0x20,0x20,0x20,
    0x20,0x20,0x76,0x65,0x63,0x32,0x20,0x70,0x61,0x72,0x61,0x6d,0x5f,0x34,0x34,0x20,
    0x3d,0x20,0x76,0x65,0x63,0x32,0x28,0x2d,0x31,0x2e,0x30,0x2c,0x20,0x31,0x2e,0x30,
    0x29,0x3b,0x0a,0x20,0x20,0x20,0x20,0x20,0x20,0x20,0x20,0x20,0x20,0x20,0x20,0x66,
    0x6c,0x6f,0x61,0x74,0x20,0x70,0x61,0x72,0x61,0x6d,0x5f,0x34,0x35,0x20,0x3d,0x20,
    0x5f,0x35,0x34,0x33,0x3b,0x0a,0x20,0x20,0x20,0x20,0x20,0x20,0x20,0x20,0x20,0x20,
    0x20,0x20,0x66,0x6c,0x6f,0x61,0x74,0x20,0x70,0x61,0x72,0x61,0x6d,0x5f,0x34,0x36,
    0x20,0x3d,0x20,0x63,0x6c,0x6f,0x74,0x68,0x5f,0x73,0x74,0x65,0x70,0x5f,0x70,0x61,
    0x72,0x61,0x6d,0x73,0x5b,0x35,0x5d,0x2e,0x79,0x3b,0x0a,0x20,0x20,0x20,0x20,0x20,
    0x20,0x20,0x20,0x20,0x20,0x20,0x20,0x61,0x70,0x70,0x6c,0x79,0x4e,0x65,0x69,0x67,
    0x68,0x62,0x6f,0x72,0x28,0x70,0x61,0x72,0x61,0x6d,0x5f,0x34,0x31,0x2c,0x20,0x70,
    0x61,0x72,0x61,0x6d,0x5f,0x34,0x32,0x2c,0x20,0x70,0x61,0x72,0x61,0x6d,0x5f,0x34,
    0x33,0x2c,0x20,0x70,0x61,0x72,0x61,0x6d,0x5f,0x34,0x34,0x2c,0x20,0x70,0x61,0x72,
    0x61,0x6d,0x5f,0x34,0x35,0x2c,0x20,0x70,0x61,0x72,0x61,0x6d,0x5f,0x34,0x36,0x29,
    0x3b,0x0a,0x20,0x20,0x20,0x20,0x20,0x20,0x20,0x20,0x20,0x20,0x20,0x20,0x63,0x6f,
    0x72,0x72,0x65,0x63,0x74,0x69,0x6f,0x6e,0x20,0x3d,0x20,0x70,0x61,0x72,0x61,0x6d,
    0x5f,0x34,0x31,0x3b,0x0a,0x20,0x20,0x20,0x20,0x20,0x20,0x20,0x20,0x20,0x20,0x20,
    0x20,0x76,0x65,0x63,0x33,0x20,0x70,0x61,0x72,0x61,0x6d,0x5f,0x34,0x37,0x20,0x3d,
    0x20,0x70,0x61,0x72,0x61,0x6d,0x5f,0x34,0x31,0x3b,0x0a,0x20,0x20,0x20,0x20,0x20,
    0x20,0x20,0x20,0x20,0x20,0x20,0x20,0x76,0x65,0x63,0x33,0x20,0x70,0x61,0x72,0x61,
    0x6d,0x5f,0x34,0x38,0x20,0x3d,0x20,0x70,0x6f,0x73,0x3b,0x0a,0x20,0x20,0x20,0x20,
    0x20,0x20,0x20,0x20,0x20,0x20,0x20,0x20,0x76,0x65,0x63,0x32,0x20,0x70,0x61,0x72,
    0x61,0x6d,0x5f,0x34,0x39,0x20,0x3d,0x20,0x5f,0x35,0x32,0x32,0x3b,0x0a,0x20,0x20,
    0x20,0x20,0x20,0x20,0x20,0x20,0x20,0x20,0x20,0x20,0x76,0x65,0x63,0x32,0x20,0x70,
    0x61,0x72,0x61,0x6d,0x5f,0x35,0x30,0x20,0x3d,0x20,0x76,0x65,0x63,0x32,0x28,0x31,
    0x2e,0x30,0x29,0x3b,0x0a,0x20,0x20,0x20,0x20,0x20,0x20,0x20,0x20,0x20,0x20,0x20,
    0x20,0x66,0x6c,0x6f,0x61,0x74,0x20,0x70,0x61,0x72,0x61,0x6d,0x5f,0x35,0x31,0x20,
    0x3d,0x20,0x5f,0x35,0x34,0x33,0x3b,0x0a,0x20,0x20,0x20,0x20,0x20,0x20,0x20,0x20,
    0x20,0x20,0x20,0x20,0x66,0x6c,0x6f,0x61,0x74,0x20,0x70,0x61,0x72,0x61,0x6d,0x5f,
    0x35,0x32,0x20,0x3d,0x20,0x63,0x6c,0x6f,0x74,0x68,0x5f,0x73,0x74,0x65,0x70,0x5f,
    0x70,0x61,0x72,0x61,0x6d,0x73,0x5b,0x35,0x5d,0x2e,0x79,0x3b,0x0a,0x20,0x20,0x20,
    0x20,0x20,0x20,0x20,0x20,0x20,0x20,0x20,0x20,0x61,0x70,0x70,0x6c,0x79,0x4e,0x65,
    0x69,0x67,0x68,0x62,0x6f,0x72,0x28,0x70,0x61,0x72,0x61,0x6d,0x5f,0x34,0x37,0x2c,
    0x20,0x70,0x61,0x72,0x61,0x6d,0x5f,0x34,0x38,0x2c,0x20,0x70,0x61,0x72,0x61,0x6d,
    0x5f,0x34,0x39,0x2c,0x20,0x70,0x61,0x72,0x61,0x6d,0x5f,0x35,0x30,0x2c,0x20,0x70,
    0x61,0x72,0x61,0x6d,0x5f,0x35,0x31,0x2c,0x20,0x70,0x61,0x72,0x61,0x6d,0x5f,0x35,
    0x32,0x29,0x3b,0x0a,0x20,0x20,0x20,0x20,0x20,0x20,0x20,0x20,0x20,0x20,0x20,0x20,
    0x63,0x6f,0x72,0x72,0x65,0x63,0x74,0x69,0x6f,0x6e,0x20,0x3d,0x20,0x70,0x61,0x72,
    0x61,0x6d,0x5f,0x34,0x37,0x3b,0x0a,0x20,0x20,0x20,0x20,0x20,0x20,0x20,0x20,0x7d,
    0x0a,0x20,0x20,0x20,0x20,0x20,0x20,0x20,0x20,0x69,0x66,0x20,0x28,0x63,0x6c,0x6f,
    0x74,0x68,0x5f,0x73,0x74,0x65,0x70,0x5f,0x70,0x61,0x72,0x61,0x6d,0x73,0x5b,0x37,
    0x5d,0x2e,0x79,0x20,0x3e,0x20,0x30,0x2e,0x35,0x29,0x0a,0x20,0x20,0x20,0x20,0x20,
    0x20,0x20,0x20,0x7b,0x0a,0x20,0x20,0x20,0x20,0x20,0x20,0x20,0x20,0x20,0x20,0x20,
    0x20,0x66,0x6c,0x6f,0x61,0x74,0x20,0x5f,0x36,0x38,0x31,0x20,0x3d,0x20,0x5f,0x35,
    0x33,0x30,0x20,0x2a,0x20,0x32,0x2e,0x30,0x3b,0x0a,0x20,0x20,0x20,0x20,0x20,0x20,
    0x20,0x20,0x20,0x20,0x20,0x20,0x76,0x65,0x63,0x33,0x20,0x70,0x61,0x72,0x61,0x6d,
    0x5f,0x35,0x33,0x20,0x3d,0x20,0x63,0x6f,0x72,0x72,0x65,0x63,0x74,0x69,0x6f,0x6e,
    0x3b,0x0a,0x20,0x20,0x20,0x20,0x20,0x20,0x20,0x20,0x20,0x20,0x20,0x20,0x76,0x65,
    0x63,0x33,0x20,0x70,0x61,0x72,0x61,0x6d,0x5f,0x35,0x34,0x20,0x3d,0x20,0x70,0x6f,
    0x73,0x3b,0x0a,0x20,0x20,0x20,0x20,0x20,0x20,0x20,0x20,0x20,0x20,0x20,0x20,0x76,
    0x65,0x63,0x32,0x20,0x70,0x61,0x72,0x61,0x6d,0x5f,0x35,0x35,0x20,0x3d,0x20,0x5f,
    0x35,0x32,0x32,0x3b,0x0a,0x20,0x20,0x20,0x20,0x20,0x20,0x20,0x20,0x20,0x20,0x20,
    0x20,0x76,0x65,0x63,0x32,0x20,0x70,0x61,0x72,0x61,0x6d,0x5f,0x35,0x36,0x20,0x3d,
    0x20,0x76,0x65,0x63,0x32,0x28,0x2d,0x32,0x2e,0x30,0x2c,0x20,0x30,0x2e,0x30,0x29,
    0x3b,0x0a,0x20,0x20,0x20,0x20,0x20,0x20,0x20,0x20,0x20,0x20,0x20,0x20,0x66,0x6c,
    0x6f,0x61,0x74,0x20,0x70,0x61,0x72,0x61,0x6d,0x5f,0x35,0x37,0x20,0x3d,0x20,0x5f,
    0x36,0x38,0x31,0x3b,0x0a,0x20,0x20,0x20,0x20,0x20,0x20,0x20,0x20,0x20,0x20,0x20,
    0x20,0x66,0x6c,0x6f,0x61,0x74,0x20,0x70,0x61,0x72,0x61,0x6d,0x5f,0x35,0x38,0x20,
    0x3d,0x20,0x63,0x6c,0x6f,0x74,0x68,0x5f,0x73,0x74,0x65,0x70,0x5f,0x70,0x61,0x72,
    0x61,0x6d,0x73,0x5b,0x35,0x5d,0x2e,0x7a,0x3b,0x0a,0x20,0x20,0x20,0x20,0x20,0x20,
    0x20,0x20,0x20,0x20,0x20,0x20,0x61,0x70,0x70,0x6c,0x79,0x4e,0x65,0x69,0x67,0x68,
    0x62,0x6f,0x72,0x28,0x70,0x61,0x72,0x61,0x6d,0x5f,0x35,0x33,0x2c,0x20,0x70,0x61,
    0x72,0x61,0x6d,0x5f,0x35,0x34,0x2c,0x20,0x70,0x61,0x72,0x61,0x6d,0x5f,0x35,0x35,
    0x2c,0x20,0x70,0x61,0x72,0x61,0x6d,0x5f,0x35,0x36,0x2c,0x20,0x70,0x61,0x72,0x61,
    0x6d,0x5f,0x35,0x37,0x2c,0x20,0x70,0x61,0x72,0x61,0x6d,0x5f,0x35,0x38,0x29,0x3b,
    0x0a,0x20,0x20,0x20,0x20,0x20,0x20,0x20,0x20,0x20,0x20,0x20,0x20,0x63,0x6f,0x72,
    0x72,0x65,0x63,0x74,0x69,0x6f,0x6e,0x20,0x3d,0x20,0x70,0x61,0x72,0x61,0x6d,0x5f,
    0x35,0x33,0x3b,0x0a,0x20,0x20,0x20,0x20,0x20,0x20,0x20,0x20,0x20,0x20,0x20,0x20,
    0x76,0x65,0x63,0x33,0x20,0x70,0x61,0x72,0x61,0x6d,0x5f,0x35,0x39,0x20,0x3d,0x20,
    0x70,0x61,0x72,0x61,0x6d,0x5f,0x35,0x33,0x3b,0x0a,0x20,0x20,0x20,0x20,0x20,0x20,
    0x20,0x20,0x20,0x20,0x20,0x20,0x76,0x65,0x63,0x33,0x20,0x70,0x61,0x72,0x61,0x6d,
    0x5f,0x36,0x30,0x20,0x3d,0x20,0x70,0x6f,0x73,0x3b,0x0a,0x20,0x20,0x20,0x20,0x20,
    0x20,0x20,0x20,0x20,0x20,0x20,0x20,0x76,0x65,0x63,0x32,0x20,0x70,0x61,0x72,0x61,
    0x6d,0x5f,0x36,0x31,0x20,0x3d,0x20,0x5f,0x35,0x32,0x32,0x3b,0x0a,0x20,0x20,0x20,
    0x20,0x20,0x20,0x20,0x20,0x20,0x20,0x20,0x20,0x76,0x65,0x63,0x32,0x20,0x70,0x61,
    0x72,0x61,0x6d,0x5f,0x36,0x32,0x20,0x3d,0x20,0x76,0x65,0x63,0x32,0x28,0x32,0x2e,
    0x30,0x2c,0x20,0x30,0x2e,0x30,0x29,0x3b,0x0a,0x20,0x20,0x20,0x20,0x20,0x20,0x20,
    0x20,0x20,0x20,0x20,0x20,0x66,0x6c,0x6f,0x61,0x74,0x20,0x70,0x61,0x72,0x61,0x6d,
    0x5f,0x36,0x33,0x20,0x3d,0x20,0x5f,0x36,0x38,0x31,0x3b,0x0a,0x20,0x20,0x20,0x20,
    0x20,0x20,0x20,0x20,0x20,0x20,0x20,0x20,0x66,0x6c,0x6f,0x61,0x74,0x20,0x70,0x61,
    0x72,0x61,0x6d,0x5f,0x36,0x34,0x20,0x3d,0x20,0x63,0x6c,0x6f,0x74,0x68,0x5f,0x73,
    0x74,0x65,0x70,0x5f,0x70,0x61,0x72,0x61,0x6d,0x73,0x5b,0x35,0x5d,0x2e,0x7a,0x3b,
    0x0a,0x20,0x20,0x20,0x20,0x20,0x20,0x20,0x20,0x20,0x20,0x20,0x20,0x61,0x70,0x70,
    0x6c,0x79,0x4e,0x65,0x69,0x67,0x68,0x62,0x6f,0x72,0x28,0x70,0x61,0x72,0x61,0x6d,
    0x5f,0x35,0x39,0x2c,0x20,0x70,0x61,0x72,0x61,0x6d,0x5f,0x36,0x30,0x2c,0x20,0x70,
    0x61,0x72,0x61,0x6d,0x5f,0x36,0x31,0x2c,0x20,0x70,0x61,0x72,0x61,0x6d,0x5f,0x36,
    0x32,0x2c,0x20,0x70,0x61,0x72,0x61,0x6d,0x5f,0x36,0x33,0x2c,0x20,0x70,0x61,0x72,
    0x61,0x6d,0x5f,0x36,0x34,0x29,0x3b,0x0a,0x20,0x20,0x20,0x20,0x20,0x20,0x20,0x20,
    0x20,0x20,0x20,0x20,0x63,0x6f,0x72,0x72,0x65,0x63,0x74,0x69,0x6f,0x6e,0x20,0x3d,
    0x20,0x70,0x61,0x72,0x61,0x6d,0x5f,0x35,0x39,0x3b,0x0a,0x20,0x20,0x20,0x20,0x20,
    0x20,0x20,0x20,0x20,0x20,0x20,0x20,0x66,0x6c,0x6f,0x61,0x74,0x20,0x5f,0x37,0x31,
    0x33,0x20,0x3d,0x20,0x5f,0x35,0x33,0x38,0x20,0x2a,0x20,0x32,0x2e,0x30,0x3b,0x0a,
    0x20,0x20,0x20,0x20,0x20,0x20,0x20,0x20,0x20,0x20,0x20,0x20,0x76,0x65,0x63,0x33,
    0x20,0x70,0x61,0x72,0x61,0x6d,0x5f,0x36,0x35,0x20,0x3d,0x20,0x70,0x61,0x72,0x61,
    0x6d,0x5f,0x35,0x39,0x3b,0x0a,0x20,0x20,0x20,0x20,0x20,0x20,0x20,0x20,0x20,0x20,
    0x20,0x20,0x76,0x65,0x63,0x33,0x20,0x70,0x61,0x72,0x61,0x6d,0x5f,0x36,0x36,0x20,
    0x3d,0x20,0x70,0x6f,0x73,0x3b,0x0a,0x20,0x20,0x20,0x20,0x20,0x20,0x20,0x20,0x20,
    0x20,0x20,0x20,0x76,0x65,0x63,0x32,0x20,0x70,0x61,0x72,0x61,0x6d,0x5f,0x36,0x37,
    0x20,0x3d,0x20,0x5f,0x35,0x32,0x32,0x3b,0x0a,0x20,0x20,0x20,0x20,0x20,0x20,0x20,
    0x20,0x20,0x20,0x20,0x20,0x76,0x65,0x63,0x32,0x20,0x70,0x61,0x72,0x61,0x6d,0x5f,
    0x36,0x38,0x20,0x3d,0x20,0x76,0x65,0x63,0x32,0x28,0x30,0x2e,0x30,0x2c,0x20,0x2d,
    0x32,0x2e,0x30,0x29,0x3b,0x0a,0x20,0x20,0x20,0x20,0x20,0x20,0x20,0x20,0x20,0x20,
    0x20,0x20,0x66,0x6c,0x6f,0x61,0x74,0x20,0x70,0x61,0x72,0x61,0x6d,0x5f,0x36,0x39,
    0x20,0x3d,0x20,0x5f,0x37,0x31,0x33,0x3b,0x0a,0x20,0x20,0x20,0x20,0x20,0x20,0x20,
    0x20,0x20,0x20,0x20,0x20,0x66,0x6c,0x6f,0x61,0x74,0x20,0x70,0x61,0x72,0x61,0x6d,
    0x5f,0x37,0x30,0x20,0x3d,0x20,0x63,0x6c,0x6f,0x74,0x68,0x5f,0x73,0x74,0x65,0x70,
    0x5f,0x70,0x61,0x72,0x61,0x6d,0x73,0x5b,0x35,0x5d,0x2e,0x7a,0x3b,0x0a,0x20,0x20,
    0x20,0x20,0x20,0x20,0x20,0x20,0x20,0x20,0x20,0x20,0x61,0x70,0x70,0x6c,0x79,0x4e,
    0x65,0x69,0x67,0x68,0x62,0x6f,0x72,0x28,0x70,0x61,0x72,0x61,0x6d,0x5f,0x36,0x35,
    0x2c,0x20,0x70,0x61,0x72,0x61,0x6d,0x5f,0x36,0x36,0x2c,0x20,0x70,0x61,0x72,0x61,
    0x6d,0x5f,0x36,0x37,0x2c,0x20,0x70,0x61,0x72,0x61,0x6d,0x5f,0x36,0x38,0x2c,0x20,
    0x70,0x61,0x72,0x61,0x6d,0x5f,0x36,0x39,0x2c,0x20,0x70,0x61,0x72,0x61,0x6d,0x5f,
    0x37,0x30,0x29,0x3b,0x0a,0x20,0x20,0x20,0x20,0x20,0x20,0x20,0x20,0x20,0x20,0x20,
    0x20,0x63,0x6f,0x72,0x72,0x65,0x63,0x74,0x69,0x6f,0x6e,0x20,0x3d,0x20,0x70,0x61,
    0x72,0x61,0x6d,0x5f,0x36,0x35,0x3b,0x0a,0x20,0x20,0x20,0x20,0x20,0x20,0x20,0x20,
    0x20,0x20,0x20,0x20,0x76,0x65,0x63,0x33,0x20,0x70,0x61,0x72,0x61,0x6d,0x5f,0x37,
    0x31,0x20,0x3d,0x20,0x70,0x61,0x72,0x61,0x6d,0x5f,0x36,0x35,0x3b,0x0a,0x20,0x20,
    0x20,0x20,0x20,0x20,0x20,0x20,0x20,0x20,0x20,0x20,0x76,0x65,0x63,0x33,0x20,0x70,
    0x61,0x72,0x61,0x6d,0x5f,0x37,0x32,0x20,0x3d,0x20,0x70,0x6f,0x73,0x3b,0x0a,0x20,
    0x20,0x20,0x20,0x20,0x20,0x20,0x20,0x20,0x20,0x20,0x20,0x76,0x65,0x63,0x32,0x20,
    0x70,0x61,0x72,0x61,0x6d,0x5f,0x37,0x33,0x20,0x3d,0x20,0x5f,0x35,0x32,0x32,0x3b,
    0x0a,0x20,0x20,0x20,0x20,0x20,0x20,0x20,0x20,0x20,0x20,0x20,0x20,0x76,0x65,0x63,
    0x32,0x20,0x70,0x61,0x72,0x61,0x6d,0x5f,0x37,0x34,0x20,0x3d,0x20,0x76,0x65,0x63,
    0x32,0x28,0x30,0x2e,0x30,0x2c,0x20,0x32,0x2e,0x30,0x29,0x3b,0x0a,0x20,0x20,0x20,
    0x20,0x20,0x20,0x20,0x20,0x20,0x20,0x20,0x20,0x66,0x6c,0x6f,0x61,0x74,0x20,0x70,
    0x61,0x72,0x61,0x6d,0x5f,0x37,0x35,0x20,0x3d,0x20,0x5f,0x37,0x31,0x33,0x3b,0x0a,
    0x20,0x20,0x20,0x20,0x20,0x20,0x20,0x20,0x20,0x20,0x20,0x20,0x66,0x6c,0x6f,0x61,
    0x74,0x20,0x70,0x61,0x72,0x61,0x6d,0x5f,0x37,0x36,0x20,0x3d,0x20,0x63,0x6c,0x6f,
    0x74,0x68,0x5f,0x73,0x74,0x65,0x70,0x5f,0x70,0x61,0x72,0x61,0x6d,0x73,0x5b,0x35,
    0x5d,0x2e,0x7a,0x3b,0x0a,0x20,0x20,0x20,0x20,0x20,0x20,0x20,0x20,0x20,0x20,0x20,
    0x20,0x61,0x70,0x70,0x6c,0x79,0x4e,0x65,0x69,0x67,0x68,0x62,0x6f,0x72,0x28,0x70,
    0x61,0x72,0x61,0x6d,0x5f,0x37,0x31,0x2c,0x20,0x70,0x61,0x72,0x61,0x6d,0x5f,0x37,
    0x32,0x2c,0x20,0x70,0x61,0x72,0x61,0x6d,0x5f,0x37,0x33,0x2c,0x20,0x70,0x61,0x72,
    0x61,0x6d,0x5f,0x37,0x34,0x2c,0x20,0x70,0x61,0x72,0x61,0x6d,0x5f,0x37,0x35,0x2c,
    0x20,0x70,0x61,0x72,0x61,0x6d,0x5f,0x37,0x36,0x29,0x3b,0x0a,0x20,0x20,0x20,0x20,
    0x20,0x20,0x20,0x20,0x20,0x20,0x20,0x20,0x63,0x6f,0x72,0x72,0x65,0x63,0x74,0x69,
    0x6f,0x6e,0x20,0x3d,0x20,0x70,0x61,0x72,0x61,0x6d,0x5f,0x37,0x31,0x3b,0x0a,0x20,
    0x20,0x20,0x20,0x20,0x20,0x20,0x20,0x20,0x20,0x20,0x20,0x66,0x6c,0x6f,0x61,0x74,
    0x20,0x5f,0x37,0x34,0x35,0x20,0x3d,0x20,0x5f,0x35,0x34,0x33,0x20,0x2a,0x20,0x32,
    0x2e,0x30,0x3b,0x0a,0x20,0x20,0x20,0x20,0x20,0x20,0x20,0x20,0x20,0x20,0x20,0x20,
    0x76,0x65,0x63,0x33,0x20,0x70,0x61,0x72,0x61,0x6d,0x5f,0x37,0x37,0x20,0x3d,0x20,
    0x70,0x61,0x72,0x61,0x6d,0x5f,0x37,0x31,0x3b,0x0a,0x20,0x20,0x20,0x20,0x20,0x20,
    0x20,0x20,0x20,0x20,0x20,0x20,0x76,0x65,0x63,0x33,0x20,0x70,0x61,0x72,0x61,0x6d,
    0x5f,0x37,0x38,0x20,0x3d,0x20,0x70,0x6f,0x73,0x3b,0x0a,0x20,0x20,0x20,0x20,0x20,
    0x20,0x20,0x20,0x20,0x20,0x20,0x20,0x76,0x65,0x63,0x32,0x20,0x70,0x61,0x72,0x61,
    0x6d,0x5f,0x37,0x39,0x20,0x3d,0x20,0x5f,0x35,0x32,0x32,0x3b,0x0a,0x20,0x20,0x20,
    0x20,0x20,0x20,0x20,0x20,0x20,0x20,0x20,0x20,0x76,0x65,0x63,0x32,0x20,0x70,0x61,
    0x72,0x61,0x6d,0x5f,0x38,0x30,0x20,0x3d,0x20,0x76,0x65,0x63,0x32,0x28,0x2d,0x32,
    0x2e,0x30,0x29,0x3b,0x0a,0x20,0x20,0x20,0x20,0x20,0x20,0x20,0x20,0x20,0x20,0x20,
    0x20,0x66,0x6c,0x6f,0x61,0x74,0x20,0x70,0x61,0x72,0x61,0x6d,0x5f,0x38,0x31,0x20,
    0x3d,0x20,0x5f,0x37,0x34,0x35,0x3b,0x0a,0x20,0x20,0x20,0x20,0x20,0x20,0x20,0x20,
    0x20,0x20,0x20,0x20,0x66,0x6c,0x6f,0x61,0x74,0x20,0x70,0x61,0x72,0x61,0x6d,0x5f,
    0x38,0x32,0x20,0x3d,0x20,0x63,0x6c,0x6f,0x74,0x68,0x5f,0x73,0x74,0x65,0x70,0x5f,
    0x70,0x61,0x72,0x61,0x6d,0x73,0x5b,0x35,0x5d,0x2e,0x7a,0x3b,0x0a,0x20,0x20,0x20,
    0x20,0x20,0x20,0x20,0x20,0x20,0x20,0x20,0x20,0x61,0x70,0x70,0x6c,0x79,0x4e,0x65,
    0x69,0x67,0x68,0x62,0x6f,0x72,0x28,0x70,0x61,0x72,0x61,0x6d,0x5f,0x37,0x37,0x2c,
    0x20,0x70,0x61,0x72,0x61,0x6d,0x5f,0x37,0x38,0x2c,0x20,0x70,0x61,0x72,0x61,0x6d,
    0x5f,0x37,0x39,0x2c,0x20,0x70,0x61,0x72,0x61,0x6d,0x5f,0x38,0x30,0x2c,0x20,0x70,
    0x61,0x72,0x61,0x6d,0x5f,0x38,0x31,0x2c,0x20,0x70,0x61,0x72,0x61,0x6d,0x5f,0x38,
    0x32,0x29,0x3b,0x0a,0x20,0x20,0x20,0x20,0x20,0x20,0x20,0x20,0x20,0x20,0x20,0x20,
    0x63,0x6f,0x72,0x72,0x65,0x63,0x74,0x69,0x6f,0x6e,0x20,0x3d,0x20,0x70,0x61,0x72,
    0x61,0x6d,0x5f,0x37,0x37,0x3b,0x0a,0x20,0x20,0x20,0x20,0x20,0x20,0x20,0x20,0x20,
    0x20,0x20,0x20,0x76,0x65,0x63,0x33,0x20,0x70,0x61,0x72,0x61,0x6d,0x5f,0x38,0x33,
    0x20,0x3d,0x20,0x70,0x61,0x72,0x61,0x6d,0x5f,0x37,0x37,0x3b,0x0a,0x20,0x20,0x20,
    0x20,0x20,0x20,0x20,0x20,0x20,0x20,0x20,0x20,0x76,0x65,0x63,0x33,0x20,0x70,0x61,
    0x72,0x61,0x6d,0x5f,0x38,0x34,0x20,0x3d,0x20,0x70,0x6f,0x73,0x3b,0x0a,0x20,0x20,
    0x20,0x20,0x20,0x20,0x20,0x20,0x20,0x20,0x20,0x20,0x76,0x65,0x63,0x32,0x20,0x70,
    0x61,0x72,0x61,0x6d,0x5f,0x38,0x35,0x20,0x3d,0x20,0x5f,0x35,0x32,0x32,0x3b,0x0a,
    0x20,0x20,0x20,0x20,0x20,0x20,0x20,0x20,0x20,0x20,0x20,0x20,0x76,0x65,0x63,0x32,
    0x20,0x70,0x61,0x72,0x61,0x6d,0x5f,0x38,0x36,0x20,0x3d,0x20,0x76,0x65,0x63,0x32,
    0x28,0x32,0x2e,0x30,0x2c,0x20,0x2d,0x32,0x2e,0x30,0x29,0x3b,0x0a,0x20,0x20,0x20,
    0x20,0x20,0x20,0x20,0x20,0x20,0x20,0x20,0x20,0x66,0x6c,0x6f,0x61,0x74,0x20,0x70,
    0x61,0x72,0x61,0x6d,0x5f,0x38,0x37,0x20,0x3d,0x20,0x5f,0x37,0x34,0x35,0x3b,0x0a,
    0x20,0x20,0x20,0x20,0x20,0x20,0x20,0x20,0x20,0x20,0x20,0x20,0x66,0x6c,0x6f,0x61,
    0x74,0x20,0x70,0x61,0x72,0x61,0x6d,0x5f,0x38,0x38,0x20,0x3d,0x20,0x63,0x6c,0x6f,
    0x74,0x68,0x5f,0x73,0x74,0x65,0x70,0x5f,0x70,0x61,0x72,0x61,0x6d,0x73,0x5b,0x35,
    0x5d,0x2e,0x7a,0x3b,0x0a,0x20,0x20,0x20,0x20,0x20,0x20,0x20,0x20,0x20,0x20,0x20,
    0x20,0x61,0x70,0x70,0x6c,0x79,0x4e,0x65,0x69,0x67,0x68,0x62,0x6f,0x72,0x28,0x70,
    0x61,0x72,0x61,0x6d,0x5f,0x38,0x33,0x2c,0x20,0x70,0x61,0x72,0x61,0x6d,0x5f,0x38,
    0x34,0x2c,0x20,0x70,0x61,0x72,0x61,0x6d,0x5f,0x38,0x35,0x2c,0x20,0x70,0x61,0x72,
    0x61,0x6d,0x5f,0x38,0x36,0x2c,0x20,0x70,0x61,0x72,0x61,0x6d,0x5f,0x38,0x37,0x2c,
    0x20,0x70,0x61,0x72,0x61,0x6d,0x5f,0x38,0x38,0x29,0x3b,0x0a,0x20,0x20,0x20,0x20,
    0x20,0x20,0x20,0x20,0x20,0x20,0x20,0x20,0x63,0x6f,0x72,0x72,0x65,0x63,0x74,0x69,
    0x6f,0x6e,0x20,0x3d,0x20,0x70,0x61,0x72,0x61,0x6d,0x5f,0x38,0x33,0x3b,0x0a,0x20,
    0x20,0x20,0x20,0x20,0x20,0x20,0x20,0x20,0x20,0x20,0x20,0x76,0x65,0x63,0x33,0x20,
    0x70,0x61,0x72,0x61,0x6d,0x5f,0x38,0x39,0x20,0x3d,0x20,0x70,0x61,0x72,0x61,0x6d,
    0x5f,0x38,0x33,0x3b,0x0a,0x20,0x20,0x20,0x20,0x20,0x20,0x20,0x20,0x20,0x20,0x20,
    0x20,0x76,0x65,0x63,0x33,0x20,0x70,0x61,0x72,0x61,0x6d,0x5f,0x39,0x30,0x20,0x3d,
    0x20,0x70,0x6f,0x73,0x3b,0x0a,0x20,0x20,0x20,0x20,0x20,0x20,0x20,0x20,0x20,0x20,
    0x20,0x20,0x76,0x65,0x63,0x32,0x20,0x70,0x61,0x72,0x61,0x6d,0x5f,0x39,0x31,0x20,
    0x3d,0x20,0x5f,0x35,0x32,0x32,0x3b,0x0a,0x20,0x20,0x20,0x20,0x20,0x20,0x20,0x20,
    0x20,0x20,0x20,0x20,0x76,0x65,0x63,0x32,0x20,0x70,0x61,0x72,0x61,0x6d,0x5f,0x39,
    0x32,0x20,0x3d,0x20,0x76,0x65,0x63,0x32,0x28,0x2d,0x32,0x2e,0x30,0x2c,0x20,0x32,
    0x2e,0x30,0x29,0x3b,0x0a,0x20,0x20,0x20,0x20,0x20,0x20,0x20,0x20,0x20,0x20,0x20,
    0x20,0x66,0x6c,0x6f,0x61,0x74,0x20,0x70,0x61,0x72,0x61,0x6d,0x5f,0x39,0x33,0x20,
    0x3d,0x20,0x5f,0x37,0x34,0x35,0x3b,0x0a,0x20,0x20,0x20,0x20,0x20,0x20,0x20,0x20,
    0x20,0x20,0x20,0x20,0x66,0x6c,0x6f,0x61,0x74,0x20,0x70,0x61,0x72,0x61,0x6d,0x5f,
    0x39,0x34,0x20,0x3d,0x20,0x63,0x6c,0x6f,0x74,0x68,0x5f,0x73,0x74,0x65,0x70,0x5f,
    0x70,0x61,0x72,0x61,0x6d,0x73,0x5b,0x35,0x5d,0x2e,0x7a,0x3b,0x0a,0x20,0x20,0x20,
    0x20,0x20,0x20,0x20,0x20,0x20,0x20,0x20,0x20,0x61,0x70,0x70,0x6c,0x79,0x4e,0x65,
    0x69,0x67,0x68,0x62,0x6f,0x72,0x28,0x70,0x61,0x72,0x61,0x6d,0x5f,0x38,0x39,0x2c,
    0x20,0x70,0x61,0x72,0x61,0x6d,0x5f,0x39,0x30,0x2c,0x20,0x70,0x61,0x72,0x61,0x6d,
    0x5f,0x39,0x31,0x2c,0x20,0x70,0x61,0x72,0x61,0x6d,0x5f,0x39,0x32,0x2c,0x20,0x70,
    0x61,0x72,0x61,0x6d,0x5f,0x39,0x33,0x2c,0x20,0x70,0x61,0x72,0x61,0x6d,0x5f,0x39,
    0x34,0x29,0x3b,0x0a,0x20,0x20,0x20,0x20,0x20,0x20,0x20,0x20,0x20,0x20,0x20,0x20,
    0x63,0x6f,0x72,0x72,0x65,0x63,0x74,0x69,0x6f,0x6e,0x20,0x3d,0x20,0x70,0x61,0x72,
    0x61,0x6d,0x5f,0x38,0x39,0x3b,0x0a,0x20,0x20,0x20,0x20,0x20,0x20,0x20,0x20,0x20,
    0x20,0x20,0x20,0x76,0x65,0x63,0x33,0x20,0x70,0x61,0x72,0x61,0x6d,0x5f,0x39,0x35,
    0x20,0x3d,0x20,0x70,0x61,0x72,0x61,0x6d,0x5f,0x38,0x39,0x3b,0x0a,0x20,0x20,0x20,
    0x20,0x20,0x20,0x20,0x20,0x20,0x20,0x20,0x20,0x76,0x65,0x63,0x33,0x20,0x70,0x61,
    0x72,0x61,0x6d,0x5f,0x39,0x36,0x20,0x3d,0x20,0x70,0x6f,0x73,0x3b,0x0a,0x20,0x20,
    0x20,0x20,0x20,0x20,0x20,0x20,0x20,0x20,0x20,0x20,0x76,0x65,0x63,0x32,0x20,0x70,
    0x61,0x72,0x61,0x6d,0x5f,0x39,0x37,0x20,0x3d,0x20,0x5f,0x35,0x32,0x32,0x3b,0x0a,
    0x20,0x20,0x20,0x20,0x20,0x20,0x20,0x20,0x20,0x20,0x20,0x20,0x76,0x65,0x63,0x32,
    0x20,0x70,0x61,0x72,0x61,0x6d,0x5f,0x39,0x38,0x20,0x3d,0x20,0x76,0x65,0x63,0x32,
    0x28,0x32,0x2e,0x30,0x29,0x3b,0x0a,0x20,0x20,0x20,0x20,0x20,0x20,0x20,0x20,0x20,
    0x20,0x20,0x20,0x66,0x6c,0x6f,0x61,0x74,0x20,0x70,0x61,0x72,0x61,0x6d,0x5f,0x39,
    0x39,0x20,0x3d,0x20,0x5f,0x37,0x34,0x35,0x3b,0x0a,0x20,0x20,0x20,0x20,0x20,0x20,
    0x20,0x20,0x20,0x20,0x20,0x20,0x66,0x6c,0x6f,0x61,0x74,0x20,0x70,0x61,0x72,0x61,
    0x6d,0x5f,0x31,0x30,0x30,0x20,0x3d,0x20,0x63,0x6c,0x6f,0x74,0x68,0x5f,0x73,0x74,
    0x65,0x70,0x5f,0x70,0x61,0x72,0x61,0x6d,0x73,0x5b,0x35,0x5d,0x2e,0x7a,0x3b,0x0a,
    0x20,0x20,0x20,0x20,0x20,0x20,0x20,0x20,0x20,0x20,0x20,0x20,0x61,0x70,0x70,0x6c,
    0x79,0x4e,0x65,0x69,0x67,0x68,0x62,0x6f,0x72,0x28,0x70,0x61,0x72,0x61,0x6d,0x5f,
    0x39,0x35,0x2c,0x20,0x70,0x61,0x72,0x61,0x6d,0x5f,0x39,0x36,0x2c,0x20,0x70,0x61,
    0x72,0x61,0x6d,0x5f,0x39,0x37,0x2c,0x20,0x70,0x61,0x72,0x61,0x6d,0x5f,0x39,0x38,
    0x2c,0x20,0x70,0x61,0x72,0x61,0x6d,0x5f,0x39,0x39,0x2c,0x20,0x70,0x61,0x72,0x61,
    0x6d,0x5f,0x31,0x30,0x30,0x29,0x3b,0x0a,0x20,0x20,0x20,0x20,0x20,0x20,0x20,0x20,
    0x20,0x20,0x20,0x20,0x63,0x6f,0x72,0x72,0x65,0x63,0x74,0x69,0x6f,0x6e,0x20,0x3d,
    0x20,0x70,0x61,0x72,0x61,0x6d,0x5f,0x39,0x35,0x3b,0x0a,0x20,0x20,0x20,0x20,0x20,
    0x20,0x20,0x20,0x7d,0x0a,0x20,0x20,0x20,0x20,0x20,0x20,0x20,0x20,0x66,0x72,0x61,
    0x67,0x5f,0x63,0x6f,0x6c,0x6f,0x72,0x20,0x3d,0x20,0x76,0x65,0x63,0x34,0x28,0x70,
    0x6f,0x73,0x20,0x2b,0x20,0x28,0x63,0x6f,0x72,0x72,0x65,0x63,0x74,0x69,0x6f,0x6e,
    0x20,0x2a,0x20,0x63,0x6c,0x6f,0x74,0x68,0x5f,0x73,0x74,0x65,0x70,0x5f,0x70,0x61,
    0x72,0x61,0x6d,0x73,0x5b,0x37,0x5d,0x2e,0x77,0x29,0x2c,0x20,0x5f,0x33,0x37,0x39,
    0x29,0x3b,0x0a,0x20,0x20,0x20,0x20,0x20,0x20,0x20,0x20,0x72,0x65,0x74,0x75,0x72,
    0x6e,0x3b,0x0a,0x20,0x20,0x20,0x20,0x7d,0x0a,0x20,0x20,0x20,0x20,0x62,0x6f,0x6f,
    0x6c,0x20,0x5f,0x38,0x32,0x33,0x20,0x3d,0x20,0x5f,0x33,0x34,0x37,0x20,0x3d,0x3d,
    0x20,0x33,0x3b,0x0a,0x20,0x20,0x20,0x20,0x62,0x6f,0x6f,0x6c,0x20,0x5f,0x38,0x33,
    0x30,0x3b,0x0a,0x20,0x20,0x20,0x20,0x69,0x66,0x20,0x28,0x5f,0x38,0x32,0x33,0x29,
    0x0a,0x20,0x20,0x20,0x20,0x7b,0x0a,0x20,0x20,0x20,0x20,0x20,0x20,0x20,0x20,0x5f,
    0x38,0x33,0x30,0x20,0x3d,0x20,0x63,0x6c,0x6f,0x74,0x68,0x5f,0x73,0x74,0x65,0x70,
    0x5f,0x70,0x61,0x72,0x61,0x6d,0x73,0x5b,0x36,0x5d,0x2e,0x77,0x20,0x3e,0x20,0x30,
    0x2e,0x30,0x3b,0x0a,0x20,0x20,0x20,0x20,0x7d,0x0a,0x20,0x20,0x20,0x20,0x65,0x6c,
    0x73,0x65,0x0a,0x20,0x20,0x20,0x20,0x7b,0x0a,0x20,0x20,0x20,0x20,0x20,0x20,0x20,
    0x20,0x5f,0x38,0x33,0x30,0x20,0x3d,0x20,0x5f,0x38,0x32,0x33,0x3b,0x0a,0x20,0x20,
    0x20,0x20,0x7d,0x0a,0x20,0x20,0x20,0x20,0x69,0x66,0x20,0x28,0x5f,0x38,0x33,0x30,
    0x29,0x0a,0x20,0x20,0x20,0x20,0x7b,0x0a,0x20,0x20,0x20,0x20,0x20,0x20,0x20,0x20,
    0x76,0x65,0x63,0x33,0x20,0x5f,0x38,0x33,0x38,0x20,0x3d,0x20,0x70,0x6f,0x73,0x20,
    0x2d,0x20,0x63,0x6c,0x6f,0x74,0x68,0x5f,0x73,0x74,0x65,0x70,0x5f,0x70,0x61,0x72,
    0x61,0x6d,0x73,0x5b,0x36,0x5d,0x2e,0x78,0x79,0x7a,0x3b,0x0a,0x20,0x20,0x20,0x20,
    0x20,0x20,0x20,0x20,0x66,0x6c,0x6f,0x61,0x74,0x20,0x5f,0x38,0x34,0x31,0x20,0x3d,
    0x20,0x6c,0x65,0x6e,0x67,0x74,0x68,0x28,0x5f,0x38,0x33,0x38,0x29,0x3b,0x0a,0x20,
    0x20,0x20,0x20,0x20,0x20,0x20,0x20,0x69,0x66,0x20,0x28,0x5f,0x38,0x34,0x31,0x20,
    0x3c,0x20,0x63,0x6c,0x6f,0x74,0x68,0x5f,0x73,0x74,0x65,0x70,0x5f,0x70,0x61,0x72,
    0x61,0x6d,0x73,0x5b,0x36,0x5d,0x2e,0x77,0x29,0x0a,0x20,0x20,0x20,0x20,0x20,0x20,
    0x20,0x20,0x7b,0x0a,0x20,0x20,0x20,0x20,0x20,0x20,0x20,0x20,0x20,0x20,0x20,0x20,
    0x76,0x65,0x63,0x33,0x20,0x5f,0x38,0x35,0x31,0x3b,0x0a,0x20,0x20,0x20,0x20,0x20,
    0x20,0x20,0x20,0x20,0x20,0x20,0x20,0x69,0x66,0x20,0x28,0x5f,0x38,0x34,0x31,0x20,
    0x3e,0x20,0x39,0x2e,0x39,0x39,0x39,0x39,0x39,0x39,0x39,0x37,0x34,0x37,0x35,0x32,
    0x34,0x32,0x37,0x30,0x37,0x38,0x37,0x38,0x33,0x35,0x31,0x32,0x31,0x31,0x35,0x34,
    0x37,0x38,0x35,0x65,0x2d,0x30,0x37,0x29,0x0a,0x20,0x20,0x20,0x20,0x20,0x20,0x20,
    0x20,0x20,0x20,0x20,0x20,0x7b,0x0a,0x20,0x20,0x20,0x20,0x20,0x20,0x20,0x20,0x20,
    0x20,0x20,0x20,0x20,0x20,0x20,0x20,0x5f,0x38,0x35,0x31,0x20,0x3d,0x20,0x5f,0x38,
    0x33,0x38,0x20,0x2f,0x20,0x76,0x65,0x63,0x33,0x28,0x5f,0x38,0x34,0x31,0x29,0x3b,
    0x0a,0x20,0x20,0x20,0x20,0x20,0x20,0x20,0x20,0x20,0x20,0x20,0x20,0x7d,0x0a,0x20,
    0x20,0x20,0x20,0x20,0x20,0x20,0x20,0x20,0x20,0x20,0x20,0x65,0x6c,0x73,0x65,0x0a,
    0x20,0x20,0x20,0x20,0x20,0x20,0x20,0x20,0x20,0x20,0x20,0x20,0x7b,0x0a,0x20,0x20,
    0x20,0x20,0x20,0x20,0x20,0x20,0x20,0x20,0x20,0x20,0x20,0x20,0x20,0x20,0x5f,0x38,
    0x35,0x31,0x20,0x3d,0x20,0x76,0x65,0x63,0x33,0x28,0x30,0x2e,0x30,0x2c,0x20,0x31,
    0x2e,0x30,0x2c,0x20,0x30,0x2e,0x30,0x29,0x3b,0x0a,0x20,0x20,0x20,0x20,0x20,0x20,
    0x20,0x20,0x20,0x20,0x20,0x20,0x7d,0x0a,0x20,0x20,0x20,0x20,0x20,0x20,0x20,0x20,
    0x20,0x20,0x20,0x20,0x70,0x6f,0x73,0x20,0x3d,0x20,0x63,0x6c,0x6f,0x74,0x68,0x5f,
    0x73,0x74,0x65,0x70,0x5f,0x70,0x61,0x72,0x61,0x6d,0x73,0x5b,0x36,0x5d,0x2e,0x78,
    0x79,0x7a,0x20,0x2b,0x20,0x28,0x5f,0x38,0x35,0x31,0x20,0x2a,0x20,0x63,0x6c,0x6f,
    0x74,0x68,0x5f,0x73,0x74,0x65,0x70,0x5f,0x70,0x61,0x72,0x61,0x6d,0x73,0x5b,0x36,
    0x5d,0x2e,0x77,0x29,0x3b,0x0a,0x20,0x20,0x20,0x20,0x20,0x20,0x20,0x20,0x7d,0x0a,
    0x20,0x20,0x20,0x20,0x20,0x20,0x20,0x20,0x66,0x72,0x61,0x67,0x5f,0x63,0x6f,0x6c,
    0x6f,0x72,0x20,0x3d,0x20,0x76,0x65,0x63,0x34,0x28,0x70,0x6f,0x73,0x2c,0x20,0x5f,
    0x33,0x37,0x39,0x29,0x3b,0x0a,0x20,0x20,0x20,0x20,0x20,0x20,0x20,0x20,0x72,0x65,
    0x74,0x75,0x72,0x6e,0x3b,0x0a,0x20,0x20,0x20,0x20,0x7d,0x0a,0x20,0x20,0x20,0x20,
    0x66,0x72,0x61,0x67,0x5f,0x63,0x6f,0x6c,0x6f,0x72,0x20,0x3d,0x20,0x76,0x65,0x63,
    0x34,0x28,0x70,0x6f,0x73,0x2c,0x20,0x5f,0x33,0x37,0x39,0x29,0x3b,0x0a,0x7d,0x0a,
    0x0a,0x00,
};
/*
    #version 300 es

    layout(location = 0) in vec2 position;
    out vec2 uv;
    layout(location = 1) in vec2 texcoord0;

    void main()
    {
        gl_Position = vec4(position, 0.0, 1.0);
        uv = texcoord0;
    }

*/
static const uint8_t cloth_fullscreen_vs_source_glsl300es[192] = {
    0x23,0x76,0x65,0x72,0x73,0x69,0x6f,0x6e,0x20,0x33,0x30,0x30,0x20,0x65,0x73,0x0a,
    0x0a,0x6c,0x61,0x79,0x6f,0x75,0x74,0x28,0x6c,0x6f,0x63,0x61,0x74,0x69,0x6f,0x6e,
    0x20,0x3d,0x20,0x30,0x29,0x20,0x69,0x6e,0x20,0x76,0x65,0x63,0x32,0x20,0x70,0x6f,
    0x73,0x69,0x74,0x69,0x6f,0x6e,0x3b,0x0a,0x6f,0x75,0x74,0x20,0x76,0x65,0x63,0x32,
    0x20,0x75,0x76,0x3b,0x0a,0x6c,0x61,0x79,0x6f,0x75,0x74,0x28,0x6c,0x6f,0x63,0x61,
    0x74,0x69,0x6f,0x6e,0x20,0x3d,0x20,0x31,0x29,0x20,0x69,0x6e,0x20,0x76,0x65,0x63,
    0x32,0x20,0x74,0x65,0x78,0x63,0x6f,0x6f,0x72,0x64,0x30,0x3b,0x0a,0x0a,0x76,0x6f,
    0x69,0x64,0x20,0x6d,0x61,0x69,0x6e,0x28,0x29,0x0a,0x7b,0x0a,0x20,0x20,0x20,0x20,
    0x67,0x6c,0x5f,0x50,0x6f,0x73,0x69,0x74,0x69,0x6f,0x6e,0x20,0x3d,0x20,0x76,0x65,
    0x63,0x34,0x28,0x70,0x6f,0x73,0x69,0x74,0x69,0x6f,0x6e,0x2c,0x20,0x30,0x2e,0x30,
    0x2c,0x20,0x31,0x2e,0x30,0x29,0x3b,0x0a,0x20,0x20,0x20,0x20,0x75,0x76,0x20,0x3d,
    0x20,0x74,0x65,0x78,0x63,0x6f,0x6f,0x72,0x64,0x30,0x3b,0x0a,0x7d,0x0a,0x0a,0x00,

};
/*
    #version 300 es
    precision mediump float;
    precision highp int;

    uniform highp vec4 cloth_step_params[8];
    uniform highp sampler2D pinTex_pinSmp;
    uniform highp sampler2D positionTex_positionSmp;
    uniform highp sampler2D previousTex_previousSmp;

    in highp vec2 uv;
    layout(location = 0) out highp vec4 frag_color;

    highp vec4 samplePin(highp vec2 tc)
    {
        return texture(pinTex_pinSmp, clamp(tc, vec2(0.0), vec2(1.0)));
    }

    highp vec3 restPosition(highp vec2 tc)
    {
        highp vec2 _168 = clamp(((tc * cloth_step_params[0].xy) - vec2(0.5)) / max(cloth_step_params[0].xy - vec2(1.0), vec2(1.0)), vec2(0.0), vec2(1.0));
        return vec3(cloth_step_params[3].x + (_168.x * cloth_step_params[3].z), cloth_step_params[3].y + (_168.y * cloth_step_params[3].w), 0.0);
    }

    highp vec3 pinnedOrRest(highp vec2 tc, highp vec4 pin)
    {
        if (pin.x > 0.5)
        {
            return vec3(pin.y, pin.z, pin.w);
        }
        highp vec2 param = tc;
        return restPosition(param);
    }

    highp vec3 samplePosition(highp vec2 tc)
    {
        return texture(positionTex_positionSmp, clamp(tc, vec2(0.0), vec2(1.0))).xyz;
    }

    highp vec3 samplePrevious(highp vec2 tc)
    {
        return texture(previousTex_previousSmp, clamp(tc, vec2(0.0), vec2(1.0))).xyz;
    }

    highp vec3 clothNormal()
    {
        highp vec2 param = uv;
        highp vec3 _216 = samplePosition(param);
        highp vec2 _221 = vec2(cloth_step_params[0].z, 0.0);
        highp vec2 param_1 = uv + _221;
        highp vec3 _224 = samplePosition(param_1);
        highp vec2 param_2 = uv - _221;
        highp vec3 _232 = samplePosition(param_2);
        highp vec2 _237 = vec2(0.0, cloth_step_params[0].w);
        highp vec2 param_3 = uv - _237;
        highp vec3 _240 = samplePosition(param_3);
        highp vec2 param_4 = uv + _237;
        highp vec3 _248 = samplePosition(param_4);
        highp vec3 _252 = _224 - _216;
        highp vec3 _255 = _240 - _216;
        highp vec3 _262 = _232 - _216;
        highp vec3 _270 = _248 - _216;
        highp vec3 _280 = ((cross(_252, _255) + cross(_255, _262)) + cross(_262, _270)) + cross(_270, _252);
        highp float _283 = length(_280);
        if (_283 < 9.9999999747524270787835121154785e-07)
        {
            return vec3(0.0, 0.0, 1.0);
        }
        return _280 / vec3(_283);
    }

    highp vec2 gridCoord()
    {
        return floor(uv * cloth_step_params[0].xy);
    }

    bool validCoord(highp vec2 coord)
    {
        bool _78 = coord.x >= 0.0;
        bool _85;
        if (_78)
        {
            _85 = coord.y >= 0.0;
        }
        else
        {
            _85 = _78;
        }
        bool _94;
        if (_85)
        {
            _94 = coord.x < cloth_step_params[0].x;
        }
        else
        {
            _94 = _85;
        }
        bool _102;
        if (_94)
        {
            _102 = coord.y < cloth_step_params[0].y;
        }
        else
        {
            _102 = _94;
        }
        return _102;
    }

    highp vec2 coordUv(highp vec2 coord)
    {
        return (coord + vec2(0.5)) / cloth_step_params[0].xy;
    }

    void applyNeighbor(inout highp vec3 correction, highp vec3 pos, highp vec2 coord, highp vec2 offset, highp float restLen, highp float k)
    {
        highp vec2 _300 = coord + offset;
        highp vec2 param = _300;
        if ((!validCoord(param)) || (k <= 0.0))
        {
            return;
        }
        highp vec2 param_1 = _300;
        highp vec2 param_2 = coordUv(param_1);
        highp vec3 _316 = samplePosition(param_2);
        highp vec3 _320 = _316 - pos;
        highp float _323 = length(_320);
        if (_323 <= 9.9999999747524270787835121154785e-07)
        {
            return;
        }
        correction += ((_320 * ((_323 - restLen) / _323)) * (0.5 * k));
    }

    void main()
    {
        int _347 = int(cloth_step_params[1].w + 0.5);
        highp vec2 param = uv;
        highp vec4 _351 = samplePin(param);
        if (_347 == 0)
        {
            highp vec2 param_1 = uv;
            highp vec4 param_2 = _351;
            frag_color = vec4(pinnedOrRest(param_1, param_2), _351.x);
            return;
        }
        highp vec2 param_3 = uv;
        highp vec3 pos = samplePosition(param_3);
        highp float _379 = _351.x;
        if (_379 > 0.5)
        {
            frag_color = vec4(_351.yzw, _379);
            return;
        }
        if (_347 == 4)
        {
            frag_color = vec4(pos, _379);
            return;
        }
        if (_347 == 1)
        {
            highp vec2 param_4 = uv;
            highp vec3 _417 = samplePrevious(param_4);
            highp vec3 accel = cloth_step_params[4].xyz;
            bool _425 = cloth_step_params[7].z > 0.5;
            bool _432;
            if (_425)
            {
                _432 = cloth_step_params[2].w > 0.0;
            }
            else
            {
                _432 = _425;
            }
            if (_432)
            {
                highp vec3 _436 = clothNormal();
                accel += ((((_436 * dot(_436, normalize(cloth_step_params[2].xyz))) * cloth_step_params[2].w) * (85.0 + (sin(((cloth_step_params[1].z * (1.7999999523162841796875 + (cloth_step_params[2].w * 0.039999999105930328369140625))) + (uv.x * 10.0)) + (uv.y * 6.0)) * 12.25))) * smoothstep(0.0500000007450580596923828125, 0.87999999523162841796875, uv.y));
            }
            frag_color = vec4((pos + ((pos - _417) * cloth_step_params[1].y)) + ((accel * cloth_step_params[1].x) * cloth_step_params[1].x), _379);
            return;
        }
        if (_347 == 2)
        {
            highp vec2 _522 = gridCoord();
            highp float _530 = cloth_step_params[3].z / max(cloth_step_params[0].x - 1.0, 1.0);
            highp float _538 = cloth_step_params[3].w / max(cloth_step_params[0].y - 1.0, 1.0);
            highp float _543 = length(vec2(_530, _538));
            highp vec3 correction = vec3(0.0);
            highp vec3 param_5 = vec3(0.0);
            highp vec3 param_6 = pos;
            highp vec2 param_7 = _522;
            highp vec2 param_8 = vec2(-1.0, 0.0);
            highp float param_9 = _530;
            highp float param_10 = cloth_step_params[5].x;
            applyNeighbor(param_5, param_6, param_7, param_8, param_9, param_10);
            correction = param_5;
            highp vec3 param_11 = param_5;
            highp vec3 param_12 = pos;
            highp vec2 param_13 = _522;
            highp vec2 param_14 = vec2(1.0, 0.0);
            highp float param_15 = _530;
            highp float param_16 = cloth_step_params[5].x;
            applyNeighbor(param_11, param_12, param_13, param_14, param_15, param_16);
            correction = param_11;
            highp vec3 param_17 = param_11;
            highp vec3 param_18 = pos;
            highp vec2 param_19 = _522;
            highp vec2 param_20 = vec2(0.0, -1.0);
            highp float param_21 = _538;
            highp float param_22 = cloth_step_params[5].x;
            applyNeighbor(param_17, param_18, param_19, param_20, param_21, param_22);
            correction = param_17;
            highp vec3 param_23 = param_17;
            highp vec3 param_24 = pos;
            highp vec2 param_25 = _522;
            highp vec2 param_26 = vec2(0.0, 1.0);
            highp float param_27 = _538;
            highp float param_28 = cloth_step_params[5].x;
            applyNeighbor(param_23, param_24, param_25, param_26, param_27, param_28);
            correction = param_23;
            if (cloth_step_params[7].x > 0.5)
            {
                highp vec3 param_29 = correction;
                highp vec3 param_30 = pos;
                highp vec2 param_31 = _522;
                highp vec2 param_32 = vec2(-1.0);
                highp float param_33 = _543;
                highp float param_34 = cloth_step_params[5].y;
                applyNeighbor(param_29, param_30, param_31, param_32, param_33, param_34);
                correction = param_29;
                highp vec3 param_35 = param_29;
                highp vec3 param_36 = pos;
                highp vec2 param_37 = _522;
                highp vec2 param_38 = vec2(1.0, -1.0);
                highp float param_39 = _543;
                highp float param_40 = cloth_step_params[5].y;
                applyNeighbor(param_35, param_36, param_37, param_38, param_39, param_40);
                correction = param_35;
                highp vec3 param_41 = param_35;
                highp vec3 param_42 = pos;
                highp vec2 param_43 = _522;
                highp vec2 param_44 = vec2(-1.0, 1.0);
                highp float param_45 = _543;
                highp float param_46 = cloth_step_params[5].y;
                applyNeighbor(param_41, param_42, param_43, param_44, param_45, param_46);
                correction = param_41;
                highp vec3 param_47 = param_41;
                highp vec3 param_48 = pos;
                highp vec2 param_49 = _522;
                highp vec2 param_50 = vec2(1.0);
                highp float param_51 = _543;
                highp float param_52 = cloth_step_params[5].y;
                applyNeighbor(param_47, param_48, param_49, param_50, param_51, param_52);
                correction = param_47;
            }
            if (cloth_step_params[7].y > 0.5)
            {
                highp float _681 = _530 * 2.0;
                highp vec3 param_53 = correction;
                highp vec3 param_54 = pos;
                highp vec2 param_55 = _522;
                highp vec2 param_56 = vec2(-2.0, 0.0);
                highp float param_57 = _681;
                highp float param_58 = cloth_step_params[5].z;
                applyNeighbor(param_53, param_54, param_55, param_56, param_57, param_58);
                correction = param_53;
                highp vec3 param_59 = param_53;
                highp vec3 param_60 = pos;
                highp vec2 param_61 = _522;
                highp vec2 param_62 = vec2(2.0, 0.0);
                highp float param_63 = _681;
                highp float param_64 = cloth_step_params[5].z;
                applyNeighbor(param_59, param_60, param_61, param_62, param_63, param_64);
                correction = param_59;
                highp float _713 = _538 * 2.0;
                highp vec3 param_65 = param_59;
                highp vec3 param_66 = pos;
                highp vec2 param_67 = _522;
                highp vec2 param_68 = vec2(0.0, -2.0);
                highp float param_69 = _713;
                highp float param_70 = cloth_step_params[5].z;
                applyNeighbor(param_65, param_66, param_67, param_68, param_69, param_70);
                correction = param_65;
                highp vec3 param_71 = param_65;
                highp vec3 param_72 = pos;
                highp vec2 param_73 = _522;
                highp vec2 param_74 = vec2(0.0, 2.0);
                highp float param_75 = _713;
                highp float param_76 = cloth_step_params[5].z;
                applyNeighbor(param_71, param_72, param_73, param_74, param_75, param_76);
                correction = param_71;
                highp float _745 = _543 * 2.0;
                highp vec3 param_77 = param_71;
                highp vec3 param_78 = pos;
                highp vec2 param_79 = _522;
                highp vec2 param_80 = vec2(-2.0);
                highp float param_81 = _745;
                highp float param_82 = cloth_step_params[5].z;
                applyNeighbor(param_77, param_78, param_79, param_80, param_81, param_82);
                correction = param_77;
                highp vec3 param_83 = param_77;
                highp vec3 param_84 = pos;
                highp vec2 param_85 = _522;
                highp vec2 param_86 = vec2(2.0, -2.0);
                highp float param_87 = _745;
                highp float param_88 = cloth_step_params[5].z;
                applyNeighbor(param_83, param_84, param_85, param_86, param_87, param_88);
                correction = param_83;
                highp vec3 param_89 = param_83;
                highp vec3 param_90 = pos;
                highp vec2 param_91 = _522;
                highp vec2 param_92 = vec2(-2.0, 2.0);
                highp float param_93 = _745;
                highp float param_94 = cloth_step_params[5].z;
                applyNeighbor(param_89, param_90, param_91, param_92, param_93, param_94);
                correction = param_89;
                highp vec3 param_95 = param_89;
                highp vec3 param_96 = pos;
                highp vec2 param_97 = _522;
                highp vec2 param_98 = vec2(2.0);
                highp float param_99 = _745;
                highp float param_100 = cloth_step_params[5].z;
                applyNeighbor(param_95, param_96, param_97, param_98, param_99, param_100);
                correction = param_95;
            }
            frag_color = vec4(pos + (correction * cloth_step_params[7].w), _379);
            return;
        }
        bool _823 = _347 == 3;
        bool _830;
        if (_823)
        {
            _830 = cloth_step_params[6].w > 0.0;
        }
        else
        {
            _830 = _823;
        }
        if (_830)
        {
            highp vec3 _838 = pos - cloth_step_params[6].xyz;
            highp float _841 = length(_838);
            if (_841 < cloth_step_params[6].w)
            {
                highp vec3 _851;
                if (_841 > 9.9999999747524270787835121154785e-07)
                {
                    _851 = _838 / vec3(_841);
                }
                else
                {
                    _851 = vec3(0.0, 1.0, 0.0);
                }
                pos = cloth_step_params[6].xyz + (_851 * cloth_step_params[6].w);
            }
            frag_color = vec4(pos, _379);
            return;
        }
        frag_color = vec4(pos, _379);
    }

*/
static const uint8_t fs_cloth_step_source_glsl300es[12636] = {
    0x23,0x76,0x65,0x72,0x73,0x69,0x6f,0x6e,0x20,0x33,0x30,0x30,0x20,0x65,0x73,0x0a,
    0x70,0x72,0x65,0x63,0x69,0x73,0x69,0x6f,0x6e,0x20,0x6d,0x65,0x64,0x69,0x75,0x6d,
    0x70,0x20,0x66,0x6c,0x6f,0x61,0x74,0x3b,0x0a,0x70,0x72,0x65,0x63,0x69,0x73,0x69,
    0x6f,0x6e,0x20,0x68,0x69,0x67,0x68,0x70,0x20,0x69,0x6e,0x74,0x3b,0x0a,0x0a,0x75,
    0x6e,0x69,0x66,0x6f,0x72,0x6d,0x20,0x68,0x69,0x67,0x68,0x70,0x20,0x76,0x65,0x63,
    0x34,0x20,0x63,0x6c,0x6f,0x74,0x68,0x5f,0x73,0x74,0x65,0x70,0x5f,0x70,0x61,0x72,
    0x61,0x6d,0x73,0x5b,0x38,0x5d,0x3b,0x0a,0x75,0x6e,0x69,0x66,0x6f,0x72,0x6d,0x20,
    0x68,0x69,0x67,0x68,0x70,0x20,0x73,0x61,0x6d,0x70,0x6c,0x65,0x72,0x32,0x44,0x20,
    0x70,0x69,0x6e,0x54,0x65,0x78,0x5f,0x70,0x69,0x6e,0x53,0x6d,0x70,0x3b,0x0a,0x75,
    0x6e,0x69,0x66,0x6f,0x72,0x6d,0x20,0x68,0x69,0x67,0x68,0x70,0x20,0x73,0x61,0x6d,
    0x70,0x6c,0x65,0x72,0x32,0x44,0x20,0x70,0x6f,0x73,0x69,0x74,0x69,0x6f,0x6e,0x54,
    0x65,0x78,0x5f,0x70,0x6f,0x73,0x69,0x74,0x69,0x6f,0x6e,0x53,0x6d,0x70,0x3b,0x0a,
    0x75,0x6e,0x69,0x66,0x6f,0x72,0x6d,0x20,0x68,0x69,0x67,0x68,0x70,0x20,0x73,0x61,
    0x6d,0x70,0x6c,0x65,0x72,0x32,0x44,0x20,0x70,0x72,0x65,0x76,0x69,0x6f,0x75,0x73,
    0x54,0x65,0x78,0x5f,0x70,0x72,0x65,0x76,0x69,0x6f,0x75,0x73,0x53,0x6d,0x70,0x3b,
    0x0a,0x0a,0x69,0x6e,0x20,0x68,0x69,0x67,0x68,0x70,0x20,0x76,0x65,0x63,0x32,0x20,
    0x75,0x76,0x3b,0x0a,0x6c,0x61,0x79,0x6f,0x75,0x74,0x28,0x6c,0x6f,0x63,0x61,0x74,
    0x69,0x6f,0x6e,0x20,0x3d,0x20,0x30,0x29,0x20,0x6f,0x75,0x74,0x20,0x68,0x69,0x67,
    0x68,0x70,0x20,0x76,0x65,0x63,0x34,0x20,0x66,0x72,0x61,0x67,0x5f,0x63,0x6f,0x6c,
    0x6f,0x72,0x3b,0x0a,0x0a,0x68,0x69,0x67,0x68,0x70,0x20,0x76,0x65,0x63,0x34,0x20,
    0x73,0x61,0x6d,0x70,0x6c,0x65,0x50,0x69,0x6e,0x28,0x68,0x69,0x67,0x68,0x70,0x20,
    0x76,0x65,0x63,0x32,0x20,0x74,0x63,0x29,0x0a,0x7b,0x0a,0x20,0x20,0x20,0x20,0x72,
    0x65,0x74,0x75,0x72,0x6e,0x20,0x74,0x65,0x78,0x74,0x75,0x72,0x65,0x28,0x70,0x69,
    0x6e,0x54,0x65,0x78,0x5f,0x70,0x69,0x6e,0x53,0x6d,0x70,0x2c,0x20,0x63,0x6c,0x61,
    0x6d,0x70,0x28,0x74,0x63,0x2c,0x20,0x76,0x65,0x63,0x32,0x28,0x30,0x2e,0x30,0x29,
    0x2c,0x20,0x76,0x65,0x63,0x32,0x28,0x31,0x2e,0x30,0x29,0x29,0x29,0x3b,0x0a,0x7d,
    0x0a,0x0a,0x68,0x69,0x67,0x68,0x70,0x20,0x76,0x65,0x63,0x33,0x20,0x72,0x65,0x73,
    0x74,0x50,0x6f,0x73,0x69,0x74,0x69,0x6f,0x6e,0x28,0x68,0x69,0x67,0x68,0x70,0x20,
    0x76,0x65,0x63,0x32,0x20,0x74,0x63,0x29,0x0a,0x7b,0x0a,0x20,0x20,0x20,0x20,0x68,
    0x69,0x67,0x68,0x70,0x20,0x76,0x65,0x63,0x32,0x20,0x5f,0x31,0x36,0x38,0x20,0x3d,
    0x20,0x63,0x6c,0x61,0x6d,0x70,0x28,0x28,0x28,0x74,0x63,0x20,0x2a,0x20,0x63,0x6c,
    0x6f,0x74,0x68,0x5f,0x73,0x74,0x65,0x70,0x5f,0x70,0x61,0x72,0x61,0x6d,0x73,0x5b,
    0x30,0x5d,0x2e,0x78,0x79,0x29,0x20,0x2d,0x20,0x76,0x65,0x63,0x32,0x28,0x30,0x2e,
    0x35,0x29,0x29,0x20,0x2f,0x20,0x6d,0x61,0x78,0x28,0x63,0x6c,0x6f,0x74,0x68,0x5f,
    0x73,0x74,0x65,0x70,0x5f,0x70,0x61,0x72,0x61,0x6d,0x73,0x5b,0x30,0x5d,0x2e,0x78,
    0x79,0x20,0x2d,0x20,0x76,0x65,0x63,0x32,0x28,0x31,0x2e,0x30,0x29,0x2c,0x20,0x76,
    0x65,0x63,0x32,0x28,0x31,0x2e,0x30,0x29,0x29,0x2c,0x20,0x76,0x65,0x63,0x32,0x28,
    0x30,0x2e,0x30,0x29,0x2c,0x20,0x76,0x65,0x63,0x32,0x28,0x31,0x2e,0x30,0x29,0x29,
    0x3b,0x0a,0x20,0x20,0x20,0x20,0x72,0x65,0x74,0x75,0x72,0x6e,0x20,0x76,0x65,0x63,
    0x33,0x28,0x63,0x6c,0x6f,0x74,0x68,0x5f,0x73,0x74,0x65,0x70,0x5f,0x70,0x61,0x72,
    0x61,0x6d,0x73,0x5b,0x33,0x5d,0x2e,0x78,0x20,0x2b,0x20,0x28,0x5f,0x31,0x36,0x38,
    0x2e,0x78,0x20,0x2a,0x20,0x63,0x6c,0x6f,0x74,0x68,0x5f,0x73,0x74,0x65,0x70,0x5f,
    0x70,0x61,0x72,0x61,0x6d,0x73,0x5b,0x33,0x5d,0x2e,0x7a,0x29,0x2c,0x20,0x63,0x6c,
    0x6f,0x74,0x68,0x5f,0x73,0x74,0x65,0x70,0x5f,0x70,0x61,0x72,0x61,0x6d,0x73,0x5b,
    0x33,0x5d,0x2e,0x79,0x20,0x2b,0x20,0x28,0x5f,0x31,0x36,0x38,0x2e,0x79,0x20,0x2a,
    0x20,0x63,0x6c,0x6f,0x74,0x68,0x5f,0x73,0x74,0x65,0x70,0x5f,0x70,0x61,0x72,0x61,
    0x6d,0x73,0x5b,0x33,0x5d,0x2e,0x77,0x29,0x2c,0x20,0x30,0x2e,0x30,0x29,0x3b,0x0a,
    0x7d,0x0a,0x0a,0x68,0x69,0x67,0x68,0x70,0x20,0x76,0x65,0x63,0x33,0x20,0x70,0x69,
    0x6e,0x6e,0x65,0x64,0x4f,0x72,0x52,0x65,0x73,0x74,0x28,0x68,0x69,0x67,0x68,0x70,
    0x20,0x76,0x65,0x63,0x32,0x20,0x74,0x63,0x2c,0x20,0x68,0x69,0x67,0x68,0x70,0x20,
    0x76,0x65,0x63,0x34,0x20,0x70,0x69,0x6e,0x29,0x0a,0x7b,0x0a,0x20,0x20,0x20,0x20,
    0x69,0x66,0x20,0x28,0x70,0x69,0x6e,0x2e,0x78,0x20,0x3e,0x20,0x30,0x2e,0x35,0x29,
    0x0a,0x20,0x20,0x20,0x20,0x7b,0x0a,0x20,0x20,0x20,0x20,0x20,0x20,0x20,0x20,0x72,
    0x65,0x74,0x75,0x72,0x6e,0x20,0x76,0x65,0x63,0x33,0x28,0x70,0x69,0x6e,0x2e,0x79,
    0x2c,0x20,0x70,0x69,0x6e,0x2e,0x7a,0x2c,0x20,0x70,0x69,0x6e,0x2e,0x77,0x29,0x3b,
    0x0a,0x20,0x20,0x20,0x20,0x7d,0x0a,0x20,0x20,0x20,0x20,0x68,0x69,0x67,0x68,0x70,
    0x20,0x76,0x65,0x63,0x32,0x20,0x70,0x61,0x72,0x61,0x6d,0x20,0x3d,0x20,0x74,0x63,
    0x3b,0x0a,0x20,0x20,0x20,0x20,0x72,0x65,0x74,0x75,0x72,0x6e,0x20,0x72,0x65,0x73,
    0x74,0x50,0x6f,0x73,0x69,0x74,0x69,0x6f,0x6e,0x28,0x70,0x61,0x72,0x61,0x6d,0x29,
    0x3b,0x0a,0x7d,0x0a,0x0a,0x68,0x69,0x67,0x68,0x70,0x20,0x76,0x65,0x63,0x33,0x20,
    0x73,0x61,0x6d,0x70,0x6c,0x65,0x50,0x6f,0x73,0x69,0x74,0x69,0x6f,0x6e,0x28,0x68,
    0x69,0x67,0x68,0x70,0x20,0x76,0x65,0x63,0x32,0x20,0x74,0x63,0x29,0x0a,0x7b,0x0a,
    0x20,0x20,0x20,0x20,0x72,0x65,0x74,0x75,0x72,0x6e,0x20,0x74,0x65,0x78,0x74,0x75,
    0x72,0x65,0x28,0x70,0x6f,0x73,0x69,0x74,0x69,0x6f,0x6e,0x54,0x65,0x78,0x5f,0x70,
    0x6f,0x73,0x69,0x74,0x69,0x6f,0x6e,0x53,0x6d,0x70,0x2c,0x20,0x63,0x6c,0x61,0x6d,
    0x70,0x28,0x74,0x63,0x2c,0x20,0x76,0x65,0x63,0x32,0x28,0x30,0x2e,0x30,0x29,0x2c,
    0x20,0x76,0x65,0x63,0x32,0x28,0x31,0x2e,0x30,0x29,0x29,0x29,0x2e,0x78,0x79,0x7a,
    0x3b,0x0a,0x7d,0x0a,0x0a,0x68,0x69,0x67,0x68,0x70,0x20,0x76,0x65,0x63,0x33,0x20,
    0x73,0x61,0x6d,0x70,0x6c,0x65,0x50,0x72,0x65,0x76,0x69,0x6f,0x75,0x73,0x28,0x68,
    0x69,0x67,0x68,0x70,0x20,0x76,0x65,0x63,0x32,0x20,0x74,0x63,0x29,0x0a,0x7b,0x0a,
    0x20,0x20,0x20,0x20,0x72,0x65,0x74,0x75,0x72,0x6e,0x20,0x74,0x65,0x78,0x74,0x75,
    0x72,0x65,0x28,0x70,0x72,0x65,0x76,0x69,0x6f,0x75,0x73,0x54,0x65,0x78,0x5f,0x70,
    0x72,0x65,0x76,0x69,0x6f,0x75,0x73,0x53,0x6d,0x70,0x2c,0x20,0x63,0x6c,0x61,0x6d,
    0x70,0x28,0x74,0x63,0x2c,0x20,0x76,0x65,0x63,0x32,0x28,0x30,0x2e,0x30,0x29,0x2c,
    0x20,0x76,0x65,0x63,0x32,0x28,0x31,0x2e,0x30,0x29,0x29,0x29,0x2e,0x78,0x79,0x7a,
    0x3b,0x0a,0x7d,0x0a,0x0a,0x68,0x69,0x67,0x68,0x70,0x20,0x76,0x65,0x63,0x33,0x20,
    0x63,0x6c,0x6f,0x74,0x68,0x4e,0x6f,0x72,0x6d,0x61,0x6c,0x28,0x29,0x0a,0x7b,0x0a,
    0x20,0x20,0x20,0x20,0x68,0x69,0x67,0x68,0x70,0x20,0x76,0x65,0x63,0x32,0x20,0x70,
    0x61,0x72,0x61,0x6d,0x20,0x3d,0x20,0x75,0x76,0x3b,0x0a,0x20,0x20,0x20,0x20,0x68,
    0x69,0x67,0x68,0x70,0x20,0x76,0x65,0x63,0x33,0x20,0x5f,0x32,0x31,0x36,0x20,0x3d,
    0x20,0x73,0x61,0x6d,0x70,0x6c,0x65,0x50,0x6f,0x73,0x69,0x74,0x69,0x6f,0x6e,0x28,
    0x70,0x61,0x72,0x61,0x6d,0x29,0x3b,0x0a,0x20,0x20,0x20,0x20,0x68,0x69,0x67,0x68,
    0x70,0x20,0x76,0x65,0x63,0x32,0x20,0x5f,0x32,0x32,0x31,0x20,0x3d,0x20,0x76,0x65,
    0x63,0x32,0x28,0x63,0x6c,0x6f,0x74,0x68,0x5f,0x73,0x74,0x65,0x70,0x5f,0x70,0x61,
    0x72,0x61,0x6d,0x73,0x5b,0x30,0x5d,0x2e,0x7a,0x2c,0x20,0x30,0x2e,0x30,0x29,0x3b,
    0x0a,0x20,0x20,0x20,0x20,0x68,0x69,0x67,0x68,0x70,0x20,0x76,0x65,0x63,0x32,0x20,
    0x70,0x61,0x72,0x61,0x6d,0x5f,0x31,0x20,0x3d,0x20,0x75,0x76,0x20,0x2b,0x20,0x5f,
    0x32,0x32,0x31,0x3b,0x0a,0x20,0x20,0x20,0x20,0x68,0x69,0x67,0x68,0x70,0x20,0x76,
    0x65,0x63,0x33,0x20,0x5f,0x32,0x32,0x34,0x20,0x3d,0x20,0x73,0x61,0x6d,0x70,0x6c,
    0x65,0x50,0x6f,0x73,0x69,0x74,0x69,0x6f,0x6e,0x28,0x70,0x61,0x72,0x61,0x6d,0x5f,
    0x31,0x29,0x3b,0x0a,0x20,0x20,0x20,0x20,0x68,0x69,0x67,0x68,0x70,0x20,0x76,0x65,
    0x63,0x32,0x20,0x70,0x61,0x72,0x61,0x6d,0x5f,0x32,0x20,0x3d,0x20,0x75,0x76,0x20,
    0x2d,0x20,0x5f,0x32,0x32,0x31,0x3b,0x0a,0x20,0x20,0x20,0x20,0x68,0x69,0x67,0x68,
    0x70,0x20,0x76,0x65,0x63,0x33,0x20,0x5f,0x32,0x33,0x32,0x20,0x3d,0x20,0x73,0x61,
    0x6d,0x70,0x6c,0x65,0x50,0x6f,0x73,0x69,0x74,0x69,0x6f,0x6e,0x28,0x70,0x61,0x72,
    0x61,0x6d,0x5f,0x32,0x29,0x3b,0x0a,0x20,0x20,0x20,0x20,0x68,0x69,0x67,0x68,0x70,
    0x20,0x76,0x65,0x63,0x32,0x20,0x5f,0x32,0x33,0x37,0x20,0x3d,0x20,0x76,0x65,0x63,
    0x32,0x28,0x30,0x2e,0x30,0x2c,0x20,0x63,0x6c,0x6f,0x74,0x68,0x5f,0x73,0x74,0x65,
    0x70,0x5f,0x70,0x61,0x72,0x61,0x6d,0x73,0x5b,0x30,0x5d,0x2e,0x77,0x29,0x3b,0x0a,
    0x20,0x20,0x20,0x20,0x68,0x69,0x67,0x68,0x70,0x20,0x76,0x65,0x63,0x32,0x20,0x70,
    0x61,0x72,0x61,0x6d,0x5f,0x33,0x20,0x3d,0x20,0x75,0x76,0x20,0x2d,0x20,0x5f,0x32,
    0x33,0x37,0x3b,0x0a,0x20,0x20,0x20,0x20,0x68,0x69,0x67,0x68,0x70,0x20,0x76,0x65,
    0x63,0x33,0x20,0x5f,0x32,0x34,0x30,0x20,0x3d,0x20,0x73,0x61,0x6d,0x70,0x6c,0x65,
    0x50,0x6f,0x73,0x69,0x74,0x69,0x6f,0x6e,0x28,0x70,0x61,0x72,0x61,0x6d,0x5f,0x33,
    0x29,0x3b,0x0a,0x20,0x20,0x20,0x20,0x68,0x69,0x67,0x68,0x70,0x20,0x76,0x65,0x63,
    0x32,0x20,0x70,0x61,0x72,0x61,0x6d,0x5f,0x34,0x20,0x3d,0x20,0x75,0x76,0x20,0x2b,
    0x20,0x5f,0x32,0x33,0x37,0x3b,0x0a,0x20,0x20,0x20,0x20,0x68,0x69,0x67,0x68,0x70,
    0x20,0x76,0x65,0x63,0x33,0x20,0x5f,0x32,0x34,0x38,0x20,0x3d,0x20,0x73,0x61,0x6d,
    0x70,0x6c,0x65,0x50,0x6f,0x73,0x69,0x74,0x69,0x6f,0x6e,0x28,0x70,0x61,0x72,0x61,
    0x6d,0x5f,0x34,0x29,0x3b,0x0a,0x20,0x20,0x20,0x20,0x68,0x69,0x67,0x68,0x70,0x20,
    0x76,0x65,0x63,0x33,0x20,0x5f,0x32,0x35,0x32,0x20,0x3d,0x20,0x5f,0x32,0x32,0x34,
    0x20,0x2d,0x20,0x5f,0x32,0x31,0x36,0x3b,0x0a,0x20,0x20,0x20,0x20,0x68,0x69,0x67,
    0x68,0x70,0x20,0x76,0x65,0x63,0x33,0x20,0x5f,0x32,0x35,0x35,0x20,0x3d,0x20,0x5f,
    0x32,0x34,0x30,0x20,0x2d,0x20,0x5f,0x32,0x31,0x36,0x3b,0x0a,0x20,0x20,0x20,0x20,
    0x68,0x69,0x67,0x68,0x70,0x20,0x76,0x65,0x63,0x33,0x20,0x5f,0x32,0x36,0x32,0x20,
    0x3d,0x20,0x5f,0x32,0x33,0x32,0x20,0x2d,0x20,0x5f,0x32,0x31,0x36,0x3b,0x0a,0x20,
    0x20,0x20,0x20,0x68,0x69,0x67,0x68,0x70,0x20,0x76,0x65,0x63,0x33,0x20,0x5f,0x32,
    0x37,0x30,0x20,0x3d,0x20,0x5f,0x32,0x34,0x38,0x20,0x2d,0x20,0x5f,0x32,0x31,0x36,
    0x3b,0x0a,0x20,0x20,0x20,0x20,0x68,0x69,0x67,0x68,0x70,0x20,0x76,0x65,0x63,0x33,
    0x20,0x5f,0x32,0x38,0x30,0x20,0x3d,0x20,0x28,0x28,0x63,0x72,0x6f,0x73,0x73,0x28,
    0x5f,0x32,0x35,0x32,0x2c,0x20,0x5f,0x32,0x35,0x35,0x29,0x20,0x2b,0x20,0x63,0x72,
    0x6f,0x73,0x73,0x28,0x5f,0x32,0x35,0x35,0x2c,0x20,0x5f,0x32,0x36,0x32,0x29,0x29,
    0x20,0x2b,0x20,0x63,0x72,0x6f,0x73,0x73,0x28,0x5f,0x32,0x36,0x32,0x2c,0x20,0x5f,
    0x32,0x37,0x30,0x29,0x29,0x20,0x2b,0x20,0x63,0x72,0x6f,0x73,0x73,0x28,0x5f,0x32,
    0x37,0x30,0x2c,0x20,0x5f,0x32,0x35,0x32,0x29,0x3b,0x0a,0x20,0x20,0x20,0x20,0x68,
    0x69,0x67,0x68,0x70,0x20,0x66,0x6c,0x6f,0x61,0x74,0x20,0x5f,0x32,0x38,0x33,0x20,
    0x3d,0x20,0x6c,0x65,0x6e,0x67,0x74,0x68,0x28,0x5f,0x32,0x38,0x30,0x29,0x3b,0x0a,
    0x20,0x20,0x20,0x20,0x69,0x66,0x20,0x28,0x5f,0x32,0x38,0x33,0x20,0x3c,0x20,0x39,
    0x2e,0x39,0x39,0x39,0x39,0x39,0x39,0x39,0x37,0x34,0x37,0x35,0x32,0x34,0x32,0x37,
    0x30,0x37,0x38,0x37,0x38,0x33,0x35,0x31,0x32,0x31,0x31,0x35,0x34,0x37,0x38,0x35,
    0x65,0x2d,0x30,0x37,0x29,0x0a,0x20,0x20,0x20,0x20,0x7b,0x0a,0x20,0x20,0x20,0x20,
    0x20,0x20,0x20,0x20,0x72,0x65,0x74,0x75,0x72,0x6e,0x20,0x76,0x65,0x63,0x33,0x28,
    0x30,0x2e,0x30,0x2c,0x20,0x30,0x2e,0x30,0x2c,0x20,0x31,0x2e,0x30,0x29,0x3b,0x0a,
    0x20,0x20,0x20,0x20,0x7d,0x0a,0x20,0x20,0x20,0x20,0x72,0x65,0x74,0x75,0x72,0x6e,
    0x20,0x5f,0x32,0x38,0x30,0x20,0x2f,0x20,0x76,0x65,0x63,0x33,0x28,0x5f,0x32,0x38,
    0x33,0x29,0x3b,0x0a,0x7d,0x0a,0x0a,0x68,0x69,0x67,0x68,0x70,0x20,0x76,0x65,0x63,
    0x32,0x20,0x67,0x72,0x69,0x64,0x43,0x6f,0x6f,0x72,0x64,0x28,0x29,0x0a,0x7b,0x0a,
    0x20,0x20,0x20,0x20,0x72,0x65,0x74,0x75,0x72,0x6e,0x20,0x66,0x6c,0x6f,0x6f,0x72,
    0x28,0x75,0x76,0x20,0x2a,0x20,0x63,0x6c,0x6f,0x74,0x68,0x5f,0x73,0x74,0x65,0x70,
    0x5f,0x70,0x61,0x72,0x61,0x6d,0x73,0x5b,0x30,0x5d,0x2e,0x78,0x79,0x29,0x3b,0x0a,
    0x7d,0x0a,0x0a,0x62,0x6f,0x6f,0x6c,0x20,0x76,0x61,0x6c,0x69,0x64,0x43,0x6f,0x6f,
    0x72,0x64,0x28,0x68,0x69,0x67,0x68,0x70,0x20,0x76,0x65,0x63,0x32,0x20,0x63,0x6f,
    0x6f,0x72,0x64,0x29,0x0a,0x7b,0x0a,0x20,0x20,0x20,0x20,0x62,0x6f,0x6f,0x6c,0x20,
    0x5f,0x37,0x38,0x20,0x3d,0x20,0x63,0x6f,0x6f,0x72,0x64,0x2e,0x78,0x20,0x3e,0x3d,
    0x20,0x30,0x2e,0x30,0x3b,0x0a,0x20,0x20,0x20,0x20,0x62,0x6f,0x6f,0x6c,0x20,0x5f,
    0x38,0x35,0x3b,0x0a,0x20,0x20,0x20,0x20,0x69,0x66,0x20,0x28,0x5f,0x37,0x38,0x29,
    0x0a,0x20,0x20,0x20,0x20,0x7b,0x0a,0x20,0x20,0x20,0x20,0x20,0x20,0x20,0x20,0x5f,
    0x38,0x35,0x20,0x3d,0x20,0x63,0x6f,0x6f,0x72,0x64,0x2e,0x79,0x20,0x3e,0x3d,0x20,
    0x30,0x2e,0x30,0x3b,0x0a,0x20,0x20,0x20,0x20,0x7d,0x0a,0x20,0x20,0x20,0x20,0x65,
    0x6c,0x73,0x65,0x0a,0x20,0x20,0x20,0x20,0x7b,0x0a,0x20,0x20,0x20,0x20,0x20,0x20,
    0x20,0x20,0x5f,0x38,0x35,0x20,0x3d,0x20,0x5f,0x37,0x38,0x3b,0x0a,0x20,0x20,0x20,
    0x20,0x7d,0x0a,0x20,0x20,0x20,0x20,0x62,0x6f,0x6f,0x6c,0x20,0x5f,0x39,0x34,0x3b,
    0x0a,0x20,0x20,0x20,0x20,0x69,0x66,0x20,0x28,0x5f,0x38,0x35,0x29,0x0a,0x20,0x20,
    0x20,0x20,0x7b,0x0a,0x20,0x20,0x20,0x20,0x20,0x20,0x20,0x20,0x5f,0x39,0x34,0x20,
    0x3d,0x20,0x63,0x6f,0x6f,0x72,0x64,0x2e,0x78,0x20,0x3c,0x20,0x63,0x6c,0x6f,0x74,
    0x68,0x5f,0x73,0x74,0x65,0x70,0x5f,0x70,0x61,0x72,0x61,0x6d,0x73,0x5b,0x30,0x5d,
    0x2e,0x78,0x3b,0x0a,0x20,0x20,0x20,0x20,0x7d,0x0a,0x20,0x20,0x20,0x20,0x65,0x6c,
    0x73,0x65,0x0a,0x20,0x20,0x20,0x20,0x7b,0x0a,0x20,0x20,0x20,0x20,0x20,0x20,0x20,
    0x20,0x5f,0x39,0x34,0x20,0x3d,0x20,0x5f,0x38,0x35,0x3b,0x0a,0x20,0x20,0x20,0x20,
    0x7d,0x0a,0x20,0x20,0x20,0x20,0x62,0x6f,0x6f,0x6c,0x20,0x5f,0x31,0x30,0x32,0x3b,
    0x0a,0x20,0x20,0x20,0x20,0x69,0x66,0x20,0x28,0x5f,0x39,0x34,0x29,0x0a,0x20,0x20,
    0x20,0x20,0x7b,0x0a,0x20,0x20,0x20,0x20,0x20,0x20,0x20,0x20,0x5f,0x31,0x30,0x32,
    0x20,0x3d,0x20,0x63,0x6f,0x6f,0x72,0x64,0x2e,0x79,0x20,0x3c,0x20,0x63,0x6c,0x6f,
    0x74,0x68,0x5f,0x73,0x74,0x65,0x70,0x5f,0x70,0x61,0x72,0x61,0x6d,0x73,0x5b,0x30,
    0x5d,0x2e,0x79,0x3b,0x0a,0x20,0x20,0x20,0x20,0x7d,0x0a,0x20,0x20,0x20,0x20,0x65,
    0x6c,0x73,0x65,0x0a,0x20,0x20,0x20,0x20,0x7b,0x0a,0x20,0x20,0x20,0x20,0x20,0x20,
    0x20,0x20,0x5f,0x31,0x30,0x32,0x20,0x3d,0x20,0x5f,0x39,0x34,0x3b,0x0a,0x20,0x20,
    0x20,0x20,0x7d,0x0a,0x20,0x20,0x20,0x20,0x72,0x65,0x74,0x75,0x72,0x6e,0x20,0x5f,
    0x31,0x30,0x32,0x3b,0x0a,0x7d,0x0a,0x0a,0x68,0x69,0x67,0x68,0x70,0x20,0x76,0x65,
    0x63,0x32,0x20,0x63,0x6f,0x6f,0x72,0x64,0x55,0x76,0x28,0x68,0x69,0x67,0x68,0x70,
    0x20,0x76,0x65,0x63,0x32,0x20,0x63,0x6f,0x6f,0x72,0x64,0x29,0x0a,0x7b,0x0a,0x20,
    0x20,0x20,0x20,0x72,0x65,0x74,0x75,0x72,0x6e,0x20,0x28,0x63,0x6f,0x6f,0x72,0x64,
    0x20,0x2b,0x20,0x76,0x65,0x63,0x32,0x28,0x30,0x2e,0x35,0x29,0x29,0x20,0x2f,0x20,
    0x63,0x6c,0x6f,0x74,0x68,0x5f,0x73,0x74,0x65,0x70,0x5f,0x70,0x61,0x72,0x61,0x6d,
    0x73,0x5b,0x30,0x5d,0x2e,0x78,0x79,0x3b,0x0a,0x7d,0x0a,0x0a,0x76,0x6f,0x69,0x64,
    0x20,0x61,0x70,0x70,0x6c,0x79,0x4e,0x65,0x69,0x67,0x68,0x62,0x6f,0x72,0x28,0x69,
    0x6e,0x6f,0x75,0x74,0x20,0x68,0x69,0x67,0x68,0x70,0x20,0x76,0x65,0x63,0x33,0x20,
    0x63,0x6f,0x72,0x72,0x65,0x63,0x74,0x69,0x6f,0x6e,0x2c,0x20,0x68,0x69,0x67,0x68,
    0x70,0x20,0x76,0x65,0x63,0x33,0x20,0x70,0x6f,0x73,0x2c,0x20,0x68,0x69,0x67,0x68,
    0x70,0x20,0x76,0x65,0x63,0x32,0x20,0x63,0x6f,0x6f,0x72,0x64,0x2c,0x20,0x68,0x69,
    0x67,0x68,0x70,0x20,0x76,0x65,0x63,0x32,0x20,0x6f,0x66,0x66,0x73,0x65,0x74,0x2c,
    0x20,0x68,0x69,0x67,0x68,0x70,0x20,0x66,0x6c,0x6f,0x61,0x74,0x20,0x72,0x65,0x73,
    0x74,0x4c,0x65,0x6e,0x2c,0x20,0x68,0x69,0x67,0x68,0x70,0x20,0x66,0x6c,0x6f,0x61,
    0x74,0x20,0x6b,0x29,0x0a,0x7b,0x0a,0x20,0x20,0x20,0x20,0x68,0x69,0x67,0x68,0x70,
    0x20,0x76,0x65,0x63,0x32,0x20,0x5f,0x33,0x30,0x30,0x20,0x3d,0x20,0x63,0x6f,0x6f,
    0x72,0x64,0x20,0x2b,0x20,0x6f,0x66,0x66,0x73,0x65,0x74,0x3b,0x0a,0x20,0x20,0x20,
    0x20,0x68,0x69,0x67,0x68,0x70,0x20,0x76,0x65,0x63,0x32,0x20,0x70,0x61,0x72,0x61,
    0x6d,0x20,0x3d,0x20,0x5f,0x33,0x30,0x30,0x3b,0x0a,0x20,0x20,0x20,0x20,0x69,0x66,
    0x20,0x28,0x28,0x21,0x76,0x61,0x6c,0x69,0x64,0x43,0x6f,0x6f,0x72,0x64,0x28,0x70,
    0x61,0x72,0x61,0x6d,0x29,0x29,0x20,0x7c,0x7c,0x20,0x28,0x6b,0x20,0x3c,0x3d,0x20,
    0x30,0x2e,0x30,0x29,0x29,0x0a,0x20,0x20,0x20,0x20,0x7b,0x0a,0x20,0x20,0x20,0x20,
    0x20,0x20,0x20,0x20,0x72,0x65,0x74,0x75,0x72,0x6e,0x3b,0x0a,0x20,0x20,0x20,0x20,
    0x7d,0x0a,0x20,0x20,0x20,0x20,0x68,0x69,0x67,0x68,0x70,0x20,0x76,0x65,0x63,0x32,
    0x20,0x70,0x61,0x72,0x61,0x6d,0x5f,0x31,0x20,0x3d,0x20,0x5f,0x33,0x30,0x30,0x3b,
    0x0a,0x20,0x20,0x20,0x20,0x68,0x69,0x67,0x68,0x70,0x20,0x76,0x65,0x63,0x32,0x20,
    0x70,0x61,0x72,0x61,0x6d,0x5f,0x32,0x20,0x3d,0x20,0x63,0x6f,0x6f,0x72,0x64,0x55,
    0x76,0x28,0x70,0x61,0x72,0x61,0x6d,0x5f,0x31,0x29,0x3b,0x0a,0x20,0x20,0x20,0x20,
    0x68,0x69,0x67,0x68,0x70,0x20,0x76,0x65,0x63,0x33,0x20,0x5f,0x33,0x31,0x36,0x20,
    0x3d,0x20,0x73,0x61,0x6d,0x70,0x6c,0x65,0x50,0x6f,0x73,0x69,0x74,0x69,0x6f,0x6e,
    0x28,0x70,0x61,0x72,0x61,0x6d,0x5f,0x32,0x29,0x3b,0x0a,0x20,0x20,0x20,0x20,0x68,
    0x69,0x67,0x68,0x70,0x20,0x76,0x65,0x63,0x33,0x20,0x5f,0x33,0x32,0x30,0x20,0x3d,
    0x20,0x5f,0x33,0x31,0x36,0x20,0x2d,0x20,0x70,0x6f,0x73,0x3b,0x0a,0x20,0x20,0x20,
    0x20,0x68,0x69,0x67,0x68,0x70,0x20,0x66,0x6c,0x6f,0x61,0x74,0x20,0x5f,0x33,0x32,
    0x33,0x20,0x3d,0x20,0x6c,0x65,0x6e,0x67,0x74,0x68,0x28,0x5f,0x33,0x32,0x30,0x29,
    0x3b,0x0a,0x20,0x20,0x20,0x20,0x69,0x66,0x20,0x28,0x5f,0x33,0x32,0x33,0x20,0x3c,
    0x3d,0x20,0x39,0x2e,0x39,0x39,0x39,0x39,0x39,0x39,0x39,0x37,0x34,0x37,0x35,0x32,
    0x34,0x32,0x37,0x30,0x37,0x38,0x37,0x38,0x33,0x35,0x31,0x32,0x31,0x31,0x35,0x34,
    0x37,0x38,0x35,0x65,0x2d,0x30,0x37,0x29,0x0a,0x20,0x20,0x20,0x20,0x7b,0x0a,0x20,
    0x20,0x20,0x20,0x20,0x20,0x20,0x20,0x72,0x65,0x74,0x75,0x72,0x6e,0x3b,0x0a,0x20,
    0x20,0x20,0x20,0x7d,0x0a,0x20,0x20,0x20,0x20,0x63,0x6f,0x72,0x72,0x65,0x63,0x74,
    0x69,0x6f,0x6e,0x20,0x2b,0x3d,0x20,0x28,0x28,0x5f,0x33,0x32,0x30,0x20,0x2a,0x20,
    0x28,0x28,0x5f,0x33,0x32,0x33,0x20,0x2d,0x20,0x72,0x65,0x73,0x74,0x4c,0x65,0x6e,
    0x29,0x20,0x2f,0x20,0x5f,0x33,0x32,0x33,0x29,0x29,0x20,0x2a,0x20,0x28,0x30,0x2e,
    0x35,0x20,0x2a,0x20,0x6b,0x29,0x29,0x3b,0x0a,0x7d,0x0a,0x0a,0x76,0x6f,0x69,0x64,
    0x20,0x6d,0x61,0x69,0x6e,0x28,0x29,0x0a,0x7b,0x0a,0x20,0x20,0x20,0x20,0x69,0x6e,
    0x74,0x20,0x5f,0x33,0x34,0x37,0x20,0x3d,0x20,0x69,0x6e,0x74,0x28,0x63,0x6c,0x6f,
    0x74,0x68,0x5f,0x73,0x74,0x65,0x70,0x5f,0x70,0x61,0x72,0x61,0x6d,0x73,0x5b,0x31,
    0x5d,0x2e,0x77,0x20,0x2b,0x20,0x30,0x2e,0x35,0x29,0x3b,0x0a,0x20,0x20,0x20,0x20,
    0x68,0x69,0x67,0x68,0x70,0x20,0x76,0x65,0x63,0x32,0x20,0x70,0x61,0x72,0x61,0x6d,
    0x20,0x3d,0x20,0x75,0x76,0x3b,0x0a,0x20,0x20,0x20,0x20,0x68,0x69,0x67,0x68,0x70,
    0x20,0x76,0x65,0x63,0x34,0x20,0x5f,0x33,0x35,0x31,0x20,0x3d,0x20,0x73,0x61,0x6d,
    0x70,0x6c,0x65,0x50,0x69,0x6e,0x28,0x70,0x61,0x72,0x61,0x6d,0x29,0x3b,0x0a,0x20,
    0x20,0x20,0x20,0x69,0x66,0x20,0x28,0x5f,0x33,0x34,0x37,0x20,0x3d,0x3d,0x20,0x30,
    0x29,0x0a,0x20,0x20,0x20,0x20,0x7b,0x0a,0x20,0x20,0x20,0x20,0x20,0x20,0x20,0x20,
    0x68,0x69,0x67,0x68,0x70,0x20,0x76,0x65,0x63,0x32,0x20,0x70,0x61,0x72,0x61,0x6d,
    0x5f,0x31,0x20,0x3d,0x20,0x75,0x76,0x3b,0x0a,0x20,0x20,0x20,0x20,0x20,0x20,0x20,
    0x20,0x68,0x69,0x67,0x68,0x70,0x20,0x76,0x65,0x63,0x34,0x20,0x70,0x61,0x72,0x61,
    0x6d,0x5f,0x32,0x20,0x3d,0x20,0x5f,0x33,0x35,0x31,0x3b,0x0a,0x20,0x20,0x20,0x20,
    0x20,0x20,0x20,0x20,0x66,0x72,0x61,0x67,0x5f,0x63,0x6f,0x6c,0x6f,0x72,0x20,0x3d,
    0x20,0x76,0x65,0x63,0x34,0x28,0x70,0x69,0x6e,0x6e,0x65,0x64,0x4f,0x72,0x52,0x65,
    0x73,0x74,0x28,0x70,0x61,0x72,0x61,0x6d,0x5f,0x31,0x2c,0x20,0x70,0x61,0x72,0x61,
    0x6d,0x5f,0x32,0x29,0x2c,0x20,0x5f,0x33,0x35,0x31,0x2e,0x78,0x29,0x3b,0x0a,0x20,
    0x20,0x20,0x20,0x20,0x20,0x20,0x20,0x72,0x65,0x74,0x75,0x72,0x6e,0x3b,0x0a,0x20,
    0x20,0x20,0x20,0x7d,0x0a,0x20,0x20,0x20,0x20,0x68,0x69,0x67,0x68,0x70,0x20,0x76,
    0x65,0x63,0x32,0x20,0x70,0x61,0x72,0x61,0x6d,0x5f,0x33,0x20,0x3d,0x20,0x75,0x76,
    0x3b,0x0a,0x20,0x20,0x20,0x20,0x68,0x69,0x67,0x68,0x70,0x20,0x76,0x65,0x63,0x33,
    0x20,0x70,0x6f,0x73,0x20,0x3d,0x20,0x73,0x61,0x6d,0x70,0x6c,0x65,0x50,0x6f,0x73,
    0x69,0x74,0x69,0x6f,0x6e,0x28,0x70,0x61,0x72,0x61,0x6d,0x5f,0x33,0x29,0x3b,0x0a,
    0x20,0x20,0x20,0x20,0x68,0x69,0x67,0x68,0x70,0x20,0x66,0x6c,0x6f,0x61,0x74,0x20,
    0x5f,0x33,0x37,0x39,0x20,0x3d,0x20,0x5f,0x33,0x35,0x31,0x2e,0x78,0x3b,0x0a,0x20,
    0x20,0x20,0x20,0x69,0x66,0x20,0x28,0x5f,0x33,0x37,0x39,0x20,0x3e,0x20,0x30,0x2e,
    0x35,0x29,0x0a,0x20,0x20,0x20,0x20,0x7b,0x0a,0x20,0x20,0x20,0x20,0x20,0x20,0x20,
    0x20,0x66,0x72,0x61,0x67,0x5f,0x63,0x6f,0x6c,0x6f,0x72,0x20,0x3d,0x20,0x76,0x65,
    0x63,0x34,0x28,0x5f,0x33,0x35,0x31,0x2e,0x79,0x7a,0x77,0x2c,0x20,0x5f,0x33,0x37,
    0x39,0x29,0x3b,0x0a,0x20,0x20,0x20,0x20,0x20,0x20,0x20,0x20,0x72,0x65,0x74,0x75,
    0x72,0x6e,0x3b,0x0a,0x20,0x20,0x20,0x20,0x7d,0x0a,0x20,0x20,0x20,0x20,0x69,0x66,
    0x20,0x28,0x5f,0x33,0x34,0x37,0x20,0x3d,0x3d,0x20,0x34,0x29,0x0a,0x20,0x20,0x20,
    0x20,0x7b,0x0a,0x20,0x20,0x20,0x20,0x20,0x20,0x20,0x20,0x66,0x72,0x61,0x67,0x5f,
    0x63,0x6f,0x6c,0x6f,0x72,0x20,0x3d,0x20,0x76,0x65,0x63,0x34,0x28,0x70,0x6f,0x73,
    0x2c,0x20,0x5f,0x33,0x37,0x39,0x29,0x3b,0x0a,0x20,0x20,0x20,0x20,0x20,0x20,0x20,
    0x20,0x72,0x65,0x74,0x75,0x72,0x6e,0x3b,0x0a,0x20,0x20,0x20,0x20,0x7d,0x0a,0x20,
    0x20,0x20,0x20,0x69,0x66,0x20,0x28,0x5f,0x33,0x34,0x37,0x20,0x3d,0x3d,0x20,0x31,
    0x29,0x0a,0x20,0x20,0x20,0x20,0x7b,0x0a,0x20,0x20,0x20,0x20,0x20,0x20,0x20,0x20,
    0x68,0x69,0x67,0x68,0x70,0x20,0x76,0x65,0x63,0x32,0x20,0x70,0x61,0x72,0x61,0x6d,
    0x5f,0x34,0x20,0x3d,0x20,0x75,0x76,0x3b,0x0a,0x20,0x20,0x20,0x20,0x20,0x20,0x20,
    0x20,0x68,0x69,0x67,0x68,0x70,0x20,0x76,0x65,0x63,0x33,0x20,0x5f,0x34,0x31,0x37,
    0x20,0x3d,0x20,0x73,0x61,0x6d,0x70,0x6c,0x65,0x50,0x72,0x65,0x76,0x69,0x6f,0x75,
    0x73,0x28,0x70,0x61,0x72,0x61,0x6d,0x5f,0x34,0x29,0x3b,0x0a,0x20,0x20,0x20,0x20,
    0x20,0x20,0x20,0x20,0x68,0x69,0x67,0x68,0x70,0x20,0x76,0x65,0x63,0x33,0x20,0x61,
    0x63,0x63,0x65,0x6c,0x20,0x3d,0x20,0x63,0x6c,0x6f,0x74,0x68,0x5f,0x73,0x74,0x65,
    0x70,0x5f,0x70,0x61,0x72,0x61,0x6d,0x73,0x5b,0x34,0x5d,0x2e,0x78,0x79,0x7a,0x3b,
    0x0a,0x20,0x20,0x20,0x20,0x20,0x20,0x20,0x20,0x62,0x6f,0x6f,0x6c,0x20,0x5f,0x34,
    0x32,0x35,0x20,0x3d,0x20,0x63,0x6c,0x6f,0x74,0x68,0x5f,0x73,0x74,0x65,0x70,0x5f,
    0x70,0x61,0x72,0x61,0x6d,0x73,0x5b,0x37,0x5d,0x2e,0x7a,0x20,0x3e,0x20,0x30,0x2e,
    0x35,0x3b,0x0a,0x20,0x20,0x20,0x20,0x20,0x20,0x20,0x20,0x62,0x6f,0x6f,0x6c,0x20,
    0x5f,0x34,0x33,0x32,0x3b,0x0a,0x20,0x20,0x20,0x20,0x20,0x20,0x20,0x20,0x69,0x66,
    0x20,0x28,0x5f,0x34,0x32,0x35,0x29,0x0a,0x20,0x20,0x20,0x20,0x20,0x20,0x20,0x20,
    0x7b,0x0a,0x20,0x20,0x20,0x20,0x20,0x20,0x20,0x20,0x20,0x20,0x20,0x20,0x5f,0x34,
    0x33,0x32,0x20,0x3d,0x20,0x63,0x6c,0x6f,0x74,0x68,0x5f,0x73,0x74,0x65,0x70,0x5f,
    0x70,0x61,0x72,0x61,0x6d,0x73,0x5b,0x32,0x5d,0x2e,0x77,0x20,0x3e,0x20,0x30,0x2e,
    0x30,0x3b,0x0a,0x20,0x20,0x20,0x20,0x20,0x20,0x20,0x20,0x7d,0x0a,0x20,0x20,0x20,
    0x20,0x20,0x20,0x20,0x20,0x65,0x6c,0x73,0x65,0x0a,0x20,0x20,0x20,0x20,0x20,0x20,
    0x20,0x20,0x7b,0x0a,0x20,0x20,0x20,0x20,0x20,0x20,0x20,0x20,0x20,0x20,0x20,0x20,
    0x5f,0x34,0x33,0x32,0x20,0x3d,0x20,0x5f,0x34,0x32,0x35,0x3b,0x0a,0x20,0x20,0x20,
    0x20,0x20,0x20,0x20,0x20,0x7d,0x0a,0x20,0x20,0x20,0x20,0x20,0x20,0x20,0x20,0x69,
    0x66,0x20,0x28,0x5f,0x34,0x33,0x32,0x29,0x0a,0x20,0x20,0x20,0x20,0x20,0x20,0x20,
    0x20,0x7b,0x0a,0x20,0x20,0x20,0x20,0x20,0x20,0x20,0x20,0x20,0x20,0x20,0x20,0x68,
    0x69,0x67,0x68,0x70,0x20,0x76,0x65,0x63,0x33,0x20,0x5f,0x34,0x33,0x36,0x20,0x3d,
    0x20,0x63,0x6c,0x6f,0x74,0x68,0x4e,0x6f,0x72,0x6d,0x61,0x6c,0x28,0x29,0x3b,0x0a,
    0x20,0x20,0x20,0x20,0x20,0x20,0x20,0x20,0x20,0x20,0x20,0x20,0x61,0x63,0x63,0x65,
    0x6c,0x20,0x2b,0x3d,0x20,0x28,0x28,0x28,0x28,0x5f,0x34,0x33,0x36,0x20,0x2a,0x20,
    0x64,0x6f,0x74,0x28,0x5f,0x34,0x33,0x36,0x2c,0x20,0x6e,0x6f,0x72,0x6d,0x61,0x6c,
    0x69,0x7a,0x65,0x28,0x63,0x6c,0x6f,0x74,0x68,0x5f,0x73,0x74,0x65,0x70,0x5f,0x70,
    0x61,0x72,0x61,0x6d,0x73,0x5b,0x32,0x5d,0x2e,0x78,0x79,0x7a,0x29,0x29,0x29,0x20,
    0x2a,0x20,0x63,0x6c,0x6f,0x74,0x68,0x5f,0x73,0x74,0x65,0x70,0x5f,0x70,0x61,0x72,
    0x61,0x6d,0x73,0x5b,0x32,0x5d,0x2e,0x77,0x29,0x20,0x2a,0x20,0x28,0x38,0x35,0x2e,
    0x30,0x20,0x2b,0x20,0x28,0x73,0x69,0x6e,0x28,0x28,0x28,0x63,0x6c,0x6f,0x74,0x68,
    0x5f,0x73,0x74,0x65,0x70,0x5f,0x70,0x61,0x72,0x61,0x6d,0x73,0x5b,0x31,0x5d,0x2e,
    0x7a,0x20,0x2a,0x20,0x28,0x31,0x2e,0x37,0x39,0x39,0x39,0x39,0x39,0x39,0x35,0x32,
    0x33,0x31,0x36,0x32,0x38,0x34,0x31,0x37,0x39,0x36,0x38,0x37,0x35,0x20,0x2b,0x20,
    0x28,0x63,0x6c,0x6f,0x74,0x68,0x5f,0x73,0x74,0x65,0x70,0x5f,0x70,0x61,0x72,0x61,
    0x6d,0x73,0x5b,0x32,0x5d,0x2e,0x77,0x20,0x2a,0x20,0x30,0x2e,0x30,0x33,0x39,0x39,
    0x39,0x39,0x39,0x39,0x39,0x31,0x30,0x35,0x39,0x33,0x30,0x33,0x32,0x38,0x33,0x36,
    0x39,0x31,0x34,0x30,0x36,0x32,0x35,0x29,0x29,0x29,0x20,0x2b,0x20,0x28,0x75,0x76,
    0x2e,0x78,0x20,0x2a,0x20,0x31,0x30,0x2e,0x30,0x29,0x29,0x20,0x2b,0x20,0x28,0x75,
    0x76,0x2e,0x79,0x20,0x2a,0x20,0x36,0x2e,0x30,0x29,0x29,0x20,0x2a,0x20,0x31,0x32,
    0x2e,0x32,0x35,0x29,0x29,0x29,0x20,0x2a,0x20,0x73,0x6d,0x6f,0x6f,0x74,0x68,0x73,
    0x74,0x65,0x70,0x28,0x30,0x2e,0x30,0x35,0x30,0x30,0x30,0x30,0x30,0x30,0x30,0x37,
    0x34,0x35,0x30,0x35,0x38,0x30,0x35,0x39,0x36,0x39,0x32,0x33,0x38,0x32,0x38,0x31,
    0x32,0x35,0x2c,0x20,0x30,0x2e,0x38,0x37,0x39,0x39,0x39,0x39,0x39,0x39,0x35,0x32,
    0x33,0x31,0x36,0x32,0x38,0x34,0x31,0x37,0x39,0x36,0x38,0x37,0x35,0x2c,0x20,0x75,
    0x76,0x2e,0x79,0x29,0x29,0x3b,0x0a,0x20,0x20,0x20,0x20,0x20,0x20,0x20,0x20,0x7d,
    0x0a,0x20,0x20,0x20,0x20,0x20,0x20,0x20,0x20,0x66,0x72,0x61,0x67,0x5f,0x63,0x6f,
    0x6c,0x6f,0x72,0x20,0x3d,0x20,0x76,0x65,0x63,0x34,0x28,0x28,0x70,0x6f,0x73,0x20,
    0x2b,0x20,0x28,0x28,0x70,0x6f,0x73,0x20,0x2d,0x20,0x5f,0x34,0x31,0x37,0x29,0x20,
    0x2a,0x20,0x63,0x6c,0x6f,0x74,0x68,0x5f,0x73,0x74,0x65,0x70,0x5f,0x70,0x61,0x72,
    0x61,0x6d,0x73,0x5b,0x31,0x5d,0x2e,0x79,0x29,0x29,0x20,0x2b,0x20,0x28,0x28,0x61,
    0x63,0x63,0x65,0x6c,0x20,0x2a,0x20,0x63,0x6c,0x6f,0x74,0x68,0x5f,0x73,0x74,0x65,
    0x70,0x5f,0x70,0x61,0x72,0x61,0x6d,0x73,0x5b,0x31,0x5d,0x2e,0x78,0x29,0x20,0x2a,
    0x20,0x63,0x6c,0x6f,0x74,0x68,0x5f,0x73,0x74,0x65,0x70,0x5f,0x70,0x61,0x72,0x61,
    0x6d,0x73,0x5b,0x31,0x5d,0x2e,0x78,0x29,0x2c,0x20,0x5f,0x33,0x37,0x39,0x29,0x3b,
    0x0a,0x20,0x20,0x20,0x20,0x20,0x20,0x20,0x20,0x72,0x65,0x74,0x75,0x72,0x6e,0x3b,
    0x0a,0x20,0x20,0x20,0x20,0x7d,0x0a,0x20,0x20,0x20,0x20,0x69,0x66,0x20,0x28,0x5f,
    0x33,0x34,0x37,0x20,0x3d,0x3d,0x20,0x32,0x29,0x0a,0x20,0x20,0x20,0x20,0x7b,0x0a,
    0x20,0x20,0x20,0x20,0x20,0x20,0x20,0x20,0x68,0x69,0x67,0x68,0x70,0x20,0x76,0x65,
    0x63,0x32,0x20,0x5f,0x35,0x32,0x32,0x20,0x3d,0x20,0x67,0x72,0x69,0x64,0x43,0x6f,
    0x6f,0x72,0x64,0x28,0x29,0x3b,0x0a,0x20,0x20,0x20,0x20,0x20,0x20,0x20,0x20,0x68,
    0x69,0x67,0x68,0x70,0x20,0x66,0x6c,0x6f,0x61,0x74,0x20,0x5f,0x35,0x33,0x30,0x20,
    0x3d,0x20,0x63,0x6c,0x6f,0x74,0x68,0x5f,0x73,0x74,0x65,0x70,0x5f,0x70,0x61,0x72,
    0x61,0x6d,0x73,0x5b,0x33,0x5d,0x2e,0x7a,0x20,0x2f,0x20,0x6d,0x61,0x78,0x28,0x63,
    0x6c,0x6f,0x74,0x68,0x5f,0x73,0x74,0x65,0x70,0x5f,0x70,0x61,0x72,0x61,0x6d,0x73,
    0x5b,0x30,0x5d,0x2e,0x78,0x20,0x2d,0x20,0x31,0x2e,0x30,0x2c,0x20,0x31,0x2e,0x30,
    0x29,0x3b,0x0a,0x20,0x20,0x20,0x20,0x20,0x20,0x20,0x20,0x68,0x69,0x67,0x68,0x70,
    0x20,0x66,0x6c,0x6f,0x61,0x74,0x20,0x5f,0x35,0x33,0x38,0x20,0x3d,0x20,0x63,0x6c,
    0x6f,0x74,0x68,0x5f,0x73,0x74,0x65,0x70,0x5f,0x70,0x61,0x72,0x61,0x6d,0x73,0x5b,
    0x33,0x5d,0x2e,0x77,0x20,0x2f,0x20,0x6d,0x61,0x78,0x28,0x63,0x6c,0x6f,0x74,0x68,
    0x5f,0x73,0x74,0x65,0x70,0x5f,0x70,0x61,0x72,0x61,0x6d,0x73,0x5b,0x30,0x5d,0x2e,
    0x79,0x20,0x2d,0x20,0x31,0x2e,0x30,0x2c,0x20,0x31,0x2e,0x30,0x29,0x3b,0x0a,0x20,
    0x20,0x20,0x20,0x20,0x20,0x20,0x20,0x68,0x69,0x67,0x68,0x70,0x20,0x66,0x6c,0x6f,
    0x61,0x74,0x20,0x5f,0x35,0x34,0x33,0x20,0x3d,0x20,0x6c,0x65,0x6e,0x67,0x74,0x68,
    0x28,0x76,0x65,0x63,0x32,0x28,0x5f,0x35,0x33,0x30,0x2c,0x20,0x5f,0x35,0x33,0x38,
    0x29,0x29,0x3b,0x0a,0x20,0x20,0x20,0x20,0x20,0x20,0x20,0x20,0x68,0x69,0x67,0x68,
    0x70,0x20,0x76,0x65,0x63,0x33,0x20,0x63,0x6f,0x72,0x72,0x65,0x63,0x74,0x69,0x6f,
    0x6e,0x20,0x3d,0x20,0x76,0x65,0x63,0x33,0x28,0x30,0x2e,0x30,0x29,0x3b,0x0a,0x20,
    0x20,0x20,0x20,0x20,0x20,0x20,0x20,0x68,0x69,0x67,0x68,0x70,0x20,0x76,0x65,0x63,
    0x33,0x20,0x70,0x61,0x72,0x61,0x6d,0x5f,0x35,0x20,0x3d,0x20,0x76,0x65,0x63,0x33,
    0x28,0x30,0x2e,0x30,0x29,0x3b,0x0a,0x20,0x20,0x20,0x20,0x20,0x20,0x20,0x20,0x68,
    0x69,0x67,0x68,0x70,0x20,0x76,0x65,0x63,0x33,0x20,0x70,0x61,0x72,0x61,0x6d,0x5f,
    0x36,0x20,0x3d,0x20,0x70,0x6f,0x73,0x3b,0x0a,0x20,0x20,0x20,0x20,0x20,0x20,0x20,
    0x20,0x68,0x69,0x67,0x68,0x70,0x20,0x76,0x65,0x63,0x32,0x20,0x70,0x61,0x72,0x61,
    0x6d,0x5f,0x37,0x20,0x3d,0x20,0x5f,0x35,0x32,0x32,0x3b,0x0a,0x20,0x20,0x20,0x20,
    0x20,0x20,0x20,0x20,0x68,0x69,0x67,0x68,0x70,0x20,0x76,0x65,0x63,0x32,0x20,0x70,
    0x61,0x72,0x61,0x6d,0x5f,0x38,0x20,0x3d,0x20,0x76,0x65,0x63,0x32,0x28,0x2d,0x31,
    0x2e,0x30,0x2c,0x20,0x30,0x2e,0x30,0x29,0x3b,0x0a,0x20,0x20,0x20,0x20,0x20,0x20,
    0x20,0x20,0x68,0x69,0x67,0x68,0x70,0x20,0x66,0x6c,0x6f,0x61,0x74,0x20,0x70,0x61,
    0x72,0x61,0x6d,0x5f,0x39,0x20,0x3d,0x20,0x5f,0x35,0x33,0x30,0x3b,0x0a,0x20,0x20,
    0x20,0x20,0x20,0x20,0x20,0x20,0x68,0x69,0x67,0x68,0x70,0x20,0x66,0x6c,0x6f,0x61,
    0x74,0x20,0x70,0x61,0x72,0x61,0x6d,0x5f,0x31,0x30,0x20,0x3d,0x20,0x63,0x6c,0x6f,
    0x74,0x68,0x5f,0x73,0x74,0x65,0x70,0x5f,0x70,0x61,0x72,0x61,0x6d,0x73,0x5b,0x35,
    0x5d,0x2e,0x78,0x3b,0x0a,0x20,0x20,0x20,0x20,0x20,0x20,0x20,0x20,0x61,0x70,0x70,
    0x6c,0x79,0x4e,0x65,0x69,0x67,0x68,0x62,0x6f,0x72,0x28,0x70,0x61,0x72,0x61,0x6d,
    0x5f,0x35,0x2c,0x20,0x70,0x61,0x72,0x61,0x6d,0x5f,0x36,0x2c,0x20,0x70,0x61,0x72,
    0x61,0x6d,0x5f,0x37,0x2c,0x20,0x70,0x61,0x72,0x61,0x6d,0x5f,0x38,0x2c,0x20,0x70,
    0x61,0x72,0x61,0x6d,0x5f,0x39,0x2c,0x20,0x70,0x61,0x72,0x61,0x6d,0x5f,0x31,0x30,
    0x29,0x3b,0x0a,0x20,0x20,0x20,0x20,0x20,0x20,0x20,0x20,0x63,0x6f,0x72,0x72,0x65,
    0x63,0x74,0x69,0x6f,0x6e,0x20,0x3d,0x20,0x70,0x61,0x72,0x61,0x6d,0x5f,0x35,0x3b,
    0x0a,0x20,0x20,0x20,0x20,0x20,0x20,0x20,0x20,0x68,0x69,0x67,0x68,0x70,0x20,0x76,
    0x65,0x63,0x33,0x20,0x70,0x61,0x72,0x61,0x6d,0x5f,0x31,0x31,0x20,0x3d,0x20,0x70,
    0x61,0x72,0x61,0x6d,0x5f,0x35,0x3b,0x0a,0x20,0x20,0x20,0x20,0x20,0x20,0x20,0x20,
    0x68,0x69,0x67,0x68,0x70,0x20,0x76,0x65,0x63,0x33,0x20,0x70,0x61,0x72,0x61,0x6d,
    0x5f,0x31,0x32,0x20,0x3d,0x20,0x70,0x6f,0x73,0x3b,0x0a,0x20,0x20,0x20,0x20,0x20,
    0x20,0x20,0x20,0x68,0x69,0x67,0x68,0x70,0x20,0x76,0x65,0x63,0x32,0x20,0x70,0x61,
    0x72,0x61,0x6d,0x5f,0x31,0x33,0x20,0x3d,0x20,0x5f,0x35,0x32,0x32,0x3b,0x0a,0x20,
    0x20,0x20,0x20,0x20,0x20,0x20,0x20,0x68,0x69,0x67,0x68,0x70,0x20,0x76,0x65,0x63,
    0x32,0x20,0x70,0x61,0x72,0x61,0x6d,0x5f,0x31,0x34,0x20,0x3d,0x20,0x76,0x65,0x63,
    0x32,0x28,0x31,0x2e,0x30,0x2c,0x20,0x30,0x2e,0x30,0x29,0x3b,0x0a,0x20,0x20,0x20,
    0x20,0x20,0x20,0x20,0x20,0x68,0x69,0x67,0x68,0x70,0x20,0x66,0x6c,0x6f,0x61,0x74,
    0x20,0x70,0x61,0x72,0x61,0x6d,0x5f,0x31,0x35,0x20,0x3d,0x20,0x5f,0x35,0x33,0x30,
    0x3b,0x0a,0x20,0x20,0x20,0x20,0x20,0x20,0x20,0x20,0x68,0x69,0x67,0x68,0x70,0x20,
    0x66,0x6c,0x6f,0x61,0x74,0x20,0x70,0x61,0x72,0x61,0x6d,0x5f,0x31,0x36,0x20,0x3d,
    0x20,0x63,0x6c,0x6f,0x74,0x68,0x5f,0x73,0x74,0x65,0x70,0x5f,0x70,0x61,0x72,0x61,
    0x6d,0x73,0x5b,0x35,0x5d,0x2e,0x78,0x3b,0x0a,0x20,0x20,0x20,0x20,0x20,0x20,0x20,
    0x20,0x61,0x70,0x70,0x6c,0x79,0x4e,0x65,0x69,0x67,0x68,0x62,0x6f,0x72,0x28,0x70,
    0x61,0x72,0x61,0x6d,0x5f,0x31,0x31,0x2c,0x20,0x70,0x61,0x72,0x61,0x6d,0x5f,0x31,
    0x32,0x2c,0x20,0x70,0x61,0x72,0x61,0x6d,0x5f,0x31,0x33,0x2c,0x20,0x70,0x61,0x72,
    0x61,0x6d,0x5f,0x31,0x34,0x2c,0x20,0x70,0x61,0x72,0x61,0x6d,0x5f,0x31,0x35,0x2c,
    0x20,0x70,0x61,0x72,0x61,0x6d,0x5f,0x31,0x36,0x29,0x3b,0x0a,0x20,0x20,0x20,0x20,
    0x20,0x20,0x20,0x20,0x63,0x6f,0x72,0x72,0x65,0x63,0x74,0x69,0x6f,0x6e,0x20,0x3d,
    0x20,0x70,0x61,0x72,0x61,0x6d,0x5f,0x31,0x31,0x3b,0x0a,0x20,0x20,0x20,0x20,0x20,
    0x20,0x20,0x20,0x68,0x69,0x67,0x68,0x70,0x20,0x76,0x65,0x63,0x33,0x20,0x70,0x61,
    0x72,0x61,0x6d,0x5f,0x31,0x37,0x20,0x3d,0x20,0x70,0x61,0x72,0x61,0x6d,0x5f,0x31,
    0x31,0x3b,0x0a,0x20,0x20,0x20,0x20,0x20,0x20,0x20,0x20,0x68,0x69,0x67,0x68,0x70,
    0x20,0x76,0x65,0x63,0x33,0x20,0x70,0x61,0x72,0x61,0x6d,0x5f,0x31,0x38,0x20,0x3d,
    0x20,0x70,0x6f,0x73,0x3b,0x0a,0x20,0x20,0x20,0x20,0x20,0x20,0x20,0x20,0x68,0x69,
    0x67,0x68,0x70,0x20,0x76,0x65,0x63,0x32,0x20,0x70,0x61,0x72,0x61,0x6d,0x5f,0x31,
    0x39,0x20,0x3d,0x20,0x5f,0x35,0x32,0x32,0x3b,0x0a,0x20,0x20,0x20,0x20,0x20,0x20,
    0x20,0x20,0x68,0x69,0x67,0x68,0x70,0x20,0x76,0x65,0x63,0x32,0x20,0x70,0x61,0x72,
    0x61,0x6d,0x5f,0x32,0x30,0x20,0x3d,0x20,0x76,0x65,0x63,0x32,0x28,0x30,0x2e,0x30,
    0x2c,0x20,0x2d,0x31,0x2e,0x30,0x29,0x3b,0x0a,0x20,0x20,0x20,0x20,0x20,0x20,0x20,
    0x20,0x68,0x69,0x67,0x68,0x70,0x20,0x66,0x6c,0x6f,0x61,0x74,0x20,0x70,0x61,0x72,
    0x61,0x6d,0x5f,0x32,0x31,0x20,0x3d,0x20,0x5f,0x35,0x33,0x38,0x3b,0x0a,0x20,0x20,
    0x20,0x20,0x20,0x20,0x20,0x20,0x68,0x69,0x67,0x68,0x70,0x20,0x66,0x6c,0x6f,0x61,
    0x74,0x20,0x70,0x61,0x72,0x61,0x6d,0x5f,0x32,0x32,0x20,0x3d,0x20,0x63,0x6c,0x6f,
    0x74,0x68,0x5f,0x73,0x74,0x65,0x70,0x5f,0x70,0x61,0x72,0x61,0x6d,0x73,0x5b,0x35,
    0x5d,0x2e,0x78,0x3b,0x0a,0x20,0x20,0x20,0x20,0x20,0x20,0x20,0x20,0x61,0x70,0x70,
    0x6c,0x79,0x4e,0x65,0x69,0x67,0x68,0x62,0x6f,0x72,0x28,0x70,0x61,0x72,0x61,0x6d,
    0x5f,0x31,0x37,0x2c,0x20,0x70,0x61,0x72,0x61,0x6d,0x5f,0x31,0x38,0x2c,0x20,0x70,
    0x61,0x72,0x61,0x6d,0x5f,0x31,0x39,0x2c,0x20,0x70,0x61,0x72,0x61,0x6d,0x5f,0x32,
    0x30,0x2c,0x20,0x70,0x61,0x72,0x61,0x6d,0x5f,0x32,0x31,0x2c,0x20,0x70,0x61,0x72,
    0x61,0x6d,0x5f,0x32,0x32,0x29,0x3b,0x0a,0x20,0x20,0x20,0x20,0x20,0x20,0x20,0x20,
    0x63,0x6f,0x72,0x72,0x65,0x63,0x74,0x69,0x6f,0x6e,0x20,0x3d,0x20,0x70,0x61,0x72,
    0x61,0x6d,0x5f,0x31,0x37,0x3b,0x0a,0x20,0x20,0x20,0x20,0x20,0x20,0x20,0x20,0x68,
    0x69,0x67,0x68,0x70,0x20,0x76,0x65,0x63,0x33,0x20,0x70,0x61,0x72,0x61,0x6d,0x5f,
    0x32,0x33,0x20,0x3d,0x20,0x70,0x61,0x72,0x61,0x6d,0x5f,0x31,0x37,0x3b,0x0a,0x20,
    0x20,0x20,0x20,0x20,0x20,0x20,0x20,0x68,0x69,0x67,0x68,0x70,0x20,0x76,0x65,0x63,
    0x33,0x20,0x70,0x61,0x72,0x61,0x6d,0x5f,0x32,0x34,0x20,0x3d,0x20,0x70,0x6f,0x73,
    0x3b,0x0a,0x20,0x20,0x20,0x20,0x20,0x20,0x20,0x20,0x68,0x69,0x67,0x68,0x70,0x20,
    0x76,0x65,0x63,0x32,0x20,0x70,0x61,0x72,0x61,0x6d,0x5f,0x32,0x35,0x20,0x3d,0x20,
    0x5f,0x35,0x32,0x32,0x3b,0x0a,0x20,0x20,0x20,0x20,0x20,0x20,0x20,0x20,0x68,0x69,
    0x67,0x68,0x70,0x20,0x76,0x65,0x63,0x32,0x20,0x70,0x61,0x72,0x61,0x6d,0x5f,0x32,
    0x36,0x20,0x3d,0x20,0x76,0x65,0x63,0x32,0x28,0x30,0x2e,0x30,0x2c,0x20,0x31,0x2e,
    0x30,0x29,0x3b,0x0a,0x20,0x20,0x20,0x20,0x20,0x20,0x20,0x20,0x68,0x69,0x67,0x68,
    0x70,0x20,0x66,0x6c,0x6f,0x61,0x74,0x20,0x70,0x61,0x72,0x61,0x6d,0x5f,0x32,0x37,
    0x20,0x3d,0x20,0x5f,0x35,0x33,0x38,0x3b,0x0a,0x20,0x20,0x20,0x20,0x20,0x20,0x20,
    0x20,0x68,0x69,0x67,0x68,0x70,0x20,0x66,0x6c,0x6f,0x61,0x74,0x20,0x70,0x61,0x72,
    0x61,0x6d,0x5f,0x32,0x38,0x20,0x3d,0x20,0x63,0x6c,0x6f,0x74,0x68,0x5f,0x73,0x74,
    0x65,0x70,0x5f,0x70,0x61,0x72,0x61,0x6d,0x73,0x5b,0x35,0x5d,0x2e,0x78,0x3b,0x0a,
    0x20,0x20,0x20,0x20,0x20,0x20,0x20,0x20,0x61,0x70,0x70,0x6c,0x79,0x4e,0x65,0x69,
    0x67,0x68,0x62,0x6f,0x72,0x28,0x70,0x61,0x72,0x61,0x6d,0x5f,0x32,0x33,0x2c,0x20,
    0x70,0x61,0x72,0x61,0x6d,0x5f,0x32,0x34,0x2c,0x20,0x70,0x61,0x72,0x61,0x6d,0x5f,
    0x32,0x35,0x2c,0x20,0x70,0x61,0x72,0x61,0x6d,0x5f,0x32,0x36,0x2c,0x20,0x70,0x61,
    0x72,0x61,0x6d,0x5f,0x32,0x37,0x2c,0x20,0x70,0x61,0x72,0x61,0x6d,0x5f,0x32,0x38,
    0x29,0x3b,0x0a,0x20,0x20,0x20,0x20,0x20,0x20,0x20,0x20,0x63,0x6f,0x72,0x72,0x65,
    0x63,0x74,0x69,0x6f,0x6e,0x20,0x3d,0x20,0x70,0x61,0x72,0x61,0x6d,0x5f,0x32,0x33,
    0x3b,0x0a,0x20,0x20,0x20,0x20,0x20,0x20,0x20,0x20,0x69,0x66,0x20,0x28,0x63,0x6c,
    0x6f,0x74,0x68,0x5f,0x73,0x74,0x65,0x70,0x5f,0x70,0x61,0x72,0x61,0x6d,0x73,0x5b,
    0x37,0x5d,0x2e,0x78,0x20,0x3e,0x20,0x30,0x2e,0x35,0x29,0x0a,0x20,0x20,0x20,0x20,
    0x20,0x20,0x20,0x20,0x7b,0x0a,0x20,0x20,0x20,0x20,0x20,0x20,0x20,0x20,0x20,0x20,
    0x20,0x20,0x68,0x69,0x67,0x68,0x70,0x20,0x76,0x65,0x63,0x33,0x20,0x70,0x61,0x72,
    0x61,0x6d,0x5f,0x32,0x39,0x20,0x3d,0x20,0x63,0x6f,0x72,0x72,0x65,0x63,0x74,0x69,
    0x6f,0x6e,0x3b,0x0a,0x20,0x20,0x20,0x20,0x20,0x20,0x20,0x20,0x20,0x20,0x20,0x20,
    0x68,0x69,0x67,0x68,0x70,0x20,0x76,0x65,0x63,0x33,0x20,0x70,0x61,0x72,0x61,0x6d,
    0x5f,0x33,0x30,0x20,0x3d,0x20,0x70,0x6f,0x73,0x3b,0x0a,0x20,0x20,0x20,0x20,0x20,
    0x20,0x20,0x20,0x20,0x20,0x20,0x20,0x68,0x69,0x67,0x68,0x70,0x20,0x76,0x65,0x63,
    0x32,0x20,0x70,0x61,0x72,0x61,0x6d,0x5f,0x33,0x31,0x20,0x3d,0x20,0x5f,0x35,0x32,
    0x32,0x3b,0x0a,0x20,0x20,0x20,0x20,0x20,0x20,0x20,0x20,0x20,0x20,0x20,0x20,0x68,
    0x69,0x67,0x68,0x70,0x20,0x76,0x65,0x63,0x32,0x20,0x70,0x61,0x72,0x61,0x6d,0x5f,
    0x33,0x32,0x20,0x3d,0x20,0x76,0x65,0x63,0x32,0x28,0x2d,0x31,0x2e,0x30,0x29,0x3b,
    0x0a,0x20,0x20,0x20,0x20,0x20,0x20,0x20,0x20,0x20,0x20,0x20,0x20,0x68,0x69,0x67,
    0x68,0x70,0x20,0x66,0x6c,0x6f,0x61,0x74,0x20,0x70,0x61,0x72,0x61,0x6d,0x5f,0x33,
    0x33,0x20,0x3d,0x20,0x5f,0x35,0x34,0x33,0x3b,0x0a,0x20,0x20,0x20,0x20,0x20,0x20,
    0x20,0x20,0x20,0x20,0x20,0x20,0x68,0x69,0x67,0x68,0x70,0x20,0x66,0x6c,0x6f,0x61,
    0x74,0x20,0x70,0x61,0x72,0x61,0x6d,0x5f,0x33,0x34,0x20,0x3d,0x20,0x63,0x6c,0x6f,
    0x74,0x68,0x5f,0x73,0x74,0x65,0x70,0x5f,0x70,0x61,0x72,0x61,0x6d,0x73,0x5b,0x35,
    0x5d,0x2e,0x79,0x3b,0x0a,0x20,0x20,0x20,0x20,0x20,0x20,0x20,0x20,0x20,0x20,0x20,
    0x20,0x61,0x70,0x70,0x6c,0x79,0x4e,0x65,0x69,0x67,0x68,0x62,0x6f,0x72,0x28,0x70,
    0x61,0x72,0x61,0x6d,0x5f,0x32,0x39,0x2c,0x20,0x70,0x61,0x72,0x61,0x6d,0x5f,0x33,
    0x30,0x2c,0x20,0x70,0x61,0x72,0x61,0x6d,0x5f,0x33,0x31,0x2c,0x20,0x70,0x61,0x72,
    0x61,0x6d,0x5f,0x33,0x32,0x2c,0x20,0x70,0x61,0x72,0x61,0x6d,0x5f,0x33,0x33,0x2c,
    0x20,0x70,0x61,0x72,0x61,0x6d,0x5f,0x33,0x34,0x29,0x3b,0x0a,0x20,0x20,0x20,0x20,
    0x20,0x20,0x20,0x20,0x20,0x20,0x20,0x20,0x63,0x6f,0x72,0x72,0x65,0x63,0x74,0x69,
    0x6f,0x6e,0x20,0x3d,0x20,0x70,0x61,0x72,0x61,0x6d,0x5f,0x32,0x39,0x3b,0x0a,0x20,
    0x20,0x20,0x20,0x20,0x20,0x20,0x20,0x20,0x20,0x20,0x20,0x68,0x69,0x67,0x68,0x70,
    0x20,0x76,0x65,0x63,0x33,0x20,0x70,0x61,0x72,0x61,0x6d,0x5f,0x33,0x35,0x20,0x3d,
    0x20,0x70,0x61,0x72,0x61,0x6d,0x5f,0x32,0x39,0x3b,0x0a,0x20,0x20,0x20,0x20,0x20,
    0x20,0x20,0x20,0x20,0x20,0x20,0x20,0x68,0x69,0x67,0x68,0x70,0x20,0x76,0x65,0x63,
    0x33,0x20,0x70,0x61,0x72,0x61,0x6d,0x5f,0x33,0x36,0x20,0x3d,0x20,0x70,0x6f,0x73,
    0x3b,0x0a,0x20,0x20,0x20,0x20,0x20,0x20,0x20,0x20,0x20,0x20,0x20,0x20,0x68,0x69,
    0x67,0x68,0x70,0x20,0x76,0x65,0x63,0x32,0x20,0x70,0x61,0x72,0x61,0x6d,0x5f,0x33,
    0x37,0x20,0x3d,0x20,0x5f,0x35,0x32,0x32,0x3b,0x0a,0x20,0x20,0x20,0x20,0x20,0x20,
    0x20,0x20,0x20,0x20,0x20,0x20,0x68,0x69,0x67,0x68,0x70,0x20,0x76,0x65,0x63,0x32,
    0x20,0x70,0x61,0x72,0x61,0x6d,0x5f,0x33,0x38,0x20,0x3d,0x20,0x76,0x65,0x63,0x32,
    0x28,0x31,0x2e,0x30,0x2c,0x20,0x2d,0x31,0x2e,0x30,0x29,0x3b,0x0a,0x20,0x20,0x20,
    0x20,0x20,0x20,0x20,0x20,0x20,0x20,0x20,0x20,0x68,0x69,0x67,0x68,0x70,0x20,0x66,
    0x6c,0x6f,0x61,0x74,0x20,0x70,0x61,0x72,0x61,0x6d,0x5f,0x33,0x39,0x20,0x3d,0x20,
    0x5f,0x35,0x34,0x33,0x3b,0x0a,0x20,0x20,0x20,0x20,0x20,0x20,0x20,0x20,0x20,0x20,
    0x20,0x20,0x68,0x69,0x67,0x68,0x70,0x20,0x66,0x6c,0x6f,0x61,0x74,0x20,0x70,0x61,
    0x72,0x61,0x6d,0x5f,0x34,0x30,0x20,0x3d,0x20,0x63,0x6c,0x6f,0x74,0x68,0x5f,0x73,
    0x74,0x65,0x70,0x5f,0x70,0x61,0x72,0x61,0x6d,0x73,0x5b,0x35,0x5d,0x2e,0x79,0x3b,
    0x0a,0x20,0x20,0x20,0x20,0x20,0x20,0x20,0x20,0x20,0x20,0x20,0x20,0x61,0x70,0x70,
    0x6c,0x79,0x4e,0x65,0x69,0x67,0x68,0x62,0x6f,0x72,0x28,0x70,0x61,0x72,0x61,0x6d,
    0x5f,0x33,0x35,0x2c,0x20,0x70,0x61,0x72,0x61,0x6d,0x5f,0x33,0x36,0x2c,0x20,0x70,
    0x61,0x72,0x61,0x6d,0x5f,0x33,0x37,0x2c,0x20,0x70,0x61,0x72,0x61,0x6d,0x5f,0x33,
    0x38,0x2c,0x20,0x70,0x61,0x72,0x61,0x6d,0x5f,0x33,0x39,0x2c,0x20,0x70,0x61,0x72,
    0x61,0x6d,0x5f,0x34,0x30,0x29,0x3b,0x0a,0x20,0x20,0x20,0x20,0x20,0x20,0x20,0x20,
    0x20,0x20,0x20,0x20,0x63,0x6f,0x72,0x72,0x65,0x63,0x74,0x69,0x6f,0x6e,0x20,0x3d,
    0x20,0x70,0x61,0x72,0x61,0x6d,0x5f,0x33,0x35,0x3b,0x0a,0x20,0x20,0x20,0x20,0x20,
    0x20,0x20,0x20,0x20,0x20,0x20,0x20,0x68,0x69,0x67,0x68,0x70,0x20,0x76,0x65,0x63,
    0x33,0x20,0x70,0x61,0x72,0x61,0x6d,0x5f,0x34,0x31,0x20,0x3d,0x20,0x70,0x61,0x72,
    0x61,0x6d,0x5f,0x33,0x35,0x3b,0x0a,0x20,0x20,0x20,0x20,0x20,0x20,0x20,0x20,0x20,
    0x20,0x20,0x20,0x68,0x69,0x67,0x68,0x70,0x20,0x76,0x65,0x63,0x33,0x20,0x70,0x61,
    0x72,0x61,0x6d,0x5f,0x34,0x32,0x20,0x3d,0x20,0x70,0x6f,0x73,0x3b,0x0a,0x20,0x20,
    0x20,0x20,0x20,0x20,0x20,0x20,0x20,0x20,0x20,0x20,0x68,0x69,0x67,0x68,0x70,0x20,
    0x76,0x65,0x63,0x32,0x20,0x70,0x61,0x72,0x61,0x6d,0x5f,0x34,0x33,0x20,0x3d,0x20,
    0x5f,0x35,0x32,0x32,0x3b,0x0a,0x20,0x20,0x20,0x20,0x20,0x20,0x20,0x20,0x20,0x20,
    0x20,0x20,0x68,0x69,0x67,0x68,0x70,0x20,0x76,0x65,0x63,0x32,0x20,0x70,0x61,0x72,
    0x61,0x6d,0x5f,0x34,0x34,0x20,0x3d,0x20,0x76,0x65,0x63,0x32,0x28,0x2d,0x31,0x2e,
    0x30,0x2c,0x20,0x31,0x2e,0x30,0x29,0x3b,0x0a,0x20,0x20,0x20,0x20,0x20,0x20,0x20,
    0x20,0x20,0x20,0x20,0x20,0x68,0x69,0x67,0x68,0x70,0x20,0x66,0x6c,0x6f,0x61,0x74,
    0x20,0x70,0x61,0x72,0x61,0x6d,0x5f,0x34,0x35,0x20,0x3d,0x20,0x5f,0x35,0x34,0x33,
    0x3b,0x0a,0x20,0x20,0x20,0x20,0x20,0x20,0x20,0x20,0x20,0x20,0x20,0x20,0x68,0x69,
    0x67,0x68,0x70,0x20,0x66,0x6c,0x6f,0x61,0x74,0x20,0x70,0x61,0x72,0x61,0x6d,0x5f,
    0x34,0x36,0x20,0x3d,0x20,0x63,0x6c,0x6f,0x74,0x68,0x5f,0x73,0x74,0x65,0x70,0x5f,
    0x70,0x61,0x72,0x61,0x6d,0x73,0x5b,0x35,0x5d,0x2e,0x79,0x3b,0x0a,0x20,0x20,0x20,
    0x20,0x20,0x20,0x20,0x20,0x20,0x20,0x20,0x20,0x61,0x70,0x70,0x6c,0x79,0x4e,0x65,
    0x69,0x67,0x68,0x62,0x6f,0x72,0x28,0x70,0x61,0x72,0x61,0x6d,0x5f,0x34,0x31,0x2c,
    0x20,0x70,0x61,0x72,0x61,0x6d,0x5f,0x34,0x32,0x2c,0x20,0x70,0x61,0x72,0x61,0x6d,
    0x5f,0x34,0x33,0x2c,0x20,0x70,0x61,0x72,0x61,0x6d,0x5f,0x34,0x34,0x2c,0x20,0x70,
    0x61,0x72,0x61,0x6d,0x5f,0x34,0x35,0x2c,0x20,0x70,0x61,0x72,0x61,0x6d,0x5f,0x34,
    0x36,0x29,0x3b,0x0a,0x20,0x20,0x20,0x20,0x20,0x20,0x20,0x20,0x20,0x20,0x20,0x20,
    0x63,0x6f,0x72,0x72,0x65,0x63,0x74,0x69,0x6f,0x6e,0x20,0x3d,0x20,0x70,0x61,0x72,
    0x61,0x6d,0x5f,0x34,0x31,0x3b,0x0a,0x20,0x20,0x20,0x20,0x20,0x20,0x20,0x20,0x20,
    0x20,0x20,0x20,0x68,0x69,0x67,0x68,0x70,0x20,0x76,0x65,0x63,0x33,0x20,0x70,0x61,
    0x72,0x61,0x6d,0x5f,0x34,0x37,0x20,0x3d,0x20,0x70,0x61,0x72,0x61,0x6d,0x5f,0x34,
    0x31,0x3b,0x0a,0x20,0x20,0x20,0x20,0x20,0x20,0x20,0x20,0x20,0x20,0x20,0x20,0x68,
    0x69,0x67,0x68,0x70,0x20,0x76,0x65,0x63,0x33,0x20,0x70,0x61,0x72,0x61,0x6d,0x5f,
    0x34,0x38,0x20,0x3d,0x20,0x70,0x6f,0x73,0x3b,0x0a,0x20,0x20,0x20,0x20,0x20,0x20,
    0x20,0x20,0x20,0x20,0x20,0x20,0x68,0x69,0x67,0x68,0x70,0x20,0x76,0x65,0x63,0x32,
    0x20,0x70,0x61,0x72,0x61,0x6d,0x5f,0x34,0x39,0x20,0x3d,0x20,0x5f,0x35,0x32,0x32,
    0x3b,0x0a,0x20,0x20,0x20,0x20,0x20,0x20,0x20,0x20,0x20,0x20,0x20,0x20,0x68,0x69,
    0x67,0x68,0x70,0x20,0x76,0x65,0x63,0x32,0x20,0x70,0x61,0x72,0x61,0x6d,0x5f,0x35,
    0x30,0x20,0x3d,0x20,0x76,0x65,0x63,0x32,0x28,0x31,0x2e,0x30,0x29,0x3b,0x0a,0x20,
    0x20,0x20,0x20,0x20,0x20,0x20,0x20,0x20,0x20,0x20,0x20,0x68,0x69,0x67,0x68,0x70,
    0x20,0x66,0x6c,0x6f,0x61,0x74,0x20,0x70,0x61,0x72,0x61,0x6d,0x5f,0x35,0x31,0x20,
    0x3d,0x20,0x5f,0x35,0x34,0x33,0x3b,0x0a,0x20,0x20,0x20,0x20,0x20,0x20,0x20,0x20,
    0x20,0x20,0x20,0x20,0x68,0x69,0x67,0x68,0x70,0x20,0x66,0x6c,0x6f,0x61,0x74,0x20,
    0x70,0x61,0x72,0x61,0x6d,0x5f,0x35,0x32,0x20,0x3d,0x20,0x63,0x6c,0x6f,0x74,0x68,
    0x5f,0x73,0x74,0x65,0x70,0x5f,0x70,0x61,0x72,0x61,0x6d,0x73,0x5b,0x35,0x5d,0x2e,
    0x79,0x3b,0x0a,0x20,0x20,0x20,0x20,0x20,0x20,0x20,0x20,0x20,0x20,0x20,0x20,0x61,
    0x70,0x70,0x6c,0x79,0x4e,0x65,0x69,0x67,0x68,0x62,0x6f,0x72,0x28,0x70,0x61,0x72,
    0x61,0x6d,0x5f,0x34,0x37,0x2c,0x20,0x70,0x61,0x72,0x61,0x6d,0x5f,0x34,0x38,0x2c,
    0x20,0x70,0x61,0x72,0x61,0x6d,0x5f,0x34,0x39,0x2c,0x20,0x70,0x61,0x72,0x61,0x6d,
    0x5f,0x35,0x30,0x2c,0x20,0x70,0x61,0x72,0x61,0x6d,0x5f,0x35,0x31,0x2c,0x20,0x70,
    0x61,0x72,0x61,0x6d,0x5f,0x35,0x32,0x29,0x3b,0x0a,0x20,0x20,0x20,0x20,0x20,0x20,
    0x20,0x20,0x20,0x20,0x20,0x20,0x63,0x6f,0x72,0x72,0x65,0x63,0x74,0x69,0x6f,0x6e,
    0x20,0x3d,0x20,0x70,0x61,0x72,0x61,0x6d,0x5f,0x34,0x37,0x3b,0x0a,0x20,0x20,0x20,
    0x20,0x20,0x20,0x20,0x20,0x7d,0x0a,0x20,0x20,0x20,0x20,0x20,0x20,0x20,0x20,0x69,
    0x66,0x20,0x28,0x63,0x6c,0x6f,0x74,0x68,0x5f,0x73,0x74,0x65,0x70,0x5f,0x70,0x61,
    0x72,0x61,0x6d,0x73,0x5b,0x37,0x5d,0x2e,0x79,0x20,0x3e,0x20,0x30,0x2e,0x35,0x29,
    0x0a,0x20,0x20,0x20,0x20,0x20,0x20,0x20,0x20,0x7b,0x0a,0x20,0x20,0x20,0x20,0x20,
    0x20,0x20,0x20,0x20,0x20,0x20,0x20,0x68,0x69,0x67,0x68,0x70,0x20,0x66,0x6c,0x6f,
    0x61,0x74,0x20,0x5f,0x36,0x38,0x31,0x20,0x3d,0x20,0x5f,0x35,0x33,0x30,0x20,0x2a,
    0x20,0x32,0x2e,0x30,0x3b,0x0a,0x20,0x20,0x20,0x20,0x20,0x20,0x20,0x20,0x20,0x20,
    0x20,0x20,0x68,0x69,0x67,0x68,0x70,0x20,0x76,0x65,0x63,0x33,0x20,0x70,0x61,0x72,
    0x61,0x6d,0x5f,0x35,0x33,0x20,0x3d,0x20,0x63,0x6f,0x72,0x72,0x65,0x63,0x74,0x69,
    0x6f,0x6e,0x3b,0x0a,0x20,0x20,0x20,0x20,0x20,0x20,0x20,0x20,0x20,0x20,0x20,0x20,
    0x68,0x69,0x67,0x68,0x70,0x20,0x76,0x65,0x63,0x33,0x20,0x70,0x61,0x72,0x61,0x6d,
    0x5f,0x35,0x34,0x20,0x3d,0x20,0x70,0x6f,0x73,0x3b,0x0a,0x20,0x20,0x20,0x20,0x20,
    0x20,0x20,0x20,0x20,0x20,0x20,0x20,0x68,0x69,0x67,0x68,0x70,0x20,0x76,0x65,0x63,
    0x32,0x20,0x70,0x61,0x72,0x61,0x6d,0x5f,0x35,0x35,0x20,0x3d,0x20,0x5f,0x35,0x32,
    0x32,0x3b,0x0a,0x20,0x20,0x20,0x20,0x20,0x20,0x20,0x20,0x20,0x20,0x20,0x20,0x68,
    0x69,0x67,0x68,0x70,0x20,0x76,0x65,0x63,0x32,0x20,0x70,0x61,0x72,0x61,0x6d,0x5f,
    0x35,0x36,0x20,0x3d,0x20,0x76,0x65,0x63,0x32,0x28,0x2d,0x32,0x2e,0x30,0x2c,0x20,
    0x30,0x2e,0x30,0x29,0x3b,0x0a,0x20,0x20,0x20,0x20,0x20,0x20,0x20,0x20,0x20,0x20,
    0x20,0x20,0x68,0x69,0x67,0x68,0x70,0x20,0x66,0x6c,0x6f,0x61,0x74,0x20,0x70,0x61,
    0x72,0x61,0x6d,0x5f,0x35,0x37,0x20,0x3d,0x20,0x5f,0x36,0x38,0x31,0x3b,0x0a,0x20,
    0x20,0x20,0x20,0x20,0x20,0x20,0x20,0x20,0x20,0x20,0x20,0x68,0x69,0x67,0x68,0x70,
    0x20,0x66,0x6c,0x6f,0x61,0x74,0x20,0x70,0x61,0x72,0x61,0x6d,0x5f,0x35,0x38,0x20,
    0x3d,0x20,0x63,0x6c,0x6f,0x74,0x68,0x5f,0x73,0x74,0x65,0x70,0x5f,0x70,0x61,0x72,
    0x61,0x6d,0x73,0x5b,0x35,0x5d,0x2e,0x7a,0x3b,0x0a,0x20,0x20,0x20,0x20,0x20,0x20,
    0x20,0x20,0x20,0x20,0x20,0x20,0x61,0x70,0x70,0x6c,0x79,0x4e,0x65,0x69,0x67,0x68,
    0x62,0x6f,0x72,0x28,0x70,0x61,0x72,0x61,0x6d,0x5f,0x35,0x33,0x2c,0x20,0x70,0x61,
    0x72,0x61,0x6d,0x5f,0x35,0x34,0x2c,0x20,0x70,0x61,0x72,0x61,0x6d,0x5f,0x35,0x35,
    0x2c,0x20,0x70,0x61,0x72,0x61,0x6d,0x5f,0x35,0x36,0x2c,0x20,0x70,0x61,0x72,0x61,
    0x6d,0x5f,0x35,0x37,0x2c,0x20,0x70,0x61,0x72,0x61,0x6d,0x5f,0x35,0x38,0x29,0x3b,
    0x0a,0x20,0x20,0x20,0x20,0x20,0x20,0x20,0x20,0x20,0x20,0x20,0x20,0x63,0x6f,0x72,
    0x72,0x65,0x63,0x74,0x69,0x6f,0x6e,0x20,0x3d,0x20,0x70,0x61,0x72,0x61,0x6d,0x5f,
    0x35,0x33,0x3b,0x0a,0x20,0x20,0x20,0x20,0x20,0x20,0x20,0x20,0x20,0x20,0x20,0x20,
    0x68,0x69,0x67,0x68,0x70,0x20,0x76,0x65,0x63,0x33,0x20,0x70,0x61,0x72,0x61,0x6d,
    0x5f,0x35,0x39,0x20,0x3d,0x20,0x70,0x61,0x72,0x61,0x6d,0x5f,0x35,0x33,0x3b,0x0a,
    0x20,0x20,0x20,0x20,0x20,0x20,0x20,0x20,0x20,0x20,0x20,0x20,0x68,0x69,0x67,0x68,
    0x70,0x20,0x76,0x65,0x63,0x33,0x20,0x70,0x61,0x72,0x61,0x6d,0x5f,0x36,0x30,0x20,
    0x3d,0x20,0x70,0x6f,0x73,0x3b,0x0a,0x20,0x20,0x20,0x20,0x20,0x20,0x20,0x20,0x20,
    0x20,0x20,0x20,0x68,0x69,0x67,0x68,0x70,0x20,0x76,0x65,0x63,0x32,0x20,0x70,0x61,
    0x72,0x61,0x6d,0x5f,0x36,0x31,0x20,0x3d,0x20,0x5f,0x35,0x32,0x32,0x3b,0x0a,0x20,
    0x20,0x20,0x20,0x20,0x20,0x20,0x20,0x20,0x20,0x20,0x20,0x68,0x69,0x67,0x68,0x70,
    0x20,0x76,0x65,0x63,0x32,0x20,0x70,0x61,0x72,0x61,0x6d,0x5f,0x36,0x32,0x20,0x3d,
    0x20,0x76,0x65,0x63,0x32,0x28,0x32,0x2e,0x30,0x2c,0x20,0x30,0x2e,0x30,0x29,0x3b,
    0x0a,0x20,0x20,0x20,0x20,0x20,0x20,0x20,0x20,0x20,0x20,0x20,0x20,0x68,0x69,0x67,
    0x68,0x70,0x20,0x66,0x6c,0x6f,0x61,0x74,0x20,0x70,0x61,0x72,0x61,0x6d,0x5f,0x36,
    0x33,0x20,0x3d,0x20,0x5f,0x36,0x38,0x31,0x3b,0x0a,0x20,0x20,0x20,0x20,0x20,0x20,
    0x20,0x20,0x20,0x20,0x20,0x20,0x68,0x69,0x67,0x68,0x70,0x20,0x66,0x6c,0x6f,0x61,
    0x74,0x20,0x70,0x61,0x72,0x61,0x6d,0x5f,0x36,0x34,0x20,0x3d,0x20,0x63,0x6c,0x6f,
    0x74,0x68,0x5f,0x73,0x74,0x65,0x70,0x5f,0x70,0x61,0x72,0x61,0x6d,0x73,0x5b,0x35,
    0x5d,0x2e,0x7a,0x3b,0x0a,0x20,0x20,0x20,0x20,0x20,0x20,0x20,0x20,0x20,0x20,0x20,
    0x20,0x61,0x70,0x70,0x6c,0x79,0x4e,0x65,0x69,0x67,0x68,0x62,0x6f,0x72,0x28,0x70,
    0x61,0x72,0x61,0x6d,0x5f,0x35,0x39,0x2c,0x20,0x70,0x61,0x72,0x61,0x6d,0x5f,0x36,
    0x30,0x2c,0x20,0x70,0x61,0x72,0x61,0x6d,0x5f,0x36,0x31,0x2c,0x20,0x70,0x61,0x72,
    0x61,0x6d,0x5f,0x36,0x32,0x2c,0x20,0x70,0x61,0x72,0x61,0x6d,0x5f,0x36,0x33,0x2c,
    0x20,0x70,0x61,0x72,0x61,0x6d,0x5f,0x36,0x34,0x29,0x3b,0x0a,0x20,0x20,0x20,0x20,
    0x20,0x20,0x20,0x20,0x20,0x20,0x20,0x20,0x63,0x6f,0x72,0x72,0x65,0x63,0x74,0x69,
    0x6f,0x6e,0x20,0x3d,0x20,0x70,0x61,0x72,0x61,0x6d,0x5f,0x35,0x39,0x3b,0x0a,0x20,
    0x20,0x20,0x20,0x20,0x20,0x20,0x20,0x20,0x20,0x20,0x20,0x68,0x69,0x67,0x68,0x70,
    0x20,0x66,0x6c,0x6f,0x61,0x74,0x20,0x5f,0x37,0x31,0x33,0x20,0x3d,0x20,0x5f,0x35,
    0x33,0x38,0x20,0x2a,0x20,0x32,0x2e,0x30,0x3b,0x0a,0x20,0x20,0x20,0x20,0x20,0x20,
    0x20,0x20,0x20,0x20,0x20,0x20,0x68,0x69,0x67,0x68,0x70,0x20,0x76,0x65,0x63,0x33,
    0x20,0x70,0x61,0x72,0x61,0x6d,0x5f,0x36,0x35,0x20,0x3d,0x20,0x70,0x61,0x72,0x61,
    0x6d,0x5f,0x35,0x39,0x3b,0x0a,0x20,0x20,0x20,0x20,0x20,0x20,0x20,0x20,0x20,0x20,
    0x20,0x20,0x68,0x69,0x67,0x68,0x70,0x20,0x76,0x65,0x63,0x33,0x20,0x70,0x61,0x72,
    0x61,0x6d,0x5f,0x36,0x36,0x20,0x3d,0x20,0x70,0x6f,0x73,0x3b,0x0a,0x20,0x20,0x20,
    0x20,0x20,0x20,0x20,0x20,0x20,0x20,0x20,0x20,0x68,0x69,0x67,0x68,0x70,0x20,0x76,
    0x65,0x63,0x32,0x20,0x70,0x61,0x72,0x61,0x6d,0x5f,0x36,0x37,0x20,0x3d,0x20,0x5f,
    0x35,0x32,0x32,0x3b,0x0a,0x20,0x20,0x20,0x20,0x20,0x20,0x20,0x20,0x20,0x20,0x20,
    0x20,0x68,0x69,0x67,0x68,0x70,0x20,0x76,0x65,0x63,0x32,0x20,0x70,0x61,0x72,0x61,
    0x6d,0x5f,0x36,0x38,0x20,0x3d,0x20,0x76,0x65,0x63,0x32,0x28,0x30,0x2e,0x30,0x2c,
    0x20,0x2d,0x32,0x2e,0x30,0x29,0x3b,0x0a,0x20,0x20,0x20,0x20,0x20,0x20,0x20,0x20,
    0x20,0x20,0x20,0x20,0x68,0x69,0x67,0x68,0x70,0x20,0x66,0x6c,0x6f,0x61,0x74,0x20,
    0x70,0x61,0x72,0x61,0x6d,0x5f,0x36,0x39,0x20,0x3d,0x20,0x5f,0x37,0x31,0x33,0x3b,
    0x0a,0x20,0x20,0x20,0x20,0x20,0x20,0x20,0x20,0x20,0x20,0x20,0x20,0x68,0x69,0x67,
    0x68,0x70,0x20,0x66,0x6c,0x6f,0x61,0x74,0x20,0x70,0x61,0x72,0x61,0x6d,0x5f,0x37,
    0x30,0x20,0x3d,0x20,0x63,0x6c,0x6f,0x74,0x68,0x5f,0x73,0x74,0x65,0x70,0x5f,0x70,
    0x61,0x72,0x61,0x6d,0x73,0x5b,0x35,0x5d,0x2e,0x7a,0x3b,0x0a,0x20,0x20,0x20,0x20,
    0x20,0x20,0x20,0x20,0x20,0x20,0x20,0x20,0x61,0x70,0x70,0x6c,0x79,0x4e,0x65,0x69,
    0x67,0x68,0x62,0x6f,0x72,0x28,0x70,0x61,0x72,0x61,0x6d,0x5f,0x36,0x35,0x2c,0x20,
    0x70,0x61,0x72,0x61,0x6d,0x5f,0x36,0x36,0x2c,0x20,0x70,0x61,0x72,0x61,0x6d,0x5f,
    0x36,0x37,0x2c,0x20,0x70,0x61,0x72,0x61,0x6d,0x5f,0x36,0x38,0x2c,0x20,0x70,0x61,
    0x72,0x61,0x6d,0x5f,0x36,0x39,0x2c,0x20,0x70,0x61,0x72,0x61,0x6d,0x5f,0x37,0x30,
    0x29,0x3b,0x0a,0x20,0x20,0x20,0x20,0x20,0x20,0x20,0x20,0x20,0x20,0x20,0x20,0x63,
    0x6f,0x72,0x72,0x65,0x63,0x74,0x69,0x6f,0x6e,0x20,0x3d,0x20,0x70,0x61,0x72,0x61,
    0x6d,0x5f,0x36,0x35,0x3b,0x0a,0x20,0x20,0x20,0x20,0x20,0x20,0x20,0x20,0x20,0x20,
    0x20,0x20,0x68,0x69,0x67,0x68,0x70,0x20,0x76,0x65,0x63,0x33,0x20,0x70,0x61,0x72,
    0x61,0x6d,0x5f,0x37,0x31,0x20,0x3d,0x20,0x70,0x61,0x72,0x61,0x6d,0x5f,0x36,0x35,
    0x3b,0x0a,0x20,0x20,0x20,0x20,0x20,0x20,0x20,0x20,0x20,0x20,0x20,0x20,0x68,0x69,
    0x67,0x68,0x70,0x20,0x76,0x65,0x63,0x33,0x20,0x70,0x61,0x72,0x61,0x6d,0x5f,0x37,
    0x32,0x20,0x3d,0x20,0x70,0x6f,0x73,0x3b,0x0a,0x20,0x20,0x20,0x20,0x20,0x20,0x20,
    0x20,0x20,0x20,0x20,0x20,0x68,0x69,0x67,0x68,0x70,0x20,0x76,0x65,0x63,0x32,0x20,
    0x70,0x61,0x72,0x61,0x6d,0x5f,0x37,0x33,0x20,0x3d,0x20,0x5f,0x35,0x32,0x32,0x3b,
    0x0a,0x20,0x20,0x20,0x20,0x20,0x20,0x20,0x20,0x20,0x20,0x20,0x20,0x68,0x69,0x67,
    0x68,0x70,0x20,0x76,0x65,0x63,0x32,0x20,0x70,0x61,0x72,0x61,0x6d,0x5f,0x37,0x34,
    0x20,0x3d,0x20,0x76,0x65,0x63,0x32,0x28,0x30,0x2e,0x30,0x2c,0x20,0x32,0x2e,0x30,
    0x29,0x3b,0x0a,0x20,0x20,0x20,0x20,0x20,0x20,0x20,0x20,0x20,0x20,0x20,0x20,0x68,
    0x69,0x67,0x68,0x70,0x20,0x66,0x6c,0x6f,0x61,0x74,0x20,0x70,0x61,0x72,0x61,0x6d,
    0x5f,0x37,0x35,0x20,0x3d,0x20,0x5f,0x37,0x31,0x33,0x3b,0x0a,0x20,0x20,0x20,0x20,
    0x20,0x20,0x20,0x20,0x20,0x20,0x20,0x20,0x68,0x69,0x67,0x68,0x70,0x20,0x66,0x6c,
    0x6f,0x61,0x74,0x20,0x70,0x61,0x72,0x61,0x6d,0x5f,0x37,0x36,0x20,0x3d,0x20,0x63,
    0x6c,0x6f,0x74,0x68,0x5f,0x73,0x74,0x65,0x70,0x5f,0x70,0x61,0x72,0x61,0x6d,0x73,
    0x5b,0x35,0x5d,0x2e,0x7a,0x3b,0x0a,0x20,0x20,0x20,0x20,0x20,0x20,0x20,0x20,0x20,
    0x20,0x20,0x20,0x61,0x70,0x70,0x6c,0x79,0x4e,0x65,0x69,0x67,0x68,0x62,0x6f,0x72,
    0x28,0x70,0x61,0x72,0x61,0x6d,0x5f,0x37,0x31,0x2c,0x20,0x70,0x61,0x72,0x61,0x6d,
    0x5f,0x37,0x32,0x2c,0x20,0x70,0x61,0x72,0x61,0x6d,0x5f,0x37,0x33,0x2c,0x20,0x70,
    0x61,0x72,0x61,0x6d,0x5f,0x37,0x34,0x2c,0x20,0x70,0x61,0x72,0x61,0x6d,0x5f,0x37,
    0x35,0x2c,0x20,0x70,0x61,0x72,0x61,0x6d,0x5f,0x37,0x36,0x29,0x3b,0x0a,0x20,0x20,
    0x20,0x20,0x20,0x20,0x20,0x20,0x20,0x20,0x20,0x20,0x63,0x6f,0x72,0x72,0x65,0x63,
    0x74,0x69,0x6f,0x6e,0x20,0x3d,0x20,0x70,0x61,0x72,0x61,0x6d,0x5f,0x37,0x31,0x3b,
    0x0a,0x20,0x20,0x20,0x20,0x20,0x20,0x20,0x20,0x20,0x20,0x20,0x20,0x68,0x69,0x67,
    0x68,0x70,0x20,0x66,0x6c,0x6f,0x61,0x74,0x20,0x5f,0x37,0x34,0x35,0x20,0x3d,0x20,
    0x5f,0x35,0x34,0x33,0x20,0x2a,0x20,0x32,0x2e,0x30,0x3b,0x0a,0x20,0x20,0x20,0x20,
    0x20,0x20,0x20,0x20,0x20,0x20,0x20,0x20,0x68,0x69,0x67,0x68,0x70,0x20,0x76,0x65,
    0x63,0x33,0x20,0x70,0x61,0x72,0x61,0x6d,0x5f,0x37,0x37,0x20,0x3d,0x20,0x70,0x61,
    0x72,0x61,0x6d,0x5f,0x37,0x31,0x3b,0x0a,0x20,0x20,0x20,0x20,0x20,0x20,0x20,0x20,
    0x20,0x20,0x20,0x20,0x68,0x69,0x67,0x68,0x70,0x20,0x76,0x65,0x63,0x33,0x20,0x70,
    0x61,0x72,0x61,0x6d,0x5f,0x37,0x38,0x20,0x3d,0x20,0x70,0x6f,0x73,0x3b,0x0a,0x20,
    0x20,0x20,0x20,0x20,0x20,0x20,0x20,0x20,0x20,0x20,0x20,0x68,0x69,0x67,0x68,0x70,
    0x20,0x76,0x65,0x63,0x32,0x20,0x70,0x61,0x72,0x61,0x6d,0x5f,0x37,0x39,0x20,0x3d,
    0x20,0x5f,0x35,0x32,0x32,0x3b,0x0a,0x20,0x20,0x20,0x20,0x20,0x20,0x20,0x20,0x20,
    0x20,0x20,0x20,0x68,0x69,0x67,0x68,0x70,0x20,0x76,0x65,0x63,0x32,0x20,0x70,0x61,
    0x72,0x61,0x6d,0x5f,0x38,0x30,0x20,0x3d,0x20,0x76,0x65,0x63,0x32,0x28,0x2d,0x32,
    0x2e,0x30,0x29,0x3b,0x0a,0x20,0x20,0x20,0x20,0x20,0x20,0x20,0x20,0x20,0x20,0x20,
    0x20,0x68,0x69,0x67,0x68,0x70,0x20,0x66,0x6c,0x6f,0x61,0x74,0x20,0x70,0x61,0x72,
    0x61,0x6d,0x5f,0x38,0x31,0x20,0x3d,0x20,0x5f,0x37,0x34,0x35,0x3b,0x0a,0x20,0x20,
    0x20,0x20,0x20,0x20,0x20,0x20,0x20,0x20,0x20,0x20,0x68,0x69,0x67,0x68,0x70,0x20,
    0x66,0x6c,0x6f,0x61,0x74,0x20,0x70,0x61,0x72,0x61,0x6d,0x5f,0x38,0x32,0x20,0x3d,
    0x20,0x63,0x6c,0x6f,0x74,0x68,0x5f,0x73,0x74,0x65,0x70,0x5f,0x70,0x61,0x72,0x61,
    0x6d,0x73,0x5b,0x35,0x5d,0x2e,0x7a,0x3b,0x0a,0x20,0x20,0x20,0x20,0x20,0x20,0x20,
    0x20,0x20,0x20,0x20,0x20,0x61,0x70,0x70,0x6c,0x79,0x4e,0x65,0x69,0x67,0x68,0x62,
    0x6f,0x72,0x28,0x70,0x61,0x72,0x61,0x6d,0x5f,0x37,0x37,0x2c,0x20,0x70,0x61,0x72,
    0x61,0x6d,0x5f,0x37,0x38,0x2c,0x20,0x70,0x61,0x72,0x61,0x6d,0x5f,0x37,0x39,0x2c,
    0x20,0x70,0x61,0x72,0x61,0x6d,0x5f,0x38,0x30,0x2c,0x20,0x70,0x61,0x72,0x61,0x6d,
    0x5f,0x38,0x31,0x2c,0x20,0x70,0x61,0x72,0x61,0x6d,0x5f,0x38,0x32,0x29,0x3b,0x0a,
    0x20,0x20,0x20,0x20,0x20,0x20,0x20,0x20,0x20,0x20,0x20,0x20,0x63,0x6f,0x72,0x72,
    0x65,0x63,0x74,0x69,0x6f,0x6e,0x20,0x3d,0x20,0x70,0x61,0x72,0x61,0x6d,0x5f,0x37,
    0x37,0x3b,0x0a,0x20,0x20,0x20,0x20,0x20,0x20,0x20,0x20,0x20,0x20,0x20,0x20,0x68,
    0x69,0x67,0x68,0x70,0x20,0x76,0x65,0x63,0x33,0x20,0x70,0x61,0x72,0x61,0x6d,0x5f,
    0x38,0x33,0x20,0x3d,0x20,0x70,0x61,0x72,0x61,0x6d,0x5f,0x37,0x37,0x3b,0x0a,0x20,
    0x20,0x20,0x20,0x20,0x20,0x20,0x20,0x20,0x20,0x20,0x20,0x68,0x69,0x67,0x68,0x70,
    0x20,0x76,0x65,0x63,0x33,0x20,0x70,0x61,0x72,0x61,0x6d,0x5f,0x38,0x34,0x20,0x3d,
    0x20,0x70,0x6f,0x73,0x3b,0x0a,0x20,0x20,0x20,0x20,0x20,0x20,0x20,0x20,0x20,0x20,
    0x20,0x20,0x68,0x69,0x67,0x68,0x70,0x20,0x76,0x65,0x63,0x32,0x20,0x70,0x61,0x72,
    0x61,0x6d,0x5f,0x38,0x35,0x20,0x3d,0x20,0x5f,0x35,0x32,0x32,0x3b,0x0a,0x20,0x20,
    0x20,0x20,0x20,0x20,0x20,0x20,0x20,0x20,0x20,0x20,0x68,0x69,0x67,0x68,0x70,0x20,
    0x76,0x65,0x63,0x32,0x20,0x70,0x61,0x72,0x61,0x6d,0x5f,0x38,0x36,0x20,0x3d,0x20,
    0x76,0x65,0x63,0x32,0x28,0x32,0x2e,0x30,0x2c,0x20,0x2d,0x32,0x2e,0x30,0x29,0x3b,
    0x0a,0x20,0x20,0x20,0x20,0x20,0x20,0x20,0x20,0x20,0x20,0x20,0x20,0x68,0x69,0x67,
    0x68,0x70,0x20,0x66,0x6c,0x6f,0x61,0x74,0x20,0x70,0x61,0x72,0x61,0x6d,0x5f,0x38,
    0x37,0x20,0x3d,0x20,0x5f,0x37,0x34,0x35,0x3b,0x0a,0x20,0x20,0x20,0x20,0x20,0x20,
    0x20,0x20,0x20,0x20,0x20,0x20,0x68,0x69,0x67,0x68,0x70,0x20,0x66,0x6c,0x6f,0x61,
    0x74,0x20,0x70,0x61,0x72,0x61,0x6d,0x5f,0x38,0x38,0x20,0x3d,0x20,0x63,0x6c,0x6f,
    0x74,0x68,0x5f,0x73,0x74,0x65,0x70,0x5f,0x70,0x61,0x72,0x61,0x6d,0x73,0x5b,0x35,
    0x5d,0x2e,0x7a,0x3b,0x0a,0x20,0x20,0x20,0x20,0x20,0x20,0x20,0x20,0x20,0x20,0x20,
    0x20,0x61,0x70,0x70,0x6c,0x79,0x4e,0x65,0x69,0x67,0x68,0x62,0x6f,0x72,0x28,0x70,
    0x61,0x72,0x61,0x6d,0x5f,0x38,0x33,0x2c,0x20,0x70,0x61,0x72,0x61,0x6d,0x5f,0x38,
    0x34,0x2c,0x20,0x70,0x61,0x72,0x61,0x6d,0x5f,0x38,0x35,0x2c,0x20,0x70,0x61,0x72,
    0x61,0x6d,0x5f,0x38,0x36,0x2c,0x20,0x70,0x61,0x72,0x61,0x6d,0x5f,0x38,0x37,0x2c,
    0x20,0x70,0x61,0x72,0x61,0x6d,0x5f,0x38,0x38,0x29,0x3b,0x0a,0x20,0x20,0x20,0x20,
    0x20,0x20,0x20,0x20,0x20,0x20,0x20,0x20,0x63,0x6f,0x72,0x72,0x65,0x63,0x74,0x69,
    0x6f,0x6e,0x20,0x3d,0x20,0x70,0x61,0x72,0x61,0x6d,0x5f,0x38,0x33,0x3b,0x0a,0x20,
    0x20,0x20,0x20,0x20,0x20,0x20,0x20,0x20,0x20,0x20,0x20,0x68,0x69,0x67,0x68,0x70,
    0x20,0x76,0x65,0x63,0x33,0x20,0x70,0x61,0x72,0x61,0x6d,0x5f,0x38,0x39,0x20,0x3d,
    0x20,0x70,0x61,0x72,0x61,0x6d,0x5f,0x38,0x33,0x3b,0x0a,0x20,0x20,0x20,0x20,0x20,
    0x20,0x20,0x20,0x20,0x20,0x20,0x20,0x68,0x69,0x67,0x68,0x70,0x20,0x76,0x65,0x63,
    0x33,0x20,0x70,0x61,0x72,0x61,0x6d,0x5f,0x39,0x30,0x20,0x3d,0x20,0x70,0x6f,0x73,
    0x3b,0x0a,0x20,0x20,0x20,0x20,0x20,0x20,0x20,0x20,0x20,0x20,0x20,0x20,0x68,0x69,
    0x67,0x68,0x70,0x20,0x76,0x65,0x63,0x32,0x20,0x70,0x61,0x72,0x61,0x6d,0x5f,0x39,
    0x31,0x20,0x3d,0x20,0x5f,0x35,0x32,0x32,0x3b,0x0a,0x20,0x20,0x20,0x20,0x20,0x20,
    0x20,0x20,0x20,0x20,0x20,0x20,0x68,0x69,0x67,0x68,0x70,0x20,0x76,0x65,0x63,0x32,
    0x20,0x70,0x61,0x72,0x61,0x6d,0x5f,0x39,0x32,0x20,0x3d,0x20,0x76,0x65,0x63,0x32,
    0x28,0x2d,0x32,0x2e,0x30,0x2c,0x20,0x32,0x2e,0x30,0x29,0x3b,0x0a,0x20,0x20,0x20,
    0x20,0x20,0x20,0x20,0x20,0x20,0x20,0x20,0x20,0x68,0x69,0x67,0x68,0x70,0x20,0x66,
    0x6c,0x6f,0x61,0x74,0x20,0x70,0x61,0x72,0x61,0x6d,0x5f,0x39,0x33,0x20,0x3d,0x20,
    0x5f,0x37,0x34,0x35,0x3b,0x0a,0x20,0x20,0x20,0x20,0x20,0x20,0x20,0x20,0x20,0x20,
    0x20,0x20,0x68,0x69,0x67,0x68,0x70,0x20,0x66,0x6c,0x6f,0x61,0x74,0x20,0x70,0x61,
    0x72,0x61,0x6d,0x5f,0x39,0x34,0x20,0x3d,0x20,0x63,0x6c,0x6f,0x74,0x68,0x5f,0x73,
    0x74,0x65,0x70,0x5f,0x70,0x61,0x72,0x61,0x6d,0x73,0x5b,0x35,0x5d,0x2e,0x7a,0x3b,
    0x0a,0x20,0x20,0x20,0x20,0x20,0x20,0x20,0x20,0x20,0x20,0x20,0x20,0x61,0x70,0x70,
    0x6c,0x79,0x4e,0x65,0x69,0x67,0x68,0x62,0x6f,0x72,0x28,0x70,0x61,0x72,0x61,0x6d,
    0x5f,0x38,0x39,0x2c,0x20,0x70,0x61,0x72,0x61,0x6d,0x5f,0x39,0x30,0x2c,0x20,0x70,
    0x61,0x72,0x61,0x6d,0x5f,0x39,0x31,0x2c,0x20,0x70,0x61,0x72,0x61,0x6d,0x5f,0x39,
    0x32,0x2c,0x20,0x70,0x61,0x72,0x61,0x6d,0x5f,0x39,0x33,0x2c,0x20,0x70,0x61,0x72,
    0x61,0x6d,0x5f,0x39,0x34,0x29,0x3b,0x0a,0x20,0x20,0x20,0x20,0x20,0x20,0x20,0x20,
    0x20,0x20,0x20,0x20,0x63,0x6f,0x72,0x72,0x65,0x63,0x74,0x69,0x6f,0x6e,0x20,0x3d,
    0x20,0x70,0x61,0x72,0x61,0x6d,0x5f,0x38,0x39,0x3b,0x0a,0x20,0x20,0x20,0x20,0x20,
    0x20,0x20,0x20,0x20,0x20,0x20,0x20,0x68,0x69,0x67,0x68,0x70,0x20,0x76,0x65,0x63,
    0x33,0x20,0x70,0x61,0x72,0x61,0x6d,0x5f,0x39,0x35,0x20,0x3d,0x20,0x70,0x61,0x72,
    0x61,0x6d,0x5f,0x38,0x39,0x3b,0x0a,0x20,0x20,0x20,0x20,0x20,0x20,0x20,0x20,0x20,
    0x20,0x20,0x20,0x68,0x69,0x67,0x68,0x70,0x20,0x76,0x65,0x63,0x33,0x20,0x70,0x61,
    0x72,0x61,0x6d,0x5f,0x39,0x36,0x20,0x3d,0x20,0x70,0x6f,0x73,0x3b,0x0a,0x20,0x20,
    0x20,0x20,0x20,0x20,0x20,0x20,0x20,0x20,0x20,0x20,0x68,0x69,0x67,0x68,0x70,0x20,
    0x76,0x65,0x63,0x32,0x20,0x70,0x61,0x72,0x61,0x6d,0x5f,0x39,0x37,0x20,0x3d,0x20,
    0x5f,0x35,0x32,0x32,0x3b,0x0a,0x20,0x20,0x20,0x20,0x20,0x20,0x20,0x20,0x20,0x20,
    0x20,0x20,0x68,0x69,0x67,0x68,0x70,0x20,0x76,0x65,0x63,0x32,0x20,0x70,0x61,0x72,
    0x61,0x6d,0x5f,0x39,0x38,0x20,0x3d,0x20,0x76,0x65,0x63,0x32,0x28,0x32,0x2e,0x30,
    0x29,0x3b,0x0a,0x20,0x20,0x20,0x20,0x20,0x20,0x20,0x20,0x20,0x20,0x20,0x20,0x68,
    0x69,0x67,0x68,0x70,0x20,0x66,0x6c,0x6f,0x61,0x74,0x20,0x70,0x61,0x72,0x61,0x6d,
    0x5f,0x39,0x39,0x20,0x3d,0x20,0x5f,0x37,0x34,0x35,0x3b,0x0a,0x20,0x20,0x20,0x20,
    0x20,0x20,0x20,0x20,0x20,0x20,0x20,0x20,0x68,0x69,0x67,0x68,0x70,0x20,0x66,0x6c,
    0x6f,0x61,0x74,0x20,0x70,0x61,0x72,0x61,0x6d,0x5f,0x31,0x30,0x30,0x20,0x3d,0x20,
    0x63,0x6c,0x6f,0x74,0x68,0x5f,0x73,0x74,0x65,0x70,0x5f,0x70,0x61,0x72,0x61,0x6d,
    0x73,0x5b,0x35,0x5d,0x2e,0x7a,0x3b,0x0a,0x20,0x20,0x20,0x20,0x20,0x20,0x20,0x20,
    0x20,0x20,0x20,0x20,0x61,0x70,0x70,0x6c,0x79,0x4e,0x65,0x69,0x67,0x68,0x62,0x6f,
    0x72,0x28,0x70,0x61,0x72,0x61,0x6d,0x5f,0x39,0x35,0x2c,0x20,0x70,0x61,0x72,0x61,
    0x6d,0x5f,0x39,0x36,0x2c,0x20,0x70,0x61,0x72,0x61,0x6d,0x5f,0x39,0x37,0x2c,0x20,
    0x70,0x61,0x72,0x61,0x6d,0x5f,0x39,0x38,0x2c,0x20,0x70,0x61,0x72,0x61,0x6d,0x5f,
    0x39,0x39,0x2c,0x20,0x70,0x61,0x72,0x61,0x6d,0x5f,0x31,0x30,0x30,0x29,0x3b,0x0a,
    0x20,0x20,0x20,0x20,0x20,0x20,0x20,0x20,0x20,0x20,0x20,0x20,0x63,0x6f,0x72,0x72,
    0x65,0x63,0x74,0x69,0x6f,0x6e,0x20,0x3d,0x20,0x70,0x61,0x72,0x61,0x6d,0x5f,0x39,
    0x35,0x3b,0x0a,0x20,0x20,0x20,0x20,0x20,0x20,0x20,0x20,0x7d,0x0a,0x20,0x20,0x20,
    0x20,0x20,0x20,0x20,0x20,0x66,0x72,0x61,0x67,0x5f,0x63,0x6f,0x6c,0x6f,0x72,0x20,
    0x3d,0x20,0x76,0x65,0x63,0x34,0x28,0x70,0x6f,0x73,0x20,0x2b,0x20,0x28,0x63,0x6f,
    0x72,0x72,0x65,0x63,0x74,0x69,0x6f,0x6e,0x20,0x2a,0x20,0x63,0x6c,0x6f,0x74,0x68,
    0x5f,0x73,0x74,0x65,0x70,0x5f,0x70,0x61,0x72,0x61,0x6d,0x73,0x5b,0x37,0x5d,0x2e,
    0x77,0x29,0x2c,0x20,0x5f,0x33,0x37,0x39,0x29,0x3b,0x0a,0x20,0x20,0x20,0x20,0x20,
    0x20,0x20,0x20,0x72,0x65,0x74,0x75,0x72,0x6e,0x3b,0x0a,0x20,0x20,0x20,0x20,0x7d,
    0x0a,0x20,0x20,0x20,0x20,0x62,0x6f,0x6f,0x6c,0x20,0x5f,0x38,0x32,0x33,0x20,0x3d,
    0x20,0x5f,0x33,0x34,0x37,0x20,0x3d,0x3d,0x20,0x33,0x3b,0x0a,0x20,0x20,0x20,0x20,
    0x62,0x6f,0x6f,0x6c,0x20,0x5f,0x38,0x33,0x30,0x3b,0x0a,0x20,0x20,0x20,0x20,0x69,
    0x66,0x20,0x28,0x5f,0x38,0x32,0x33,0x29,0x0a,0x20,0x20,0x20,0x20,0x7b,0x0a,0x20,
    0x20,0x20,0x20,0x20,0x20,0x20,0x20,0x5f,0x38,0x33,0x30,0x20,0x3d,0x20,0x63,0x6c,
    0x6f,0x74,0x68,0x5f,0x73,0x74,0x65,0x70,0x5f,0x70,0x61,0x72,0x61,0x6d,0x73,0x5b,
    0x36,0x5d,0x2e,0x77,0x20,0x3e,0x20,0x30,0x2e,0x30,0x3b,0x0a,0x20,0x20,0x20,0x20,
    0x7d,0x0a,0x20,0x20,0x20,0x20,0x65,0x6c,0x73,0x65,0x0a,0x20,0x20,0x20,0x20,0x7b,
    0x0a,0x20,0x20,0x20,0x20,0x20,0x20,0x20,0x20,0x5f,0x38,0x33,0x30,0x20,0x3d,0x20,
    0x5f,0x38,0x32,0x33,0x3b,0x0a,0x20,0x20,0x20,0x20,0x7d,0x0a,0x20,0x20,0x20,0x20,
    0x69,0x66,0x20,0x28,0x5f,0x38,0x33,0x30,0x29,0x0a,0x20,0x20,0x20,0x20,0x7b,0x0a,
    0x20,0x20,0x20,0x20,0x20,0x20,0x20,0x20,0x68,0x69,0x67,0x68,0x70,0x20,0x76,0x65,
    0x63,0x33,0x20,0x5f,0x38,0x33,0x38,0x20,0x3d,0x20,0x70,0x6f,0x73,0x20,0x2d,0x20,
    0x63,0x6c,0x6f,0x74,0x68,0x5f,0x73,0x74,0x65,0x70,0x5f,0x70,0x61,0x72,0x61,0x6d,
    0x73,0x5b,0x36,0x5d,0x2e,0x78,0x79,0x7a,0x3b,0x0a,0x20,0x20,0x20,0x20,0x20,0x20,
    0x20,0x20,0x68,0x69,0x67,0x68,0x70,0x20,0x66,0x6c,0x6f,0x61,0x74,0x20,0x5f,0x38,
    0x34,0x31,0x20,0x3d,0x20,0x6c,0x65,0x6e,0x67,0x74,0x68,0x28,0x5f,0x38,0x33,0x38,
    0x29,0x3b,0x0a,0x20,0x20,0x20,0x20,0x20,0x20,0x20,0x20,0x69,0x66,0x20,0x28,0x5f,
    0x38,0x34,0x31,0x20,0x3c,0x20,0x63,0x6c,0x6f,0x74,0x68,0x5f,0x73,0x74,0x65,0x70,
    0x5f,0x70,0x61,0x72,0x61,0x6d,0x73,0x5b,0x36,0x5d,0x2e,0x77,0x29,0x0a,0x20,0x20,
    0x20,0x20,0x20,0x20,0x20,0x20,0x7b,0x0a,0x20,0x20,0x20,0x20,0x20,0x20,0x20,0x20,
    0x20,0x20,0x20,0x20,0x68,0x69,0x67,0x68,0x70,0x20,0x76,0x65,0x63,0x33,0x20,0x5f,
    0x38,0x35,0x31,0x3b,0x0a,0x20,0x20,0x20,0x20,0x20,0x20,0x20,0x20,0x20,0x20,0x20,
    0x20,0x69,0x66,0x20,0x28,0x5f,0x38,0x34,0x31,0x20,0x3e,0x20,0x39,0x2e,0x39,0x39,
    0x39,0x39,0x39,0x39,0x39,0x37,0x34,0x37,0x35,0x32,0x34,0x32,0x37,0x30,0x37,0x38,
    0x37,0x38,0x33,0x35,0x31,0x32,0x31,0x31,0x35,0x34,0x37,0x38,0x35,0x65,0x2d,0x30,
    0x37,0x29,0x0a,0x20,0x20,0x20,0x20,0x20,0x20,0x20,0x20,0x20,0x20,0x20,0x20,0x7b,
    0x0a,0x20,0x20,0x20,0x20,0x20,0x20,0x20,0x20,0x20,0x20,0x20,0x20,0x20,0x20,0x20,
    0x20,0x5f,0x38,0x35,0x31,0x20,0x3d,0x20,0x5f,0x38,0x33,0x38,0x20,0x2f,0x20,0x76,
    0x65,0x63,0x33,0x28,0x5f,0x38,0x34,0x31,0x29,0x3b,0x0a,0x20,0x20,0x20,0x20,0x20,
    0x20,0x20,0x20,0x20,0x20,0x20,0x20,0x7d,0x0a,0x20,0x20,0x20,0x20,0x20,0x20,0x20,
    0x20,0x20,0x20,0x20,0x20,0x65,0x6c,0x73,0x65,0x0a,0x20,0x20,0x20,0x20,0x20,0x20,
    0x20,0x20,0x20,0x20,0x20,0x20,0x7b,0x0a,0x20,0x20,0x20,0x20,0x20,0x20,0x20,0x20,
    0x20,0x20,0x20,0x20,0x20,0x20,0x20,0x20,0x5f,0x38,0x35,0x31,0x20,0x3d,0x20,0x76,
    0x65,0x63,0x33,0x28,0x30,0x2e,0x30,0x2c,0x20,0x31,0x2e,0x30,0x2c,0x20,0x30,0x2e,
    0x30,0x29,0x3b,0x0a,0x20,0x20,0x20,0x20,0x20,0x20,0x20,0x20,0x20,0x20,0x20,0x20,
    0x7d,0x0a,0x20,0x20,0x20,0x20,0x20,0x20,0x20,0x20,0x20,0x20,0x20,0x20,0x70,0x6f,
    0x73,0x20,0x3d,0x20,0x63,0x6c,0x6f,0x74,0x68,0x5f,0x73,0x74,0x65,0x70,0x5f,0x70,
    0x61,0x72,0x61,0x6d,0x73,0x5b,0x36,0x5d,0x2e,0x78,0x79,0x7a,0x20,0x2b,0x20,0x28,
    0x5f,0x38,0x35,0x31,0x20,0x2a,0x20,0x63,0x6c,0x6f,0x74,0x68,0x5f,0x73,0x74,0x65,
    0x70,0x5f,0x70,0x61,0x72,0x61,0x6d,0x73,0x5b,0x36,0x5d,0x2e,0x77,0x29,0x3b,0x0a,
    0x20,0x20,0x20,0x20,0x20,0x20,0x20,0x20,0x7d,0x0a,0x20,0x20,0x20,0x20,0x20,0x20,
    0x20,0x20,0x66,0x72,0x61,0x67,0x5f,0x63,0x6f,0x6c,0x6f,0x72,0x20,0x3d,0x20,0x76,
    0x65,0x63,0x34,0x28,0x70,0x6f,0x73,0x2c,0x20,0x5f,0x33,0x37,0x39,0x29,0x3b,0x0a,
    0x20,0x20,0x20,0x20,0x20,0x20,0x20,0x20,0x72,0x65,0x74,0x75,0x72,0x6e,0x3b,0x0a,
    0x20,0x20,0x20,0x20,0x7d,0x0a,0x20,0x20,0x20,0x20,0x66,0x72,0x61,0x67,0x5f,0x63,
    0x6f,0x6c,0x6f,0x72,0x20,0x3d,0x20,0x76,0x65,0x63,0x34,0x28,0x70,0x6f,0x73,0x2c,
    0x20,0x5f,0x33,0x37,0x39,0x29,0x3b,0x0a,0x7d,0x0a,0x0a,0x00,
};
/*
    static float4 gl_Position;
    static float2 position;
    static float2 uv;
    static float2 texcoord0;

    struct SPIRV_Cross_Input
    {
        float2 position : TEXCOORD0;
        float2 texcoord0 : TEXCOORD1;
    };

    struct SPIRV_Cross_Output
    {
        float2 uv : TEXCOORD0;
        float4 gl_Position : SV_Position;
    };

    void vert_main()
    {
        gl_Position = float4(position, 0.0f, 1.0f);
        uv = texcoord0;
    }

    SPIRV_Cross_Output main(SPIRV_Cross_Input stage_input)
    {
        position = stage_input.position;
        texcoord0 = stage_input.texcoord0;
        vert_main();
        SPIRV_Cross_Output stage_output;
        stage_output.gl_Position = gl_Position;
        stage_output.uv = uv;
        return stage_output;
    }
*/
static const uint8_t cloth_fullscreen_vs_source_hlsl5[665] = {
    0x73,0x74,0x61,0x74,0x69,0x63,0x20,0x66,0x6c,0x6f,0x61,0x74,0x34,0x20,0x67,0x6c,
    0x5f,0x50,0x6f,0x73,0x69,0x74,0x69,0x6f,0x6e,0x3b,0x0a,0x73,0x74,0x61,0x74,0x69,
    0x63,0x20,0x66,0x6c,0x6f,0x61,0x74,0x32,0x20,0x70,0x6f,0x73,0x69,0x74,0x69,0x6f,
    0x6e,0x3b,0x0a,0x73,0x74,0x61,0x74,0x69,0x63,0x20,0x66,0x6c,0x6f,0x61,0x74,0x32,
    0x20,0x75,0x76,0x3b,0x0a,0x73,0x74,0x61,0x74,0x69,0x63,0x20,0x66,0x6c,0x6f,0x61,
    0x74,0x32,0x20,0x74,0x65,0x78,0x63,0x6f,0x6f,0x72,0x64,0x30,0x3b,0x0a,0x0a,0x73,
    0x74,0x72,0x75,0x63,0x74,0x20,0x53,0x50,0x49,0x52,0x56,0x5f,0x43,0x72,0x6f,0x73,
    0x73,0x5f,0x49,0x6e,0x70,0x75,0x74,0x0a,0x7b,0x0a,0x20,0x20,0x20,0x20,0x66,0x6c,
    0x6f,0x61,0x74,0x32,0x20,0x70,0x6f,0x73,0x69,0x74,0x69,0x6f,0x6e,0x20,0x3a,0x20,
    0x54,0x45,0x58,0x43,0x4f,0x4f,0x52,0x44,0x30,0x3b,0x0a,0x20,0x20,0x20,0x20,0x66,
    0x6c,0x6f,0x61,0x74,0x32,0x20,0x74,0x65,0x78,0x63,0x6f,0x6f,0x72,0x64,0x30,0x20,
    0x3a,0x20,0x54,0x45,0x58,0x43,0x4f,0x4f,0x52,0x44,0x31,0x3b,0x0a,0x7d,0x3b,0x0a,
    0x0a,0x73,0x74,0x72,0x75,0x63,0x74,0x20,0x53,0x50,0x49,0x52,0x56,0x5f,0x43,0x72,
    0x6f,0x73,0x73,0x5f,0x4f,0x75,0x74,0x70,0x75,0x74,0x0a,0x7b,0x0a,0x20,0x20,0x20,
    0x20,0x66,0x6c,0x6f,0x61,0x74,0x32,0x20,0x75,0x76,0x20,0x3a,0x20,0x54,0x45,0x58,
    0x43,0x4f,0x4f,0x52,0x44,0x30,0x3b,0x0a,0x20,0x20,0x20,0x20,0x66,0x6c,0x6f,0x61,
    0x74,0x34,0x20,0x67,0x6c,0x5f,0x50,0x6f,0x73,0x69,0x74,0x69,0x6f,0x6e,0x20,0x3a,
    0x20,0x53,0x56,0x5f,0x50,0x6f,0x73,0x69,0x74,0x69,0x6f,0x6e,0x3b,0x0a,0x7d,0x3b,
    0x0a,0x0a,0x76,0x6f,0x69,0x64,0x20,0x76,0x65,0x72,0x74,0x5f,0x6d,0x61,0x69,0x6e,
    0x28,0x29,0x0a,0x7b,0x0a,0x20,0x20,0x20,0x20,0x67,0x6c,0x5f,0x50,0x6f,0x73,0x69,
    0x74,0x69,0x6f,0x6e,0x20,0x3d,0x20,0x66,0x6c,0x6f,0x61,0x74,0x34,0x28,0x70,0x6f,
    0x73,0x69,0x74,0x69,0x6f,0x6e,0x2c,0x20,0x30,0x2e,0x30,0x66,0x2c,0x20,0x31,0x2e,
    0x30,0x66,0x29,0x3b,0x0a,0x20,0x20,0x20,0x20,0x75,0x76,0x20,0x3d,0x20,0x74,0x65,
    0x78,0x63,0x6f,0x6f,0x72,0x64,0x30,0x3b,0x0a,0x7d,0x0a,0x0a,0x53,0x50,0x49,0x52,
    0x56,0x5f,0x43,0x72,0x6f,0x73,0x73,0x5f,0x4f,0x75,0x74,0x70,0x75,0x74,0x20,0x6d,
    0x61,0x69,0x6e,0x28,0x53,0x50,0x49,0x52,0x56,0x5f,0x43,0x72,0x6f,0x73,0x73,0x5f,
    0x49,0x6e,0x70,0x75,0x74,0x20,0x73,0x74,0x61,0x67,0x65,0x5f,0x69,0x6e,0x70,0x75,
    0x74,0x29,0x0a,0x7b,0x0a,0x20,0x20,0x20,0x20,0x70,0x6f,0x73,0x69,0x74,0x69,0x6f,
    0x6e,0x20,0x3d,0x20,0x73,0x74,0x61,0x67,0x65,0x5f,0x69,0x6e,0x70,0x75,0x74,0x2e,
    0x70,0x6f,0x73,0x69,0x74,0x69,0x6f,0x6e,0x3b,0x0a,0x20,0x20,0x20,0x20,0x74,0x65,
    0x78,0x63,0x6f,0x6f,0x72,0x64,0x30,0x20,0x3d,0x20,0x73,0x74,0x61,0x67,0x65,0x5f,
    0x69,0x6e,0x70,0x75,0x74,0x2e,0x74,0x65,0x78,0x63,0x6f,0x6f,0x72,0x64,0x30,0x3b,
    0x0a,0x20,0x20,0x20,0x20,0x76,0x65,0x72,0x74,0x5f,0x6d,0x61,0x69,0x6e,0x28,0x29,
    0x3b,0x0a,0x20,0x20,0x20,0x20,0x53,0x50,0x49,0x52,0x56,0x5f,0x43,0x72,0x6f,0x73,
    0x73,0x5f,0x4f,0x75,0x74,0x70,0x75,0x74,0x20,0x73,0x74,0x61,0x67,0x65,0x5f,0x6f,
    0x75,0x74,0x70,0x75,0x74,0x3b,0x0a,0x20,0x20,0x20,0x20,0x73,0x74,0x61,0x67,0x65,
    0x5f,0x6f,0x75,0x74,0x70,0x75,0x74,0x2e,0x67,0x6c,0x5f,0x50,0x6f,0x73,0x69,0x74,
    0x69,0x6f,0x6e,0x20,0x3d,0x20,0x67,0x6c,0x5f,0x50,0x6f,0x73,0x69,0x74,0x69,0x6f,
    0x6e,0x3b,0x0a,0x20,0x20,0x20,0x20,0x73,0x74,0x61,0x67,0x65,0x5f,0x6f,0x75,0x74,
    0x70,0x75,0x74,0x2e,0x75,0x76,0x20,0x3d,0x20,0x75,0x76,0x3b,0x0a,0x20,0x20,0x20,
    0x20,0x72,0x65,0x74,0x75,0x72,0x6e,0x20,0x73,0x74,0x61,0x67,0x65,0x5f,0x6f,0x75,
    0x74,0x70,0x75,0x74,0x3b,0x0a,0x7d,0x0a,0x00,
};
/*
    cbuffer cloth_step_params : register(b0)
    {
        float4 _62_simSize : packoffset(c0);
        float4 _62_timing : packoffset(c1);
        float4 _62_wind : packoffset(c2);
        float4 _62_clothLayout : packoffset(c3);
        float4 _62_forces : packoffset(c4);
        float4 _62_stiffness : packoffset(c5);
        float4 _62_collider : packoffset(c6);
        float4 _62_options : packoffset(c7);
    };

    Texture2D<float4> positionTex : register(t0);
    SamplerState positionSmp : register(s0);
    Texture2D<float4> previousTex : register(t1);
    SamplerState previousSmp : register(s1);
    Texture2D<float4> pinTex : register(t2);
    SamplerState pinSmp : register(s2);

    static float2 uv;
    static float4 frag_color;

    struct SPIRV_Cross_Input
    {
        float2 uv : TEXCOORD0;
    };

    struct SPIRV_Cross_Output
    {
        float4 frag_color : SV_Target0;
    };

    float4 samplePin(float2 tc)
    {
        return pinTex.Sample(pinSmp, clamp(tc, 0.0f.xx, 1.0f.xx));
    }

    float3 restPosition(float2 tc)
    {
        float2 _168 = clamp(((tc * _62_simSize.xy) - 0.5f.xx) / max(_62_simSize.xy - 1.0f.xx, 1.0f.xx), 0.0f.xx, 1.0f.xx);
        return float3(_62_clothLayout.x + (_168.x * _62_clothLayout.z), _62_clothLayout.y + (_168.y * _62_clothLayout.w), 0.0f);
    }

    float3 pinnedOrRest(float2 tc, float4 pin)
    {
        if (pin.x > 0.5f)
        {
            return float3(pin.y, pin.z, pin.w);
        }
        float2 param = tc;
        return restPosition(param);
    }

    float3 samplePosition(float2 tc)
    {
        return positionTex.Sample(positionSmp, clamp(tc, 0.0f.xx, 1.0f.xx)).xyz;
    }

    float3 samplePrevious(float2 tc)
    {
        return previousTex.Sample(previousSmp, clamp(tc, 0.0f.xx, 1.0f.xx)).xyz;
    }

    float3 clothNormal()
    {
        float2 param = uv;
        float3 _216 = samplePosition(param);
        float2 _221 = float2(_62_simSize.z, 0.0f);
        float2 param_1 = uv + _221;
        float3 _224 = samplePosition(param_1);
        float2 param_2 = uv - _221;
        float3 _232 = samplePosition(param_2);
        float2 _237 = float2(0.0f, _62_simSize.w);
        float2 param_3 = uv - _237;
        float3 _240 = samplePosition(param_3);
        float2 param_4 = uv + _237;
        float3 _248 = samplePosition(param_4);
        float3 _252 = _224 - _216;
        float3 _255 = _240 - _216;
        float3 _262 = _232 - _216;
        float3 _270 = _248 - _216;
        float3 _280 = ((cross(_252, _255) + cross(_255, _262)) + cross(_262, _270)) + cross(_270, _252);
        float _283 = length(_280);
        if (_283 < 9.9999999747524270787835121154785e-07f)
        {
            return float3(0.0f, 0.0f, 1.0f);
        }
        return _280 / _283.xxx;
    }

    float2 gridCoord()
    {
        return floor(uv * _62_simSize.xy);
    }

    bool validCoord(float2 coord)
    {
        bool _78 = coord.x >= 0.0f;
        bool _85;
        if (_78)
        {
            _85 = coord.y >= 0.0f;
        }
        else
        {
            _85 = _78;
        }
        bool _94;
        if (_85)
        {
            _94 = coord.x < _62_simSize.x;
        }
        else
        {
            _94 = _85;
        }
        bool _102;
        if (_94)
        {
            _102 = coord.y < _62_simSize.y;
        }
        else
        {
            _102 = _94;
        }
        return _102;
    }

    float2 coordUv(float2 coord)
    {
        return (coord + 0.5f.xx) / _62_simSize.xy;
    }

    void applyNeighbor(inout float3 correction, float3 pos, float2 coord, float2 offset, float restLen, float k)
    {
        float2 _300 = coord + offset;
        float2 param = _300;
        if ((!validCoord(param)) || (k <= 0.0f))
        {
            return;
        }
        float2 param_1 = _300;
        float2 param_2 = coordUv(param_1);
        float3 _316 = samplePosition(param_2);
        float3 _320 = _316 - pos;
        float _323 = length(_320);
        if (_323 <= 9.9999999747524270787835121154785e-07f)
        {
            return;
        }
        correction += ((_320 * ((_323 - restLen) / _323)) * (0.5f * k));
    }

    void frag_main()
    {
        int _347 = int(_62_timing.w + 0.5f);
        float2 param = uv;
        float4 _351 = samplePin(param);
        if (_347 == 0)
        {
            float2 param_1 = uv;
            float4 param_2 = _351;
            frag_color = float4(pinnedOrRest(param_1, param_2), _351.x);
            return;
        }
        float2 param_3 = uv;
        float3 pos = samplePosition(param_3);
        float _379 = _351.x;
        if (_379 > 0.5f)
        {
            frag_color = float4(_351.yzw, _379);
            return;
        }
        if (_347 == 4)
        {
            frag_color = float4(pos, _379);
            return;
        }
        if (_347 == 1)
        {
            float2 param_4 = uv;
            float3 _417 = samplePrevious(param_4);
            float3 accel = _62_forces.xyz;
            bool _425 = _62_options.z > 0.5f;
            bool _432;
            if (_425)
            {
                _432 = _62_wind.w > 0.0f;
            }
            else
            {
                _432 = _425;
            }
            if (_432)
            {
                float3 _436 = clothNormal();
                accel += ((((_436 * dot(_436, normalize(_62_wind.xyz))) * _62_wind.w) * (85.0f + (sin(((_62_timing.z * (1.7999999523162841796875f + (_62_wind.w * 0.039999999105930328369140625f))) + (uv.x * 10.0f)) + (uv.y * 6.0f)) * 12.25f))) * smoothstep(0.0500000007450580596923828125f, 0.87999999523162841796875f, uv.y));
            }
            frag_color = float4((pos + ((pos - _417) * _62_timing.y)) + ((accel * _62_timing.x) * _62_timing.x), _379);
            return;
        }
        if (_347 == 2)
        {
            float2 _522 = gridCoord();
            float _530 = _62_clothLayout.z / max(_62_simSize.x - 1.0f, 1.0f);
            float _538 = _62_clothLayout.w / max(_62_simSize.y - 1.0f, 1.0f);
            float _543 = length(float2(_530, _538));
            float3 correction = 0.0f.xxx;
            float3 param_5 = 0.0f.xxx;
            float3 param_6 = pos;
            float2 param_7 = _522;
            float2 param_8 = float2(-1.0f, 0.0f);
            float param_9 = _530;
            float param_10 = _62_stiffness.x;
            applyNeighbor(param_5, param_6, param_7, param_8, param_9, param_10);
            correction = param_5;
            float3 param_11 = param_5;
            float3 param_12 = pos;
            float2 param_13 = _522;
            float2 param_14 = float2(1.0f, 0.0f);
            float param_15 = _530;
            float param_16 = _62_stiffness.x;
            applyNeighbor(param_11, param_12, param_13, param_14, param_15, param_16);
            correction = param_11;
            float3 param_17 = param_11;
            float3 param_18 = pos;
            float2 param_19 = _522;
            float2 param_20 = float2(0.0f, -1.0f);
            float param_21 = _538;
            float param_22 = _62_stiffness.x;
            applyNeighbor(param_17, param_18, param_19, param_20, param_21, param_22);
            correction = param_17;
            float3 param_23 = param_17;
            float3 param_24 = pos;
            float2 param_25 = _522;
            float2 param_26 = float2(0.0f, 1.0f);
            float param_27 = _538;
            float param_28 = _62_stiffness.x;
            applyNeighbor(param_23, param_24, param_25, param_26, param_27, param_28);
            correction = param_23;
            if (_62_options.x > 0.5f)
            {
                float3 param_29 = correction;
                float3 param_30 = pos;
                float2 param_31 = _522;
                float2 param_32 = (-1.0f).xx;
                float param_33 = _543;
                float param_34 = _62_stiffness.y;
                applyNeighbor(param_29, param_30, param_31, param_32, param_33, param_34);
                correction = param_29;
                float3 param_35 = param_29;
                float3 param_36 = pos;
                float2 param_37 = _522;
                float2 param_38 = float2(1.0f, -1.0f);
                float param_39 = _543;
                float param_40 = _62_stiffness.y;
                applyNeighbor(param_35, param_36, param_37, param_38, param_39, param_40);
                correction = param_35;
                float3 param_41 = param_35;
                float3 param_42 = pos;
                float2 param_43 = _522;
                float2 param_44 = float2(-1.0f, 1.0f);
                float param_45 = _543;
                float param_46 = _62_stiffness.y;
                applyNeighbor(param_41, param_42, param_43, param_44, param_45, param_46);
                correction = param_41;
                float3 param_47 = param_41;
                float3 param_48 = pos;
                float2 param_49 = _522;
                float2 param_50 = 1.0f.xx;
                float param_51 = _543;
                float param_52 = _62_stiffness.y;
                applyNeighbor(param_47, param_48, param_49, param_50, param_51, param_52);
                correction = param_47;
            }
            if (_62_options.y > 0.5f)
            {
                float _681 = _530 * 2.0f;
                float3 param_53 = correction;
                float3 param_54 = pos;
                float2 param_55 = _522;
                float2 param_56 = float2(-2.0f, 0.0f);
                float param_57 = _681;
                float param_58 = _62_stiffness.z;
                applyNeighbor(param_53, param_54, param_55, param_56, param_57, param_58);
                correction = param_53;
                float3 param_59 = param_53;
                float3 param_60 = pos;
                float2 param_61 = _522;
                float2 param_62 = float2(2.0f, 0.0f);
                float param_63 = _681;
                float param_64 = _62_stiffness.z;
                applyNeighbor(param_59, param_60, param_61, param_62, param_63, param_64);
                correction = param_59;
                float _713 = _538 * 2.0f;
                float3 param_65 = param_59;
                float3 param_66 = pos;
                float2 param_67 = _522;
                float2 param_68 = float2(0.0f, -2.0f);
                float param_69 = _713;
                float param_70 = _62_stiffness.z;
                applyNeighbor(param_65, param_66, param_67, param_68, param_69, param_70);
                correction = param_65;
                float3 param_71 = param_65;
                float3 param_72 = pos;
                float2 param_73 = _522;
                float2 param_74 = float2(0.0f, 2.0f);
                float param_75 = _713;
                float param_76 = _62_stiffness.z;
                applyNeighbor(param_71, param_72, param_73, param_74, param_75, param_76);
                correction = param_71;
                float _745 = _543 * 2.0f;
                float3 param_77 = param_71;
                float3 param_78 = pos;
                float2 param_79 = _522;
                float2 param_80 = (-2.0f).xx;
                float param_81 = _745;
                float param_82 = _62_stiffness.z;
                applyNeighbor(param_77, param_78, param_79, param_80, param_81, param_82);
                correction = param_77;
                float3 param_83 = param_77;
                float3 param_84 = pos;
                float2 param_85 = _522;
                float2 param_86 = float2(2.0f, -2.0f);
                float param_87 = _745;
                float param_88 = _62_stiffness.z;
                applyNeighbor(param_83, param_84, param_85, param_86, param_87, param_88);
                correction = param_83;
                float3 param_89 = param_83;
                float3 param_90 = pos;
                float2 param_91 = _522;
                float2 param_92 = float2(-2.0f, 2.0f);
                float param_93 = _745;
                float param_94 = _62_stiffness.z;
                applyNeighbor(param_89, param_90, param_91, param_92, param_93, param_94);
                correction = param_89;
                float3 param_95 = param_89;
                float3 param_96 = pos;
                float2 param_97 = _522;
                float2 param_98 = 2.0f.xx;
                float param_99 = _745;
                float param_100 = _62_stiffness.z;
                applyNeighbor(param_95, param_96, param_97, param_98, param_99, param_100);
                correction = param_95;
            }
            frag_color = float4(pos + (correction * _62_options.w), _379);
            return;
        }
        bool _823 = _347 == 3;
        bool _830;
        if (_823)
        {
            _830 = _62_collider.w > 0.0f;
        }
        else
        {
            _830 = _823;
        }
        if (_830)
        {
            float3 _838 = pos - _62_collider.xyz;
            float _841 = length(_838);
            if (_841 < _62_collider.w)
            {
                float3 _851;
                if (_841 > 9.9999999747524270787835121154785e-07f)
                {
                    _851 = _838 / _841.xxx;
                }
                else
                {
                    _851 = float3(0.0f, 1.0f, 0.0f);
                }
                pos = _62_collider.xyz + (_851 * _62_collider.w);
            }
            frag_color = float4(pos, _379);
            return;
        }
        frag_color = float4(pos, _379);
    }

    SPIRV_Cross_Output main(SPIRV_Cross_Input stage_input)
    {
        uv = stage_input.uv;
        frag_main();
        SPIRV_Cross_Output stage_output;
        stage_output.frag_color = frag_color;
        return stage_output;
    }
*/
static const uint8_t fs_cloth_step_source_hlsl5[12243] = {
    0x63,0x62,0x75,0x66,0x66,0x65,0x72,0x20,0x63,0x6c,0x6f,0x74,0x68,0x5f,0x73,0x74,
    0x65,0x70,0x5f,0x70,0x61,0x72,0x61,0x6d,0x73,0x20,0x3a,0x20,0x72,0x65,0x67,0x69,
    0x73,0x74,0x65,0x72,0x28,0x62,0x30,0x29,0x0a,0x7b,0x0a,0x20,0x20,0x20,0x20,0x66,
    0x6c,0x6f,0x61,0x74,0x34,0x20,0x5f,0x36,0x32,0x5f,0x73,0x69,0x6d,0x53,0x69,0x7a,
    0x65,0x20,0x3a,0x20,0x70,0x61,0x63,0x6b,0x6f,0x66,0x66,0x73,0x65,0x74,0x28,0x63,
    0x30,0x29,0x3b,0x0a,0x20,0x20,0x20,0x20,0x66,0x6c,0x6f,0x61,0x74,0x34,0x20,0x5f,
    0x36,0x32,0x5f,0x74,0x69,0x6d,0x69,0x6e,0x67,0x20,0x3a,0x20,0x70,0x61,0x63,0x6b,
    0x6f,0x66,0x66,0x73,0x65,0x74,0x28,0x63,0x31,0x29,0x3b,0x0a,0x20,0x20,0x20,0x20,
    0x66,0x6c,0x6f,0x61,0x74,0x34,0x20,0x5f,0x36,0x32,0x5f,0x77,0x69,0x6e,0x64,0x20,
    0x3a,0x20,0x70,0x61,0x63,0x6b,0x6f,0x66,0x66,0x73,0x65,0x74,0x28,0x63,0x32,0x29,
    0x3b,0x0a,0x20,0x20,0x20,0x20,0x66,0x6c,0x6f,0x61,0x74,0x34,0x20,0x5f,0x36,0x32,
    0x5f,0x63,0x6c,0x6f,0x74,0x68,0x4c,0x61,0x79,0x6f,0x75,0x74,0x20,0x3a,0x20,0x70,
    0x61,0x63,0x6b,0x6f,0x66,0x66,0x73,0x65,0x74,0x28,0x63,0x33,0x29,0x3b,0x0a,0x20,
    0x20,0x20,0x20,0x66,0x6c,0x6f,0x61,0x74,0x34,0x20,0x5f,0x36,0x32,0x5f,0x66,0x6f,
    0x72,0x63,0x65,0x73,0x20,0x3a,0x20,0x70,0x61,0x63,0x6b,0x6f,0x66,0x66,0x73,0x65,
    0x74,0x28,0x63,0x34,0x29,0x3b,0x0a,0x20,0x20,0x20,0x20,0x66,0x6c,0x6f,0x61,0x74,
    0x34,0x20,0x5f,0x36,0x32,0x5f,0x73,0x74,0x69,0x66,0x66,0x6e,0x65,0x73,0x73,0x20,
    0x3a,0x20,0x70,0x61,0x63,0x6b,0x6f,0x66,0x66,0x73,0x65,0x74,0x28,0x63,0x35,0x29,
    0x3b,0x0a,0x20,0x20,0x20,0x20,0x66,0x6c,0x6f,0x61,0x74,0x34,0x20,0x5f,0x36,0x32,
    0x5f,0x63,0x6f,0x6c,0x6c,0x69,0x64,0x65,0x72,0x20,0x3a,0x20,0x70,0x61,0x63,0x6b,
    0x6f,0x66,0x66,0x73,0x65,0x74,0x28,0x63,0x36,0x29,0x3b,0x0a,0x20,0x20,0x20,0x20,
    0x66,0x6c,0x6f,0x61,0x74,0x34,0x20,0x5f,0x36,0x32,0x5f,0x6f,0x70,0x74,0x69,0x6f,
    0x6e,0x73,0x20,0x3a,0x20,0x70,0x61,0x63,0x6b,0x6f,0x66,0x66,0x73,0x65,0x74,0x28,
    0x63,0x37,0x29,0x3b,0x0a,0x7d,0x3b,0x0a,0x0a,0x54,0x65,0x78,0x74,0x75,0x72,0x65,
    0x32,0x44,0x3c,0x66,0x6c,0x6f,0x61,0x74,0x34,0x3e,0x20,0x70,0x6f,0x73,0x69,0x74,
    0x69,0x6f,0x6e,0x54,0x65,0x78,0x20,0x3a,0x20,0x72,0x65,0x67,0x69,0x73,0x74,0x65,
    0x72,0x28,0x74,0x30,0x29,0x3b,0x0a,0x53,0x61,0x6d,0x70,0x6c,0x65,0x72,0x53,0x74,
    0x61,0x74,0x65,0x20,0x70,0x6f,0x73,0x69,0x74,0x69,0x6f,0x6e,0x53,0x6d,0x70,0x20,
    0x3a,0x20,0x72,0x65,0x67,0x69,0x73,0x74,0x65,0x72,0x28,0x73,0x30,0x29,0x3b,0x0a,
    0x54,0x65,0x78,0x74,0x75,0x72,0x65,0x32,0x44,0x3c,0x66,0x6c,0x6f,0x61,0x74,0x34,
    0x3e,0x20,0x70,0x72,0x65,0x76,0x69,0x6f,0x75,0x73,0x54,0x65,0x78,0x20,0x3a,0x20,
    0x72,0x65,0x67,0x69,0x73,0x74,0x65,0x72,0x28,0x74,0x31,0x29,0x3b,0x0a,0x53,0x61,
    0x6d,0x70,0x6c,0x65,0x72,0x53,0x74,0x61,0x74,0x65,0x20,0x70,0x72,0x65,0x76,0x69,
    0x6f,0x75,0x73,0x53,0x6d,0x70,0x20,0x3a,0x20,0x72,0x65,0x67,0x69,0x73,0x74,0x65,
    0x72,0x28,0x73,0x31,0x29,0x3b,0x0a,0x54,0x65,0x78,0x74,0x75,0x72,0x65,0x32,0x44,
    0x3c,0x66,0x6c,0x6f,0x61,0x74,0x34,0x3e,0x20,0x70,0x69,0x6e,0x54,0x65,0x78,0x20,
    0x3a,0x20,0x72,0x65,0x67,0x69,0x73,0x74,0x65,0x72,0x28,0x74,0x32,0x29,0x3b,0x0a,
    0x53,0x61,0x6d,0x70,0x6c,0x65,0x72,0x53,0x74,0x61,0x74,0x65,0x20,0x70,0x69,0x6e,
    0x53,0x6d,0x70,0x20,0x3a,0x20,0x72,0x65,0x67,0x69,0x73,0x74,0x65,0x72,0x28,0x73,
    0x32,0x29,0x3b,0x0a,0x0a,0x73,0x74,0x61,0x74,0x69,0x63,0x20,0x66,0x6c,0x6f,0x61,
    0x74,0x32,0x20,0x75,0x76,0x3b,0x0a,0x73,0x74,0x61,0x74,0x69,0x63,0x20,0x66,0x6c,
    0x6f,0x61,0x74,0x34,0x20,0x66,0x72,0x61,0x67,0x5f,0x63,0x6f,0x6c,0x6f,0x72,0x3b,
    0x0a,0x0a,0x73,0x74,0x72,0x75,0x63,0x74,0x20,0x53,0x50,0x49,0x52,0x56,0x5f,0x43,
    0x72,0x6f,0x73,0x73,0x5f,0x49,0x6e,0x70,0x75,0x74,0x0a,0x7b,0x0a,0x20,0x20,0x20,
    0x20,0x66,0x6c,0x6f,0x61,0x74,0x32,0x20,0x75,0x76,0x20,0x3a,0x20,0x54,0x45,0x58,
    0x43,0x4f,0x4f,0x52,0x44,0x30,0x3b,0x0a,0x7d,0x3b,0x0a,0x0a,0x73,0x74,0x72,0x75,
    0x63,0x74,0x20,0x53,0x50,0x49,0x52,0x56,0x5f,0x43,0x72,0x6f,0x73,0x73,0x5f,0x4f,
    0x75,0x74,0x70,0x75,0x74,0x0a,0x7b,0x0a,0x20,0x20,0x20,0x20,0x66,0x6c,0x6f,0x61,
    0x74,0x34,0x20,0x66,0x72,0x61,0x67,0x5f,0x63,0x6f,0x6c,0x6f,0x72,0x20,0x3a,0x20,
    0x53,0x56,0x5f,0x54,0x61,0x72,0x67,0x65,0x74,0x30,0x3b,0x0a,0x7d,0x3b,0x0a,0x0a,
    0x66,0x6c,0x6f,0x61,0x74,0x34,0x20,0x73,0x61,0x6d,0x70,0x6c,0x65,0x50,0x69,0x6e,
    0x28,0x66,0x6c,0x6f,0x61,0x74,0x32,0x20,0x74,0x63,0x29,0x0a,0x7b,0x0a,0x20,0x20,
    0x20,0x20,0x72,0x65,0x74,0x75,0x72,0x6e,0x20,0x70,0x69,0x6e,0x54,0x65,0x78,0x2e,
    0x53,0x61,0x6d,0x70,0x6c,0x65,0x28,0x70,0x69,0x6e,0x53,0x6d,0x70,0x2c,0x20,0x63,
    0x6c,0x61,0x6d,0x70,0x28,0x74,0x63,0x2c,0x20,0x30,0x2e,0x30,0x66,0x2e,0x78,0x78,
    0x2c,0x20,0x31,0x2e,0x30,0x66,0x2e,0x78,0x78,0x29,0x29,0x3b,0x0a,0x7d,0x0a,0x0a,
    0x66,0x6c,0x6f,0x61,0x74,0x33,0x20,0x72,0x65,0x73,0x74,0x50,0x6f,0x73,0x69,0x74,
    0x69,0x6f,0x6e,0x28,0x66,0x6c,0x6f,0x61,0x74,0x32,0x20,0x74,0x63,0x29,0x0a,0x7b,
    0x0a,0x20,0x20,0x20,0x20,0x66,0x6c,0x6f,0x61,0x74,0x32,0x20,0x5f,0x31,0x36,0x38,
    0x20,0x3d,0x20,0x63,0x6c,0x61,0x6d,0x70,0x28,0x28,0x28,0x74,0x63,0x20,0x2a,0x20,
    0x5f,0x36,0x32,0x5f,0x73,0x69,0x6d,0x53,0x69,0x7a,0x65,0x2e,0x78,0x79,0x29,0x20,
    0x2d,0x20,0x30,0x2e,0x35,0x66,0x2e,0x78,0x78,0x29,0x20,0x2f,0x20,0x6d,0x61,0x78,
    0x28,0x5f,0x36,0x32,0x5f,0x73,0x69,0x6d,0x53,0x69,0x7a,0x65,0x2e,0x78,0x79,0x20,
    0x2d,0x20,0x31,0x2e,0x30,0x66,0x2e,0x78,0x78,0x2c,0x20,0x31,0x2e,0x30,0x66,0x2e,
    0x78,0x78,0x29,0x2c,0x20,0x30,0x2e,0x30,0x66,0x2e,0x78,0x78,0x2c,0x20,0x31,0x2e,
    0x30,0x66,0x2e,0x78,0x78,0x29,0x3b,0x0a,0x20,0x20,0x20,0x20,0x72,0x65,0x74,0x75,
    0x72,0x6e,0x20,0x66,0x6c,0x6f,0x61,0x74,0x33,0x28,0x5f,0x36,0x32,0x5f,0x63,0x6c,
    0x6f,0x74,0x68,0x4c,0x61,0x79,0x6f,0x75,0x74,0x2e,0x78,0x20,0x2b,0x20,0x28,0x5f,
    0x31,0x36,0x38,0x2e,0x78,0x20,0x2a,0x20,0x5f,0x36,0x32,0x5f,0x63,0x6c,0x6f,0x74,
    0x68,0x4c,0x61,0x79,0x6f,0x75,0x74,0x2e,0x7a,0x29,0x2c,0x20,0x5f,0x36,0x32,0x5f,
    0x63,0x6c,0x6f,0x74,0x68,0x4c,0x61,0x79,0x6f,0x75,0x74,0x2e,0x79,0x20,0x2b,0x20,
    0x28,0x5f,0x31,0x36,0x38,0x2e,0x79,0x20,0x2a,0x20,0x5f,0x36,0x32,0x5f,0x63,0x6c,
    0x6f,0x74,0x68,0x4c,0x61,0x79,0x6f,0x75,0x74,0x2e,0x77,0x29,0x2c,0x20,0x30,0x2e,
    0x30,0x66,0x29,0x3b,0x0a,0x7d,0x0a,0x0a,0x66,0x6c,0x6f,0x61,0x74,0x33,0x20,0x70,
    0x69,0x6e,0x6e,0x65,0x64,0x4f,0x72,0x52,0x65,0x73,0x74,0x28,0x66,0x6c,0x6f,0x61,
    0x74,0x32,0x20,0x74,0x63,0x2c,0x20,0x66,0x6c,0x6f,0x61,0x74,0x34,0x20,0x70,0x69,
    0x6e,0x29,0x0a,0x7b,0x0a,0x20,0x20,0x20,0x20,0x69,0x66,0x20,0x28,0x70,0x69,0x6e,
    0x2e,0x78,0x20,0x3e,0x20,0x30,0x2e,0x35,0x66,0x29,0x0a,0x20,0x20,0x20,0x20,0x7b,
    0x0a,0x20,0x20,0x20,0x20,0x20,0x20,0x20,0x20,0x72,0x65,0x74,0x75,0x72,0x6e,0x20,
    0x66,0x6c,0x6f,0x61,0x74,0x33,0x28,0x70,0x69,0x6e,0x2e,0x79,0x2c,0x20,0x70,0x69,
    0x6e,0x2e,0x7a,0x2c,0x20,0x70,0x69,0x6e,0x2e,0x77,0x29,0x3b,0x0a,0x20,0x20,0x20,
    0x20,0x7d,0x0a,0x20,0x20,0x20,0x20,0x66,0x6c,0x6f,0x61,0x74,0x32,0x20,0x70,0x61,
    0x72,0x61,0x6d,0x20,0x3d,0x20,0x74,0x63,0x3b,0x0a,0x20,0x20,0x20,0x20,0x72,0x65,
    0x74,0x75,0x72,0x6e,0x20,0x72,0x65,0x73,0x74,0x50,0x6f,0x73,0x69,0x74,0x69,0x6f,
    0x6e,0x28,0x70,0x61,0x72,0x61,0x6d,0x29,0x3b,0x0a,0x7d,0x0a,0x0a,0x66,0x6c,0x6f,
    0x61,0x74,0x33,0x20,0x73,0x61,0x6d,0x70,0x6c,0x65,0x50,0x6f,0x73,0x69,0x74,0x69,
    0x6f,0x6e,0x28,0x66,0x6c,0x6f,0x61,0x74,0x32,0x20,0x74,0x63,0x29,0x0a,0x7b,0x0a,
    0x20,0x20,0x20,0x20,0x72,0x65,0x74,0x75,0x72,0x6e,0x20,0x70,0x6f,0x73,0x69,0x74,
    0x69,0x6f,0x6e,0x54,0x65,0x78,0x2e,0x53,0x61,0x6d,0x70,0x6c,0x65,0x28,0x70,0x6f,
    0x73,0x69,0x74,0x69,0x6f,0x6e,0x53,0x6d,0x70,0x2c,0x20,0x63,0x6c,0x61,0x6d,0x70,
    0x28,0x74,0x63,0x2c,0x20,0x30,0x2e,0x30,0x66,0x2e,0x78,0x78,0x2c,0x20,0x31,0x2e,
    0x30,0x66,0x2e,0x78,0x78,0x29,0x29,0x2e,0x78,0x79,0x7a,0x3b,0x0a,0x7d,0x0a,0x0a,
    0x66,0x6c,0x6f,0x61,0x74,0x33,0x20,0x73,0x61,0x6d,0x70,0x6c,0x65,0x50,0x72,0x65,
    0x76,0x69,0x6f,0x75,0x73,0x28,0x66,0x6c,0x6f,0x61,0x74,0x32,0x20,0x74,0x63,0x29,
    0x0a,0x7b,0x0a,0x20,0x20,0x20,0x20,0x72,0x65,0x74,0x75,0x72,0x6e,0x20,0x70,0x72,
    0x65,0x76,0x69,0x6f,0x75,0x73,0x54,0x65,0x78,0x2e,0x53,0x61,0x6d,0x70,0x6c,0x65,
    0x28,0x70,0x72,0x65,0x76,0x69,0x6f,0x75,0x73,0x53,0x6d,0x70,0x2c,0x20,0x63,0x6c,
    0x61,0x6d,0x70,0x28,0x74,0x63,0x2c,0x20,0x30,0x2e,0x30,0x66,0x2e,0x78,0x78,0x2c,
    0x20,0x31,0x2e,0x30,0x66,0x2e,0x78,0x78,0x29,0x29,0x2e,0x78,0x79,0x7a,0x3b,0x0a,
    0x7d,0x0a,0x0a,0x66,0x6c,0x6f,0x61,0x74,0x33,0x20,0x63,0x6c,0x6f,0x74,0x68,0x4e,
    0x6f,0x72,0x6d,0x61,0x6c,0x28,0x29,0x0a,0x7b,0x0a,0x20,0x20,0x20,0x20,0x66,0x6c,
    0x6f,0x61,0x74,0x32,0x20,0x70,0x61,0x72,0x61,0x6d,0x20,0x3d,0x20,0x75,0x76,0x3b,
    0x0a,0x20,0x20,0x20,0x20,0x66,0x6c,0x6f,0x61,0x74,0x33,0x20,0x5f,0x32,0x31,0x36,
    0x20,0x3d,0x20,0x73,0x61,0x6d,0x70,0x6c,0x65,0x50,0x6f,0x73,0x69,0x74,0x69,0x6f,
    0x6e,0x28,0x70,0x61,0x72,0x61,0x6d,0x29,0x3b,0x0a,0x20,0x20,0x20,0x20,0x66,0x6c,
    0x6f,0x61,0x74,0x32,0x20,0x5f,0x32,0x32,0x31,0x20,0x3d,0x20,0x66,0x6c,0x6f,0x61,
    0x74,0x32,0x28,0x5f,0x36,0x32,0x5f,0x73,0x69,0x6d,0x53,0x69,0x7a,0x65,0x2e,0x7a,
    0x2c,0x20,0x30,0x2e,0x30,0x66,0x29,0x3b,0x0a,0x20,0x20,0x20,0x20,0x66,0x6c,0x6f,
    0x61,0x74,0x32,0x20,0x70,0x61,0x72,0x61,0x6d,0x5f,0x31,0x20,0x3d,0x20,0x75,0x76,
    0x20,0x2b,0x20,0x5f,0x32,0x32,0x31,0x3b,0x0a,0x20,0x20,0x20,0x20,0x66,0x6c,0x6f,
    0x61,0x74,0x33,0x20,0x5f,0x32,0x32,0x34,0x20,0x3d,0x20,0x73,0x61,0x6d,0x70,0x6c,
    0x65,0x50,0x6f,0x73,0x69,0x74,0x69,0x6f,0x6e,0x28,0x70,0x61,0x72,0x61,0x6d,0x5f,
    0x31,0x29,0x3b,0x0a,0x20,0x20,0x20,0x20,0x66,0x6c,0x6f,0x61,0x74,0x32,0x20,0x70,
    0x61,0x72,0x61,0x6d,0x5f,0x32,0x20,0x3d,0x20,0x75,0x76,0x20,0x2d,0x20,0x5f,0x32,
    0x32,0x31,0x3b,0x0a,0x20,0x20,0x20,0x20,0x66,0x6c,0x6f,0x61,0x74,0x33,0x20,0x5f,
    0x32,0x33,0x32,0x20,0x3d,0x20,0x73,0x61,0x6d,0x70,0x6c,0x65,0x50,0x6f,0x73,0x69,
    0x74,0x69,0x6f,0x6e,0x28,0x70,0x61,0x72,0x61,0x6d,0x5f,0x32,0x29,0x3b,0x0a,0x20,
    0x20,0x20,0x20,0x66,0x6c,0x6f,0x61,0x74,0x32,0x20,0x5f,0x32,0x33,0x37,0x20,0x3d,
    0x20,0x66,0x6c,0x6f,0x61,0x74,0x32,0x28,0x30,0x2e,0x30,0x66,0x2c,0x20,0x5f,0x36,
    0x32,0x5f,0x73,0x69,0x6d,0x53,0x69,0x7a,0x65,0x2e,0x77,0x29,0x3b,0x0a,0x20,0x20,
    0x20,0x20,0x66,0x6c,0x6f,0x61,0x74,0x32,0x20,0x70,0x61,0x72,0x61,0x6d,0x5f,0x33,
    0x20,0x3d,0x20,0x75,0x76,0x20,0x2d,0x20,0x5f,0x32,0x33,0x37,0x3b,0x0a,0x20,0x20,
    0x20,0x20,0x66,0x6c,0x6f,0x61,0x74,0x33,0x20,0x5f,0x32,0x34,0x30,0x20,0x3d,0x20,
    0x73,0x61,0x6d,0x70,0x6c,0x65,0x50,0x6f,0x73,0x69,0x74,0x69,0x6f,0x6e,0x28,0x70,
    0x61,0x72,0x61,0x6d,0x5f,0x33,0x29,0x3b,0x0a,0x20,0x20,0x20,0x20,0x66,0x6c,0x6f,
    0x61,0x74,0x32,0x20,0x70,0x61,0x72,0x61,0x6d,0x5f,0x34,0x20,0x3d,0x20,0x75,0x76,
    0x20,0x2b,0x20,0x5f,0x32,0x33,0x37,0x3b,0x0a,0x20,0x20,0x20,0x20,0x66,0x6c,0x6f,
    0x61,0x74,0x33,0x20,0x5f,0x32,0x34,0x38,0x20,0x3d,0x20,0x73,0x61,0x6d,0x70,0x6c,
    0x65,0x50,0x6f,0x73,0x69,0x74,0x69,0x6f,0x6e,0x28,0x70,0x61,0x72,0x61,0x6d,0x5f,
    0x34,0x29,0x3b,0x0a,0x20,0x20,0x20,0x20,0x66,0x6c,0x6f,0x61,0x74,0x33,0x20,0x5f,
    0x32,0x35,0x32,0x20,0x3d,0x20,0x5f,0x32,0x32,0x34,0x20,0x2d,0x20,0x5f,0x32,0x31,
    0x36,0x3b,0x0a,0x20,0x20,0x20,0x20,0x66,0x6c,0x6f,0x61,0x74,0x33,0x20,0x5f,0x32,
    0x35,0x35,0x20,0x3d,0x20,0x5f,0x32,0x34,0x30,0x20,0x2d,0x20,0x5f,0x32,0x31,0x36,
    0x3b,0x0a,0x20,0x20,0x20,0x20,0x66,0x6c,0x6f,0x61,0x74,0x33,0x20,0x5f,0x32,0x36,
    0x32,0x20,0x3d,0x20,0x5f,0x32,0x33,0x32,0x20,0x2d,0x20,0x5f,0x32,0x31,0x36,0x3b,
    0x0a,0x20,0x20,0x20,0x20,0x66,0x6c,0x6f,0x61,0x74,0x33,0x20,0x5f,0x32,0x37,0x30,
    0x20,0x3d,0x20,0x5f,0x32,0x34,0x38,0x20,0x2d,0x20,0x5f,0x32,0x31,0x36,0x3b,0x0a,
    0x20,0x20,0x20,0x20,0x66,0x6c,0x6f,0x61,0x74,0x33,0x20,0x5f,0x32,0x38,0x30,0x20,
    0x3d,0x20,0x28,0x28,0x63,0x72,0x6f,0x73,0x73,0x28,0x5f,0x32,0x35,0x32,0x2c,0x20,
    0x5f,0x32,0x35,0x35,0x29,0x20,0x2b,0x20,0x63,0x72,0x6f,0x73,0x73,0x28,0x5f,0x32,
    0x35,0x35,0x2c,0x20,0x5f,0x32,0x36,0x32,0x29,0x29,0x20,0x2b,0x20,0x63,0x72,0x6f,
    0x73,0x73,0x28,0x5f,0x32,0x36,0x32,0x2c,0x20,0x5f,0x32,0x37,0x30,0x29,0x29,0x20,
    0x2b,0x20,0x63,0x72,0x6f,0x73,0x73,0x28,0x5f,0x32,0x37,0x30,0x2c,0x20,0x5f,0x32,
    0x35,0x32,0x29,0x3b,0x0a,0x20,0x20,0x20,0x20,0x66,0x6c,0x6f,0x61,0x74,0x20,0x5f,
    0x32,0x38,0x33,0x20,0x3d,0x20,0x6c,0x65,0x6e,0x67,0x74,0x68,0x28,0x5f,0x32,0x38,
    0x30,0x29,0x3b,0x0a,0x20,0x20,0x20,0x20,0x69,0x66,0x20,0x28,0x5f,0x32,0x38,0x33,
    0x20,0x3c,0x20,0x39,0x2e,0x39,0x39,0x39,0x39,0x39,0x39,0x39,0x37,0x34,0x37,0x35,
    0x32,0x34,0x32,0x37,0x30,0x37,0x38,0x37,0x38,0x33,0x35,0x31,0x32,0x31,0x31,0x35,
    0x34,0x37,0x38,0x35,0x65,0x2d,0x30,0x37,0x66,0x29,0x0a,0x20,0x20,0x20,0x20,0x7b,
    0x0a,0x20,0x20,0x20,0x20,0x20,0x20,0x20,0x20,0x72,0x65,0x74,0x75,0x72,0x6e,0x20,
    0x66,0x6c,0x6f,0x61,0x74,0x33,0x28,0x30,0x2e,0x30,0x66,0x2c,0x20,0x30,0x2e,0x30,
    0x66,0x2c,0x20,0x31,0x2e,0x30,0x66,0x29,0x3b,0x0a,0x20,0x20,0x20,0x20,0x7d,0x0a,
    0x20,0x20,0x20,0x20,0x72,0x65,0x74,0x75,0x72,0x6e,0x20,0x5f,0x32,0x38,0x30,0x20,
    0x2f,0x20,0x5f,0x32,0x38,0x33,0x2e,0x78,0x78,0x78,0x3b,0x0a,0x7d,0x0a,0x0a,0x66,
    0x6c,0x6f,0x61,0x74,0x32,0x20,0x67,0x72,0x69,0x64,0x43,0x6f,0x6f,0x72,0x64,0x28,
    0x29,0x0a,0x7b,0x0a,0x20,0x20,0x20,0x20,0x72,0x65,0x74,0x75,0x72,0x6e,0x20,0x66,
    0x6c,0x6f,0x6f,0x72,0x28,0x75,0x76,0x20,0x2a,0x20,0x5f,0x36,0x32,0x5f,0x73,0x69,
    0x6d,0x53,0x69,0x7a,0x65,0x2e,0x78,0x79,0x29,0x3b,0x0a,0x7d,0x0a,0x0a,0x62,0x6f,
    0x6f,0x6c,0x20,0x76,0x61,0x6c,0x69,0x64,0x43,0x6f,0x6f,0x72,0x64,0x28,0x66,0x6c,
    0x6f,0x61,0x74,0x32,0x20,0x63,0x6f,0x6f,0x72,0x64,0x29,0x0a,0x7b,0x0a,0x20,0x20,
    0x20,0x20,0x62,0x6f,0x6f,0x6c,0x20,0x5f,0x37,0x38,0x20,0x3d,0x20,0x63,0x6f,0x6f,
    0x72,0x64,0x2e,0x78,0x20,0x3e,0x3d,0x20,0x30,0x2e,0x30,0x66,0x3b,0x0a,0x20,0x20,
    0x20,0x20,0x62,0x6f,0x6f,0x6c,0x20,0x5f,0x38,0x35,0x3b,0x0a,0x20,0x20,0x20,0x20,
    0x69,0x66,0x20,0x28,0x5f,0x37,0x38,0x29,0x0a,0x20,0x20,0x20,0x20,0x7b,0x0a,0x20,
    0x20,0x20,0x20,0x20,0x20,0x20,0x20,0x5f,0x38,0x35,0x20,0x3d,0x20,0x63,0x6f,0x6f,
    0x72,0x64,0x2e,0x79,0x20,0x3e,0x3d,0x20,0x30,0x2e,0x30,0x66,0x3b,0x0a,0x20,0x20,
    0x20,0x20,0x7d,0x0a,0x20,0x20,0x20,0x20,0x65,0x6c,0x73,0x65,0x0a,0x20,0x20,0x20,
    0x20,0x7b,0x0a,0x20,0x20,0x20,0x20,0x20,0x20,0x20,0x20,0x5f,0x38,0x35,0x20,0x3d,
    0x20,0x5f,0x37,0x38,0x3b,0x0a,0x20,0x20,0x20,0x20,0x7d,0x0a,0x20,0x20,0x20,0x20,
    0x62,0x6f,0x6f,0x6c,0x20,0x5f,0x39,0x34,0x3b,0x0a,0x20,0x20,0x20,0x20,0x69,0x66,
    0x20,0x28,0x5f,0x38,0x35,0x29,0x0a,0x20,0x20,0x20,0x20,0x7b,0x0a,0x20,0x20,0x20,
    0x20,0x20,0x20,0x20,0x20,0x5f,0x39,0x34,0x20,0x3d,0x20,0x63,0x6f,0x6f,0x72,0x64,
    0x2e,0x78,0x20,0x3c,0x20,0x5f,0x36,0x32,0x5f,0x73,0x69,0x6d,0x53,0x69,0x7a,0x65,
    0x2e,0x78,0x3b,0x0a,0x20,0x20,0x20,0x20,0x7d,0x0a,0x20,0x20,0x20,0x20,0x65,0x6c,
    0x73,0x65,0x0a,0x20,0x20,0x20,0x20,0x7b,0x0a,0x20,0x20,0x20,0x20,0x20,0x20,0x20,
    0x20,0x5f,0x39,0x34,0x20,0x3d,0x20,0x5f,0x38,0x35,0x3b,0x0a,0x20,0x20,0x20,0x20,
    0x7d,0x0a,0x20,0x20,0x20,0x20,0x62,0x6f,0x6f,0x6c,0x20,0x5f,0x31,0x30,0x32,0x3b,
    0x0a,0x20,0x20,0x20,0x20,0x69,0x66,0x20,0x28,0x5f,0x39,0x34,0x29,0x0a,0x20,0x20,
    0x20,0x20,0x7b,0x0a,0x20,0x20,0x20,0x20,0x20,0x20,0x20,0x20,0x5f,0x31,0x30,0x32,
    0x20,0x3d,0x20,0x63,0x6f,0x6f,0x72,0x64,0x2e,0x79,0x20,0x3c,0x20,0x5f,0x36,0x32,
    0x5f,0x73,0x69,0x6d,0x53,0x69,0x7a,0x65,0x2e,0x79,0x3b,0x0a,0x20,0x20,0x20,0x20,
    0x7d,0x0a,0x20,0x20,0x20,0x20,0x65,0x6c,0x73,0x65,0x0a,0x20,0x20,0x20,0x20,0x7b,
    0x0a,0x20,0x20,0x20,0x20,0x20,0x20,0x20,0x20,0x5f,0x31,0x30,0x32,0x20,0x3d,0x20,
    0x5f,0x39,0x34,0x3b,0x0a,0x20,0x20,0x20,0x20,0x7d,0x0a,0x20,0x20,0x20,0x20,0x72,
    0x65,0x74,0x75,0x72,0x6e,0x20,0x5f,0x31,0x30,0x32,0x3b,0x0a,0x7d,0x0a,0x0a,0x66,
    0x6c,0x6f,0x61,0x74,0x32,0x20,0x63,0x6f,0x6f,0x72,0x64,0x55,0x76,0x28,0x66,0x6c,
    0x6f,0x61,0x74,0x32,0x20,0x63,0x6f,0x6f,0x72,0x64,0x29,0x0a,0x7b,0x0a,0x20,0x20,
    0x20,0x20,0x72,0x65,0x74,0x75,0x72,0x6e,0x20,0x28,0x63,0x6f,0x6f,0x72,0x64,0x20,
    0x2b,0x20,0x30,0x2e,0x35,0x66,0x2e,0x78,0x78,0x29,0x20,0x2f,0x20,0x5f,0x36,0x32,
    0x5f,0x73,0x69,0x6d,0x53,0x69,0x7a,0x65,0x2e,0x78,0x79,0x3b,0x0a,0x7d,0x0a,0x0a,
    0x76,0x6f,0x69,0x64,0x20,0x61,0x70,0x70,0x6c,0x79,0x4e,0x65,0x69,0x67,0x68,0x62,
    0x6f,0x72,0x28,0x69,0x6e,0x6f,0x75,0x74,0x20,0x66,0x6c,0x6f,0x61,0x74,0x33,0x20,
    0x63,0x6f,0x72,0x72,0x65,0x63,0x74,0x69,0x6f,0x6e,0x2c,0x20,0x66,0x6c,0x6f,0x61,
    0x74,0x33,0x20,0x70,0x6f,0x73,0x2c,0x20,0x66,0x6c,0x6f,0x61,0x74,0x32,0x20,0x63,
    0x6f,0x6f,0x72,0x64,0x2c,0x20,0x66,0x6c,0x6f,0x61,0x74,0x32,0x20,0x6f,0x66,0x66,
    0x73,0x65,0x74,0x2c,0x20,0x66,0x6c,0x6f,0x61,0x74,0x20,0x72,0x65,0x73,0x74,0x4c,
    0x65,0x6e,0x2c,0x20,0x66,0x6c,0x6f,0x61,0x74,0x20,0x6b,0x29,0x0a,0x7b,0x0a,0x20,
    0x20,0x20,0x20,0x66,0x6c,0x6f,0x61,0x74,0x32,0x20,0x5f,0x33,0x30,0x30,0x20,0x3d,
    0x20,0x63,0x6f,0x6f,0x72,0x64,0x20,0x2b,0x20,0x6f,0x66,0x66,0x73,0x65,0x74,0x3b,
    0x0a,0x20,0x20,0x20,0x20,0x66,0x6c,0x6f,0x61,0x74,0x32,0x20,0x70,0x61,0x72,0x61,
    0x6d,0x20,0x3d,0x20,0x5f,0x33,0x30,0x30,0x3b,0x0a,0x20,0x20,0x20,0x20,0x69,0x66,
    0x20,0x28,0x28,0x21,0x76,0x61,0x6c,0x69,0x64,0x43,0x6f,0x6f,0x72,0x64,0x28,0x70,
    0x61,0x72,0x61,0x6d,0x29,0x29,0x20,0x7c,0x7c,0x20,0x28,0x6b,0x20,0x3c,0x3d,0x20,
    0x30,0x2e,0x30,0x66,0x29,0x29,0x0a,0x20,0x20,0x20,0x20,0x7b,0x0a,0x20,0x20,0x20,
    0x20,0x20,0x20,0x20,0x20,0x72,0x65,0x74,0x75,0x72,0x6e,0x3b,0x0a,0x20,0x20,0x20,
    0x20,0x7d,0x0a,0x20,0x20,0x20,0x20,0x66,0x6c,0x6f,0x61,0x74,0x32,0x20,0x70,0x61,
    0x72,0x61,0x6d,0x5f,0x31,0x20,0x3d,0x20,0x5f,0x33,0x30,0x30,0x3b,0x0a,0x20,0x20,
    0x20,0x20,0x66,0x6c,0x6f,0x61,0x74,0x32,0x20,0x70,0x61,0x72,0x61,0x6d,0x5f,0x32,
    0x20,0x3d,0x20,0x63,0x6f,0x6f,0x72,0x64,0x55,0x76,0x28,0x70,0x61,0x72,0x61,0x6d,
    0x5f,0x31,0x29,0x3b,0x0a,0x20,0x20,0x20,0x20,0x66,0x6c,0x6f,0x61,0x74,0x33,0x20,
    0x5f,0x33,0x31,0x36,0x20,0x3d,0x20,0x73,0x61,0x6d,0x70,0x6c,0x65,0x50,0x6f,0x73,
    0x69,0x74,0x69,0x6f,0x6e,0x28,0x70,0x61,0x72,0x61,0x6d,0x5f,0x32,0x29,0x3b,0x0a,
    0x20,0x20,0x20,0x20,0x66,0x6c,0x6f,0x61,0x74,0x33,0x20,0x5f,0x33,0x32,0x30,0x20,
    0x3d,0x20,0x5f,0x33,0x31,0x36,0x20,0x2d,0x20,0x70,0x6f,0x73,0x3b,0x0a,0x20,0x20,
    0x20,0x20,0x66,0x6c,0x6f,0x61,0x74,0x20,0x5f,0x33,0x32,0x33,0x20,0x3d,0x20,0x6c,
    0x65,0x6e,0x67,0x74,0x68,0x28,0x5f,0x33,0x32,0x30,0x29,0x3b,0x0a,0x20,0x20,0x20,
    0x20,0x69,0x66,0x20,0x28,0x5f,0x33,0x32,0x33,0x20,0x3c,0x3d,0x20,0x39,0x2e,0x39,
    0x39,0x39,0x39,0x39,0x39,0x39,0x37,0x34,0x37,0x35,0x32,0x34,0x32,0x37,0x30,0x37,
    0x38,0x37,0x38,0x33,0x35,0x31,0x32,0x31,0x31,0x35,0x34,0x37,0x38,0x35,0x65,0x2d,
    0x30,0x37,0x66,0x29,0x0a,0x20,0x20,0x20,0x20,0x7b,0x0a,0x20,0x20,0x20,0x20,0x20,
    0x20,0x20,0x20,0x72,0x65,0x74,0x75,0x72,0x6e,0x3b,0x0a,0x20,0x20,0x20,0x20,0x7d,
    0x0a,0x20,0x20,0x20,0x20,0x63,0x6f,0x72,0x72,0x65,0x63,0x74,0x69,0x6f,0x6e,0x20,
    0x2b,0x3d,0x20,0x28,0x28,0x5f,0x33,0x32,0x30,0x20,0x2a,0x20,0x28,0x28,0x5f,0x33,
    0x32,0x33,0x20,0x2d,0x20,0x72,0x65,0x73,0x74,0x4c,0x65,0x6e,0x29,0x20,0x2f,0x20,
    0x5f,0x33,0x32,0x33,0x29,0x29,0x20,0x2a,0x20,0x28,0x30,0x2e,0x35,0x66,0x20,0x2a,
    0x20,0x6b,0x29,0x29,0x3b,0x0a,0x7d,0x0a,0x0a,0x76,0x6f,0x69,0x64,0x20,0x66,0x72,
    0x61,0x67,0x5f,0x6d,0x61,0x69,0x6e,0x28,0x29,0x0a,0x7b,0x0a,0x20,0x20,0x20,0x20,
    0x69,0x6e,0x74,0x20,0x5f,0x33,0x34,0x37,0x20,0x3d,0x20,0x69,0x6e,0x74,0x28,0x5f,
    0x36,0x32,0x5f,0x74,0x69,0x6d,0x69,0x6e,0x67,0x2e,0x77,0x20,0x2b,0x20,0x30,0x2e,
    0x35,0x66,0x29,0x3b,0x0a,0x20,0x20,0x20,0x20,0x66,0x6c,0x6f,0x61,0x74,0x32,0x20,
    0x70,0x61,0x72,0x61,0x6d,0x20,0x3d,0x20,0x75,0x76,0x3b,0x0a,0x20,0x20,0x20,0x20,
    0x66,0x6c,0x6f,0x61,0x74,0x34,0x20,0x5f,0x33,0x35,0x31,0x20,0x3d,0x20,0x73,0x61,
    0x6d,0x70,0x6c,0x65,0x50,0x69,0x6e,0x28,0x70,0x61,0x72,0x61,0x6d,0x29,0x3b,0x0a,
    0x20,0x20,0x20,0x20,0x69,0x66,0x20,0x28,0x5f,0x33,0x34,0x37,0x20,0x3d,0x3d,0x20,
    0x30,0x29,0x0a,0x20,0x20,0x20,0x20,0x7b,0x0a,0x20,0x20,0x20,0x20,0x20,0x20,0x20,
    0x20,0x66,0x6c,0x6f,0x61,0x74,0x32,0x20,0x70,0x61,0x72,0x61,0x6d,0x5f,0x31,0x20,
    0x3d,0x20,0x75,0x76,0x3b,0x0a,0x20,0x20,0x20,0x20,0x20,0x20,0x20,0x20,0x66,0x6c,
    0x6f,0x61,0x74,0x34,0x20,0x70,0x61,0x72,0x61,0x6d,0x5f,0x32,0x20,0x3d,0x20,0x5f,
    0x33,0x35,0x31,0x3b,0x0a,0x20,0x20,0x20,0x20,0x20,0x20,0x20,0x20,0x66,0x72,0x61,
    0x67,0x5f,0x63,0x6f,0x6c,0x6f,0x72,0x20,0x3d,0x20,0x66,0x6c,0x6f,0x61,0x74,0x34,
    0x28,0x70,0x69,0x6e,0x6e,0x65,0x64,0x4f,0x72,0x52,0x65,0x73,0x74,0x28,0x70,0x61,
    0x72,0x61,0x6d,0x5f,0x31,0x2c,0x20,0x70,0x61,0x72,0x61,0x6d,0x5f,0x32,0x29,0x2c,
    0x20,0x5f,0x33,0x35,0x31,0x2e,0x78,0x29,0x3b,0x0a,0x20,0x20,0x20,0x20,0x20,0x20,
    0x20,0x20,0x72,0x65,0x74,0x75,0x72,0x6e,0x3b,0x0a,0x20,0x20,0x20,0x20,0x7d,0x0a,
    0x20,0x20,0x20,0x20,0x66,0x6c,0x6f,0x61,0x74,0x32,0x20,0x70,0x61,0x72,0x61,0x6d,
    0x5f,0x33,0x20,0x3d,0x20,0x75,0x76,0x3b,0x0a,0x20,0x20,0x20,0x20,0x66,0x6c,0x6f,
    0x61,0x74,0x33,0x20,0x70,0x6f,0x73,0x20,0x3d,0x20,0x73,0x61,0x6d,0x70,0x6c,0x65,
    0x50,0x6f,0x73,0x69,0x74,0x69,0x6f,0x6e,0x28,0x70,0x61,0x72,0x61,0x6d,0x5f,0x33,
    0x29,0x3b,0x0a,0x20,0x20,0x20,0x20,0x66,0x6c,0x6f,0x61,0x74,0x20,0x5f,0x33,0x37,
    0x39,0x20,0x3d,0x20,0x5f,0x33,0x35,0x31,0x2e,0x78,0x3b,0x0a,0x20,0x20,0x20,0x20,
    0x69,0x66,0x20,0x28,0x5f,0x33,0x37,0x39,0x20,0x3e,0x20,0x30,0x2e,0x35,0x66,0x29,
    0x0a,0x20,0x20,0x20,0x20,0x7b,0x0a,0x20,0x20,0x20,0x20,0x20,0x20,0x20,0x20,0x66,
    0x72,0x61,0x67,0x5f,0x63,0x6f,0x6c,0x6f,0x72,0x20,0x3d,0x20,0x66,0x6c,0x6f,0x61,
    0x74,0x34,0x28,0x5f,0x33,0x35,0x31,0x2e,0x79,0x7a,0x77,0x2c,0x20,0x5f,0x33,0x37,
    0x39,0x29,0x3b,0x0a,0x20,0x20,0x20,0x20,0x20,0x20,0x20,0x20,0x72,0x65,0x74,0x75,
    0x72,0x6e,0x3b,0x0a,0x20,0x20,0x20,0x20,0x7d,0x0a,0x20,0x20,0x20,0x20,0x69,0x66,
    0x20,0x28,0x5f,0x33,0x34,0x37,0x20,0x3d,0x3d,0x20,0x34,0x29,0x0a,0x20,0x20,0x20,
    0x20,0x7b,0x0a,0x20,0x20,0x20,0x20,0x20,0x20,0x20,0x20,0x66,0x72,0x61,0x67,0x5f,
    0x63,0x6f,0x6c,0x6f,0x72,0x20,0x3d,0x20,0x66,0x6c,0x6f,0x61,0x74,0x34,0x28,0x70,
    0x6f,0x73,0x2c,0x20,0x5f,0x33,0x37,0x39,0x29,0x3b,0x0a,0x20,0x20,0x20,0x20,0x20,
    0x20,0x20,0x20,0x72,0x65,0x74,0x75,0x72,0x6e,0x3b,0x0a,0x20,0x20,0x20,0x20,0x7d,
    0x0a,0x20,0x20,0x20,0x20,0x69,0x66,0x20,0x28,0x5f,0x33,0x34,0x37,0x20,0x3d,0x3d,
    0x20,0x31,0x29,0x0a,0x20,0x20,0x20,0x20,0x7b,0x0a,0x20,0x20,0x20,0x20,0x20,0x20,
    0x20,0x20,0x66,0x6c,0x6f,0x61,0x74,0x32,0x20,0x70,0x61,0x72,0x61,0x6d,0x5f,0x34,
    0x20,0x3d,0x20,0x75,0x76,0x3b,0x0a,0x20,0x20,0x20,0x20,0x20,0x20,0x20,0x20,0x66,
    0x6c,0x6f,0x61,0x74,0x33,0x20,0x5f,0x34,0x31,0x37,0x20,0x3d,0x20,0x73,0x61,0x6d,
    0x70,0x6c,0x65,0x50,0x72,0x65,0x76,0x69,0x6f,0x75,0x73,0x28,0x70,0x61,0x72,0x61,
    0x6d,0x5f,0x34,0x29,0x3b,0x0a,0x20,0x20,0x20,0x20,0x20,0x20,0x20,0x20,0x66,0x6c,
    0x6f,0x61,0x74,0x33,0x20,0x61,0x63,0x63,0x65,0x6c,0x20,0x3d,0x20,0x5f,0x36,0x32,
    0x5f,0x66,0x6f,0x72,0x63,0x65,0x73,0x2e,0x78,0x79,0x7a,0x3b,0x0a,0x20,0x20,0x20,
    0x20,0x20,0x20,0x20,0x20,0x62,0x6f,0x6f,0x6c,0x20,0x5f,0x34,0x32,0x35,0x20,0x3d,
    0x20,0x5f,0x36,0x32,0x5f,0x6f,0x70,0x74,0x69,0x6f,0x6e,0x73,0x2e,0x7a,0x20,0x3e,
    0x20,0x30,0x2e,0x35,0x66,0x3b,0x0a,0x20,0x20,0x20,0x20,0x20,0x20,0x20,0x20,0x62,
    0x6f,0x6f,0x6c,0x20,0x5f,0x34,0x33,0x32,0x3b,0x0a,0x20,0x20,0x20,0x20,0x20,0x20,
    0x20,0x20,0x69,0x66,0x20,0x28,0x5f,0x34,0x32,0x35,0x29,0x0a,0x20,0x20,0x20,0x20,
    0x20,0x20,0x20,0x20,0x7b,0x0a,0x20,0x20,0x20,0x20,0x20,0x20,0x20,0x20,0x20,0x20,
    0x20,0x20,0x5f,0x34,0x33,0x32,0x20,0x3d,0x20,0x5f,0x36,0x32,0x5f,0x77,0x69,0x6e,
    0x64,0x2e,0x77,0x20,0x3e,0x20,0x30,0x2e,0x30,0x66,0x3b,0x0a,0x20,0x20,0x20,0x20,
    0x20,0x20,0x20,0x20,0x7d,0x0a,0x20,0x20,0x20,0x20,0x20,0x20,0x20,0x20,0x65,0x6c,
    0x73,0x65,0x0a,0x20,0x20,0x20,0x20,0x20,0x20,0x20,0x20,0x7b,0x0a,0x20,0x20,0x20,
    0x20,0x20,0x20,0x20,0x20,0x20,0x20,0x20,0x20,0x5f,0x34,0x33,0x32,0x20,0x3d,0x20,
    0x5f,0x34,0x32,0x35,0x3b,0x0a,0x20,0x20,0x20,0x20,0x20,0x20,0x20,0x20,0x7d,0x0a,
    0x20,0x20,0x20,0x20,0x20,0x20,0x20,0x20,0x69,0x66,0x20,0x28,0x5f,0x34,0x33,0x32,
    0x29,0x0a,0x20,0x20,0x20,0x20,0x20,0x20,0x20,0x20,0x7b,0x0a,0x20,0x20,0x20,0x20,
    0x20,0x20,0x20,0x20,0x20,0x20,0x20,0x20,0x66,0x6c,0x6f,0x61,0x74,0x33,0x20,0x5f,
    0x34,0x33,0x36,0x20,0x3d,0x20,0x63,0x6c,0x6f,0x74,0x68,0x4e,0x6f,0x72,0x6d,0x61,
    0x6c,0x28,0x29,0x3b,0x0a,0x20,0x20,0x20,0x20,0x20,0x20,0x20,0x20,0x20,0x20,0x20,
    0x20,0x61,0x63,0x63,0x65,0x6c,0x20,0x2b,0x3d,0x20,0x28,0x28,0x28,0x28,0x5f,0x34,
    0x33,0x36,0x20,0x2a,0x20,0x64,0x6f,0x74,0x28,0x5f,0x34,0x33,0x36,0x2c,0x20,0x6e,
    0x6f,0x72,0x6d,0x61,0x6c,0x69,0x7a,0x65,0x28,0x5f,0x36,0x32,0x5f,0x77,0x69,0x6e,
    0x64,0x2e,0x78,0x79,0x7a,0x29,0x29,0x29,0x20,0x2a,0x20,0x5f,0x36,0x32,0x5f,0x77,
    0x69,0x6e,0x64,0x2e,0x77,0x29,0x20,0x2a,0x20,0x28,0x38,0x35,0x2e,0x30,0x66,0x20,
    0x2b,0x20,0x28,0x73,0x69,0x6e,0x28,0x28,0x28,0x5f,0x36,0x32,0x5f,0x74,0x69,0x6d,
    0x69,0x6e,0x67,0x2e,0x7a,0x20,0x2a,0x20,0x28,0x31,0x2e,0x37,0x39,0x39,0x39,0x39,
    0x39,0x39,0x35,0x32,0x33,0x31,0x36,0x32,0x38,0x34,0x31,0x37,0x39,0x36,0x38,0x37,
    0x35,0x66,0x20,0x2b,0x20,0x28,0x5f,0x36,0x32,0x5f,0x77,0x69,0x6e,0x64,0x2e,0x77,
    0x20,0x2a,0x20,0x30,0x2e,0x30,0x33,0x39,0x39,0x39,0x39,0x39,0x39,0x39,0x31,0x30,
    0x35,0x39,0x33,0x30,0x33,0x32,0x38,0x33,0x36,0x39,0x31,0x34,0x30,0x36,0x32,0x35,
    0x66,0x29,0x29,0x29,0x20,0x2b,0x20,0x28,0x75,0x76,0x2e,0x78,0x20,0x2a,0x20,0x31,
    0x30,0x2e,0x30,0x66,0x29,0x29,0x20,0x2b,0x20,0x28,0x75,0x76,0x2e,0x79,0x20,0x2a,
    0x20,0x36,0x2e,0x30,0x66,0x29,0x29,0x20,0x2a,0x20,0x31,0x32,0x2e,0x32,0x35,0x66,
    0x29,0x29,0x29,0x20,0x2a,0x20,0x73,0x6d,0x6f,0x6f,0x74,0x68,0x73,0x74,0x65,0x70,
    0x28,0x30,0x2e,0x30,0x35,0x30,0x30,0x30,0x30,0x30,0x30,0x30,0x37,0x34,0x35,0x30,
    0x35,0x38,0x30,0x35,0x39,0x36,0x39,0x32,0x33,0x38,0x32,0x38,0x31,0x32,0x35,0x66,
    0x2c,0x20,0x30,0x2e,0x38,0x37,0x39,0x39,0x39,0x39,0x39,0x39,0x35,0x32,0x33,0x31,
    0x36,0x32,0x38,0x34,0x31,0x37,0x39,0x36,0x38,0x37,0x35,0x66,0x2c,0x20,0x75,0x76,
    0x2e,0x79,0x29,0x29,0x3b,0x0a,0x20,0x20,0x20,0x20,0x20,0x20,0x20,0x20,0x7d,0x0a,
    0x20,0x20,0x20,0x20,0x20,0x20,0x20,0x20,0x66,0x72,0x61,0x67,0x5f,0x63,0x6f,0x6c,
    0x6f,0x72,0x20,0x3d,0x20,0x66,0x6c,0x6f,0x61,0x74,0x34,0x28,0x28,0x70,0x6f,0x73,
    0x20,0x2b,0x20,0x28,0x28,0x70,0x6f,0x73,0x20,0x2d,0x20,0x5f,0x34,0x31,0x37,0x29,
    0x20,0x2a,0x20,0x5f,0x36,0x32,0x5f,0x74,0x69,0x6d,0x69,0x6e,0x67,0x2e,0x79,0x29,
    0x29,0x20,0x2b,0x20,0x28,0x28,0x61,0x63,0x63,0x65,0x6c,0x20,0x2a,0x20,0x5f,0x36,
    0x32,0x5f,0x74,0x69,0x6d,0x69,0x6e,0x67,0x2e,0x78,0x29,0x20,0x2a,0x20,0x5f,0x36,
    0x32,0x5f,0x74,0x69,0x6d,0x69,0x6e,0x67,0x2e,0x78,0x29,0x2c,0x20,0x5f,0x33,0x37,
    0x39,0x29,0x3b,0x0a,0x20,0x20,0x20,0x20,0x20,0x20,0x20,0x20,0x72,0x65,0x74,0x75,
    0x72,0x6e,0x3b,0x0a,0x20,0x20,0x20,0x20,0x7d,0x0a,0x20,0x20,0x20,0x20,0x69,0x66,
    0x20,0x28,0x5f,0x33,0x34,0x37,0x20,0x3d,0x3d,0x20,0x32,0x29,0x0a,0x20,0x20,0x20,
    0x20,0x7b,0x0a,0x20,0x20,0x20,0x20,0x20,0x20,0x20,0x20,0x66,0x6c,0x6f,0x61,0x74,
    0x32,0x20,0x5f,0x35,0x32,0x32,0x20,0x3d,0x20,0x67,0x72,0x69,0x64,0x43,0x6f,0x6f,
    0x72,0x64,0x28,0x29,0x3b,0x0a,0x20,0x20,0x20,0x20,0x20,0x20,0x20,0x20,0x66,0x6c,
    0x6f,0x61,0x74,0x20,0x5f,0x35,0x33,0x30,0x20,0x3d,0x20,0x5f,0x36,0x32,0x5f,0x63,
    0x6c,0x6f,0x74,0x68,0x4c,0x61,0x79,0x6f,0x75,0x74,0x2e,0x7a,0x20,0x2f,0x20,0x6d,
    0x61,0x78,0x28,0x5f,0x36,0x32,0x5f,0x73,0x69,0x6d,0x53,0x69,0x7a,0x65,0x2e,0x78,
    0x20,0x2d,0x20,0x31,0x2e,0x30,0x66,0x2c,0x20,0x31,0x2e,0x30,0x66,0x29,0x3b,0x0a,
    0x20,0x20,0x20,0x20,0x20,0x20,0x20,0x20,0x66,0x6c,0x6f,0x61,0x74,0x20,0x5f,0x35,
    0x33,0x38,0x20,0x3d,0x20,0x5f,0x36,0x32,0x5f,0x63,0x6c,0x6f,0x74,0x68,0x4c,0x61,
    0x79,0x6f,0x75,0x74,0x2e,0x77,0x20,0x2f,0x20,0x6d,0x61,0x78,0x28,0x5f,0x36,0x32,
    0x5f,0x73,0x69,0x6d,0x53,0x69,0x7a,0x65,0x2e,0x79,0x20,0x2d,0x20,0x31,0x2e,0x30,
    0x66,0x2c,0x20,0x31,0x2e,0x30,0x66,0x29,0x3b,0x0a,0x20,0x20,0x20,0x20,0x20,0x20,
    0x20,0x20,0x66,0x6c,0x6f,0x61,0x74,0x20,0x5f,0x35,0x34,0x33,0x20,0x3d,0x20,0x6c,
    0x65,0x6e,0x67,0x74,0x68,0x28,0x66,0x6c,0x6f,0x61,0x74,0x32,0x28,0x5f,0x35,0x33,
    0x30,0x2c,0x20,0x5f,0x35,0x33,0x38,0x29,0x29,0x3b,0x0a,0x20,0x20,0x20,0x20,0x20,
    0x20,0x20,0x20,0x66,0x6c,0x6f,0x61,0x74,0x33,0x20,0x63,0x6f,0x72,0x72,0x65,0x63,
    0x74,0x69,0x6f,0x6e,0x20,0x3d,0x20,0x30,0x2e,0x30,0x66,0x2e,0x78,0x78,0x78,0x3b,
    0x0a,0x20,0x20,0x20,0x20,0x20,0x20,0x20,0x20,0x66,0x6c,0x6f,0x61,0x74,0x33,0x20,
    0x70,0x61,0x72,0x61,0x6d,0x5f,0x35,0x20,0x3d,0x20,0x30,0x2e,0x30,0x66,0x2e,0x78,
    0x78,0x78,0x3b,0x0a,0x20,0x20,0x20,0x20,0x20,0x20,0x20,0x20,0x66,0x6c,0x6f,0x61,
    0x74,0x33,0x20,0x70,0x61,0x72,0x61,0x6d,0x5f,0x36,0x20,0x3d,0x20,0x70,0x6f,0x73,
    0x3b,0x0a,0x20,0x20,0x20,0x20,0x20,0x20,0x20,0x20,0x66,0x6c,0x6f,0x61,0x74,0x32,
    0x20,0x70,0x61,0x72,0x61,0x6d,0x5f,0x37,0x20,0x3d,0x20,0x5f,0x35,0x32,0x32,0x3b,
    0x0a,0x20,0x20,0x20,0x20,0x20,0x20,0x20,0x20,0x66,0x6c,0x6f,0x61,0x74,0x32,0x20,
    0x70,0x61,0x72,0x61,0x6d,0x5f,0x38,0x20,0x3d,0x20,0x66,0x6c,0x6f,0x61,0x74,0x32,
    0x28,0x2d,0x31,0x2e,0x30,0x66,0x2c,0x20,0x30,0x2e,0x30,0x66,0x29,0x3b,0x0a,0x20,
    0x20,0x20,0x20,0x20,0x20,0x20,0x20,0x66,0x6c,0x6f,0x61,0x74,0x20,0x70,0x61,0x72,
    0x61,0x6d,0x5f,0x39,0x20,0x3d,0x20,0x5f,0x35,0x33,0x30,0x3b,0x0a,0x20,0x20,0x20,
    0x20,0x20,0x20,0x20,0x20,0x66,0x6c,0x6f,0x61,0x74,0x20,0x70,0x61,0x72,0x61,0x6d,
    0x5f,0x31,0x30,0x20,0x3d,0x20,0x5f,0x36,0x32,0x5f,0x73,0x74,0x69,0x66,0x66,0x6e,
    0x65,0x73,0x73,0x2e,0x78,0x3b,0x0a,0x20,0x20,0x20,0x20,0x20,0x20,0x20,0x20,0x61,
    0x70,0x70,0x6c,0x79,0x4e,0x65,0x69,0x67,0x68,0x62,0x6f,0x72,0x28,0x70,0x61,0x72,
    0x61,0x6d,0x5f,0x35,0x2c,0x20,0x70,0x61,0x72,0x61,0x6d,0x5f,0x36,0x2c,0x20,0x70,
    0x61,0x72,0x61,0x6d,0x5f,0x37,0x2c,0x20,0x70,0x61,0x72,0x61,0x6d,0x5f,0x38,0x2c,
    0x20,0x70,0x61,0x72,0x61,0x6d,0x5f,0x39,0x2c,0x20,0x70,0x61,0x72,0x61,0x6d,0x5f,
    0x31,0x30,0x29,0x3b,0x0a,0x20,0x20,0x20,0x20,0x20,0x20,0x20,0x20,0x63,0x6f,0x72,
    0x72,0x65,0x63,0x74,0x69,0x6f,0x6e,0x20,0x3d,0x20,0x70,0x61,0x72,0x61,0x6d,0x5f,
    0x35,0x3b,0x0a,0x20,0x20,0x20,0x20,0x20,0x20,0x20,0x20,0x66,0x6c,0x6f,0x61,0x74,
    0x33,0x20,0x70,0x61,0x72,0x61,0x6d,0x5f,0x31,0x31,0x20,0x3d,0x20,0x70,0x61,0x72,
    0x61,0x6d,0x5f,0x35,0x3b,0x0a,0x20,0x20,0x20,0x20,0x20,0x20,0x20,0x20,0x66,0x6c,
    0x6f,0x61,0x74,0x33,0x20,0x70,0x61,0x72,0x61,0x6d,0x5f,0x31,0x32,0x20,0x3d,0x20,
    0x70,0x6f,0x73,0x3b,0x0a,0x20,0x20,0x20,0x20,0x20,0x20,0x20,0x20,0x66,0x6c,0x6f,
    0x61,0x74,0x32,0x20,0x70,0x61,0x72,0x61,0x6d,0x5f,0x31,0x33,0x20,0x3d,0x20,0x5f,
    0x35,0x32,0x32,0x3b,0x0a,0x20,0x20,0x20,0x20,0x20,0x20,0x20,0x20,0x66,0x6c,0x6f,
    0x61,0x74,0x32,0x20,0x70,0x61,0x72,0x61,0x6d,0x5f,0x31,0x34,0x20,0x3d,0x20,0x66,
    0x6c,0x6f,0x61,0x74,0x32,0x28,0x31,0x2e,0x30,0x66,0x2c,0x20,0x30,0x2e,0x30,0x66,
    0x29,0x3b,0x0a,0x20,0x20,0x20,0x20,0x20,0x20,0x20,0x20,0x66,0x6c,0x6f,0x61,0x74,
    0x20,0x70,0x61,0x72,0x61,0x6d,0x5f,0x31,0x35,0x20,0x3d,0x20,0x5f,0x35,0x33,0x30,
    0x3b,0x0a,0x20,0x20,0x20,0x20,0x20,0x20,0x20,0x20,0x66,0x6c,0x6f,0x61,0x74,0x20,
    0x70,0x61,0x72,0x61,0x6d,0x5f,0x31,0x36,0x20,0x3d,0x20,0x5f,0x36,0x32,0x5f,0x73,
    0x74,0x69,0x66,0x66,0x6e,0x65,0x73,0x73,0x2e,0x78,0x3b,0x0a,0x20,0x20,0x20,0x20,
    0x20,0x20,0x20,0x20,0x61,0x70,0x70,0x6c,0x79,0x4e,0x65,0x69,0x67,0x68,0x62,0x6f,
    0x72,0x28,0x70,0x61,0x72,0x61,0x6d,0x5f,0x31,0x31,0x2c,0x20,0x70,0x61,0x72,0x61,
    0x6d,0x5f,0x31,0x32,0x2c,0x20,0x70,0x61,0x72,0x61,0x6d,0x5f,0x31,0x33,0x2c,0x20,
    0x70,0x61,0x72,0x61,0x6d,0x5f,0x31,0x34,0x2c,0x20,0x70,0x61,0x72,0x61,0x6d,0x5f,
    0x31,0x35,0x2c,0x20,0x70,0x61,0x72,0x61,0x6d,0x5f,0x31,0x36,0x29,0x3b,0x0a,0x20,
    0x20,0x20,0x20,0x20,0x20,0x20,0x20,0x63,0x6f,0x72,0x72,0x65,0x63,0x74,0x69,0x6f,
    0x6e,0x20,0x3d,0x20,0x70,0x61,0x72,0x61,0x6d,0x5f,0x31,0x31,0x3b,0x0a,0x20,0x20,
    0x20,0x20,0x20,0x20,0x20,0x20,0x66,0x6c,0x6f,0x61,0x74,0x33,0x20,0x70,0x61,0x72,
    0x61,0x6d,0x5f,0x31,0x37,0x20,0x3d,0x20,0x70,0x61,0x72,0x61,0x6d,0x5f,0x31,0x31,
    0x3b,0x0a,0x20,0x20,0x20,0x20,0x20,0x20,0x20,0x20,0x66,0x6c,0x6f,0x61,0x74,0x33,
    0x20,0x70,0x61,0x72,0x61,0x6d,0x5f,0x31,0x38,0x20,0x3d,0x20,0x70,0x6f,0x73,0x3b,
    0x0a,0x20,0x20,0x20,0x20,0x20,0x20,0x20,0x20,0x66,0x6c,0x6f,0x61,0x74,0x32,0x20,
    0x70,0x61,0x72,0x61,0x6d,0x5f,0x31,0x39,0x20,0x3d,0x20,0x5f,0x35,0x32,0x32,0x3b,
    0x0a,0x20,0x20,0x20,0x20,0x20,0x20,0x20,0x20,0x66,0x6c,0x6f,0x61,0x74,0x32,0x20,
    0x70,0x61,0x72,0x61,0x6d,0x5f,0x32,0x30,0x20,0x3d,0x20,0x66,0x6c,0x6f,0x61,0x74,
    0x32,0x28,0x30,0x2e,0x30,0x66,0x2c,0x20,0x2d,0x31,0x2e,0x30,0x66,0x29,0x3b,0x0a,
    0x20,0x20,0x20,0x20,0x20,0x20,0x20,0x20,0x66,0x6c,0x6f,0x61,0x74,0x20,0x70,0x61,
    0x72,0x61,0x6d,0x5f,0x32,0x31,0x20,0x3d,0x20,0x5f,0x35,0x33,0x38,0x3b,0x0a,0x20,
    0x20,0x20,0x20,0x20,0x20,0x20,0x20,0x66,0x6c,0x6f,0x61,0x74,0x20,0x70,0x61,0x72,
    0x61,0x6d,0x5f,0x32,0x32,0x20,0x3d,0x20,0x5f,0x36,0x32,0x5f,0x73,0x74,0x69,0x66,
    0x66,0x6e,0x65,0x73,0x73,0x2e,0x78,0x3b,0x0a,0x20,0x20,0x20,0x20,0x20,0x20,0x20,
    0x20,0x61,0x70,0x70,0x6c,0x79,0x4e,0x65,0x69,0x67,0x68,0x62,0x6f,0x72,0x28,0x70,
    0x61,0x72,0x61,0x6d,0x5f,0x31,0x37,0x2c,0x20,0x70,0x61,0x72,0x61,0x6d,0x5f,0x31,
    0x38,0x2c,0x20,0x70,0x61,0x72,0x61,0x6d,0x5f,0x31,0x39,0x2c,0x20,0x70,0x61,0x72,
    0x61,0x6d,0x5f,0x32,0x30,0x2c,0x20,0x70,0x61,0x72,0x61,0x6d,0x5f,0x32,0x31,0x2c,
    0x20,0x70,0x61,0x72,0x61,0x6d,0x5f,0x32,0x32,0x29,0x3b,0x0a,0x20,0x20,0x20,0x20,
    0x20,0x20,0x20,0x20,0x63,0x6f,0x72,0x72,0x65,0x63,0x74,0x69,0x6f,0x6e,0x20,0x3d,
    0x20,0x70,0x61,0x72,0x61,0x6d,0x5f,0x31,0x37,0x3b,0x0a,0x20,0x20,0x20,0x20,0x20,
    0x20,0x20,0x20,0x66,0x6c,0x6f,0x61,0x74,0x33,0x20,0x70,0x61,0x72,0x61,0x6d,0x5f,
    0x32,0x33,0x20,0x3d,0x20,0x70,0x61,0x72,0x61,0x6d,0x5f,0x31,0x37,0x3b,0x0a,0x20,
    0x20,0x20,0x20,0x20,0x20,0x20,0x20,0x66,0x6c,0x6f,0x61,0x74,0x33,0x20,0x70,0x61,
    0x72,0x61,0x6d,0x5f,0x32,0x34,0x20,0x3d,0x20,0x70,0x6f,0x73,0x3b,0x0a,0x20,0x20,
    0x20,0x20,0x20,0x20,0x20,0x20,0x66,0x6c,0x6f,0x61,0x74,0x32,0x20,0x70,0x61,0x72,
    0x61,0x6d,0x5f,0x32,0x35,0x20,0x3d,0x20,0x5f,0x35,0x32,0x32,0x3b,0x0a,0x20,0x20,
    0x20,0x20,0x20,0x20,0x20,0x20,0x66,0x6c,0x6f,0x61,0x74,0x32,0x20,0x70,0x61,0x72,
    0x61,0x6d,0x5f,0x32,0x36,0x20,0x3d,0x20,0x66,0x6c,0x6f,0x61,0x74,0x32,0x28,0x30,
    0x2e,0x30,0x66,0x2c,0x20,0x31,0x2e,0x30,0x66,0x29,0x3b,0x0a,0x20,0x20,0x20,0x20,
    0x20,0x20,0x20,0x20,0x66,0x6c,0x6f,0x61,0x74,0x20,0x70,0x61,0x72,0x61,0x6d,0x5f,
    0x32,0x37,0x20,0x3d,0x20,0x5f,0x35,0x33,0x38,0x3b,0x0a,0x20,0x20,0x20,0x20,0x20,
    0x20,0x20,0x20,0x66,0x6c,0x6f,0x61,0x74,0x20,0x70,0x61,0x72,0x61,0x6d,0x5f,0x32,
    0x38,0x20,0x3d,0x20,0x5f,0x36,0x32,0x5f,0x73,0x74,0x69,0x66,0x66,0x6e,0x65,0x73,
    0x73,0x2e,0x78,0x3b,0x0a,0x20,0x20,0x20,0x20,0x20,0x20,0x20,0x20,0x61,0x70,0x70,
    0x6c,0x79,0x4e,0x65,0x69,0x67,0x68,0x62,0x6f,0x72,0x28,0x70,0x61,0x72,0x61,0x6d,
    0x5f,0x32,0x33,0x2c,0x20,0x70,0x61,0x72,0x61,0x6d,0x5f,0x32,0x34,0x2c,0x20,0x70,
    0x61,0x72,0x61,0x6d,0x5f,0x32,0x35,0x2c,0x20,0x70,0x61,0x72,0x61,0x6d,0x5f,0x32,
    0x36,0x2c,0x20,0x70,0x61,0x72,0x61,0x6d,0x5f,0x32,0x37,0x2c,0x20,0x70,0x61,0x72,
    0x61,0x6d,0x5f,0x32,0x38,0x29,0x3b,0x0a,0x20,0x20,0x20,0x20,0x20,0x20,0x20,0x20,
    0x63,0x6f,0x72,0x72,0x65,0x63,0x74,0x69,0x6f,0x6e,0x20,0x3d,0x20,0x70,0x61,0x72,
    0x61,0x6d,0x5f,0x32,0x33,0x3b,0x0a,0x20,0x20,0x20,0x20,0x20,0x20,0x20,0x20,0x69,
    0x66,0x20,0x28,0x5f,0x36,0x32,0x5f,0x6f,0x70,0x74,0x69,0x6f,0x6e,0x73,0x2e,0x78,
    0x20,0x3e,0x20,0x30,0x2e,0x35,0x66,0x29,0x0a,0x20,0x20,0x20,0x20,0x20,0x20,0x20,
    0x20,0x7b,0x0a,0x20,0x20,0x20,0x20,0x20,0x20,0x20,0x20,0x20,0x20,0x20,0x20,0x66,
    0x6c,0x6f,0x61,0x74,0x33,0x20,0x70,0x61,0x72,0x61,0x6d,0x5f,0x32,0x39,0x20,0x3d,
    0x20,0x63,0x6f,0x72,0x72,0x65,0x63,0x74,0x69,0x6f,0x6e,0x3b,0x0a,0x20,0x20,0x20,
    0x20,0x20,0x20,0x20,0x20,0x20,0x20,0x20,0x20,0x66,0x6c,0x6f,0x61,0x74,0x33,0x20,
    0x70,0x61,0x72,0x61,0x6d,0x5f,0x33,0x30,0x20,0x3d,0x20,0x70,0x6f,0x73,0x3b,0x0a,
    0x20,0x20,0x20,0x20,0x20,0x20,0x20,0x20,0x20,0x20,0x20,0x20,0x66,0x6c,0x6f,0x61,
    0x74,0x32,0x20,0x70,0x61,0x72,0x61,0x6d,0x5f,0x33,0x31,0x20,0x3d,0x20,0x5f,0x35,
    0x32,0x32,0x3b,0x0a,0x20,0x20,0x20,0x20,0x20,0x20,0x20,0x20,0x20,0x20,0x20,0x20,
    0x66,0x6c,0x6f,0x61,0x74,0x32,0x20,0x70,0x61,0x72,0x61,0x6d,0x5f,0x33,0x32,0x20,
    0x3d,0x20,0x28,0x2d,0x31,0x2e,0x30,0x66,0x29,0x2e,0x78,0x78,0x3b,0x0a,0x20,0x20,
    0x20,0x20,0x20,0x20,0x20,0x20,0x20,0x20,0x20,0x20,0x66,0x6c,0x6f,0x61,0x74,0x20,
    0x70,0x61,0x72,0x61,0x6d,0x5f,0x33,0x33,0x20,0x3d,0x20,0x5f,0x35,0x34,0x33,0x3b,
    0x0a,0x20,0x20,0x20,0x20,0x20,0x20,0x20,0x20,0x20,0x20,0x20,0x20,0x66,0x6c,0x6f,
    0x61,0x74,0x20,0x70,0x61,0x72,0x61,0x6d,0x5f,0x33,0x34,0x20,0x3d,0x20,0x5f,0x36,
    0x32,0x5f,0x73,0x74,0x69,0x66,0x66,0x6e,0x65,0x73,0x73,0x2e,0x79,0x3b,0x0a,0x20,
    0x20,0x20,0x20,0x20,0x20,0x20,0x20,0x20,0x20,0x20,0x20,0x61,0x70,0x70,0x6c,0x79,
    0x4e,0x65,0x69,0x67,0x68,0x62,0x6f,0x72,0x28,0x70,0x61,0x72,0x61,0x6d,0x5f,0x32,
    0x39,0x2c,0x20,0x70,0x61,0x72,0x61,0x6d,0x5f,0x33,0x30,0x2c,0x20,0x70,0x61,0x72,
    0x61,0x6d,0x5f,0x33,0x31,0x2c,0x20,0x70,0x61,0x72,0x61,0x6d,0x5f,0x33,0x32,0x2c,
    0x20,0x70,0x61,0x72,0x61,0x6d,0x5f,0x33,0x33,0x2c,0x20,0x70,0x61,0x72,0x61,0x6d,
    0x5f,0x33,0x34,0x29,0x3b,0x0a,0x20,0x20,0x20,0x20,0x20,0x20,0x20,0x20,0x20,0x20,
    0x20,0x20,0x63,0x6f,0x72,0x72,0x65,0x63,0x74,0x69,0x6f,0x6e,0x20,0x3d,0x20,0x70,
    0x61,0x72,0x61,0x6d,0x5f,0x32,0x39,0x3b,0x0a,0x20,0x20,0x20,0x20,0x20,0x20,0x20,
    0x20,0x20,0x20,0x20,0x20,0x66,0x6c,0x6f,0x61,0x74,0x33,0x20,0x70,0x61,0x72,0x61,
    0x6d,0x5f,0x33,0x35,0x20,0x3d,0x20,0x70,0x61,0x72,0x61,0x6d,0x5f,0x32,0x39,0x3b,
    0x0a,0x20,0x20,0x20,0x20,0x20,0x20,0x20,0x20,0x20,0x20,0x20,0x20,0x66,0x6c,0x6f,
    0x61,0x74,0x33,0x20,0x70,0x61,0x72,0x61,0x6d,0x5f,0x33,0x36,0x20,0x3d,0x20,0x70,
    0x6f,0x73,0x3b,0x0a,0x20,0x20,0x20,0x20,0x20,0x20,0x20,0x20,0x20,0x20,0x20,0x20,
    0x66,0x6c,0x6f,0x61,0x74,0x32,0x20,0x70,0x61,0x72,0x61,0x6d,0x5f,0x33,0x37,0x20,
    0x3d,0x20,0x5f,0x35,0x32,0x32,0x3b,0x0a,0x20,0x20,0x20,0x20,0x20,0x20,0x20,0x20,
    0x20,0x20,0x20,0x20,0x66,0x6c,0x6f,0x61,0x74,0x32,0x20,0x70,0x61,0x72,0x61,0x6d,
    0x5f,0x33,0x38,0x20,0x3d,0x20,0x66,0x6c,0x6f,0x61,0x74,0x32,0x28,0x31,0x2e,0x30,
    0x66,0x2c,0x20,0x2d,0x31,0x2e,0x30,0x66,0x29,0x3b,0x0a,0x20,0x20,0x20,0x20,0x20,
    0x20,0x20,0x20,0x20,0x20,0x20,0x20,0x66,0x6c,0x6f,0x61,0x74,0x20,0x70,0x61,0x72,
    0x61,0x6d,0x5f,0x33,0x39,0x20,0x3d,0x20,0x5f,0x35,0x34,0x33,0x3b,0x0a,0x20,0x20,
    0x20,0x20,0x20,0x20,0x20,0x20,0x20,0x20,0x20,0x20,0x66,0x6c,0x6f,0x61,0x74,0x20,
    0x70,0x61,0x72,0x61,0x6d,0x5f,0x34,0x30,0x20,0x3d,0x20,0x5f,0x36,0x32,0x5f,0x73,
    0x74,0x69,0x66,0x66,0x6e,0x65,0x73,0x73,0x2e,0x79,0x3b,0x0a,0x20,0x20,0x20,0x20,
    0x20,0x20,0x20,0x20,0x20,0x20,0x20,0x20,0x61,0x70,0x70,0x6c,0x79,0x4e,0x65,0x69,
    0x67,0x68,0x62,0x6f,0x72,0x28,0x70,0x61,0x72,0x61,0x6d,0x5f,0x33,0x35,0x2c,0x20,
    0x70,0x61,0x72,0x61,0x6d,0x5f,0x33,0x36,0x2c,0x20,0x70,0x61,0x72,0x61,0x6d,0x5f,
    0x33,0x37,0x2c,0x20,0x70,0x61,0x72,0x61,0x6d,0x5f,0x33,0x38,0x2c,0x20,0x70,0x61,
    0x72,0x61,0x6d,0x5f,0x33,0x39,0x2c,0x20,0x70,0x61,0x72,0x61,0x6d,0x5f,0x34,0x30,
    0x29,0x3b,0x0a,0x20,0x20,0x20,0x20,0x20,0x20,0x20,0x20,0x20,0x20,0x20,0x20,0x63,
    0x6f,0x72,0x72,0x65,0x63,0x74,0x69,0x6f,0x6e,0x20,0x3d,0x20,0x70,0x61,0x72,0x61,
    0x6d,0x5f,0x33,0x35,0x3b,0x0a,0x20,0x20,0x20,0x20,0x20,0x20,0x20,0x20,0x20,0x20,
    0x20,0x20,0x66,0x6c,0x6f,0x61,0x74,0x33,0x20,0x70,0x61,0x72,0x61,0x6d,0x5f,0x34,
    0x31,0x20,0x3d,0x20,0x70,0x61,0x72,0x61,0x6d,0x5f,0x33,0x35,0x3b,0x0a,0x20,0x20,
    0x20,0x20,0x20,0x20,0x20,0x20,0x20,0x20,0x20,0x20,0x66,0x6c,0x6f,0x61,0x74,0x33,
    0x20,0x70,0x61,0x72,0x61,0x6d,0x5f,0x34,0x32,0x20,0x3d,0x20,0x70,0x6f,0x73,0x3b,
    0x0a,0x20,0x20,0x20,0x20,0x20,0x20,0x20,0x20,0x20,0x20,0x20,0x20,0x66,0x6c,0x6f,
    0x61,0x74,0x32,0x20,0x70,0x61,0x72,0x61,0x6d,0x5f,0x34,0x33,0x20,0x3d,0x20,0x5f,
    0x35,0x32,0x32,0x3b,0x0a,0x20,0x20,0x20,0x20,0x20,0x20,0x20,0x20,0x20,0x20,0x20,
    0x20,0x66,0x6c,0x6f,0x61,0x74,0x32,0x20,0x70,0x61,0x72,0x61,0x6d,0x5f,0x34,0x34,
    0x20,0x3d,0x20,0x66,0x6c,0x6f,0x61,0x74,0x32,0x28,0x2d,0x31,0x2e,0x30,0x66,0x2c,
    0x20,0x31,0x2e,0x30,0x66,0x29,0x3b,0x0a,0x20,0x20,0x20,0x20,0x20,0x20,0x20,0x20,
    0x20,0x20,0x20,0x20,0x66,0x6c,0x6f,0x61,0x74,0x20,0x70,0x61,0x72,0x61,0x6d,0x5f,
    0x34,0x35,0x20,0x3d,0x20,0x5f,0x35,0x34,0x33,0x3b,0x0a,0x20,0x20,0x20,0x20,0x20,
    0x20,0x20,0x20,0x20,0x20,0x20,0x20,0x66,0x6c,0x6f,0x61,0x74,0x20,0x70,0x61,0x72,
    0x61,0x6d,0x5f,0x34,0x36,0x20,0x3d,0x20,0x5f,0x36,0x32,0x5f,0x73,0x74,0x69,0x66,
    0x66,0x6e,0x65,0x73,0x73,0x2e,0x79,0x3b,0x0a,0x20,0x20,0x20,0x20,0x20,0x20,0x20,
    0x20,0x20,0x20,0x20,0x20,0x61,0x70,0x70,0x6c,0x79,0x4e,0x65,0x69,0x67,0x68,0x62,
    0x6f,0x72,0x28,0x70,0x61,0x72,0x61,0x6d,0x5f,0x34,0x31,0x2c,0x20,0x70,0x61,0x72,
    0x61,0x6d,0x5f,0x34,0x32,0x2c,0x20,0x70,0x61,0x72,0x61,0x6d,0x5f,0x34,0x33,0x2c,
    0x20,0x70,0x61,0x72,0x61,0x6d,0x5f,0x34,0x34,0x2c,0x20,0x70,0x61,0x72,0x61,0x6d,
    0x5f,0x34,0x35,0x2c,0x20,0x70,0x61,0x72,0x61,0x6d,0x5f,0x34,0x36,0x29,0x3b,0x0a,
    0x20,0x20,0x20,0x20,0x20,0x20,0x20,0x20,0x20,0x20,0x20,0x20,0x63,0x6f,0x72,0x72,
    0x65,0x63,0x74,0x69,0x6f,0x6e,0x20,0x3d,0x20,0x70,0x61,0x72,0x61,0x6d,0x5f,0x34,
    0x31,0x3b,0x0a,0x20,0x20,0x20,0x20,0x20,0x20,0x20,0x20,0x20,0x20,0x20,0x20,0x66,
    0x6c,0x6f,0x61,0x74,0x33,0x20,0x70,0x61,0x72,0x61,0x6d,0x5f,0x34,0x37,0x20,0x3d,
    0x20,0x70,0x61,0x72,0x61,0x6d,0x5f,0x34,0x31,0x3b,0x0a,0x20,0x20,0x20,0x20,0x20,
    0x20,0x20,0x20,0x20,0x20,0x20,0x20,0x66,0x6c,0x6f,0x61,0x74,0x33,0x20,0x70,0x61,
    0x72,0x61,0x6d,0x5f,0x34,0x38,0x20,0x3d,0x20,0x70,0x6f,0x73,0x3b,0x0a,0x20,0x20,
    0x20,0x20,0x20,0x20,0x20,0x20,0x20,0x20,0x20,0x20,0x66,0x6c,0x6f,0x61,0x74,0x32,
    0x20,0x70,0x61,0x72,0x61,0x6d,0x5f,0x34,0x39,0x20,0x3d,0x20,0x5f,0x35,0x32,0x32,
    0x3b,0x0a,0x20,0x20,0x20,0x20,0x20,0x20,0x20,0x20,0x20,0x20,0x20,0x20,0x66,0x6c,
    0x6f,0x61,0x74,0x32,0x20,0x70,0x61,0x72,0x61,0x6d,0x5f,0x35,0x30,0x20,0x3d,0x20,
    0x31,0x2e,0x30,0x66,0x2e,0x78,0x78,0x3b,0x0a,0x20,0x20,0x20,0x20,0x20,0x20,0x20,
    0x20,0x20,0x20,0x20,0x20,0x66,0x6c,0x6f,0x61,0x74,0x20,0x70,0x61,0x72,0x61,0x6d,
    0x5f,0x35,0x31,0x20,0x3d,0x20,0x5f,0x35,0x34,0x33,0x3b,0x0a,0x20,0x20,0x20,0x20,
    0x20,0x20,0x20,0x20,0x20,0x20,0x20,0x20,0x66,0x6c,0x6f,0x61,0x74,0x20,0x70,0x61,
    0x72,0x61,0x6d,0x5f,0x35,0x32,0x20,0x3d,0x20,0x5f,0x36,0x32,0x5f,0x73,0x74,0x69,
    0x66,0x66,0x6e,0x65,0x73,0x73,0x2e,0x79,0x3b,0x0a,0x20,0x20,0x20,0x20,0x20,0x20,
    0x20,0x20,0x20,0x20,0x20,0x20,0x61,0x70,0x70,0x6c,0x79,0x4e,0x65,0x69,0x67,0x68,
    0x62,0x6f,0x72,0x28,0x70,0x61,0x72,0x61,0x6d,0x5f,0x34,0x37,0x2c,0x20,0x70,0x61,
    0x72,0x61,0x6d,0x5f,0x34,0x38,0x2c,0x20,0x70,0x61,0x72,0x61,0x6d,0x5f,0x34,0x39,
    0x2c,0x20,0x70,0x61,0x72,0x61,0x6d,0x5f,0x35,0x30,0x2c,0x20,0x70,0x61,0x72,0x61,
    0x6d,0x5f,0x35,0x31,0x2c,0x20,0x70,0x61,0x72,0x61,0x6d,0x5f,0x35,0x32,0x29,0x3b,
    0x0a,0x20,0x20,0x20,0x20,0x20,0x20,0x20,0x20,0x20,0x20,0x20,0x20,0x63,0x6f,0x72,
    0x72,0x65,0x63,0x74,0x69,0x6f,0x6e,0x20,0x3d,0x20,0x70,0x61,0x72,0x61,0x6d,0x5f,
    0x34,0x37,0x3b,0x0a,0x20,0x20,0x20,0x20,0x20,0x20,0x20,0x20,0x7d,0x0a,0x20,0x20,
    0x20,0x20,0x20,0x20,0x20,0x20,0x69,0x66,0x20,0x28,0x5f,0x36,0x32,0x5f,0x6f,0x70,
    0x74,0x69,0x6f,0x6e,0x73,0x2e,0x79,0x20,0x3e,0x20,0x30,0x2e,0x35,0x66,0x29,0x0a,
    0x20,0x20,0x20,0x20,0x20,0x20,0x20,0x20,0x7b,0x0a,0x20,0x20,0x20,0x20,0x20,0x20,
    0x20,0x20,0x20,0x20,0x20,0x20,0x66,0x6c,0x6f,0x61,0x74,0x20,0x5f,0x36,0x38,0x31,
    0x20,0x3d,0x20,0x5f,0x35,0x33,0x30,0x20,0x2a,0x20,0x32,0x2e,0x30,0x66,0x3b,0x0a,
    0x20,0x20,0x20,0x20,0x20,0x20,0x20,0x20,0x20,0x20,0x20,0x20,0x66,0x6c,0x6f,0x61,
    0x74,0x33,0x20,0x70,0x61,0x72,0x61,0x6d,0x5f,0x35,0x33,0x20,0x3d,0x20,0x63,0x6f,
    0x72,0x72,0x65,0x63,0x74,0x69,0x6f,0x6e,0x3b,0x0a,0x20,0x20,0x20,0x20,0x20,0x20,
    0x20,0x20,0x20,0x20,0x20,0x20,0x66,0x6c,0x6f,0x61,0x74,0x33,0x20,0x70,0x61,0x72,
    0x61,0x6d,0x5f,0x35,0x34,0x20,0x3d,0x20,0x70,0x6f,0x73,0x3b,0x0a,0x20,0x20,0x20,
    0x20,0x20,0x20,0x20,0x20,0x20,0x20,0x20,0x20,0x66,0x6c,0x6f,0x61,0x74,0x32,0x20,
    0x70,0x61,0x72,0x61,0x6d,0x5f,0x35,0x35,0x20,0x3d,0x20,0x5f,0x35,0x32,0x32,0x3b,
    0x0a,0x20,0x20,0x20,0x20,0x20,0x20,0x20,0x20,0x20,0x20,0x20,0x20,0x66,0x6c,0x6f,
    0x61,0x74,0x32,0x20,0x70,0x61,0x72,0x61,0x6d,0x5f,0x35,0x36,0x20,0x3d,0x20,0x66,
    0x6c,0x6f,0x61,0x74,0x32,0x28,0x2d,0x32,0x2e,0x30,0x66,0x2c,0x20,0x30,0x2e,0x30,
    0x66,0x29,0x3b,0x0a,0x20,0x20,0x20,0x20,0x20,0x20,0x20,0x20,0x20,0x20,0x20,0x20,
    0x66,0x6c,0x6f,0x61,0x74,0x20,0x70,0x61,0x72,0x61,0x6d,0x5f,0x35,0x37,0x20,0x3d,
    0x20,0x5f,0x36,0x38,0x31,0x3b,0x0a,0x20,0x20,0x20,0x20,0x20,0x20,0x20,0x20,0x20,
    0x20,0x20,0x20,0x66,0x6c,0x6f,0x61,0x74,0x20,0x70,0x61,0x72,0x61,0x6d,0x5f,0x35,
    0x38,0x20,0x3d,0x20,0x5f,0x36,0x32,0x5f,0x73,0x74,0x69,0x66,0x66,0x6e,0x65,0x73,
    0x73,0x2e,0x7a,0x3b,0x0a,0x20,0x20,0x20,0x20,0x20,0x20,0x20,0x20,0x20,0x20,0x20,
    0x20,0x61,0x70,0x70,0x6c,0x79,0x4e,0x65,0x69,0x67,0x68,0x62,0x6f,0x72,0x28,0x70,
    0x61,0x72,0x61,0x6d,0x5f,0x35,0x33,0x2c,0x20,0x70,0x61,0x72,0x61,0x6d,0x5f,0x35,
    0x34,0x2c,0x20,0x70,0x61,0x72,0x61,0x6d,0x5f,0x35,0x35,0x2c,0x20,0x70,0x61,0x72,
    0x61,0x6d,0x5f,0x35,0x36,0x2c,0x20,0x70,0x61,0x72,0x61,0x6d,0x5f,0x35,0x37,0x2c,
    0x20,0x70,0x61,0x72,0x61,0x6d,0x5f,0x35,0x38,0x29,0x3b,0x0a,0x20,0x20,0x20,0x20,
    0x20,0x20,0x20,0x20,0x20,0x20,0x20,0x20,0x63,0x6f,0x72,0x72,0x65,0x63,0x74,0x69,
    0x6f,0x6e,0x20,0x3d,0x20,0x70,0x61,0x72,0x61,0x6d,0x5f,0x35,0x33,0x3b,0x0a,0x20,
    0x20,0x20,0x20,0x20,0x20,0x20,0x20,0x20,0x20,0x20,0x20,0x66,0x6c,0x6f,0x61,0x74,
    0x33,0x20,0x70,0x61,0x72,0x61,0x6d,0x5f,0x35,0x39,0x20,0x3d,0x20,0x70,0x61,0x72,
    0x61,0x6d,0x5f,0x35,0x33,0x3b,0x0a,0x20,0x20,0x20,0x20,0x20,0x20,0x20,0x20,0x20,
    0x20,0x20,0x20,0x66,0x6c,0x6f,0x61,0x74,0x33,0x20,0x70,0x61,0x72,0x61,0x6d,0x5f,
    0x36,0x30,0x20,0x3d,0x20,0x70,0x6f,0x73,0x3b,0x0a,0x20,0x20,0x20,0x20,0x20,0x20,
    0x20,0x20,0x20,0x20,0x20,0x20,0x66,0x6c,0x6f,0x61,0x74,0x32,0x20,0x70,0x61,0x72,
    0x61,0x6d,0x5f,0x36,0x31,0x20,0x3d,0x20,0x5f,0x35,0x32,0x32,0x3b,0x0a,0x20,0x20,
    0x20,0x20,0x20,0x20,0x20,0x20,0x20,0x20,0x20,0x20,0x66,0x6c,0x6f,0x61,0x74,0x32,
    0x20,0x70,0x61,0x72,0x61,0x6d,0x5f,0x36,0x32,0x20,0x3d,0x20,0x66,0x6c,0x6f,0x61,
    0x74,0x32,0x28,0x32,0x2e,0x30,0x66,0x2c,0x20,0x30,0x2e,0x30,0x66,0x29,0x3b,0x0a,
    0x20,0x20,0x20,0x20,0x20,0x20,0x20,0x20,0x20,0x20,0x20,0x20,0x66,0x6c,0x6f,0x61,
    0x74,0x20,0x70,0x61,0x72,0x61,0x6d,0x5f,0x36,0x33,0x20,0x3d,0x20,0x5f,0x36,0x38,
    0x31,0x3b,0x0a,0x20,0x20,0x20,0x20,0x20,0x20,0x20,0x20,0x20,0x20,0x20,0x20,0x66,
    0x6c,0x6f,0x61,0x74,0x20,0x70,0x61,0x72,0x61,0x6d,0x5f,0x36,0x34,0x20,0x3d,0x20,
    0x5f,0x36,0x32,0x5f,0x73,0x74,0x69,0x66,0x66,0x6e,0x65,0x73,0x73,0x2e,0x7a,0x3b,
    0x0a,0x20,0x20,0x20,0x20,0x20,0x20,0x20,0x20,0x20,0x20,0x20,0x20,0x61,0x70,0x70,
    0x6c,0x79,0x4e,0x65,0x69,0x67,0x68,0x62,0x6f,0x72,0x28,0x70,0x61,0x72,0x61,0x6d,
    0x5f,0x35,0x39,0x2c,0x20,0x70,0x61,0x72,0x61,0x6d,0x5f,0x36,0x30,0x2c,0x20,0x70,
    0x61,0x72,0x61,0x6d,0x5f,0x36,0x31,0x2c,0x20,0x70,0x61,0x72,0x61,0x6d,0x5f,0x36,
    0x32,0x2c,0x20,0x70,0x61,0x72,0x61,0x6d,0x5f,0x36,0x33,0x2c,0x20,0x70,0x61,0x72,
    0x61,0x6d,0x5f,0x36,0x34,0x29,0x3b,0x0a,0x20,0x20,0x20,0x20,0x20,0x20,0x20,0x20,
    0x20,0x20,0x20,0x20,0x63,0x6f,0x72,0x72,0x65,0x63,0x74,0x69,0x6f,0x6e,0x20,0x3d,
    0x20,0x70,0x61,0x72,0x61,0x6d,0x5f,0x35,0x39,0x3b,0x0a,0x20,0x20,0x20,0x20,0x20,
    0x20,0x20,0x20,0x20,0x20,0x20,0x20,0x66,0x6c,0x6f,0x61,0x74,0x20,0x5f,0x37,0x31,
    0x33,0x20,0x3d,0x20,0x5f,0x35,0x33,0x38,0x20,0x2a,0x20,0x32,0x2e,0x30,0x66,0x3b,
    0x0a,0x20,0x20,0x20,0x20,0x20,0x20,0x20,0x20,0x20,0x20,0x20,0x20,0x66,0x6c,0x6f,
    0x61,0x74,0x33,0x20,0x70,0x61,0x72,0x61,0x6d,0x5f,0x36,0x35,0x20,0x3d,0x20,0x70,
    0x61,0x72,0x61,0x6d,0x5f,0x35,0x39,0x3b,0x0a,0x20,0x20,0x20,0x20,0x20,0x20,0x20,
    0x20,0x20,0x20,0x20,0x20,0x66,0x6c,0x6f,0x61,0x74,0x33,0x20,0x70,0x61,0x72,0x61,
    0x6d,0x5f,0x36,0x36,0x20,0x3d,0x20,0x70,0x6f,0x73,0x3b,0x0a,0x20,0x20,0x20,0x20,
    0x20,0x20,0x20,0x20,0x20,0x20,0x20,0x20,0x66,0x6c,0x6f,0x61,0x74,0x32,0x20,0x70,
    0x61,0x72,0x61,0x6d,0x5f,0x36,0x37,0x20,0x3d,0x20,0x5f,0x35,0x32,0x32,0x3b,0x0a,
    0x20,0x20,0x20,0x20,0x20,0x20,0x20,0x20,0x20,0x20,0x20,0x20,0x66,0x6c,0x6f,0x61,
    0x74,0x32,0x20,0x70,0x61,0x72,0x61,0x6d,0x5f,0x36,0x38,0x20,0x3d,0x20,0x66,0x6c,
    0x6f,0x61,0x74,0x32,0x28,0x30,0x2e,0x30,0x66,0x2c,0x20,0x2d,0x32,0x2e,0x30,0x66,
    0x29,0x3b,0x0a,0x20,0x20,0x20,0x20,0x20,0x20,0x20,0x20,0x20,0x20,0x20,0x20,0x66,
    0x6c,0x6f,0x61,0x74,0x20,0x70,0x61,0x72,0x61,0x6d,0x5f,0x36,0x39,0x20,0x3d,0x20,
    0x5f,0x37,0x31,0x33,0x3b,0x0a,0x20,0x20,0x20,0x20,0x20,0x20,0x20,0x20,0x20,0x20,
    0x20,0x20,0x66,0x6c,0x6f,0x61,0x74,0x20,0x70,0x61,0x72,0x61,0x6d,0x5f,0x37,0x30,
    0x20,0x3d,0x20,0x5f,0x36,0x32,0x5f,0x73,0x74,0x69,0x66,0x66,0x6e,0x65,0x73,0x73,
    0x2e,0x7a,0x3b,0x0a,0x20,0x20,0x20,0x20,0x20,0x20,0x20,0x20,0x20,0x20,0x20,0x20,
    0x61,0x70,0x70,0x6c,0x79,0x4e,0x65,0x69,0x67,0x68,0x62,0x6f,0x72,0x28,0x70,0x61,
    0x72,0x61,0x6d,0x5f,0x36,0x35,0x2c,0x20,0x70,0x61,0x72,0x61,0x6d,0x5f,0x36,0x36,
    0x2c,0x20,0x70,0x61,0x72,0x61,0x6d,0x5f,0x36,0x37,0x2c,0x20,0x70,0x61,0x72,0x61,
    0x6d,0x5f,0x36,0x38,0x2c,0x20,0x70,0x61,0x72,0x61,0x6d,0x5f,0x36,0x39,0x2c,0x20,
    0x70,0x61,0x72,0x61,0x6d,0x5f,0x37,0x30,0x29,0x3b,0x0a,0x20,0x20,0x20,0x20,0x20,
    0x20,0x20,0x20,0x20,0x20,0x20,0x20,0x63,0x6f,0x72,0x72,0x65,0x63,0x74,0x69,0x6f,
    0x6e,0x20,0x3d,0x20,0x70,0x61,0x72,0x61,0x6d,0x5f,0x36,0x35,0x3b,0x0a,0x20,0x20,
    0x20,0x20,0x20,0x20,0x20,0x20,0x20,0x20,0x20,0x20,0x66,0x6c,0x6f,0x61,0x74,0x33,
    0x20,0x70,0x61,0x72,0x61,0x6d,0x5f,0x37,0x31,0x20,0x3d,0x20,0x70,0x61,0x72,0x61,
    0x6d,0x5f,0x36,0x35,0x3b,0x0a,0x20,0x20,0x20,0x20,0x20,0x20,0x20,0x20,0x20,0x20,
    0x20,0x20,0x66,0x6c,0x6f,0x61,0x74,0x33,0x20,0x70,0x61,0x72,0x61,0x6d,0x5f,0x37,
    0x32,0x20,0x3d,0x20,0x70,0x6f,0x73,0x3b,0x0a,0x20,0x20,0x20,0x20,0x20,0x20,0x20,
    0x20,0x20,0x20,0x20,0x20,0x66,0x6c,0x6f,0x61,0x74,0x32,0x20,0x70,0x61,0x72,0x61,
    0x6d,0x5f,0x37,0x33,0x20,0x3d,0x20,0x5f,0x35,0x32,0x32,0x3b,0x0a,0x20,0x20,0x20,
    0x20,0x20,0x20,0x20,0x20,0x20,0x20,0x20,0x20,0x66,0x6c,0x6f,0x61,0x74,0x32,0x20,
    0x70,0x61,0x72,0x61,0x6d,0x5f,0x37,0x34,0x20,0x3d,0x20,0x66,0x6c,0x6f,0x61,0x74,
    0x32,0x28,0x30,0x2e,0x30,0x66,0x2c,0x20,0x32,0x2e,0x30,0x66,0x29,0x3b,0x0a,0x20,
    0x20,0x20,0x20,0x20,0x20,0x20,0x20,0x20,0x20,0x20,0x20,0x66,0x6c,0x6f,0x61,0x74,
    0x20,0x70,0x61,0x72,0x61,0x6d,0x5f,0x37,0x35,0x20,0x3d,0x20,0x5f,0x37,0x31,0x33,
    0x3b,0x0a,0x20,0x20,0x20,0x20,0x20,0x20,0x20,0x20,0x20,0x20,0x20,0x20,0x66,0x6c,
    0x6f,0x61,0x74,0x20,0x70,0x61,0x72,0x61,0x6d,0x5f,0x37,0x36,0x20,0x3d,0x20,0x5f,
    0x36,0x32,0x5f,0x73,0x74,0x69,0x66,0x66,0x6e,0x65,0x73,0x73,0x2e,0x7a,0x3b,0x0a,
    0x20,0x20,0x20,0x20,0x20,0x20,0x20,0x20,0x20,0x20,0x20,0x20,0x61,0x70,0x70,0x6c,
    0x79,0x4e,0x65,0x69,0x67,0x68,0x62,0x6f,0x72,0x28,0x70,0x61,0x72,0x61,0x6d,0x5f,
    0x37,0x31,0x2c,0x20,0x70,0x61,0x72,0x61,0x6d,0x5f,0x37,0x32,0x2c,0x20,0x70,0x61,
    0x72,0x61,0x6d,0x5f,0x37,0x33,0x2c,0x20,0x70,0x61,0x72,0x61,0x6d,0x5f,0x37,0x34,
    0x2c,0x20,0x70,0x61,0x72,0x61,0x6d,0x5f,0x37,0x35,0x2c,0x20,0x70,0x61,0x72,0x61,
    0x6d,0x5f,0x37,0x36,0x29,0x3b,0x0a,0x20,0x20,0x20,0x20,0x20,0x20,0x20,0x20,0x20,
    0x20,0x20,0x20,0x63,0x6f,0x72,0x72,0x65,0x63,0x74,0x69,0x6f,0x6e,0x20,0x3d,0x20,
    0x70,0x61,0x72,0x61,0x6d,0x5f,0x37,0x31,0x3b,0x0a,0x20,0x20,0x20,0x20,0x20,0x20,
    0x20,0x20,0x20,0x20,0x20,0x20,0x66,0x6c,0x6f,0x61,0x74,0x20,0x5f,0x37,0x34,0x35,
    0x20,0x3d,0x20,0x5f,0x35,0x34,0x33,0x20,0x2a,0x20,0x32,0x2e,0x30,0x66,0x3b,0x0a,
    0x20,0x20,0x20,0x20,0x20,0x20,0x20,0x20,0x20,0x20,0x20,0x20,0x66,0x6c,0x6f,0x61,
    0x74,0x33,0x20,0x70,0x61,0x72,0x61,0x6d,0x5f,0x37,0x37,0x20,0x3d,0x20,0x70,0x61,
    0x72,0x61,0x6d,0x5f,0x37,0x31,0x3b,0x0a,0x20,0x20,0x20,0x20,0x20,0x20,0x20,0x20,
    0x20,0x20,0x20,0x20,0x66,0x6c,0x6f,0x61,0x74,0x33,0x20,0x70,0x61,0x72,0x61,0x6d,
    0x5f,0x37,0x38,0x20,0x3d,0x20,0x70,0x6f,0x73,0x3b,0x0a,0x20,0x20,0x20,0x20,0x20,
    0x20,0x20,0x20,0x20,0x20,0x20,0x20,0x66,0x6c,0x6f,0x61,0x74,0x32,0x20,0x70,0x61,
    0x72,0x61,0x6d,0x5f,0x37,0x39,0x20,0x3d,0x20,0x5f,0x35,0x32,0x32,0x3b,0x0a,0x20,
    0x20,0x20,0x20,0x20,0x20,0x20,0x20,0x20,0x20,0x20,0x20,0x66,0x6c,0x6f,0x61,0x74,
    0x32,0x20,0x70,0x61,0x72,0x61,0x6d,0x5f,0x38,0x30,0x20,0x3d,0x20,0x28,0x2d,0x32,
    0x2e,0x30,0x66,0x29,0x2e,0x78,0x78,0x3b,0x0a,0x20,0x20,0x20,0x20,0x20,0x20,0x20,
    0x20,0x20,0x20,0x20,0x20,0x66,0x6c,0x6f,0x61,0x74,0x20,0x70,0x61,0x72,0x61,0x6d,
    0x5f,0x38,0x31,0x20,0x3d,0x20,0x5f,0x37,0x34,0x35,0x3b,0x0a,0x20,0x20,0x20,0x20,
    0x20,0x20,0x20,0x20,0x20,0x20,0x20,0x20,0x66,0x6c,0x6f,0x61,0x74,0x20,0x70,0x61,
    0x72,0x61,0x6d,0x5f,0x38,0x32,0x20,0x3d,0x20,0x5f,0x36,0x32,0x5f,0x73,0x74,0x69,
    0x66,0x66,0x6e,0x65,0x73,0x73,0x2e,0x7a,0x3b,0x0a,0x20,0x20,0x20,0x20,0x20,0x20,
    0x20,0x20,0x20,0x20,0x20,0x20,0x61,0x70,0x70,0x6c,0x79,0x4e,0x65,0x69,0x67,0x68,
    0x62,0x6f,0x72,0x28,0x70,0x61,0x72,0x61,0x6d,0x5f,0x37,0x37,0x2c,0x20,0x70,0x61,
    0x72,0x61,0x6d,0x5f,0x37,0x38,0x2c,0x20,0x70,0x61,0x72,0x61,0x6d,0x5f,0x37,0x39,
    0x2c,0x20,0x70,0x61,0x72,0x61,0x6d,0x5f,0x38,0x30,0x2c,0x20,0x70,0x61,0x72,0x61,
    0x6d,0x5f,0x38,0x31,0x2c,0x20,0x70,0x61,0x72,0x61,0x6d,0x5f,0x38,0x32,0x29,0x3b,
    0x0a,0x20,0x20,0x20,0x20,0x20,0x20,0x20,0x20,0x20,0x20,0x20,0x20,0x63,0x6f,0x72,
    0x72,0x65,0x63,0x74,0x69,0x6f,0x6e,0x20,0x3d,0x20,0x70,0x61,0x72,0x61,0x6d,0x5f,
    0x37,0x37,0x3b,0x0a,0x20,0x20,0x20,0x20,0x20,0x20,0x20,0x20,0x20,0x20,0x20,0x20,
    0x66,0x6c,0x6f,0x61,0x74,0x33,0x20,0x70,0x61,0x72,0x61,0x6d,0x5f,0x38,0x33,0x20,
    0x3d,0x20,0x70,0x61,0x72,0x61,0x6d,0x5f,0x37,0x37,0x3b,0x0a,0x20,0x20,0x20,0x20,
    0x20,0x20,0x20,0x20,0x20,0x20,0x20,0x20,0x66,0x6c,0x6f,0x61,0x74,0x33,0x20,0x70,
    0x61,0x72,0x61,0x6d,0x5f,0x38,0x34,0x20,0x3d,0x20,0x70,0x6f,0x73,0x3b,0x0a,0x20,
    0x20,0x20,0x20,0x20,0x20,0x20,0x20,0x20,0x20,0x20,0x20,0x66,0x6c,0x6f,0x61,0x74,
    0x32,0x20,0x70,0x61,0x72,0x61,0x6d,0x5f,0x38,0x35,0x20,0x3d,0x20,0x5f,0x35,0x32,
    0x32,0x3b,0x0a,0x20,0x20,0x20,0x20,0x20,0x20,0x20,0x20,0x20,0x20,0x20,0x20,0x66,
    0x6c,0x6f,0x61,0x74,0x32,0x20,0x70,0x61,0x72,0x61,0x6d,0x5f,0x38,0x36,0x20,0x3d,
    0x20,0x66,0x6c,0x6f,0x61,0x74,0x32,0x28,0x32,0x2e,0x30,0x66,0x2c,0x20,0x2d,0x32,
    0x2e,0x30,0x66,0x29,0x3b,0x0a,0x20,0x20,0x20,0x20,0x20,0x20,0x20,0x20,0x20,0x20,
    0x20,0x20,0x66,0x6c,0x6f,0x61,0x74,0x20,0x70,0x61,0x72,0x61,0x6d,0x5f,0x38,0x37,
    0x20,0x3d,0x20,0x5f,0x37,0x34,0x35,0x3b,0x0a,0x20,0x20,0x20,0x20,0x20,0x20,0x20,
    0x20,0x20,0x20,0x20,0x20,0x66,0x6c,0x6f,0x61,0x74,0x20,0x70,0x61,0x72,0x61,0x6d,
    0x5f,0x38,0x38,0x20,0x3d,0x20,0x5f,0x36,0x32,0x5f,0x73,0x74,0x69,0x66,0x66,0x6e,
    0x65,0x73,0x73,0x2e,0x7a,0x3b,0x0a,0x20,0x20,0x20,0x20,0x20,0x20,0x20,0x20,0x20,
    0x20,0x20,0x20,0x61,0x70,0x70,0x6c,0x79,0x4e,0x65,0x69,0x67,0x68,0x62,0x6f,0x72,
    0x28,0x70,0x61,0x72,0x61,0x6d,0x5f,0x38,0x33,0x2c,0x20,0x70,0x61,0x72,0x61,0x6d,
    0x5f,0x38,0x34,0x2c,0x20,0x70,0x61,0x72,0x61,0x6d,0x5f,0x38,0x35,0x2c,0x20,0x70,
    0x61,0x72,0x61,0x6d,0x5f,0x38,0x36,0x2c,0x20,0x70,0x61,0x72,0x61,0x6d,0x5f,0x38,
    0x37,0x2c,0x20,0x70,0x61,0x72,0x61,0x6d,0x5f,0x38,0x38,0x29,0x3b,0x0a,0x20,0x20,
    0x20,0x20,0x20,0x20,0x20,0x20,0x20,0x20,0x20,0x20,0x63,0x6f,0x72,0x72,0x65,0x63,
    0x74,0x69,0x6f,0x6e,0x20,0x3d,0x20,0x70,0x61,0x72,0x61,0x6d,0x5f,0x38,0x33,0x3b,
    0x0a,0x20,0x20,0x20,0x20,0x20,0x20,0x20,0x20,0x20,0x20,0x20,0x20,0x66,0x6c,0x6f,
    0x61,0x74,0x33,0x20,0x70,0x61,0x72,0x61,0x6d,0x5f,0x38,0x39,0x20,0x3d,0x20,0x70,
    0x61,0x72,0x61,0x6d,0x5f,0x38,0x33,0x3b,0x0a,0x20,0x20,0x20,0x20,0x20,0x20,0x20,
    0x20,0x20,0x20,0x20,0x20,0x66,0x6c,0x6f,0x61,0x74,0x33,0x20,0x70,0x61,0x72,0x61,
    0x6d,0x5f,0x39,0x30,0x20,0x3d,0x20,0x70,0x6f,0x73,0x3b,0x0a,0x20,0x20,0x20,0x20,
    0x20,0x20,0x20,0x20,0x20,0x20,0x20,0x20,0x66,0x6c,0x6f,0x61,0x74,0x32,0x20,0x70,
    0x61,0x72,0x61,0x6d,0x5f,0x39,0x31,0x20,0x3d,0x20,0x5f,0x35,0x32,0x32,0x3b,0x0a,
    0x20,0x20,0x20,0x20,0x20,0x20,0x20,0x20,0x20,0x20,0x20,0x20,0x66,0x6c,0x6f,0x61,
    0x74,0x32,0x20,0x70,0x61,0x72,0x61,0x6d,0x5f,0x39,0x32,0x20,0x3d,0x20,0x66,0x6c,
    0x6f,0x61,0x74,0x32,0x28,0x2d,0x32,0x2e,0x30,0x66,0x2c,0x20,0x32,0x2e,0x30,0x66,
    0x29,0x3b,0x0a,0x20,0x20,0x20,0x20,0x20,0x20,0x20,0x20,0x20,0x20,0x20,0x20,0x66,
    0x6c,0x6f,0x61,0x74,0x20,0x70,0x61,0x72,0x61,0x6d,0x5f,0x39,0x33,0x20,0x3d,0x20,
    0x5f,0x37,0x34,0x35,0x3b,0x0a,0x20,0x20,0x20,0x20,0x20,0x20,0x20,0x20,0x20,0x20,
    0x20,0x20,0x66,0x6c,0x6f,0x61,0x74,0x20,0x70,0x61,0x72,0x61,0x6d,0x5f,0x39,0x34,
    0x20,0x3d,0x20,0x5f,0x36,0x32,0x5f,0x73,0x74,0x69,0x66,0x66,0x6e,0x65,0x73,0x73,
    0x2e,0x7a,0x3b,0x0a,0x20,0x20,0x20,0x20,0x20,0x20,0x20,0x20,0x20,0x20,0x20,0x20,
    0x61,0x70,0x70,0x6c,0x79,0x4e,0x65,0x69,0x67,0x68,0x62,0x6f,0x72,0x28,0x70,0x61,
    0x72,0x61,0x6d,0x5f,0x38,0x39,0x2c,0x20,0x70,0x61,0x72,0x61,0x6d,0x5f,0x39,0x30,
    0x2c,0x20,0x70,0x61,0x72,0x61,0x6d,0x5f,0x39,0x31,0x2c,0x20,0x70,0x61,0x72,0x61,
    0x6d,0x5f,0x39,0x32,0x2c,0x20,0x70,0x61,0x72,0x61,0x6d,0x5f,0x39,0x33,0x2c,0x20,
    0x70,0x61,0x72,0x61,0x6d,0x5f,0x39,0x34,0x29,0x3b,0x0a,0x20,0x20,0x20,0x20,0x20,
    0x20,0x20,0x20,0x20,0x20,0x20,0x20,0x63,0x6f,0x72,0x72,0x65,0x63,0x74,0x69,0x6f,
    0x6e,0x20,0x3d,0x20,0x70,0x61,0x72,0x61,0x6d,0x5f,0x38,0x39,0x3b,0x0a,0x20,0x20,
    0x20,0x20,0x20,0x20,0x20,0x20,0x20,0x20,0x20,0x20,0x66,0x6c,0x6f,0x61,0x74,0x33,
    0x20,0x70,0x61,0x72,0x61,0x6d,0x5f,0x39,0x35,0x20,0x3d,0x20,0x70,0x61,0x72,0x61,
    0x6d,0x5f,0x38,0x39,0x3b,0x0a,0x20,0x20,0x20,0x20,0x20,0x20,0x20,0x20,0x20,0x20,
    0x20,0x20,0x66,0x6c,0x6f,0x61,0x74,0x33,0x20,0x70,0x61,0x72,0x61,0x6d,0x5f,0x39,
    0x36,0x20,0x3d,0x20,0x70,0x6f,0x73,0x3b,0x0a,0x20,0x20,0x20,0x20,0x20,0x20,0x20,
    0x20,0x20,0x20,0x20,0x20,0x66,0x6c,0x6f,0x61,0x74,0x32,0x20,0x70,0x61,0x72,0x61,
    0x6d,0x5f,0x39,0x37,0x20,0x3d,0x20,0x5f,0x35,0x32,0x32,0x3b,0x0a,0x20,0x20,0x20,
    0x20,0x20,0x20,0x20,0x20,0x20,0x20,0x20,0x20,0x66,0x6c,0x6f,0x61,0x74,0x32,0x20,
    0x70,0x61,0x72,0x61,0x6d,0x5f,0x39,0x38,0x20,0x3d,0x20,0x32,0x2e,0x30,0x66,0x2e,
    0x78,0x78,0x3b,0x0a,0x20,0x20,0x20,0x20,0x20,0x20,0x20,0x20,0x20,0x20,0x20,0x20,
    0x66,0x6c,0x6f,0x61,0x74,0x20,0x70,0x61,0x72,0x61,0x6d,0x5f,0x39,0x39,0x20,0x3d,
    0x20,0x5f,0x37,0x34,0x35,0x3b,0x0a,0x20,0x20,0x20,0x20,0x20,0x20,0x20,0x20,0x20,
    0x20,0x20,0x20,0x66,0x6c,0x6f,0x61,0x74,0x20,0x70,0x61,0x72,0x61,0x6d,0x5f,0x31,
    0x30,0x30,0x20,0x3d,0x20,0x5f,0x36,0x32,0x5f,0x73,0x74,0x69,0x66,0x66,0x6e,0x65,
    0x73,0x73,0x2e,0x7a,0x3b,0x0a,0x20,0x20,0x20,0x20,0x20,0x20,0x20,0x20,0x20,0x20,
    0x20,0x20,0x61,0x70,0x70,0x6c,0x79,0x4e,0x65,0x69,0x67,0x68,0x62,0x6f,0x72,0x28,
    0x70,0x61,0x72,0x61,0x6d,0x5f,0x39,0x35,0x2c,0x20,0x70,0x61,0x72,0x61,0x6d,0x5f,
    0x39,0x36,0x2c,0x20,0x70,0x61,0x72,0x61,0x6d,0x5f,0x39,0x37,0x2c,0x20,0x70,0x61,
    0x72,0x61,0x6d,0x5f,0x39,0x38,0x2c,0x20,0x70,0x61,0x72,0x61,0x6d,0x5f,0x39,0x39,
    0x2c,0x20,0x70,0x61,0x72,0x61,0x6d,0x5f,0x31,0x30,0x30,0x29,0x3b,0x0a,0x20,0x20,
    0x20,0x20,0x20,0x20,0x20,0x20,0x20,0x20,0x20,0x20,0x63,0x6f,0x72,0x72,0x65,0x63,
    0x74,0x69,0x6f,0x6e,0x20,0x3d,0x20,0x70,0x61,0x72,0x61,0x6d,0x5f,0x39,0x35,0x3b,
    0x0a,0x20,0x20,0x20,0x20,0x20,0x20,0x20,0x20,0x7d,0x0a,0x20,0x20,0x20,0x20,0x20,
    0x20,0x20,0x20,0x66,0x72,0x61,0x67,0x5f,0x63,0x6f,0x6c,0x6f,0x72,0x20,0x3d,0x20,
    0x66,0x6c,0x6f,0x61,0x74,0x34,0x28,0x70,0x6f,0x73,0x20,0x2b,0x20,0x28,0x63,0x6f,
    0x72,0x72,0x65,0x63,0x74,0x69,0x6f,0x6e,0x20,0x2a,0x20,0x5f,0x36,0x32,0x5f,0x6f,
    0x70,0x74,0x69,0x6f,0x6e,0x73,0x2e,0x77,0x29,0x2c,0x20,0x5f,0x33,0x37,0x39,0x29,
    0x3b,0x0a,0x20,0x20,0x20,0x20,0x20,0x20,0x20,0x20,0x72,0x65,0x74,0x75,0x72,0x6e,
    0x3b,0x0a,0x20,0x20,0x20,0x20,0x7d,0x0a,0x20,0x20,0x20,0x20,0x62,0x6f,0x6f,0x6c,
    0x20,0x5f,0x38,0x32,0x33,0x20,0x3d,0x20,0x5f,0x33,0x34,0x37,0x20,0x3d,0x3d,0x20,
    0x33,0x3b,0x0a,0x20,0x20,0x20,0x20,0x62,0x6f,0x6f,0x6c,0x20,0x5f,0x38,0x33,0x30,
    0x3b,0x0a,0x20,0x20,0x20,0x20,0x69,0x66,0x20,0x28,0x5f,0x38,0x32,0x33,0x29,0x0a,
    0x20,0x20,0x20,0x20,0x7b,0x0a,0x20,0x20,0x20,0x20,0x20,0x20,0x20,0x20,0x5f,0x38,
    0x33,0x30,0x20,0x3d,0x20,0x5f,0x36,0x32,0x5f,0x63,0x6f,0x6c,0x6c,0x69,0x64,0x65,
    0x72,0x2e,0x77,0x20,0x3e,0x20,0x30,0x2e,0x30,0x66,0x3b,0x0a,0x20,0x20,0x20,0x20,
    0x7d,0x0a,0x20,0x20,0x20,0x20,0x65,0x6c,0x73,0x65,0x0a,0x20,0x20,0x20,0x20,0x7b,
    0x0a,0x20,0x20,0x20,0x20,0x20,0x20,0x20,0x20,0x5f,0x38,0x33,0x30,0x20,0x3d,0x20,
    0x5f,0x38,0x32,0x33,0x3b,0x0a,0x20,0x20,0x20,0x20,0x7d,0x0a,0x20,0x20,0x20,0x20,
    0x69,0x66,0x20,0x28,0x5f,0x38,0x33,0x30,0x29,0x0a,0x20,0x20,0x20,0x20,0x7b,0x0a,
    0x20,0x20,0x20,0x20,0x20,0x20,0x20,0x20,0x66,0x6c,0x6f,0x61,0x74,0x33,0x20,0x5f,
    0x38,0x33,0x38,0x20,0x3d,0x20,0x70,0x6f,0x73,0x20,0x2d,0x20,0x5f,0x36,0x32,0x5f,
    0x63,0x6f,0x6c,0x6c,0x69,0x64,0x65,0x72,0x2e,0x78,0x79,0x7a,0x3b,0x0a,0x20,0x20,
    0x20,0x20,0x20,0x20,0x20,0x20,0x66,0x6c,0x6f,0x61,0x74,0x20,0x5f,0x38,0x34,0x31,
    0x20,0x3d,0x20,0x6c,0x65,0x6e,0x67,0x74,0x68,0x28,0x5f,0x38,0x33,0x38,0x29,0x3b,
    0x0a,0x20,0x20,0x20,0x20,0x20,0x20,0x20,0x20,0x69,0x66,0x20,0x28,0x5f,0x38,0x34,
    0x31,0x20,0x3c,0x20,0x5f,0x36,0x32,0x5f,0x63,0x6f,0x6c,0x6c,0x69,0x64,0x65,0x72,
    0x2e,0x77,0x29,0x0a,0x20,0x20,0x20,0x20,0x20,0x20,0x20,0x20,0x7b,0x0a,0x20,0x20,
    0x20,0x20,0x20,0x20,0x20,0x20,0x20,0x20,0x20,0x20,0x66,0x6c,0x6f,0x61,0x74,0x33,
    0x20,0x5f,0x38,0x35,0x31,0x3b,0x0a,0x20,0x20,0x20,0x20,0x20,0x20,0x20,0x20,0x20,
    0x20,0x20,0x20,0x69,0x66,0x20,0x28,0x5f,0x38,0x34,0x31,0x20,0x3e,0x20,0x39,0x2e,
    0x39,0x39,0x39,0x39,0x39,0x39,0x39,0x37,0x34,0x37,0x35,0x32,0x34,0x32,0x37,0x30,
    0x37,0x38,0x37,0x38,0x33,0x35,0x31,0x32,0x31,0x31,0x35,0x34,0x37,0x38,0x35,0x65,
    0x2d,0x30,0x37,0x66,0x29,0x0a,0x20,0x20,0x20,0x20,0x20,0x20,0x20,0x20,0x20,0x20,
    0x20,0x20,0x7b,0x0a,0x20,0x20,0x20,0x20,0x20,0x20,0x20,0x20,0x20,0x20,0x20,0x20,
    0x20,0x20,0x20,0x20,0x5f,0x38,0x35,0x31,0x20,0x3d,0x20,0x5f,0x38,0x33,0x38,0x20,
    0x2f,0x20,0x5f,0x38,0x34,0x31,0x2e,0x78,0x78,0x78,0x3b,0x0a,0x20,0x20,0x20,0x20,
    0x20,0x20,0x20,0x20,0x20,0x20,0x20,0x20,0x7d,0x0a,0x20,0x20,0x20,0x20,0x20,0x20,
    0x20,0x20,0x20,0x20,0x20,0x20,0x65,0x6c,0x73,0x65,0x0a,0x20,0x20,0x20,0x20,0x20,
    0x20,0x20,0x20,0x20,0x20,0x20,0x20,0x7b,0x0a,0x20,0x20,0x20,0x20,0x20,0x20,0x20,
    0x20,0x20,0x20,0x20,0x20,0x20,0x20,0x20,0x20,0x5f,0x38,0x35,0x31,0x20,0x3d,0x20,
    0x66,0x6c,0x6f,0x61,0x74,0x33,0x28,0x30,0x2e,0x30,0x66,0x2c,0x20,0x31,0x2e,0x30,
    0x66,0x2c,0x20,0x30,0x2e,0x30,0x66,0x29,0x3b,0x0a,0x20,0x20,0x20,0x20,0x20,0x20,
    0x20,0x20,0x20,0x20,0x20,0x20,0x7d,0x0a,0x20,0x20,0x20,0x20,0x20,0x20,0x20,0x20,
    0x20,0x20,0x20,0x20,0x70,0x6f,0x73,0x20,0x3d,0x20,0x5f,0x36,0x32,0x5f,0x63,0x6f,
    0x6c,0x6c,0x69,0x64,0x65,0x72,0x2e,0x78,0x79,0x7a,0x20,0x2b,0x20,0x28,0x5f,0x38,
    0x35,0x31,0x20,0x2a,0x20,0x5f,0x36,0x32,0x5f,0x63,0x6f,0x6c,0x6c,0x69,0x64,0x65,
    0x72,0x2e,0x77,0x29,0x3b,0x0a,0x20,0x20,0x20,0x20,0x20,0x20,0x20,0x20,0x7d,0x0a,
    0x20,0x20,0x20,0x20,0x20,0x20,0x20,0x20,0x66,0x72,0x61,0x67,0x5f,0x63,0x6f,0x6c,
    0x6f,0x72,0x20,0x3d,0x20,0x66,0x6c,0x6f,0x61,0x74,0x34,0x28,0x70,0x6f,0x73,0x2c,
    0x20,0x5f,0x33,0x37,0x39,0x29,0x3b,0x0a,0x20,0x20,0x20,0x20,0x20,0x20,0x20,0x20,
    0x72,0x65,0x74,0x75,0x72,0x6e,0x3b,0x0a,0x20,0x20,0x20,0x20,0x7d,0x0a,0x20,0x20,
    0x20,0x20,0x66,0x72,0x61,0x67,0x5f,0x63,0x6f,0x6c,0x6f,0x72,0x20,0x3d,0x20,0x66,
    0x6c,0x6f,0x61,0x74,0x34,0x28,0x70,0x6f,0x73,0x2c,0x20,0x5f,0x33,0x37,0x39,0x29,
    0x3b,0x0a,0x7d,0x0a,0x0a,0x53,0x50,0x49,0x52,0x56,0x5f,0x43,0x72,0x6f,0x73,0x73,
    0x5f,0x4f,0x75,0x74,0x70,0x75,0x74,0x20,0x6d,0x61,0x69,0x6e,0x28,0x53,0x50,0x49,
    0x52,0x56,0x5f,0x43,0x72,0x6f,0x73,0x73,0x5f,0x49,0x6e,0x70,0x75,0x74,0x20,0x73,
    0x74,0x61,0x67,0x65,0x5f,0x69,0x6e,0x70,0x75,0x74,0x29,0x0a,0x7b,0x0a,0x20,0x20,
    0x20,0x20,0x75,0x76,0x20,0x3d,0x20,0x73,0x74,0x61,0x67,0x65,0x5f,0x69,0x6e,0x70,
    0x75,0x74,0x2e,0x75,0x76,0x3b,0x0a,0x20,0x20,0x20,0x20,0x66,0x72,0x61,0x67,0x5f,
    0x6d,0x61,0x69,0x6e,0x28,0x29,0x3b,0x0a,0x20,0x20,0x20,0x20,0x53,0x50,0x49,0x52,
    0x56,0x5f,0x43,0x72,0x6f,0x73,0x73,0x5f,0x4f,0x75,0x74,0x70,0x75,0x74,0x20,0x73,
    0x74,0x61,0x67,0x65,0x5f,0x6f,0x75,0x74,0x70,0x75,0x74,0x3b,0x0a,0x20,0x20,0x20,
    0x20,0x73,0x74,0x61,0x67,0x65,0x5f,0x6f,0x75,0x74,0x70,0x75,0x74,0x2e,0x66,0x72,
    0x61,0x67,0x5f,0x63,0x6f,0x6c,0x6f,0x72,0x20,0x3d,0x20,0x66,0x72,0x61,0x67,0x5f,
    0x63,0x6f,0x6c,0x6f,0x72,0x3b,0x0a,0x20,0x20,0x20,0x20,0x72,0x65,0x74,0x75,0x72,
    0x6e,0x20,0x73,0x74,0x61,0x67,0x65,0x5f,0x6f,0x75,0x74,0x70,0x75,0x74,0x3b,0x0a,
    0x7d,0x0a,0x00,
};
/*
    #include <metal_stdlib>
    #include <simd/simd.h>

    using namespace metal;

    struct main0_out
    {
        float2 uv [[user(locn0)]];
        float4 gl_Position [[position]];
    };

    struct main0_in
    {
        float2 position [[attribute(0)]];
        float2 texcoord0 [[attribute(1)]];
    };

    vertex main0_out main0(main0_in in [[stage_in]])
    {
        main0_out out = {};
        out.gl_Position = float4(in.position, 0.0, 1.0);
        out.uv = in.texcoord0;
        return out;
    }

*/
static const uint8_t cloth_fullscreen_vs_source_metal_macos[437] = {
    0x23,0x69,0x6e,0x63,0x6c,0x75,0x64,0x65,0x20,0x3c,0x6d,0x65,0x74,0x61,0x6c,0x5f,
    0x73,0x74,0x64,0x6c,0x69,0x62,0x3e,0x0a,0x23,0x69,0x6e,0x63,0x6c,0x75,0x64,0x65,
    0x20,0x3c,0x73,0x69,0x6d,0x64,0x2f,0x73,0x69,0x6d,0x64,0x2e,0x68,0x3e,0x0a,0x0a,
    0x75,0x73,0x69,0x6e,0x67,0x20,0x6e,0x61,0x6d,0x65,0x73,0x70,0x61,0x63,0x65,0x20,
    0x6d,0x65,0x74,0x61,0x6c,0x3b,0x0a,0x0a,0x73,0x74,0x72,0x75,0x63,0x74,0x20,0x6d,
    0x61,0x69,0x6e,0x30,0x5f,0x6f,0x75,0x74,0x0a,0x7b,0x0a,0x20,0x20,0x20,0x20,0x66,
    0x6c,0x6f,0x61,0x74,0x32,0x20,0x75,0x76,0x20,0x5b,0x5b,0x75,0x73,0x65,0x72,0x28,
    0x6c,0x6f,0x63,0x6e,0x30,0x29,0x5d,0x5d,0x3b,0x0a,0x20,0x20,0x20,0x20,0x66,0x6c,
    0x6f,0x61,0x74,0x34,0x20,0x67,0x6c,0x5f,0x50,0x6f,0x73,0x69,0x74,0x69,0x6f,0x6e,
    0x20,0x5b,0x5b,0x70,0x6f,0x73,0x69,0x74,0x69,0x6f,0x6e,0x5d,0x5d,0x3b,0x0a,0x7d,
    0x3b,0x0a,0x0a,0x73,0x74,0x72,0x75,0x63,0x74,0x20,0x6d,0x61,0x69,0x6e,0x30,0x5f,
    0x69,0x6e,0x0a,0x7b,0x0a,0x20,0x20,0x20,0x20,0x66,0x6c,0x6f,0x61,0x74,0x32,0x20,
    0x70,0x6f,0x73,0x69,0x74,0x69,0x6f,0x6e,0x20,0x5b,0x5b,0x61,0x74,0x74,0x72,0x69,
    0x62,0x75,0x74,0x65,0x28,0x30,0x29,0x5d,0x5d,0x3b,0x0a,0x20,0x20,0x20,0x20,0x66,
    0x6c,0x6f,0x61,0x74,0x32,0x20,0x74,0x65,0x78,0x63,0x6f,0x6f,0x72,0x64,0x30,0x20,
    0x5b,0x5b,0x61,0x74,0x74,0x72,0x69,0x62,0x75,0x74,0x65,0x28,0x31,0x29,0x5d,0x5d,
    0x3b,0x0a,0x7d,0x3b,0x0a,0x0a,0x76,0x65,0x72,0x74,0x65,0x78,0x20,0x6d,0x61,0x69,
    0x6e,0x30,0x5f,0x6f,0x75,0x74,0x20,0x6d,0x61,0x69,0x6e,0x30,0x28,0x6d,0x61,0x69,
    0x6e,0x30,0x5f,0x69,0x6e,0x20,0x69,0x6e,0x20,0x5b,0x5b,0x73,0x74,0x61,0x67,0x65,
    0x5f,0x69,0x6e,0x5d,0x5d,0x29,0x0a,0x7b,0x0a,0x20,0x20,0x20,0x20,0x6d,0x61,0x69,
    0x6e,0x30,0x5f,0x6f,0x75,0x74,0x20,0x6f,0x75,0x74,0x20,0x3d,0x20,0x7b,0x7d,0x3b,
    0x0a,0x20,0x20,0x20,0x20,0x6f,0x75,0x74,0x2e,0x67,0x6c,0x5f,0x50,0x6f,0x73,0x69,
    0x74,0x69,0x6f,0x6e,0x20,0x3d,0x20,0x66,0x6c,0x6f,0x61,0x74,0x34,0x28,0x69,0x6e,
    0x2e,0x70,0x6f,0x73,0x69,0x74,0x69,0x6f,0x6e,0x2c,0x20,0x30,0x2e,0x30,0x2c,0x20,
    0x31,0x2e,0x30,0x29,0x3b,0x0a,0x20,0x20,0x20,0x20,0x6f,0x75,0x74,0x2e,0x75,0x76,
    0x20,0x3d,0x20,0x69,0x6e,0x2e,0x74,0x65,0x78,0x63,0x6f,0x6f,0x72,0x64,0x30,0x3b,
    0x0a,0x20,0x20,0x20,0x20,0x72,0x65,0x74,0x75,0x72,0x6e,0x20,0x6f,0x75,0x74,0x3b,
    0x0a,0x7d,0x0a,0x0a,0x00,
};
/*
    #pragma clang diagnostic ignored "-Wmissing-prototypes"

    #include <metal_stdlib>
    #include <simd/simd.h>

    using namespace metal;

    struct cloth_step_params
    {
        float4 simSize;
        float4 timing;
        float4 wind;
        float4 clothLayout;
        float4 forces;
        float4 stiffness;
        float4 collider;
        float4 options;
    };

    struct main0_out
    {
        float4 frag_color [[color(0)]];
    };

    struct main0_in
    {
        float2 uv [[user(locn0)]];
    };

    static inline __attribute__((always_inline))
    float4 samplePin(thread const float2& tc, texture2d<float> pinTex, sampler pinSmp)
    {
        return pinTex.sample(pinSmp, fast::clamp(tc, float2(0.0), float2(1.0)));
    }

    static inline __attribute__((always_inline))
    float3 restPosition(thread const float2& tc, constant cloth_step_params& _62)
    {
        float2 _168 = fast::clamp(((tc * _62.simSize.xy) - float2(0.5)) / fast::max(_62.simSize.xy - float2(1.0), float2(1.0)), float2(0.0), float2(1.0));
        return float3(_62.clothLayout.x + (_168.x * _62.clothLayout.z), _62.clothLayout.y + (_168.y * _62.clothLayout.w), 0.0);
    }

    static inline __attribute__((always_inline))
    float3 pinnedOrRest(thread const float2& tc, thread const float4& pin, constant cloth_step_params& _62)
    {
        if (pin.x > 0.5)
        {
            return float3(pin.y, pin.z, pin.w);
        }
        float2 param = tc;
        return restPosition(param, _62);
    }

    static inline __attribute__((always_inline))
    float3 samplePosition(thread const float2& tc, texture2d<float> positionTex, sampler positionSmp)
    {
        return positionTex.sample(positionSmp, fast::clamp(tc, float2(0.0), float2(1.0))).xyz;
    }

    static inline __attribute__((always_inline))
    float3 samplePrevious(thread const float2& tc, texture2d<float> previousTex, sampler previousSmp)
    {
        return previousTex.sample(previousSmp, fast::clamp(tc, float2(0.0), float2(1.0))).xyz;
    }

    static inline __attribute__((always_inline))
    float3 clothNormal(thread float2& uv, constant cloth_step_params& _62, texture2d<float> positionTex, sampler positionSmp)
    {
        float2 param = uv;
        float3 _216 = samplePosition(param, positionTex, positionSmp);
        float2 _221 = float2(_62.simSize.z, 0.0);
        float2 param_1 = uv + _221;
        float3 _224 = samplePosition(param_1, positionTex, positionSmp);
        float2 param_2 = uv - _221;
        float3 _232 = samplePosition(param_2, positionTex, positionSmp);
        float2 _237 = float2(0.0, _62.simSize.w);
        float2 param_3 = uv - _237;
        float3 _240 = samplePosition(param_3, positionTex, positionSmp);
        float2 param_4 = uv + _237;
        float3 _248 = samplePosition(param_4, positionTex, positionSmp);
        float3 _252 = _224 - _216;
        float3 _255 = _240 - _216;
        float3 _262 = _232 - _216;
        float3 _270 = _248 - _216;
        float3 _280 = ((cross(_252, _255) + cross(_255, _262)) + cross(_262, _270)) + cross(_270, _252);
        float _283 = length(_280);
        if (_283 < 9.9999999747524270787835121154785e-07)
        {
            return float3(0.0, 0.0, 1.0);
        }
        return _280 / float3(_283);
    }

    static inline __attribute__((always_inline))
    float2 gridCoord(thread float2& uv, constant cloth_step_params& _62)
    {
        return floor(uv * _62.simSize.xy);
    }

    static inline __attribute__((always_inline))
    bool validCoord(thread const float2& coord, constant cloth_step_params& _62)
    {
        bool _78 = coord.x >= 0.0;
        bool _85;
        if (_78)
        {
            _85 = coord.y >= 0.0;
        }
        else
        {
            _85 = _78;
        }
        bool _94;
        if (_85)
        {
            _94 = coord.x < _62.simSize.x;
        }
        else
        {
            _94 = _85;
        }
        bool _102;
        if (_94)
        {
            _102 = coord.y < _62.simSize.y;
        }
        else
        {
            _102 = _94;
        }
        return _102;
    }

    static inline __attribute__((always_inline))
    float2 coordUv(thread const float2& coord, constant cloth_step_params& _62)
    {
        return (coord + float2(0.5)) / _62.simSize.xy;
    }

    static inline __attribute__((always_inline))
    void applyNeighbor(thread float3& correction, thread const float3& pos, thread const float2& coord, thread const float2& offset, thread const float& restLen, thread const float& k, constant cloth_step_params& _62, texture2d<float> positionTex, sampler positionSmp)
    {
        float2 _300 = coord + offset;
        float2 param = _300;
        if ((!validCoord(param, _62)) || (k <= 0.0))
        {
            return;
        }
        float2 param_1 = _300;
        float2 param_2 = coordUv(param_1, _62);
        float3 _316 = samplePosition(param_2, positionTex, positionSmp);
        float3 _320 = _316 - pos;
        float _323 = length(_320);
        if (_323 <= 9.9999999747524270787835121154785e-07)
        {
            return;
        }
        correction += ((_320 * ((_323 - restLen) / _323)) * (0.5 * k));
    }

    fragment main0_out main0(main0_in in [[stage_in]], constant cloth_step_params& _62 [[buffer(0)]], texture2d<float> positionTex [[texture(0)]], texture2d<float> previousTex [[texture(1)]], texture2d<float> pinTex [[texture(2)]], sampler positionSmp [[sampler(0)]], sampler previousSmp [[sampler(1)]], sampler pinSmp [[sampler(2)]])
    {
        main0_out out = {};
        int _347 = int(_62.timing.w + 0.5);
        float2 param = in.uv;
        float4 _351 = samplePin(param, pinTex, pinSmp);
        if (_347 == 0)
        {
            float2 param_1 = in.uv;
            float4 param_2 = _351;
            out.frag_color = float4(pinnedOrRest(param_1, param_2, _62), _351.x);
            return out;
        }
        float2 param_3 = in.uv;
        float3 pos = samplePosition(param_3, positionTex, positionSmp);
        float _379 = _351.x;
        if (_379 > 0.5)
        {
            out.frag_color = float4(_351.yzw, _379);
            return out;
        }
        if (_347 == 4)
        {
            out.frag_color = float4(pos, _379);
            return out;
        }
        if (_347 == 1)
        {
            float2 param_4 = in.uv;
            float3 _417 = samplePrevious(param_4, previousTex, previousSmp);
            float3 accel = _62.forces.xyz;
            bool _425 = _62.options.z > 0.5;
            bool _432;
            if (_425)
            {
                _432 = _62.wind.w > 0.0;
            }
            else
            {
                _432 = _425;
            }
            if (_432)
            {
                float3 _436 = clothNormal(in.uv, _62, positionTex, positionSmp);
                accel += ((((_436 * dot(_436, fast::normalize(_62.wind.xyz))) * _62.wind.w) * (85.0 + (sin(((_62.timing.z * (1.7999999523162841796875 + (_62.wind.w * 0.039999999105930328369140625))) + (in.uv.x * 10.0)) + (in.uv.y * 6.0)) * 12.25))) * smoothstep(0.0500000007450580596923828125, 0.87999999523162841796875, in.uv.y));
            }
            out.frag_color = float4((pos + ((pos - _417) * _62.timing.y)) + ((accel * _62.timing.x) * _62.timing.x), _379);
            return out;
        }
        if (_347 == 2)
        {
            float2 _522 = gridCoord(in.uv, _62);
            float _530 = _62.clothLayout.z / fast::max(_62.simSize.x - 1.0, 1.0);
            float _538 = _62.clothLayout.w / fast::max(_62.simSize.y - 1.0, 1.0);
            float _543 = length(float2(_530, _538));
            float3 correction = float3(0.0);
            float3 param_5 = float3(0.0);
            float3 param_6 = pos;
            float2 param_7 = _522;
            float2 param_8 = float2(-1.0, 0.0);
            float param_9 = _530;
            float param_10 = _62.stiffness.x;
            applyNeighbor(param_5, param_6, param_7, param_8, param_9, param_10, _62, positionTex, positionSmp);
            correction = param_5;
            float3 param_11 = param_5;
            float3 param_12 = pos;
            float2 param_13 = _522;
            float2 param_14 = float2(1.0, 0.0);
            float param_15 = _530;
            float param_16 = _62.stiffness.x;
            applyNeighbor(param_11, param_12, param_13, param_14, param_15, param_16, _62, positionTex, positionSmp);
            correction = param_11;
            float3 param_17 = param_11;
            float3 param_18 = pos;
            float2 param_19 = _522;
            float2 param_20 = float2(0.0, -1.0);
            float param_21 = _538;
            float param_22 = _62.stiffness.x;
            applyNeighbor(param_17, param_18, param_19, param_20, param_21, param_22, _62, positionTex, positionSmp);
            correction = param_17;
            float3 param_23 = param_17;
            float3 param_24 = pos;
            float2 param_25 = _522;
            float2 param_26 = float2(0.0, 1.0);
            float param_27 = _538;
            float param_28 = _62.stiffness.x;
            applyNeighbor(param_23, param_24, param_25, param_26, param_27, param_28, _62, positionTex, positionSmp);
            correction = param_23;
            if (_62.options.x > 0.5)
            {
                float3 param_29 = correction;
                float3 param_30 = pos;
                float2 param_31 = _522;
                float2 param_32 = float2(-1.0);
                float param_33 = _543;
                float param_34 = _62.stiffness.y;
                applyNeighbor(param_29, param_30, param_31, param_32, param_33, param_34, _62, positionTex, positionSmp);
                correction = param_29;
                float3 param_35 = param_29;
                float3 param_36 = pos;
                float2 param_37 = _522;
                float2 param_38 = float2(1.0, -1.0);
                float param_39 = _543;
                float param_40 = _62.stiffness.y;
                applyNeighbor(param_35, param_36, param_37, param_38, param_39, param_40, _62, positionTex, positionSmp);
                correction = param_35;
                float3 param_41 = param_35;
                float3 param_42 = pos;
                float2 param_43 = _522;
                float2 param_44 = float2(-1.0, 1.0);
                float param_45 = _543;
                float param_46 = _62.stiffness.y;
                applyNeighbor(param_41, param_42, param_43, param_44, param_45, param_46, _62, positionTex, positionSmp);
                correction = param_41;
                float3 param_47 = param_41;
                float3 param_48 = pos;
                float2 param_49 = _522;
                float2 param_50 = float2(1.0);
                float param_51 = _543;
                float param_52 = _62.stiffness.y;
                applyNeighbor(param_47, param_48, param_49, param_50, param_51, param_52, _62, positionTex, positionSmp);
                correction = param_47;
            }
            if (_62.options.y > 0.5)
            {
                float _681 = _530 * 2.0;
                float3 param_53 = correction;
                float3 param_54 = pos;
                float2 param_55 = _522;
                float2 param_56 = float2(-2.0, 0.0);
                float param_57 = _681;
                float param_58 = _62.stiffness.z;
                applyNeighbor(param_53, param_54, param_55, param_56, param_57, param_58, _62, positionTex, positionSmp);
                correction = param_53;
                float3 param_59 = param_53;
                float3 param_60 = pos;
                float2 param_61 = _522;
                float2 param_62 = float2(2.0, 0.0);
                float param_63 = _681;
                float param_64 = _62.stiffness.z;
                applyNeighbor(param_59, param_60, param_61, param_62, param_63, param_64, _62, positionTex, positionSmp);
                correction = param_59;
                float _713 = _538 * 2.0;
                float3 param_65 = param_59;
                float3 param_66 = pos;
                float2 param_67 = _522;
                float2 param_68 = float2(0.0, -2.0);
                float param_69 = _713;
                float param_70 = _62.stiffness.z;
                applyNeighbor(param_65, param_66, param_67, param_68, param_69, param_70, _62, positionTex, positionSmp);
                correction = param_65;
                float3 param_71 = param_65;
                float3 param_72 = pos;
                float2 param_73 = _522;
                float2 param_74 = float2(0.0, 2.0);
                float param_75 = _713;
                float param_76 = _62.stiffness.z;
                applyNeighbor(param_71, param_72, param_73, param_74, param_75, param_76, _62, positionTex, positionSmp);
                correction = param_71;
                float _745 = _543 * 2.0;
                float3 param_77 = param_71;
                float3 param_78 = pos;
                float2 param_79 = _522;
                float2 param_80 = float2(-2.0);
                float param_81 = _745;
                float param_82 = _62.stiffness.z;
                applyNeighbor(param_77, param_78, param_79, param_80, param_81, param_82, _62, positionTex, positionSmp);
                correction = param_77;
                float3 param_83 = param_77;
                float3 param_84 = pos;
                float2 param_85 = _522;
                float2 param_86 = float2(2.0, -2.0);
                float param_87 = _745;
                float param_88 = _62.stiffness.z;
                applyNeighbor(param_83, param_84, param_85, param_86, param_87, param_88, _62, positionTex, positionSmp);
                correction = param_83;
                float3 param_89 = param_83;
                float3 param_90 = pos;
                float2 param_91 = _522;
                float2 param_92 = float2(-2.0, 2.0);
                float param_93 = _745;
                float param_94 = _62.stiffness.z;
                applyNeighbor(param_89, param_90, param_91, param_92, param_93, param_94, _62, positionTex, positionSmp);
                correction = param_89;
                float3 param_95 = param_89;
                float3 param_96 = pos;
                float2 param_97 = _522;
                float2 param_98 = float2(2.0);
                float param_99 = _745;
                float param_100 = _62.stiffness.z;
                applyNeighbor(param_95, param_96, param_97, param_98, param_99, param_100, _62, positionTex, positionSmp);
                correction = param_95;
            }
            out.frag_color = float4(pos + (correction * _62.options.w), _379);
            return out;
        }
        bool _823 = _347 == 3;
        bool _830;
        if (_823)
        {
            _830 = _62.collider.w > 0.0;
        }
        else
        {
            _830 = _823;
        }
        if (_830)
        {
            float3 _838 = pos - _62.collider.xyz;
            float _841 = length(_838);
            if (_841 < _62.collider.w)
            {
                float3 _851;
                if (_841 > 9.9999999747524270787835121154785e-07)
                {
                    _851 = _838 / float3(_841);
                }
                else
                {
                    _851 = float3(0.0, 1.0, 0.0);
                }
                pos = _62.collider.xyz + (_851 * _62.collider.w);
            }
            out.frag_color = float4(pos, _379);
            return out;
        }
        out.frag_color = float4(pos, _379);
        return out;
    }

*/
static const uint8_t fs_cloth_step_source_metal_macos[14088] = {
    0x23,0x70,0x72,0x61,0x67,0x6d,0x61,0x20,0x63,0x6c,0x61,0x6e,0x67,0x20,0x64,0x69,
    0x61,0x67,0x6e,0x6f,0x73,0x74,0x69,0x63,0x20,0x69,0x67,0x6e,0x6f,0x72,0x65,0x64,
    0x20,0x22,0x2d,0x57,0x6d,0x69,0x73,0x73,0x69,0x6e,0x67,0x2d,0x70,0x72,0x6f,0x74,
    0x6f,0x74,0x79,0x70,0x65,0x73,0x22,0x0a,0x0a,0x23,0x69,0x6e,0x63,0x6c,0x75,0x64,
    0x65,0x20,0x3c,0x6d,0x65,0x74,0x61,0x6c,0x5f,0x73,0x74,0x64,0x6c,0x69,0x62,0x3e,
    0x0a,0x23,0x69,0x6e,0x63,0x6c,0x75,0x64,0x65,0x20,0x3c,0x73,0x69,0x6d,0x64,0x2f,
    0x73,0x69,0x6d,0x64,0x2e,0x68,0x3e,0x0a,0x0a,0x75,0x73,0x69,0x6e,0x67,0x20,0x6e,
    0x61,0x6d,0x65,0x73,0x70,0x61,0x63,0x65,0x20,0x6d,0x65,0x74,0x61,0x6c,0x3b,0x0a,
    0x0a,0x73,0x74,0x72,0x75,0x63,0x74,0x20,0x63,0x6c,0x6f,0x74,0x68,0x5f,0x73,0x74,
    0x65,0x70,0x5f,0x70,0x61,0x72,0x61,0x6d,0x73,0x0a,0x7b,0x0a,0x20,0x20,0x20,0x20,
    0x66,0x6c,0x6f,0x61,0x74,0x34,0x20,0x73,0x69,0x6d,0x53,0x69,0x7a,0x65,0x3b,0x0a,
    0x20,0x20,0x20,0x20,0x66,0x6c,0x6f,0x61,0x74,0x34,0x20,0x74,0x69,0x6d,0x69,0x6e,
    0x67,0x3b,0x0a,0x20,0x20,0x20,0x20,0x66,0x6c,0x6f,0x61,0x74,0x34,0x20,0x77,0x69,
    0x6e,0x64,0x3b,0x0a,0x20,0x20,0x20,0x20,0x66,0x6c,0x6f,0x61,0x74,0x34,0x20,0x63,
    0x6c,0x6f,0x74,0x68,0x4c,0x61,0x79,0x6f,0x75,0x74,0x3b,0x0a,0x20,0x20,0x20,0x20,
    0x66,0x6c,0x6f,0x61,0x74,0x34,0x20,0x66,0x6f,0x72,0x63,0x65,0x73,0x3b,0x0a,0x20,
    0x20,0x20,0x20,0x66,0x6c,0x6f,0x61,0x74,0x34,0x20,0x73,0x74,0x69,0x66,0x66,0x6e,
    0x65,0x73,0x73,0x3b,0x0a,0x20,0x20,0x20,0x20,0x66,0x6c,0x6f,0x61,0x74,0x34,0x20,
    0x63,0x6f,0x6c,0x6c,0x69,0x64,0x65,0x72,0x3b,0x0a,0x20,0x20,0x20,0x20,0x66,0x6c,
    0x6f,0x61,0x74,0x34,0x20,0x6f,0x70,0x74,0x69,0x6f,0x6e,0x73,0x3b,0x0a,0x7d,0x3b,
    0x0a,0x0a,0x73,0x74,0x72,0x75,0x63,0x74,0x20,0x6d,0x61,0x69,0x6e,0x30,0x5f,0x6f,
    0x75,0x74,0x0a,0x7b,0x0a,0x20,0x20,0x20,0x20,0x66,0x6c,0x6f,0x61,0x74,0x34,0x20,
    0x66,0x72,0x61,0x67,0x5f,0x63,0x6f,0x6c,0x6f,0x72,0x20,0x5b,0x5b,0x63,0x6f,0x6c,
    0x6f,0x72,0x28,0x30,0x29,0x5d,0x5d,0x3b,0x0a,0x7d,0x3b,0x0a,0x0a,0x73,0x74,0x72,
    0x75,0x63,0x74,0x20,0x6d,0x61,0x69,0x6e,0x30,0x5f,0x69,0x6e,0x0a,0x7b,0x0a,0x20,
    0x20,0x20,0x20,0x66,0x6c,0x6f,0x61,0x74,0x32,0x20,0x75,0x76,0x20,0x5b,0x5b,0x75,
    0x73,0x65,0x72,0x28,0x6c,0x6f,0x63,0x6e,0x30,0x29,0x5d,0x5d,0x3b,0x0a,0x7d,0x3b,
    0x0a,0x0a,0x73,0x74,0x61,0x74,0x69,0x63,0x20,0x69,0x6e,0x6c,0x69,0x6e,0x65,0x20,
    0x5f,0x5f,0x61,0x74,0x74,0x72,0x69,0x62,0x75,0x74,0x65,0x5f,0x5f,0x28,0x28,0x61,
    0x6c,0x77,0x61,0x79,0x73,0x5f,0x69,0x6e,0x6c,0x69,0x6e,0x65,0x29,0x29,0x0a,0x66,
    0x6c,0x6f,0x61,0x74,0x34,0x20,0x73,0x61,0x6d,0x70,0x6c,0x65,0x50,0x69,0x6e,0x28,
    0x74,0x68,0x72,0x65,0x61,0x64,0x20,0x63,0x6f,0x6e,0x73,0x74,0x20,0x66,0x6c,0x6f,
    0x61,0x74,0x32,0x26,0x20,0x74,0x63,0x2c,0x20,0x74,0x65,0x78,0x74,0x75,0x72,0x65,
    0x32,0x64,0x3c,0x66,0x6c,0x6f,0x61,0x74,0x3e,0x20,0x70,0x69,0x6e,0x54,0x65,0x78,
    0x2c,0x20,0x73,0x61,0x6d,0x70,0x6c,0x65,0x72,0x20,0x70,0x69,0x6e,0x53,0x6d,0x70,
    0x29,0x0a,0x7b,0x0a,0x20,0x20,0x20,0x20,0x72,0x65,0x74,0x75,0x72,0x6e,0x20,0x70,
    0x69,0x6e,0x54,0x65,0x78,0x2e,0x73,0x61,0x6d,0x70,0x6c,0x65,0x28,0x70,0x69,0x6e,
    0x53,0x6d,0x70,0x2c,0x20,0x66,0x61,0x73,0x74,0x3a,0x3a,0x63,0x6c,0x61,0x6d,0x70,
    0x28,0x74,0x63,0x2c,0x20,0x66,0x6c,0x6f,0x61,0x74,0x32,0x28,0x30,0x2e,0x30,0x29,
    0x2c,0x20,0x66,0x6c,0x6f,0x61,0x74,0x32,0x28,0x31,0x2e,0x30,0x29,0x29,0x29,0x3b,
    0x0a,0x7d,0x0a,0x0a,0x73,0x74,0x61,0x74,0x69,0x63,0x20,0x69,0x6e,0x6c,0x69,0x6e,
    0x65,0x20,0x5f,0x5f,0x61,0x74,0x74,0x72,0x69,0x62,0x75,0x74,0x65,0x5f,0x5f,0x28,
    0x28,0x61,0x6c,0x77,0x61,0x79,0x73,0x5f,0x69,0x6e,0x6c,0x69,0x6e,0x65,0x29,0x29,
    0x0a,0x66,0x6c,0x6f,0x61,0x74,0x33,0x20,0x72,0x65,0x73,0x74,0x50,0x6f,0x73,0x69,
    0x74,0x69,0x6f,0x6e,0x28,0x74,0x68,0x72,0x65,0x61,0x64,0x20,0x63,0x6f,0x6e,0x73,
    0x74,0x20,0x66,0x6c,0x6f,0x61,0x74,0x32,0x26,0x20,0x74,0x63,0x2c,0x20,0x63,0x6f,
    0x6e,0x73,0x74,0x61,0x6e,0x74,0x20,0x63,0x6c,0x6f,0x74,0x68,0x5f,0x73,0x74,0x65,
    0x70,0x5f,0x70,0x61,0x72,0x61,0x6d,0x73,0x26,0x20,0x5f,0x36,0x32,0x29,0x0a,0x7b,
    0x0a,0x20,0x20,0x20,0x20,0x66,0x6c,0x6f,0x61,0x74,0x32,0x20,0x5f,0x31,0x36,0x38,
    0x20,0x3d,0x20,0x66,0x61,0x73,0x74,0x3a,0x3a,0x63,0x6c,0x61,0x6d,0x70,0x28,0x28,
    0x28,0x74,0x63,0x20,0x2a,0x20,0x5f,0x36,0x32,0x2e,0x73,0x69,0x6d,0x53,0x69,0x7a,
    0x65,0x2e,0x78,0x79,0x29,0x20,0x2d,0x20,0x66,0x6c,0x6f,0x61,0x74,0x32,0x28,0x30,
    0x2e,0x35,0x29,0x29,0x20,0x2f,0x20,0x66,0x61,0x73,0x74,0x3a,0x3a,0x6d,0x61,0x78,
    0x28,0x5f,0x36,0x32,0x2e,0x73,0x69,0x6d,0x53,0x69,0x7a,0x65,0x2e,0x78,0x79,0x20,
    0x2d,0x20,0x66,0x6c,0x6f,0x61,0x74,0x32,0x28,0x31,0x2e,0x30,0x29,0x2c,0x20,0x66,
    0x6c,0x6f,0x61,0x74,0x32,0x28,0x31,0x2e,0x30,0x29,0x29,0x2c,0x20,0x66,0x6c,0x6f,
    0x61,0x74,0x32,0x28,0x30,0x2e,0x30,0x29,0x2c,0x20,0x66,0x6c,0x6f,0x61,0x74,0x32,
    0x28,0x31,0x2e,0x30,0x29,0x29,0x3b,0x0a,0x20,0x20,0x20,0x20,0x72,0x65,0x74,0x75,
    0x72,0x6e,0x20,0x66,0x6c,0x6f,0x61,0x74,0x33,0x28,0x5f,0x36,0x32,0x2e,0x63,0x6c,
    0x6f,0x74,0x68,0x4c,0x61,0x79,0x6f,0x75,0x74,0x2e,0x78,0x20,0x2b,0x20,0x28,0x5f,
    0x31,0x36,0x38,0x2e,0x78,0x20,0x2a,0x20,0x5f,0x36,0x32,0x2e,0x63,0x6c,0x6f,0x74,
    0x68,0x4c,0x61,0x79,0x6f,0x75,0x74,0x2e,0x7a,0x29,0x2c,0x20,0x5f,0x36,0x32,0x2e,
    0x63,0x6c,0x6f,0x74,0x68,0x4c,0x61,0x79,0x6f,0x75,0x74,0x2e,0x79,0x20,0x2b,0x20,
    0x28,0x5f,0x31,0x36,0x38,0x2e,0x79,0x20,0x2a,0x20,0x5f,0x36,0x32,0x2e,0x63,0x6c,
    0x6f,0x74,0x68,0x4c,0x61,0x79,0x6f,0x75,0x74,0x2e,0x77,0x29,0x2c,0x20,0x30,0x2e,
    0x30,0x29,0x3b,0x0a,0x7d,0x0a,0x0a,0x73,0x74,0x61,0x74,0x69,0x63,0x20,0x69,0x6e,
    0x6c,0x69,0x6e,0x65,0x20,0x5f,0x5f,0x61,0x74,0x74,0x72,0x69,0x62,0x75,0x74,0x65,
    0x5f,0x5f,0x28,0x28,0x61,0x6c,0x77,0x61,0x79,0x73,0x5f,0x69,0x6e,0x6c,0x69,0x6e,
    0x65,0x29,0x29,0x0a,0x66,0x6c,0x6f,0x61,0x74,0x33,0x20,0x70,0x69,0x6e,0x6e,0x65,
    0x64,0x4f,0x72,0x52,0x65,0x73,0x74,0x28,0x74,0x68,0x72,0x65,0x61,0x64,0x20,0x63,
    0x6f,0x6e,0x73,0x74,0x20,0x66,0x6c,0x6f,0x61,0x74,0x32,0x26,0x20,0x74,0x63,0x2c,
    0x20,0x74,0x68,0x72,0x65,0x61,0x64,0x20,0x63,0x6f,0x6e,0x73,0x74,0x20,0x66,0x6c,
    0x6f,0x61,0x74,0x34,0x26,0x20,0x70,0x69,0x6e,0x2c,0x20,0x63,0x6f,0x6e,0x73,0x74,
    0x61,0x6e,0x74,0x20,0x63,0x6c,0x6f,0x74,0x68,0x5f,0x73,0x74,0x65,0x70,0x5f,0x70,
    0x61,0x72,0x61,0x6d,0x73,0x26,0x20,0x5f,0x36,0x32,0x29,0x0a,0x7b,0x0a,0x20,0x20,
    0x20,0x20,0x69,0x66,0x20,0x28,0x70,0x69,0x6e,0x2e,0x78,0x20,0x3e,0x20,0x30,0x2e,
    0x35,0x29,0x0a,0x20,0x20,0x20,0x20,0x7b,0x0a,0x20,0x20,0x20,0x20,0x20,0x20,0x20,
    0x20,0x72,0x65,0x74,0x75,0x72,0x6e,0x20,0x66,0x6c,0x6f,0x61,0x74,0x33,0x28,0x70,
    0x69,0x6e,0x2e,0x79,0x2c,0x20,0x70,0x69,0x6e,0x2e,0x7a,0x2c,0x20,0x70,0x69,0x6e,
    0x2e,0x77,0x29,0x3b,0x0a,0x20,0x20,0x20,0x20,0x7d,0x0a,0x20,0x20,0x20,0x20,0x66,
    0x6c,0x6f,0x61,0x74,0x32,0x20,0x70,0x61,0x72,0x61,0x6d,0x20,0x3d,0x20,0x74,0x63,
    0x3b,0x0a,0x20,0x20,0x20,0x20,0x72,0x65,0x74,0x75,0x72,0x6e,0x20,0x72,0x65,0x73,
    0x74,0x50,0x6f,0x73,0x69,0x74,0x69,0x6f,0x6e,0x28,0x70,0x61,0x72,0x61,0x6d,0x2c,
    0x20,0x5f,0x36,0x32,0x29,0x3b,0x0a,0x7d,0x0a,0x0a,0x73,0x74,0x61,0x74,0x69,0x63,
    0x20,0x69,0x6e,0x6c,0x69,0x6e,0x65,0x20,0x5f,0x5f,0x61,0x74,0x74,0x72,0x69,0x62,
    0x75,0x74,0x65,0x5f,0x5f,0x28,0x28,0x61,0x6c,0x77,0x61,0x79,0x73,0x5f,0x69,0x6e,
    0x6c,0x69,0x6e,0x65,0x29,0x29,0x0a,0x66,0x6c,0x6f,0x61,0x74,0x33,0x20,0x73,0x61,
    0x6d,0x70,0x6c,0x65,0x50,0x6f,0x73,0x69,0x74,0x69,0x6f,0x6e,0x28,0x74,0x68,0x72,
    0x65,0x61,0x64,0x20,0x63,0x6f,0x6e,0x73,0x74,0x20,0x66,0x6c,0x6f,0x61,0x74,0x32,
    0x26,0x20,0x74,0x63,0x2c,0x20,0x74,0x65,0x78,0x74,0x75,0x72,0x65,0x32,0x64,0x3c,
    0x66,0x6c,0x6f,0x61,0x74,0x3e,0x20,0x70,0x6f,0x73,0x69,0x74,0x69,0x6f,0x6e,0x54,
    0x65,0x78,0x2c,0x20,0x73,0x61,0x6d,0x70,0x6c,0x65,0x72,0x20,0x70,0x6f,0x73,0x69,
    0x74,0x69,0x6f,0x6e,0x53,0x6d,0x70,0x29,0x0a,0x7b,0x0a,0x20,0x20,0x20,0x20,0x72,
    0x65,0x74,0x75,0x72,0x6e,0x20,0x70,0x6f,0x73,0x69,0x74,0x69,0x6f,0x6e,0x54,0x65,
    0x78,0x2e,0x73,0x61,0x6d,0x70,0x6c,0x65,0x28,0x70,0x6f,0x73,0x69,0x74,0x69,0x6f,
    0x6e,0x53,0x6d,0x70,0x2c,0x20,0x66,0x61,0x73,0x74,0x3a,0x3a,0x63,0x6c,0x61,0x6d,
    0x70,0x28,0x74,0x63,0x2c,0x20,0x66,0x6c,0x6f,0x61,0x74,0x32,0x28,0x30,0x2e,0x30,
    0x29,0x2c,0x20,0x66,0x6c,0x6f,0x61,0x74,0x32,0x28,0x31,0x2e,0x30,0x29,0x29,0x29,
    0x2e,0x78,0x79,0x7a,0x3b,0x0a,0x7d,0x0a,0x0a,0x73,0x74,0x61,0x74,0x69,0x63,0x20,
    0x69,0x6e,0x6c,0x69,0x6e,0x65,0x20,0x5f,0x5f,0x61,0x74,0x74,0x72,0x69,0x62,0x75,
    0x74,0x65,0x5f,0x5f,0x28,0x28,0x61,0x6c,0x77,0x61,0x79,0x73,0x5f,0x69,0x6e,0x6c,
    0x69,0x6e,0x65,0x29,0x29,0x0a,0x66,0x6c,0x6f,0x61,0x74,0x33,0x20,0x73,0x61,0x6d,
    0x70,0x6c,0x65,0x50,0x72,0x65,0x76,0x69,0x6f,0x75,0x73,0x28,0x74,0x68,0x72,0x65,
    0x61,0x64,0x20,0x63,0x6f,0x6e,0x73,0x74,0x20,0x66,0x6c,0x6f,0x61,0x74,0x32,0x26,
    0x20,0x74,0x63,0x2c,0x20,0x74,0x65,0x78,0x74,0x75,0x72,0x65,0x32,0x64,0x3c,0x66,
    0x6c,0x6f,0x61,0x74,0x3e,0x20,0x70,0x72,0x65,0x76,0x69,0x6f,0x75,0x73,0x54,0x65,
    0x78,0x2c,0x20,0x73,0x61,0x6d,0x70,0x6c,0x65,0x72,0x20,0x70,0x72,0x65,0x76,0x69,
    0x6f,0x75,0x73,0x53,0x6d,0x70,0x29,0x0a,0x7b,0x0a,0x20,0x20,0x20,0x20,0x72,0x65,
    0x74,0x75,0x72,0x6e,0x20,0x70,0x72,0x65,0x76,0x69,0x6f,0x75,0x73,0x54,0x65,0x78,
    0x2e,0x73,0x61,0x6d,0x70,0x6c,0x65,0x28,0x70,0x72,0x65,0x76,0x69,0x6f,0x75,0x73,
    0x53,0x6d,0x70,0x2c,0x20,0x66,0x61,0x73,0x74,0x3a,0x3a,0x63,0x6c,0x61,0x6d,0x70,
    0x28,0x74,0x63,0x2c,0x20,0x66,0x6c,0x6f,0x61,0x74,0x32,0x28,0x30,0x2e,0x30,0x29,
    0x2c,0x20,0x66,0x6c,0x6f,0x61,0x74,0x32,0x28,0x31,0x2e,0x30,0x29,0x29,0x29,0x2e,
    0x78,0x79,0x7a,0x3b,0x0a,0x7d,0x0a,0x0a,0x73,0x74,0x61,0x74,0x69,0x63,0x20,0x69,
    0x6e,0x6c,0x69,0x6e,0x65,0x20,0x5f,0x5f,0x61,0x74,0x74,0x72,0x69,0x62,0x75,0x74,
    0x65,0x5f,0x5f,0x28,0x28,0x61,0x6c,0x77,0x61,0x79,0x73,0x5f,0x69,0x6e,0x6c,0x69,
    0x6e,0x65,0x29,0x29,0x0a,0x66,0x6c,0x6f,0x61,0x74,0x33,0x20,0x63,0x6c,0x6f,0x74,
    0x68,0x4e,0x6f,0x72,0x6d,0x61,0x6c,0x28,0x74,0x68,0x72,0x65,0x61,0x64,0x20,0x66,
    0x6c,0x6f,0x61,0x74,0x32,0x26,0x20,0x75,0x76,0x2c,0x20,0x63,0x6f,0x6e,0x73,0x74,
    0x61,0x6e,0x74,0x20,0x63,0x6c,0x6f,0x74,0x68,0x5f,0x73,0x74,0x65,0x70,0x5f,0x70,
    0x61,0x72,0x61,0x6d,0x73,0x26,0x20,0x5f,0x36,0x32,0x2c,0x20,0x74,0x65,0x78,0x74,
    0x75,0x72,0x65,0x32,0x64,0x3c,0x66,0x6c,0x6f,0x61,0x74,0x3e,0x20,0x70,0x6f,0x73,
    0x69,0x74,0x69,0x6f,0x6e,0x54,0x65,0x78,0x2c,0x20,0x73,0x61,0x6d,0x70,0x6c,0x65,
    0x72,0x20,0x70,0x6f,0x73,0x69,0x74,0x69,0x6f,0x6e,0x53,0x6d,0x70,0x29,0x0a,0x7b,
    0x0a,0x20,0x20,0x20,0x20,0x66,0x6c,0x6f,0x61,0x74,0x32,0x20,0x70,0x61,0x72,0x61,
    0x6d,0x20,0x3d,0x20,0x75,0x76,0x3b,0x0a,0x20,0x20,0x20,0x20,0x66,0x6c,0x6f,0x61,
    0x74,0x33,0x20,0x5f,0x32,0x31,0x36,0x20,0x3d,0x20,0x73,0x61,0x6d,0x70,0x6c,0x65,
    0x50,0x6f,0x73,0x69,0x74,0x69,0x6f,0x6e,0x28,0x70,0x61,0x72,0x61,0x6d,0x2c,0x20,
    0x70,0x6f,0x73,0x69,0x74,0x69,0x6f,0x6e,0x54,0x65,0x78,0x2c,0x20,0x70,0x6f,0x73,
    0x69,0x74,0x69,0x6f,0x6e,0x53,0x6d,0x70,0x29,0x3b,0x0a,0x20,0x20,0x20,0x20,0x66,
    0x6c,0x6f,0x61,0x74,0x32,0x20,0x5f,0x32,0x32,0x31,0x20,0x3d,0x20,0x66,0x6c,0x6f,
    0x61,0x74,0x32,0x28,0x5f,0x36,0x32,0x2e,0x73,0x69,0x6d,0x53,0x69,0x7a,0x65,0x2e,
    0x7a,0x2c,0x20,0x30,0x2e,0x30,0x29,0x3b,0x0a,0x20,0x20,0x20,0x20,0x66,0x6c,0x6f,
    0x61,0x74,0x32,0x20,0x70,0x61,0x72,0x61,0x6d,0x5f,0x31,0x20,0x3d,0x20,0x75,0x76,
    0x20,0x2b,0x20,0x5f,0x32,0x32,0x31,0x3b,0x0a,0x20,0x20,0x20,0x20,0x66,0x6c,0x6f,
    0x61,0x74,0x33,0x20,0x5f,0x32,0x32,0x34,0x20,0x3d,0x20,0x73,0x61,0x6d,0x70,0x6c,
    0x65,0x50,0x6f,0x73,0x69,0x74,0x69,0x6f,0x6e,0x28,0x70,0x61,0x72,0x61,0x6d,0x5f,
    0x31,0x2c,0x20,0x70,0x6f,0x73,0x69,0x74,0x69,0x6f,0x6e,0x54,0x65,0x78,0x2c,0x20,
    0x70,0x6f,0x73,0x69,0x74,0x69,0x6f,0x6e,0x53,0x6d,0x70,0x29,0x3b,0x0a,0x20,0x20,
    0x20,0x20,0x66,0x6c,0x6f,0x61,0x74,0x32,0x20,0x70,0x61,0x72,0x61,0x6d,0x5f,0x32,
    0x20,0x3d,0x20,0x75,0x76,0x20,0x2d,0x20,0x5f,0x32,0x32,0x31,0x3b,0x0a,0x20,0x20,
    0x20,0x20,0x66,0x6c,0x6f,0x61,0x74,0x33,0x20,0x5f,0x32,0x33,0x32,0x20,0x3d,0x20,
    0x73,0x61,0x6d,0x70,0x6c,0x65,0x50,0x6f,0x73,0x69,0x74,0x69,0x6f,0x6e,0x28,0x70,
    0x61,0x72,0x61,0x6d,0x5f,0x32,0x2c,0x20,0x70,0x6f,0x73,0x69,0x74,0x69,0x6f,0x6e,
    0x54,0x65,0x78,0x2c,0x20,0x70,0x6f,0x73,0x69,0x74,0x69,0x6f,0x6e,0x53,0x6d,0x70,
    0x29,0x3b,0x0a,0x20,0x20,0x20,0x20,0x66,0x6c,0x6f,0x61,0x74,0x32,0x20,0x5f,0x32,
    0x33,0x37,0x20,0x3d,0x20,0x66,0x6c,0x6f,0x61,0x74,0x32,0x28,0x30,0x2e,0x30,0x2c,
    0x20,0x5f,0x36,0x32,0x2e,0x73,0x69,0x6d,0x53,0x69,0x7a,0x65,0x2e,0x77,0x29,0x3b,
    0x0a,0x20,0x20,0x20,0x20,0x66,0x6c,0x6f,0x61,0x74,0x32,0x20,0x70,0x61,0x72,0x61,
    0x6d,0x5f,0x33,0x20,0x3d,0x20,0x75,0x76,0x20,0x2d,0x20,0x5f,0x32,0x33,0x37,0x3b,
    0x0a,0x20,0x20,0x20,0x20,0x66,0x6c,0x6f,0x61,0x74,0x33,0x20,0x5f,0x32,0x34,0x30,
    0x20,0x3d,0x20,0x73,0x61,0x6d,0x70,0x6c,0x65,0x50,0x6f,0x73,0x69,0x74,0x69,0x6f,
    0x6e,0x28,0x70,0x61,0x72,0x61,0x6d,0x5f,0x33,0x2c,0x20,0x70,0x6f,0x73,0x69,0x74,
    0x69,0x6f,0x6e,0x54,0x65,0x78,0x2c,0x20,0x70,0x6f,0x73,0x69,0x74,0x69,0x6f,0x6e,
    0x53,0x6d,0x70,0x29,0x3b,0x0a,0x20,0x20,0x20,0x20,0x66,0x6c,0x6f,0x61,0x74,0x32,
    0x20,0x70,0x61,0x72,0x61,0x6d,0x5f,0x34,0x20,0x3d,0x20,0x75,0x76,0x20,0x2b,0x20,
    0x5f,0x32,0x33,0x37,0x3b,0x0a,0x20,0x20,0x20,0x20,0x66,0x6c,0x6f,0x61,0x74,0x33,
    0x20,0x5f,0x32,0x34,0x38,0x20,0x3d,0x20,0x73,0x61,0x6d,0x70,0x6c,0x65,0x50,0x6f,
    0x73,0x69,0x74,0x69,0x6f,0x6e,0x28,0x70,0x61,0x72,0x61,0x6d,0x5f,0x34,0x2c,0x20,
    0x70,0x6f,0x73,0x69,0x74,0x69,0x6f,0x6e,0x54,0x65,0x78,0x2c,0x20,0x70,0x6f,0x73,
    0x69,0x74,0x69,0x6f,0x6e,0x53,0x6d,0x70,0x29,0x3b,0x0a,0x20,0x20,0x20,0x20,0x66,
    0x6c,0x6f,0x61,0x74,0x33,0x20,0x5f,0x32,0x35,0x32,0x20,0x3d,0x20,0x5f,0x32,0x32,
    0x34,0x20,0x2d,0x20,0x5f,0x32,0x31,0x36,0x3b,0x0a,0x20,0x20,0x20,0x20,0x66,0x6c,
    0x6f,0x61,0x74,0x33,0x20,0x5f,0x32,0x35,0x35,0x20,0x3d,0x20,0x5f,0x32,0x34,0x30,
    0x20,0x2d,0x20,0x5f,0x32,0x31,0x36,0x3b,0x0a,0x20,0x20,0x20,0x20,0x66,0x6c,0x6f,
    0x61,0x74,0x33,0x20,0x5f,0x32,0x36,0x32,0x20,0x3d,0x20,0x5f,0x32,0x33,0x32,0x20,
    0x2d,0x20,0x5f,0x32,0x31,0x36,0x3b,0x0a,0x20,0x20,0x20,0x20,0x66,0x6c,0x6f,0x61,
    0x74,0x33,0x20,0x5f,0x32,0x37,0x30,0x20,0x3d,0x20,0x5f,0x32,0x34,0x38,0x20,0x2d,
    0x20,0x5f,0x32,0x31,0x36,0x3b,0x0a,0x20,0x20,0x20,0x20,0x66,0x6c,0x6f,0x61,0x74,
    0x33,0x20,0x5f,0x32,0x38,0x30,0x20,0x3d,0x20,0x28,0x28,0x63,0x72,0x6f,0x73,0x73,
    0x28,0x5f,0x32,0x35,0x32,0x2c,0x20,0x5f,0x32,0x35,0x35,0x29,0x20,0x2b,0x20,0x63,
    0x72,0x6f,0x73,0x73,0x28,0x5f,0x32,0x35,0x35,0x2c,0x20,0x5f,0x32,0x36,0x32,0x29,
    0x29,0x20,0x2b,0x20,0x63,0x72,0x6f,0x73,0x73,0x28,0x5f,0x32,0x36,0x32,0x2c,0x20,
    0x5f,0x32,0x37,0x30,0x29,0x29,0x20,0x2b,0x20,0x63,0x72,0x6f,0x73,0x73,0x28,0x5f,
    0x32,0x37,0x30,0x2c,0x20,0x5f,0x32,0x35,0x32,0x29,0x3b,0x0a,0x20,0x20,0x20,0x20,
    0x66,0x6c,0x6f,0x61,0x74,0x20,0x5f,0x32,0x38,0x33,0x20,0x3d,0x20,0x6c,0x65,0x6e,
    0x67,0x74,0x68,0x28,0x5f,0x32,0x38,0x30,0x29,0x3b,0x0a,0x20,0x20,0x20,0x20,0x69,
    0x66,0x20,0x28,0x5f,0x32,0x38,0x33,0x20,0x3c,0x20,0x39,0x2e,0x39,0x39,0x39,0x39,
    0x39,0x39,0x39,0x37,0x34,0x37,0x35,0x32,0x34,0x32,0x37,0x30,0x37,0x38,0x37,0x38,
    0x33,0x35,0x31,0x32,0x31,0x31,0x35,0x34,0x37,0x38,0x35,0x65,0x2d,0x30,0x37,0x29,
    0x0a,0x20,0x20,0x20,0x20,0x7b,0x0a,0x20,0x20,0x20,0x20,0x20,0x20,0x20,0x20,0x72,
    0x65,0x74,0x75,0x72,0x6e,0x20,0x66,0x6c,0x6f,0x61,0x74,0x33,0x28,0x30,0x2e,0x30,
    0x2c,0x20,0x30,0x2e,0x30,0x2c,0x20,0x31,0x2e,0x30,0x29,0x3b,0x0a,0x20,0x20,0x20,
    0x20,0x7d,0x0a,0x20,0x20,0x20,0x20,0x72,0x65,0x74,0x75,0x72,0x6e,0x20,0x5f,0x32,
    0x38,0x30,0x20,0x2f,0x20,0x66,0x6c,0x6f,0x61,0x74,0x33,0x28,0x5f,0x32,0x38,0x33,
    0x29,0x3b,0x0a,0x7d,0x0a,0x0a,0x73,0x74,0x61,0x74,0x69,0x63,0x20,0x69,0x6e,0x6c,
    0x69,0x6e,0x65,0x20,0x5f,0x5f,0x61,0x74,0x74,0x72,0x69,0x62,0x75,0x74,0x65,0x5f,
    0x5f,0x28,0x28,0x61,0x6c,0x77,0x61,0x79,0x73,0x5f,0x69,0x6e,0x6c,0x69,0x6e,0x65,
    0x29,0x29,0x0a,0x66,0x6c,0x6f,0x61,0x74,0x32,0x20,0x67,0x72,0x69,0x64,0x43,0x6f,
    0x6f,0x72,0x64,0x28,0x74,0x68,0x72,0x65,0x61,0x64,0x20,0x66,0x6c,0x6f,0x61,0x74,
    0x32,0x26,0x20,0x75,0x76,0x2c,0x20,0x63,0x6f,0x6e,0x73,0x74,0x61,0x6e,0x74,0x20,
    0x63,0x6c,0x6f,0x74,0x68,0x5f,0x73,0x74,0x65,0x70,0x5f,0x70,0x61,0x72,0x61,0x6d,
    0x73,0x26,0x20,0x5f,0x36,0x32,0x29,0x0a,0x7b,0x0a,0x20,0x20,0x20,0x20,0x72,0x65,
    0x74,0x75,0x72,0x6e,0x20,0x66,0x6c,0x6f,0x6f,0x72,0x28,0x75,0x76,0x20,0x2a,0x20,
    0x5f,0x36,0x32,0x2e,0x73,0x69,0x6d,0x53,0x69,0x7a,0x65,0x2e,0x78,0x79,0x29,0x3b,
    0x0a,0x7d,0x0a,0x0a,0x73,0x74,0x61,0x74,0x69,0x63,0x20,0x69,0x6e,0x6c,0x69,0x6e,
    0x65,0x20,0x5f,0x5f,0x61,0x74,0x74,0x72,0x69,0x62,0x75,0x74,0x65,0x5f,0x5f,0x28,
    0x28,0x61,0x6c,0x77,0x61,0x79,0x73,0x5f,0x69,0x6e,0x6c,0x69,0x6e,0x65,0x29,0x29,
    0x0a,0x62,0x6f,0x6f,0x6c,0x20,0x76,0x61,0x6c,0x69,0x64,0x43,0x6f,0x6f,0x72,0x64,
    0x28,0x74,0x68,0x72,0x65,0x61,0x64,0x20,0x63,0x6f,0x6e,0x73,0x74,0x20,0x66,0x6c,
    0x6f,0x61,0x74,0x32,0x26,0x20,0x63,0x6f,0x6f,0x72,0x64,0x2c,0x20,0x63,0x6f,0x6e,
    0x73,0x74,0x61,0x6e,0x74,0x20,0x63,0x6c,0x6f,0x74,0x68,0x5f,0x73,0x74,0x65,0x70,
    0x5f,0x70,0x61,0x72,0x61,0x6d,0x73,0x26,0x20,0x5f,0x36,0x32,0x29,0x0a,0x7b,0x0a,
    0x20,0x20,0x20,0x20,0x62,0x6f,0x6f,0x6c,0x20,0x5f,0x37,0x38,0x20,0x3d,0x20,0x63,
    0x6f,0x6f,0x72,0x64,0x2e,0x78,0x20,0x3e,0x3d,0x20,0x30,0x2e,0x30,0x3b,0x0a,0x20,
    0x20,0x20,0x20,0x62,0x6f,0x6f,0x6c,0x20,0x5f,0x38,0x35,0x3b,0x0a,0x20,0x20,0x20,
    0x20,0x69,0x66,0x20,0x28,0x5f,0x37,0x38,0x29,0x0a,0x20,0x20,0x20,0x20,0x7b,0x0a,
    0x20,0x20,0x20,0x20,0x20,0x20,0x20,0x20,0x5f,0x38,0x35,0x20,0x3d,0x20,0x63,0x6f,
    0x6f,0x72,0x64,0x2e,0x79,0x20,0x3e,0x3d,0x20,0x30,0x2e,0x30,0x3b,0x0a,0x20,0x20,
    0x20,0x20,0x7d,0x0a,0x20,0x20,0x20,0x20,0x65,0x6c,0x73,0x65,0x0a,0x20,0x20,0x20,
    0x20,0x7b,0x0a,0x20,0x20,0x20,0x20,0x20,0x20,0x20,0x20,0x5f,0x38,0x35,0x20,0x3d,
    0x20,0x5f,0x37,0x38,0x3b,0x0a,0x20,0x20,0x20,0x20,0x7d,0x0a,0x20,0x20,0x20,0x20,
    0x62,0x6f,0x6f,0x6c,0x20,0x5f,0x39,0x34,0x3b,0x0a,0x20,0x20,0x20,0x20,0x69,0x66,
    0x20,0x28,0x5f,0x38,0x35,0x29,0x0a,0x20,0x20,0x20,0x20,0x7b,0x0a,0x20,0x20,0x20,
    0x20,0x20,0x20,0x20,0x20,0x5f,0x39,0x34,0x20,0x3d,0x20,0x63,0x6f,0x6f,0x72,0x64,
    0x2e,0x78,0x20,0x3c,0x20,0x5f,0x36,0x32,0x2e,0x73,0x69,0x6d,0x53,0x69,0x7a,0x65,
    0x2e,0x78,0x3b,0x0a,0x20,0x20,0x20,0x20,0x7d,0x0a,0x20,0x20,0x20,0x20,0x65,0x6c,
    0x73,0x65,0x0a,0x20,0x20,0x20,0x20,0x7b,0x0a,0x20,0x20,0x20,0x20,0x20,0x20,0x20,
    0x20,0x5f,0x39,0x34,0x20,0x3d,0x20,0x5f,0x38,0x35,0x3b,0x0a,0x20,0x20,0x20,0x20,
    0x7d,0x0a,0x20,0x20,0x20,0x20,0x62,0x6f,0x6f,0x6c,0x20,0x5f,0x31,0x30,0x32,0x3b,
    0x0a,0x20,0x20,0x20,0x20,0x69,0x66,0x20,0x28,0x5f,0x39,0x34,0x29,0x0a,0x20,0x20,
    0x20,0x20,0x7b,0x0a,0x20,0x20,0x20,0x20,0x20,0x20,0x20,0x20,0x5f,0x31,0x30,0x32,
    0x20,0x3d,0x20,0x63,0x6f,0x6f,0x72,0x64,0x2e,0x79,0x20,0x3c,0x20,0x5f,0x36,0x32,
    0x2e,0x73,0x69,0x6d,0x53,0x69,0x7a,0x65,0x2e,0x79,0x3b,0x0a,0x20,0x20,0x20,0x20,
    0x7d,0x0a,0x20,0x20,0x20,0x20,0x65,0x6c,0x73,0x65,0x0a,0x20,0x20,0x20,0x20,0x7b,
    0x0a,0x20,0x20,0x20,0x20,0x20,0x20,0x20,0x20,0x5f,0x31,0x30,0x32,0x20,0x3d,0x20,
    0x5f,0x39,0x34,0x3b,0x0a,0x20,0x20,0x20,0x20,0x7d,0x0a,0x20,0x20,0x20,0x20,0x72,
    0x65,0x74,0x75,0x72,0x6e,0x20,0x5f,0x31,0x30,0x32,0x3b,0x0a,0x7d,0x0a,0x0a,0x73,
    0x74,0x61,0x74,0x69,0x63,0x20,0x69,0x6e,0x6c,0x69,0x6e,0x65,0x20,0x5f,0x5f,0x61,
    0x74,0x74,0x72,0x69,0x62,0x75,0x74,0x65,0x5f,0x5f,0x28,0x28,0x61,0x6c,0x77,0x61,
    0x79,0x73,0x5f,0x69,0x6e,0x6c,0x69,0x6e,0x65,0x29,0x29,0x0a,0x66,0x6c,0x6f,0x61,
    0x74,0x32,0x20,0x63,0x6f,0x6f,0x72,0x64,0x55,0x76,0x28,0x74,0x68,0x72,0x65,0x61,
    0x64,0x20,0x63,0x6f,0x6e,0x73,0x74,0x20,0x66,0x6c,0x6f,0x61,0x74,0x32,0x26,0x20,
    0x63,0x6f,0x6f,0x72,0x64,0x2c,0x20,0x63,0x6f,0x6e,0x73,0x74,0x61,0x6e,0x74,0x20,
    0x63,0x6c,0x6f,0x74,0x68,0x5f,0x73,0x74,0x65,0x70,0x5f,0x70,0x61,0x72,0x61,0x6d,
    0x73,0x26,0x20,0x5f,0x36,0x32,0x29,0x0a,0x7b,0x0a,0x20,0x20,0x20,0x20,0x72,0x65,
    0x74,0x75,0x72,0x6e,0x20,0x28,0x63,0x6f,0x6f,0x72,0x64,0x20,0x2b,0x20,0x66,0x6c,
    0x6f,0x61,0x74,0x32,0x28,0x30,0x2e,0x35,0x29,0x29,0x20,0x2f,0x20,0x5f,0x36,0x32,
    0x2e,0x73,0x69,0x6d,0x53,0x69,0x7a,0x65,0x2e,0x78,0x79,0x3b,0x0a,0x7d,0x0a,0x0a,
    0x73,0x74,0x61,0x74,0x69,0x63,0x20,0x69,0x6e,0x6c,0x69,0x6e,0x65,0x20,0x5f,0x5f,
    0x61,0x74,0x74,0x72,0x69,0x62,0x75,0x74,0x65,0x5f,0x5f,0x28,0x28,0x61,0x6c,0x77,
    0x61,0x79,0x73,0x5f,0x69,0x6e,0x6c,0x69,0x6e,0x65,0x29,0x29,0x0a,0x76,0x6f,0x69,
    0x64,0x20,0x61,0x70,0x70,0x6c,0x79,0x4e,0x65,0x69,0x67,0x68,0x62,0x6f,0x72,0x28,
    0x74,0x68,0x72,0x65,0x61,0x64,0x20,0x66,0x6c,0x6f,0x61,0x74,0x33,0x26,0x20,0x63,
    0x6f,0x72,0x72,0x65,0x63,0x74,0x69,0x6f,0x6e,0x2c,0x20,0x74,0x68,0x72,0x65,0x61,
    0x64,0x20,0x63,0x6f,0x6e,0x73,0x74,0x20,0x66,0x6c,0x6f,0x61,0x74,0x33,0x26,0x20,
    0x70,0x6f,0x73,0x2c,0x20,0x74,0x68,0x72,0x65,0x61,0x64,0x20,0x63,0x6f,0x6e,0x73,
    0x74,0x20,0x66,0x6c,0x6f,0x61,0x74,0x32,0x26,0x20,0x63,0x6f,0x6f,0x72,0x64,0x2c,
    0x20,0x74,0x68,0x72,0x65,0x61,0x64,0x20,0x63,0x6f,0x6e,0x73,0x74,0x20,0x66,0x6c,
    0x6f,0x61,0x74,0x32,0x26,0x20,0x6f,0x66,0x66,0x73,0x65,0x74,0x2c,0x20,0x74,0x68,
    0x72,0x65,0x61,0x64,0x20,0x63,0x6f,0x6e,0x73,0x74,0x20,0x66,0x6c,0x6f,0x61,0x74,
    0x26,0x20,0x72,0x65,0x73,0x74,0x4c,0x65,0x6e,0x2c,0x20,0x74,0x68,0x72,0x65,0x61,
    0x64,0x20,0x63,0x6f,0x6e,0x73,0x74,0x20,0x66,0x6c,0x6f,0x61,0x74,0x26,0x20,0x6b,
    0x2c,0x20,0x63,0x6f,0x6e,0x73,0x74,0x61,0x6e,0x74,0x20,0x63,0x6c,0x6f,0x74,0x68,
    0x5f,0x73,0x74,0x65,0x70,0x5f,0x70,0x61,0x72,0x61,0x6d,0x73,0x26,0x20,0x5f,0x36,
    0x32,0x2c,0x20,0x74,0x65,0x78,0x74,0x75,0x72,0x65,0x32,0x64,0x3c,0x66,0x6c,0x6f,
    0x61,0x74,0x3e,0x20,0x70,0x6f,0x73,0x69,0x74,0x69,0x6f,0x6e,0x54,0x65,0x78,0x2c,
    0x20,0x73,0x61,0x6d,0x70,0x6c,0x65,0x72,0x20,0x70,0x6f,0x73,0x69,0x74,0x69,0x6f,
    0x6e,0x53,0x6d,0x70,0x29,0x0a,0x7b,0x0a,0x20,0x20,0x20,0x20,0x66,0x6c,0x6f,0x61,
    0x74,0x32,0x20,0x5f,0x33,0x30,0x30,0x20,0x3d,0x20,0x63,0x6f,0x6f,0x72,0x64,0x20,
    0x2b,0x20,0x6f,0x66,0x66,0x73,0x65,0x74,0x3b,0x0a,0x20,0x20,0x20,0x20,0x66,0x6c,
    0x6f,0x61,0x74,0x32,0x20,0x70,0x61,0x72,0x61,0x6d,0x20,0x3d,0x20,0x5f,0x33,0x30,
    0x30,0x3b,0x0a,0x20,0x20,0x20,0x20,0x69,0x66,0x20,0x28,0x28,0x21,0x76,0x61,0x6c,
    0x69,0x64,0x43,0x6f,0x6f,0x72,0x64,0x28,0x70,0x61,0x72,0x61,0x6d,0x2c,0x20,0x5f,
    0x36,0x32,0x29,0x29,0x20,0x7c,0x7c,0x20,0x28,0x6b,0x20,0x3c,0x3d,0x20,0x30,0x2e,
    0x30,0x29,0x29,0x0a,0x20,0x20,0x20,0x20,0x7b,0x0a,0x20,0x20,0x20,0x20,0x20,0x20,
    0x20,0x20,0x72,0x65,0x74,0x75,0x72,0x6e,0x3b,0x0a,0x20,0x20,0x20,0x20,0x7d,0x0a,
    0x20,0x20,0x20,0x20,0x66,0x6c,0x6f,0x61,0x74,0x32,0x20,0x70,0x61,0x72,0x61,0x6d,
    0x5f,0x31,0x20,0x3d,0x20,0x5f,0x33,0x30,0x30,0x3b,0x0a,0x20,0x20,0x20,0x20,0x66,
    0x6c,0x6f,0x61,0x74,0x32,0x20,0x70,0x61,0x72,0x61,0x6d,0x5f,0x32,0x20,0x3d,0x20,
    0x63,0x6f,0x6f,0x72,0x64,0x55,0x76,0x28,0x70,0x61,0x72,0x61,0x6d,0x5f,0x31,0x2c,
    0x20,0x5f,0x36,0x32,0x29,0x3b,0x0a,0x20,0x20,0x20,0x20,0x66,0x6c,0x6f,0x61,0x74,
    0x33,0x20,0x5f,0x33,0x31,0x36,0x20,0x3d,0x20,0x73,0x61,0x6d,0x70,0x6c,0x65,0x50,
    0x6f,0x73,0x69,0x74,0x69,0x6f,0x6e,0x28,0x70,0x61,0x72,0x61,0x6d,0x5f,0x32,0x2c,
    0x20,0x70,0x6f,0x73,0x69,0x74,0x69,0x6f,0x6e,0x54,0x65,0x78,0x2c,0x20,0x70,0x6f,
    0x73,0x69,0x74,0x69,0x6f,0x6e,0x53,0x6d,0x70,0x29,0x3b,0x0a,0x20,0x20,0x20,0x20,
    0x66,0x6c,0x6f,0x61,0x74,0x33,0x20,0x5f,0x33,0x32,0x30,0x20,0x3d,0x20,0x5f,0x33,
    0x31,0x36,0x20,0x2d,0x20,0x70,0x6f,0x73,0x3b,0x0a,0x20,0x20,0x20,0x20,0x66,0x6c,
    0x6f,0x61,0x74,0x20,0x5f,0x33,0x32,0x33,0x20,0x3d,0x20,0x6c,0x65,0x6e,0x67,0x74,
    0x68,0x28,0x5f,0x33,0x32,0x30,0x29,0x3b,0x0a,0x20,0x20,0x20,0x20,0x69,0x66,0x20,
    0x28,0x5f,0x33,0x32,0x33,0x20,0x3c,0x3d,0x20,0x39,0x2e,0x39,0x39,0x39,0x39,0x39,
    0x39,0x39,0x37,0x34,0x37,0x35,0x32,0x34,0x32,0x37,0x30,0x37,0x38,0x37,0x38,0x33,
    0x35,0x31,0x32,0x31,0x31,0x35,0x34,0x37,0x38,0x35,0x65,0x2d,0x30,0x37,0x29,0x0a,
    0x20,0x20,0x20,0x20,0x7b,0x0a,0x20,0x20,0x20,0x20,0x20,0x20,0x20,0x20,0x72,0x65,
    0x74,0x75,0x72,0x6e,0x3b,0x0a,0x20,0x20,0x20,0x20,0x7d,0x0a,0x20,0x20,0x20,0x20,
    0x63,0x6f,0x72,0x72,0x65,0x63,0x74,0x69,0x6f,0x6e,0x20,0x2b,0x3d,0x20,0x28,0x28,
    0x5f,0x33,0x32,0x30,0x20,0x2a,0x20,0x28,0x28,0x5f,0x33,0x32,0x33,0x20,0x2d,0x20,
    0x72,0x65,0x73,0x74,0x4c,0x65,0x6e,0x29,0x20,0x2f,0x20,0x5f,0x33,0x32,0x33,0x29,
    0x29,0x20,0x2a,0x20,0x28,0x30,0x2e,0x35,0x20,0x2a,0x20,0x6b,0x29,0x29,0x3b,0x0a,
    0x7d,0x0a,0x0a,0x66,0x72,0x61,0x67,0x6d,0x65,0x6e,0x74,0x20,0x6d,0x61,0x69,0x6e,
    0x30,0x5f,0x6f,0x75,0x74,0x20,0x6d,0x61,0x69,0x6e,0x30,0x28,0x6d,0x61,0x69,0x6e,
    0x30,0x5f,0x69,0x6e,0x20,0x69,0x6e,0x20,0x5b,0x5b,0x73,0x74,0x61,0x67,0x65,0x5f,
    0x69,0x6e,0x5d,0x5d,0x2c,0x20,0x63,0x6f,0x6e,0x73,0x74,0x61,0x6e,0x74,0x20,0x63,
    0x6c,0x6f,0x74,0x68,0x5f,0x73,0x74,0x65,0x70,0x5f,0x70,0x61,0x72,0x61,0x6d,0x73,
    0x26,0x20,0x5f,0x36,0x32,0x20,0x5b,0x5b,0x62,0x75,0x66,0x66,0x65,0x72,0x28,0x30,
    0x29,0x5d,0x5d,0x2c,0x20,0x74,0x65,0x78,0x74,0x75,0x72,0x65,0x32,0x64,0x3c,0x66,
    0x6c,0x6f,0x61,0x74,0x3e,0x20,0x70,0x6f,0x73,0x69,0x74,0x69,0x6f,0x6e,0x54,0x65,
    0x78,0x20,0x5b,0x5b,0x74,0x65,0x78,0x74,0x75,0x72,0x65,0x28,0x30,0x29,0x5d,0x5d,
    0x2c,0x20,0x74,0x65,0x78,0x74,0x75,0x72,0x65,0x32,0x64,0x3c,0x66,0x6c,0x6f,0x61,
    0x74,0x3e,0x20,0x70,0x72,0x65,0x76,0x69,0x6f,0x75,0x73,0x54,0x65,0x78,0x20,0x5b,
    0x5b,0x74,0x65,0x78,0x74,0x75,0x72,0x65,0x28,0x31,0x29,0x5d,0x5d,0x2c,0x20,0x74,
    0x65,0x78,0x74,0x75,0x72,0x65,0x32,0x64,0x3c,0x66,0x6c,0x6f,0x61,0x74,0x3e,0x20,
    0x70,0x69,0x6e,0x54,0x65,0x78,0x20,0x5b,0x5b,0x74,0x65,0x78,0x74,0x75,0x72,0x65,
    0x28,0x32,0x29,0x5d,0x5d,0x2c,0x20,0x73,0x61,0x6d,0x70,0x6c,0x65,0x72,0x20,0x70,
    0x6f,0x73,0x69,0x74,0x69,0x6f,0x6e,0x53,0x6d,0x70,0x20,0x5b,0x5b,0x73,0x61,0x6d,
    0x70,0x6c,0x65,0x72,0x28,0x30,0x29,0x5d,0x5d,0x2c,0x20,0x73,0x61,0x6d,0x70,0x6c,
    0x65,0x72,0x20,0x70,0x72,0x65,0x76,0x69,0x6f,0x75,0x73,0x53,0x6d,0x70,0x20,0x5b,
    0x5b,0x73,0x61,0x6d,0x70,0x6c,0x65,0x72,0x28,0x31,0x29,0x5d,0x5d,0x2c,0x20,0x73,
    0x61,0x6d,0x70,0x6c,0x65,0x72,0x20,0x70,0x69,0x6e,0x53,0x6d,0x70,0x20,0x5b,0x5b,
    0x73,0x61,0x6d,0x70,0x6c,0x65,0x72,0x28,0x32,0x29,0x5d,0x5d,0x29,0x0a,0x7b,0x0a,
    0x20,0x20,0x20,0x20,0x6d,0x61,0x69,0x6e,0x30,0x5f,0x6f,0x75,0x74,0x20,0x6f,0x75,
    0x74,0x20,0x3d,0x20,0x7b,0x7d,0x3b,0x0a,0x20,0x20,0x20,0x20,0x69,0x6e,0x74,0x20,
    0x5f,0x33,0x34,0x37,0x20,0x3d,0x20,0x69,0x6e,0x74,0x28,0x5f,0x36,0x32,0x2e,0x74,
    0x69,0x6d,0x69,0x6e,0x67,0x2e,0x77,0x20,0x2b,0x20,0x30,0x2e,0x35,0x29,0x3b,0x0a,
    0x20,0x20,0x20,0x20,0x66,0x6c,0x6f,0x61,0x74,0x32,0x20,0x70,0x61,0x72,0x61,0x6d,
    0x20,0x3d,0x20,0x69,0x6e,0x2e,0x75,0x76,0x3b,0x0a,0x20,0x20,0x20,0x20,0x66,0x6c,
    0x6f,0x61,0x74,0x34,0x20,0x5f,0x33,0x35,0x31,0x20,0x3d,0x20,0x73,0x61,0x6d,0x70,
    0x6c,0x65,0x50,0x69,0x6e,0x28,0x70,0x61,0x72,0x61,0x6d,0x2c,0x20,0x70,0x69,0x6e,
    0x54,0x65,0x78,0x2c,0x20,0x70,0x69,0x6e,0x53,0x6d,0x70,0x29,0x3b,0x0a,0x20,0x20,
    0x20,0x20,0x69,0x66,0x20,0x28,0x5f,0x33,0x34,0x37,0x20,0x3d,0x3d,0x20,0x30,0x29,
    0x0a,0x20,0x20,0x20,0x20,0x7b,0x0a,0x20,0x20,0x20,0x20,0x20,0x20,0x20,0x20,0x66,
    0x6c,0x6f,0x61,0x74,0x32,0x20,0x70,0x61,0x72,0x61,0x6d,0x5f,0x31,0x20,0x3d,0x20,
    0x69,0x6e,0x2e,0x75,0x76,0x3b,0x0a,0x20,0x20,0x20,0x20,0x20,0x20,0x20,0x20,0x66,
    0x6c,0x6f,0x61,0x74,0x34,0x20,0x70,0x61,0x72,0x61,0x6d,0x5f,0x32,0x20,0x3d,0x20,
    0x5f,0x33,0x35,0x31,0x3b,0x0a,0x20,0x20,0x20,0x20,0x20,0x20,0x20,0x20,0x6f,0x75,
    0x74,0x2e,0x66,0x72,0x61,0x67,0x5f,0x63,0x6f,0x6c,0x6f,0x72,0x20,0x3d,0x20,0x66,
    0x6c,0x6f,0x61,0x74,0x34,0x28,0x70,0x69,0x6e,0x6e,0x65,0x64,0x4f,0x72,0x52,0x65,
    0x73,0x74,0x28,0x70,0x61,0x72,0x61,0x6d,0x5f,0x31,0x2c,0x20,0x70,0x61,0x72,0x61,
    0x6d,0x5f,0x32,0x2c,0x20,0x5f,0x36,0x32,0x29,0x2c,0x20,0x5f,0x33,0x35,0x31,0x2e,
    0x78,0x29,0x3b,0x0a,0x20,0x20,0x20,0x20,0x20,0x20,0x20,0x20,0x72,0x65,0x74,0x75,
    0x72,0x6e,0x20,0x6f,0x75,0x74,0x3b,0x0a,0x20,0x20,0x20,0x20,0x7d,0x0a,0x20,0x20,
    0x20,0x20,0x66,0x6c,0x6f,0x61,0x74,0x32,0x20,0x70,0x61,0x72,0x61,0x6d,0x5f,0x33,
    0x20,0x3d,0x20,0x69,0x6e,0x2e,0x75,0x76,0x3b,0x0a,0x20,0x20,0x20,0x20,0x66,0x6c,
    0x6f,0x61,0x74,0x33,0x20,0x70,0x6f,0x73,0x20,0x3d,0x20,0x73,0x61,0x6d,0x70,0x6c,
    0x65,0x50,0x6f,0x73,0x69,0x74,0x69,0x6f,0x6e,0x28,0x70,0x61,0x72,0x61,0x6d,0x5f,
    0x33,0x2c,0x20,0x70,0x6f,0x73,0x69,0x74,0x69,0x6f,0x6e,0x54,0x65,0x78,0x2c,0x20,
    0x70,0x6f,0x73,0x69,0x74,0x69,0x6f,0x6e,0x53,0x6d,0x70,0x29,0x3b,0x0a,0x20,0x20,
    0x20,0x20,0x66,0x6c,0x6f,0x61,0x74,0x20,0x5f,0x33,0x37,0x39,0x20,0x3d,0x20,0x5f,
    0x33,0x35,0x31,0x2e,0x78,0x3b,0x0a,0x20,0x20,0x20,0x20,0x69,0x66,0x20,0x28,0x5f,
    0x33,0x37,0x39,0x20,0x3e,0x20,0x30,0x2e,0x35,0x29,0x0a,0x20,0x20,0x20,0x20,0x7b,
    0x0a,0x20,0x20,0x20,0x20,0x20,0x20,0x20,0x20,0x6f,0x75,0x74,0x2e,0x66,0x72,0x61,
    0x67,0x5f,0x63,0x6f,0x6c,0x6f,0x72,0x20,0x3d,0x20,0x66,0x6c,0x6f,0x61,0x74,0x34,
    0x28,0x5f,0x33,0x35,0x31,0x2e,0x79,0x7a,0x77,0x2c,0x20,0x5f,0x33,0x37,0x39,0x29,
    0x3b,0x0a,0x20,0x20,0x20,0x20,0x20,0x20,0x20,0x20,0x72,0x65,0x74,0x75,0x72,0x6e,
    0x20,0x6f,0x75,0x74,0x3b,0x0a,0x20,0x20,0x20,0x20,0x7d,0x0a,0x20,0x20,0x20,0x20,
    0x69,0x66,0x20,0x28,0x5f,0x33,0x34,0x37,0x20,0x3d,0x3d,0x20,0x34,0x29,0x0a,0x20,
    0x20,0x20,0x20,0x7b,0x0a,0x20,0x20,0x20,0x20,0x20,0x20,0x20,0x20,0x6f,0x75,0x74,
    0x2e,0x66,0x72,0x61,0x67,0x5f,0x63,0x6f,0x6c,0x6f,0x72,0x20,0x3d,0x20,0x66,0x6c,
    0x6f,0x61,0x74,0x34,0x28,0x70,0x6f,0x73,0x2c,0x20,0x5f,0x33,0x37,0x39,0x29,0x3b,
    0x0a,0x20,0x20,0x20,0x20,0x20,0x20,0x20,0x20,0x72,0x65,0x74,0x75,0x72,0x6e,0x20,
    0x6f,0x75,0x74,0x3b,0x0a,0x20,0x20,0x20,0x20,0x7d,0x0a,0x20,0x20,0x20,0x20,0x69,
    0x66,0x20,0x28,0x5f,0x33,0x34,0x37,0x20,0x3d,0x3d,0x20,0x31,0x29,0x0a,0x20,0x20,
    0x20,0x20,0x7b,0x0a,0x20,0x20,0x20,0x20,0x20,0x20,0x20,0x20,0x66,0x6c,0x6f,0x61,
    0x74,0x32,0x20,0x70,0x61,0x72,0x61,0x6d,0x5f,0x34,0x20,0x3d,0x20,0x69,0x6e,0x2e,
    0x75,0x76,0x3b,0x0a,0x20,0x20,0x20,0x20,0x20,0x20,0x20,0x20,0x66,0x6c,0x6f,0x61,
    0x74,0x33,0x20,0x5f,0x34,0x31,0x37,0x20,0x3d,0x20,0x73,0x61,0x6d,0x70,0x6c,0x65,
    0x50,0x72,0x65,0x76,0x69,0x6f,0x75,0x73,0x28,0x70,0x61,0x72,0x61,0x6d,0x5f,0x34,
    0x2c,0x20,0x70,0x72,0x65,0x76,0x69,0x6f,0x75,0x73,0x54,0x65,0x78,0x2c,0x20,0x70,
    0x72,0x65,0x76,0x69,0x6f,0x75,0x73,0x53,0x6d,0x70,0x29,0x3b,0x0a,0x20,0x20,0x20,
    0x20,0x20,0x20,0x20,0x20,0x66,0x6c,0x6f,0x61,0x74,0x33,0x20,0x61,0x63,0x63,0x65,
    0x6c,0x20,0x3d,0x20,0x5f,0x36,0x32,0x2e,0x66,0x6f,0x72,0x63,0x65,0x73,0x2e,0x78,
    0x79,0x7a,0x3b,0x0a,0x20,0x20,0x20,0x20,0x20,0x20,0x20,0x20,0x62,0x6f,0x6f,0x6c,
    0x20,0x5f,0x34,0x32,0x35,0x20,0x3d,0x20,0x5f,0x36,0x32,0x2e,0x6f,0x70,0x74,0x69,
    0x6f,0x6e,0x73,0x2e,0x7a,0x20,0x3e,0x20,0x30,0x2e,0x35,0x3b,0x0a,0x20,0x20,0x20,
    0x20,0x20,0x20,0x20,0x20,0x62,0x6f,0x6f,0x6c,0x20,0x5f,0x34,0x33,0x32,0x3b,0x0a,
    0x20,0x20,0x20,0x20,0x20,0x20,0x20,0x20,0x69,0x66,0x20,0x28,0x5f,0x34,0x32,0x35,
    0x29,0x0a,0x20,0x20,0x20,0x20,0x20,0x20,0x20,0x20,0x7b,0x0a,0x20,0x20,0x20,0x20,
    0x20,0x20,0x20,0x20,0x20,0x20,0x20,0x20,0x5f,0x34,0x33,0x32,0x20,0x3d,0x20,0x5f,
    0x36,0x32,0x2e,0x77,0x69,0x6e,0x64,0x2e,0x77,0x20,0x3e,0x20,0x30,0x2e,0x30,0x3b,
    0x0a,0x20,0x20,0x20,0x20,0x20,0x20,0x20,0x20,0x7d,0x0a,0x20,0x20,0x20,0x20,0x20,
    0x20,0x20,0x20,0x65,0x6c,0x73,0x65,0x0a,0x20,0x20,0x20,0x20,0x20,0x20,0x20,0x20,
    0x7b,0x0a,0x20,0x20,0x20,0x20,0x20,0x20,0x20,0x20,0x20,0x20,0x20,0x20,0x5f,0x34,
    0x33,0x32,0x20,0x3d,0x20,0x5f,0x34,0x32,0x35,0x3b,0x0a,0x20,0x20,0x20,0x20,0x20,
    0x20,0x20,0x20,0x7d,0x0a,0x20,0x20,0x20,0x20,0x20,0x20,0x20,0x20,0x69,0x66,0x20,
    0x28,0x5f,0x34,0x33,0x32,0x29,0x0a,0x20,0x20,0x20,0x20,0x20,0x20,0x20,0x20,0x7b,
    0x0a,0x20,0x20,0x20,0x20,0x20,0x20,0x20,0x20,0x20,0x20,0x20,0x20,0x66,0x6c,0x6f,
    0x61,0x74,0x33,0x20,0x5f,0x34,0x33,0x36,0x20,0x3d,0x20,0x63,0x6c,0x6f,0x74,0x68,
    0x4e,0x6f,0x72,0x6d,0x61,0x6c,0x28,0x69,0x6e,0x2e,0x75,0x76,0x2c,0x20,0x5f,0x36,
    0x32,0x2c,0x20,0x70,0x6f,0x73,0x69,0x74,0x69,0x6f,0x6e,0x54,0x65,0x78,0x2c,0x20,
    0x70,0x6f,0x73,0x69,0x74,0x69,0x6f,0x6e,0x53,0x6d,0x70,0x29,0x3b,0x0a,0x20,0x20,
    0x20,0x20,0x20,0x20,0x20,0x20,0x20,0x20,0x20,0x20,0x61,0x63,0x63,0x65,0x6c,0x20,
    0x2b,0x3d,0x20,0x28,0x28,0x28,0x28,0x5f,0x34,0x33,0x36,0x20,0x2a,0x20,0x64,0x6f,
    0x74,0x28,0x5f,0x34,0x33,0x36,0x2c,0x20,0x66,0x61,0x73,0x74,0x3a,0x3a,0x6e,0x6f,
    0x72,0x6d,0x61,0x6c,0x69,0x7a,0x65,0x28,0x5f,0x36,0x32,0x2e,0x77,0x69,0x6e,0x64,
    0x2e,0x78,0x79,0x7a,0x29,0x29,0x29,0x20,0x2a,0x20,0x5f,0x36,0x32,0x2e,0x77,0x69,
    0x6e,0x64,0x2e,0x77,0x29,0x20,0x2a,0x20,0x28,0x38,0x35,0x2e,0x30,0x20,0x2b,0x20,
    0x28,0x73,0x69,0x6e,0x28,0x28,0x28,0x5f,0x36,0x32,0x2e,0x74,0x69,0x6d,0x69,0x6e,
    0x67,0x2e,0x7a,0x20,0x2a,0x20,0x28,0x31,0x2e,0x37,0x39,0x39,0x39,0x39,0x39,0x39,
    0x35,0x32,0x33,0x31,0x36,0x32,0x38,0x34,0x31,0x37,0x39,0x36,0x38,0x37,0x35,0x20,
    0x2b,0x20,0x28,0x5f,0x36,0x32,0x2e,0x77,0x69,0x6e,0x64,0x2e,0x77,0x20,0x2a,0x20,
    0x30,0x2e,0x30,0x33,0x39,0x39,0x39,0x39,0x39,0x39,0x39,0x31,0x30,0x35,0x39,0x33,
    0x30,0x33,0x32,0x38,0x33,0x36,0x39,0x31,0x34,0x30,0x36,0x32,0x35,0x29,0x29,0x29,
    0x20,0x2b,0x20,0x28,0x69,0x6e,0x2e,0x75,0x76,0x2e,0x78,0x20,0x2a,0x20,0x31,0x30,
    0x2e,0x30,0x29,0x29,0x20,0x2b,0x20,0x28,0x69,0x6e,0x2e,0x75,0x76,0x2e,0x79,0x20,
    0x2a,0x20,0x36,0x2e,0x30,0x29,0x29,0x20,0x2a,0x20,0x31,0x32,0x2e,0x32,0x35,0x29,
    0x29,0x29,0x20,0x2a,0x20,0x73,0x6d,0x6f,0x6f,0x74,0x68,0x73,0x74,0x65,0x70,0x28,
    0x30,0x2e,0x30,0x35,0x30,0x30,0x30,0x30,0x30,0x30,0x30,0x37,0x34,0x35,0x30,0x35,
    0x38,0x30,0x35,0x39,0x36,0x39,0x32,0x33,0x38,0x32,0x38,0x31,0x32,0x35,0x2c,0x20,
    0x30,0x2e,0x38,0x37,0x39,0x39,0x39,0x39,0x39,0x39,0x35,0x32,0x33,0x31,0x36,0x32,
    0x38,0x34,0x31,0x37,0x39,0x36,0x38,0x37,0x35,0x2c,0x20,0x69,0x6e,0x2e,0x75,0x76,
    0x2e,0x79,0x29,0x29,0x3b,0x0a,0x20,0x20,0x20,0x20,0x20,0x20,0x20,0x20,0x7d,0x0a,
    0x20,0x20,0x20,0x20,0x20,0x20,0x20,0x20,0x6f,0x75,0x74,0x2e,0x66,0x72,0x61,0x67,
    0x5f,0x63,0x6f,0x6c,0x6f,0x72,0x20,0x3d,0x20,0x66,0x6c,0x6f,0x61,0x74,0x34,0x28,
    0x28,0x70,0x6f,0x73,0x20,0x2b,0x20,0x28,0x28,0x70,0x6f,0x73,0x20,0x2d,0x20,0x5f,
    0x34,0x31,0x37,0x29,0x20,0x2a,0x20,0x5f,0x36,0x32,0x2e,0x74,0x69,0x6d,0x69,0x6e,
    0x67,0x2e,0x79,0x29,0x29,0x20,0x2b,0x20,0x28,0x28,0x61,0x63,0x63,0x65,0x6c,0x20,
    0x2a,0x20,0x5f,0x36,0x32,0x2e,0x74,0x69,0x6d,0x69,0x6e,0x67,0x2e,0x78,0x29,0x20,
    0x2a,0x20,0x5f,0x36,0x32,0x2e,0x74,0x69,0x6d,0x69,0x6e,0x67,0x2e,0x78,0x29,0x2c,
    0x20,0x5f,0x33,0x37,0x39,0x29,0x3b,0x0a,0x20,0x20,0x20,0x20,0x20,0x20,0x20,0x20,
    0x72,0x65,0x74,0x75,0x72,0x6e,0x20,0x6f,0x75,0x74,0x3b,0x0a,0x20,0x20,0x20,0x20,
    0x7d,0x0a,0x20,0x20,0x20,0x20,0x69,0x66,0x20,0x28,0x5f,0x33,0x34,0x37,0x20,0x3d,
    0x3d,0x20,0x32,0x29,0x0a,0x20,0x20,0x20,0x20,0x7b,0x0a,0x20,0x20,0x20,0x20,0x20,
    0x20,0x20,0x20,0x66,0x6c,0x6f,0x61,0x74,0x32,0x20,0x5f,0x35,0x32,0x32,0x20,0x3d,
    0x20,0x67,0x72,0x69,0x64,0x43,0x6f,0x6f,0x72,0x64,0x28,0x69,0x6e,0x2e,0x75,0x76,
    0x2c,0x20,0x5f,0x36,0x32,0x29,0x3b,0x0a,0x20,0x20,0x20,0x20,0x20,0x20,0x20,0x20,
    0x66,0x6c,0x6f,0x61,0x74,0x20,0x5f,0x35,0x33,0x30,0x20,0x3d,0x20,0x5f,0x36,0x32,
    0x2e,0x63,0x6c,0x6f,0x74,0x68,0x4c,0x61,0x79,0x6f,0x75,0x74,0x2e,0x7a,0x20,0x2f,
    0x20,0x66,0x61,0x73,0x74,0x3a,0x3a,0x6d,0x61,0x78,0x28,0x5f,0x36,0x32,0x2e,0x73,
    0x69,0x6d,0x53,0x69,0x7a,0x65,0x2e,0x78,0x20,0x2d,0x20,0x31,0x2e,0x30,0x2c,0x20,
    0x31,0x2e,0x30,0x29,0x3b,0x0a,0x20,0x20,0x20,0x20,0x20,0x20,0x20,0x20,0x66,0x6c,
    0x6f,0x61,0x74,0x20,0x5f,0x35,0x33,0x38,0x20,0x3d,0x20,0x5f,0x36,0x32,0x2e,0x63,
    0x6c,0x6f,0x74,0x68,0x4c,0x61,0x79,0x6f,0x75,0x74,0x2e,0x77,0x20,0x2f,0x20,0x66,
    0x61,0x73,0x74,0x3a,0x3a,0x6d,0x61,0x78,0x28,0x5f,0x36,0x32,0x2e,0x73,0x69,0x6d,
    0x53,0x69,0x7a,0x65,0x2e,0x79,0x20,0x2d,0x20,0x31,0x2e,0x30,0x2c,0x20,0x31,0x2e,
    0x30,0x29,0x3b,0x0a,0x20,0x20,0x20,0x20,0x20,0x20,0x20,0x20,0x66,0x6c,0x6f,0x61,
    0x74,0x20,0x5f,0x35,0x34,0x33,0x20,0x3d,0x20,0x6c,0x65,0x6e,0x67,0x74,0x68,0x28,
    0x66,0x6c,0x6f,0x61,0x74,0x32,0x28,0x5f,0x35,0x33,0x30,0x2c,0x20,0x5f,0x35,0x33,
    0x38,0x29,0x29,0x3b,0x0a,0x20,0x20,0x20,0x20,0x20,0x20,0x20,0x20,0x66,0x6c,0x6f,
    0x61,0x74,0x33,0x20,0x63,0x6f,0x72,0x72,0x65,0x63,0x74,0x69,0x6f,0x6e,0x20,0x3d,
    0x20,0x66,0x6c,0x6f,0x61,0x74,0x33,0x28,0x30,0x2e,0x30,0x29,0x3b,0x0a,0x20,0x20,
    0x20,0x20,0x20,0x20,0x20,0x20,0x66,0x6c,0x6f,0x61,0x74,0x33,0x20,0x70,0x61,0x72,
    0x61,0x6d,0x5f,0x35,0x20,0x3d,0x20,0x66,0x6c,0x6f,0x61,0x74,0x33,0x28,0x30,0x2e,
    0x30,0x29,0x3b,0x0a,0x20,0x20,0x20,0x20,0x20,0x20,0x20,0x20,0x66,0x6c,0x6f,0x61,
    0x74,0x33,0x20,0x70,0x61,0x72,0x61,0x6d,0x5f,0x36,0x20,0x3d,0x20,0x70,0x6f,0x73,
    0x3b,0x0a,0x20,0x20,0x20,0x20,0x20,0x20,0x20,0x20,0x66,0x6c,0x6f,0x61,0x74,0x32,
    0x20,0x70,0x61,0x72,0x61,0x6d,0x5f,0x37,0x20,0x3d,0x20,0x5f,0x35,0x32,0x32,0x3b,
    0x0a,0x20,0x20,0x20,0x20,0x20,0x20,0x20,0x20,0x66,0x6c,0x6f,0x61,0x74,0x32,0x20,
    0x70,0x61,0x72,0x61,0x6d,0x5f,0x38,0x20,0x3d,0x20,0x66,0x6c,0x6f,0x61,0x74,0x32,
    0x28,0x2d,0x31,0x2e,0x30,0x2c,0x20,0x30,0x2e,0x30,0x29,0x3b,0x0a,0x20,0x20,0x20,
    0x20,0x20,0x20,0x20,0x20,0x66,0x6c,0x6f,0x61,0x74,0x20,0x70,0x61,0x72,0x61,0x6d,
    0x5f,0x39,0x20,0x3d,0x20,0x5f,0x35,0x33,0x30,0x3b,0x0a,0x20,0x20,0x20,0x20,0x20,
    0x20,0x20,0x20,0x66,0x6c,0x6f,0x61,0x74,0x20,0x70,0x61,0x72,0x61,0x6d,0x5f,0x31,
    0x30,0x20,0x3d,0x20,0x5f,0x36,0x32,0x2e,0x73,0x74,0x69,0x66,0x66,0x6e,0x65,0x73,
    0x73,0x2e,0x78,0x3b,0x0a,0x20,0x20,0x20,0x20,0x20,0x20,0x20,0x20,0x61,0x70,0x70,
    0x6c,0x79,0x4e,0x65,0x69,0x67,0x68,0x62,0x6f,0x72,0x28,0x70,0x61,0x72,0x61,0x6d,
    0x5f,0x35,0x2c,0x20,0x70,0x61,0x72,0x61,0x6d,0x5f,0x36,0x2c,0x20,0x70,0x61,0x72,
    0x61,0x6d,0x5f,0x37,0x2c,0x20,0x70,0x61,0x72,0x61,0x6d,0x5f,0x38,0x2c,0x20,0x70,
    0x61,0x72,0x61,0x6d,0x5f,0x39,0x2c,0x20,0x70,0x61,0x72,0x61,0x6d,0x5f,0x31,0x30,
    0x2c,0x20,0x5f,0x36,0x32,0x2c,0x20,0x70,0x6f,0x73,0x69,0x74,0x69,0x6f,0x6e,0x54,
    0x65,0x78,0x2c,0x20,0x70,0x6f,0x73,0x69,0x74,0x69,0x6f,0x6e,0x53,0x6d,0x70,0x29,
    0x3b,0x0a,0x20,0x20,0x20,0x20,0x20,0x20,0x20,0x20,0x63,0x6f,0x72,0x72,0x65,0x63,
    0x74,0x69,0x6f,0x6e,0x20,0x3d,0x20,0x70,0x61,0x72,0x61,0x6d,0x5f,0x35,0x3b,0x0a,
    0x20,0x20,0x20,0x20,0x20,0x20,0x20,0x20,0x66,0x6c,0x6f,0x61,0x74,0x33,0x20,0x70,
    0x61,0x72,0x61,0x6d,0x5f,0x31,0x31,0x20,0x3d,0x20,0x70,0x61,0x72,0x61,0x6d,0x5f,
    0x35,0x3b,0x0a,0x20,0x20,0x20,0x20,0x20,0x20,0x20,0x20,0x66,0x6c,0x6f,0x61,0x74,
    0x33,0x20,0x70,0x61,0x72,0x61,0x6d,0x5f,0x31,0x32,0x20,0x3d,0x20,0x70,0x6f,0x73,
    0x3b,0x0a,0x20,0x20,0x20,0x20,0x20,0x20,0x20,0x20,0x66,0x6c,0x6f,0x61,0x74,0x32,
    0x20,0x70,0x61,0x72,0x61,0x6d,0x5f,0x31,0x33,0x20,0x3d,0x20,0x5f,0x35,0x32,0x32,
    0x3b,0x0a,0x20,0x20,0x20,0x20,0x20,0x20,0x20,0x20,0x66,0x6c,0x6f,0x61,0x74,0x32,
    0x20,0x70,0x61,0x72,0x61,0x6d,0x5f,0x31,0x34,0x20,0x3d,0x20,0x66,0x6c,0x6f,0x61,
    0x74,0x32,0x28,0x31,0x2e,0x30,0x2c,0x20,0x30,0x2e,0x30,0x29,0x3b,0x0a,0x20,0x20,
    0x20,0x20,0x20,0x20,0x20,0x20,0x66,0x6c,0x6f,0x61,0x74,0x20,0x70,0x61,0x72,0x61,
    0x6d,0x5f,0x31,0x35,0x20,0x3d,0x20,0x5f,0x35,0x33,0x30,0x3b,0x0a,0x20,0x20,0x20,
    0x20,0x20,0x20,0x20,0x20,0x66,0x6c,0x6f,0x61,0x74,0x20,0x70,0x61,0x72,0x61,0x6d,
    0x5f,0x31,0x36,0x20,0x3d,0x20,0x5f,0x36,0x32,0x2e,0x73,0x74,0x69,0x66,0x66,0x6e,
    0x65,0x73,0x73,0x2e,0x78,0x3b,0x0a,0x20,0x20,0x20,0x20,0x20,0x20,0x20,0x20,0x61,
    0x70,0x70,0x6c,0x79,0x4e,0x65,0x69,0x67,0x68,0x62,0x6f,0x72,0x28,0x70,0x61,0x72,
    0x61,0x6d,0x5f,0x31,0x31,0x2c,0x20,0x70,0x61,0x72,0x61,0x6d,0x5f,0x31,0x32,0x2c,
    0x20,0x70,0x61,0x72,0x61,0x6d,0x5f,0x31,0x33,0x2c,0x20,0x70,0x61,0x72,0x61,0x6d,
    0x5f,0x31,0x34,0x2c,0x20,0x70,0x61,0x72,0x61,0x6d,0x5f,0x31,0x35,0x2c,0x20,0x70,
    0x61,0x72,0x61,0x6d,0x5f,0x31,0x36,0x2c,0x20,0x5f,0x36,0x32,0x2c,0x20,0x70,0x6f,
    0x73,0x69,0x74,0x69,0x6f,0x6e,0x54,0x65,0x78,0x2c,0x20,0x70,0x6f,0x73,0x69,0x74,
    0x69,0x6f,0x6e,0x53,0x6d,0x70,0x29,0x3b,0x0a,0x20,0x20,0x20,0x20,0x20,0x20,0x20,
    0x20,0x63,0x6f,0x72,0x72,0x65,0x63,0x74,0x69,0x6f,0x6e,0x20,0x3d,0x20,0x70,0x61,
    0x72,0x61,0x6d,0x5f,0x31,0x31,0x3b,0x0a,0x20,0x20,0x20,0x20,0x20,0x20,0x20,0x20,
    0x66,0x6c,0x6f,0x61,0x74,0x33,0x20,0x70,0x61,0x72,0x61,0x6d,0x5f,0x31,0x37,0x20,
    0x3d,0x20,0x70,0x61,0x72,0x61,0x6d,0x5f,0x31,0x31,0x3b,0x0a,0x20,0x20,0x20,0x20,
    0x20,0x20,0x20,0x20,0x66,0x6c,0x6f,0x61,0x74,0x33,0x20,0x70,0x61,0x72,0x61,0x6d,
    0x5f,0x31,0x38,0x20,0x3d,0x20,0x70,0x6f,0x73,0x3b,0x0a,0x20,0x20,0x20,0x20,0x20,
    0x20,0x20,0x20,0x66,0x6c,0x6f,0x61,0x74,0x32,0x20,0x70,0x61,0x72,0x61,0x6d,0x5f,
    0x31,0x39,0x20,0x3d,0x20,0x5f,0x35,0x32,0x32,0x3b,0x0a,0x20,0x20,0x20,0x20,0x20,
    0x20,0x20,0x20,0x66,0x6c,0x6f,0x61,0x74,0x32,0x20,0x70,0x61,0x72,0x61,0x6d,0x5f,
    0x32,0x30,0x20,0x3d,0x20,0x66,0x6c,0x6f,0x61,0x74,0x32,0x28,0x30,0x2e,0x30,0x2c,
    0x20,0x2d,0x31,0x2e,0x30,0x29,0x3b,0x0a,0x20,0x20,0x20,0x20,0x20,0x20,0x20,0x20,
    0x66,0x6c,0x6f,0x61,0x74,0x20,0x70,0x61,0x72,0x61,0x6d,0x5f,0x32,0x31,0x20,0x3d,
    0x20,0x5f,0x35,0x33,0x38,0x3b,0x0a,0x20,0x20,0x20,0x20,0x20,0x20,0x20,0x20,0x66,
    0x6c,0x6f,0x61,0x74,0x20,0x70,0x61,0x72,0x61,0x6d,0x5f,0x32,0x32,0x20,0x3d,0x20,
    0x5f,0x36,0x32,0x2e,0x73,0x74,0x69,0x66,0x66,0x6e,0x65,0x73,0x73,0x2e,0x78,0x3b,
    0x0a,0x20,0x20,0x20,0x20,0x20,0x20,0x20,0x20,0x61,0x70,0x70,0x6c,0x79,0x4e,0x65,
    0x69,0x67,0x68,0x62,0x6f,0x72,0x28,0x70,0x61,0x72,0x61,0x6d,0x5f,0x31,0x37,0x2c,
    0x20,0x70,0x61,0x72,0x61,0x6d,0x5f,0x31,0x38,0x2c,0x20,0x70,0x61,0x72,0x61,0x6d,
    0x5f,0x31,0x39,0x2c,0x20,0x70,0x61,0x72,0x61,0x6d,0x5f,0x32,0x30,0x2c,0x20,0x70,
    0x61,0x72,0x61,0x6d,0x5f,0x32,0x31,0x2c,0x20,0x70,0x61,0x72,0x61,0x6d,0x5f,0x32,
    0x32,0x2c,0x20,0x5f,0x36,0x32,0x2c,0x20,0x70,0x6f,0x73,0x69,0x74,0x69,0x6f,0x6e,
    0x54,0x65,0x78,0x2c,0x20,0x70,0x6f,0x73,0x69,0x74,0x69,0x6f,0x6e,0x53,0x6d,0x70,
    0x29,0x3b,0x0a,0x20,0x20,0x20,0x20,0x20,0x20,0x20,0x20,0x63,0x6f,0x72,0x72,0x65,
    0x63,0x74,0x69,0x6f,0x6e,0x20,0x3d,0x20,0x70,0x61,0x72,0x61,0x6d,0x5f,0x31,0x37,
    0x3b,0x0a,0x20,0x20,0x20,0x20,0x20,0x20,0x20,0x20,0x66,0x6c,0x6f,0x61,0x74,0x33,
    0x20,0x70,0x61,0x72,0x61,0x6d,0x5f,0x32,0x33,0x20,0x3d,0x20,0x70,0x61,0x72,0x61,
    0x6d,0x5f,0x31,0x37,0x3b,0x0a,0x20,0x20,0x20,0x20,0x20,0x20,0x20,0x20,0x66,0x6c,
    0x6f,0x61,0x74,0x33,0x20,0x70,0x61,0x72,0x61,0x6d,0x5f,0x32,0x34,0x20,0x3d,0x20,
    0x70,0x6f,0x73,0x3b,0x0a,0x20,0x20,0x20,0x20,0x20,0x20,0x20,0x20,0x66,0x6c,0x6f,
    0x61,0x74,0x32,0x20,0x70,0x61,0x72,0x61,0x6d,0x5f,0x32,0x35,0x20,0x3d,0x20,0x5f,
    0x35,0x32,0x32,0x3b,0x0a,0x20,0x20,0x20,0x20,0x20,0x20,0x20,0x20,0x66,0x6c,0x6f,
    0x61,0x74,0x32,0x20,0x70,0x61,0x72,0x61,0x6d,0x5f,0x32,0x36,0x20,0x3d,0x20,0x66,
    0x6c,0x6f,0x61,0x74,0x32,0x28,0x30,0x2e,0x30,0x2c,0x20,0x31,0x2e,0x30,0x29,0x3b,
    0x0a,0x20,0x20,0x20,0x20,0x20,0x20,0x20,0x20,0x66,0x6c,0x6f,0x61,0x74,0x20,0x70,
    0x61,0x72,0x61,0x6d,0x5f,0x32,0x37,0x20,0x3d,0x20,0x5f,0x35,0x33,0x38,0x3b,0x0a,
    0x20,0x20,0x20,0x20,0x20,0x20,0x20,0x20,0x66,0x6c,0x6f,0x61,0x74,0x20,0x70,0x61,
    0x72,0x61,0x6d,0x5f,0x32,0x38,0x20,0x3d,0x20,0x5f,0x36,0x32,0x2e,0x73,0x74,0x69,
    0x66,0x66,0x6e,0x65,0x73,0x73,0x2e,0x78,0x3b,0x0a,0x20,0x20,0x20,0x20,0x20,0x20,
    0x20,0x20,0x61,0x70,0x70,0x6c,0x79,0x4e,0x65,0x69,0x67,0x68,0x62,0x6f,0x72,0x28,
    0x70,0x61,0x72,0x61,0x6d,0x5f,0x32,0x33,0x2c,0x20,0x70,0x61,0x72,0x61,0x6d,0x5f,
    0x32,0x34,0x2c,0x20,0x70,0x61,0x72,0x61,0x6d,0x5f,0x32,0x35,0x2c,0x20,0x70,0x61,
    0x72,0x61,0x6d,0x5f,0x32,0x36,0x2c,0x20,0x70,0x61,0x72,0x61,0x6d,0x5f,0x32,0x37,
    0x2c,0x20,0x70,0x61,0x72,0x61,0x6d,0x5f,0x32,0x38,0x2c,0x20,0x5f,0x36,0x32,0x2c,
    0x20,0x70,0x6f,0x73,0x69,0x74,0x69,0x6f,0x6e,0x54,0x65,0x78,0x2c,0x20,0x70,0x6f,
    0x73,0x69,0x74,0x69,0x6f,0x6e,0x53,0x6d,0x70,0x29,0x3b,0x0a,0x20,0x20,0x20,0x20,
    0x20,0x20,0x20,0x20,0x63,0x6f,0x72,0x72,0x65,0x63,0x74,0x69,0x6f,0x6e,0x20,0x3d,
    0x20,0x70,0x61,0x72,0x61,0x6d,0x5f,0x32,0x33,0x3b,0x0a,0x20,0x20,0x20,0x20,0x20,
    0x20,0x20,0x20,0x69,0x66,0x20,0x28,0x5f,0x36,0x32,0x2e,0x6f,0x70,0x74,0x69,0x6f,
    0x6e,0x73,0x2e,0x78,0x20,0x3e,0x20,0x30,0x2e,0x35,0x29,0x0a,0x20,0x20,0x20,0x20,
    0x20,0x20,0x20,0x20,0x7b,0x0a,0x20,0x20,0x20,0x20,0x20,0x20,0x20,0x20,0x20,0x20,
    0x20,0x20,0x66,0x6c,0x6f,0x61,0x74,0x33,0x20,0x70,0x61,0x72,0x61,0x6d,0x5f,0x32,
    0x39,0x20,0x3d,0x20,0x63,0x6f,0x72,0x72,0x65,0x63,0x74,0x69,0x6f,0x6e,0x3b,0x0a,
    0x20,0x20,0x20,0x20,0x20,0x20,0x20,0x20,0x20,0x20,0x20,0x20,0x66,0x6c,0x6f,0x61,
    0x74,0x33,0x20,0x70,0x61,0x72,0x61,0x6d,0x5f,0x33,0x30,0x20,0x3d,0x20,0x70,0x6f,
    0x73,0x3b,0x0a,0x20,0x20,0x20,0x20,0x20,0x20,0x20,0x20,0x20,0x20,0x20,0x20,0x66,
    0x6c,0x6f,0x61,0x74,0x32,0x20,0x70,0x61,0x72,0x61,0x6d,0x5f,0x33,0x31,0x20,0x3d,
    0x20,0x5f,0x35,0x32,0x32,0x3b,0x0a,0x20,0x20,0x20,0x20,0x20,0x20,0x20,0x20,0x20,
    0x20,0x20,0x20,0x66,0x6c,0x6f,0x61,0x74,0x32,0x20,0x70,0x61,0x72,0x61,0x6d,0x5f,
    0x33,0x32,0x20,0x3d,0x20,0x66,0x6c,0x6f,0x61,0x74,0x32,0x28,0x2d,0x31,0x2e,0x30,
    0x29,0x3b,0x0a,0x20,0x20,0x20,0x20,0x20,0x20,0x20,0x20,0x20,0x20,0x20,0x20,0x66,
    0x6c,0x6f,0x61,0x74,0x20,0x70,0x61,0x72,0x61,0x6d,0x5f,0x33,0x33,0x20,0x3d,0x20,
    0x5f,0x35,0x34,0x33,0x3b,0x0a,0x20,0x20,0x20,0x20,0x20,0x20,0x20,0x20,0x20,0x20,
    0x20,0x20,0x66,0x6c,0x6f,0x61,0x74,0x20,0x70,0x61,0x72,0x61,0x6d,0x5f,0x33,0x34,
    0x20,0x3d,0x20,0x5f,0x36,0x32,0x2e,0x73,0x74,0x69,0x66,0x66,0x6e,0x65,0x73,0x73,
    0x2e,0x79,0x3b,0x0a,0x20,0x20,0x20,0x20,0x20,0x20,0x20,0x20,0x20,0x20,0x20,0x20,
    0x61,0x70,0x70,0x6c,0x79,0x4e,0x65,0x69,0x67,0x68,0x62,0x6f,0x72,0x28,0x70,0x61,
    0x72,0x61,0x6d,0x5f,0x32,0x39,0x2c,0x20,0x70,0x61,0x72,0x61,0x6d,0x5f,0x33,0x30,
    0x2c,0x20,0x70,0x61,0x72,0x61,0x6d,0x5f,0x33,0x31,0x2c,0x20,0x70,0x61,0x72,0x61,
    0x6d,0x5f,0x33,0x32,0x2c,0x20,0x70,0x61,0x72,0x61,0x6d,0x5f,0x33,0x33,0x2c,0x20,
    0x70,0x61,0x72,0x61,0x6d,0x5f,0x33,0x34,0x2c,0x20,0x5f,0x36,0x32,0x2c,0x20,0x70,
    0x6f,0x73,0x69,0x74,0x69,0x6f,0x6e,0x54,0x65,0x78,0x2c,0x20,0x70,0x6f,0x73,0x69,
    0x74,0x69,0x6f,0x6e,0x53,0x6d,0x70,0x29,0x3b,0x0a,0x20,0x20,0x20,0x20,0x20,0x20,
    0x20,0x20,0x20,0x20,0x20,0x20,0x63,0x6f,0x72,0x72,0x65,0x63,0x74,0x69,0x6f,0x6e,
    0x20,0x3d,0x20,0x70,0x61,0x72,0x61,0x6d,0x5f,0x32,0x39,0x3b,0x0a,0x20,0x20,0x20,
    0x20,0x20,0x20,0x20,0x20,0x20,0x20,0x20,0x20,0x66,0x6c,0x6f,0x61,0x74,0x33,0x20,
    0x70,0x61,0x72,0x61,0x6d,0x5f,0x33,0x35,0x20,0x3d,0x20,0x70,0x61,0x72,0x61,0x6d,
    0x5f,0x32,0x39,0x3b,0x0a,0x20,0x20,0x20,0x20,0x20,0x20,0x20,0x20,0x20,0x20,0x20,
    0x20,0x66,0x6c,0x6f,0x61,0x74,0x33,0x20,0x70,0x61,0x72,0x61,0x6d,0x5f,0x33,0x36,
    0x20,0x3d,0x20,0x70,0x6f,0x73,0x3b,0x0a,0x20,0x20,0x20,0x20,0x20,0x20,0x20,0x20,
    0x20,0x20,0x20,0x20,0x66,0x6c,0x6f,0x61,0x74,0x32,0x20,0x70,0x61,0x72,0x61,0x6d,
    0x5f,0x33,0x37,0x20,0x3d,0x20,0x5f,0x35,0x32,0x32,0x3b,0x0a,0x20,0x20,0x20,0x20,
    0x20,0x20,0x20,0x20,0x20,0x20,0x20,0x20,0x66,0x6c,0x6f,0x61,0x74,0x32,0x20,0x70,
    0x61,0x72,0x61,0x6d,0x5f,0x33,0x38,0x20,0x3d,0x20,0x66,0x6c,0x6f,0x61,0x74,0x32,
    0x28,0x31,0x2e,0x30,0x2c,0x20,0x2d,0x31,0x2e,0x30,0x29,0x3b,0x0a,0x20,0x20,0x20,
    0x20,0x20,0x20,0x20,0x20,0x20,0x20,0x20,0x20,0x66,0x6c,0x6f,0x61,0x74,0x20,0x70,
    0x61,0x72,0x61,0x6d,0x5f,0x33,0x39,0x20,0x3d,0x20,0x5f,0x35,0x34,0x33,0x3b,0x0a,
    0x20,0x20,0x20,0x20,0x20,0x20,0x20,0x20,0x20,0x20,0x20,0x20,0x66,0x6c,0x6f,0x61,
    0x74,0x20,0x70,0x61,0x72,0x61,0x6d,0x5f,0x34,0x30,0x20,0x3d,0x20,0x5f,0x36,0x32,
    0x2e,0x73,0x74,0x69,0x66,0x66,0x6e,0x65,0x73,0x73,0x2e,0x79,0x3b,0x0a,0x20,0x20,
    0x20,0x20,0x20,0x20,0x20,0x20,0x20,0x20,0x20,0x20,0x61,0x70,0x70,0x6c,0x79,0x4e,
    0x65,0x69,0x67,0x68,0x62,0x6f,0x72,0x28,0x70,0x61,0x72,0x61,0x6d,0x5f,0x33,0x35,
    0x2c,0x20,0x70,0x61,0x72,0x61,0x6d,0x5f,0x33,0x36,0x2c,0x20,0x70,0x61,0x72,0x61,
    0x6d,0x5f,0x33,0x37,0x2c,0x20,0x70,0x61,0x72,0x61,0x6d,0x5f,0x33,0x38,0x2c,0x20,
    0x70,0x61,0x72,0x61,0x6d,0x5f,0x33,0x39,0x2c,0x20,0x70,0x61,0x72,0x61,0x6d,0x5f,
    0x34,0x30,0x2c,0x20,0x5f,0x36,0x32,0x2c,0x20,0x70,0x6f,0x73,0x69,0x74,0x69,0x6f,
    0x6e,0x54,0x65,0x78,0x2c,0x20,0x70,0x6f,0x73,0x69,0x74,0x69,0x6f,0x6e,0x53,0x6d,
    0x70,0x29,0x3b,0x0a,0x20,0x20,0x20,0x20,0x20,0x20,0x20,0x20,0x20,0x20,0x20,0x20,
    0x63,0x6f,0x72,0x72,0x65,0x63,0x74,0x69,0x6f,0x6e,0x20,0x3d,0x20,0x70,0x61,0x72,
    0x61,0x6d,0x5f,0x33,0x35,0x3b,0x0a,0x20,0x20,0x20,0x20,0x20,0x20,0x20,0x20,0x20,
    0x20,0x20,0x20,0x66,0x6c,0x6f,0x61,0x74,0x33,0x20,0x70,0x61,0x72,0x61,0x6d,0x5f,
    0x34,0x31,0x20,0x3d,0x20,0x70,0x61,0x72,0x61,0x6d,0x5f,0x33,0x35,0x3b,0x0a,0x20,
    0x20,0x20,0x20,0x20,0x20,0x20,0x20,0x20,0x20,0x20,0x20,0x66,0x6c,0x6f,0x61,0x74,
    0x33,0x20,0x70,0x61,0x72,0x61,0x6d,0x5f,0x34,0x32,0x20,0x3d,0x20,0x70,0x6f,0x73,
    0x3b,0x0a,0x20,0x20,0x20,0x20,0x20,0x20,0x20,0x20,0x20,0x20,0x20,0x20,0x66,0x6c,
    0x6f,0x61,0x74,0x32,0x20,0x70,0x61,0x72,0x61,0x6d,0x5f,0x34,0x33,0x20,0x3d,0x20,
    0x5f,0x35,0x32,0x32,0x3b,0x0a,0x20,0x20,0x20,0x20,0x20,0x20,0x20,0x20,0x20,0x20,
    0x20,0x20,0x66,0x6c,0x6f,0x61,0x74,0x32,0x20,0x70,0x61,0x72,0x61,0x6d,0x5f,0x34,
    0x34,0x20,0x3d,0x20,0x66,0x6c,0x6f,0x61,0x74,0x32,0x28,0x2d,0x31,0x2e,0x30,0x2c,
    0x20,0x31,0x2e,0x30,0x29,0x3b,0x0a,0x20,0x20,0x20,0x20,0x20,0x20,0x20,0x20,0x20,
    0x20,0x20,0x20,0x66,0x6c,0x6f,0x61,0x74,0x20,0x70,0x61,0x72,0x61,0x6d,0x5f,0x34,
    0x35,0x20,0x3d,0x20,0x5f,0x35,0x34,0x33,0x3b,0x0a,0x20,0x20,0x20,0x20,0x20,0x20,
    0x20,0x20,0x20,0x20,0x20,0x20,0x66,0x6c,0x6f,0x61,0x74,0x20,0x70,0x61,0x72,0x61,
    0x6d,0x5f,0x34,0x36,0x20,0x3d,0x20,0x5f,0x36,0x32,0x2e,0x73,0x74,0x69,0x66,0x66,
    0x6e,0x65,0x73,0x73,0x2e,0x79,0x3b,0x0a,0x20,0x20,0x20,0x20,0x20,0x20,0x20,0x20,
    0x20,0x20,0x20,0x20,0x61,0x70,0x70,0x6c,0x79,0x4e,0x65,0x69,0x67,0x68,0x62,0x6f,
    0x72,0x28,0x70,0x61,0x72,0x61,0x6d,0x5f,0x34,0x31,0x2c,0x20,0x70,0x61,0x72,0x61,
    0x6d,0x5f,0x34,0x32,0x2c,0x20,0x70,0x61,0x72,0x61,0x6d,0x5f,0x34,0x33,0x2c,0x20,
    0x70,0x61,0x72,0x61,0x6d,0x5f,0x34,0x34,0x2c,0x20,0x70,0x61,0x72,0x61,0x6d,0x5f,
    0x34,0x35,0x2c,0x20,0x70,0x61,0x72,0x61,0x6d,0x5f,0x34,0x36,0x2c,0x20,0x5f,0x36,
    0x32,0x2c,0x20,0x70,0x6f,0x73,0x69,0x74,0x69,0x6f,0x6e,0x54,0x65,0x78,0x2c,0x20,
    0x70,0x6f,0x73,0x69,0x74,0x69,0x6f,0x6e,0x53,0x6d,0x70,0x29,0x3b,0x0a,0x20,0x20,
    0x20,0x20,0x20,0x20,0x20,0x20,0x20,0x20,0x20,0x20,0x63,0x6f,0x72,0x72,0x65,0x63,
    0x74,0x69,0x6f,0x6e,0x20,0x3d,0x20,0x70,0x61,0x72,0x61,0x6d,0x5f,0x34,0x31,0x3b,
    0x0a,0x20,0x20,0x20,0x20,0x20,0x20,0x20,0x20,0x20,0x20,0x20,0x20,0x66,0x6c,0x6f,
    0x61,0x74,0x33,0x20,0x70,0x61,0x72,0x61,0x6d,0x5f,0x34,0x37,0x20,0x3d,0x20,0x70,
    0x61,0x72,0x61,0x6d,0x5f,0x34,0x31,0x3b,0x0a,0x20,0x20,0x20,0x20,0x20,0x20,0x20,
    0x20,0x20,0x20,0x20,0x20,0x66,0x6c,0x6f,0x61,0x74,0x33,0x20,0x70,0x61,0x72,0x61,
    0x6d,0x5f,0x34,0x38,0x20,0x3d,0x20,0x70,0x6f,0x73,0x3b,0x0a,0x20,0x20,0x20,0x20,
    0x20,0x20,0x20,0x20,0x20,0x20,0x20,0x20,0x66,0x6c,0x6f,0x61,0x74,0x32,0x20,0x70,
    0x61,0x72,0x61,0x6d,0x5f,0x34,0x39,0x20,0x3d,0x20,0x5f,0x35,0x32,0x32,0x3b,0x0a,
    0x20,0x20,0x20,0x20,0x20,0x20,0x20,0x20,0x20,0x20,0x20,0x20,0x66,0x6c,0x6f,0x61,
    0x74,0x32,0x20,0x70,0x61,0x72,0x61,0x6d,0x5f,0x35,0x30,0x20,0x3d,0x20,0x66,0x6c,
    0x6f,0x61,0x74,0x32,0x28,0x31,0x2e,0x30,0x29,0x3b,0x0a,0x20,0x20,0x20,0x20,0x20,
    0x20,0x20,0x20,0x20,0x20,0x20,0x20,0x66,0x6c,0x6f,0x61,0x74,0x20,0x70,0x61,0x72,
    0x61,0x6d,0x5f,0x35,0x31,0x20,0x3d,0x20,0x5f,0x35,0x34,0x33,0x3b,0x0a,0x20,0x20,
    0x20,0x20,0x20,0x20,0x20,0x20,0x20,0x20,0x20,0x20,0x66,0x6c,0x6f,0x61,0x74,0x20,
    0x70,0x61,0x72,0x61,0x6d,0x5f,0x35,0x32,0x20,0x3d,0x20,0x5f,0x36,0x32,0x2e,0x73,
    0x74,0x69,0x66,0x66,0x6e,0x65,0x73,0x73,0x2e,0x79,0x3b,0x0a,0x20,0x20,0x20,0x20,
    0x20,0x20,0x20,0x20,0x20,0x20,0x20,0x20,0x61,0x70,0x70,0x6c,0x79,0x4e,0x65,0x69,
    0x67,0x68,0x62,0x6f,0x72,0x28,0x70,0x61,0x72,0x61,0x6d,0x5f,0x34,0x37,0x2c,0x20,
    0x70,0x61,0x72,0x61,0x6d,0x5f,0x34,0x38,0x2c,0x20,0x70,0x61,0x72,0x61,0x6d,0x5f,
    0x34,0x39,0x2c,0x20,0x70,0x61,0x72,0x61,0x6d,0x5f,0x35,0x30,0x2c,0x20,0x70,0x61,
    0x72,0x61,0x6d,0x5f,0x35,0x31,0x2c,0x20,0x70,0x61,0x72,0x61,0x6d,0x5f,0x35,0x32,
    0x2c,0x20,0x5f,0x36,0x32,0x2c,0x20,0x70,0x6f,0x73,0x69,0x74,0x69,0x6f,0x6e,0x54,
    0x65,0x78,0x2c,0x20,0x70,0x6f,0x73,0x69,0x74,0x69,0x6f,0x6e,0x53,0x6d,0x70,0x29,
    0x3b,0x0a,0x20,0x20,0x20,0x20,0x20,0x20,0x20,0x20,0x20,0x20,0x20,0x20,0x63,0x6f,
    0x72,0x72,0x65,0x63,0x74,0x69,0x6f,0x6e,0x20,0x3d,0x20,0x70,0x61,0x72,0x61,0x6d,
    0x5f,0x34,0x37,0x3b,0x0a,0x20,0x20,0x20,0x20,0x20,0x20,0x20,0x20,0x7d,0x0a,0x20,
    0x20,0x20,0x20,0x20,0x20,0x20,0x20,0x69,0x66,0x20,0x28,0x5f,0x36,0x32,0x2e,0x6f,
    0x70,0x74,0x69,0x6f,0x6e,0x73,0x2e,0x79,0x20,0x3e,0x20,0x30,0x2e,0x35,0x29,0x0a,
    0x20,0x20,0x20,0x20,0x20,0x20,0x20,0x20,0x7b,0x0a,0x20,0x20,0x20,0x20,0x20,0x20,
    0x20,0x20,0x20,0x20,0x20,0x20,0x66,0x6c,0x6f,0x61,0x74,0x20,0x5f,0x36,0x38,0x31,
    0x20,0x3d,0x20,0x5f,0x35,0x33,0x30,0x20,0x2a,0x20,0x32,0x2e,0x30,0x3b,0x0a,0x20,
    0x20,0x20,0x20,0x20,0x20,0x20,0x20,0x20,0x20,0x20,0x20,0x66,0x6c,0x6f,0x61,0x74,
    0x33,0x20,0x70,0x61,0x72,0x61,0x6d,0x5f,0x35,0x33,0x20,0x3d,0x20,0x63,0x6f,0x72,
    0x72,0x65,0x63,0x74,0x69,0x6f,0x6e,0x3b,0x0a,0x20,0x20,0x20,0x20,0x20,0x20,0x20,
    0x20,0x20,0x20,0x20,0x20,0x66,0x6c,0x6f,0x61,0x74,0x33,0x20,0x70,0x61,0x72,0x61,
    0x6d,0x5f,0x35,0x34,0x20,0x3d,0x20,0x70,0x6f,0x73,0x3b,0x0a,0x20,0x20,0x20,0x20,
    0x20,0x20,0x20,0x20,0x20,0x20,0x20,0x20,0x66,0x6c,0x6f,0x61,0x74,0x32,0x20,0x70,
    0x61,0x72,0x61,0x6d,0x5f,0x35,0x35,0x20,0x3d,0x20,0x5f,0x35,0x32,0x32,0x3b,0x0a,
    0x20,0x20,0x20,0x20,0x20,0x20,0x20,0x20,0x20,0x20,0x20,0x20,0x66,0x6c,0x6f,0x61,
    0x74,0x32,0x20,0x70,0x61,0x72,0x61,0x6d,0x5f,0x35,0x36,0x20,0x3d,0x20,0x66,0x6c,
    0x6f,0x61,0x74,0x32,0x28,0x2d,0x32,0x2e,0x30,0x2c,0x20,0x30,0x2e,0x30,0x29,0x3b,
    0x0a,0x20,0x20,0x20,0x20,0x20,0x20,0x20,0x20,0x20,0x20,0x20,0x20,0x66,0x6c,0x6f,
    0x61,0x74,0x20,0x70,0x61,0x72,0x61,0x6d,0x5f,0x35,0x37,0x20,0x3d,0x20,0x5f,0x36,
    0x38,0x31,0x3b,0x0a,0x20,0x20,0x20,0x20,0x20,0x20,0x20,0x20,0x20,0x20,0x20,0x20,
    0x66,0x6c,0x6f,0x61,0x74,0x20,0x70,0x61,0x72,0x61,0x6d,0x5f,0x35,0x38,0x20,0x3d,
    0x20,0x5f,0x36,0x32,0x2e,0x73,0x74,0x69,0x66,0x66,0x6e,0x65,0x73,0x73,0x2e,0x7a,
    0x3b,0x0a,0x20,0x20,0x20,0x20,0x20,0x20,0x20,0x20,0x20,0x20,0x20,0x20,0x61,0x70,
    0x70,0x6c,0x79,0x4e,0x65,0x69,0x67,0x68,0x62,0x6f,0x72,0x28,0x70,0x61,0x72,0x61,
    0x6d,0x5f,0x35,0x33,0x2c,0x20,0x70,0x61,0x72,0x61,0x6d,0x5f,0x35,0x34,0x2c,0x20,
    0x70,0x61,0x72,0x61,0x6d,0x5f,0x35,0x35,0x2c,0x20,0x70,0x61,0x72,0x61,0x6d,0x5f,
    0x35,0x36,0x2c,0x20,0x70,0x61,0x72,0x61,0x6d,0x5f,0x35,0x37,0x2c,0x20,0x70,0x61,
    0x72,0x61,0x6d,0x5f,0x35,0x38,0x2c,0x20,0x5f,0x36,0x32,0x2c,0x20,0x70,0x6f,0x73,
    0x69,0x74,0x69,0x6f,0x6e,0x54,0x65,0x78,0x2c,0x20,0x70,0x6f,0x73,0x69,0x74,0x69,
    0x6f,0x6e,0x53,0x6d,0x70,0x29,0x3b,0x0a,0x20,0x20,0x20,0x20,0x20,0x20,0x20,0x20,
    0x20,0x20,0x20,0x20,0x63,0x6f,0x72,0x72,0x65,0x63,0x74,0x69,0x6f,0x6e,0x20,0x3d,
    0x20,0x70,0x61,0x72,0x61,0x6d,0x5f,0x35,0x33,0x3b,0x0a,0x20,0x20,0x20,0x20,0x20,
    0x20,0x20,0x20,0x20,0x20,0x20,0x20,0x66,0x6c,0x6f,0x61,0x74,0x33,0x20,0x70,0x61,
    0x72,0x61,0x6d,0x5f,0x35,0x39,0x20,0x3d,0x20,0x70,0x61,0x72,0x61,0x6d,0x5f,0x35,
    0x33,0x3b,0x0a,0x20,0x20,0x20,0x20,0x20,0x20,0x20,0x20,0x20,0x20,0x20,0x20,0x66,
    0x6c,0x6f,0x61,0x74,0x33,0x20,0x70,0x61,0x72,0x61,0x6d,0x5f,0x36,0x30,0x20,0x3d,
    0x20,0x70,0x6f,0x73,0x3b,0x0a,0x20,0x20,0x20,0x20,0x20,0x20,0x20,0x20,0x20,0x20,
    0x20,0x20,0x66,0x6c,0x6f,0x61,0x74,0x32,0x20,0x70,0x61,0x72,0x61,0x6d,0x5f,0x36,
    0x31,0x20,0x3d,0x20,0x5f,0x35,0x32,0x32,0x3b,0x0a,0x20,0x20,0x20,0x20,0x20,0x20,
    0x20,0x20,0x20,0x20,0x20,0x20,0x66,0x6c,0x6f,0x61,0x74,0x32,0x20,0x70,0x61,0x72,
    0x61,0x6d,0x5f,0x36,0x32,0x20,0x3d,0x20,0x66,0x6c,0x6f,0x61,0x74,0x32,0x28,0x32,
    0x2e,0x30,0x2c,0x20,0x30,0x2e,0x30,0x29,0x3b,0x0a,0x20,0x20,0x20,0x20,0x20,0x20,
    0x20,0x20,0x20,0x20,0x20,0x20,0x66,0x6c,0x6f,0x61,0x74,0x20,0x70,0x61,0x72,0x61,
    0x6d,0x5f,0x36,0x33,0x20,0x3d,0x20,0x5f,0x36,0x38,0x31,0x3b,0x0a,0x20,0x20,0x20,
    0x20,0x20,0x20,0x20,0x20,0x20,0x20,0x20,0x20,0x66,0x6c,0x6f,0x61,0x74,0x20,0x70,
    0x61,0x72,0x61,0x6d,0x5f,0x36,0x34,0x20,0x3d,0x20,0x5f,0x36,0x32,0x2e,0x73,0x74,
    0x69,0x66,0x66,0x6e,0x65,0x73,0x73,0x2e,0x7a,0x3b,0x0a,0x20,0x20,0x20,0x20,0x20,
    0x20,0x20,0x20,0x20,0x20,0x20,0x20,0x61,0x70,0x70,0x6c,0x79,0x4e,0x65,0x69,0x67,
    0x68,0x62,0x6f,0x72,0x28,0x70,0x61,0x72,0x61,0x6d,0x5f,0x35,0x39,0x2c,0x20,0x70,
    0x61,0x72,0x61,0x6d,0x5f,0x36,0x30,0x2c,0x20,0x70,0x61,0x72,0x61,0x6d,0x5f,0x36,
    0x31,0x2c,0x20,0x70,0x61,0x72,0x61,0x6d,0x5f,0x36,0x32,0x2c,0x20,0x70,0x61,0x72,
    0x61,0x6d,0x5f,0x36,0x33,0x2c,0x20,0x70,0x61,0x72,0x61,0x6d,0x5f,0x36,0x34,0x2c,
    0x20,0x5f,0x36,0x32,0x2c,0x20,0x70,0x6f,0x73,0x69,0x74,0x69,0x6f,0x6e,0x54,0x65,
    0x78,0x2c,0x20,0x70,0x6f,0x73,0x69,0x74,0x69,0x6f,0x6e,0x53,0x6d,0x70,0x29,0x3b,
    0x0a,0x20,0x20,0x20,0x20,0x20,0x20,0x20,0x20,0x20,0x20,0x20,0x20,0x63,0x6f,0x72,
    0x72,0x65,0x63,0x74,0x69,0x6f,0x6e,0x20,0x3d,0x20,0x70,0x61,0x72,0x61,0x6d,0x5f,
    0x35,0x39,0x3b,0x0a,0x20,0x20,0x20,0x20,0x20,0x20,0x20,0x20,0x20,0x20,0x20,0x20,
    0x66,0x6c,0x6f,0x61,0x74,0x20,0x5f,0x37,0x31,0x33,0x20,0x3d,0x20,0x5f,0x35,0x33,
    0x38,0x20,0x2a,0x20,0x32,0x2e,0x30,0x3b,0x0a,0x20,0x20,0x20,0x20,0x20,0x20,0x20,
    0x20,0x20,0x20,0x20,0x20,0x66,0x6c,0x6f,0x61,0x74,0x33,0x20,0x70,0x61,0x72,0x61,
    0x6d,0x5f,0x36,0x35,0x20,0x3d,0x20,0x70,0x61,0x72,0x61,0x6d,0x5f,0x35,0x39,0x3b,
    0x0a,0x20,0x20,0x20,0x20,0x20,0x20,0x20,0x20,0x20,0x20,0x20,0x20,0x66,0x6c,0x6f,
    0x61,0x74,0x33,0x20,0x70,0x61,0x72,0x61,0x6d,0x5f,0x36,0x36,0x20,0x3d,0x20,0x70,
    0x6f,0x73,0x3b,0x0a,0x20,0x20,0x20,0x20,0x20,0x20,0x20,0x20,0x20,0x20,0x20,0x20,
    0x66,0x6c,0x6f,0x61,0x74,0x32,0x20,0x70,0x61,0x72,0x61,0x6d,0x5f,0x36,0x37,0x20,
    0x3d,0x20,0x5f,0x35,0x32,0x32,0x3b,0x0a,0x20,0x20,0x20,0x20,0x20,0x20,0x20,0x20,
    0x20,0x20,0x20,0x20,0x66,0x6c,0x6f,0x61,0x74,0x32,0x20,0x70,0x61,0x72,0x61,0x6d,
    0x5f,0x36,0x38,0x20,0x3d,0x20,0x66,0x6c,0x6f,0x61,0x74,0x32,0x28,0x30,0x2e,0x30,
    0x2c,0x20,0x2d,0x32,0x2e,0x30,0x29,0x3b,0x0a,0x20,0x20,0x20,0x20,0x20,0x20,0x20,
    0x20,0x20,0x20,0x20,0x20,0x66,0x6c,0x6f,0x61,0x74,0x20,0x70,0x61,0x72,0x61,0x6d,
    0x5f,0x36,0x39,0x20,0x3d,0x20,0x5f,0x37,0x31,0x33,0x3b,0x0a,0x20,0x20,0x20,0x20,
    0x20,0x20,0x20,0x20,0x20,0x20,0x20,0x20,0x66,0x6c,0x6f,0x61,0x74,0x20,0x70,0x61,
    0x72,0x61,0x6d,0x5f,0x37,0x30,0x20,0x3d,0x20,0x5f,0x36,0x32,0x2e,0x73,0x74,0x69,
    0x66,0x66,0x6e,0x65,0x73,0x73,0x2e,0x7a,0x3b,0x0a,0x20,0x20,0x20,0x20,0x20,0x20,
    0x20,0x20,0x20,0x20,0x20,0x20,0x61,0x70,0x70,0x6c,0x79,0x4e,0x65,0x69,0x67,0x68,
    0x62,0x6f,0x72,0x28,0x70,0x61,0x72,0x61,0x6d,0x5f,0x36,0x35,0x2c,0x20,0x70,0x61,
    0x72,0x61,0x6d,0x5f,0x36,0x36,0x2c,0x20,0x70,0x61,0x72,0x61,0x6d,0x5f,0x36,0x37,
    0x2c,0x20,0x70,0x61,0x72,0x61,0x6d,0x5f,0x36,0x38,0x2c,0x20,0x70,0x61,0x72,0x61,
    0x6d,0x5f,0x36,0x39,0x2c,0x20,0x70,0x61,0x72,0x61,0x6d,0x5f,0x37,0x30,0x2c,0x20,
    0x5f,0x36,0x32,0x2c,0x20,0x70,0x6f,0x73,0x69,0x74,0x69,0x6f,0x6e,0x54,0x65,0x78,
    0x2c,0x20,0x70,0x6f,0x73,0x69,0x74,0x69,0x6f,0x6e,0x53,0x6d,0x70,0x29,0x3b,0x0a,
    0x20,0x20,0x20,0x20,0x20,0x20,0x20,0x20,0x20,0x20,0x20,0x20,0x63,0x6f,0x72,0x72,
    0x65,0x63,0x74,0x69,0x6f,0x6e,0x20,0x3d,0x20,0x70,0x61,0x72,0x61,0x6d,0x5f,0x36,
    0x35,0x3b,0x0a,0x20,0x20,0x20,0x20,0x20,0x20,0x20,0x20,0x20,0x20,0x20,0x20,0x66,
    0x6c,0x6f,0x61,0x74,0x33,0x20,0x70,0x61,0x72,0x61,0x6d,0x5f,0x37,0x31,0x20,0x3d,
    0x20,0x70,0x61,0x72,0x61,0x6d,0x5f,0x36,0x35,0x3b,0x0a,0x20,0x20,0x20,0x20,0x20,
    0x20,0x20,0x20,0x20,0x20,0x20,0x20,0x66,0x6c,0x6f,0x61,0x74,0x33,0x20,0x70,0x61,
    0x72,0x61,0x6d,0x5f,0x37,0x32,0x20,0x3d,0x20,0x70,0x6f,0x73,0x3b,0x0a,0x20,0x20,
    0x20,0x20,0x20,0x20,0x20,0x20,0x20,0x20,0x20,0x20,0x66,0x6c,0x6f,0x61,0x74,0x32,
    0x20,0x70,0x61,0x72,0x61,0x6d,0x5f,0x37,0x33,0x20,0x3d,0x20,0x5f,0x35,0x32,0x32,
    0x3b,0x0a,0x20,0x20,0x20,0x20,0x20,0x20,0x20,0x20,0x20,0x20,0x20,0x20,0x66,0x6c,
    0x6f,0x61,0x74,0x32,0x20,0x70,0x61,0x72,0x61,0x6d,0x5f,0x37,0x34,0x20,0x3d,0x20,
    0x66,0x6c,0x6f,0x61,0x74,0x32,0x28,0x30,0x2e,0x30,0x2c,0x20,0x32,0x2e,0x30,0x29,
    0x3b,0x0a,0x20,0x20,0x20,0x20,0x20,0x20,0x20,0x20,0x20,0x20,0x20,0x20,0x66,0x6c,
    0x6f,0x61,0x74,0x20,0x70,0x61,0x72,0x61,0x6d,0x5f,0x37,0x35,0x20,0x3d,0x20,0x5f,
    0x37,0x31,0x33,0x3b,0x0a,0x20,0x20,0x20,0x20,0x20,0x20,0x20,0x20,0x20,0x20,0x20,
    0x20,0x66,0x6c,0x6f,0x61,0x74,0x20,0x70,0x61,0x72,0x61,0x6d,0x5f,0x37,0x36,0x20,
    0x3d,0x20,0x5f,0x36,0x32,0x2e,0x73,0x74,0x69,0x66,0x66,0x6e,0x65,0x73,0x73,0x2e,
    0x7a,0x3b,0x0a,0x20,0x20,0x20,0x20,0x20,0x20,0x20,0x20,0x20,0x20,0x20,0x20,0x61,
    0x70,0x70,0x6c,0x79,0x4e,0x65,0x69,0x67,0x68,0x62,0x6f,0x72,0x28,0x70,0x61,0x72,
    0x61,0x6d,0x5f,0x37,0x31,0x2c,0x20,0x70,0x61,0x72,0x61,0x6d,0x5f,0x37,0x32,0x2c,
    0x20,0x70,0x61,0x72,0x61,0x6d,0x5f,0x37,0x33,0x2c,0x20,0x70,0x61,0x72,0x61,0x6d,
    0x5f,0x37,0x34,0x2c,0x20,0x70,0x61,0x72,0x61,0x6d,0x5f,0x37,0x35,0x2c,0x20,0x70,
    0x61,0x72,0x61,0x6d,0x5f,0x37,0x36,0x2c,0x20,0x5f,0x36,0x32,0x2c,0x20,0x70,0x6f,
    0x73,0x69,0x74,0x69,0x6f,0x6e,0x54,0x65,0x78,0x2c,0x20,0x70,0x6f,0x73,0x69,0x74,
    0x69,0x6f,0x6e,0x53,0x6d,0x70,0x29,0x3b,0x0a,0x20,0x20,0x20,0x20,0x20,0x20,0x20,
    0x20,0x20,0x20,0x20,0x20,0x63,0x6f,0x72,0x72,0x65,0x63,0x74,0x69,0x6f,0x6e,0x20,
    0x3d,0x20,0x70,0x61,0x72,0x61,0x6d,0x5f,0x37,0x31,0x3b,0x0a,0x20,0x20,0x20,0x20,
    0x20,0x20,0x20,0x20,0x20,0x20,0x20,0x20,0x66,0x6c,0x6f,0x61,0x74,0x20,0x5f,0x37,
    0x34,0x35,0x20,0x3d,0x20,0x5f,0x35,0x34,0x33,0x20,0x2a,0x20,0x32,0x2e,0x30,0x3b,
    0x0a,0x20,0x20,0x20,0x20,0x20,0x20,0x20,0x20,0x20,0x20,0x20,0x20,0x66,0x6c,0x6f,
    0x61,0x74,0x33,0x20,0x70,0x61,0x72,0x61,0x6d,0x5f,0x37,0x37,0x20,0x3d,0x20,0x70,
    0x61,0x72,0x61,0x6d,0x5f,0x37,0x31,0x3b,0x0a,0x20,0x20,0x20,0x20,0x20,0x20,0x20,
    0x20,0x20,0x20,0x20,0x20,0x66,0x6c,0x6f,0x61,0x74,0x33,0x20,0x70,0x61,0x72,0x61,
    0x6d,0x5f,0x37,0x38,0x20,0x3d,0x20,0x70,0x6f,0x73,0x3b,0x0a,0x20,0x20,0x20,0x20,
    0x20,0x20,0x20,0x20,0x20,0x20,0x20,0x20,0x66,0x6c,0x6f,0x61,0x74,0x32,0x20,0x70,
    0x61,0x72,0x61,0x6d,0x5f,0x37,0x39,0x20,0x3d,0x20,0x5f,0x35,0x32,0x32,0x3b,0x0a,
    0x20,0x20,0x20,0x20,0x20,0x20,0x20,0x20,0x20,0x20,0x20,0x20,0x66,0x6c,0x6f,0x61,
    0x74,0x32,0x20,0x70,0x61,0x72,0x61,0x6d,0x5f,0x38,0x30,0x20,0x3d,0x20,0x66,0x6c,
    0x6f,0x61,0x74,0x32,0x28,0x2d,0x32,0x2e,0x30,0x29,0x3b,0x0a,0x20,0x20,0x20,0x20,
    0x20,0x20,0x20,0x20,0x20,0x20,0x20,0x20,0x66,0x6c,0x6f,0x61,0x74,0x20,0x70,0x61,
    0x72,0x61,0x6d,0x5f,0x38,0x31,0x20,0x3d,0x20,0x5f,0x37,0x34,0x35,0x3b,0x0a,0x20,
    0x20,0x20,0x20,0x20,0x20,0x20,0x20,0x20,0x20,0x20,0x20,0x66,0x6c,0x6f,0x61,0x74,
    0x20,0x70,0x61,0x72,0x61,0x6d,0x5f,0x38,0x32,0x20,0x3d,0x20,0x5f,0x36,0x32,0x2e,
    0x73,0x74,0x69,0x66,0x66,0x6e,0x65,0x73,0x73,0x2e,0x7a,0x3b,0x0a,0x20,0x20,0x20,
    0x20,0x20,0x20,0x20,0x20,0x20,0x20,0x20,0x20,0x61,0x70,0x70,0x6c,0x79,0x4e,0x65,
    0x69,0x67,0x68,0x62,0x6f,0x72,0x28,0x70,0x61,0x72,0x61,0x6d,0x5f,0x37,0x37,0x2c,
    0x20,0x70,0x61,0x72,0x61,0x6d,0x5f,0x37,0x38,0x2c,0x20,0x70,0x61,0x72,0x61,0x6d,
    0x5f,0x37,0x39,0x2c,0x20,0x70,0x61,0x72,0x61,0x6d,0x5f,0x38,0x30,0x2c,0x20,0x70,
    0x61,0x72,0x61,0x6d,0x5f,0x38,0x31,0x2c,0x20,0x70,0x61,0x72,0x61,0x6d,0x5f,0x38,
    0x32,0x2c,0x20,0x5f,0x36,0x32,0x2c,0x20,0x70,0x6f,0x73,0x69,0x74,0x69,0x6f,0x6e,
    0x54,0x65,0x78,0x2c,0x20,0x70,0x6f,0x73,0x69,0x74,0x69,0x6f,0x6e,0x53,0x6d,0x70,
    0x29,0x3b,0x0a,0x20,0x20,0x20,0x20,0x20,0x20,0x20,0x20,0x20,0x20,0x20,0x20,0x63,
    0x6f,0x72,0x72,0x65,0x63,0x74,0x69,0x6f,0x6e,0x20,0x3d,0x20,0x70,0x61,0x72,0x61,
    0x6d,0x5f,0x37,0x37,0x3b,0x0a,0x20,0x20,0x20,0x20,0x20,0x20,0x20,0x20,0x20,0x20,
    0x20,0x20,0x66,0x6c,0x6f,0x61,0x74,0x33,0x20,0x70,0x61,0x72,0x61,0x6d,0x5f,0x38,
    0x33,0x20,0x3d,0x20,0x70,0x61,0x72,0x61,0x6d,0x5f,0x37,0x37,0x3b,0x0a,0x20,0x20,
    0x20,0x20,0x20,0x20,0x20,0x20,0x20,0x20,0x20,0x20,0x66,0x6c,0x6f,0x61,0x74,0x33,
    0x20,0x70,0x61,0x72,0x61,0x6d,0x5f,0x38,0x34,0x20,0x3d,0x20,0x70,0x6f,0x73,0x3b,
    0x0a,0x20,0x20,0x20,0x20,0x20,0x20,0x20,0x20,0x20,0x20,0x20,0x20,0x66,0x6c,0x6f,
    0x61,0x74,0x32,0x20,0x70,0x61,0x72,0x61,0x6d,0x5f,0x38,0x35,0x20,0x3d,0x20,0x5f,
    0x35,0x32,0x32,0x3b,0x0a,0x20,0x20,0x20,0x20,0x20,0x20,0x20,0x20,0x20,0x20,0x20,
    0x20,0x66,0x6c,0x6f,0x61,0x74,0x32,0x20,0x70,0x61,0x72,0x61,0x6d,0x5f,0x38,0x36,
    0x20,0x3d,0x20,0x66,0x6c,0x6f,0x61,0x74,0x32,0x28,0x32,0x2e,0x30,0x2c,0x20,0x2d,
    0x32,0x2e,0x30,0x29,0x3b,0x0a,0x20,0x20,0x20,0x20,0x20,0x20,0x20,0x20,0x20,0x20,
    0x20,0x20,0x66,0x6c,0x6f,0x61,0x74,0x20,0x70,0x61,0x72,0x61,0x6d,0x5f,0x38,0x37,
    0x20,0x3d,0x20,0x5f,0x37,0x34,0x35,0x3b,0x0a,0x20,0x20,0x20,0x20,0x20,0x20,0x20,
    0x20,0x20,0x20,0x20,0x20,0x66,0x6c,0x6f,0x61,0x74,0x20,0x70,0x61,0x72,0x61,0x6d,
    0x5f,0x38,0x38,0x20,0x3d,0x20,0x5f,0x36,0x32,0x2e,0x73,0x74,0x69,0x66,0x66,0x6e,
    0x65,0x73,0x73,0x2e,0x7a,0x3b,0x0a,0x20,0x20,0x20,0x20,0x20,0x20,0x20,0x20,0x20,
    0x20,0x20,0x20,0x61,0x70,0x70,0x6c,0x79,0x4e,0x65,0x69,0x67,0x68,0x62,0x6f,0x72,
    0x28,0x70,0x61,0x72,0x61,0x6d,0x5f,0x38,0x33,0x2c,0x20,0x70,0x61,0x72,0x61,0x6d,
    0x5f,0x38,0x34,0x2c,0x20,0x70,0x61,0x72,0x61,0x6d,0x5f,0x38,0x35,0x2c,0x20,0x70,
    0x61,0x72,0x61,0x6d,0x5f,0x38,0x36,0x2c,0x20,0x70,0x61,0x72,0x61,0x6d,0x5f,0x38,
    0x37,0x2c,0x20,0x70,0x61,0x72,0x61,0x6d,0x5f,0x38,0x38,0x2c,0x20,0x5f,0x36,0x32,
    0x2c,0x20,0x70,0x6f,0x73,0x69,0x74,0x69,0x6f,0x6e,0x54,0x65,0x78,0x2c,0x20,0x70,
    0x6f,0x73,0x69,0x74,0x69,0x6f,0x6e,0x53,0x6d,0x70,0x29,0x3b,0x0a,0x20,0x20,0x20,
    0x20,0x20,0x20,0x20,0x20,0x20,0x20,0x20,0x20,0x63,0x6f,0x72,0x72,0x65,0x63,0x74,
    0x69,0x6f,0x6e,0x20,0x3d,0x20,0x70,0x61,0x72,0x61,0x6d,0x5f,0x38,0x33,0x3b,0x0a,
    0x20,0x20,0x20,0x20,0x20,0x20,0x20,0x20,0x20,0x20,0x20,0x20,0x66,0x6c,0x6f,0x61,
    0x74,0x33,0x20,0x70,0x61,0x72,0x61,0x6d,0x5f,0x38,0x39,0x20,0x3d,0x20,0x70,0x61,
    0x72,0x61,0x6d,0x5f,0x38,0x33,0x3b,0x0a,0x20,0x20,0x20,0x20,0x20,0x20,0x20,0x20,
    0x20,0x20,0x20,0x20,0x66,0x6c,0x6f,0x61,0x74,0x33,0x20,0x70,0x61,0x72,0x61,0x6d,
    0x5f,0x39,0x30,0x20,0x3d,0x20,0x70,0x6f,0x73,0x3b,0x0a,0x20,0x20,0x20,0x20,0x20,
    0x20,0x20,0x20,0x20,0x20,0x20,0x20,0x66,0x6c,0x6f,0x61,0x74,0x32,0x20,0x70,0x61,
    0x72,0x61,0x6d,0x5f,0x39,0x31,0x20,0x3d,0x20,0x5f,0x35,0x32,0x32,0x3b,0x0a,0x20,
    0x20,0x20,0x20,0x20,0x20,0x20,0x20,0x20,0x20,0x20,0x20,0x66,0x6c,0x6f,0x61,0x74,
    0x32,0x20,0x70,0x61,0x72,0x61,0x6d,0x5f,0x39,0x32,0x20,0x3d,0x20,0x66,0x6c,0x6f,
    0x61,0x74,0x32,0x28,0x2d,0x32,0x2e,0x30,0x2c,0x20,0x32,0x2e,0x30,0x29,0x3b,0x0a,
    0x20,0x20,0x20,0x20,0x20,0x20,0x20,0x20,0x20,0x20,0x20,0x20,0x66,0x6c,0x6f,0x61,
    0x74,0x20,0x70,0x61,0x72,0x61,0x6d,0x5f,0x39,0x33,0x20,0x3d,0x20,0x5f,0x37,0x34,
    0x35,0x3b,0x0a,0x20,0x20,0x20,0x20,0x20,0x20,0x20,0x20,0x20,0x20,0x20,0x20,0x66,
    0x6c,0x6f,0x61,0x74,0x20,0x70,0x61,0x72,0x61,0x6d,0x5f,0x39,0x34,0x20,0x3d,0x20,
    0x5f,0x36,0x32,0x2e,0x73,0x74,0x69,0x66,0x66,0x6e,0x65,0x73,0x73,0x2e,0x7a,0x3b,
    0x0a,0x20,0x20,0x20,0x20,0x20,0x20,0x20,0x20,0x20,0x20,0x20,0x20,0x61,0x70,0x70,
    0x6c,0x79,0x4e,0x65,0x69,0x67,0x68,0x62,0x6f,0x72,0x28,0x70,0x61,0x72,0x61,0x6d,
    0x5f,0x38,0x39,0x2c,0x20,0x70,0x61,0x72,0x61,0x6d,0x5f,0x39,0x30,0x2c,0x20,0x70,
    0x61,0x72,0x61,0x6d,0x5f,0x39,0x31,0x2c,0x20,0x70,0x61,0x72,0x61,0x6d,0x5f,0x39,
    0x32,0x2c,0x20,0x70,0x61,0x72,0x61,0x6d,0x5f,0x39,0x33,0x2c,0x20,0x70,0x61,0x72,
    0x61,0x6d,0x5f,0x39,0x34,0x2c,0x20,0x5f,0x36,0x32,0x2c,0x20,0x70,0x6f,0x73,0x69,
    0x74,0x69,0x6f,0x6e,0x54,0x65,0x78,0x2c,0x20,0x70,0x6f,0x73,0x69,0x74,0x69,0x6f,
    0x6e,0x53,0x6d,0x70,0x29,0x3b,0x0a,0x20,0x20,0x20,0x20,0x20,0x20,0x20,0x20,0x20,
    0x20,0x20,0x20,0x63,0x6f,0x72,0x72,0x65,0x63,0x74,0x69,0x6f,0x6e,0x20,0x3d,0x20,
    0x70,0x61,0x72,0x61,0x6d,0x5f,0x38,0x39,0x3b,0x0a,0x20,0x20,0x20,0x20,0x20,0x20,
    0x20,0x20,0x20,0x20,0x20,0x20,0x66,0x6c,0x6f,0x61,0x74,0x33,0x20,0x70,0x61,0x72,
    0x61,0x6d,0x5f,0x39,0x35,0x20,0x3d,0x20,0x70,0x61,0x72,0x61,0x6d,0x5f,0x38,0x39,
    0x3b,0x0a,0x20,0x20,0x20,0x20,0x20,0x20,0x20,0x20,0x20,0x20,0x20,0x20,0x66,0x6c,
    0x6f,0x61,0x74,0x33,0x20,0x70,0x61,0x72,0x61,0x6d,0x5f,0x39,0x36,0x20,0x3d,0x20,
    0x70,0x6f,0x73,0x3b,0x0a,0x20,0x20,0x20,0x20,0x20,0x20,0x20,0x20,0x20,0x20,0x20,
    0x20,0x66,0x6c,0x6f,0x61,0x74,0x32,0x20,0x70,0x61,0x72,0x61,0x6d,0x5f,0x39,0x37,
    0x20,0x3d,0x20,0x5f,0x35,0x32,0x32,0x3b,0x0a,0x20,0x20,0x20,0x20,0x20,0x20,0x20,
    0x20,0x20,0x20,0x20,0x20,0x66,0x6c,0x6f,0x61,0x74,0x32,0x20,0x70,0x61,0x72,0x61,
    0x6d,0x5f,0x39,0x38,0x20,0x3d,0x20,0x66,0x6c,0x6f,0x61,0x74,0x32,0x28,0x32,0x2e,
    0x30,0x29,0x3b,0x0a,0x20,0x20,0x20,0x20,0x20,0x20,0x20,0x20,0x20,0x20,0x20,0x20,
    0x66,0x6c,0x6f,0x61,0x74,0x20,0x70,0x61,0x72,0x61,0x6d,0x5f,0x39,0x39,0x20,0x3d,
    0x20,0x5f,0x37,0x34,0x35,0x3b,0x0a,0x20,0x20,0x20,0x20,0x20,0x20,0x20,0x20,0x20,
    0x20,0x20,0x20,0x66,0x6c,0x6f,0x61,0x74,0x20,0x70,0x61,0x72,0x61,0x6d,0x5f,0x31,
    0x30,0x30,0x20,0x3d,0x20,0x5f,0x36,0x32,0x2e,0x73,0x74,0x69,0x66,0x66,0x6e,0x65,
    0x73,0x73,0x2e,0x7a,0x3b,0x0a,0x20,0x20,0x20,0x20,0x20,0x20,0x20,0x20,0x20,0x20,
    0x20,0x20,0x61,0x70,0x70,0x6c,0x79,0x4e,0x65,0x69,0x67,0x68,0x62,0x6f,0x72,0x28,
    0x70,0x61,0x72,0x61,0x6d,0x5f,0x39,0x35,0x2c,0x20,0x70,0x61,0x72,0x61,0x6d,0x5f,
    0x39,0x36,0x2c,0x20,0x70,0x61,0x72,0x61,0x6d,0x5f,0x39,0x37,0x2c,0x20,0x70,0x61,
    0x72,0x61,0x6d,0x5f,0x39,0x38,0x2c,0x20,0x70,0x61,0x72,0x61,0x6d,0x5f,0x39,0x39,
    0x2c,0x20,0x70,0x61,0x72,0x61,0x6d,0x5f,0x31,0x30,0x30,0x2c,0x20,0x5f,0x36,0x32,
    0x2c,0x20,0x70,0x6f,0x73,0x69,0x74,0x69,0x6f,0x6e,0x54,0x65,0x78,0x2c,0x20,0x70,
    0x6f,0x73,0x69,0x74,0x69,0x6f,0x6e,0x53,0x6d,0x70,0x29,0x3b,0x0a,0x20,0x20,0x20,
    0x20,0x20,0x20,0x20,0x20,0x20,0x20,0x20,0x20,0x63,0x6f,0x72,0x72,0x65,0x63,0x74,
    0x69,0x6f,0x6e,0x20,0x3d,0x20,0x70,0x61,0x72,0x61,0x6d,0x5f,0x39,0x35,0x3b,0x0a,
    0x20,0x20,0x20,0x20,0x20,0x20,0x20,0x20,0x7d,0x0a,0x20,0x20,0x20,0x20,0x20,0x20,
    0x20,0x20,0x6f,0x75,0x74,0x2e,0x66,0x72,0x61,0x67,0x5f,0x63,0x6f,0x6c,0x6f,0x72,
    0x20,0x3d,0x20,0x66,0x6c,0x6f,0x61,0x74,0x34,0x28,0x70,0x6f,0x73,0x20,0x2b,0x20,
    0x28,0x63,0x6f,0x72,0x72,0x65,0x63,0x74,0x69,0x6f,0x6e,0x20,0x2a,0x20,0x5f,0x36,
    0x32,0x2e,0x6f,0x70,0x74,0x69,0x6f,0x6e,0x73,0x2e,0x77,0x29,0x2c,0x20,0x5f,0x33,
    0x37,0x39,0x29,0x3b,0x0a,0x20,0x20,0x20,0x20,0x20,0x20,0x20,0x20,0x72,0x65,0x74,
    0x75,0x72,0x6e,0x20,0x6f,0x75,0x74,0x3b,0x0a,0x20,0x20,0x20,0x20,0x7d,0x0a,0x20,
    0x20,0x20,0x20,0x62,0x6f,0x6f,0x6c,0x20,0x5f,0x38,0x32,0x33,0x20,0x3d,0x20,0x5f,
    0x33,0x34,0x37,0x20,0x3d,0x3d,0x20,0x33,0x3b,0x0a,0x20,0x20,0x20,0x20,0x62,0x6f,
    0x6f,0x6c,0x20,0x5f,0x38,0x33,0x30,0x3b,0x0a,0x20,0x20,0x20,0x20,0x69,0x66,0x20,
    0x28,0x5f,0x38,0x32,0x33,0x29,0x0a,0x20,0x20,0x20,0x20,0x7b,0x0a,0x20,0x20,0x20,
    0x20,0x20,0x20,0x20,0x20,0x5f,0x38,0x33,0x30,0x20,0x3d,0x20,0x5f,0x36,0x32,0x2e,
    0x63,0x6f,0x6c,0x6c,0x69,0x64,0x65,0x72,0x2e,0x77,0x20,0x3e,0x20,0x30,0x2e,0x30,
    0x3b,0x0a,0x20,0x20,0x20,0x20,0x7d,0x0a,0x20,0x20,0x20,0x20,0x65,0x6c,0x73,0x65,
    0x0a,0x20,0x20,0x20,0x20,0x7b,0x0a,0x20,0x20,0x20,0x20,0x20,0x20,0x20,0x20,0x5f,
    0x38,0x33,0x30,0x20,0x3d,0x20,0x5f,0x38,0x32,0x33,0x3b,0x0a,0x20,0x20,0x20,0x20,
    0x7d,0x0a,0x20,0x20,0x20,0x20,0x69,0x66,0x20,0x28,0x5f,0x38,0x33,0x30,0x29,0x0a,
    0x20,0x20,0x20,0x20,0x7b,0x0a,0x20,0x20,0x20,0x20,0x20,0x20,0x20,0x20,0x66,0x6c,
    0x6f,0x61,0x74,0x33,0x20,0x5f,0x38,0x33,0x38,0x20,0x3d,0x20,0x70,0x6f,0x73,0x20,
    0x2d,0x20,0x5f,0x36,0x32,0x2e,0x63,0x6f,0x6c,0x6c,0x69,0x64,0x65,0x72,0x2e,0x78,
    0x79,0x7a,0x3b,0x0a,0x20,0x20,0x20,0x20,0x20,0x20,0x20,0x20,0x66,0x6c,0x6f,0x61,
    0x74,0x20,0x5f,0x38,0x34,0x31,0x20,0x3d,0x20,0x6c,0x65,0x6e,0x67,0x74,0x68,0x28,
    0x5f,0x38,0x33,0x38,0x29,0x3b,0x0a,0x20,0x20,0x20,0x20,0x20,0x20,0x20,0x20,0x69,
    0x66,0x20,0x28,0x5f,0x38,0x34,0x31,0x20,0x3c,0x20,0x5f,0x36,0x32,0x2e,0x63,0x6f,
    0x6c,0x6c,0x69,0x64,0x65,0x72,0x2e,0x77,0x29,0x0a,0x20,0x20,0x20,0x20,0x20,0x20,
    0x20,0x20,0x7b,0x0a,0x20,0x20,0x20,0x20,0x20,0x20,0x20,0x20,0x20,0x20,0x20,0x20,
    0x66,0x6c,0x6f,0x61,0x74,0x33,0x20,0x5f,0x38,0x35,0x31,0x3b,0x0a,0x20,0x20,0x20,
    0x20,0x20,0x20,0x20,0x20,0x20,0x20,0x20,0x20,0x69,0x66,0x20,0x28,0x5f,0x38,0x34,
    0x31,0x20,0x3e,0x20,0x39,0x2e,0x39,0x39,0x39,0x39,0x39,0x39,0x39,0x37,0x34,0x37,
    0x35,0x32,0x34,0x32,0x37,0x30,0x37,0x38,0x37,0x38,0x33,0x35,0x31,0x32,0x31,0x31,
    0x35,0x34,0x37,0x38,0x35,0x65,0x2d,0x30,0x37,0x29,0x0a,0x20,0x20,0x20,0x20,0x20,
    0x20,0x20,0x20,0x20,0x20,0x20,0x20,0x7b,0x0a,0x20,0x20,0x20,0x20,0x20,0x20,0x20,
    0x20,0x20,0x20,0x20,0x20,0x20,0x20,0x20,0x20,0x5f,0x38,0x35,0x31,0x20,0x3d,0x20,
    0x5f,0x38,0x33,0x38,0x20,0x2f,0x20,0x66,0x6c,0x6f,0x61,0x74,0x33,0x28,0x5f,0x38,
    0x34,0x31,0x29,0x3b,0x0a,0x20,0x20,0x20,0x20,0x20,0x20,0x20,0x20,0x20,0x20,0x20,
    0x20,0x7d,0x0a,0x20,0x20,0x20,0x20,0x20,0x20,0x20,0x20,0x20,0x20,0x20,0x20,0x65,
    0x6c,0x73,0x65,0x0a,0x20,0x20,0x20,0x20,0x20,0x20,0x20,0x20,0x20,0x20,0x20,0x20,
    0x7b,0x0a,0x20,0x20,0x20,0x20,0x20,0x20,0x20,0x20,0x20,0x20,0x20,0x20,0x20,0x20,
    0x20,0x20,0x5f,0x38,0x35,0x31,0x20,0x3d,0x20,0x66,0x6c,0x6f,0x61,0x74,0x33,0x28,
    0x30,0x2e,0x30,0x2c,0x20,0x31,0x2e,0x30,0x2c,0x20,0x30,0x2e,0x30,0x29,0x3b,0x0a,
    0x20,0x20,0x20,0x20,0x20,0x20,0x20,0x20,0x20,0x20,0x20,0x20,0x7d,0x0a,0x20,0x20,
    0x20,0x20,0x20,0x20,0x20,0x20,0x20,0x20,0x20,0x20,0x70,0x6f,0x73,0x20,0x3d,0x20,
    0x5f,0x36,0x32,0x2e,0x63,0x6f,0x6c,0x6c,0x69,0x64,0x65,0x72,0x2e,0x78,0x79,0x7a,
    0x20,0x2b,0x20,0x28,0x5f,0x38,0x35,0x31,0x20,0x2a,0x20,0x5f,0x36,0x32,0x2e,0x63,
    0x6f,0x6c,0x6c,0x69,0x64,0x65,0x72,0x2e,0x77,0x29,0x3b,0x0a,0x20,0x20,0x20,0x20,
    0x20,0x20,0x20,0x20,0x7d,0x0a,0x20,0x20,0x20,0x20,0x20,0x20,0x20,0x20,0x6f,0x75,
    0x74,0x2e,0x66,0x72,0x61,0x67,0x5f,0x63,0x6f,0x6c,0x6f,0x72,0x20,0x3d,0x20,0x66,
    0x6c,0x6f,0x61,0x74,0x34,0x28,0x70,0x6f,0x73,0x2c,0x20,0x5f,0x33,0x37,0x39,0x29,
    0x3b,0x0a,0x20,0x20,0x20,0x20,0x20,0x20,0x20,0x20,0x72,0x65,0x74,0x75,0x72,0x6e,
    0x20,0x6f,0x75,0x74,0x3b,0x0a,0x20,0x20,0x20,0x20,0x7d,0x0a,0x20,0x20,0x20,0x20,
    0x6f,0x75,0x74,0x2e,0x66,0x72,0x61,0x67,0x5f,0x63,0x6f,0x6c,0x6f,0x72,0x20,0x3d,
    0x20,0x66,0x6c,0x6f,0x61,0x74,0x34,0x28,0x70,0x6f,0x73,0x2c,0x20,0x5f,0x33,0x37,
    0x39,0x29,0x3b,0x0a,0x20,0x20,0x20,0x20,0x72,0x65,0x74,0x75,0x72,0x6e,0x20,0x6f,
    0x75,0x74,0x3b,0x0a,0x7d,0x0a,0x0a,0x00,
};
static inline const sg_shader_desc* tcx_cloth_step_shader_desc(sg_backend backend) {
    if (backend == SG_BACKEND_GLCORE) {
        static sg_shader_desc desc;
        static bool valid;
        if (!valid) {
            valid = true;
            desc.vertex_func.source = (const char*)cloth_fullscreen_vs_source_glsl410;
            desc.vertex_func.entry = "main";
            desc.fragment_func.source = (const char*)fs_cloth_step_source_glsl410;
            desc.fragment_func.entry = "main";
            desc.attrs[0].base_type = SG_SHADERATTRBASETYPE_FLOAT;
            desc.attrs[0].glsl_name = "position";
            desc.attrs[1].base_type = SG_SHADERATTRBASETYPE_FLOAT;
            desc.attrs[1].glsl_name = "texcoord0";
            desc.uniform_blocks[0].stage = SG_SHADERSTAGE_FRAGMENT;
            desc.uniform_blocks[0].layout = SG_UNIFORMLAYOUT_STD140;
            desc.uniform_blocks[0].size = 128;
            desc.uniform_blocks[0].glsl_uniforms[0].type = SG_UNIFORMTYPE_FLOAT4;
            desc.uniform_blocks[0].glsl_uniforms[0].array_count = 8;
            desc.uniform_blocks[0].glsl_uniforms[0].glsl_name = "cloth_step_params";
            desc.views[0].texture.stage = SG_SHADERSTAGE_FRAGMENT;
            desc.views[0].texture.image_type = SG_IMAGETYPE_2D;
            desc.views[0].texture.sample_type = SG_IMAGESAMPLETYPE_FLOAT;
            desc.views[0].texture.multisampled = false;
            desc.views[1].texture.stage = SG_SHADERSTAGE_FRAGMENT;
            desc.views[1].texture.image_type = SG_IMAGETYPE_2D;
            desc.views[1].texture.sample_type = SG_IMAGESAMPLETYPE_FLOAT;
            desc.views[1].texture.multisampled = false;
            desc.views[2].texture.stage = SG_SHADERSTAGE_FRAGMENT;
            desc.views[2].texture.image_type = SG_IMAGETYPE_2D;
            desc.views[2].texture.sample_type = SG_IMAGESAMPLETYPE_FLOAT;
            desc.views[2].texture.multisampled = false;
            desc.samplers[0].stage = SG_SHADERSTAGE_FRAGMENT;
            desc.samplers[0].sampler_type = SG_SAMPLERTYPE_FILTERING;
            desc.samplers[1].stage = SG_SHADERSTAGE_FRAGMENT;
            desc.samplers[1].sampler_type = SG_SAMPLERTYPE_FILTERING;
            desc.samplers[2].stage = SG_SHADERSTAGE_FRAGMENT;
            desc.samplers[2].sampler_type = SG_SAMPLERTYPE_FILTERING;
            desc.texture_sampler_pairs[0].stage = SG_SHADERSTAGE_FRAGMENT;
            desc.texture_sampler_pairs[0].view_slot = 2;
            desc.texture_sampler_pairs[0].sampler_slot = 2;
            desc.texture_sampler_pairs[0].glsl_name = "pinTex_pinSmp";
            desc.texture_sampler_pairs[1].stage = SG_SHADERSTAGE_FRAGMENT;
            desc.texture_sampler_pairs[1].view_slot = 0;
            desc.texture_sampler_pairs[1].sampler_slot = 0;
            desc.texture_sampler_pairs[1].glsl_name = "positionTex_positionSmp";
            desc.texture_sampler_pairs[2].stage = SG_SHADERSTAGE_FRAGMENT;
            desc.texture_sampler_pairs[2].view_slot = 1;
            desc.texture_sampler_pairs[2].sampler_slot = 1;
            desc.texture_sampler_pairs[2].glsl_name = "previousTex_previousSmp";
            desc.label = "tcx_cloth_step_shader";
        }
        return &desc;
    }
    if (backend == SG_BACKEND_GLES3) {
        static sg_shader_desc desc;
        static bool valid;
        if (!valid) {
            valid = true;
            desc.vertex_func.source = (const char*)cloth_fullscreen_vs_source_glsl300es;
            desc.vertex_func.entry = "main";
            desc.fragment_func.source = (const char*)fs_cloth_step_source_glsl300es;
            desc.fragment_func.entry = "main";
            desc.attrs[0].base_type = SG_SHADERATTRBASETYPE_FLOAT;
            desc.attrs[0].glsl_name = "position";
            desc.attrs[1].base_type = SG_SHADERATTRBASETYPE_FLOAT;
            desc.attrs[1].glsl_name = "texcoord0";
            desc.uniform_blocks[0].stage = SG_SHADERSTAGE_FRAGMENT;
            desc.uniform_blocks[0].layout = SG_UNIFORMLAYOUT_STD140;
            desc.uniform_blocks[0].size = 128;
            desc.uniform_blocks[0].glsl_uniforms[0].type = SG_UNIFORMTYPE_FLOAT4;
            desc.uniform_blocks[0].glsl_uniforms[0].array_count = 8;
            desc.uniform_blocks[0].glsl_uniforms[0].glsl_name = "cloth_step_params";
            desc.views[0].texture.stage = SG_SHADERSTAGE_FRAGMENT;
            desc.views[0].texture.image_type = SG_IMAGETYPE_2D;
            desc.views[0].texture.sample_type = SG_IMAGESAMPLETYPE_FLOAT;
            desc.views[0].texture.multisampled = false;
            desc.views[1].texture.stage = SG_SHADERSTAGE_FRAGMENT;
            desc.views[1].texture.image_type = SG_IMAGETYPE_2D;
            desc.views[1].texture.sample_type = SG_IMAGESAMPLETYPE_FLOAT;
            desc.views[1].texture.multisampled = false;
            desc.views[2].texture.stage = SG_SHADERSTAGE_FRAGMENT;
            desc.views[2].texture.image_type = SG_IMAGETYPE_2D;
            desc.views[2].texture.sample_type = SG_IMAGESAMPLETYPE_FLOAT;
            desc.views[2].texture.multisampled = false;
            desc.samplers[0].stage = SG_SHADERSTAGE_FRAGMENT;
            desc.samplers[0].sampler_type = SG_SAMPLERTYPE_FILTERING;
            desc.samplers[1].stage = SG_SHADERSTAGE_FRAGMENT;
            desc.samplers[1].sampler_type = SG_SAMPLERTYPE_FILTERING;
            desc.samplers[2].stage = SG_SHADERSTAGE_FRAGMENT;
            desc.samplers[2].sampler_type = SG_SAMPLERTYPE_FILTERING;
            desc.texture_sampler_pairs[0].stage = SG_SHADERSTAGE_FRAGMENT;
            desc.texture_sampler_pairs[0].view_slot = 2;
            desc.texture_sampler_pairs[0].sampler_slot = 2;
            desc.texture_sampler_pairs[0].glsl_name = "pinTex_pinSmp";
            desc.texture_sampler_pairs[1].stage = SG_SHADERSTAGE_FRAGMENT;
            desc.texture_sampler_pairs[1].view_slot = 0;
            desc.texture_sampler_pairs[1].sampler_slot = 0;
            desc.texture_sampler_pairs[1].glsl_name = "positionTex_positionSmp";
            desc.texture_sampler_pairs[2].stage = SG_SHADERSTAGE_FRAGMENT;
            desc.texture_sampler_pairs[2].view_slot = 1;
            desc.texture_sampler_pairs[2].sampler_slot = 1;
            desc.texture_sampler_pairs[2].glsl_name = "previousTex_previousSmp";
            desc.label = "tcx_cloth_step_shader";
        }
        return &desc;
    }
    if (backend == SG_BACKEND_D3D11) {
        static sg_shader_desc desc;
        static bool valid;
        if (!valid) {
            valid = true;
            desc.vertex_func.source = (const char*)cloth_fullscreen_vs_source_hlsl5;
            desc.vertex_func.d3d11_target = "vs_5_0";
            desc.vertex_func.entry = "main";
            desc.fragment_func.source = (const char*)fs_cloth_step_source_hlsl5;
            desc.fragment_func.d3d11_target = "ps_5_0";
            desc.fragment_func.entry = "main";
            desc.attrs[0].base_type = SG_SHADERATTRBASETYPE_FLOAT;
            desc.attrs[0].hlsl_sem_name = "TEXCOORD";
            desc.attrs[0].hlsl_sem_index = 0;
            desc.attrs[1].base_type = SG_SHADERATTRBASETYPE_FLOAT;
            desc.attrs[1].hlsl_sem_name = "TEXCOORD";
            desc.attrs[1].hlsl_sem_index = 1;
            desc.uniform_blocks[0].stage = SG_SHADERSTAGE_FRAGMENT;
            desc.uniform_blocks[0].layout = SG_UNIFORMLAYOUT_STD140;
            desc.uniform_blocks[0].size = 128;
            desc.uniform_blocks[0].hlsl_register_b_n = 0;
            desc.views[0].texture.stage = SG_SHADERSTAGE_FRAGMENT;
            desc.views[0].texture.image_type = SG_IMAGETYPE_2D;
            desc.views[0].texture.sample_type = SG_IMAGESAMPLETYPE_FLOAT;
            desc.views[0].texture.multisampled = false;
            desc.views[0].texture.hlsl_register_t_n = 0;
            desc.views[1].texture.stage = SG_SHADERSTAGE_FRAGMENT;
            desc.views[1].texture.image_type = SG_IMAGETYPE_2D;
            desc.views[1].texture.sample_type = SG_IMAGESAMPLETYPE_FLOAT;
            desc.views[1].texture.multisampled = false;
            desc.views[1].texture.hlsl_register_t_n = 1;
            desc.views[2].texture.stage = SG_SHADERSTAGE_FRAGMENT;
            desc.views[2].texture.image_type = SG_IMAGETYPE_2D;
            desc.views[2].texture.sample_type = SG_IMAGESAMPLETYPE_FLOAT;
            desc.views[2].texture.multisampled = false;
            desc.views[2].texture.hlsl_register_t_n = 2;
            desc.samplers[0].stage = SG_SHADERSTAGE_FRAGMENT;
            desc.samplers[0].sampler_type = SG_SAMPLERTYPE_FILTERING;
            desc.samplers[0].hlsl_register_s_n = 0;
            desc.samplers[1].stage = SG_SHADERSTAGE_FRAGMENT;
            desc.samplers[1].sampler_type = SG_SAMPLERTYPE_FILTERING;
            desc.samplers[1].hlsl_register_s_n = 1;
            desc.samplers[2].stage = SG_SHADERSTAGE_FRAGMENT;
            desc.samplers[2].sampler_type = SG_SAMPLERTYPE_FILTERING;
            desc.samplers[2].hlsl_register_s_n = 2;
            desc.texture_sampler_pairs[0].stage = SG_SHADERSTAGE_FRAGMENT;
            desc.texture_sampler_pairs[0].view_slot = 2;
            desc.texture_sampler_pairs[0].sampler_slot = 2;
            desc.texture_sampler_pairs[1].stage = SG_SHADERSTAGE_FRAGMENT;
            desc.texture_sampler_pairs[1].view_slot = 0;
            desc.texture_sampler_pairs[1].sampler_slot = 0;
            desc.texture_sampler_pairs[2].stage = SG_SHADERSTAGE_FRAGMENT;
            desc.texture_sampler_pairs[2].view_slot = 1;
            desc.texture_sampler_pairs[2].sampler_slot = 1;
            desc.label = "tcx_cloth_step_shader";
        }
        return &desc;
    }
    if (backend == SG_BACKEND_METAL_MACOS) {
        static sg_shader_desc desc;
        static bool valid;
        if (!valid) {
            valid = true;
            desc.vertex_func.source = (const char*)cloth_fullscreen_vs_source_metal_macos;
            desc.vertex_func.entry = "main0";
            desc.fragment_func.source = (const char*)fs_cloth_step_source_metal_macos;
            desc.fragment_func.entry = "main0";
            desc.attrs[0].base_type = SG_SHADERATTRBASETYPE_FLOAT;
            desc.attrs[1].base_type = SG_SHADERATTRBASETYPE_FLOAT;
            desc.uniform_blocks[0].stage = SG_SHADERSTAGE_FRAGMENT;
            desc.uniform_blocks[0].layout = SG_UNIFORMLAYOUT_STD140;
            desc.uniform_blocks[0].size = 128;
            desc.uniform_blocks[0].msl_buffer_n = 0;
            desc.views[0].texture.stage = SG_SHADERSTAGE_FRAGMENT;
            desc.views[0].texture.image_type = SG_IMAGETYPE_2D;
            desc.views[0].texture.sample_type = SG_IMAGESAMPLETYPE_FLOAT;
            desc.views[0].texture.multisampled = false;
            desc.views[0].texture.msl_texture_n = 0;
            desc.views[1].texture.stage = SG_SHADERSTAGE_FRAGMENT;
            desc.views[1].texture.image_type = SG_IMAGETYPE_2D;
            desc.views[1].texture.sample_type = SG_IMAGESAMPLETYPE_FLOAT;
            desc.views[1].texture.multisampled = false;
            desc.views[1].texture.msl_texture_n = 1;
            desc.views[2].texture.stage = SG_SHADERSTAGE_FRAGMENT;
            desc.views[2].texture.image_type = SG_IMAGETYPE_2D;
            desc.views[2].texture.sample_type = SG_IMAGESAMPLETYPE_FLOAT;
            desc.views[2].texture.multisampled = false;
            desc.views[2].texture.msl_texture_n = 2;
            desc.samplers[0].stage = SG_SHADERSTAGE_FRAGMENT;
            desc.samplers[0].sampler_type = SG_SAMPLERTYPE_FILTERING;
            desc.samplers[0].msl_sampler_n = 0;
            desc.samplers[1].stage = SG_SHADERSTAGE_FRAGMENT;
            desc.samplers[1].sampler_type = SG_SAMPLERTYPE_FILTERING;
            desc.samplers[1].msl_sampler_n = 1;
            desc.samplers[2].stage = SG_SHADERSTAGE_FRAGMENT;
            desc.samplers[2].sampler_type = SG_SAMPLERTYPE_FILTERING;
            desc.samplers[2].msl_sampler_n = 2;
            desc.texture_sampler_pairs[0].stage = SG_SHADERSTAGE_FRAGMENT;
            desc.texture_sampler_pairs[0].view_slot = 2;
            desc.texture_sampler_pairs[0].sampler_slot = 2;
            desc.texture_sampler_pairs[1].stage = SG_SHADERSTAGE_FRAGMENT;
            desc.texture_sampler_pairs[1].view_slot = 0;
            desc.texture_sampler_pairs[1].sampler_slot = 0;
            desc.texture_sampler_pairs[2].stage = SG_SHADERSTAGE_FRAGMENT;
            desc.texture_sampler_pairs[2].view_slot = 1;
            desc.texture_sampler_pairs[2].sampler_slot = 1;
            desc.label = "tcx_cloth_step_shader";
        }
        return &desc;
    }
    return 0;
}
