#pragma once
/*
    #version:1# (machine generated, don't edit!)

    Generated by sokol-shdc (https://github.com/floooh/sokol-tools)

    Cmdline:
        sokol-shdc -i /Users/mac/Desktop/TrussC/addons/tcxAssimp/src/shaders/tcxAssimpSkinned.glsl -o /Users/mac/Desktop/TrussC/addons/tcxAssimp/src/shaders/tcxAssimpSkinned.glsl.h -l metal_macos:metal_ios:hlsl5:glsl300es:glsl430:wgsl --ifdef

    Overview:
    =========
    Shader program: 'skinned':
        Get shader desc: tcx_assimp_skin_skinned_shader_desc(sg_query_backend());
        Vertex Shader: vs_skinned
        Fragment Shader: fs_skinned
        Attributes:
            ATTR_tcx_assimp_skin_skinned_position => 0
            ATTR_tcx_assimp_skin_skinned_normal => 1
            ATTR_tcx_assimp_skin_skinned_texcoord0 => 2
            ATTR_tcx_assimp_skin_skinned_tangent => 3
            ATTR_tcx_assimp_skin_skinned_boneIndices => 4
            ATTR_tcx_assimp_skin_skinned_boneWeights => 5
    Bindings:
        Uniform block 'vs_params':
            C struct: tcx_assimp_skin_vs_params_t
            Bind slot: UB_tcx_assimp_skin_vs_params => 0
        Uniform block 'fs_params':
            C struct: tcx_assimp_skin_fs_params_t
            Bind slot: UB_tcx_assimp_skin_fs_params => 1
        Texture 'baseColorTex':
            Image type: SG_IMAGETYPE_2D
            Sample type: SG_IMAGESAMPLETYPE_FLOAT
            Multisampled: false
            Bind slot: VIEW_tcx_assimp_skin_baseColorTex => 0
        Sampler 'baseColorTexSmp':
            Type: SG_SAMPLERTYPE_FILTERING
            Bind slot: SMP_tcx_assimp_skin_baseColorTexSmp => 0
*/
#if !defined(SOKOL_GFX_INCLUDED)
#error "Please include sokol_gfx.h before tcxAssimpSkinned.glsl.h"
#endif
#if !defined(SOKOL_SHDC_ALIGN)
#if defined(_MSC_VER)
#define SOKOL_SHDC_ALIGN(a) __declspec(align(a))
#else
#define SOKOL_SHDC_ALIGN(a) __attribute__((aligned(a)))
#endif
#endif
#define ATTR_tcx_assimp_skin_skinned_position (0)
#define ATTR_tcx_assimp_skin_skinned_normal (1)
#define ATTR_tcx_assimp_skin_skinned_texcoord0 (2)
#define ATTR_tcx_assimp_skin_skinned_tangent (3)
#define ATTR_tcx_assimp_skin_skinned_boneIndices (4)
#define ATTR_tcx_assimp_skin_skinned_boneWeights (5)
#define UB_tcx_assimp_skin_vs_params (0)
#define UB_tcx_assimp_skin_fs_params (1)
#define VIEW_tcx_assimp_skin_baseColorTex (0)
#define SMP_tcx_assimp_skin_baseColorTexSmp (0)
#pragma pack(push,1)
SOKOL_SHDC_ALIGN(16) typedef struct tcx_assimp_skin_vs_params_t {
    float model[16];
    float viewProj[16];
    float normalMat[16];
    float bones[128][16];
} tcx_assimp_skin_vs_params_t;
#pragma pack(pop)
#pragma pack(push,1)
SOKOL_SHDC_ALIGN(16) typedef struct tcx_assimp_skin_fs_params_t {
    float baseColor[4];
    float lightDirAmbient[4];
    float materialFlags[4];
} tcx_assimp_skin_fs_params_t;
#pragma pack(pop)
/*
    #version 430

    uniform vec4 vs_params[524];
    layout(location = 4) in vec4 boneIndices;
    layout(location = 5) in vec4 boneWeights;
    layout(location = 0) in vec3 position;
    layout(location = 1) in vec3 normal;
    layout(location = 0) out vec3 v_worldNormal;
    layout(location = 1) out vec2 v_uv;
    layout(location = 2) in vec2 texcoord0;
    layout(location = 3) in vec4 tangent;

    mat4 weightedBoneMatrix()
    {
        mat4 _38 = mat4(vs_params[int(boneIndices.x) * 4 + 12], vs_params[int(boneIndices.x) * 4 + 13], vs_params[int(boneIndices.x) * 4 + 14], vs_params[int(boneIndices.x) * 4 + 15]) * boneWeights.x;
        mat4 _61 = mat4(vs_params[int(boneIndices.y) * 4 + 12], vs_params[int(boneIndices.y) * 4 + 13], vs_params[int(boneIndices.y) * 4 + 14], vs_params[int(boneIndices.y) * 4 + 15]) * boneWeights.y;
        mat4 _84 = mat4(vs_params[int(boneIndices.z) * 4 + 12], vs_params[int(boneIndices.z) * 4 + 13], vs_params[int(boneIndices.z) * 4 + 14], vs_params[int(boneIndices.z) * 4 + 15]) * boneWeights.z;
        mat4 _107 = mat4(vs_params[int(boneIndices.w) * 4 + 12], vs_params[int(boneIndices.w) * 4 + 13], vs_params[int(boneIndices.w) * 4 + 14], vs_params[int(boneIndices.w) * 4 + 15]) * boneWeights.w;
        return mat4(((_38[0] + _61[0]) + _84[0]) + _107[0], ((_38[1] + _61[1]) + _84[1]) + _107[1], ((_38[2] + _61[2]) + _84[2]) + _107[2], ((_38[3] + _61[3]) + _84[3]) + _107[3]);
    }

    void main()
    {
        mat4 _126 = weightedBoneMatrix();
        v_worldNormal = normalize((mat4(vs_params[8], vs_params[9], vs_params[10], vs_params[11]) * vec4(normalize((_126 * vec4(normal, 0.0)).xyz), 0.0)).xyz);
        v_uv = texcoord0;
        gl_Position = mat4(vs_params[4], vs_params[5], vs_params[6], vs_params[7]) * (mat4(vs_params[0], vs_params[1], vs_params[2], vs_params[3]) * (_126 * vec4(position, 1.0)));
    }

*/
#if defined(SOKOL_GLCORE)
static const uint8_t tcx_assimp_skin_vs_skinned_source_glsl430[1770] = {
    0x23,0x76,0x65,0x72,0x73,0x69,0x6f,0x6e,0x20,0x34,0x33,0x30,0x0a,0x0a,0x75,0x6e,
    0x69,0x66,0x6f,0x72,0x6d,0x20,0x76,0x65,0x63,0x34,0x20,0x76,0x73,0x5f,0x70,0x61,
    0x72,0x61,0x6d,0x73,0x5b,0x35,0x32,0x34,0x5d,0x3b,0x0a,0x6c,0x61,0x79,0x6f,0x75,
    0x74,0x28,0x6c,0x6f,0x63,0x61,0x74,0x69,0x6f,0x6e,0x20,0x3d,0x20,0x34,0x29,0x20,
    0x69,0x6e,0x20,0x76,0x65,0x63,0x34,0x20,0x62,0x6f,0x6e,0x65,0x49,0x6e,0x64,0x69,
    0x63,0x65,0x73,0x3b,0x0a,0x6c,0x61,0x79,0x6f,0x75,0x74,0x28,0x6c,0x6f,0x63,0x61,
    0x74,0x69,0x6f,0x6e,0x20,0x3d,0x20,0x35,0x29,0x20,0x69,0x6e,0x20,0x76,0x65,0x63,
    0x34,0x20,0x62,0x6f,0x6e,0x65,0x57,0x65,0x69,0x67,0x68,0x74,0x73,0x3b,0x0a,0x6c,
    0x61,0x79,0x6f,0x75,0x74,0x28,0x6c,0x6f,0x63,0x61,0x74,0x69,0x6f,0x6e,0x20,0x3d,
    0x20,0x30,0x29,0x20,0x69,0x6e,0x20,0x76,0x65,0x63,0x33,0x20,0x70,0x6f,0x73,0x69,
    0x74,0x69,0x6f,0x6e,0x3b,0x0a,0x6c,0x61,0x79,0x6f,0x75,0x74,0x28,0x6c,0x6f,0x63,
    0x61,0x74,0x69,0x6f,0x6e,0x20,0x3d,0x20,0x31,0x29,0x20,0x69,0x6e,0x20,0x76,0x65,
    0x63,0x33,0x20,0x6e,0x6f,0x72,0x6d,0x61,0x6c,0x3b,0x0a,0x6c,0x61,0x79,0x6f,0x75,
    0x74,0x28,0x6c,0x6f,0x63,0x61,0x74,0x69,0x6f,0x6e,0x20,0x3d,0x20,0x30,0x29,0x20,
    0x6f,0x75,0x74,0x20,0x76,0x65,0x63,0x33,0x20,0x76,0x5f,0x77,0x6f,0x72,0x6c,0x64,
    0x4e,0x6f,0x72,0x6d,0x61,0x6c,0x3b,0x0a,0x6c,0x61,0x79,0x6f,0x75,0x74,0x28,0x6c,
    0x6f,0x63,0x61,0x74,0x69,0x6f,0x6e,0x20,0x3d,0x20,0x31,0x29,0x20,0x6f,0x75,0x74,
    0x20,0x76,0x65,0x63,0x32,0x20,0x76,0x5f,0x75,0x76,0x3b,0x0a,0x6c,0x61,0x79,0x6f,
    0x75,0x74,0x28,0x6c,0x6f,0x63,0x61,0x74,0x69,0x6f,0x6e,0x20,0x3d,0x20,0x32,0x29,
    0x20,0x69,0x6e,0x20,0x76,0x65,0x63,0x32,0x20,0x74,0x65,0x78,0x63,0x6f,0x6f,0x72,
    0x64,0x30,0x3b,0x0a,0x6c,0x61,0x79,0x6f,0x75,0x74,0x28,0x6c,0x6f,0x63,0x61,0x74,
    0x69,0x6f,0x6e,0x20,0x3d,0x20,0x33,0x29,0x20,0x69,0x6e,0x20,0x76,0x65,0x63,0x34,
    0x20,0x74,0x61,0x6e,0x67,0x65,0x6e,0x74,0x3b,0x0a,0x0a,0x6d,0x61,0x74,0x34,0x20,
    0x77,0x65,0x69,0x67,0x68,0x74,0x65,0x64,0x42,0x6f,0x6e,0x65,0x4d,0x61,0x74,0x72,
    0x69,0x78,0x28,0x29,0x0a,0x7b,0x0a,0x20,0x20,0x20,0x20,0x6d,0x61,0x74,0x34,0x20,
    0x5f,0x33,0x38,0x20,0x3d,0x20,0x6d,0x61,0x74,0x34,0x28,0x76,0x73,0x5f,0x70,0x61,
    0x72,0x61,0x6d,0x73,0x5b,0x69,0x6e,0x74,0x28,0x62,0x6f,0x6e,0x65,0x49,0x6e,0x64,
    0x69,0x63,0x65,0x73,0x2e,0x78,0x29,0x20,0x2a,0x20,0x34,0x20,0x2b,0x20,0x31,0x32,
    0x5d,0x2c,0x20,0x76,0x73,0x5f,0x70,0x61,0x72,0x61,0x6d,0x73,0x5b,0x69,0x6e,0x74,
    0x28,0x62,0x6f,0x6e,0x65,0x49,0x6e,0x64,0x69,0x63,0x65,0x73,0x2e,0x78,0x29,0x20,
    0x2a,0x20,0x34,0x20,0x2b,0x20,0x31,0x33,0x5d,0x2c,0x20,0x76,0x73,0x5f,0x70,0x61,
    0x72,0x61,0x6d,0x73,0x5b,0x69,0x6e,0x74,0x28,0x62,0x6f,0x6e,0x65,0x49,0x6e,0x64,
    0x69,0x63,0x65,0x73,0x2e,0x78,0x29,0x20,0x2a,0x20,0x34,0x20,0x2b,0x20,0x31,0x34,
    0x5d,0x2c,0x20,0x76,0x73,0x5f,0x70,0x61,0x72,0x61,0x6d,0x73,0x5b,0x69,0x6e,0x74,
    0x28,0x62,0x6f,0x6e,0x65,0x49,0x6e,0x64,0x69,0x63,0x65,0x73,0x2e,0x78,0x29,0x20,
    0x2a,0x20,0x34,0x20,0x2b,0x20,0x31,0x35,0x5d,0x29,0x20,0x2a,0x20,0x62,0x6f,0x6e,
    0x65,0x57,0x65,0x69,0x67,0x68,0x74,0x73,0x2e,0x78,0x3b,0x0a,0x20,0x20,0x20,0x20,
    0x6d,0x61,0x74,0x34,0x20,0x5f,0x36,0x31,0x20,0x3d,0x20,0x6d,0x61,0x74,0x34,0x28,
    0x76,0x73,0x5f,0x70,0x61,0x72,0x61,0x6d,0x73,0x5b,0x69,0x6e,0x74,0x28,0x62,0x6f,
    0x6e,0x65,0x49,0x6e,0x64,0x69,0x63,0x65,0x73,0x2e,0x79,0x29,0x20,0x2a,0x20,0x34,
    0x20,0x2b,0x20,0x31,0x32,0x5d,0x2c,0x20,0x76,0x73,0x5f,0x70,0x61,0x72,0x61,0x6d,
    0x73,0x5b,0x69,0x6e,0x74,0x28,0x62,0x6f,0x6e,0x65,0x49,0x6e,0x64,0x69,0x63,0x65,
    0x73,0x2e,0x79,0x29,0x20,0x2a,0x20,0x34,0x20,0x2b,0x20,0x31,0x33,0x5d,0x2c,0x20,
    0x76,0x73,0x5f,0x70,0x61,0x72,0x61,0x6d,0x73,0x5b,0x69,0x6e,0x74,0x28,0x62,0x6f,
    0x6e,0x65,0x49,0x6e,0x64,0x69,0x63,0x65,0x73,0x2e,0x79,0x29,0x20,0x2a,0x20,0x34,
    0x20,0x2b,0x20,0x31,0x34,0x5d,0x2c,0x20,0x76,0x73,0x5f,0x70,0x61,0x72,0x61,0x6d,
    0x73,0x5b,0x69,0x6e,0x74,0x28,0x62,0x6f,0x6e,0x65,0x49,0x6e,0x64,0x69,0x63,0x65,
    0x73,0x2e,0x79,0x29,0x20,0x2a,0x20,0x34,0x20,0x2b,0x20,0x31,0x35,0x5d,0x29,0x20,
    0x2a,0x20,0x62,0x6f,0x6e,0x65,0x57,0x65,0x69,0x67,0x68,0x74,0x73,0x2e,0x79,0x3b,
    0x0a,0x20,0x20,0x20,0x20,0x6d,0x61,0x74,0x34,0x20,0x5f,0x38,0x34,0x20,0x3d,0x20,
    0x6d,0x61,0x74,0x34,0x28,0x76,0x73,0x5f,0x70,0x61,0x72,0x61,0x6d,0x73,0x5b,0x69,
    0x6e,0x74,0x28,0x62,0x6f,0x6e,0x65,0x49,0x6e,0x64,0x69,0x63,0x65,0x73,0x2e,0x7a,
    0x29,0x20,0x2a,0x20,0x34,0x20,0x2b,0x20,0x31,0x32,0x5d,0x2c,0x20,0x76,0x73,0x5f,
    0x70,0x61,0x72,0x61,0x6d,0x73,0x5b,0x69,0x6e,0x74,0x28,0x62,0x6f,0x6e,0x65,0x49,
    0x6e,0x64,0x69,0x63,0x65,0x73,0x2e,0x7a,0x29,0x20,0x2a,0x20,0x34,0x20,0x2b,0x20,
    0x31,0x33,0x5d,0x2c,0x20,0x76,0x73,0x5f,0x70,0x61,0x72,0x61,0x6d,0x73,0x5b,0x69,
    0x6e,0x74,0x28,0x62,0x6f,0x6e,0x65,0x49,0x6e,0x64,0x69,0x63,0x65,0x73,0x2e,0x7a,
    0x29,0x20,0x2a,0x20,0x34,0x20,0x2b,0x20,0x31,0x34,0x5d,0x2c,0x20,0x76,0x73,0x5f,
    0x70,0x61,0x72,0x61,0x6d,0x73,0x5b,0x69,0x6e,0x74,0x28,0x62,0x6f,0x6e,0x65,0x49,
    0x6e,0x64,0x69,0x63,0x65,0x73,0x2e,0x7a,0x29,0x20,0x2a,0x20,0x34,0x20,0x2b,0x20,
    0x31,0x35,0x5d,0x29,0x20,0x2a,0x20,0x62,0x6f,0x6e,0x65,0x57,0x65,0x69,0x67,0x68,
    0x74,0x73,0x2e,0x7a,0x3b,0x0a,0x20,0x20,0x20,0x20,0x6d,0x61,0x74,0x34,0x20,0x5f,
    0x31,0x30,0x37,0x20,0x3d,0x20,0x6d,0x61,0x74,0x34,0x28,0x76,0x73,0x5f,0x70,0x61,
    0x72,0x61,0x6d,0x73,0x5b,0x69,0x6e,0x74,0x28,0x62,0x6f,0x6e,0x65,0x49,0x6e,0x64,
    0x69,0x63,0x65,0x73,0x2e,0x77,0x29,0x20,0x2a,0x20,0x34,0x20,0x2b,0x20,0x31,0x32,
    0x5d,0x2c,0x20,0x76,0x73,0x5f,0x70,0x61,0x72,0x61,0x6d,0x73,0x5b,0x69,0x6e,0x74,
    0x28,0x62,0x6f,0x6e,0x65,0x49,0x6e,0x64,0x69,0x63,0x65,0x73,0x2e,0x77,0x29,0x20,
    0x2a,0x20,0x34,0x20,0x2b,0x20,0x31,0x33,0x5d,0x2c,0x20,0x76,0x73,0x5f,0x70,0x61,
    0x72,0x61,0x6d,0x73,0x5b,0x69,0x6e,0x74,0x28,0x62,0x6f,0x6e,0x65,0x49,0x6e,0x64,
    0x69,0x63,0x65,0x73,0x2e,0x77,0x29,0x20,0x2a,0x20,0x34,0x20,0x2b,0x20,0x31,0x34,
    0x5d,0x2c,0x20,0x76,0x73,0x5f,0x70,0x61,0x72,0x61,0x6d,0x73,0x5b,0x69,0x6e,0x74,
    0x28,0x62,0x6f,0x6e,0x65,0x49,0x6e,0x64,0x69,0x63,0x65,0x73,0x2e,0x77,0x29,0x20,
    0x2a,0x20,0x34,0x20,0x2b,0x20,0x31,0x35,0x5d,0x29,0x20,0x2a,0x20,0x62,0x6f,0x6e,
    0x65,0x57,0x65,0x69,0x67,0x68,0x74,0x73,0x2e,0x77,0x3b,0x0a,0x20,0x20,0x20,0x20,
    0x72,0x65,0x74,0x75,0x72,0x6e,0x20,0x6d,0x61,0x74,0x34,0x28,0x28,0x28,0x5f,0x33,
    0x38,0x5b,0x30,0x5d,0x20,0x2b,0x20,0x5f,0x36,0x31,0x5b,0x30,0x5d,0x29,0x20,0x2b,
    0x20,0x5f,0x38,0x34,0x5b,0x30,0x5d,0x29,0x20,0x2b,0x20,0x5f,0x31,0x30,0x37,0x5b,
    0x30,0x5d,0x2c,0x20,0x28,0x28,0x5f,0x33,0x38,0x5b,0x31,0x5d,0x20,0x2b,0x20,0x5f,
    0x36,0x31,0x5b,0x31,0x5d,0x29,0x20,0x2b,0x20,0x5f,0x38,0x34,0x5b,0x31,0x5d,0x29,
    0x20,0x2b,0x20,0x5f,0x31,0x30,0x37,0x5b,0x31,0x5d,0x2c,0x20,0x28,0x28,0x5f,0x33,
    0x38,0x5b,0x32,0x5d,0x20,0x2b,0x20,0x5f,0x36,0x31,0x5b,0x32,0x5d,0x29,0x20,0x2b,
    0x20,0x5f,0x38,0x34,0x5b,0x32,0x5d,0x29,0x20,0x2b,0x20,0x5f,0x31,0x30,0x37,0x5b,
    0x32,0x5d,0x2c,0x20,0x28,0x28,0x5f,0x33,0x38,0x5b,0x33,0x5d,0x20,0x2b,0x20,0x5f,
    0x36,0x31,0x5b,0x33,0x5d,0x29,0x20,0x2b,0x20,0x5f,0x38,0x34,0x5b,0x33,0x5d,0x29,
    0x20,0x2b,0x20,0x5f,0x31,0x30,0x37,0x5b,0x33,0x5d,0x29,0x3b,0x0a,0x7d,0x0a,0x0a,
    0x76,0x6f,0x69,0x64,0x20,0x6d,0x61,0x69,0x6e,0x28,0x29,0x0a,0x7b,0x0a,0x20,0x20,
    0x20,0x20,0x6d,0x61,0x74,0x34,0x20,0x5f,0x31,0x32,0x36,0x20,0x3d,0x20,0x77,0x65,
    0x69,0x67,0x68,0x74,0x65,0x64,0x42,0x6f,0x6e,0x65,0x4d,0x61,0x74,0x72,0x69,0x78,
    0x28,0x29,0x3b,0x0a,0x20,0x20,0x20,0x20,0x76,0x5f,0x77,0x6f,0x72,0x6c,0x64,0x4e,
    0x6f,0x72,0x6d,0x61,0x6c,0x20,0x3d,0x20,0x6e,0x6f,0x72,0x6d,0x61,0x6c,0x69,0x7a,
    0x65,0x28,0x28,0x6d,0x61,0x74,0x34,0x28,0x76,0x73,0x5f,0x70,0x61,0x72,0x61,0x6d,
    0x73,0x5b,0x38,0x5d,0x2c,0x20,0x76,0x73,0x5f,0x70,0x61,0x72,0x61,0x6d,0x73,0x5b,
    0x39,0x5d,0x2c,0x20,0x76,0x73,0x5f,0x70,0x61,0x72,0x61,0x6d,0x73,0x5b,0x31,0x30,
    0x5d,0x2c,0x20,0x76,0x73,0x5f,0x70,0x61,0x72,0x61,0x6d,0x73,0x5b,0x31,0x31,0x5d,
    0x29,0x20,0x2a,0x20,0x76,0x65,0x63,0x34,0x28,0x6e,0x6f,0x72,0x6d,0x61,0x6c,0x69,
    0x7a,0x65,0x28,0x28,0x5f,0x31,0x32,0x36,0x20,0x2a,0x20,0x76,0x65,0x63,0x34,0x28,
    0x6e,0x6f,0x72,0x6d,0x61,0x6c,0x2c,0x20,0x30,0x2e,0x30,0x29,0x29,0x2e,0x78,0x79,
    0x7a,0x29,0x2c,0x20,0x30,0x2e,0x30,0x29,0x29,0x2e,0x78,0x79,0x7a,0x29,0x3b,0x0a,
    0x20,0x20,0x20,0x20,0x76,0x5f,0x75,0x76,0x20,0x3d,0x20,0x74,0x65,0x78,0x63,0x6f,
    0x6f,0x72,0x64,0x30,0x3b,0x0a,0x20,0x20,0x20,0x20,0x67,0x6c,0x5f,0x50,0x6f,0x73,
    0x69,0x74,0x69,0x6f,0x6e,0x20,0x3d,0x20,0x6d,0x61,0x74,0x34,0x28,0x76,0x73,0x5f,
    0x70,0x61,0x72,0x61,0x6d,0x73,0x5b,0x34,0x5d,0x2c,0x20,0x76,0x73,0x5f,0x70,0x61,
    0x72,0x61,0x6d,0x73,0x5b,0x35,0x5d,0x2c,0x20,0x76,0x73,0x5f,0x70,0x61,0x72,0x61,
    0x6d,0x73,0x5b,0x36,0x5d,0x2c,0x20,0x76,0x73,0x5f,0x70,0x61,0x72,0x61,0x6d,0x73,
    0x5b,0x37,0x5d,0x29,0x20,0x2a,0x20,0x28,0x6d,0x61,0x74,0x34,0x28,0x76,0x73,0x5f,
    0x70,0x61,0x72,0x61,0x6d,0x73,0x5b,0x30,0x5d,0x2c,0x20,0x76,0x73,0x5f,0x70,0x61,
    0x72,0x61,0x6d,0x73,0x5b,0x31,0x5d,0x2c,0x20,0x76,0x73,0x5f,0x70,0x61,0x72,0x61,
    0x6d,0x73,0x5b,0x32,0x5d,0x2c,0x20,0x76,0x73,0x5f,0x70,0x61,0x72,0x61,0x6d,0x73,
    0x5b,0x33,0x5d,0x29,0x20,0x2a,0x20,0x28,0x5f,0x31,0x32,0x36,0x20,0x2a,0x20,0x76,
    0x65,0x63,0x34,0x28,0x70,0x6f,0x73,0x69,0x74,0x69,0x6f,0x6e,0x2c,0x20,0x31,0x2e,
    0x30,0x29,0x29,0x29,0x3b,0x0a,0x7d,0x0a,0x0a,0x00,
};
#endif
/*
    #version 430

    uniform vec4 fs_params[3];
    layout(binding = 0) uniform sampler2D baseColorTex_baseColorTexSmp;

    layout(location = 0) in vec3 v_worldNormal;
    layout(location = 1) in vec2 v_uv;
    layout(location = 0) out vec4 frag_color;

    void main()
    {
        vec4 albedo = fs_params[0];
        if (fs_params[2].x > 0.5)
        {
            albedo *= texture(baseColorTex_baseColorTexSmp, v_uv);
        }
        if (albedo.w < fs_params[2].y)
        {
            discard;
        }
        frag_color = vec4(albedo.xyz * clamp(fs_params[1].w + (max(dot(normalize(v_worldNormal), normalize(-fs_params[1].xyz)), 0.0) * (1.0 - fs_params[1].w)), 0.0, 1.0), albedo.w);
    }

*/
#if defined(SOKOL_GLCORE)
static const uint8_t tcx_assimp_skin_fs_skinned_source_glsl430[629] = {
    0x23,0x76,0x65,0x72,0x73,0x69,0x6f,0x6e,0x20,0x34,0x33,0x30,0x0a,0x0a,0x75,0x6e,
    0x69,0x66,0x6f,0x72,0x6d,0x20,0x76,0x65,0x63,0x34,0x20,0x66,0x73,0x5f,0x70,0x61,
    0x72,0x61,0x6d,0x73,0x5b,0x33,0x5d,0x3b,0x0a,0x6c,0x61,0x79,0x6f,0x75,0x74,0x28,
    0x62,0x69,0x6e,0x64,0x69,0x6e,0x67,0x20,0x3d,0x20,0x30,0x29,0x20,0x75,0x6e,0x69,
    0x66,0x6f,0x72,0x6d,0x20,0x73,0x61,0x6d,0x70,0x6c,0x65,0x72,0x32,0x44,0x20,0x62,
    0x61,0x73,0x65,0x43,0x6f,0x6c,0x6f,0x72,0x54,0x65,0x78,0x5f,0x62,0x61,0x73,0x65,
    0x43,0x6f,0x6c,0x6f,0x72,0x54,0x65,0x78,0x53,0x6d,0x70,0x3b,0x0a,0x0a,0x6c,0x61,
    0x79,0x6f,0x75,0x74,0x28,0x6c,0x6f,0x63,0x61,0x74,0x69,0x6f,0x6e,0x20,0x3d,0x20,
    0x30,0x29,0x20,0x69,0x6e,0x20,0x76,0x65,0x63,0x33,0x20,0x76,0x5f,0x77,0x6f,0x72,
    0x6c,0x64,0x4e,0x6f,0x72,0x6d,0x61,0x6c,0x3b,0x0a,0x6c,0x61,0x79,0x6f,0x75,0x74,
    0x28,0x6c,0x6f,0x63,0x61,0x74,0x69,0x6f,0x6e,0x20,0x3d,0x20,0x31,0x29,0x20,0x69,
    0x6e,0x20,0x76,0x65,0x63,0x32,0x20,0x76,0x5f,0x75,0x76,0x3b,0x0a,0x6c,0x61,0x79,
    0x6f,0x75,0x74,0x28,0x6c,0x6f,0x63,0x61,0x74,0x69,0x6f,0x6e,0x20,0x3d,0x20,0x30,
    0x29,0x20,0x6f,0x75,0x74,0x20,0x76,0x65,0x63,0x34,0x20,0x66,0x72,0x61,0x67,0x5f,
    0x63,0x6f,0x6c,0x6f,0x72,0x3b,0x0a,0x0a,0x76,0x6f,0x69,0x64,0x20,0x6d,0x61,0x69,
    0x6e,0x28,0x29,0x0a,0x7b,0x0a,0x20,0x20,0x20,0x20,0x76,0x65,0x63,0x34,0x20,0x61,
    0x6c,0x62,0x65,0x64,0x6f,0x20,0x3d,0x20,0x66,0x73,0x5f,0x70,0x61,0x72,0x61,0x6d,
    0x73,0x5b,0x30,0x5d,0x3b,0x0a,0x20,0x20,0x20,0x20,0x69,0x66,0x20,0x28,0x66,0x73,
    0x5f,0x70,0x61,0x72,0x61,0x6d,0x73,0x5b,0x32,0x5d,0x2e,0x78,0x20,0x3e,0x20,0x30,
    0x2e,0x35,0x29,0x0a,0x20,0x20,0x20,0x20,0x7b,0x0a,0x20,0x20,0x20,0x20,0x20,0x20,
    0x20,0x20,0x61,0x6c,0x62,0x65,0x64,0x6f,0x20,0x2a,0x3d,0x20,0x74,0x65,0x78,0x74,
    0x75,0x72,0x65,0x28,0x62,0x61,0x73,0x65,0x43,0x6f,0x6c,0x6f,0x72,0x54,0x65,0x78,
    0x5f,0x62,0x61,0x73,0x65,0x43,0x6f,0x6c,0x6f,0x72,0x54,0x65,0x78,0x53,0x6d,0x70,
    0x2c,0x20,0x76,0x5f,0x75,0x76,0x29,0x3b,0x0a,0x20,0x20,0x20,0x20,0x7d,0x0a,0x20,
    0x20,0x20,0x20,0x69,0x66,0x20,0x28,0x61,0x6c,0x62,0x65,0x64,0x6f,0x2e,0x77,0x20,
    0x3c,0x20,0x66,0x73,0x5f,0x70,0x61,0x72,0x61,0x6d,0x73,0x5b,0x32,0x5d,0x2e,0x79,
    0x29,0x0a,0x20,0x20,0x20,0x20,0x7b,0x0a,0x20,0x20,0x20,0x20,0x20,0x20,0x20,0x20,
    0x64,0x69,0x73,0x63,0x61,0x72,0x64,0x3b,0x0a,0x20,0x20,0x20,0x20,0x7d,0x0a,0x20,
    0x20,0x20,0x20,0x66,0x72,0x61,0x67,0x5f,0x63,0x6f,0x6c,0x6f,0x72,0x20,0x3d,0x20,
    0x76,0x65,0x63,0x34,0x28,0x61,0x6c,0x62,0x65,0x64,0x6f,0x2e,0x78,0x79,0x7a,0x20,
    0x2a,0x20,0x63,0x6c,0x61,0x6d,0x70,0x28,0x66,0x73,0x5f,0x70,0x61,0x72,0x61,0x6d,
    0x73,0x5b,0x31,0x5d,0x2e,0x77,0x20,0x2b,0x20,0x28,0x6d,0x61,0x78,0x28,0x64,0x6f,
    0x74,0x28,0x6e,0x6f,0x72,0x6d,0x61,0x6c,0x69,0x7a,0x65,0x28,0x76,0x5f,0x77,0x6f,
    0x72,0x6c,0x64,0x4e,0x6f,0x72,0x6d,0x61,0x6c,0x29,0x2c,0x20,0x6e,0x6f,0x72,0x6d,
    0x61,0x6c,0x69,0x7a,0x65,0x28,0x2d,0x66,0x73,0x5f,0x70,0x61,0x72,0x61,0x6d,0x73,
    0x5b,0x31,0x5d,0x2e,0x78,0x79,0x7a,0x29,0x29,0x2c,0x20,0x30,0x2e,0x30,0x29,0x20,
    0x2a,0x20,0x28,0x31,0x2e,0x30,0x20,0x2d,0x20,0x66,0x73,0x5f,0x70,0x61,0x72,0x61,
    0x6d,0x73,0x5b,0x31,0x5d,0x2e,0x77,0x29,0x29,0x2c,0x20,0x30,0x2e,0x30,0x2c,0x20,
    0x31,0x2e,0x30,0x29,0x2c,0x20,0x61,0x6c,0x62,0x65,0x64,0x6f,0x2e,0x77,0x29,0x3b,
    0x0a,0x7d,0x0a,0x0a,0x00,
};
#endif
/*
    #version 300 es

    uniform vec4 vs_params[524];
    layout(location = 4) in vec4 boneIndices;
    layout(location = 5) in vec4 boneWeights;
    layout(location = 0) in vec3 position;
    layout(location = 1) in vec3 normal;
    out vec3 v_worldNormal;
    out vec2 v_uv;
    layout(location = 2) in vec2 texcoord0;
    layout(location = 3) in vec4 tangent;

    mat4 weightedBoneMatrix()
    {
        mat4 _38 = mat4(vs_params[int(boneIndices.x) * 4 + 12], vs_params[int(boneIndices.x) * 4 + 13], vs_params[int(boneIndices.x) * 4 + 14], vs_params[int(boneIndices.x) * 4 + 15]) * boneWeights.x;
        mat4 _61 = mat4(vs_params[int(boneIndices.y) * 4 + 12], vs_params[int(boneIndices.y) * 4 + 13], vs_params[int(boneIndices.y) * 4 + 14], vs_params[int(boneIndices.y) * 4 + 15]) * boneWeights.y;
        mat4 _84 = mat4(vs_params[int(boneIndices.z) * 4 + 12], vs_params[int(boneIndices.z) * 4 + 13], vs_params[int(boneIndices.z) * 4 + 14], vs_params[int(boneIndices.z) * 4 + 15]) * boneWeights.z;
        mat4 _107 = mat4(vs_params[int(boneIndices.w) * 4 + 12], vs_params[int(boneIndices.w) * 4 + 13], vs_params[int(boneIndices.w) * 4 + 14], vs_params[int(boneIndices.w) * 4 + 15]) * boneWeights.w;
        return mat4(((_38[0] + _61[0]) + _84[0]) + _107[0], ((_38[1] + _61[1]) + _84[1]) + _107[1], ((_38[2] + _61[2]) + _84[2]) + _107[2], ((_38[3] + _61[3]) + _84[3]) + _107[3]);
    }

    void main()
    {
        mat4 _126 = weightedBoneMatrix();
        v_worldNormal = normalize((mat4(vs_params[8], vs_params[9], vs_params[10], vs_params[11]) * vec4(normalize((_126 * vec4(normal, 0.0)).xyz), 0.0)).xyz);
        v_uv = texcoord0;
        gl_Position = mat4(vs_params[4], vs_params[5], vs_params[6], vs_params[7]) * (mat4(vs_params[0], vs_params[1], vs_params[2], vs_params[3]) * (_126 * vec4(position, 1.0)));
    }

*/
#if defined(SOKOL_GLES3)
static const uint8_t tcx_assimp_skin_vs_skinned_source_glsl300es[1731] = {
    0x23,0x76,0x65,0x72,0x73,0x69,0x6f,0x6e,0x20,0x33,0x30,0x30,0x20,0x65,0x73,0x0a,
    0x0a,0x75,0x6e,0x69,0x66,0x6f,0x72,0x6d,0x20,0x76,0x65,0x63,0x34,0x20,0x76,0x73,
    0x5f,0x70,0x61,0x72,0x61,0x6d,0x73,0x5b,0x35,0x32,0x34,0x5d,0x3b,0x0a,0x6c,0x61,
    0x79,0x6f,0x75,0x74,0x28,0x6c,0x6f,0x63,0x61,0x74,0x69,0x6f,0x6e,0x20,0x3d,0x20,
    0x34,0x29,0x20,0x69,0x6e,0x20,0x76,0x65,0x63,0x34,0x20,0x62,0x6f,0x6e,0x65,0x49,
    0x6e,0x64,0x69,0x63,0x65,0x73,0x3b,0x0a,0x6c,0x61,0x79,0x6f,0x75,0x74,0x28,0x6c,
    0x6f,0x63,0x61,0x74,0x69,0x6f,0x6e,0x20,0x3d,0x20,0x35,0x29,0x20,0x69,0x6e,0x20,
    0x76,0x65,0x63,0x34,0x20,0x62,0x6f,0x6e,0x65,0x57,0x65,0x69,0x67,0x68,0x74,0x73,
    0x3b,0x0a,0x6c,0x61,0x79,0x6f,0x75,0x74,0x28,0x6c,0x6f,0x63,0x61,0x74,0x69,0x6f,
    0x6e,0x20,0x3d,0x20,0x30,0x29,0x20,0x69,0x6e,0x20,0x76,0x65,0x63,0x33,0x20,0x70,
    0x6f,0x73,0x69,0x74,0x69,0x6f,0x6e,0x3b,0x0a,0x6c,0x61,0x79,0x6f,0x75,0x74,0x28,
    0x6c,0x6f,0x63,0x61,0x74,0x69,0x6f,0x6e,0x20,0x3d,0x20,0x31,0x29,0x20,0x69,0x6e,
    0x20,0x76,0x65,0x63,0x33,0x20,0x6e,0x6f,0x72,0x6d,0x61,0x6c,0x3b,0x0a,0x6f,0x75,
    0x74,0x20,0x76,0x65,0x63,0x33,0x20,0x76,0x5f,0x77,0x6f,0x72,0x6c,0x64,0x4e,0x6f,
    0x72,0x6d,0x61,0x6c,0x3b,0x0a,0x6f,0x75,0x74,0x20,0x76,0x65,0x63,0x32,0x20,0x76,
    0x5f,0x75,0x76,0x3b,0x0a,0x6c,0x61,0x79,0x6f,0x75,0x74,0x28,0x6c,0x6f,0x63,0x61,
    0x74,0x69,0x6f,0x6e,0x20,0x3d,0x20,0x32,0x29,0x20,0x69,0x6e,0x20,0x76,0x65,0x63,
    0x32,0x20,0x74,0x65,0x78,0x63,0x6f,0x6f,0x72,0x64,0x30,0x3b,0x0a,0x6c,0x61,0x79,
    0x6f,0x75,0x74,0x28,0x6c,0x6f,0x63,0x61,0x74,0x69,0x6f,0x6e,0x20,0x3d,0x20,0x33,
    0x29,0x20,0x69,0x6e,0x20,0x76,0x65,0x63,0x34,0x20,0x74,0x61,0x6e,0x67,0x65,0x6e,
    0x74,0x3b,0x0a,0x0a,0x6d,0x61,0x74,0x34,0x20,0x77,0x65,0x69,0x67,0x68,0x74,0x65,
    0x64,0x42,0x6f,0x6e,0x65,0x4d,0x61,0x74,0x72,0x69,0x78,0x28,0x29,0x0a,0x7b,0x0a,
    0x20,0x20,0x20,0x20,0x6d,0x61,0x74,0x34,0x20,0x5f,0x33,0x38,0x20,0x3d,0x20,0x6d,
    0x61,0x74,0x34,0x28,0x76,0x73,0x5f,0x70,0x61,0x72,0x61,0x6d,0x73,0x5b,0x69,0x6e,
    0x74,0x28,0x62,0x6f,0x6e,0x65,0x49,0x6e,0x64,0x69,0x63,0x65,0x73,0x2e,0x78,0x29,
    0x20,0x2a,0x20,0x34,0x20,0x2b,0x20,0x31,0x32,0x5d,0x2c,0x20,0x76,0x73,0x5f,0x70,
    0x61,0x72,0x61,0x6d,0x73,0x5b,0x69,0x6e,0x74,0x28,0x62,0x6f,0x6e,0x65,0x49,0x6e,
    0x64,0x69,0x63,0x65,0x73,0x2e,0x78,0x29,0x20,0x2a,0x20,0x34,0x20,0x2b,0x20,0x31,
    0x33,0x5d,0x2c,0x20,0x76,0x73,0x5f,0x70,0x61,0x72,0x61,0x6d,0x73,0x5b,0x69,0x6e,
    0x74,0x28,0x62,0x6f,0x6e,0x65,0x49,0x6e,0x64,0x69,0x63,0x65,0x73,0x2e,0x78,0x29,
    0x20,0x2a,0x20,0x34,0x20,0x2b,0x20,0x31,0x34,0x5d,0x2c,0x20,0x76,0x73,0x5f,0x70,
    0x61,0x72,0x61,0x6d,0x73,0x5b,0x69,0x6e,0x74,0x28,0x62,0x6f,0x6e,0x65,0x49,0x6e,
    0x64,0x69,0x63,0x65,0x73,0x2e,0x78,0x29,0x20,0x2a,0x20,0x34,0x20,0x2b,0x20,0x31,
    0x35,0x5d,0x29,0x20,0x2a,0x20,0x62,0x6f,0x6e,0x65,0x57,0x65,0x69,0x67,0x68,0x74,
    0x73,0x2e,0x78,0x3b,0x0a,0x20,0x20,0x20,0x20,0x6d,0x61,0x74,0x34,0x20,0x5f,0x36,
    0x31,0x20,0x3d,0x20,0x6d,0x61,0x74,0x34,0x28,0x76,0x73,0x5f,0x70,0x61,0x72,0x61,
    0x6d,0x73,0x5b,0x69,0x6e,0x74,0x28,0x62,0x6f,0x6e,0x65,0x49,0x6e,0x64,0x69,0x63,
    0x65,0x73,0x2e,0x79,0x29,0x20,0x2a,0x20,0x34,0x20,0x2b,0x20,0x31,0x32,0x5d,0x2c,
    0x20,0x76,0x73,0x5f,0x70,0x61,0x72,0x61,0x6d,0x73,0x5b,0x69,0x6e,0x74,0x28,0x62,
    0x6f,0x6e,0x65,0x49,0x6e,0x64,0x69,0x63,0x65,0x73,0x2e,0x79,0x29,0x20,0x2a,0x20,
    0x34,0x20,0x2b,0x20,0x31,0x33,0x5d,0x2c,0x20,0x76,0x73,0x5f,0x70,0x61,0x72,0x61,
    0x6d,0x73,0x5b,0x69,0x6e,0x74,0x28,0x62,0x6f,0x6e,0x65,0x49,0x6e,0x64,0x69,0x63,
    0x65,0x73,0x2e,0x79,0x29,0x20,0x2a,0x20,0x34,0x20,0x2b,0x20,0x31,0x34,0x5d,0x2c,
    0x20,0x76,0x73,0x5f,0x70,0x61,0x72,0x61,0x6d,0x73,0x5b,0x69,0x6e,0x74,0x28,0x62,
    0x6f,0x6e,0x65,0x49,0x6e,0x64,0x69,0x63,0x65,0x73,0x2e,0x79,0x29,0x20,0x2a,0x20,
    0x34,0x20,0x2b,0x20,0x31,0x35,0x5d,0x29,0x20,0x2a,0x20,0x62,0x6f,0x6e,0x65,0x57,
    0x65,0x69,0x67,0x68,0x74,0x73,0x2e,0x79,0x3b,0x0a,0x20,0x20,0x20,0x20,0x6d,0x61,
    0x74,0x34,0x20,0x5f,0x38,0x34,0x20,0x3d,0x20,0x6d,0x61,0x74,0x34,0x28,0x76,0x73,
    0x5f,0x70,0x61,0x72,0x61,0x6d,0x73,0x5b,0x69,0x6e,0x74,0x28,0x62,0x6f,0x6e,0x65,
    0x49,0x6e,0x64,0x69,0x63,0x65,0x73,0x2e,0x7a,0x29,0x20,0x2a,0x20,0x34,0x20,0x2b,
    0x20,0x31,0x32,0x5d,0x2c,0x20,0x76,0x73,0x5f,0x70,0x61,0x72,0x61,0x6d,0x73,0x5b,
    0x69,0x6e,0x74,0x28,0x62,0x6f,0x6e,0x65,0x49,0x6e,0x64,0x69,0x63,0x65,0x73,0x2e,
    0x7a,0x29,0x20,0x2a,0x20,0x34,0x20,0x2b,0x20,0x31,0x33,0x5d,0x2c,0x20,0x76,0x73,
    0x5f,0x70,0x61,0x72,0x61,0x6d,0x73,0x5b,0x69,0x6e,0x74,0x28,0x62,0x6f,0x6e,0x65,
    0x49,0x6e,0x64,0x69,0x63,0x65,0x73,0x2e,0x7a,0x29,0x20,0x2a,0x20,0x34,0x20,0x2b,
    0x20,0x31,0x34,0x5d,0x2c,0x20,0x76,0x73,0x5f,0x70,0x61,0x72,0x61,0x6d,0x73,0x5b,
    0x69,0x6e,0x74,0x28,0x62,0x6f,0x6e,0x65,0x49,0x6e,0x64,0x69,0x63,0x65,0x73,0x2e,
    0x7a,0x29,0x20,0x2a,0x20,0x34,0x20,0x2b,0x20,0x31,0x35,0x5d,0x29,0x20,0x2a,0x20,
    0x62,0x6f,0x6e,0x65,0x57,0x65,0x69,0x67,0x68,0x74,0x73,0x2e,0x7a,0x3b,0x0a,0x20,
    0x20,0x20,0x20,0x6d,0x61,0x74,0x34,0x20,0x5f,0x31,0x30,0x37,0x20,0x3d,0x20,0x6d,
    0x61,0x74,0x34,0x28,0x76,0x73,0x5f,0x70,0x61,0x72,0x61,0x6d,0x73,0x5b,0x69,0x6e,
    0x74,0x28,0x62,0x6f,0x6e,0x65,0x49,0x6e,0x64,0x69,0x63,0x65,0x73,0x2e,0x77,0x29,
    0x20,0x2a,0x20,0x34,0x20,0x2b,0x20,0x31,0x32,0x5d,0x2c,0x20,0x76,0x73,0x5f,0x70,
    0x61,0x72,0x61,0x6d,0x73,0x5b,0x69,0x6e,0x74,0x28,0x62,0x6f,0x6e,0x65,0x49,0x6e,
    0x64,0x69,0x63,0x65,0x73,0x2e,0x77,0x29,0x20,0x2a,0x20,0x34,0x20,0x2b,0x20,0x31,
    0x33,0x5d,0x2c,0x20,0x76,0x73,0x5f,0x70,0x61,0x72,0x61,0x6d,0x73,0x5b,0x69,0x6e,
    0x74,0x28,0x62,0x6f,0x6e,0x65,0x49,0x6e,0x64,0x69,0x63,0x65,0x73,0x2e,0x77,0x29,
    0x20,0x2a,0x20,0x34,0x20,0x2b,0x20,0x31,0x34,0x5d,0x2c,0x20,0x76,0x73,0x5f,0x70,
    0x61,0x72,0x61,0x6d,0x73,0x5b,0x69,0x6e,0x74,0x28,0x62,0x6f,0x6e,0x65,0x49,0x6e,
    0x64,0x69,0x63,0x65,0x73,0x2e,0x77,0x29,0x20,0x2a,0x20,0x34,0x20,0x2b,0x20,0x31,
    0x35,0x5d,0x29,0x20,0x2a,0x20,0x62,0x6f,0x6e,0x65,0x57,0x65,0x69,0x67,0x68,0x74,
    0x73,0x2e,0x77,0x3b,0x0a,0x20,0x20,0x20,0x20,0x72,0x65,0x74,0x75,0x72,0x6e,0x20,
    0x6d,0x61,0x74,0x34,0x28,0x28,0x28,0x5f,0x33,0x38,0x5b,0x30,0x5d,0x20,0x2b,0x20,
    0x5f,0x36,0x31,0x5b,0x30,0x5d,0x29,0x20,0x2b,0x20,0x5f,0x38,0x34,0x5b,0x30,0x5d,
    0x29,0x20,0x2b,0x20,0x5f,0x31,0x30,0x37,0x5b,0x30,0x5d,0x2c,0x20,0x28,0x28,0x5f,
    0x33,0x38,0x5b,0x31,0x5d,0x20,0x2b,0x20,0x5f,0x36,0x31,0x5b,0x31,0x5d,0x29,0x20,
    0x2b,0x20,0x5f,0x38,0x34,0x5b,0x31,0x5d,0x29,0x20,0x2b,0x20,0x5f,0x31,0x30,0x37,
    0x5b,0x31,0x5d,0x2c,0x20,0x28,0x28,0x5f,0x33,0x38,0x5b,0x32,0x5d,0x20,0x2b,0x20,
    0x5f,0x36,0x31,0x5b,0x32,0x5d,0x29,0x20,0x2b,0x20,0x5f,0x38,0x34,0x5b,0x32,0x5d,
    0x29,0x20,0x2b,0x20,0x5f,0x31,0x30,0x37,0x5b,0x32,0x5d,0x2c,0x20,0x28,0x28,0x5f,
    0x33,0x38,0x5b,0x33,0x5d,0x20,0x2b,0x20,0x5f,0x36,0x31,0x5b,0x33,0x5d,0x29,0x20,
    0x2b,0x20,0x5f,0x38,0x34,0x5b,0x33,0x5d,0x29,0x20,0x2b,0x20,0x5f,0x31,0x30,0x37,
    0x5b,0x33,0x5d,0x29,0x3b,0x0a,0x7d,0x0a,0x0a,0x76,0x6f,0x69,0x64,0x20,0x6d,0x61,
    0x69,0x6e,0x28,0x29,0x0a,0x7b,0x0a,0x20,0x20,0x20,0x20,0x6d,0x61,0x74,0x34,0x20,
    0x5f,0x31,0x32,0x36,0x20,0x3d,0x20,0x77,0x65,0x69,0x67,0x68,0x74,0x65,0x64,0x42,
    0x6f,0x6e,0x65,0x4d,0x61,0x74,0x72,0x69,0x78,0x28,0x29,0x3b,0x0a,0x20,0x20,0x20,
    0x20,0x76,0x5f,0x77,0x6f,0x72,0x6c,0x64,0x4e,0x6f,0x72,0x6d,0x61,0x6c,0x20,0x3d,
    0x20,0x6e,0x6f,0x72,0x6d,0x61,0x6c,0x69,0x7a,0x65,0x28,0x28,0x6d,0x61,0x74,0x34,
    0x28,0x76,0x73,0x5f,0x70,0x61,0x72,0x61,0x6d,0x73,0x5b,0x38,0x5d,0x2c,0x20,0x76,
    0x73,0x5f,0x70,0x61,0x72,0x61,0x6d,0x73,0x5b,0x39,0x5d,0x2c,0x20,0x76,0x73,0x5f,
    0x70,0x61,0x72,0x61,0x6d,0x73,0x5b,0x31,0x30,0x5d,0x2c,0x20,0x76,0x73,0x5f,0x70,
    0x61,0x72,0x61,0x6d,0x73,0x5b,0x31,0x31,0x5d,0x29,0x20,0x2a,0x20,0x76,0x65,0x63,
    0x34,0x28,0x6e,0x6f,0x72,0x6d,0x61,0x6c,0x69,0x7a,0x65,0x28,0x28,0x5f,0x31,0x32,
    0x36,0x20,0x2a,0x20,0x76,0x65,0x63,0x34,0x28,0x6e,0x6f,0x72,0x6d,0x61,0x6c,0x2c,
    0x20,0x30,0x2e,0x30,0x29,0x29,0x2e,0x78,0x79,0x7a,0x29,0x2c,0x20,0x30,0x2e,0x30,
    0x29,0x29,0x2e,0x78,0x79,0x7a,0x29,0x3b,0x0a,0x20,0x20,0x20,0x20,0x76,0x5f,0x75,
    0x76,0x20,0x3d,0x20,0x74,0x65,0x78,0x63,0x6f,0x6f,0x72,0x64,0x30,0x3b,0x0a,0x20,
    0x20,0x20,0x20,0x67,0x6c,0x5f,0x50,0x6f,0x73,0x69,0x74,0x69,0x6f,0x6e,0x20,0x3d,
    0x20,0x6d,0x61,0x74,0x34,0x28,0x76,0x73,0x5f,0x70,0x61,0x72,0x61,0x6d,0x73,0x5b,
    0x34,0x5d,0x2c,0x20,0x76,0x73,0x5f,0x70,0x61,0x72,0x61,0x6d,0x73,0x5b,0x35,0x5d,
    0x2c,0x20,0x76,0x73,0x5f,0x70,0x61,0x72,0x61,0x6d,0x73,0x5b,0x36,0x5d,0x2c,0x20,
    0x76,0x73,0x5f,0x70,0x61,0x72,0x61,0x6d,0x73,0x5b,0x37,0x5d,0x29,0x20,0x2a,0x20,
    0x28,0x6d,0x61,0x74,0x34,0x28,0x76,0x73,0x5f,0x70,0x61,0x72,0x61,0x6d,0x73,0x5b,
    0x30,0x5d,0x2c,0x20,0x76,0x73,0x5f,0x70,0x61,0x72,0x61,0x6d,0x73,0x5b,0x31,0x5d,
    0x2c,0x20,0x76,0x73,0x5f,0x70,0x61,0x72,0x61,0x6d,0x73,0x5b,0x32,0x5d,0x2c,0x20,
    0x76,0x73,0x5f,0x70,0x61,0x72,0x61,0x6d,0x73,0x5b,0x33,0x5d,0x29,0x20,0x2a,0x20,
    0x28,0x5f,0x31,0x32,0x36,0x20,0x2a,0x20,0x76,0x65,0x63,0x34,0x28,0x70,0x6f,0x73,
    0x69,0x74,0x69,0x6f,0x6e,0x2c,0x20,0x31,0x2e,0x30,0x29,0x29,0x29,0x3b,0x0a,0x7d,
    0x0a,0x0a,0x00,
};
#endif
/*
    #version 300 es
    precision mediump float;
    precision highp int;

    uniform highp vec4 fs_params[3];
    uniform highp sampler2D baseColorTex_baseColorTexSmp;

    in highp vec3 v_worldNormal;
    in highp vec2 v_uv;
    layout(location = 0) out highp vec4 frag_color;

    void main()
    {
        highp vec4 albedo = fs_params[0];
        if (fs_params[2].x > 0.5)
        {
            albedo *= texture(baseColorTex_baseColorTexSmp, v_uv);
        }
        if (albedo.w < fs_params[2].y)
        {
            discard;
        }
        frag_color = vec4(albedo.xyz * clamp(fs_params[1].w + (max(dot(normalize(v_worldNormal), normalize(-fs_params[1].xyz)), 0.0) * (1.0 - fs_params[1].w)), 0.0, 1.0), albedo.w);
    }

*/
#if defined(SOKOL_GLES3)
static const uint8_t tcx_assimp_skin_fs_skinned_source_glsl300es[652] = {
    0x23,0x76,0x65,0x72,0x73,0x69,0x6f,0x6e,0x20,0x33,0x30,0x30,0x20,0x65,0x73,0x0a,
    0x70,0x72,0x65,0x63,0x69,0x73,0x69,0x6f,0x6e,0x20,0x6d,0x65,0x64,0x69,0x75,0x6d,
    0x70,0x20,0x66,0x6c,0x6f,0x61,0x74,0x3b,0x0a,0x70,0x72,0x65,0x63,0x69,0x73,0x69,
    0x6f,0x6e,0x20,0x68,0x69,0x67,0x68,0x70,0x20,0x69,0x6e,0x74,0x3b,0x0a,0x0a,0x75,
    0x6e,0x69,0x66,0x6f,0x72,0x6d,0x20,0x68,0x69,0x67,0x68,0x70,0x20,0x76,0x65,0x63,
    0x34,0x20,0x66,0x73,0x5f,0x70,0x61,0x72,0x61,0x6d,0x73,0x5b,0x33,0x5d,0x3b,0x0a,
    0x75,0x6e,0x69,0x66,0x6f,0x72,0x6d,0x20,0x68,0x69,0x67,0x68,0x70,0x20,0x73,0x61,
    0x6d,0x70,0x6c,0x65,0x72,0x32,0x44,0x20,0x62,0x61,0x73,0x65,0x43,0x6f,0x6c,0x6f,
    0x72,0x54,0x65,0x78,0x5f,0x62,0x61,0x73,0x65,0x43,0x6f,0x6c,0x6f,0x72,0x54,0x65,
    0x78,0x53,0x6d,0x70,0x3b,0x0a,0x0a,0x69,0x6e,0x20,0x68,0x69,0x67,0x68,0x70,0x20,
    0x76,0x65,0x63,0x33,0x20,0x76,0x5f,0x77,0x6f,0x72,0x6c,0x64,0x4e,0x6f,0x72,0x6d,
    0x61,0x6c,0x3b,0x0a,0x69,0x6e,0x20,0x68,0x69,0x67,0x68,0x70,0x20,0x76,0x65,0x63,
    0x32,0x20,0x76,0x5f,0x75,0x76,0x3b,0x0a,0x6c,0x61,0x79,0x6f,0x75,0x74,0x28,0x6c,
    0x6f,0x63,0x61,0x74,0x69,0x6f,0x6e,0x20,0x3d,0x20,0x30,0x29,0x20,0x6f,0x75,0x74,
    0x20,0x68,0x69,0x67,0x68,0x70,0x20,0x76,0x65,0x63,0x34,0x20,0x66,0x72,0x61,0x67,
    0x5f,0x63,0x6f,0x6c,0x6f,0x72,0x3b,0x0a,0x0a,0x76,0x6f,0x69,0x64,0x20,0x6d,0x61,
    0x69,0x6e,0x28,0x29,0x0a,0x7b,0x0a,0x20,0x20,0x20,0x20,0x68,0x69,0x67,0x68,0x70,
    0x20,0x76,0x65,0x63,0x34,0x20,0x61,0x6c,0x62,0x65,0x64,0x6f,0x20,0x3d,0x20,0x66,
    0x73,0x5f,0x70,0x61,0x72,0x61,0x6d,0x73,0x5b,0x30,0x5d,0x3b,0x0a,0x20,0x20,0x20,
    0x20,0x69,0x66,0x20,0x28,0x66,0x73,0x5f,0x70,0x61,0x72,0x61,0x6d,0x73,0x5b,0x32,
    0x5d,0x2e,0x78,0x20,0x3e,0x20,0x30,0x2e,0x35,0x29,0x0a,0x20,0x20,0x20,0x20,0x7b,
    0x0a,0x20,0x20,0x20,0x20,0x20,0x20,0x20,0x20,0x61,0x6c,0x62,0x65,0x64,0x6f,0x20,
    0x2a,0x3d,0x20,0x74,0x65,0x78,0x74,0x75,0x72,0x65,0x28,0x62,0x61,0x73,0x65,0x43,
    0x6f,0x6c,0x6f,0x72,0x54,0x65,0x78,0x5f,0x62,0x61,0x73,0x65,0x43,0x6f,0x6c,0x6f,
    0x72,0x54,0x65,0x78,0x53,0x6d,0x70,0x2c,0x20,0x76,0x5f,0x75,0x76,0x29,0x3b,0x0a,
    0x20,0x20,0x20,0x20,0x7d,0x0a,0x20,0x20,0x20,0x20,0x69,0x66,0x20,0x28,0x61,0x6c,
    0x62,0x65,0x64,0x6f,0x2e,0x77,0x20,0x3c,0x20,0x66,0x73,0x5f,0x70,0x61,0x72,0x61,
    0x6d,0x73,0x5b,0x32,0x5d,0x2e,0x79,0x29,0x0a,0x20,0x20,0x20,0x20,0x7b,0x0a,0x20,
    0x20,0x20,0x20,0x20,0x20,0x20,0x20,0x64,0x69,0x73,0x63,0x61,0x72,0x64,0x3b,0x0a,
    0x20,0x20,0x20,0x20,0x7d,0x0a,0x20,0x20,0x20,0x20,0x66,0x72,0x61,0x67,0x5f,0x63,
    0x6f,0x6c,0x6f,0x72,0x20,0x3d,0x20,0x76,0x65,0x63,0x34,0x28,0x61,0x6c,0x62,0x65,
    0x64,0x6f,0x2e,0x78,0x79,0x7a,0x20,0x2a,0x20,0x63,0x6c,0x61,0x6d,0x70,0x28,0x66,
    0x73,0x5f,0x70,0x61,0x72,0x61,0x6d,0x73,0x5b,0x31,0x5d,0x2e,0x77,0x20,0x2b,0x20,
    0x28,0x6d,0x61,0x78,0x28,0x64,0x6f,0x74,0x28,0x6e,0x6f,0x72,0x6d,0x61,0x6c,0x69,
    0x7a,0x65,0x28,0x76,0x5f,0x77,0x6f,0x72,0x6c,0x64,0x4e,0x6f,0x72,0x6d,0x61,0x6c,
    0x29,0x2c,0x20,0x6e,0x6f,0x72,0x6d,0x61,0x6c,0x69,0x7a,0x65,0x28,0x2d,0x66,0x73,
    0x5f,0x70,0x61,0x72,0x61,0x6d,0x73,0x5b,0x31,0x5d,0x2e,0x78,0x79,0x7a,0x29,0x29,
    0x2c,0x20,0x30,0x2e,0x30,0x29,0x20,0x2a,0x20,0x28,0x31,0x2e,0x30,0x20,0x2d,0x20,
    0x66,0x73,0x5f,0x70,0x61,0x72,0x61,0x6d,0x73,0x5b,0x31,0x5d,0x2e,0x77,0x29,0x29,
    0x2c,0x20,0x30,0x2e,0x30,0x2c,0x20,0x31,0x2e,0x30,0x29,0x2c,0x20,0x61,0x6c,0x62,
    0x65,0x64,0x6f,0x2e,0x77,0x29,0x3b,0x0a,0x7d,0x0a,0x0a,0x00,
};
#endif
/*
    cbuffer vs_params : register(b0)
    {
        row_major float4x4 _22_model : packoffset(c0);
        row_major float4x4 _22_viewProj : packoffset(c4);
        row_major float4x4 _22_normalMat : packoffset(c8);
        row_major float4x4 _22_bones[128] : packoffset(c12);
    };


    static float4 gl_Position;
    static float4 boneIndices;
    static float4 boneWeights;
    static float3 position;
    static float3 normal;
    static float3 v_worldNormal;
    static float2 v_uv;
    static float2 texcoord0;
    static float4 tangent;

    struct SPIRV_Cross_Input
    {
        float3 position : TEXCOORD0;
        float3 normal : TEXCOORD1;
        float2 texcoord0 : TEXCOORD2;
        float4 tangent : TEXCOORD3;
        float4 boneIndices : TEXCOORD4;
        float4 boneWeights : TEXCOORD5;
    };

    struct SPIRV_Cross_Output
    {
        float3 v_worldNormal : TEXCOORD0;
        float2 v_uv : TEXCOORD1;
        float4 gl_Position : SV_Position;
    };

    float4x4 weightedBoneMatrix()
    {
        float4x4 _38 = _22_bones[int(boneIndices.x)] * boneWeights.x;
        float4x4 _61 = _22_bones[int(boneIndices.y)] * boneWeights.y;
        float4x4 _84 = _22_bones[int(boneIndices.z)] * boneWeights.z;
        float4x4 _107 = _22_bones[int(boneIndices.w)] * boneWeights.w;
        return float4x4(((_38[0] + _61[0]) + _84[0]) + _107[0], ((_38[1] + _61[1]) + _84[1]) + _107[1], ((_38[2] + _61[2]) + _84[2]) + _107[2], ((_38[3] + _61[3]) + _84[3]) + _107[3]);
    }

    void vert_main()
    {
        float4x4 _126 = weightedBoneMatrix();
        v_worldNormal = normalize(mul(float4(normalize(mul(float4(normal, 0.0f), _126).xyz), 0.0f), _22_normalMat).xyz);
        v_uv = texcoord0;
        gl_Position = mul(mul(mul(float4(position, 1.0f), _126), _22_model), _22_viewProj);
    }

    SPIRV_Cross_Output main(SPIRV_Cross_Input stage_input)
    {
        boneIndices = stage_input.boneIndices;
        boneWeights = stage_input.boneWeights;
        position = stage_input.position;
        normal = stage_input.normal;
        texcoord0 = stage_input.texcoord0;
        tangent = stage_input.tangent;
        vert_main();
        SPIRV_Cross_Output stage_output;
        stage_output.gl_Position = gl_Position;
        stage_output.v_worldNormal = v_worldNormal;
        stage_output.v_uv = v_uv;
        return stage_output;
    }
*/
#if defined(SOKOL_D3D11)
static const uint8_t tcx_assimp_skin_vs_skinned_source_hlsl5[2115] = {
    0x63,0x62,0x75,0x66,0x66,0x65,0x72,0x20,0x76,0x73,0x5f,0x70,0x61,0x72,0x61,0x6d,
    0x73,0x20,0x3a,0x20,0x72,0x65,0x67,0x69,0x73,0x74,0x65,0x72,0x28,0x62,0x30,0x29,
    0x0a,0x7b,0x0a,0x20,0x20,0x20,0x20,0x72,0x6f,0x77,0x5f,0x6d,0x61,0x6a,0x6f,0x72,
    0x20,0x66,0x6c,0x6f,0x61,0x74,0x34,0x78,0x34,0x20,0x5f,0x32,0x32,0x5f,0x6d,0x6f,
    0x64,0x65,0x6c,0x20,0x3a,0x20,0x70,0x61,0x63,0x6b,0x6f,0x66,0x66,0x73,0x65,0x74,
    0x28,0x63,0x30,0x29,0x3b,0x0a,0x20,0x20,0x20,0x20,0x72,0x6f,0x77,0x5f,0x6d,0x61,
    0x6a,0x6f,0x72,0x20,0x66,0x6c,0x6f,0x61,0x74,0x34,0x78,0x34,0x20,0x5f,0x32,0x32,
    0x5f,0x76,0x69,0x65,0x77,0x50,0x72,0x6f,0x6a,0x20,0x3a,0x20,0x70,0x61,0x63,0x6b,
    0x6f,0x66,0x66,0x73,0x65,0x74,0x28,0x63,0x34,0x29,0x3b,0x0a,0x20,0x20,0x20,0x20,
    0x72,0x6f,0x77,0x5f,0x6d,0x61,0x6a,0x6f,0x72,0x20,0x66,0x6c,0x6f,0x61,0x74,0x34,
    0x78,0x34,0x20,0x5f,0x32,0x32,0x5f,0x6e,0x6f,0x72,0x6d,0x61,0x6c,0x4d,0x61,0x74,
    0x20,0x3a,0x20,0x70,0x61,0x63,0x6b,0x6f,0x66,0x66,0x73,0x65,0x74,0x28,0x63,0x38,
    0x29,0x3b,0x0a,0x20,0x20,0x20,0x20,0x72,0x6f,0x77,0x5f,0x6d,0x61,0x6a,0x6f,0x72,
    0x20,0x66,0x6c,0x6f,0x61,0x74,0x34,0x78,0x34,0x20,0x5f,0x32,0x32,0x5f,0x62,0x6f,
    0x6e,0x65,0x73,0x5b,0x31,0x32,0x38,0x5d,0x20,0x3a,0x20,0x70,0x61,0x63,0x6b,0x6f,
    0x66,0x66,0x73,0x65,0x74,0x28,0x63,0x31,0x32,0x29,0x3b,0x0a,0x7d,0x3b,0x0a,0x0a,
    0x0a,0x73,0x74,0x61,0x74,0x69,0x63,0x20,0x66,0x6c,0x6f,0x61,0x74,0x34,0x20,0x67,
    0x6c,0x5f,0x50,0x6f,0x73,0x69,0x74,0x69,0x6f,0x6e,0x3b,0x0a,0x73,0x74,0x61,0x74,
    0x69,0x63,0x20,0x66,0x6c,0x6f,0x61,0x74,0x34,0x20,0x62,0x6f,0x6e,0x65,0x49,0x6e,
    0x64,0x69,0x63,0x65,0x73,0x3b,0x0a,0x73,0x74,0x61,0x74,0x69,0x63,0x20,0x66,0x6c,
    0x6f,0x61,0x74,0x34,0x20,0x62,0x6f,0x6e,0x65,0x57,0x65,0x69,0x67,0x68,0x74,0x73,
    0x3b,0x0a,0x73,0x74,0x61,0x74,0x69,0x63,0x20,0x66,0x6c,0x6f,0x61,0x74,0x33,0x20,
    0x70,0x6f,0x73,0x69,0x74,0x69,0x6f,0x6e,0x3b,0x0a,0x73,0x74,0x61,0x74,0x69,0x63,
    0x20,0x66,0x6c,0x6f,0x61,0x74,0x33,0x20,0x6e,0x6f,0x72,0x6d,0x61,0x6c,0x3b,0x0a,
    0x73,0x74,0x61,0x74,0x69,0x63,0x20,0x66,0x6c,0x6f,0x61,0x74,0x33,0x20,0x76,0x5f,
    0x77,0x6f,0x72,0x6c,0x64,0x4e,0x6f,0x72,0x6d,0x61,0x6c,0x3b,0x0a,0x73,0x74,0x61,
    0x74,0x69,0x63,0x20,0x66,0x6c,0x6f,0x61,0x74,0x32,0x20,0x76,0x5f,0x75,0x76,0x3b,
    0x0a,0x73,0x74,0x61,0x74,0x69,0x63,0x20,0x66,0x6c,0x6f,0x61,0x74,0x32,0x20,0x74,
    0x65,0x78,0x63,0x6f,0x6f,0x72,0x64,0x30,0x3b,0x0a,0x73,0x74,0x61,0x74,0x69,0x63,
    0x20,0x66,0x6c,0x6f,0x61,0x74,0x34,0x20,0x74,0x61,0x6e,0x67,0x65,0x6e,0x74,0x3b,
    0x0a,0x0a,0x73,0x74,0x72,0x75,0x63,0x74,0x20,0x53,0x50,0x49,0x52,0x56,0x5f,0x43,
    0x72,0x6f,0x73,0x73,0x5f,0x49,0x6e,0x70,0x75,0x74,0x0a,0x7b,0x0a,0x20,0x20,0x20,
    0x20,0x66,0x6c,0x6f,0x61,0x74,0x33,0x20,0x70,0x6f,0x73,0x69,0x74,0x69,0x6f,0x6e,
    0x20,0x3a,0x20,0x54,0x45,0x58,0x43,0x4f,0x4f,0x52,0x44,0x30,0x3b,0x0a,0x20,0x20,
    0x20,0x20,0x66,0x6c,0x6f,0x61,0x74,0x33,0x20,0x6e,0x6f,0x72,0x6d,0x61,0x6c,0x20,
    0x3a,0x20,0x54,0x45,0x58,0x43,0x4f,0x4f,0x52,0x44,0x31,0x3b,0x0a,0x20,0x20,0x20,
    0x20,0x66,0x6c,0x6f,0x61,0x74,0x32,0x20,0x74,0x65,0x78,0x63,0x6f,0x6f,0x72,0x64,
    0x30,0x20,0x3a,0x20,0x54,0x45,0x58,0x43,0x4f,0x4f,0x52,0x44,0x32,0x3b,0x0a,0x20,
    0x20,0x20,0x20,0x66,0x6c,0x6f,0x61,0x74,0x34,0x20,0x74,0x61,0x6e,0x67,0x65,0x6e,
    0x74,0x20,0x3a,0x20,0x54,0x45,0x58,0x43,0x4f,0x4f,0x52,0x44,0x33,0x3b,0x0a,0x20,
    0x20,0x20,0x20,0x66,0x6c,0x6f,0x61,0x74,0x34,0x20,0x62,0x6f,0x6e,0x65,0x49,0x6e,
    0x64,0x69,0x63,0x65,0x73,0x20,0x3a,0x20,0x54,0x45,0x58,0x43,0x4f,0x4f,0x52,0x44,
    0x34,0x3b,0x0a,0x20,0x20,0x20,0x20,0x66,0x6c,0x6f,0x61,0x74,0x34,0x20,0x62,0x6f,
    0x6e,0x65,0x57,0x65,0x69,0x67,0x68,0x74,0x73,0x20,0x3a,0x20,0x54,0x45,0x58,0x43,
    0x4f,0x4f,0x52,0x44,0x35,0x3b,0x0a,0x7d,0x3b,0x0a,0x0a,0x73,0x74,0x72,0x75,0x63,
    0x74,0x20,0x53,0x50,0x49,0x52,0x56,0x5f,0x43,0x72,0x6f,0x73,0x73,0x5f,0x4f,0x75,
    0x74,0x70,0x75,0x74,0x0a,0x7b,0x0a,0x20,0x20,0x20,0x20,0x66,0x6c,0x6f,0x61,0x74,
    0x33,0x20,0x76,0x5f,0x77,0x6f,0x72,0x6c,0x64,0x4e,0x6f,0x72,0x6d,0x61,0x6c,0x20,
    0x3a,0x20,0x54,0x45,0x58,0x43,0x4f,0x4f,0x52,0x44,0x30,0x3b,0x0a,0x20,0x20,0x20,
    0x20,0x66,0x6c,0x6f,0x61,0x74,0x32,0x20,0x76,0x5f,0x75,0x76,0x20,0x3a,0x20,0x54,
    0x45,0x58,0x43,0x4f,0x4f,0x52,0x44,0x31,0x3b,0x0a,0x20,0x20,0x20,0x20,0x66,0x6c,
    0x6f,0x61,0x74,0x34,0x20,0x67,0x6c,0x5f,0x50,0x6f,0x73,0x69,0x74,0x69,0x6f,0x6e,
    0x20,0x3a,0x20,0x53,0x56,0x5f,0x50,0x6f,0x73,0x69,0x74,0x69,0x6f,0x6e,0x3b,0x0a,
    0x7d,0x3b,0x0a,0x0a,0x66,0x6c,0x6f,0x61,0x74,0x34,0x78,0x34,0x20,0x77,0x65,0x69,
    0x67,0x68,0x74,0x65,0x64,0x42,0x6f,0x6e,0x65,0x4d,0x61,0x74,0x72,0x69,0x78,0x28,
    0x29,0x0a,0x7b,0x0a,0x20,0x20,0x20,0x20,0x66,0x6c,0x6f,0x61,0x74,0x34,0x78,0x34,
    0x20,0x5f,0x33,0x38,0x20,0x3d,0x20,0x5f,0x32,0x32,0x5f,0x62,0x6f,0x6e,0x65,0x73,
    0x5b,0x69,0x6e,0x74,0x28,0x62,0x6f,0x6e,0x65,0x49,0x6e,0x64,0x69,0x63,0x65,0x73,
    0x2e,0x78,0x29,0x5d,0x20,0x2a,0x20,0x62,0x6f,0x6e,0x65,0x57,0x65,0x69,0x67,0x68,
    0x74,0x73,0x2e,0x78,0x3b,0x0a,0x20,0x20,0x20,0x20,0x66,0x6c,0x6f,0x61,0x74,0x34,
    0x78,0x34,0x20,0x5f,0x36,0x31,0x20,0x3d,0x20,0x5f,0x32,0x32,0x5f,0x62,0x6f,0x6e,
    0x65,0x73,0x5b,0x69,0x6e,0x74,0x28,0x62,0x6f,0x6e,0x65,0x49,0x6e,0x64,0x69,0x63,
    0x65,0x73,0x2e,0x79,0x29,0x5d,0x20,0x2a,0x20,0x62,0x6f,0x6e,0x65,0x57,0x65,0x69,
    0x67,0x68,0x74,0x73,0x2e,0x79,0x3b,0x0a,0x20,0x20,0x20,0x20,0x66,0x6c,0x6f,0x61,
    0x74,0x34,0x78,0x34,0x20,0x5f,0x38,0x34,0x20,0x3d,0x20,0x5f,0x32,0x32,0x5f,0x62,
    0x6f,0x6e,0x65,0x73,0x5b,0x69,0x6e,0x74,0x28,0x62,0x6f,0x6e,0x65,0x49,0x6e,0x64,
    0x69,0x63,0x65,0x73,0x2e,0x7a,0x29,0x5d,0x20,0x2a,0x20,0x62,0x6f,0x6e,0x65,0x57,
    0x65,0x69,0x67,0x68,0x74,0x73,0x2e,0x7a,0x3b,0x0a,0x20,0x20,0x20,0x20,0x66,0x6c,
    0x6f,0x61,0x74,0x34,0x78,0x34,0x20,0x5f,0x31,0x30,0x37,0x20,0x3d,0x20,0x5f,0x32,
    0x32,0x5f,0x62,0x6f,0x6e,0x65,0x73,0x5b,0x69,0x6e,0x74,0x28,0x62,0x6f,0x6e,0x65,
    0x49,0x6e,0x64,0x69,0x63,0x65,0x73,0x2e,0x77,0x29,0x5d,0x20,0x2a,0x20,0x62,0x6f,
    0x6e,0x65,0x57,0x65,0x69,0x67,0x68,0x74,0x73,0x2e,0x77,0x3b,0x0a,0x20,0x20,0x20,
    0x20,0x72,0x65,0x74,0x75,0x72,0x6e,0x20,0x66,0x6c,0x6f,0x61,0x74,0x34,0x78,0x34,
    0x28,0x28,0x28,0x5f,0x33,0x38,0x5b,0x30,0x5d,0x20,0x2b,0x20,0x5f,0x36,0x31,0x5b,
    0x30,0x5d,0x29,0x20,0x2b,0x20,0x5f,0x38,0x34,0x5b,0x30,0x5d,0x29,0x20,0x2b,0x20,
    0x5f,0x31,0x30,0x37,0x5b,0x30,0x5d,0x2c,0x20,0x28,0x28,0x5f,0x33,0x38,0x5b,0x31,
    0x5d,0x20,0x2b,0x20,0x5f,0x36,0x31,0x5b,0x31,0x5d,0x29,0x20,0x2b,0x20,0x5f,0x38,
    0x34,0x5b,0x31,0x5d,0x29,0x20,0x2b,0x20,0x5f,0x31,0x30,0x37,0x5b,0x31,0x5d,0x2c,
    0x20,0x28,0x28,0x5f,0x33,0x38,0x5b,0x32,0x5d,0x20,0x2b,0x20,0x5f,0x36,0x31,0x5b,
    0x32,0x5d,0x29,0x20,0x2b,0x20,0x5f,0x38,0x34,0x5b,0x32,0x5d,0x29,0x20,0x2b,0x20,
    0x5f,0x31,0x30,0x37,0x5b,0x32,0x5d,0x2c,0x20,0x28,0x28,0x5f,0x33,0x38,0x5b,0x33,
    0x5d,0x20,0x2b,0x20,0x5f,0x36,0x31,0x5b,0x33,0x5d,0x29,0x20,0x2b,0x20,0x5f,0x38,
    0x34,0x5b,0x33,0x5d,0x29,0x20,0x2b,0x20,0x5f,0x31,0x30,0x37,0x5b,0x33,0x5d,0x29,
    0x3b,0x0a,0x7d,0x0a,0x0a,0x76,0x6f,0x69,0x64,0x20,0x76,0x65,0x72,0x74,0x5f,0x6d,
    0x61,0x69,0x6e,0x28,0x29,0x0a,0x7b,0x0a,0x20,0x20,0x20,0x20,0x66,0x6c,0x6f,0x61,
    0x74,0x34,0x78,0x34,0x20,0x5f,0x31,0x32,0x36,0x20,0x3d,0x20,0x77,0x65,0x69,0x67,
    0x68,0x74,0x65,0x64,0x42,0x6f,0x6e,0x65,0x4d,0x61,0x74,0x72,0x69,0x78,0x28,0x29,
    0x3b,0x0a,0x20,0x20,0x20,0x20,0x76,0x5f,0x77,0x6f,0x72,0x6c,0x64,0x4e,0x6f,0x72,
    0x6d,0x61,0x6c,0x20,0x3d,0x20,0x6e,0x6f,0x72,0x6d,0x61,0x6c,0x69,0x7a,0x65,0x28,
    0x6d,0x75,0x6c,0x28,0x66,0x6c,0x6f,0x61,0x74,0x34,0x28,0x6e,0x6f,0x72,0x6d,0x61,
    0x6c,0x69,0x7a,0x65,0x28,0x6d,0x75,0x6c,0x28,0x66,0x6c,0x6f,0x61,0x74,0x34,0x28,
    0x6e,0x6f,0x72,0x6d,0x61,0x6c,0x2c,0x20,0x30,0x2e,0x30,0x66,0x29,0x2c,0x20,0x5f,
    0x31,0x32,0x36,0x29,0x2e,0x78,0x79,0x7a,0x29,0x2c,0x20,0x30,0x2e,0x30,0x66,0x29,
    0x2c,0x20,0x5f,0x32,0x32,0x5f,0x6e,0x6f,0x72,0x6d,0x61,0x6c,0x4d,0x61,0x74,0x29,
    0x2e,0x78,0x79,0x7a,0x29,0x3b,0x0a,0x20,0x20,0x20,0x20,0x76,0x5f,0x75,0x76,0x20,
    0x3d,0x20,0x74,0x65,0x78,0x63,0x6f,0x6f,0x72,0x64,0x30,0x3b,0x0a,0x20,0x20,0x20,
    0x20,0x67,0x6c,0x5f,0x50,0x6f,0x73,0x69,0x74,0x69,0x6f,0x6e,0x20,0x3d,0x20,0x6d,
    0x75,0x6c,0x28,0x6d,0x75,0x6c,0x28,0x6d,0x75,0x6c,0x28,0x66,0x6c,0x6f,0x61,0x74,
    0x34,0x28,0x70,0x6f,0x73,0x69,0x74,0x69,0x6f,0x6e,0x2c,0x20,0x31,0x2e,0x30,0x66,
    0x29,0x2c,0x20,0x5f,0x31,0x32,0x36,0x29,0x2c,0x20,0x5f,0x32,0x32,0x5f,0x6d,0x6f,
    0x64,0x65,0x6c,0x29,0x2c,0x20,0x5f,0x32,0x32,0x5f,0x76,0x69,0x65,0x77,0x50,0x72,
    0x6f,0x6a,0x29,0x3b,0x0a,0x7d,0x0a,0x0a,0x53,0x50,0x49,0x52,0x56,0x5f,0x43,0x72,
    0x6f,0x73,0x73,0x5f,0x4f,0x75,0x74,0x70,0x75,0x74,0x20,0x6d,0x61,0x69,0x6e,0x28,
    0x53,0x50,0x49,0x52,0x56,0x5f,0x43,0x72,0x6f,0x73,0x73,0x5f,0x49,0x6e,0x70,0x75,
    0x74,0x20,0x73,0x74,0x61,0x67,0x65,0x5f,0x69,0x6e,0x70,0x75,0x74,0x29,0x0a,0x7b,
    0x0a,0x20,0x20,0x20,0x20,0x62,0x6f,0x6e,0x65,0x49,0x6e,0x64,0x69,0x63,0x65,0x73,
    0x20,0x3d,0x20,0x73,0x74,0x61,0x67,0x65,0x5f,0x69,0x6e,0x70,0x75,0x74,0x2e,0x62,
    0x6f,0x6e,0x65,0x49,0x6e,0x64,0x69,0x63,0x65,0x73,0x3b,0x0a,0x20,0x20,0x20,0x20,
    0x62,0x6f,0x6e,0x65,0x57,0x65,0x69,0x67,0x68,0x74,0x73,0x20,0x3d,0x20,0x73,0x74,
    0x61,0x67,0x65,0x5f,0x69,0x6e,0x70,0x75,0x74,0x2e,0x62,0x6f,0x6e,0x65,0x57,0x65,
    0x69,0x67,0x68,0x74,0x73,0x3b,0x0a,0x20,0x20,0x20,0x20,0x70,0x6f,0x73,0x69,0x74,
    0x69,0x6f,0x6e,0x20,0x3d,0x20,0x73,0x74,0x61,0x67,0x65,0x5f,0x69,0x6e,0x70,0x75,
    0x74,0x2e,0x70,0x6f,0x73,0x69,0x74,0x69,0x6f,0x6e,0x3b,0x0a,0x20,0x20,0x20,0x20,
    0x6e,0x6f,0x72,0x6d,0x61,0x6c,0x20,0x3d,0x20,0x73,0x74,0x61,0x67,0x65,0x5f,0x69,
    0x6e,0x70,0x75,0x74,0x2e,0x6e,0x6f,0x72,0x6d,0x61,0x6c,0x3b,0x0a,0x20,0x20,0x20,
    0x20,0x74,0x65,0x78,0x63,0x6f,0x6f,0x72,0x64,0x30,0x20,0x3d,0x20,0x73,0x74,0x61,
    0x67,0x65,0x5f,0x69,0x6e,0x70,0x75,0x74,0x2e,0x74,0x65,0x78,0x63,0x6f,0x6f,0x72,
    0x64,0x30,0x3b,0x0a,0x20,0x20,0x20,0x20,0x74,0x61,0x6e,0x67,0x65,0x6e,0x74,0x20,
    0x3d,0x20,0x73,0x74,0x61,0x67,0x65,0x5f,0x69,0x6e,0x70,0x75,0x74,0x2e,0x74,0x61,
    0x6e,0x67,0x65,0x6e,0x74,0x3b,0x0a,0x20,0x20,0x20,0x20,0x76,0x65,0x72,0x74,0x5f,
    0x6d,0x61,0x69,0x6e,0x28,0x29,0x3b,0x0a,0x20,0x20,0x20,0x20,0x53,0x50,0x49,0x52,
    0x56,0x5f,0x43,0x72,0x6f,0x73,0x73,0x5f,0x4f,0x75,0x74,0x70,0x75,0x74,0x20,0x73,
    0x74,0x61,0x67,0x65,0x5f,0x6f,0x75,0x74,0x70,0x75,0x74,0x3b,0x0a,0x20,0x20,0x20,
    0x20,0x73,0x74,0x61,0x67,0x65,0x5f,0x6f,0x75,0x74,0x70,0x75,0x74,0x2e,0x67,0x6c,
    0x5f,0x50,0x6f,0x73,0x69,0x74,0x69,0x6f,0x6e,0x20,0x3d,0x20,0x67,0x6c,0x5f,0x50,
    0x6f,0x73,0x69,0x74,0x69,0x6f,0x6e,0x3b,0x0a,0x20,0x20,0x20,0x20,0x73,0x74,0x61,
    0x67,0x65,0x5f,0x6f,0x75,0x74,0x70,0x75,0x74,0x2e,0x76,0x5f,0x77,0x6f,0x72,0x6c,
    0x64,0x4e,0x6f,0x72,0x6d,0x61,0x6c,0x20,0x3d,0x20,0x76,0x5f,0x77,0x6f,0x72,0x6c,
    0x64,0x4e,0x6f,0x72,0x6d,0x61,0x6c,0x3b,0x0a,0x20,0x20,0x20,0x20,0x73,0x74,0x61,
    0x67,0x65,0x5f,0x6f,0x75,0x74,0x70,0x75,0x74,0x2e,0x76,0x5f,0x75,0x76,0x20,0x3d,
    0x20,0x76,0x5f,0x75,0x76,0x3b,0x0a,0x20,0x20,0x20,0x20,0x72,0x65,0x74,0x75,0x72,
    0x6e,0x20,0x73,0x74,0x61,0x67,0x65,0x5f,0x6f,0x75,0x74,0x70,0x75,0x74,0x3b,0x0a,
    0x7d,0x0a,0x00,
};
#endif
/*
    cbuffer fs_params : register(b1)
    {
        float4 _18_baseColor : packoffset(c0);
        float4 _18_lightDirAmbient : packoffset(c1);
        float4 _18_materialFlags : packoffset(c2);
    };

    Texture2D<float4> baseColorTex : register(t0);
    SamplerState baseColorTexSmp : register(s0);

    static float3 v_worldNormal;
    static float2 v_uv;
    static float4 frag_color;

    struct SPIRV_Cross_Input
    {
        float3 v_worldNormal : TEXCOORD0;
        float2 v_uv : TEXCOORD1;
    };

    struct SPIRV_Cross_Output
    {
        float4 frag_color : SV_Target0;
    };

    void frag_main()
    {
        float4 albedo = _18_baseColor;
        if (_18_materialFlags.x > 0.5f)
        {
            albedo *= baseColorTex.Sample(baseColorTexSmp, v_uv);
        }
        if (albedo.w < _18_materialFlags.y)
        {
            discard;
        }
        frag_color = float4(albedo.xyz * clamp(_18_lightDirAmbient.w + (max(dot(normalize(v_worldNormal), normalize(-_18_lightDirAmbient.xyz)), 0.0f) * (1.0f - _18_lightDirAmbient.w)), 0.0f, 1.0f), albedo.w);
    }

    SPIRV_Cross_Output main(SPIRV_Cross_Input stage_input)
    {
        v_worldNormal = stage_input.v_worldNormal;
        v_uv = stage_input.v_uv;
        frag_main();
        SPIRV_Cross_Output stage_output;
        stage_output.frag_color = frag_color;
        return stage_output;
    }
*/
#if defined(SOKOL_D3D11)
static const uint8_t tcx_assimp_skin_fs_skinned_source_hlsl5[1211] = {
    0x63,0x62,0x75,0x66,0x66,0x65,0x72,0x20,0x66,0x73,0x5f,0x70,0x61,0x72,0x61,0x6d,
    0x73,0x20,0x3a,0x20,0x72,0x65,0x67,0x69,0x73,0x74,0x65,0x72,0x28,0x62,0x31,0x29,
    0x0a,0x7b,0x0a,0x20,0x20,0x20,0x20,0x66,0x6c,0x6f,0x61,0x74,0x34,0x20,0x5f,0x31,
    0x38,0x5f,0x62,0x61,0x73,0x65,0x43,0x6f,0x6c,0x6f,0x72,0x20,0x3a,0x20,0x70,0x61,
    0x63,0x6b,0x6f,0x66,0x66,0x73,0x65,0x74,0x28,0x63,0x30,0x29,0x3b,0x0a,0x20,0x20,
    0x20,0x20,0x66,0x6c,0x6f,0x61,0x74,0x34,0x20,0x5f,0x31,0x38,0x5f,0x6c,0x69,0x67,
    0x68,0x74,0x44,0x69,0x72,0x41,0x6d,0x62,0x69,0x65,0x6e,0x74,0x20,0x3a,0x20,0x70,
    0x61,0x63,0x6b,0x6f,0x66,0x66,0x73,0x65,0x74,0x28,0x63,0x31,0x29,0x3b,0x0a,0x20,
    0x20,0x20,0x20,0x66,0x6c,0x6f,0x61,0x74,0x34,0x20,0x5f,0x31,0x38,0x5f,0x6d,0x61,
    0x74,0x65,0x72,0x69,0x61,0x6c,0x46,0x6c,0x61,0x67,0x73,0x20,0x3a,0x20,0x70,0x61,
    0x63,0x6b,0x6f,0x66,0x66,0x73,0x65,0x74,0x28,0x63,0x32,0x29,0x3b,0x0a,0x7d,0x3b,
    0x0a,0x0a,0x54,0x65,0x78,0x74,0x75,0x72,0x65,0x32,0x44,0x3c,0x66,0x6c,0x6f,0x61,
    0x74,0x34,0x3e,0x20,0x62,0x61,0x73,0x65,0x43,0x6f,0x6c,0x6f,0x72,0x54,0x65,0x78,
    0x20,0x3a,0x20,0x72,0x65,0x67,0x69,0x73,0x74,0x65,0x72,0x28,0x74,0x30,0x29,0x3b,
    0x0a,0x53,0x61,0x6d,0x70,0x6c,0x65,0x72,0x53,0x74,0x61,0x74,0x65,0x20,0x62,0x61,
    0x73,0x65,0x43,0x6f,0x6c,0x6f,0x72,0x54,0x65,0x78,0x53,0x6d,0x70,0x20,0x3a,0x20,
    0x72,0x65,0x67,0x69,0x73,0x74,0x65,0x72,0x28,0x73,0x30,0x29,0x3b,0x0a,0x0a,0x73,
    0x74,0x61,0x74,0x69,0x63,0x20,0x66,0x6c,0x6f,0x61,0x74,0x33,0x20,0x76,0x5f,0x77,
    0x6f,0x72,0x6c,0x64,0x4e,0x6f,0x72,0x6d,0x61,0x6c,0x3b,0x0a,0x73,0x74,0x61,0x74,
    0x69,0x63,0x20,0x66,0x6c,0x6f,0x61,0x74,0x32,0x20,0x76,0x5f,0x75,0x76,0x3b,0x0a,
    0x73,0x74,0x61,0x74,0x69,0x63,0x20,0x66,0x6c,0x6f,0x61,0x74,0x34,0x20,0x66,0x72,
    0x61,0x67,0x5f,0x63,0x6f,0x6c,0x6f,0x72,0x3b,0x0a,0x0a,0x73,0x74,0x72,0x75,0x63,
    0x74,0x20,0x53,0x50,0x49,0x52,0x56,0x5f,0x43,0x72,0x6f,0x73,0x73,0x5f,0x49,0x6e,
    0x70,0x75,0x74,0x0a,0x7b,0x0a,0x20,0x20,0x20,0x20,0x66,0x6c,0x6f,0x61,0x74,0x33,
    0x20,0x76,0x5f,0x77,0x6f,0x72,0x6c,0x64,0x4e,0x6f,0x72,0x6d,0x61,0x6c,0x20,0x3a,
    0x20,0x54,0x45,0x58,0x43,0x4f,0x4f,0x52,0x44,0x30,0x3b,0x0a,0x20,0x20,0x20,0x20,
    0x66,0x6c,0x6f,0x61,0x74,0x32,0x20,0x76,0x5f,0x75,0x76,0x20,0x3a,0x20,0x54,0x45,
    0x58,0x43,0x4f,0x4f,0x52,0x44,0x31,0x3b,0x0a,0x7d,0x3b,0x0a,0x0a,0x73,0x74,0x72,
    0x75,0x63,0x74,0x20,0x53,0x50,0x49,0x52,0x56,0x5f,0x43,0x72,0x6f,0x73,0x73,0x5f,
    0x4f,0x75,0x74,0x70,0x75,0x74,0x0a,0x7b,0x0a,0x20,0x20,0x20,0x20,0x66,0x6c,0x6f,
    0x61,0x74,0x34,0x20,0x66,0x72,0x61,0x67,0x5f,0x63,0x6f,0x6c,0x6f,0x72,0x20,0x3a,
    0x20,0x53,0x56,0x5f,0x54,0x61,0x72,0x67,0x65,0x74,0x30,0x3b,0x0a,0x7d,0x3b,0x0a,
    0x0a,0x76,0x6f,0x69,0x64,0x20,0x66,0x72,0x61,0x67,0x5f,0x6d,0x61,0x69,0x6e,0x28,
    0x29,0x0a,0x7b,0x0a,0x20,0x20,0x20,0x20,0x66,0x6c,0x6f,0x61,0x74,0x34,0x20,0x61,
    0x6c,0x62,0x65,0x64,0x6f,0x20,0x3d,0x20,0x5f,0x31,0x38,0x5f,0x62,0x61,0x73,0x65,
    0x43,0x6f,0x6c,0x6f,0x72,0x3b,0x0a,0x20,0x20,0x20,0x20,0x69,0x66,0x20,0x28,0x5f,
    0x31,0x38,0x5f,0x6d,0x61,0x74,0x65,0x72,0x69,0x61,0x6c,0x46,0x6c,0x61,0x67,0x73,
    0x2e,0x78,0x20,0x3e,0x20,0x30,0x2e,0x35,0x66,0x29,0x0a,0x20,0x20,0x20,0x20,0x7b,
    0x0a,0x20,0x20,0x20,0x20,0x20,0x20,0x20,0x20,0x61,0x6c,0x62,0x65,0x64,0x6f,0x20,
    0x2a,0x3d,0x20,0x62,0x61,0x73,0x65,0x43,0x6f,0x6c,0x6f,0x72,0x54,0x65,0x78,0x2e,
    0x53,0x61,0x6d,0x70,0x6c,0x65,0x28,0x62,0x61,0x73,0x65,0x43,0x6f,0x6c,0x6f,0x72,
    0x54,0x65,0x78,0x53,0x6d,0x70,0x2c,0x20,0x76,0x5f,0x75,0x76,0x29,0x3b,0x0a,0x20,
    0x20,0x20,0x20,0x7d,0x0a,0x20,0x20,0x20,0x20,0x69,0x66,0x20,0x28,0x61,0x6c,0x62,
    0x65,0x64,0x6f,0x2e,0x77,0x20,0x3c,0x20,0x5f,0x31,0x38,0x5f,0x6d,0x61,0x74,0x65,
    0x72,0x69,0x61,0x6c,0x46,0x6c,0x61,0x67,0x73,0x2e,0x79,0x29,0x0a,0x20,0x20,0x20,
    0x20,0x7b,0x0a,0x20,0x20,0x20,0x20,0x20,0x20,0x20,0x20,0x64,0x69,0x73,0x63,0x61,
    0x72,0x64,0x3b,0x0a,0x20,0x20,0x20,0x20,0x7d,0x0a,0x20,0x20,0x20,0x20,0x66,0x72,
    0x61,0x67,0x5f,0x63,0x6f,0x6c,0x6f,0x72,0x20,0x3d,0x20,0x66,0x6c,0x6f,0x61,0x74,
    0x34,0x28,0x61,0x6c,0x62,0x65,0x64,0x6f,0x2e,0x78,0x79,0x7a,0x20,0x2a,0x20,0x63,
    0x6c,0x61,0x6d,0x70,0x28,0x5f,0x31,0x38,0x5f,0x6c,0x69,0x67,0x68,0x74,0x44,0x69,
    0x72,0x41,0x6d,0x62,0x69,0x65,0x6e,0x74,0x2e,0x77,0x20,0x2b,0x20,0x28,0x6d,0x61,
    0x78,0x28,0x64,0x6f,0x74,0x28,0x6e,0x6f,0x72,0x6d,0x61,0x6c,0x69,0x7a,0x65,0x28,
    0x76,0x5f,0x77,0x6f,0x72,0x6c,0x64,0x4e,0x6f,0x72,0x6d,0x61,0x6c,0x29,0x2c,0x20,
    0x6e,0x6f,0x72,0x6d,0x61,0x6c,0x69,0x7a,0x65,0x28,0x2d,0x5f,0x31,0x38,0x5f,0x6c,
    0x69,0x67,0x68,0x74,0x44,0x69,0x72,0x41,0x6d,0x62,0x69,0x65,0x6e,0x74,0x2e,0x78,
    0x79,0x7a,0x29,0x29,0x2c,0x20,0x30,0x2e,0x30,0x66,0x29,0x20,0x2a,0x20,0x28,0x31,
    0x2e,0x30,0x66,0x20,0x2d,0x20,0x5f,0x31,0x38,0x5f,0x6c,0x69,0x67,0x68,0x74,0x44,
    0x69,0x72,0x41,0x6d,0x62,0x69,0x65,0x6e,0x74,0x2e,0x77,0x29,0x29,0x2c,0x20,0x30,
    0x2e,0x30,0x66,0x2c,0x20,0x31,0x2e,0x30,0x66,0x29,0x2c,0x20,0x61,0x6c,0x62,0x65,
    0x64,0x6f,0x2e,0x77,0x29,0x3b,0x0a,0x7d,0x0a,0x0a,0x53,0x50,0x49,0x52,0x56,0x5f,
    0x43,0x72,0x6f,0x73,0x73,0x5f,0x4f,0x75,0x74,0x70,0x75,0x74,0x20,0x6d,0x61,0x69,
    0x6e,0x28,0x53,0x50,0x49,0x52,0x56,0x5f,0x43,0x72,0x6f,0x73,0x73,0x5f,0x49,0x6e,
    0x70,0x75,0x74,0x20,0x73,0x74,0x61,0x67,0x65,0x5f,0x69,0x6e,0x70,0x75,0x74,0x29,
    0x0a,0x7b,0x0a,0x20,0x20,0x20,0x20,0x76,0x5f,0x77,0x6f,0x72,0x6c,0x64,0x4e,0x6f,
    0x72,0x6d,0x61,0x6c,0x20,0x3d,0x20,0x73,0x74,0x61,0x67,0x65,0x5f,0x69,0x6e,0x70,
    0x75,0x74,0x2e,0x76,0x5f,0x77,0x6f,0x72,0x6c,0x64,0x4e,0x6f,0x72,0x6d,0x61,0x6c,
    0x3b,0x0a,0x20,0x20,0x20,0x20,0x76,0x5f,0x75,0x76,0x20,0x3d,0x20,0x73,0x74,0x61,
    0x67,0x65,0x5f,0x69,0x6e,0x70,0x75,0x74,0x2e,0x76,0x5f,0x75,0x76,0x3b,0x0a,0x20,
    0x20,0x20,0x20,0x66,0x72,0x61,0x67,0x5f,0x6d,0x61,0x69,0x6e,0x28,0x29,0x3b,0x0a,
    0x20,0x20,0x20,0x20,0x53,0x50,0x49,0x52,0x56,0x5f,0x43,0x72,0x6f,0x73,0x73,0x5f,
    0x4f,0x75,0x74,0x70,0x75,0x74,0x20,0x73,0x74,0x61,0x67,0x65,0x5f,0x6f,0x75,0x74,
    0x70,0x75,0x74,0x3b,0x0a,0x20,0x20,0x20,0x20,0x73,0x74,0x61,0x67,0x65,0x5f,0x6f,
    0x75,0x74,0x70,0x75,0x74,0x2e,0x66,0x72,0x61,0x67,0x5f,0x63,0x6f,0x6c,0x6f,0x72,
    0x20,0x3d,0x20,0x66,0x72,0x61,0x67,0x5f,0x63,0x6f,0x6c,0x6f,0x72,0x3b,0x0a,0x20,
    0x20,0x20,0x20,0x72,0x65,0x74,0x75,0x72,0x6e,0x20,0x73,0x74,0x61,0x67,0x65,0x5f,
    0x6f,0x75,0x74,0x70,0x75,0x74,0x3b,0x0a,0x7d,0x0a,0x00,
};
#endif
/*
    #pragma clang diagnostic ignored "-Wmissing-prototypes"

    #include <metal_stdlib>
    #include <simd/simd.h>

    using namespace metal;

    struct vs_params
    {
        float4x4 model;
        float4x4 viewProj;
        float4x4 normalMat;
        float4x4 bones[128];
    };

    struct main0_out
    {
        float3 v_worldNormal [[user(locn0)]];
        float2 v_uv [[user(locn1)]];
        float4 gl_Position [[position]];
    };

    struct main0_in
    {
        float3 position [[attribute(0)]];
        float3 normal [[attribute(1)]];
        float2 texcoord0 [[attribute(2)]];
        float4 boneIndices [[attribute(4)]];
        float4 boneWeights [[attribute(5)]];
    };

    static inline __attribute__((always_inline))
    float4x4 weightedBoneMatrix(constant vs_params& _22, thread float4& boneIndices, thread float4& boneWeights)
    {
        float4x4 _38 = _22.bones[int(boneIndices.x)] * boneWeights.x;
        float4x4 _61 = _22.bones[int(boneIndices.y)] * boneWeights.y;
        float4x4 _84 = _22.bones[int(boneIndices.z)] * boneWeights.z;
        float4x4 _107 = _22.bones[int(boneIndices.w)] * boneWeights.w;
        return float4x4(((_38[0] + _61[0]) + _84[0]) + _107[0], ((_38[1] + _61[1]) + _84[1]) + _107[1], ((_38[2] + _61[2]) + _84[2]) + _107[2], ((_38[3] + _61[3]) + _84[3]) + _107[3]);
    }

    vertex main0_out main0(main0_in in [[stage_in]], constant vs_params& _22 [[buffer(0)]])
    {
        main0_out out = {};
        float4x4 _126 = weightedBoneMatrix(_22, in.boneIndices, in.boneWeights);
        out.v_worldNormal = fast::normalize((_22.normalMat * float4(fast::normalize((_126 * float4(in.normal, 0.0)).xyz), 0.0)).xyz);
        out.v_uv = in.texcoord0;
        out.gl_Position = _22.viewProj * (_22.model * (_126 * float4(in.position, 1.0)));
        return out;
    }

*/
#if defined(SOKOL_METAL)
static const uint8_t tcx_assimp_skin_vs_skinned_source_metal_macos[1657] = {
    0x23,0x70,0x72,0x61,0x67,0x6d,0x61,0x20,0x63,0x6c,0x61,0x6e,0x67,0x20,0x64,0x69,
    0x61,0x67,0x6e,0x6f,0x73,0x74,0x69,0x63,0x20,0x69,0x67,0x6e,0x6f,0x72,0x65,0x64,
    0x20,0x22,0x2d,0x57,0x6d,0x69,0x73,0x73,0x69,0x6e,0x67,0x2d,0x70,0x72,0x6f,0x74,
    0x6f,0x74,0x79,0x70,0x65,0x73,0x22,0x0a,0x0a,0x23,0x69,0x6e,0x63,0x6c,0x75,0x64,
    0x65,0x20,0x3c,0x6d,0x65,0x74,0x61,0x6c,0x5f,0x73,0x74,0x64,0x6c,0x69,0x62,0x3e,
    0x0a,0x23,0x69,0x6e,0x63,0x6c,0x75,0x64,0x65,0x20,0x3c,0x73,0x69,0x6d,0x64,0x2f,
    0x73,0x69,0x6d,0x64,0x2e,0x68,0x3e,0x0a,0x0a,0x75,0x73,0x69,0x6e,0x67,0x20,0x6e,
    0x61,0x6d,0x65,0x73,0x70,0x61,0x63,0x65,0x20,0x6d,0x65,0x74,0x61,0x6c,0x3b,0x0a,
    0x0a,0x73,0x74,0x72,0x75,0x63,0x74,0x20,0x76,0x73,0x5f,0x70,0x61,0x72,0x61,0x6d,
    0x73,0x0a,0x7b,0x0a,0x20,0x20,0x20,0x20,0x66,0x6c,0x6f,0x61,0x74,0x34,0x78,0x34,
    0x20,0x6d,0x6f,0x64,0x65,0x6c,0x3b,0x0a,0x20,0x20,0x20,0x20,0x66,0x6c,0x6f,0x61,
    0x74,0x34,0x78,0x34,0x20,0x76,0x69,0x65,0x77,0x50,0x72,0x6f,0x6a,0x3b,0x0a,0x20,
    0x20,0x20,0x20,0x66,0x6c,0x6f,0x61,0x74,0x34,0x78,0x34,0x20,0x6e,0x6f,0x72,0x6d,
    0x61,0x6c,0x4d,0x61,0x74,0x3b,0x0a,0x20,0x20,0x20,0x20,0x66,0x6c,0x6f,0x61,0x74,
    0x34,0x78,0x34,0x20,0x62,0x6f,0x6e,0x65,0x73,0x5b,0x31,0x32,0x38,0x5d,0x3b,0x0a,
    0x7d,0x3b,0x0a,0x0a,0x73,0x74,0x72,0x75,0x63,0x74,0x20,0x6d,0x61,0x69,0x6e,0x30,
    0x5f,0x6f,0x75,0x74,0x0a,0x7b,0x0a,0x20,0x20,0x20,0x20,0x66,0x6c,0x6f,0x61,0x74,
    0x33,0x20,0x76,0x5f,0x77,0x6f,0x72,0x6c,0x64,0x4e,0x6f,0x72,0x6d,0x61,0x6c,0x20,
    0x5b,0x5b,0x75,0x73,0x65,0x72,0x28,0x6c,0x6f,0x63,0x6e,0x30,0x29,0x5d,0x5d,0x3b,
    0x0a,0x20,0x20,0x20,0x20,0x66,0x6c,0x6f,0x61,0x74,0x32,0x20,0x76,0x5f,0x75,0x76,
    0x20,0x5b,0x5b,0x75,0x73,0x65,0x72,0x28,0x6c,0x6f,0x63,0x6e,0x31,0x29,0x5d,0x5d,
    0x3b,0x0a,0x20,0x20,0x20,0x20,0x66,0x6c,0x6f,0x61,0x74,0x34,0x20,0x67,0x6c,0x5f,
    0x50,0x6f,0x73,0x69,0x74,0x69,0x6f,0x6e,0x20,0x5b,0x5b,0x70,0x6f,0x73,0x69,0x74,
    0x69,0x6f,0x6e,0x5d,0x5d,0x3b,0x0a,0x7d,0x3b,0x0a,0x0a,0x73,0x74,0x72,0x75,0x63,
    0x74,0x20,0x6d,0x61,0x69,0x6e,0x30,0x5f,0x69,0x6e,0x0a,0x7b,0x0a,0x20,0x20,0x20,
    0x20,0x66,0x6c,0x6f,0x61,0x74,0x33,0x20,0x70,0x6f,0x73,0x69,0x74,0x69,0x6f,0x6e,
    0x20,0x5b,0x5b,0x61,0x74,0x74,0x72,0x69,0x62,0x75,0x74,0x65,0x28,0x30,0x29,0x5d,
    0x5d,0x3b,0x0a,0x20,0x20,0x20,0x20,0x66,0x6c,0x6f,0x61,0x74,0x33,0x20,0x6e,0x6f,
    0x72,0x6d,0x61,0x6c,0x20,0x5b,0x5b,0x61,0x74,0x74,0x72,0x69,0x62,0x75,0x74,0x65,
    0x28,0x31,0x29,0x5d,0x5d,0x3b,0x0a,0x20,0x20,0x20,0x20,0x66,0x6c,0x6f,0x61,0x74,
    0x32,0x20,0x74,0x65,0x78,0x63,0x6f,0x6f,0x72,0x64,0x30,0x20,0x5b,0x5b,0x61,0x74,
    0x74,0x72,0x69,0x62,0x75,0x74,0x65,0x28,0x32,0x29,0x5d,0x5d,0x3b,0x0a,0x20,0x20,
    0x20,0x20,0x66,0x6c,0x6f,0x61,0x74,0x34,0x20,0x62,0x6f,0x6e,0x65,0x49,0x6e,0x64,
    0x69,0x63,0x65,0x73,0x20,0x5b,0x5b,0x61,0x74,0x74,0x72,0x69,0x62,0x75,0x74,0x65,
    0x28,0x34,0x29,0x5d,0x5d,0x3b,0x0a,0x20,0x20,0x20,0x20,0x66,0x6c,0x6f,0x61,0x74,
    0x34,0x20,0x62,0x6f,0x6e,0x65,0x57,0x65,0x69,0x67,0x68,0x74,0x73,0x20,0x5b,0x5b,
    0x61,0x74,0x74,0x72,0x69,0x62,0x75,0x74,0x65,0x28,0x35,0x29,0x5d,0x5d,0x3b,0x0a,
    0x7d,0x3b,0x0a,0x0a,0x73,0x74,0x61,0x74,0x69,0x63,0x20,0x69,0x6e,0x6c,0x69,0x6e,
    0x65,0x20,0x5f,0x5f,0x61,0x74,0x74,0x72,0x69,0x62,0x75,0x74,0x65,0x5f,0x5f,0x28,
    0x28,0x61,0x6c,0x77,0x61,0x79,0x73,0x5f,0x69,0x6e,0x6c,0x69,0x6e,0x65,0x29,0x29,
    0x0a,0x66,0x6c,0x6f,0x61,0x74,0x34,0x78,0x34,0x20,0x77,0x65,0x69,0x67,0x68,0x74,
    0x65,0x64,0x42,0x6f,0x6e,0x65,0x4d,0x61,0x74,0x72,0x69,0x78,0x28,0x63,0x6f,0x6e,
    0x73,0x74,0x61,0x6e,0x74,0x20,0x76,0x73,0x5f,0x70,0x61,0x72,0x61,0x6d,0x73,0x26,
    0x20,0x5f,0x32,0x32,0x2c,0x20,0x74,0x68,0x72,0x65,0x61,0x64,0x20,0x66,0x6c,0x6f,
    0x61,0x74,0x34,0x26,0x20,0x62,0x6f,0x6e,0x65,0x49,0x6e,0x64,0x69,0x63,0x65,0x73,
    0x2c,0x20,0x74,0x68,0x72,0x65,0x61,0x64,0x20,0x66,0x6c,0x6f,0x61,0x74,0x34,0x26,
    0x20,0x62,0x6f,0x6e,0x65,0x57,0x65,0x69,0x67,0x68,0x74,0x73,0x29,0x0a,0x7b,0x0a,
    0x20,0x20,0x20,0x20,0x66,0x6c,0x6f,0x61,0x74,0x34,0x78,0x34,0x20,0x5f,0x33,0x38,
    0x20,0x3d,0x20,0x5f,0x32,0x32,0x2e,0x62,0x6f,0x6e,0x65,0x73,0x5b,0x69,0x6e,0x74,
    0x28,0x62,0x6f,0x6e,0x65,0x49,0x6e,0x64,0x69,0x63,0x65,0x73,0x2e,0x78,0x29,0x5d,
    0x20,0x2a,0x20,0x62,0x6f,0x6e,0x65,0x57,0x65,0x69,0x67,0x68,0x74,0x73,0x2e,0x78,
    0x3b,0x0a,0x20,0x20,0x20,0x20,0x66,0x6c,0x6f,0x61,0x74,0x34,0x78,0x34,0x20,0x5f,
    0x36,0x31,0x20,0x3d,0x20,0x5f,0x32,0x32,0x2e,0x62,0x6f,0x6e,0x65,0x73,0x5b,0x69,
    0x6e,0x74,0x28,0x62,0x6f,0x6e,0x65,0x49,0x6e,0x64,0x69,0x63,0x65,0x73,0x2e,0x79,
    0x29,0x5d,0x20,0x2a,0x20,0x62,0x6f,0x6e,0x65,0x57,0x65,0x69,0x67,0x68,0x74,0x73,
    0x2e,0x79,0x3b,0x0a,0x20,0x20,0x20,0x20,0x66,0x6c,0x6f,0x61,0x74,0x34,0x78,0x34,
    0x20,0x5f,0x38,0x34,0x20,0x3d,0x20,0x5f,0x32,0x32,0x2e,0x62,0x6f,0x6e,0x65,0x73,
    0x5b,0x69,0x6e,0x74,0x28,0x62,0x6f,0x6e,0x65,0x49,0x6e,0x64,0x69,0x63,0x65,0x73,
    0x2e,0x7a,0x29,0x5d,0x20,0x2a,0x20,0x62,0x6f,0x6e,0x65,0x57,0x65,0x69,0x67,0x68,
    0x74,0x73,0x2e,0x7a,0x3b,0x0a,0x20,0x20,0x20,0x20,0x66,0x6c,0x6f,0x61,0x74,0x34,
    0x78,0x34,0x20,0x5f,0x31,0x30,0x37,0x20,0x3d,0x20,0x5f,0x32,0x32,0x2e,0x62,0x6f,
    0x6e,0x65,0x73,0x5b,0x69,0x6e,0x74,0x28,0x62,0x6f,0x6e,0x65,0x49,0x6e,0x64,0x69,
    0x63,0x65,0x73,0x2e,0x77,0x29,0x5d,0x20,0x2a,0x20,0x62,0x6f,0x6e,0x65,0x57,0x65,
    0x69,0x67,0x68,0x74,0x73,0x2e,0x77,0x3b,0x0a,0x20,0x20,0x20,0x20,0x72,0x65,0x74,
    0x75,0x72,0x6e,0x20,0x66,0x6c,0x6f,0x61,0x74,0x34,0x78,0x34,0x28,0x28,0x28,0x5f,
    0x33,0x38,0x5b,0x30,0x5d,0x20,0x2b,0x20,0x5f,0x36,0x31,0x5b,0x30,0x5d,0x29,0x20,
    0x2b,0x20,0x5f,0x38,0x34,0x5b,0x30,0x5d,0x29,0x20,0x2b,0x20,0x5f,0x31,0x30,0x37,
    0x5b,0x30,0x5d,0x2c,0x20,0x28,0x28,0x5f,0x33,0x38,0x5b,0x31,0x5d,0x20,0x2b,0x20,
    0x5f,0x36,0x31,0x5b,0x31,0x5d,0x29,0x20,0x2b,0x20,0x5f,0x38,0x34,0x5b,0x31,0x5d,
    0x29,0x20,0x2b,0x20,0x5f,0x31,0x30,0x37,0x5b,0x31,0x5d,0x2c,0x20,0x28,0x28,0x5f,
    0x33,0x38,0x5b,0x32,0x5d,0x20,0x2b,0x20,0x5f,0x36,0x31,0x5b,0x32,0x5d,0x29,0x20,
    0x2b,0x20,0x5f,0x38,0x34,0x5b,0x32,0x5d,0x29,0x20,0x2b,0x20,0x5f,0x31,0x30,0x37,
    0x5b,0x32,0x5d,0x2c,0x20,0x28,0x28,0x5f,0x33,0x38,0x5b,0x33,0x5d,0x20,0x2b,0x20,
    0x5f,0x36,0x31,0x5b,0x33,0x5d,0x29,0x20,0x2b,0x20,0x5f,0x38,0x34,0x5b,0x33,0x5d,
    0x29,0x20,0x2b,0x20,0x5f,0x31,0x30,0x37,0x5b,0x33,0x5d,0x29,0x3b,0x0a,0x7d,0x0a,
    0x0a,0x76,0x65,0x72,0x74,0x65,0x78,0x20,0x6d,0x61,0x69,0x6e,0x30,0x5f,0x6f,0x75,
    0x74,0x20,0x6d,0x61,0x69,0x6e,0x30,0x28,0x6d,0x61,0x69,0x6e,0x30,0x5f,0x69,0x6e,
    0x20,0x69,0x6e,0x20,0x5b,0x5b,0x73,0x74,0x61,0x67,0x65,0x5f,0x69,0x6e,0x5d,0x5d,
    0x2c,0x20,0x63,0x6f,0x6e,0x73,0x74,0x61,0x6e,0x74,0x20,0x76,0x73,0x5f,0x70,0x61,
    0x72,0x61,0x6d,0x73,0x26,0x20,0x5f,0x32,0x32,0x20,0x5b,0x5b,0x62,0x75,0x66,0x66,
    0x65,0x72,0x28,0x30,0x29,0x5d,0x5d,0x29,0x0a,0x7b,0x0a,0x20,0x20,0x20,0x20,0x6d,
    0x61,0x69,0x6e,0x30,0x5f,0x6f,0x75,0x74,0x20,0x6f,0x75,0x74,0x20,0x3d,0x20,0x7b,
    0x7d,0x3b,0x0a,0x20,0x20,0x20,0x20,0x66,0x6c,0x6f,0x61,0x74,0x34,0x78,0x34,0x20,
    0x5f,0x31,0x32,0x36,0x20,0x3d,0x20,0x77,0x65,0x69,0x67,0x68,0x74,0x65,0x64,0x42,
    0x6f,0x6e,0x65,0x4d,0x61,0x74,0x72,0x69,0x78,0x28,0x5f,0x32,0x32,0x2c,0x20,0x69,
    0x6e,0x2e,0x62,0x6f,0x6e,0x65,0x49,0x6e,0x64,0x69,0x63,0x65,0x73,0x2c,0x20,0x69,
    0x6e,0x2e,0x62,0x6f,0x6e,0x65,0x57,0x65,0x69,0x67,0x68,0x74,0x73,0x29,0x3b,0x0a,
    0x20,0x20,0x20,0x20,0x6f,0x75,0x74,0x2e,0x76,0x5f,0x77,0x6f,0x72,0x6c,0x64,0x4e,
    0x6f,0x72,0x6d,0x61,0x6c,0x20,0x3d,0x20,0x66,0x61,0x73,0x74,0x3a,0x3a,0x6e,0x6f,
    0x72,0x6d,0x61,0x6c,0x69,0x7a,0x65,0x28,0x28,0x5f,0x32,0x32,0x2e,0x6e,0x6f,0x72,
    0x6d,0x61,0x6c,0x4d,0x61,0x74,0x20,0x2a,0x20,0x66,0x6c,0x6f,0x61,0x74,0x34,0x28,
    0x66,0x61,0x73,0x74,0x3a,0x3a,0x6e,0x6f,0x72,0x6d,0x61,0x6c,0x69,0x7a,0x65,0x28,
    0x28,0x5f,0x31,0x32,0x36,0x20,0x2a,0x20,0x66,0x6c,0x6f,0x61,0x74,0x34,0x28,0x69,
    0x6e,0x2e,0x6e,0x6f,0x72,0x6d,0x61,0x6c,0x2c,0x20,0x30,0x2e,0x30,0x29,0x29,0x2e,
    0x78,0x79,0x7a,0x29,0x2c,0x20,0x30,0x2e,0x30,0x29,0x29,0x2e,0x78,0x79,0x7a,0x29,
    0x3b,0x0a,0x20,0x20,0x20,0x20,0x6f,0x75,0x74,0x2e,0x76,0x5f,0x75,0x76,0x20,0x3d,
    0x20,0x69,0x6e,0x2e,0x74,0x65,0x78,0x63,0x6f,0x6f,0x72,0x64,0x30,0x3b,0x0a,0x20,
    0x20,0x20,0x20,0x6f,0x75,0x74,0x2e,0x67,0x6c,0x5f,0x50,0x6f,0x73,0x69,0x74,0x69,
    0x6f,0x6e,0x20,0x3d,0x20,0x5f,0x32,0x32,0x2e,0x76,0x69,0x65,0x77,0x50,0x72,0x6f,
    0x6a,0x20,0x2a,0x20,0x28,0x5f,0x32,0x32,0x2e,0x6d,0x6f,0x64,0x65,0x6c,0x20,0x2a,
    0x20,0x28,0x5f,0x31,0x32,0x36,0x20,0x2a,0x20,0x66,0x6c,0x6f,0x61,0x74,0x34,0x28,
    0x69,0x6e,0x2e,0x70,0x6f,0x73,0x69,0x74,0x69,0x6f,0x6e,0x2c,0x20,0x31,0x2e,0x30,
    0x29,0x29,0x29,0x3b,0x0a,0x20,0x20,0x20,0x20,0x72,0x65,0x74,0x75,0x72,0x6e,0x20,
    0x6f,0x75,0x74,0x3b,0x0a,0x7d,0x0a,0x0a,0x00,
};
#endif
/*
    #include <metal_stdlib>
    #include <simd/simd.h>

    using namespace metal;

    struct fs_params
    {
        float4 baseColor;
        float4 lightDirAmbient;
        float4 materialFlags;
    };

    struct main0_out
    {
        float4 frag_color [[color(0)]];
    };

    struct main0_in
    {
        float3 v_worldNormal [[user(locn0)]];
        float2 v_uv [[user(locn1)]];
    };

    fragment main0_out main0(main0_in in [[stage_in]], constant fs_params& _18 [[buffer(1)]], texture2d<float> baseColorTex [[texture(0)]], sampler baseColorTexSmp [[sampler(0)]])
    {
        main0_out out = {};
        float4 albedo = _18.baseColor;
        if (_18.materialFlags.x > 0.5)
        {
            albedo *= baseColorTex.sample(baseColorTexSmp, in.v_uv);
        }
        if (albedo.w < _18.materialFlags.y)
        {
            discard_fragment();
        }
        out.frag_color = float4(albedo.xyz * fast::clamp(_18.lightDirAmbient.w + (fast::max(dot(fast::normalize(in.v_worldNormal), fast::normalize(-_18.lightDirAmbient.xyz)), 0.0) * (1.0 - _18.lightDirAmbient.w)), 0.0, 1.0), albedo.w);
        return out;
    }

*/
#if defined(SOKOL_METAL)
static const uint8_t tcx_assimp_skin_fs_skinned_source_metal_macos[1008] = {
    0x23,0x69,0x6e,0x63,0x6c,0x75,0x64,0x65,0x20,0x3c,0x6d,0x65,0x74,0x61,0x6c,0x5f,
    0x73,0x74,0x64,0x6c,0x69,0x62,0x3e,0x0a,0x23,0x69,0x6e,0x63,0x6c,0x75,0x64,0x65,
    0x20,0x3c,0x73,0x69,0x6d,0x64,0x2f,0x73,0x69,0x6d,0x64,0x2e,0x68,0x3e,0x0a,0x0a,
    0x75,0x73,0x69,0x6e,0x67,0x20,0x6e,0x61,0x6d,0x65,0x73,0x70,0x61,0x63,0x65,0x20,
    0x6d,0x65,0x74,0x61,0x6c,0x3b,0x0a,0x0a,0x73,0x74,0x72,0x75,0x63,0x74,0x20,0x66,
    0x73,0x5f,0x70,0x61,0x72,0x61,0x6d,0x73,0x0a,0x7b,0x0a,0x20,0x20,0x20,0x20,0x66,
    0x6c,0x6f,0x61,0x74,0x34,0x20,0x62,0x61,0x73,0x65,0x43,0x6f,0x6c,0x6f,0x72,0x3b,
    0x0a,0x20,0x20,0x20,0x20,0x66,0x6c,0x6f,0x61,0x74,0x34,0x20,0x6c,0x69,0x67,0x68,
    0x74,0x44,0x69,0x72,0x41,0x6d,0x62,0x69,0x65,0x6e,0x74,0x3b,0x0a,0x20,0x20,0x20,
    0x20,0x66,0x6c,0x6f,0x61,0x74,0x34,0x20,0x6d,0x61,0x74,0x65,0x72,0x69,0x61,0x6c,
    0x46,0x6c,0x61,0x67,0x73,0x3b,0x0a,0x7d,0x3b,0x0a,0x0a,0x73,0x74,0x72,0x75,0x63,
    0x74,0x20,0x6d,0x61,0x69,0x6e,0x30,0x5f,0x6f,0x75,0x74,0x0a,0x7b,0x0a,0x20,0x20,
    0x20,0x20,0x66,0x6c,0x6f,0x61,0x74,0x34,0x20,0x66,0x72,0x61,0x67,0x5f,0x63,0x6f,
    0x6c,0x6f,0x72,0x20,0x5b,0x5b,0x63,0x6f,0x6c,0x6f,0x72,0x28,0x30,0x29,0x5d,0x5d,
    0x3b,0x0a,0x7d,0x3b,0x0a,0x0a,0x73,0x74,0x72,0x75,0x63,0x74,0x20,0x6d,0x61,0x69,
    0x6e,0x30,0x5f,0x69,0x6e,0x0a,0x7b,0x0a,0x20,0x20,0x20,0x20,0x66,0x6c,0x6f,0x61,
    0x74,0x33,0x20,0x76,0x5f,0x77,0x6f,0x72,0x6c,0x64,0x4e,0x6f,0x72,0x6d,0x61,0x6c,
    0x20,0x5b,0x5b,0x75,0x73,0x65,0x72,0x28,0x6c,0x6f,0x63,0x6e,0x30,0x29,0x5d,0x5d,
    0x3b,0x0a,0x20,0x20,0x20,0x20,0x66,0x6c,0x6f,0x61,0x74,0x32,0x20,0x76,0x5f,0x75,
    0x76,0x20,0x5b,0x5b,0x75,0x73,0x65,0x72,0x28,0x6c,0x6f,0x63,0x6e,0x31,0x29,0x5d,
    0x5d,0x3b,0x0a,0x7d,0x3b,0x0a,0x0a,0x66,0x72,0x61,0x67,0x6d,0x65,0x6e,0x74,0x20,
    0x6d,0x61,0x69,0x6e,0x30,0x5f,0x6f,0x75,0x74,0x20,0x6d,0x61,0x69,0x6e,0x30,0x28,
    0x6d,0x61,0x69,0x6e,0x30,0x5f,0x69,0x6e,0x20,0x69,0x6e,0x20,0x5b,0x5b,0x73,0x74,
    0x61,0x67,0x65,0x5f,0x69,0x6e,0x5d,0x5d,0x2c,0x20,0x63,0x6f,0x6e,0x73,0x74,0x61,
    0x6e,0x74,0x20,0x66,0x73,0x5f,0x70,0x61,0x72,0x61,0x6d,0x73,0x26,0x20,0x5f,0x31,
    0x38,0x20,0x5b,0x5b,0x62,0x75,0x66,0x66,0x65,0x72,0x28,0x31,0x29,0x5d,0x5d,0x2c,
    0x20,0x74,0x65,0x78,0x74,0x75,0x72,0x65,0x32,0x64,0x3c,0x66,0x6c,0x6f,0x61,0x74,
    0x3e,0x20,0x62,0x61,0x73,0x65,0x43,0x6f,0x6c,0x6f,0x72,0x54,0x65,0x78,0x20,0x5b,
    0x5b,0x74,0x65,0x78,0x74,0x75,0x72,0x65,0x28,0x30,0x29,0x5d,0x5d,0x2c,0x20,0x73,
    0x61,0x6d,0x70,0x6c,0x65,0x72,0x20,0x62,0x61,0x73,0x65,0x43,0x6f,0x6c,0x6f,0x72,
    0x54,0x65,0x78,0x53,0x6d,0x70,0x20,0x5b,0x5b,0x73,0x61,0x6d,0x70,0x6c,0x65,0x72,
    0x28,0x30,0x29,0x5d,0x5d,0x29,0x0a,0x7b,0x0a,0x20,0x20,0x20,0x20,0x6d,0x61,0x69,
    0x6e,0x30,0x5f,0x6f,0x75,0x74,0x20,0x6f,0x75,0x74,0x20,0x3d,0x20,0x7b,0x7d,0x3b,
    0x0a,0x20,0x20,0x20,0x20,0x66,0x6c,0x6f,0x61,0x74,0x34,0x20,0x61,0x6c,0x62,0x65,
    0x64,0x6f,0x20,0x3d,0x20,0x5f,0x31,0x38,0x2e,0x62,0x61,0x73,0x65,0x43,0x6f,0x6c,
    0x6f,0x72,0x3b,0x0a,0x20,0x20,0x20,0x20,0x69,0x66,0x20,0x28,0x5f,0x31,0x38,0x2e,
    0x6d,0x61,0x74,0x65,0x72,0x69,0x61,0x6c,0x46,0x6c,0x61,0x67,0x73,0x2e,0x78,0x20,
    0x3e,0x20,0x30,0x2e,0x35,0x29,0x0a,0x20,0x20,0x20,0x20,0x7b,0x0a,0x20,0x20,0x20,
    0x20,0x20,0x20,0x20,0x20,0x61,0x6c,0x62,0x65,0x64,0x6f,0x20,0x2a,0x3d,0x20,0x62,
    0x61,0x73,0x65,0x43,0x6f,0x6c,0x6f,0x72,0x54,0x65,0x78,0x2e,0x73,0x61,0x6d,0x70,
    0x6c,0x65,0x28,0x62,0x61,0x73,0x65,0x43,0x6f,0x6c,0x6f,0x72,0x54,0x65,0x78,0x53,
    0x6d,0x70,0x2c,0x20,0x69,0x6e,0x2e,0x76,0x5f,0x75,0x76,0x29,0x3b,0x0a,0x20,0x20,
    0x20,0x20,0x7d,0x0a,0x20,0x20,0x20,0x20,0x69,0x66,0x20,0x28,0x61,0x6c,0x62,0x65,
    0x64,0x6f,0x2e,0x77,0x20,0x3c,0x20,0x5f,0x31,0x38,0x2e,0x6d,0x61,0x74,0x65,0x72,
    0x69,0x61,0x6c,0x46,0x6c,0x61,0x67,0x73,0x2e,0x79,0x29,0x0a,0x20,0x20,0x20,0x20,
    0x7b,0x0a,0x20,0x20,0x20,0x20,0x20,0x20,0x20,0x20,0x64,0x69,0x73,0x63,0x61,0x72,
    0x64,0x5f,0x66,0x72,0x61,0x67,0x6d,0x65,0x6e,0x74,0x28,0x29,0x3b,0x0a,0x20,0x20,
    0x20,0x20,0x7d,0x0a,0x20,0x20,0x20,0x20,0x6f,0x75,0x74,0x2e,0x66,0x72,0x61,0x67,
    0x5f,0x63,0x6f,0x6c,0x6f,0x72,0x20,0x3d,0x20,0x66,0x6c,0x6f,0x61,0x74,0x34,0x28,
    0x61,0x6c,0x62,0x65,0x64,0x6f,0x2e,0x78,0x79,0x7a,0x20,0x2a,0x20,0x66,0x61,0x73,
    0x74,0x3a,0x3a,0x63,0x6c,0x61,0x6d,0x70,0x28,0x5f,0x31,0x38,0x2e,0x6c,0x69,0x67,
    0x68,0x74,0x44,0x69,0x72,0x41,0x6d,0x62,0x69,0x65,0x6e,0x74,0x2e,0x77,0x20,0x2b,
    0x20,0x28,0x66,0x61,0x73,0x74,0x3a,0x3a,0x6d,0x61,0x78,0x28,0x64,0x6f,0x74,0x28,
    0x66,0x61,0x73,0x74,0x3a,0x3a,0x6e,0x6f,0x72,0x6d,0x61,0x6c,0x69,0x7a,0x65,0x28,
    0x69,0x6e,0x2e,0x76,0x5f,0x77,0x6f,0x72,0x6c,0x64,0x4e,0x6f,0x72,0x6d,0x61,0x6c,
    0x29,0x2c,0x20,0x66,0x61,0x73,0x74,0x3a,0x3a,0x6e,0x6f,0x72,0x6d,0x61,0x6c,0x69,
    0x7a,0x65,0x28,0x2d,0x5f,0x31,0x38,0x2e,0x6c,0x69,0x67,0x68,0x74,0x44,0x69,0x72,
    0x41,0x6d,0x62,0x69,0x65,0x6e,0x74,0x2e,0x78,0x79,0x7a,0x29,0x29,0x2c,0x20,0x30,
    0x2e,0x30,0x29,0x20,0x2a,0x20,0x28,0x31,0x2e,0x30,0x20,0x2d,0x20,0x5f,0x31,0x38,
    0x2e,0x6c,0x69,0x67,0x68,0x74,0x44,0x69,0x72,0x41,0x6d,0x62,0x69,0x65,0x6e,0x74,
    0x2e,0x77,0x29,0x29,0x2c,0x20,0x30,0x2e,0x30,0x2c,0x20,0x31,0x2e,0x30,0x29,0x2c,
    0x20,0x61,0x6c,0x62,0x65,0x64,0x6f,0x2e,0x77,0x29,0x3b,0x0a,0x20,0x20,0x20,0x20,
    0x72,0x65,0x74,0x75,0x72,0x6e,0x20,0x6f,0x75,0x74,0x3b,0x0a,0x7d,0x0a,0x0a,0x00,

};
#endif
/*
    #pragma clang diagnostic ignored "-Wmissing-prototypes"

    #include <metal_stdlib>
    #include <simd/simd.h>

    using namespace metal;

    struct vs_params
    {
        float4x4 model;
        float4x4 viewProj;
        float4x4 normalMat;
        float4x4 bones[128];
    };

    struct main0_out
    {
        float3 v_worldNormal [[user(locn0)]];
        float2 v_uv [[user(locn1)]];
        float4 gl_Position [[position]];
    };

    struct main0_in
    {
        float3 position [[attribute(0)]];
        float3 normal [[attribute(1)]];
        float2 texcoord0 [[attribute(2)]];
        float4 boneIndices [[attribute(4)]];
        float4 boneWeights [[attribute(5)]];
    };

    static inline __attribute__((always_inline))
    float4x4 weightedBoneMatrix(constant vs_params& _22, thread float4& boneIndices, thread float4& boneWeights)
    {
        float4x4 _38 = _22.bones[int(boneIndices.x)] * boneWeights.x;
        float4x4 _61 = _22.bones[int(boneIndices.y)] * boneWeights.y;
        float4x4 _84 = _22.bones[int(boneIndices.z)] * boneWeights.z;
        float4x4 _107 = _22.bones[int(boneIndices.w)] * boneWeights.w;
        return float4x4(((_38[0] + _61[0]) + _84[0]) + _107[0], ((_38[1] + _61[1]) + _84[1]) + _107[1], ((_38[2] + _61[2]) + _84[2]) + _107[2], ((_38[3] + _61[3]) + _84[3]) + _107[3]);
    }

    vertex main0_out main0(main0_in in [[stage_in]], constant vs_params& _22 [[buffer(0)]])
    {
        main0_out out = {};
        float4x4 _126 = weightedBoneMatrix(_22, in.boneIndices, in.boneWeights);
        out.v_worldNormal = fast::normalize((_22.normalMat * float4(fast::normalize((_126 * float4(in.normal, 0.0)).xyz), 0.0)).xyz);
        out.v_uv = in.texcoord0;
        out.gl_Position = _22.viewProj * (_22.model * (_126 * float4(in.position, 1.0)));
        return out;
    }

*/
#if defined(SOKOL_METAL)
static const uint8_t tcx_assimp_skin_vs_skinned_source_metal_ios[1657] = {
    0x23,0x70,0x72,0x61,0x67,0x6d,0x61,0x20,0x63,0x6c,0x61,0x6e,0x67,0x20,0x64,0x69,
    0x61,0x67,0x6e,0x6f,0x73,0x74,0x69,0x63,0x20,0x69,0x67,0x6e,0x6f,0x72,0x65,0x64,
    0x20,0x22,0x2d,0x57,0x6d,0x69,0x73,0x73,0x69,0x6e,0x67,0x2d,0x70,0x72,0x6f,0x74,
    0x6f,0x74,0x79,0x70,0x65,0x73,0x22,0x0a,0x0a,0x23,0x69,0x6e,0x63,0x6c,0x75,0x64,
    0x65,0x20,0x3c,0x6d,0x65,0x74,0x61,0x6c,0x5f,0x73,0x74,0x64,0x6c,0x69,0x62,0x3e,
    0x0a,0x23,0x69,0x6e,0x63,0x6c,0x75,0x64,0x65,0x20,0x3c,0x73,0x69,0x6d,0x64,0x2f,
    0x73,0x69,0x6d,0x64,0x2e,0x68,0x3e,0x0a,0x0a,0x75,0x73,0x69,0x6e,0x67,0x20,0x6e,
    0x61,0x6d,0x65,0x73,0x70,0x61,0x63,0x65,0x20,0x6d,0x65,0x74,0x61,0x6c,0x3b,0x0a,
    0x0a,0x73,0x74,0x72,0x75,0x63,0x74,0x20,0x76,0x73,0x5f,0x70,0x61,0x72,0x61,0x6d,
    0x73,0x0a,0x7b,0x0a,0x20,0x20,0x20,0x20,0x66,0x6c,0x6f,0x61,0x74,0x34,0x78,0x34,
    0x20,0x6d,0x6f,0x64,0x65,0x6c,0x3b,0x0a,0x20,0x20,0x20,0x20,0x66,0x6c,0x6f,0x61,
    0x74,0x34,0x78,0x34,0x20,0x76,0x69,0x65,0x77,0x50,0x72,0x6f,0x6a,0x3b,0x0a,0x20,
    0x20,0x20,0x20,0x66,0x6c,0x6f,0x61,0x74,0x34,0x78,0x34,0x20,0x6e,0x6f,0x72,0x6d,
    0x61,0x6c,0x4d,0x61,0x74,0x3b,0x0a,0x20,0x20,0x20,0x20,0x66,0x6c,0x6f,0x61,0x74,
    0x34,0x78,0x34,0x20,0x62,0x6f,0x6e,0x65,0x73,0x5b,0x31,0x32,0x38,0x5d,0x3b,0x0a,
    0x7d,0x3b,0x0a,0x0a,0x73,0x74,0x72,0x75,0x63,0x74,0x20,0x6d,0x61,0x69,0x6e,0x30,
    0x5f,0x6f,0x75,0x74,0x0a,0x7b,0x0a,0x20,0x20,0x20,0x20,0x66,0x6c,0x6f,0x61,0x74,
    0x33,0x20,0x76,0x5f,0x77,0x6f,0x72,0x6c,0x64,0x4e,0x6f,0x72,0x6d,0x61,0x6c,0x20,
    0x5b,0x5b,0x75,0x73,0x65,0x72,0x28,0x6c,0x6f,0x63,0x6e,0x30,0x29,0x5d,0x5d,0x3b,
    0x0a,0x20,0x20,0x20,0x20,0x66,0x6c,0x6f,0x61,0x74,0x32,0x20,0x76,0x5f,0x75,0x76,
    0x20,0x5b,0x5b,0x75,0x73,0x65,0x72,0x28,0x6c,0x6f,0x63,0x6e,0x31,0x29,0x5d,0x5d,
    0x3b,0x0a,0x20,0x20,0x20,0x20,0x66,0x6c,0x6f,0x61,0x74,0x34,0x20,0x67,0x6c,0x5f,
    0x50,0x6f,0x73,0x69,0x74,0x69,0x6f,0x6e,0x20,0x5b,0x5b,0x70,0x6f,0x73,0x69,0x74,
    0x69,0x6f,0x6e,0x5d,0x5d,0x3b,0x0a,0x7d,0x3b,0x0a,0x0a,0x73,0x74,0x72,0x75,0x63,
    0x74,0x20,0x6d,0x61,0x69,0x6e,0x30,0x5f,0x69,0x6e,0x0a,0x7b,0x0a,0x20,0x20,0x20,
    0x20,0x66,0x6c,0x6f,0x61,0x74,0x33,0x20,0x70,0x6f,0x73,0x69,0x74,0x69,0x6f,0x6e,
    0x20,0x5b,0x5b,0x61,0x74,0x74,0x72,0x69,0x62,0x75,0x74,0x65,0x28,0x30,0x29,0x5d,
    0x5d,0x3b,0x0a,0x20,0x20,0x20,0x20,0x66,0x6c,0x6f,0x61,0x74,0x33,0x20,0x6e,0x6f,
    0x72,0x6d,0x61,0x6c,0x20,0x5b,0x5b,0x61,0x74,0x74,0x72,0x69,0x62,0x75,0x74,0x65,
    0x28,0x31,0x29,0x5d,0x5d,0x3b,0x0a,0x20,0x20,0x20,0x20,0x66,0x6c,0x6f,0x61,0x74,
    0x32,0x20,0x74,0x65,0x78,0x63,0x6f,0x6f,0x72,0x64,0x30,0x20,0x5b,0x5b,0x61,0x74,
    0x74,0x72,0x69,0x62,0x75,0x74,0x65,0x28,0x32,0x29,0x5d,0x5d,0x3b,0x0a,0x20,0x20,
    0x20,0x20,0x66,0x6c,0x6f,0x61,0x74,0x34,0x20,0x62,0x6f,0x6e,0x65,0x49,0x6e,0x64,
    0x69,0x63,0x65,0x73,0x20,0x5b,0x5b,0x61,0x74,0x74,0x72,0x69,0x62,0x75,0x74,0x65,
    0x28,0x34,0x29,0x5d,0x5d,0x3b,0x0a,0x20,0x20,0x20,0x20,0x66,0x6c,0x6f,0x61,0x74,
    0x34,0x20,0x62,0x6f,0x6e,0x65,0x57,0x65,0x69,0x67,0x68,0x74,0x73,0x20,0x5b,0x5b,
    0x61,0x74,0x74,0x72,0x69,0x62,0x75,0x74,0x65,0x28,0x35,0x29,0x5d,0x5d,0x3b,0x0a,
    0x7d,0x3b,0x0a,0x0a,0x73,0x74,0x61,0x74,0x69,0x63,0x20,0x69,0x6e,0x6c,0x69,0x6e,
    0x65,0x20,0x5f,0x5f,0x61,0x74,0x74,0x72,0x69,0x62,0x75,0x74,0x65,0x5f,0x5f,0x28,
    0x28,0x61,0x6c,0x77,0x61,0x79,0x73,0x5f,0x69,0x6e,0x6c,0x69,0x6e,0x65,0x29,0x29,
    0x0a,0x66,0x6c,0x6f,0x61,0x74,0x34,0x78,0x34,0x20,0x77,0x65,0x69,0x67,0x68,0x74,
    0x65,0x64,0x42,0x6f,0x6e,0x65,0x4d,0x61,0x74,0x72,0x69,0x78,0x28,0x63,0x6f,0x6e,
    0x73,0x74,0x61,0x6e,0x74,0x20,0x76,0x73,0x5f,0x70,0x61,0x72,0x61,0x6d,0x73,0x26,
    0x20,0x5f,0x32,0x32,0x2c,0x20,0x74,0x68,0x72,0x65,0x61,0x64,0x20,0x66,0x6c,0x6f,
    0x61,0x74,0x34,0x26,0x20,0x62,0x6f,0x6e,0x65,0x49,0x6e,0x64,0x69,0x63,0x65,0x73,
    0x2c,0x20,0x74,0x68,0x72,0x65,0x61,0x64,0x20,0x66,0x6c,0x6f,0x61,0x74,0x34,0x26,
    0x20,0x62,0x6f,0x6e,0x65,0x57,0x65,0x69,0x67,0x68,0x74,0x73,0x29,0x0a,0x7b,0x0a,
    0x20,0x20,0x20,0x20,0x66,0x6c,0x6f,0x61,0x74,0x34,0x78,0x34,0x20,0x5f,0x33,0x38,
    0x20,0x3d,0x20,0x5f,0x32,0x32,0x2e,0x62,0x6f,0x6e,0x65,0x73,0x5b,0x69,0x6e,0x74,
    0x28,0x62,0x6f,0x6e,0x65,0x49,0x6e,0x64,0x69,0x63,0x65,0x73,0x2e,0x78,0x29,0x5d,
    0x20,0x2a,0x20,0x62,0x6f,0x6e,0x65,0x57,0x65,0x69,0x67,0x68,0x74,0x73,0x2e,0x78,
    0x3b,0x0a,0x20,0x20,0x20,0x20,0x66,0x6c,0x6f,0x61,0x74,0x34,0x78,0x34,0x20,0x5f,
    0x36,0x31,0x20,0x3d,0x20,0x5f,0x32,0x32,0x2e,0x62,0x6f,0x6e,0x65,0x73,0x5b,0x69,
    0x6e,0x74,0x28,0x62,0x6f,0x6e,0x65,0x49,0x6e,0x64,0x69,0x63,0x65,0x73,0x2e,0x79,
    0x29,0x5d,0x20,0x2a,0x20,0x62,0x6f,0x6e,0x65,0x57,0x65,0x69,0x67,0x68,0x74,0x73,
    0x2e,0x79,0x3b,0x0a,0x20,0x20,0x20,0x20,0x66,0x6c,0x6f,0x61,0x74,0x34,0x78,0x34,
    0x20,0x5f,0x38,0x34,0x20,0x3d,0x20,0x5f,0x32,0x32,0x2e,0x62,0x6f,0x6e,0x65,0x73,
    0x5b,0x69,0x6e,0x74,0x28,0x62,0x6f,0x6e,0x65,0x49,0x6e,0x64,0x69,0x63,0x65,0x73,
    0x2e,0x7a,0x29,0x5d,0x20,0x2a,0x20,0x62,0x6f,0x6e,0x65,0x57,0x65,0x69,0x67,0x68,
    0x74,0x73,0x2e,0x7a,0x3b,0x0a,0x20,0x20,0x20,0x20,0x66,0x6c,0x6f,0x61,0x74,0x34,
    0x78,0x34,0x20,0x5f,0x31,0x30,0x37,0x20,0x3d,0x20,0x5f,0x32,0x32,0x2e,0x62,0x6f,
    0x6e,0x65,0x73,0x5b,0x69,0x6e,0x74,0x28,0x62,0x6f,0x6e,0x65,0x49,0x6e,0x64,0x69,
    0x63,0x65,0x73,0x2e,0x77,0x29,0x5d,0x20,0x2a,0x20,0x62,0x6f,0x6e,0x65,0x57,0x65,
    0x69,0x67,0x68,0x74,0x73,0x2e,0x77,0x3b,0x0a,0x20,0x20,0x20,0x20,0x72,0x65,0x74,
    0x75,0x72,0x6e,0x20,0x66,0x6c,0x6f,0x61,0x74,0x34,0x78,0x34,0x28,0x28,0x28,0x5f,
    0x33,0x38,0x5b,0x30,0x5d,0x20,0x2b,0x20,0x5f,0x36,0x31,0x5b,0x30,0x5d,0x29,0x20,
    0x2b,0x20,0x5f,0x38,0x34,0x5b,0x30,0x5d,0x29,0x20,0x2b,0x20,0x5f,0x31,0x30,0x37,
    0x5b,0x30,0x5d,0x2c,0x20,0x28,0x28,0x5f,0x33,0x38,0x5b,0x31,0x5d,0x20,0x2b,0x20,
    0x5f,0x36,0x31,0x5b,0x31,0x5d,0x29,0x20,0x2b,0x20,0x5f,0x38,0x34,0x5b,0x31,0x5d,
    0x29,0x20,0x2b,0x20,0x5f,0x31,0x30,0x37,0x5b,0x31,0x5d,0x2c,0x20,0x28,0x28,0x5f,
    0x33,0x38,0x5b,0x32,0x5d,0x20,0x2b,0x20,0x5f,0x36,0x31,0x5b,0x32,0x5d,0x29,0x20,
    0x2b,0x20,0x5f,0x38,0x34,0x5b,0x32,0x5d,0x29,0x20,0x2b,0x20,0x5f,0x31,0x30,0x37,
    0x5b,0x32,0x5d,0x2c,0x20,0x28,0x28,0x5f,0x33,0x38,0x5b,0x33,0x5d,0x20,0x2b,0x20,
    0x5f,0x36,0x31,0x5b,0x33,0x5d,0x29,0x20,0x2b,0x20,0x5f,0x38,0x34,0x5b,0x33,0x5d,
    0x29,0x20,0x2b,0x20,0x5f,0x31,0x30,0x37,0x5b,0x33,0x5d,0x29,0x3b,0x0a,0x7d,0x0a,
    0x0a,0x76,0x65,0x72,0x74,0x65,0x78,0x20,0x6d,0x61,0x69,0x6e,0x30,0x5f,0x6f,0x75,
    0x74,0x20,0x6d,0x61,0x69,0x6e,0x30,0x28,0x6d,0x61,0x69,0x6e,0x30,0x5f,0x69,0x6e,
    0x20,0x69,0x6e,0x20,0x5b,0x5b,0x73,0x74,0x61,0x67,0x65,0x5f,0x69,0x6e,0x5d,0x5d,
    0x2c,0x20,0x63,0x6f,0x6e,0x73,0x74,0x61,0x6e,0x74,0x20,0x76,0x73,0x5f,0x70,0x61,
    0x72,0x61,0x6d,0x73,0x26,0x20,0x5f,0x32,0x32,0x20,0x5b,0x5b,0x62,0x75,0x66,0x66,
    0x65,0x72,0x28,0x30,0x29,0x5d,0x5d,0x29,0x0a,0x7b,0x0a,0x20,0x20,0x20,0x20,0x6d,
    0x61,0x69,0x6e,0x30,0x5f,0x6f,0x75,0x74,0x20,0x6f,0x75,0x74,0x20,0x3d,0x20,0x7b,
    0x7d,0x3b,0x0a,0x20,0x20,0x20,0x20,0x66,0x6c,0x6f,0x61,0x74,0x34,0x78,0x34,0x20,
    0x5f,0x31,0x32,0x36,0x20,0x3d,0x20,0x77,0x65,0x69,0x67,0x68,0x74,0x65,0x64,0x42,
    0x6f,0x6e,0x65,0x4d,0x61,0x74,0x72,0x69,0x78,0x28,0x5f,0x32,0x32,0x2c,0x20,0x69,
    0x6e,0x2e,0x62,0x6f,0x6e,0x65,0x49,0x6e,0x64,0x69,0x63,0x65,0x73,0x2c,0x20,0x69,
    0x6e,0x2e,0x62,0x6f,0x6e,0x65,0x57,0x65,0x69,0x67,0x68,0x74,0x73,0x29,0x3b,0x0a,
    0x20,0x20,0x20,0x20,0x6f,0x75,0x74,0x2e,0x76,0x5f,0x77,0x6f,0x72,0x6c,0x64,0x4e,
    0x6f,0x72,0x6d,0x61,0x6c,0x20,0x3d,0x20,0x66,0x61,0x73,0x74,0x3a,0x3a,0x6e,0x6f,
    0x72,0x6d,0x61,0x6c,0x69,0x7a,0x65,0x28,0x28,0x5f,0x32,0x32,0x2e,0x6e,0x6f,0x72,
    0x6d,0x61,0x6c,0x4d,0x61,0x74,0x20,0x2a,0x20,0x66,0x6c,0x6f,0x61,0x74,0x34,0x28,
    0x66,0x61,0x73,0x74,0x3a,0x3a,0x6e,0x6f,0x72,0x6d,0x61,0x6c,0x69,0x7a,0x65,0x28,
    0x28,0x5f,0x31,0x32,0x36,0x20,0x2a,0x20,0x66,0x6c,0x6f,0x61,0x74,0x34,0x28,0x69,
    0x6e,0x2e,0x6e,0x6f,0x72,0x6d,0x61,0x6c,0x2c,0x20,0x30,0x2e,0x30,0x29,0x29,0x2e,
    0x78,0x79,0x7a,0x29,0x2c,0x20,0x30,0x2e,0x30,0x29,0x29,0x2e,0x78,0x79,0x7a,0x29,
    0x3b,0x0a,0x20,0x20,0x20,0x20,0x6f,0x75,0x74,0x2e,0x76,0x5f,0x75,0x76,0x20,0x3d,
    0x20,0x69,0x6e,0x2e,0x74,0x65,0x78,0x63,0x6f,0x6f,0x72,0x64,0x30,0x3b,0x0a,0x20,
    0x20,0x20,0x20,0x6f,0x75,0x74,0x2e,0x67,0x6c,0x5f,0x50,0x6f,0x73,0x69,0x74,0x69,
    0x6f,0x6e,0x20,0x3d,0x20,0x5f,0x32,0x32,0x2e,0x76,0x69,0x65,0x77,0x50,0x72,0x6f,
    0x6a,0x20,0x2a,0x20,0x28,0x5f,0x32,0x32,0x2e,0x6d,0x6f,0x64,0x65,0x6c,0x20,0x2a,
    0x20,0x28,0x5f,0x31,0x32,0x36,0x20,0x2a,0x20,0x66,0x6c,0x6f,0x61,0x74,0x34,0x28,
    0x69,0x6e,0x2e,0x70,0x6f,0x73,0x69,0x74,0x69,0x6f,0x6e,0x2c,0x20,0x31,0x2e,0x30,
    0x29,0x29,0x29,0x3b,0x0a,0x20,0x20,0x20,0x20,0x72,0x65,0x74,0x75,0x72,0x6e,0x20,
    0x6f,0x75,0x74,0x3b,0x0a,0x7d,0x0a,0x0a,0x00,
};
#endif
/*
    #include <metal_stdlib>
    #include <simd/simd.h>

    using namespace metal;

    struct fs_params
    {
        float4 baseColor;
        float4 lightDirAmbient;
        float4 materialFlags;
    };

    struct main0_out
    {
        float4 frag_color [[color(0)]];
    };

    struct main0_in
    {
        float3 v_worldNormal [[user(locn0)]];
        float2 v_uv [[user(locn1)]];
    };

    fragment main0_out main0(main0_in in [[stage_in]], constant fs_params& _18 [[buffer(1)]], texture2d<float> baseColorTex [[texture(0)]], sampler baseColorTexSmp [[sampler(0)]])
    {
        main0_out out = {};
        float4 albedo = _18.baseColor;
        if (_18.materialFlags.x > 0.5)
        {
            albedo *= baseColorTex.sample(baseColorTexSmp, in.v_uv);
        }
        if (albedo.w < _18.materialFlags.y)
        {
            discard_fragment();
        }
        out.frag_color = float4(albedo.xyz * fast::clamp(_18.lightDirAmbient.w + (fast::max(dot(fast::normalize(in.v_worldNormal), fast::normalize(-_18.lightDirAmbient.xyz)), 0.0) * (1.0 - _18.lightDirAmbient.w)), 0.0, 1.0), albedo.w);
        return out;
    }

*/
#if defined(SOKOL_METAL)
static const uint8_t tcx_assimp_skin_fs_skinned_source_metal_ios[1008] = {
    0x23,0x69,0x6e,0x63,0x6c,0x75,0x64,0x65,0x20,0x3c,0x6d,0x65,0x74,0x61,0x6c,0x5f,
    0x73,0x74,0x64,0x6c,0x69,0x62,0x3e,0x0a,0x23,0x69,0x6e,0x63,0x6c,0x75,0x64,0x65,
    0x20,0x3c,0x73,0x69,0x6d,0x64,0x2f,0x73,0x69,0x6d,0x64,0x2e,0x68,0x3e,0x0a,0x0a,
    0x75,0x73,0x69,0x6e,0x67,0x20,0x6e,0x61,0x6d,0x65,0x73,0x70,0x61,0x63,0x65,0x20,
    0x6d,0x65,0x74,0x61,0x6c,0x3b,0x0a,0x0a,0x73,0x74,0x72,0x75,0x63,0x74,0x20,0x66,
    0x73,0x5f,0x70,0x61,0x72,0x61,0x6d,0x73,0x0a,0x7b,0x0a,0x20,0x20,0x20,0x20,0x66,
    0x6c,0x6f,0x61,0x74,0x34,0x20,0x62,0x61,0x73,0x65,0x43,0x6f,0x6c,0x6f,0x72,0x3b,
    0x0a,0x20,0x20,0x20,0x20,0x66,0x6c,0x6f,0x61,0x74,0x34,0x20,0x6c,0x69,0x67,0x68,
    0x74,0x44,0x69,0x72,0x41,0x6d,0x62,0x69,0x65,0x6e,0x74,0x3b,0x0a,0x20,0x20,0x20,
    0x20,0x66,0x6c,0x6f,0x61,0x74,0x34,0x20,0x6d,0x61,0x74,0x65,0x72,0x69,0x61,0x6c,
    0x46,0x6c,0x61,0x67,0x73,0x3b,0x0a,0x7d,0x3b,0x0a,0x0a,0x73,0x74,0x72,0x75,0x63,
    0x74,0x20,0x6d,0x61,0x69,0x6e,0x30,0x5f,0x6f,0x75,0x74,0x0a,0x7b,0x0a,0x20,0x20,
    0x20,0x20,0x66,0x6c,0x6f,0x61,0x74,0x34,0x20,0x66,0x72,0x61,0x67,0x5f,0x63,0x6f,
    0x6c,0x6f,0x72,0x20,0x5b,0x5b,0x63,0x6f,0x6c,0x6f,0x72,0x28,0x30,0x29,0x5d,0x5d,
    0x3b,0x0a,0x7d,0x3b,0x0a,0x0a,0x73,0x74,0x72,0x75,0x63,0x74,0x20,0x6d,0x61,0x69,
    0x6e,0x30,0x5f,0x69,0x6e,0x0a,0x7b,0x0a,0x20,0x20,0x20,0x20,0x66,0x6c,0x6f,0x61,
    0x74,0x33,0x20,0x76,0x5f,0x77,0x6f,0x72,0x6c,0x64,0x4e,0x6f,0x72,0x6d,0x61,0x6c,
    0x20,0x5b,0x5b,0x75,0x73,0x65,0x72,0x28,0x6c,0x6f,0x63,0x6e,0x30,0x29,0x5d,0x5d,
    0x3b,0x0a,0x20,0x20,0x20,0x20,0x66,0x6c,0x6f,0x61,0x74,0x32,0x20,0x76,0x5f,0x75,
    0x76,0x20,0x5b,0x5b,0x75,0x73,0x65,0x72,0x28,0x6c,0x6f,0x63,0x6e,0x31,0x29,0x5d,
    0x5d,0x3b,0x0a,0x7d,0x3b,0x0a,0x0a,0x66,0x72,0x61,0x67,0x6d,0x65,0x6e,0x74,0x20,
    0x6d,0x61,0x69,0x6e,0x30,0x5f,0x6f,0x75,0x74,0x20,0x6d,0x61,0x69,0x6e,0x30,0x28,
    0x6d,0x61,0x69,0x6e,0x30,0x5f,0x69,0x6e,0x20,0x69,0x6e,0x20,0x5b,0x5b,0x73,0x74,
    0x61,0x67,0x65,0x5f,0x69,0x6e,0x5d,0x5d,0x2c,0x20,0x63,0x6f,0x6e,0x73,0x74,0x61,
    0x6e,0x74,0x20,0x66,0x73,0x5f,0x70,0x61,0x72,0x61,0x6d,0x73,0x26,0x20,0x5f,0x31,
    0x38,0x20,0x5b,0x5b,0x62,0x75,0x66,0x66,0x65,0x72,0x28,0x31,0x29,0x5d,0x5d,0x2c,
    0x20,0x74,0x65,0x78,0x74,0x75,0x72,0x65,0x32,0x64,0x3c,0x66,0x6c,0x6f,0x61,0x74,
    0x3e,0x20,0x62,0x61,0x73,0x65,0x43,0x6f,0x6c,0x6f,0x72,0x54,0x65,0x78,0x20,0x5b,
    0x5b,0x74,0x65,0x78,0x74,0x75,0x72,0x65,0x28,0x30,0x29,0x5d,0x5d,0x2c,0x20,0x73,
    0x61,0x6d,0x70,0x6c,0x65,0x72,0x20,0x62,0x61,0x73,0x65,0x43,0x6f,0x6c,0x6f,0x72,
    0x54,0x65,0x78,0x53,0x6d,0x70,0x20,0x5b,0x5b,0x73,0x61,0x6d,0x70,0x6c,0x65,0x72,
    0x28,0x30,0x29,0x5d,0x5d,0x29,0x0a,0x7b,0x0a,0x20,0x20,0x20,0x20,0x6d,0x61,0x69,
    0x6e,0x30,0x5f,0x6f,0x75,0x74,0x20,0x6f,0x75,0x74,0x20,0x3d,0x20,0x7b,0x7d,0x3b,
    0x0a,0x20,0x20,0x20,0x20,0x66,0x6c,0x6f,0x61,0x74,0x34,0x20,0x61,0x6c,0x62,0x65,
    0x64,0x6f,0x20,0x3d,0x20,0x5f,0x31,0x38,0x2e,0x62,0x61,0x73,0x65,0x43,0x6f,0x6c,
    0x6f,0x72,0x3b,0x0a,0x20,0x20,0x20,0x20,0x69,0x66,0x20,0x28,0x5f,0x31,0x38,0x2e,
    0x6d,0x61,0x74,0x65,0x72,0x69,0x61,0x6c,0x46,0x6c,0x61,0x67,0x73,0x2e,0x78,0x20,
    0x3e,0x20,0x30,0x2e,0x35,0x29,0x0a,0x20,0x20,0x20,0x20,0x7b,0x0a,0x20,0x20,0x20,
    0x20,0x20,0x20,0x20,0x20,0x61,0x6c,0x62,0x65,0x64,0x6f,0x20,0x2a,0x3d,0x20,0x62,
    0x61,0x73,0x65,0x43,0x6f,0x6c,0x6f,0x72,0x54,0x65,0x78,0x2e,0x73,0x61,0x6d,0x70,
    0x6c,0x65,0x28,0x62,0x61,0x73,0x65,0x43,0x6f,0x6c,0x6f,0x72,0x54,0x65,0x78,0x53,
    0x6d,0x70,0x2c,0x20,0x69,0x6e,0x2e,0x76,0x5f,0x75,0x76,0x29,0x3b,0x0a,0x20,0x20,
    0x20,0x20,0x7d,0x0a,0x20,0x20,0x20,0x20,0x69,0x66,0x20,0x28,0x61,0x6c,0x62,0x65,
    0x64,0x6f,0x2e,0x77,0x20,0x3c,0x20,0x5f,0x31,0x38,0x2e,0x6d,0x61,0x74,0x65,0x72,
    0x69,0x61,0x6c,0x46,0x6c,0x61,0x67,0x73,0x2e,0x79,0x29,0x0a,0x20,0x20,0x20,0x20,
    0x7b,0x0a,0x20,0x20,0x20,0x20,0x20,0x20,0x20,0x20,0x64,0x69,0x73,0x63,0x61,0x72,
    0x64,0x5f,0x66,0x72,0x61,0x67,0x6d,0x65,0x6e,0x74,0x28,0x29,0x3b,0x0a,0x20,0x20,
    0x20,0x20,0x7d,0x0a,0x20,0x20,0x20,0x20,0x6f,0x75,0x74,0x2e,0x66,0x72,0x61,0x67,
    0x5f,0x63,0x6f,0x6c,0x6f,0x72,0x20,0x3d,0x20,0x66,0x6c,0x6f,0x61,0x74,0x34,0x28,
    0x61,0x6c,0x62,0x65,0x64,0x6f,0x2e,0x78,0x79,0x7a,0x20,0x2a,0x20,0x66,0x61,0x73,
    0x74,0x3a,0x3a,0x63,0x6c,0x61,0x6d,0x70,0x28,0x5f,0x31,0x38,0x2e,0x6c,0x69,0x67,
    0x68,0x74,0x44,0x69,0x72,0x41,0x6d,0x62,0x69,0x65,0x6e,0x74,0x2e,0x77,0x20,0x2b,
    0x20,0x28,0x66,0x61,0x73,0x74,0x3a,0x3a,0x6d,0x61,0x78,0x28,0x64,0x6f,0x74,0x28,
    0x66,0x61,0x73,0x74,0x3a,0x3a,0x6e,0x6f,0x72,0x6d,0x61,0x6c,0x69,0x7a,0x65,0x28,
    0x69,0x6e,0x2e,0x76,0x5f,0x77,0x6f,0x72,0x6c,0x64,0x4e,0x6f,0x72,0x6d,0x61,0x6c,
    0x29,0x2c,0x20,0x66,0x61,0x73,0x74,0x3a,0x3a,0x6e,0x6f,0x72,0x6d,0x61,0x6c,0x69,
    0x7a,0x65,0x28,0x2d,0x5f,0x31,0x38,0x2e,0x6c,0x69,0x67,0x68,0x74,0x44,0x69,0x72,
    0x41,0x6d,0x62,0x69,0x65,0x6e,0x74,0x2e,0x78,0x79,0x7a,0x29,0x29,0x2c,0x20,0x30,
    0x2e,0x30,0x29,0x20,0x2a,0x20,0x28,0x31,0x2e,0x30,0x20,0x2d,0x20,0x5f,0x31,0x38,
    0x2e,0x6c,0x69,0x67,0x68,0x74,0x44,0x69,0x72,0x41,0x6d,0x62,0x69,0x65,0x6e,0x74,
    0x2e,0x77,0x29,0x29,0x2c,0x20,0x30,0x2e,0x30,0x2c,0x20,0x31,0x2e,0x30,0x29,0x2c,
    0x20,0x61,0x6c,0x62,0x65,0x64,0x6f,0x2e,0x77,0x29,0x3b,0x0a,0x20,0x20,0x20,0x20,
    0x72,0x65,0x74,0x75,0x72,0x6e,0x20,0x6f,0x75,0x74,0x3b,0x0a,0x7d,0x0a,0x0a,0x00,

};
#endif
/*
    diagnostic(off, derivative_uniformity);

    alias Arr = array<mat4x4f, 128u>;

    struct vs_params {
      /_ @offset(0) _/
      model : mat4x4f,
      /_ @offset(64) _/
      viewProj : mat4x4f,
      /_ @offset(128) _/
      normalMat : mat4x4f,
      /_ @offset(192) _/
      bones : Arr,
    }

    @binding(0) @group(0) var<uniform> x_22 : vs_params;

    var<private> boneIndices : vec4f;

    var<private> boneWeights : vec4f;

    var<private> position_1 : vec3f;

    var<private> normal : vec3f;

    var<private> v_worldNormal : vec3f;

    var<private> v_uv : vec2f;

    var<private> texcoord0 : vec2f;

    var<private> tangent : vec4f;

    var<private> gl_Position : vec4f;

    fn weightedBoneMatrix_() -> mat4x4f {
      var skin : mat4x4f;
      skin = mat4x4f();
      let x_38 = (x_22.bones[i32(boneIndices.x)] * boneWeights.x);
      skin = mat4x4f((skin[0u] + x_38[0u]), (skin[1u] + x_38[1u]), (skin[2u] + x_38[2u]), (skin[3u] + x_38[3u]));
      let x_61 = (x_22.bones[i32(boneIndices.y)] * boneWeights.y);
      skin = mat4x4f((skin[0u] + x_61[0u]), (skin[1u] + x_61[1u]), (skin[2u] + x_61[2u]), (skin[3u] + x_61[3u]));
      let x_84 = (x_22.bones[i32(boneIndices.z)] * boneWeights.z);
      skin = mat4x4f((skin[0u] + x_84[0u]), (skin[1u] + x_84[1u]), (skin[2u] + x_84[2u]), (skin[3u] + x_84[3u]));
      let x_107 = (x_22.bones[i32(boneIndices.w)] * boneWeights.w);
      skin = mat4x4f((skin[0u] + x_107[0u]), (skin[1u] + x_107[1u]), (skin[2u] + x_107[2u]), (skin[3u] + x_107[3u]));
      let x_122 = skin;
      return x_122;
    }

    fn main_1() {
      var skin_1 : mat4x4f;
      var localPos : vec4f;
      var localNormal : vec3f;
      var worldPos : vec4f;
      let x_126 = weightedBoneMatrix_();
      skin_1 = x_126;
      localPos = (skin_1 * vec4f(position_1.x, position_1.y, position_1.z, 1.0f));
      localNormal = normalize(((skin_1 * vec4f(normal.x, normal.y, normal.z, 0.0f))).xyz);
      worldPos = (x_22.model * localPos);
      v_worldNormal = normalize(((x_22.normalMat * vec4f(localNormal.x, localNormal.y, localNormal.z, 0.0f))).xyz);
      v_uv = texcoord0;
      gl_Position = (x_22.viewProj * worldPos);
      return;
    }

    struct main_out {
      @location(0)
      v_worldNormal_1 : vec3f,
      @location(1)
      v_uv_1 : vec2f,
      @builtin(position)
      gl_Position : vec4f,
    }

    @vertex
    fn main(@location(4) boneIndices_param : vec4f, @location(5) boneWeights_param : vec4f, @location(0) position_1_param : vec3f, @location(1) normal_param : vec3f, @location(2) texcoord0_param : vec2f, @location(3) tangent_param : vec4f) -> main_out {
      boneIndices = boneIndices_param;
      boneWeights = boneWeights_param;
      position_1 = position_1_param;
      normal = normal_param;
      texcoord0 = texcoord0_param;
      tangent = tangent_param;
      main_1();
      return main_out(v_worldNormal, v_uv, gl_Position);
    }
*/
#if defined(SOKOL_WGPU)
static const uint8_t tcx_assimp_skin_vs_skinned_source_wgsl[2639] = {
    0x64,0x69,0x61,0x67,0x6e,0x6f,0x73,0x74,0x69,0x63,0x28,0x6f,0x66,0x66,0x2c,0x20,
    0x64,0x65,0x72,0x69,0x76,0x61,0x74,0x69,0x76,0x65,0x5f,0x75,0x6e,0x69,0x66,0x6f,
    0x72,0x6d,0x69,0x74,0x79,0x29,0x3b,0x0a,0x0a,0x61,0x6c,0x69,0x61,0x73,0x20,0x41,
    0x72,0x72,0x20,0x3d,0x20,0x61,0x72,0x72,0x61,0x79,0x3c,0x6d,0x61,0x74,0x34,0x78,
    0x34,0x66,0x2c,0x20,0x31,0x32,0x38,0x75,0x3e,0x3b,0x0a,0x0a,0x73,0x74,0x72,0x75,
    0x63,0x74,0x20,0x76,0x73,0x5f,0x70,0x61,0x72,0x61,0x6d,0x73,0x20,0x7b,0x0a,0x20,
    0x20,0x2f,0x2a,0x20,0x40,0x6f,0x66,0x66,0x73,0x65,0x74,0x28,0x30,0x29,0x20,0x2a,
    0x2f,0x0a,0x20,0x20,0x6d,0x6f,0x64,0x65,0x6c,0x20,0x3a,0x20,0x6d,0x61,0x74,0x34,
    0x78,0x34,0x66,0x2c,0x0a,0x20,0x20,0x2f,0x2a,0x20,0x40,0x6f,0x66,0x66,0x73,0x65,
    0x74,0x28,0x36,0x34,0x29,0x20,0x2a,0x2f,0x0a,0x20,0x20,0x76,0x69,0x65,0x77,0x50,
    0x72,0x6f,0x6a,0x20,0x3a,0x20,0x6d,0x61,0x74,0x34,0x78,0x34,0x66,0x2c,0x0a,0x20,
    0x20,0x2f,0x2a,0x20,0x40,0x6f,0x66,0x66,0x73,0x65,0x74,0x28,0x31,0x32,0x38,0x29,
    0x20,0x2a,0x2f,0x0a,0x20,0x20,0x6e,0x6f,0x72,0x6d,0x61,0x6c,0x4d,0x61,0x74,0x20,
    0x3a,0x20,0x6d,0x61,0x74,0x34,0x78,0x34,0x66,0x2c,0x0a,0x20,0x20,0x2f,0x2a,0x20,
    0x40,0x6f,0x66,0x66,0x73,0x65,0x74,0x28,0x31,0x39,0x32,0x29,0x20,0x2a,0x2f,0x0a,
    0x20,0x20,0x62,0x6f,0x6e,0x65,0x73,0x20,0x3a,0x20,0x41,0x72,0x72,0x2c,0x0a,0x7d,
    0x0a,0x0a,0x40,0x62,0x69,0x6e,0x64,0x69,0x6e,0x67,0x28,0x30,0x29,0x20,0x40,0x67,
    0x72,0x6f,0x75,0x70,0x28,0x30,0x29,0x20,0x76,0x61,0x72,0x3c,0x75,0x6e,0x69,0x66,
    0x6f,0x72,0x6d,0x3e,0x20,0x78,0x5f,0x32,0x32,0x20,0x3a,0x20,0x76,0x73,0x5f,0x70,
    0x61,0x72,0x61,0x6d,0x73,0x3b,0x0a,0x0a,0x76,0x61,0x72,0x3c,0x70,0x72,0x69,0x76,
    0x61,0x74,0x65,0x3e,0x20,0x62,0x6f,0x6e,0x65,0x49,0x6e,0x64,0x69,0x63,0x65,0x73,
    0x20,0x3a,0x20,0x76,0x65,0x63,0x34,0x66,0x3b,0x0a,0x0a,0x76,0x61,0x72,0x3c,0x70,
    0x72,0x69,0x76,0x61,0x74,0x65,0x3e,0x20,0x62,0x6f,0x6e,0x65,0x57,0x65,0x69,0x67,
    0x68,0x74,0x73,0x20,0x3a,0x20,0x76,0x65,0x63,0x34,0x66,0x3b,0x0a,0x0a,0x76,0x61,
    0x72,0x3c,0x70,0x72,0x69,0x76,0x61,0x74,0x65,0x3e,0x20,0x70,0x6f,0x73,0x69,0x74,
    0x69,0x6f,0x6e,0x5f,0x31,0x20,0x3a,0x20,0x76,0x65,0x63,0x33,0x66,0x3b,0x0a,0x0a,
    0x76,0x61,0x72,0x3c,0x70,0x72,0x69,0x76,0x61,0x74,0x65,0x3e,0x20,0x6e,0x6f,0x72,
    0x6d,0x61,0x6c,0x20,0x3a,0x20,0x76,0x65,0x63,0x33,0x66,0x3b,0x0a,0x0a,0x76,0x61,
    0x72,0x3c,0x70,0x72,0x69,0x76,0x61,0x74,0x65,0x3e,0x20,0x76,0x5f,0x77,0x6f,0x72,
    0x6c,0x64,0x4e,0x6f,0x72,0x6d,0x61,0x6c,0x20,0x3a,0x20,0x76,0x65,0x63,0x33,0x66,
    0x3b,0x0a,0x0a,0x76,0x61,0x72,0x3c,0x70,0x72,0x69,0x76,0x61,0x74,0x65,0x3e,0x20,
    0x76,0x5f,0x75,0x76,0x20,0x3a,0x20,0x76,0x65,0x63,0x32,0x66,0x3b,0x0a,0x0a,0x76,
    0x61,0x72,0x3c,0x70,0x72,0x69,0x76,0x61,0x74,0x65,0x3e,0x20,0x74,0x65,0x78,0x63,
    0x6f,0x6f,0x72,0x64,0x30,0x20,0x3a,0x20,0x76,0x65,0x63,0x32,0x66,0x3b,0x0a,0x0a,
    0x76,0x61,0x72,0x3c,0x70,0x72,0x69,0x76,0x61,0x74,0x65,0x3e,0x20,0x74,0x61,0x6e,
    0x67,0x65,0x6e,0x74,0x20,0x3a,0x20,0x76,0x65,0x63,0x34,0x66,0x3b,0x0a,0x0a,0x76,
    0x61,0x72,0x3c,0x70,0x72,0x69,0x76,0x61,0x74,0x65,0x3e,0x20,0x67,0x6c,0x5f,0x50,
    0x6f,0x73,0x69,0x74,0x69,0x6f,0x6e,0x20,0x3a,0x20,0x76,0x65,0x63,0x34,0x66,0x3b,
    0x0a,0x0a,0x66,0x6e,0x20,0x77,0x65,0x69,0x67,0x68,0x74,0x65,0x64,0x42,0x6f,0x6e,
    0x65,0x4d,0x61,0x74,0x72,0x69,0x78,0x5f,0x28,0x29,0x20,0x2d,0x3e,0x20,0x6d,0x61,
    0x74,0x34,0x78,0x34,0x66,0x20,0x7b,0x0a,0x20,0x20,0x76,0x61,0x72,0x20,0x73,0x6b,
    0x69,0x6e,0x20,0x3a,0x20,0x6d,0x61,0x74,0x34,0x78,0x34,0x66,0x3b,0x0a,0x20,0x20,
    0x73,0x6b,0x69,0x6e,0x20,0x3d,0x20,0x6d,0x61,0x74,0x34,0x78,0x34,0x66,0x28,0x29,
    0x3b,0x0a,0x20,0x20,0x6c,0x65,0x74,0x20,0x78,0x5f,0x33,0x38,0x20,0x3d,0x20,0x28,
    0x78,0x5f,0x32,0x32,0x2e,0x62,0x6f,0x6e,0x65,0x73,0x5b,0x69,0x33,0x32,0x28,0x62,
    0x6f,0x6e,0x65,0x49,0x6e,0x64,0x69,0x63,0x65,0x73,0x2e,0x78,0x29,0x5d,0x20,0x2a,
    0x20,0x62,0x6f,0x6e,0x65,0x57,0x65,0x69,0x67,0x68,0x74,0x73,0x2e,0x78,0x29,0x3b,
    0x0a,0x20,0x20,0x73,0x6b,0x69,0x6e,0x20,0x3d,0x20,0x6d,0x61,0x74,0x34,0x78,0x34,
    0x66,0x28,0x28,0x73,0x6b,0x69,0x6e,0x5b,0x30,0x75,0x5d,0x20,0x2b,0x20,0x78,0x5f,
    0x33,0x38,0x5b,0x30,0x75,0x5d,0x29,0x2c,0x20,0x28,0x73,0x6b,0x69,0x6e,0x5b,0x31,
    0x75,0x5d,0x20,0x2b,0x20,0x78,0x5f,0x33,0x38,0x5b,0x31,0x75,0x5d,0x29,0x2c,0x20,
    0x28,0x73,0x6b,0x69,0x6e,0x5b,0x32,0x75,0x5d,0x20,0x2b,0x20,0x78,0x5f,0x33,0x38,
    0x5b,0x32,0x75,0x5d,0x29,0x2c,0x20,0x28,0x73,0x6b,0x69,0x6e,0x5b,0x33,0x75,0x5d,
    0x20,0x2b,0x20,0x78,0x5f,0x33,0x38,0x5b,0x33,0x75,0x5d,0x29,0x29,0x3b,0x0a,0x20,
    0x20,0x6c,0x65,0x74,0x20,0x78,0x5f,0x36,0x31,0x20,0x3d,0x20,0x28,0x78,0x5f,0x32,
    0x32,0x2e,0x62,0x6f,0x6e,0x65,0x73,0x5b,0x69,0x33,0x32,0x28,0x62,0x6f,0x6e,0x65,
    0x49,0x6e,0x64,0x69,0x63,0x65,0x73,0x2e,0x79,0x29,0x5d,0x20,0x2a,0x20,0x62,0x6f,
    0x6e,0x65,0x57,0x65,0x69,0x67,0x68,0x74,0x73,0x2e,0x79,0x29,0x3b,0x0a,0x20,0x20,
    0x73,0x6b,0x69,0x6e,0x20,0x3d,0x20,0x6d,0x61,0x74,0x34,0x78,0x34,0x66,0x28,0x28,
    0x73,0x6b,0x69,0x6e,0x5b,0x30,0x75,0x5d,0x20,0x2b,0x20,0x78,0x5f,0x36,0x31,0x5b,
    0x30,0x75,0x5d,0x29,0x2c,0x20,0x28,0x73,0x6b,0x69,0x6e,0x5b,0x31,0x75,0x5d,0x20,
    0x2b,0x20,0x78,0x5f,0x36,0x31,0x5b,0x31,0x75,0x5d,0x29,0x2c,0x20,0x28,0x73,0x6b,
    0x69,0x6e,0x5b,0x32,0x75,0x5d,0x20,0x2b,0x20,0x78,0x5f,0x36,0x31,0x5b,0x32,0x75,
    0x5d,0x29,0x2c,0x20,0x28,0x73,0x6b,0x69,0x6e,0x5b,0x33,0x75,0x5d,0x20,0x2b,0x20,
    0x78,0x5f,0x36,0x31,0x5b,0x33,0x75,0x5d,0x29,0x29,0x3b,0x0a,0x20,0x20,0x6c,0x65,
    0x74,0x20,0x78,0x5f,0x38,0x34,0x20,0x3d,0x20,0x28,0x78,0x5f,0x32,0x32,0x2e,0x62,
    0x6f,0x6e,0x65,0x73,0x5b,0x69,0x33,0x32,0x28,0x62,0x6f,0x6e,0x65,0x49,0x6e,0x64,
    0x69,0x63,0x65,0x73,0x2e,0x7a,0x29,0x5d,0x20,0x2a,0x20,0x62,0x6f,0x6e,0x65,0x57,
    0x65,0x69,0x67,0x68,0x74,0x73,0x2e,0x7a,0x29,0x3b,0x0a,0x20,0x20,0x73,0x6b,0x69,
    0x6e,0x20,0x3d,0x20,0x6d,0x61,0x74,0x34,0x78,0x34,0x66,0x28,0x28,0x73,0x6b,0x69,
    0x6e,0x5b,0x30,0x75,0x5d,0x20,0x2b,0x20,0x78,0x5f,0x38,0x34,0x5b,0x30,0x75,0x5d,
    0x29,0x2c,0x20,0x28,0x73,0x6b,0x69,0x6e,0x5b,0x31,0x75,0x5d,0x20,0x2b,0x20,0x78,
    0x5f,0x38,0x34,0x5b,0x31,0x75,0x5d,0x29,0x2c,0x20,0x28,0x73,0x6b,0x69,0x6e,0x5b,
    0x32,0x75,0x5d,0x20,0x2b,0x20,0x78,0x5f,0x38,0x34,0x5b,0x32,0x75,0x5d,0x29,0x2c,
    0x20,0x28,0x73,0x6b,0x69,0x6e,0x5b,0x33,0x75,0x5d,0x20,0x2b,0x20,0x78,0x5f,0x38,
    0x34,0x5b,0x33,0x75,0x5d,0x29,0x29,0x3b,0x0a,0x20,0x20,0x6c,0x65,0x74,0x20,0x78,
    0x5f,0x31,0x30,0x37,0x20,0x3d,0x20,0x28,0x78,0x5f,0x32,0x32,0x2e,0x62,0x6f,0x6e,
    0x65,0x73,0x5b,0x69,0x33,0x32,0x28,0x62,0x6f,0x6e,0x65,0x49,0x6e,0x64,0x69,0x63,
    0x65,0x73,0x2e,0x77,0x29,0x5d,0x20,0x2a,0x20,0x62,0x6f,0x6e,0x65,0x57,0x65,0x69,
    0x67,0x68,0x74,0x73,0x2e,0x77,0x29,0x3b,0x0a,0x20,0x20,0x73,0x6b,0x69,0x6e,0x20,
    0x3d,0x20,0x6d,0x61,0x74,0x34,0x78,0x34,0x66,0x28,0x28,0x73,0x6b,0x69,0x6e,0x5b,
    0x30,0x75,0x5d,0x20,0x2b,0x20,0x78,0x5f,0x31,0x30,0x37,0x5b,0x30,0x75,0x5d,0x29,
    0x2c,0x20,0x28,0x73,0x6b,0x69,0x6e,0x5b,0x31,0x75,0x5d,0x20,0x2b,0x20,0x78,0x5f,
    0x31,0x30,0x37,0x5b,0x31,0x75,0x5d,0x29,0x2c,0x20,0x28,0x73,0x6b,0x69,0x6e,0x5b,
    0x32,0x75,0x5d,0x20,0x2b,0x20,0x78,0x5f,0x31,0x30,0x37,0x5b,0x32,0x75,0x5d,0x29,
    0x2c,0x20,0x28,0x73,0x6b,0x69,0x6e,0x5b,0x33,0x75,0x5d,0x20,0x2b,0x20,0x78,0x5f,
    0x31,0x30,0x37,0x5b,0x33,0x75,0x5d,0x29,0x29,0x3b,0x0a,0x20,0x20,0x6c,0x65,0x74,
    0x20,0x78,0x5f,0x31,0x32,0x32,0x20,0x3d,0x20,0x73,0x6b,0x69,0x6e,0x3b,0x0a,0x20,
    0x20,0x72,0x65,0x74,0x75,0x72,0x6e,0x20,0x78,0x5f,0x31,0x32,0x32,0x3b,0x0a,0x7d,
    0x0a,0x0a,0x66,0x6e,0x20,0x6d,0x61,0x69,0x6e,0x5f,0x31,0x28,0x29,0x20,0x7b,0x0a,
    0x20,0x20,0x76,0x61,0x72,0x20,0x73,0x6b,0x69,0x6e,0x5f,0x31,0x20,0x3a,0x20,0x6d,
    0x61,0x74,0x34,0x78,0x34,0x66,0x3b,0x0a,0x20,0x20,0x76,0x61,0x72,0x20,0x6c,0x6f,
    0x63,0x61,0x6c,0x50,0x6f,0x73,0x20,0x3a,0x20,0x76,0x65,0x63,0x34,0x66,0x3b,0x0a,
    0x20,0x20,0x76,0x61,0x72,0x20,0x6c,0x6f,0x63,0x61,0x6c,0x4e,0x6f,0x72,0x6d,0x61,
    0x6c,0x20,0x3a,0x20,0x76,0x65,0x63,0x33,0x66,0x3b,0x0a,0x20,0x20,0x76,0x61,0x72,
    0x20,0x77,0x6f,0x72,0x6c,0x64,0x50,0x6f,0x73,0x20,0x3a,0x20,0x76,0x65,0x63,0x34,
    0x66,0x3b,0x0a,0x20,0x20,0x6c,0x65,0x74,0x20,0x78,0x5f,0x31,0x32,0x36,0x20,0x3d,
    0x20,0x77,0x65,0x69,0x67,0x68,0x74,0x65,0x64,0x42,0x6f,0x6e,0x65,0x4d,0x61,0x74,
    0x72,0x69,0x78,0x5f,0x28,0x29,0x3b,0x0a,0x20,0x20,0x73,0x6b,0x69,0x6e,0x5f,0x31,
    0x20,0x3d,0x20,0x78,0x5f,0x31,0x32,0x36,0x3b,0x0a,0x20,0x20,0x6c,0x6f,0x63,0x61,
    0x6c,0x50,0x6f,0x73,0x20,0x3d,0x20,0x28,0x73,0x6b,0x69,0x6e,0x5f,0x31,0x20,0x2a,
    0x20,0x76,0x65,0x63,0x34,0x66,0x28,0x70,0x6f,0x73,0x69,0x74,0x69,0x6f,0x6e,0x5f,
    0x31,0x2e,0x78,0x2c,0x20,0x70,0x6f,0x73,0x69,0x74,0x69,0x6f,0x6e,0x5f,0x31,0x2e,
    0x79,0x2c,0x20,0x70,0x6f,0x73,0x69,0x74,0x69,0x6f,0x6e,0x5f,0x31,0x2e,0x7a,0x2c,
    0x20,0x31,0x2e,0x30,0x66,0x29,0x29,0x3b,0x0a,0x20,0x20,0x6c,0x6f,0x63,0x61,0x6c,
    0x4e,0x6f,0x72,0x6d,0x61,0x6c,0x20,0x3d,0x20,0x6e,0x6f,0x72,0x6d,0x61,0x6c,0x69,
    0x7a,0x65,0x28,0x28,0x28,0x73,0x6b,0x69,0x6e,0x5f,0x31,0x20,0x2a,0x20,0x76,0x65,
    0x63,0x34,0x66,0x28,0x6e,0x6f,0x72,0x6d,0x61,0x6c,0x2e,0x78,0x2c,0x20,0x6e,0x6f,
    0x72,0x6d,0x61,0x6c,0x2e,0x79,0x2c,0x20,0x6e,0x6f,0x72,0x6d,0x61,0x6c,0x2e,0x7a,
    0x2c,0x20,0x30,0x2e,0x30,0x66,0x29,0x29,0x29,0x2e,0x78,0x79,0x7a,0x29,0x3b,0x0a,
    0x20,0x20,0x77,0x6f,0x72,0x6c,0x64,0x50,0x6f,0x73,0x20,0x3d,0x20,0x28,0x78,0x5f,
    0x32,0x32,0x2e,0x6d,0x6f,0x64,0x65,0x6c,0x20,0x2a,0x20,0x6c,0x6f,0x63,0x61,0x6c,
    0x50,0x6f,0x73,0x29,0x3b,0x0a,0x20,0x20,0x76,0x5f,0x77,0x6f,0x72,0x6c,0x64,0x4e,
    0x6f,0x72,0x6d,0x61,0x6c,0x20,0x3d,0x20,0x6e,0x6f,0x72,0x6d,0x61,0x6c,0x69,0x7a,
    0x65,0x28,0x28,0x28,0x78,0x5f,0x32,0x32,0x2e,0x6e,0x6f,0x72,0x6d,0x61,0x6c,0x4d,
    0x61,0x74,0x20,0x2a,0x20,0x76,0x65,0x63,0x34,0x66,0x28,0x6c,0x6f,0x63,0x61,0x6c,
    0x4e,0x6f,0x72,0x6d,0x61,0x6c,0x2e,0x78,0x2c,0x20,0x6c,0x6f,0x63,0x61,0x6c,0x4e,
    0x6f,0x72,0x6d,0x61,0x6c,0x2e,0x79,0x2c,0x20,0x6c,0x6f,0x63,0x61,0x6c,0x4e,0x6f,
    0x72,0x6d,0x61,0x6c,0x2e,0x7a,0x2c,0x20,0x30,0x2e,0x30,0x66,0x29,0x29,0x29,0x2e,
    0x78,0x79,0x7a,0x29,0x3b,0x0a,0x20,0x20,0x76,0x5f,0x75,0x76,0x20,0x3d,0x20,0x74,
    0x65,0x78,0x63,0x6f,0x6f,0x72,0x64,0x30,0x3b,0x0a,0x20,0x20,0x67,0x6c,0x5f,0x50,
    0x6f,0x73,0x69,0x74,0x69,0x6f,0x6e,0x20,0x3d,0x20,0x28,0x78,0x5f,0x32,0x32,0x2e,
    0x76,0x69,0x65,0x77,0x50,0x72,0x6f,0x6a,0x20,0x2a,0x20,0x77,0x6f,0x72,0x6c,0x64,
    0x50,0x6f,0x73,0x29,0x3b,0x0a,0x20,0x20,0x72,0x65,0x74,0x75,0x72,0x6e,0x3b,0x0a,
    0x7d,0x0a,0x0a,0x73,0x74,0x72,0x75,0x63,0x74,0x20,0x6d,0x61,0x69,0x6e,0x5f,0x6f,
    0x75,0x74,0x20,0x7b,0x0a,0x20,0x20,0x40,0x6c,0x6f,0x63,0x61,0x74,0x69,0x6f,0x6e,
    0x28,0x30,0x29,0x0a,0x20,0x20,0x76,0x5f,0x77,0x6f,0x72,0x6c,0x64,0x4e,0x6f,0x72,
    0x6d,0x61,0x6c,0x5f,0x31,0x20,0x3a,0x20,0x76,0x65,0x63,0x33,0x66,0x2c,0x0a,0x20,
    0x20,0x40,0x6c,0x6f,0x63,0x61,0x74,0x69,0x6f,0x6e,0x28,0x31,0x29,0x0a,0x20,0x20,
    0x76,0x5f,0x75,0x76,0x5f,0x31,0x20,0x3a,0x20,0x76,0x65,0x63,0x32,0x66,0x2c,0x0a,
    0x20,0x20,0x40,0x62,0x75,0x69,0x6c,0x74,0x69,0x6e,0x28,0x70,0x6f,0x73,0x69,0x74,
    0x69,0x6f,0x6e,0x29,0x0a,0x20,0x20,0x67,0x6c,0x5f,0x50,0x6f,0x73,0x69,0x74,0x69,
    0x6f,0x6e,0x20,0x3a,0x20,0x76,0x65,0x63,0x34,0x66,0x2c,0x0a,0x7d,0x0a,0x0a,0x40,
    0x76,0x65,0x72,0x74,0x65,0x78,0x0a,0x66,0x6e,0x20,0x6d,0x61,0x69,0x6e,0x28,0x40,
    0x6c,0x6f,0x63,0x61,0x74,0x69,0x6f,0x6e,0x28,0x34,0x29,0x20,0x62,0x6f,0x6e,0x65,
    0x49,0x6e,0x64,0x69,0x63,0x65,0x73,0x5f,0x70,0x61,0x72,0x61,0x6d,0x20,0x3a,0x20,
    0x76,0x65,0x63,0x34,0x66,0x2c,0x20,0x40,0x6c,0x6f,0x63,0x61,0x74,0x69,0x6f,0x6e,
    0x28,0x35,0x29,0x20,0x62,0x6f,0x6e,0x65,0x57,0x65,0x69,0x67,0x68,0x74,0x73,0x5f,
    0x70,0x61,0x72,0x61,0x6d,0x20,0x3a,0x20,0x76,0x65,0x63,0x34,0x66,0x2c,0x20,0x40,
    0x6c,0x6f,0x63,0x61,0x74,0x69,0x6f,0x6e,0x28,0x30,0x29,0x20,0x70,0x6f,0x73,0x69,
    0x74,0x69,0x6f,0x6e,0x5f,0x31,0x5f,0x70,0x61,0x72,0x61,0x6d,0x20,0x3a,0x20,0x76,
    0x65,0x63,0x33,0x66,0x2c,0x20,0x40,0x6c,0x6f,0x63,0x61,0x74,0x69,0x6f,0x6e,0x28,
    0x31,0x29,0x20,0x6e,0x6f,0x72,0x6d,0x61,0x6c,0x5f,0x70,0x61,0x72,0x61,0x6d,0x20,
    0x3a,0x20,0x76,0x65,0x63,0x33,0x66,0x2c,0x20,0x40,0x6c,0x6f,0x63,0x61,0x74,0x69,
    0x6f,0x6e,0x28,0x32,0x29,0x20,0x74,0x65,0x78,0x63,0x6f,0x6f,0x72,0x64,0x30,0x5f,
    0x70,0x61,0x72,0x61,0x6d,0x20,0x3a,0x20,0x76,0x65,0x63,0x32,0x66,0x2c,0x20,0x40,
    0x6c,0x6f,0x63,0x61,0x74,0x69,0x6f,0x6e,0x28,0x33,0x29,0x20,0x74,0x61,0x6e,0x67,
    0x65,0x6e,0x74,0x5f,0x70,0x61,0x72,0x61,0x6d,0x20,0x3a,0x20,0x76,0x65,0x63,0x34,
    0x66,0x29,0x20,0x2d,0x3e,0x20,0x6d,0x61,0x69,0x6e,0x5f,0x6f,0x75,0x74,0x20,0x7b,
    0x0a,0x20,0x20,0x62,0x6f,0x6e,0x65,0x49,0x6e,0x64,0x69,0x63,0x65,0x73,0x20,0x3d,
    0x20,0x62,0x6f,0x6e,0x65,0x49,0x6e,0x64,0x69,0x63,0x65,0x73,0x5f,0x70,0x61,0x72,
    0x61,0x6d,0x3b,0x0a,0x20,0x20,0x62,0x6f,0x6e,0x65,0x57,0x65,0x69,0x67,0x68,0x74,
    0x73,0x20,0x3d,0x20,0x62,0x6f,0x6e,0x65,0x57,0x65,0x69,0x67,0x68,0x74,0x73,0x5f,
    0x70,0x61,0x72,0x61,0x6d,0x3b,0x0a,0x20,0x20,0x70,0x6f,0x73,0x69,0x74,0x69,0x6f,
    0x6e,0x5f,0x31,0x20,0x3d,0x20,0x70,0x6f,0x73,0x69,0x74,0x69,0x6f,0x6e,0x5f,0x31,
    0x5f,0x70,0x61,0x72,0x61,0x6d,0x3b,0x0a,0x20,0x20,0x6e,0x6f,0x72,0x6d,0x61,0x6c,
    0x20,0x3d,0x20,0x6e,0x6f,0x72,0x6d,0x61,0x6c,0x5f,0x70,0x61,0x72,0x61,0x6d,0x3b,
    0x0a,0x20,0x20,0x74,0x65,0x78,0x63,0x6f,0x6f,0x72,0x64,0x30,0x20,0x3d,0x20,0x74,
    0x65,0x78,0x63,0x6f,0x6f,0x72,0x64,0x30,0x5f,0x70,0x61,0x72,0x61,0x6d,0x3b,0x0a,
    0x20,0x20,0x74,0x61,0x6e,0x67,0x65,0x6e,0x74,0x20,0x3d,0x20,0x74,0x61,0x6e,0x67,
    0x65,0x6e,0x74,0x5f,0x70,0x61,0x72,0x61,0x6d,0x3b,0x0a,0x20,0x20,0x6d,0x61,0x69,
    0x6e,0x5f,0x31,0x28,0x29,0x3b,0x0a,0x20,0x20,0x72,0x65,0x74,0x75,0x72,0x6e,0x20,
    0x6d,0x61,0x69,0x6e,0x5f,0x6f,0x75,0x74,0x28,0x76,0x5f,0x77,0x6f,0x72,0x6c,0x64,
    0x4e,0x6f,0x72,0x6d,0x61,0x6c,0x2c,0x20,0x76,0x5f,0x75,0x76,0x2c,0x20,0x67,0x6c,
    0x5f,0x50,0x6f,0x73,0x69,0x74,0x69,0x6f,0x6e,0x29,0x3b,0x0a,0x7d,0x0a,0x00,
};
#endif
/*
    diagnostic(off, derivative_uniformity);

    struct fs_params {
      /_ @offset(0) _/
      baseColor : vec4f,
      /_ @offset(16) _/
      lightDirAmbient : vec4f,
      /_ @offset(32) _/
      materialFlags : vec4f,
    }

    var<private> v_worldNormal : vec3f;

    @binding(1) @group(0) var<uniform> x_18 : fs_params;

    @binding(0) @group(1) var baseColorTex : texture_2d<f32>;

    @binding(32) @group(1) var baseColorTexSmp : sampler;

    var<private> v_uv : vec2f;

    var<private> frag_color : vec4f;

    fn main_1() {
      var n : vec3f;
      var l : vec3f;
      var ndl : f32;
      var lit : f32;
      var albedo : vec4f;
      n = normalize(v_worldNormal);
      l = normalize(-(x_18.lightDirAmbient.xyz));
      ndl = max(dot(n, l), 0.0f);
      lit = clamp((x_18.lightDirAmbient.w + (ndl * (1.0f - x_18.lightDirAmbient.w))), 0.0f, 1.0f);
      albedo = x_18.baseColor;
      if ((x_18.materialFlags.x > 0.5f)) {
        let x_75 = v_uv;
        let x_76 = textureSample(baseColorTex, baseColorTexSmp, x_75);
        albedo = (albedo * x_76);
      }
      if ((albedo.w < x_18.materialFlags.y)) {
        discard;
      }
      let x_93 = (albedo.xyz * lit);
      frag_color = vec4f(x_93.x, x_93.y, x_93.z, albedo.w);
      return;
    }

    struct main_out {
      @location(0)
      frag_color_1 : vec4f,
    }

    @fragment
    fn main(@location(0) v_worldNormal_param : vec3f, @location(1) v_uv_param : vec2f) -> main_out {
      v_worldNormal = v_worldNormal_param;
      v_uv = v_uv_param;
      main_1();
      return main_out(frag_color);
    }
*/
#if defined(SOKOL_WGPU)
static const uint8_t tcx_assimp_skin_fs_skinned_source_wgsl[1392] = {
    0x64,0x69,0x61,0x67,0x6e,0x6f,0x73,0x74,0x69,0x63,0x28,0x6f,0x66,0x66,0x2c,0x20,
    0x64,0x65,0x72,0x69,0x76,0x61,0x74,0x69,0x76,0x65,0x5f,0x75,0x6e,0x69,0x66,0x6f,
    0x72,0x6d,0x69,0x74,0x79,0x29,0x3b,0x0a,0x0a,0x73,0x74,0x72,0x75,0x63,0x74,0x20,
    0x66,0x73,0x5f,0x70,0x61,0x72,0x61,0x6d,0x73,0x20,0x7b,0x0a,0x20,0x20,0x2f,0x2a,
    0x20,0x40,0x6f,0x66,0x66,0x73,0x65,0x74,0x28,0x30,0x29,0x20,0x2a,0x2f,0x0a,0x20,
    0x20,0x62,0x61,0x73,0x65,0x43,0x6f,0x6c,0x6f,0x72,0x20,0x3a,0x20,0x76,0x65,0x63,
    0x34,0x66,0x2c,0x0a,0x20,0x20,0x2f,0x2a,0x20,0x40,0x6f,0x66,0x66,0x73,0x65,0x74,
    0x28,0x31,0x36,0x29,0x20,0x2a,0x2f,0x0a,0x20,0x20,0x6c,0x69,0x67,0x68,0x74,0x44,
    0x69,0x72,0x41,0x6d,0x62,0x69,0x65,0x6e,0x74,0x20,0x3a,0x20,0x76,0x65,0x63,0x34,
    0x66,0x2c,0x0a,0x20,0x20,0x2f,0x2a,0x20,0x40,0x6f,0x66,0x66,0x73,0x65,0x74,0x28,
    0x33,0x32,0x29,0x20,0x2a,0x2f,0x0a,0x20,0x20,0x6d,0x61,0x74,0x65,0x72,0x69,0x61,
    0x6c,0x46,0x6c,0x61,0x67,0x73,0x20,0x3a,0x20,0x76,0x65,0x63,0x34,0x66,0x2c,0x0a,
    0x7d,0x0a,0x0a,0x76,0x61,0x72,0x3c,0x70,0x72,0x69,0x76,0x61,0x74,0x65,0x3e,0x20,
    0x76,0x5f,0x77,0x6f,0x72,0x6c,0x64,0x4e,0x6f,0x72,0x6d,0x61,0x6c,0x20,0x3a,0x20,
    0x76,0x65,0x63,0x33,0x66,0x3b,0x0a,0x0a,0x40,0x62,0x69,0x6e,0x64,0x69,0x6e,0x67,
    0x28,0x31,0x29,0x20,0x40,0x67,0x72,0x6f,0x75,0x70,0x28,0x30,0x29,0x20,0x76,0x61,
    0x72,0x3c,0x75,0x6e,0x69,0x66,0x6f,0x72,0x6d,0x3e,0x20,0x78,0x5f,0x31,0x38,0x20,
    0x3a,0x20,0x66,0x73,0x5f,0x70,0x61,0x72,0x61,0x6d,0x73,0x3b,0x0a,0x0a,0x40,0x62,
    0x69,0x6e,0x64,0x69,0x6e,0x67,0x28,0x30,0x29,0x20,0x40,0x67,0x72,0x6f,0x75,0x70,
    0x28,0x31,0x29,0x20,0x76,0x61,0x72,0x20,0x62,0x61,0x73,0x65,0x43,0x6f,0x6c,0x6f,
    0x72,0x54,0x65,0x78,0x20,0x3a,0x20,0x74,0x65,0x78,0x74,0x75,0x72,0x65,0x5f,0x32,
    0x64,0x3c,0x66,0x33,0x32,0x3e,0x3b,0x0a,0x0a,0x40,0x62,0x69,0x6e,0x64,0x69,0x6e,
    0x67,0x28,0x33,0x32,0x29,0x20,0x40,0x67,0x72,0x6f,0x75,0x70,0x28,0x31,0x29,0x20,
    0x76,0x61,0x72,0x20,0x62,0x61,0x73,0x65,0x43,0x6f,0x6c,0x6f,0x72,0x54,0x65,0x78,
    0x53,0x6d,0x70,0x20,0x3a,0x20,0x73,0x61,0x6d,0x70,0x6c,0x65,0x72,0x3b,0x0a,0x0a,
    0x76,0x61,0x72,0x3c,0x70,0x72,0x69,0x76,0x61,0x74,0x65,0x3e,0x20,0x76,0x5f,0x75,
    0x76,0x20,0x3a,0x20,0x76,0x65,0x63,0x32,0x66,0x3b,0x0a,0x0a,0x76,0x61,0x72,0x3c,
    0x70,0x72,0x69,0x76,0x61,0x74,0x65,0x3e,0x20,0x66,0x72,0x61,0x67,0x5f,0x63,0x6f,
    0x6c,0x6f,0x72,0x20,0x3a,0x20,0x76,0x65,0x63,0x34,0x66,0x3b,0x0a,0x0a,0x66,0x6e,
    0x20,0x6d,0x61,0x69,0x6e,0x5f,0x31,0x28,0x29,0x20,0x7b,0x0a,0x20,0x20,0x76,0x61,
    0x72,0x20,0x6e,0x20,0x3a,0x20,0x76,0x65,0x63,0x33,0x66,0x3b,0x0a,0x20,0x20,0x76,
    0x61,0x72,0x20,0x6c,0x20,0x3a,0x20,0x76,0x65,0x63,0x33,0x66,0x3b,0x0a,0x20,0x20,
    0x76,0x61,0x72,0x20,0x6e,0x64,0x6c,0x20,0x3a,0x20,0x66,0x33,0x32,0x3b,0x0a,0x20,
    0x20,0x76,0x61,0x72,0x20,0x6c,0x69,0x74,0x20,0x3a,0x20,0x66,0x33,0x32,0x3b,0x0a,
    0x20,0x20,0x76,0x61,0x72,0x20,0x61,0x6c,0x62,0x65,0x64,0x6f,0x20,0x3a,0x20,0x76,
    0x65,0x63,0x34,0x66,0x3b,0x0a,0x20,0x20,0x6e,0x20,0x3d,0x20,0x6e,0x6f,0x72,0x6d,
    0x61,0x6c,0x69,0x7a,0x65,0x28,0x76,0x5f,0x77,0x6f,0x72,0x6c,0x64,0x4e,0x6f,0x72,
    0x6d,0x61,0x6c,0x29,0x3b,0x0a,0x20,0x20,0x6c,0x20,0x3d,0x20,0x6e,0x6f,0x72,0x6d,
    0x61,0x6c,0x69,0x7a,0x65,0x28,0x2d,0x28,0x78,0x5f,0x31,0x38,0x2e,0x6c,0x69,0x67,
    0x68,0x74,0x44,0x69,0x72,0x41,0x6d,0x62,0x69,0x65,0x6e,0x74,0x2e,0x78,0x79,0x7a,
    0x29,0x29,0x3b,0x0a,0x20,0x20,0x6e,0x64,0x6c,0x20,0x3d,0x20,0x6d,0x61,0x78,0x28,
    0x64,0x6f,0x74,0x28,0x6e,0x2c,0x20,0x6c,0x29,0x2c,0x20,0x30,0x2e,0x30,0x66,0x29,
    0x3b,0x0a,0x20,0x20,0x6c,0x69,0x74,0x20,0x3d,0x20,0x63,0x6c,0x61,0x6d,0x70,0x28,
    0x28,0x78,0x5f,0x31,0x38,0x2e,0x6c,0x69,0x67,0x68,0x74,0x44,0x69,0x72,0x41,0x6d,
    0x62,0x69,0x65,0x6e,0x74,0x2e,0x77,0x20,0x2b,0x20,0x28,0x6e,0x64,0x6c,0x20,0x2a,
    0x20,0x28,0x31,0x2e,0x30,0x66,0x20,0x2d,0x20,0x78,0x5f,0x31,0x38,0x2e,0x6c,0x69,
    0x67,0x68,0x74,0x44,0x69,0x72,0x41,0x6d,0x62,0x69,0x65,0x6e,0x74,0x2e,0x77,0x29,
    0x29,0x29,0x2c,0x20,0x30,0x2e,0x30,0x66,0x2c,0x20,0x31,0x2e,0x30,0x66,0x29,0x3b,
    0x0a,0x20,0x20,0x61,0x6c,0x62,0x65,0x64,0x6f,0x20,0x3d,0x20,0x78,0x5f,0x31,0x38,
    0x2e,0x62,0x61,0x73,0x65,0x43,0x6f,0x6c,0x6f,0x72,0x3b,0x0a,0x20,0x20,0x69,0x66,
    0x20,0x28,0x28,0x78,0x5f,0x31,0x38,0x2e,0x6d,0x61,0x74,0x65,0x72,0x69,0x61,0x6c,
    0x46,0x6c,0x61,0x67,0x73,0x2e,0x78,0x20,0x3e,0x20,0x30,0x2e,0x35,0x66,0x29,0x29,
    0x20,0x7b,0x0a,0x20,0x20,0x20,0x20,0x6c,0x65,0x74,0x20,0x78,0x5f,0x37,0x35,0x20,
    0x3d,0x20,0x76,0x5f,0x75,0x76,0x3b,0x0a,0x20,0x20,0x20,0x20,0x6c,0x65,0x74,0x20,
    0x78,0x5f,0x37,0x36,0x20,0x3d,0x20,0x74,0x65,0x78,0x74,0x75,0x72,0x65,0x53,0x61,
    0x6d,0x70,0x6c,0x65,0x28,0x62,0x61,0x73,0x65,0x43,0x6f,0x6c,0x6f,0x72,0x54,0x65,
    0x78,0x2c,0x20,0x62,0x61,0x73,0x65,0x43,0x6f,0x6c,0x6f,0x72,0x54,0x65,0x78,0x53,
    0x6d,0x70,0x2c,0x20,0x78,0x5f,0x37,0x35,0x29,0x3b,0x0a,0x20,0x20,0x20,0x20,0x61,
    0x6c,0x62,0x65,0x64,0x6f,0x20,0x3d,0x20,0x28,0x61,0x6c,0x62,0x65,0x64,0x6f,0x20,
    0x2a,0x20,0x78,0x5f,0x37,0x36,0x29,0x3b,0x0a,0x20,0x20,0x7d,0x0a,0x20,0x20,0x69,
    0x66,0x20,0x28,0x28,0x61,0x6c,0x62,0x65,0x64,0x6f,0x2e,0x77,0x20,0x3c,0x20,0x78,
    0x5f,0x31,0x38,0x2e,0x6d,0x61,0x74,0x65,0x72,0x69,0x61,0x6c,0x46,0x6c,0x61,0x67,
    0x73,0x2e,0x79,0x29,0x29,0x20,0x7b,0x0a,0x20,0x20,0x20,0x20,0x64,0x69,0x73,0x63,
    0x61,0x72,0x64,0x3b,0x0a,0x20,0x20,0x7d,0x0a,0x20,0x20,0x6c,0x65,0x74,0x20,0x78,
    0x5f,0x39,0x33,0x20,0x3d,0x20,0x28,0x61,0x6c,0x62,0x65,0x64,0x6f,0x2e,0x78,0x79,
    0x7a,0x20,0x2a,0x20,0x6c,0x69,0x74,0x29,0x3b,0x0a,0x20,0x20,0x66,0x72,0x61,0x67,
    0x5f,0x63,0x6f,0x6c,0x6f,0x72,0x20,0x3d,0x20,0x76,0x65,0x63,0x34,0x66,0x28,0x78,
    0x5f,0x39,0x33,0x2e,0x78,0x2c,0x20,0x78,0x5f,0x39,0x33,0x2e,0x79,0x2c,0x20,0x78,
    0x5f,0x39,0x33,0x2e,0x7a,0x2c,0x20,0x61,0x6c,0x62,0x65,0x64,0x6f,0x2e,0x77,0x29,
    0x3b,0x0a,0x20,0x20,0x72,0x65,0x74,0x75,0x72,0x6e,0x3b,0x0a,0x7d,0x0a,0x0a,0x73,
    0x74,0x72,0x75,0x63,0x74,0x20,0x6d,0x61,0x69,0x6e,0x5f,0x6f,0x75,0x74,0x20,0x7b,
    0x0a,0x20,0x20,0x40,0x6c,0x6f,0x63,0x61,0x74,0x69,0x6f,0x6e,0x28,0x30,0x29,0x0a,
    0x20,0x20,0x66,0x72,0x61,0x67,0x5f,0x63,0x6f,0x6c,0x6f,0x72,0x5f,0x31,0x20,0x3a,
    0x20,0x76,0x65,0x63,0x34,0x66,0x2c,0x0a,0x7d,0x0a,0x0a,0x40,0x66,0x72,0x61,0x67,
    0x6d,0x65,0x6e,0x74,0x0a,0x66,0x6e,0x20,0x6d,0x61,0x69,0x6e,0x28,0x40,0x6c,0x6f,
    0x63,0x61,0x74,0x69,0x6f,0x6e,0x28,0x30,0x29,0x20,0x76,0x5f,0x77,0x6f,0x72,0x6c,
    0x64,0x4e,0x6f,0x72,0x6d,0x61,0x6c,0x5f,0x70,0x61,0x72,0x61,0x6d,0x20,0x3a,0x20,
    0x76,0x65,0x63,0x33,0x66,0x2c,0x20,0x40,0x6c,0x6f,0x63,0x61,0x74,0x69,0x6f,0x6e,
    0x28,0x31,0x29,0x20,0x76,0x5f,0x75,0x76,0x5f,0x70,0x61,0x72,0x61,0x6d,0x20,0x3a,
    0x20,0x76,0x65,0x63,0x32,0x66,0x29,0x20,0x2d,0x3e,0x20,0x6d,0x61,0x69,0x6e,0x5f,
    0x6f,0x75,0x74,0x20,0x7b,0x0a,0x20,0x20,0x76,0x5f,0x77,0x6f,0x72,0x6c,0x64,0x4e,
    0x6f,0x72,0x6d,0x61,0x6c,0x20,0x3d,0x20,0x76,0x5f,0x77,0x6f,0x72,0x6c,0x64,0x4e,
    0x6f,0x72,0x6d,0x61,0x6c,0x5f,0x70,0x61,0x72,0x61,0x6d,0x3b,0x0a,0x20,0x20,0x76,
    0x5f,0x75,0x76,0x20,0x3d,0x20,0x76,0x5f,0x75,0x76,0x5f,0x70,0x61,0x72,0x61,0x6d,
    0x3b,0x0a,0x20,0x20,0x6d,0x61,0x69,0x6e,0x5f,0x31,0x28,0x29,0x3b,0x0a,0x20,0x20,
    0x72,0x65,0x74,0x75,0x72,0x6e,0x20,0x6d,0x61,0x69,0x6e,0x5f,0x6f,0x75,0x74,0x28,
    0x66,0x72,0x61,0x67,0x5f,0x63,0x6f,0x6c,0x6f,0x72,0x29,0x3b,0x0a,0x7d,0x0a,0x00,

};
#endif
static inline const sg_shader_desc* tcx_assimp_skin_skinned_shader_desc(sg_backend backend) {
    #if defined(SOKOL_GLCORE)
    if (backend == SG_BACKEND_GLCORE) {
        static sg_shader_desc desc;
        static bool valid;
        if (!valid) {
            valid = true;
            desc.vertex_func.source = (const char*)tcx_assimp_skin_vs_skinned_source_glsl430;
            desc.vertex_func.entry = "main";
            desc.fragment_func.source = (const char*)tcx_assimp_skin_fs_skinned_source_glsl430;
            desc.fragment_func.entry = "main";
            desc.attrs[0].base_type = SG_SHADERATTRBASETYPE_FLOAT;
            desc.attrs[0].glsl_name = "position";
            desc.attrs[1].base_type = SG_SHADERATTRBASETYPE_FLOAT;
            desc.attrs[1].glsl_name = "normal";
            desc.attrs[2].base_type = SG_SHADERATTRBASETYPE_FLOAT;
            desc.attrs[2].glsl_name = "texcoord0";
            desc.attrs[3].base_type = SG_SHADERATTRBASETYPE_FLOAT;
            desc.attrs[3].glsl_name = "tangent";
            desc.attrs[4].base_type = SG_SHADERATTRBASETYPE_FLOAT;
            desc.attrs[4].glsl_name = "boneIndices";
            desc.attrs[5].base_type = SG_SHADERATTRBASETYPE_FLOAT;
            desc.attrs[5].glsl_name = "boneWeights";
            desc.uniform_blocks[0].stage = SG_SHADERSTAGE_VERTEX;
            desc.uniform_blocks[0].layout = SG_UNIFORMLAYOUT_STD140;
            desc.uniform_blocks[0].size = 8384;
            desc.uniform_blocks[0].glsl_uniforms[0].type = SG_UNIFORMTYPE_FLOAT4;
            desc.uniform_blocks[0].glsl_uniforms[0].array_count = 524;
            desc.uniform_blocks[0].glsl_uniforms[0].glsl_name = "vs_params";
            desc.uniform_blocks[1].stage = SG_SHADERSTAGE_FRAGMENT;
            desc.uniform_blocks[1].layout = SG_UNIFORMLAYOUT_STD140;
            desc.uniform_blocks[1].size = 48;
            desc.uniform_blocks[1].glsl_uniforms[0].type = SG_UNIFORMTYPE_FLOAT4;
            desc.uniform_blocks[1].glsl_uniforms[0].array_count = 3;
            desc.uniform_blocks[1].glsl_uniforms[0].glsl_name = "fs_params";
            desc.views[0].texture.stage = SG_SHADERSTAGE_FRAGMENT;
            desc.views[0].texture.image_type = SG_IMAGETYPE_2D;
            desc.views[0].texture.sample_type = SG_IMAGESAMPLETYPE_FLOAT;
            desc.views[0].texture.multisampled = false;
            desc.samplers[0].stage = SG_SHADERSTAGE_FRAGMENT;
            desc.samplers[0].sampler_type = SG_SAMPLERTYPE_FILTERING;
            desc.texture_sampler_pairs[0].stage = SG_SHADERSTAGE_FRAGMENT;
            desc.texture_sampler_pairs[0].view_slot = 0;
            desc.texture_sampler_pairs[0].sampler_slot = 0;
            desc.texture_sampler_pairs[0].glsl_name = "baseColorTex_baseColorTexSmp";
            desc.label = "tcx_assimp_skin_skinned_shader";
        }
        return &desc;
    }
    #endif /* SOKOL_GLCORE */
    #if defined(SOKOL_GLES3)
    if (backend == SG_BACKEND_GLES3) {
        static sg_shader_desc desc;
        static bool valid;
        if (!valid) {
            valid = true;
            desc.vertex_func.source = (const char*)tcx_assimp_skin_vs_skinned_source_glsl300es;
            desc.vertex_func.entry = "main";
            desc.fragment_func.source = (const char*)tcx_assimp_skin_fs_skinned_source_glsl300es;
            desc.fragment_func.entry = "main";
            desc.attrs[0].base_type = SG_SHADERATTRBASETYPE_FLOAT;
            desc.attrs[0].glsl_name = "position";
            desc.attrs[1].base_type = SG_SHADERATTRBASETYPE_FLOAT;
            desc.attrs[1].glsl_name = "normal";
            desc.attrs[2].base_type = SG_SHADERATTRBASETYPE_FLOAT;
            desc.attrs[2].glsl_name = "texcoord0";
            desc.attrs[3].base_type = SG_SHADERATTRBASETYPE_FLOAT;
            desc.attrs[3].glsl_name = "tangent";
            desc.attrs[4].base_type = SG_SHADERATTRBASETYPE_FLOAT;
            desc.attrs[4].glsl_name = "boneIndices";
            desc.attrs[5].base_type = SG_SHADERATTRBASETYPE_FLOAT;
            desc.attrs[5].glsl_name = "boneWeights";
            desc.uniform_blocks[0].stage = SG_SHADERSTAGE_VERTEX;
            desc.uniform_blocks[0].layout = SG_UNIFORMLAYOUT_STD140;
            desc.uniform_blocks[0].size = 8384;
            desc.uniform_blocks[0].glsl_uniforms[0].type = SG_UNIFORMTYPE_FLOAT4;
            desc.uniform_blocks[0].glsl_uniforms[0].array_count = 524;
            desc.uniform_blocks[0].glsl_uniforms[0].glsl_name = "vs_params";
            desc.uniform_blocks[1].stage = SG_SHADERSTAGE_FRAGMENT;
            desc.uniform_blocks[1].layout = SG_UNIFORMLAYOUT_STD140;
            desc.uniform_blocks[1].size = 48;
            desc.uniform_blocks[1].glsl_uniforms[0].type = SG_UNIFORMTYPE_FLOAT4;
            desc.uniform_blocks[1].glsl_uniforms[0].array_count = 3;
            desc.uniform_blocks[1].glsl_uniforms[0].glsl_name = "fs_params";
            desc.views[0].texture.stage = SG_SHADERSTAGE_FRAGMENT;
            desc.views[0].texture.image_type = SG_IMAGETYPE_2D;
            desc.views[0].texture.sample_type = SG_IMAGESAMPLETYPE_FLOAT;
            desc.views[0].texture.multisampled = false;
            desc.samplers[0].stage = SG_SHADERSTAGE_FRAGMENT;
            desc.samplers[0].sampler_type = SG_SAMPLERTYPE_FILTERING;
            desc.texture_sampler_pairs[0].stage = SG_SHADERSTAGE_FRAGMENT;
            desc.texture_sampler_pairs[0].view_slot = 0;
            desc.texture_sampler_pairs[0].sampler_slot = 0;
            desc.texture_sampler_pairs[0].glsl_name = "baseColorTex_baseColorTexSmp";
            desc.label = "tcx_assimp_skin_skinned_shader";
        }
        return &desc;
    }
    #endif /* SOKOL_GLES3 */
    #if defined(SOKOL_D3D11)
    if (backend == SG_BACKEND_D3D11) {
        static sg_shader_desc desc;
        static bool valid;
        if (!valid) {
            valid = true;
            desc.vertex_func.source = (const char*)tcx_assimp_skin_vs_skinned_source_hlsl5;
            desc.vertex_func.d3d11_target = "vs_5_0";
            desc.vertex_func.entry = "main";
            desc.fragment_func.source = (const char*)tcx_assimp_skin_fs_skinned_source_hlsl5;
            desc.fragment_func.d3d11_target = "ps_5_0";
            desc.fragment_func.entry = "main";
            desc.attrs[0].base_type = SG_SHADERATTRBASETYPE_FLOAT;
            desc.attrs[0].hlsl_sem_name = "TEXCOORD";
            desc.attrs[0].hlsl_sem_index = 0;
            desc.attrs[1].base_type = SG_SHADERATTRBASETYPE_FLOAT;
            desc.attrs[1].hlsl_sem_name = "TEXCOORD";
            desc.attrs[1].hlsl_sem_index = 1;
            desc.attrs[2].base_type = SG_SHADERATTRBASETYPE_FLOAT;
            desc.attrs[2].hlsl_sem_name = "TEXCOORD";
            desc.attrs[2].hlsl_sem_index = 2;
            desc.attrs[3].base_type = SG_SHADERATTRBASETYPE_FLOAT;
            desc.attrs[3].hlsl_sem_name = "TEXCOORD";
            desc.attrs[3].hlsl_sem_index = 3;
            desc.attrs[4].base_type = SG_SHADERATTRBASETYPE_FLOAT;
            desc.attrs[4].hlsl_sem_name = "TEXCOORD";
            desc.attrs[4].hlsl_sem_index = 4;
            desc.attrs[5].base_type = SG_SHADERATTRBASETYPE_FLOAT;
            desc.attrs[5].hlsl_sem_name = "TEXCOORD";
            desc.attrs[5].hlsl_sem_index = 5;
            desc.uniform_blocks[0].stage = SG_SHADERSTAGE_VERTEX;
            desc.uniform_blocks[0].layout = SG_UNIFORMLAYOUT_STD140;
            desc.uniform_blocks[0].size = 8384;
            desc.uniform_blocks[0].hlsl_register_b_n = 0;
            desc.uniform_blocks[1].stage = SG_SHADERSTAGE_FRAGMENT;
            desc.uniform_blocks[1].layout = SG_UNIFORMLAYOUT_STD140;
            desc.uniform_blocks[1].size = 48;
            desc.uniform_blocks[1].hlsl_register_b_n = 1;
            desc.views[0].texture.stage = SG_SHADERSTAGE_FRAGMENT;
            desc.views[0].texture.image_type = SG_IMAGETYPE_2D;
            desc.views[0].texture.sample_type = SG_IMAGESAMPLETYPE_FLOAT;
            desc.views[0].texture.multisampled = false;
            desc.views[0].texture.hlsl_register_t_n = 0;
            desc.samplers[0].stage = SG_SHADERSTAGE_FRAGMENT;
            desc.samplers[0].sampler_type = SG_SAMPLERTYPE_FILTERING;
            desc.samplers[0].hlsl_register_s_n = 0;
            desc.texture_sampler_pairs[0].stage = SG_SHADERSTAGE_FRAGMENT;
            desc.texture_sampler_pairs[0].view_slot = 0;
            desc.texture_sampler_pairs[0].sampler_slot = 0;
            desc.label = "tcx_assimp_skin_skinned_shader";
        }
        return &desc;
    }
    #endif /* SOKOL_D3D11 */
    #if defined(SOKOL_METAL)
    if (backend == SG_BACKEND_METAL_MACOS) {
        static sg_shader_desc desc;
        static bool valid;
        if (!valid) {
            valid = true;
            desc.vertex_func.source = (const char*)tcx_assimp_skin_vs_skinned_source_metal_macos;
            desc.vertex_func.entry = "main0";
            desc.fragment_func.source = (const char*)tcx_assimp_skin_fs_skinned_source_metal_macos;
            desc.fragment_func.entry = "main0";
            desc.attrs[0].base_type = SG_SHADERATTRBASETYPE_FLOAT;
            desc.attrs[1].base_type = SG_SHADERATTRBASETYPE_FLOAT;
            desc.attrs[2].base_type = SG_SHADERATTRBASETYPE_FLOAT;
            desc.attrs[3].base_type = SG_SHADERATTRBASETYPE_FLOAT;
            desc.attrs[4].base_type = SG_SHADERATTRBASETYPE_FLOAT;
            desc.attrs[5].base_type = SG_SHADERATTRBASETYPE_FLOAT;
            desc.uniform_blocks[0].stage = SG_SHADERSTAGE_VERTEX;
            desc.uniform_blocks[0].layout = SG_UNIFORMLAYOUT_STD140;
            desc.uniform_blocks[0].size = 8384;
            desc.uniform_blocks[0].msl_buffer_n = 0;
            desc.uniform_blocks[1].stage = SG_SHADERSTAGE_FRAGMENT;
            desc.uniform_blocks[1].layout = SG_UNIFORMLAYOUT_STD140;
            desc.uniform_blocks[1].size = 48;
            desc.uniform_blocks[1].msl_buffer_n = 1;
            desc.views[0].texture.stage = SG_SHADERSTAGE_FRAGMENT;
            desc.views[0].texture.image_type = SG_IMAGETYPE_2D;
            desc.views[0].texture.sample_type = SG_IMAGESAMPLETYPE_FLOAT;
            desc.views[0].texture.multisampled = false;
            desc.views[0].texture.msl_texture_n = 0;
            desc.samplers[0].stage = SG_SHADERSTAGE_FRAGMENT;
            desc.samplers[0].sampler_type = SG_SAMPLERTYPE_FILTERING;
            desc.samplers[0].msl_sampler_n = 0;
            desc.texture_sampler_pairs[0].stage = SG_SHADERSTAGE_FRAGMENT;
            desc.texture_sampler_pairs[0].view_slot = 0;
            desc.texture_sampler_pairs[0].sampler_slot = 0;
            desc.label = "tcx_assimp_skin_skinned_shader";
        }
        return &desc;
    }
    #endif /* SOKOL_METAL */
    #if defined(SOKOL_METAL)
    if (backend == SG_BACKEND_METAL_IOS) {
        static sg_shader_desc desc;
        static bool valid;
        if (!valid) {
            valid = true;
            desc.vertex_func.source = (const char*)tcx_assimp_skin_vs_skinned_source_metal_ios;
            desc.vertex_func.entry = "main0";
            desc.fragment_func.source = (const char*)tcx_assimp_skin_fs_skinned_source_metal_ios;
            desc.fragment_func.entry = "main0";
            desc.attrs[0].base_type = SG_SHADERATTRBASETYPE_FLOAT;
            desc.attrs[1].base_type = SG_SHADERATTRBASETYPE_FLOAT;
            desc.attrs[2].base_type = SG_SHADERATTRBASETYPE_FLOAT;
            desc.attrs[3].base_type = SG_SHADERATTRBASETYPE_FLOAT;
            desc.attrs[4].base_type = SG_SHADERATTRBASETYPE_FLOAT;
            desc.attrs[5].base_type = SG_SHADERATTRBASETYPE_FLOAT;
            desc.uniform_blocks[0].stage = SG_SHADERSTAGE_VERTEX;
            desc.uniform_blocks[0].layout = SG_UNIFORMLAYOUT_STD140;
            desc.uniform_blocks[0].size = 8384;
            desc.uniform_blocks[0].msl_buffer_n = 0;
            desc.uniform_blocks[1].stage = SG_SHADERSTAGE_FRAGMENT;
            desc.uniform_blocks[1].layout = SG_UNIFORMLAYOUT_STD140;
            desc.uniform_blocks[1].size = 48;
            desc.uniform_blocks[1].msl_buffer_n = 1;
            desc.views[0].texture.stage = SG_SHADERSTAGE_FRAGMENT;
            desc.views[0].texture.image_type = SG_IMAGETYPE_2D;
            desc.views[0].texture.sample_type = SG_IMAGESAMPLETYPE_FLOAT;
            desc.views[0].texture.multisampled = false;
            desc.views[0].texture.msl_texture_n = 0;
            desc.samplers[0].stage = SG_SHADERSTAGE_FRAGMENT;
            desc.samplers[0].sampler_type = SG_SAMPLERTYPE_FILTERING;
            desc.samplers[0].msl_sampler_n = 0;
            desc.texture_sampler_pairs[0].stage = SG_SHADERSTAGE_FRAGMENT;
            desc.texture_sampler_pairs[0].view_slot = 0;
            desc.texture_sampler_pairs[0].sampler_slot = 0;
            desc.label = "tcx_assimp_skin_skinned_shader";
        }
        return &desc;
    }
    #endif /* SOKOL_METAL */
    #if defined(SOKOL_WGPU)
    if (backend == SG_BACKEND_WGPU) {
        static sg_shader_desc desc;
        static bool valid;
        if (!valid) {
            valid = true;
            desc.vertex_func.source = (const char*)tcx_assimp_skin_vs_skinned_source_wgsl;
            desc.vertex_func.entry = "main";
            desc.fragment_func.source = (const char*)tcx_assimp_skin_fs_skinned_source_wgsl;
            desc.fragment_func.entry = "main";
            desc.attrs[0].base_type = SG_SHADERATTRBASETYPE_FLOAT;
            desc.attrs[1].base_type = SG_SHADERATTRBASETYPE_FLOAT;
            desc.attrs[2].base_type = SG_SHADERATTRBASETYPE_FLOAT;
            desc.attrs[3].base_type = SG_SHADERATTRBASETYPE_FLOAT;
            desc.attrs[4].base_type = SG_SHADERATTRBASETYPE_FLOAT;
            desc.attrs[5].base_type = SG_SHADERATTRBASETYPE_FLOAT;
            desc.uniform_blocks[0].stage = SG_SHADERSTAGE_VERTEX;
            desc.uniform_blocks[0].layout = SG_UNIFORMLAYOUT_STD140;
            desc.uniform_blocks[0].size = 8384;
            desc.uniform_blocks[0].wgsl_group0_binding_n = 0;
            desc.uniform_blocks[1].stage = SG_SHADERSTAGE_FRAGMENT;
            desc.uniform_blocks[1].layout = SG_UNIFORMLAYOUT_STD140;
            desc.uniform_blocks[1].size = 48;
            desc.uniform_blocks[1].wgsl_group0_binding_n = 1;
            desc.views[0].texture.stage = SG_SHADERSTAGE_FRAGMENT;
            desc.views[0].texture.image_type = SG_IMAGETYPE_2D;
            desc.views[0].texture.sample_type = SG_IMAGESAMPLETYPE_FLOAT;
            desc.views[0].texture.multisampled = false;
            desc.views[0].texture.wgsl_group1_binding_n = 0;
            desc.samplers[0].stage = SG_SHADERSTAGE_FRAGMENT;
            desc.samplers[0].sampler_type = SG_SAMPLERTYPE_FILTERING;
            desc.samplers[0].wgsl_group1_binding_n = 32;
            desc.texture_sampler_pairs[0].stage = SG_SHADERSTAGE_FRAGMENT;
            desc.texture_sampler_pairs[0].view_slot = 0;
            desc.texture_sampler_pairs[0].sampler_slot = 0;
            desc.label = "tcx_assimp_skin_skinned_shader";
        }
        return &desc;
    }
    #endif /* SOKOL_WGPU */
    return 0;
}
