#pragma once
/*
    #version:1# (machine generated, don't edit!)

    Generated by sokol-shdc (https://github.com/floooh/sokol-tools)

    Cmdline:
        sokol-shdc --input /Users/mac/Desktop/TrussC/addons/tcxFlowTools/shaders/fluid/fluid.glsl --output /Users/mac/Desktop/TrussC/addons/tcxFlowTools/shaders/fluid/fluid.glsl.h --slang metal_macos:hlsl5:glsl300es:wgsl --format sokol

    Overview:
    =========
    Shader program: 'tcx_flow_fluid_add_density_texture':
        Get shader desc: tcx_flow_fluid_add_density_texture_shader_desc(sg_query_backend());
        Vertex Shader: fluid_vs
        Fragment Shader: fs_add_density_texture
        Attributes:
            ATTR_tcx_flow_fluid_add_density_texture_position => 0
            ATTR_tcx_flow_fluid_add_density_texture_texcoord0 => 1
    Shader program: 'tcx_flow_fluid_add_temperature_texture':
        Get shader desc: tcx_flow_fluid_add_temperature_texture_shader_desc(sg_query_backend());
        Vertex Shader: fluid_vs
        Fragment Shader: fs_add_temperature_texture
        Attributes:
            ATTR_tcx_flow_fluid_add_temperature_texture_position => 0
            ATTR_tcx_flow_fluid_add_temperature_texture_texcoord0 => 1
    Shader program: 'tcx_flow_fluid_add_velocity':
        Get shader desc: tcx_flow_fluid_add_velocity_shader_desc(sg_query_backend());
        Vertex Shader: fluid_vs
        Fragment Shader: fs_add_velocity
        Attributes:
            ATTR_tcx_flow_fluid_add_velocity_position => 0
            ATTR_tcx_flow_fluid_add_velocity_texcoord0 => 1
    Shader program: 'tcx_flow_fluid_advect':
        Get shader desc: tcx_flow_fluid_advect_shader_desc(sg_query_backend());
        Vertex Shader: fluid_vs
        Fragment Shader: fs_advect
        Attributes:
            ATTR_tcx_flow_fluid_advect_position => 0
            ATTR_tcx_flow_fluid_advect_texcoord0 => 1
    Shader program: 'tcx_flow_fluid_apply_obstacle':
        Get shader desc: tcx_flow_fluid_apply_obstacle_shader_desc(sg_query_backend());
        Vertex Shader: fluid_vs
        Fragment Shader: fs_apply_obstacle
        Attributes:
            ATTR_tcx_flow_fluid_apply_obstacle_position => 0
            ATTR_tcx_flow_fluid_apply_obstacle_texcoord0 => 1
    Shader program: 'tcx_flow_fluid_buoyancy':
        Get shader desc: tcx_flow_fluid_buoyancy_shader_desc(sg_query_backend());
        Vertex Shader: fluid_vs
        Fragment Shader: fs_buoyancy
        Attributes:
            ATTR_tcx_flow_fluid_buoyancy_position => 0
            ATTR_tcx_flow_fluid_buoyancy_texcoord0 => 1
    Shader program: 'tcx_flow_fluid_diffuse':
        Get shader desc: tcx_flow_fluid_diffuse_shader_desc(sg_query_backend());
        Vertex Shader: fluid_vs
        Fragment Shader: fs_diffuse
        Attributes:
            ATTR_tcx_flow_fluid_diffuse_position => 0
            ATTR_tcx_flow_fluid_diffuse_texcoord0 => 1
    Shader program: 'tcx_flow_fluid_divergence':
        Get shader desc: tcx_flow_fluid_divergence_shader_desc(sg_query_backend());
        Vertex Shader: fluid_vs
        Fragment Shader: fs_divergence
        Attributes:
            ATTR_tcx_flow_fluid_divergence_position => 0
            ATTR_tcx_flow_fluid_divergence_texcoord0 => 1
    Shader program: 'tcx_flow_fluid_gradient_subtract':
        Get shader desc: tcx_flow_fluid_gradient_subtract_shader_desc(sg_query_backend());
        Vertex Shader: fluid_vs
        Fragment Shader: fs_gradient_subtract
        Attributes:
            ATTR_tcx_flow_fluid_gradient_subtract_position => 0
            ATTR_tcx_flow_fluid_gradient_subtract_texcoord0 => 1
    Shader program: 'tcx_flow_fluid_jacobi_pressure':
        Get shader desc: tcx_flow_fluid_jacobi_pressure_shader_desc(sg_query_backend());
        Vertex Shader: fluid_vs
        Fragment Shader: fs_jacobi_pressure
        Attributes:
            ATTR_tcx_flow_fluid_jacobi_pressure_position => 0
            ATTR_tcx_flow_fluid_jacobi_pressure_texcoord0 => 1
    Shader program: 'tcx_flow_fluid_obstacle_offset':
        Get shader desc: tcx_flow_fluid_obstacle_offset_shader_desc(sg_query_backend());
        Vertex Shader: fluid_vs
        Fragment Shader: fs_obstacle_offset
        Attributes:
            ATTR_tcx_flow_fluid_obstacle_offset_position => 0
            ATTR_tcx_flow_fluid_obstacle_offset_texcoord0 => 1
    Shader program: 'tcx_flow_fluid_obstacle_splat':
        Get shader desc: tcx_flow_fluid_obstacle_splat_shader_desc(sg_query_backend());
        Vertex Shader: fluid_vs
        Fragment Shader: fs_obstacle_splat
        Attributes:
            ATTR_tcx_flow_fluid_obstacle_splat_position => 0
            ATTR_tcx_flow_fluid_obstacle_splat_texcoord0 => 1
    Shader program: 'tcx_flow_fluid_splat':
        Get shader desc: tcx_flow_fluid_splat_shader_desc(sg_query_backend());
        Vertex Shader: fluid_vs
        Fragment Shader: fs_splat
        Attributes:
            ATTR_tcx_flow_fluid_splat_position => 0
            ATTR_tcx_flow_fluid_splat_texcoord0 => 1
    Shader program: 'tcx_flow_fluid_vorticity_curl':
        Get shader desc: tcx_flow_fluid_vorticity_curl_shader_desc(sg_query_backend());
        Vertex Shader: fluid_vs
        Fragment Shader: fs_vorticity_curl
        Attributes:
            ATTR_tcx_flow_fluid_vorticity_curl_position => 0
            ATTR_tcx_flow_fluid_vorticity_curl_texcoord0 => 1
    Shader program: 'tcx_flow_fluid_vorticity_force':
        Get shader desc: tcx_flow_fluid_vorticity_force_shader_desc(sg_query_backend());
        Vertex Shader: fluid_vs
        Fragment Shader: fs_vorticity_force
        Attributes:
            ATTR_tcx_flow_fluid_vorticity_force_position => 0
            ATTR_tcx_flow_fluid_vorticity_force_texcoord0 => 1
    Bindings:
        Uniform block 'flow_params':
            C struct: flow_params_t
            Bind slot: UB_flow_params => 0
        Texture 'densityAddBaseTex':
            Image type: SG_IMAGETYPE_2D
            Sample type: SG_IMAGESAMPLETYPE_FLOAT
            Multisampled: false
            Bind slot: VIEW_densityAddBaseTex => 0
        Texture 'externalDensityTex':
            Image type: SG_IMAGETYPE_2D
            Sample type: SG_IMAGESAMPLETYPE_FLOAT
            Multisampled: false
            Bind slot: VIEW_externalDensityTex => 1
        Texture 'temperatureAddBaseTex':
            Image type: SG_IMAGETYPE_2D
            Sample type: SG_IMAGESAMPLETYPE_FLOAT
            Multisampled: false
            Bind slot: VIEW_temperatureAddBaseTex => 0
        Texture 'externalTemperatureTex':
            Image type: SG_IMAGETYPE_2D
            Sample type: SG_IMAGESAMPLETYPE_FLOAT
            Multisampled: false
            Bind slot: VIEW_externalTemperatureTex => 1
        Texture 'velocityTex':
            Image type: SG_IMAGETYPE_2D
            Sample type: SG_IMAGESAMPLETYPE_FLOAT
            Multisampled: false
            Bind slot: VIEW_velocityTex => 0
        Texture 'externalVelocityTex':
            Image type: SG_IMAGETYPE_2D
            Sample type: SG_IMAGESAMPLETYPE_FLOAT
            Multisampled: false
            Bind slot: VIEW_externalVelocityTex => 1
        Texture 'fluidSourceTex':
            Image type: SG_IMAGETYPE_2D
            Sample type: SG_IMAGESAMPLETYPE_FLOAT
            Multisampled: false
            Bind slot: VIEW_fluidSourceTex => 1
        Texture 'obstacleApplySourceTex':
            Image type: SG_IMAGETYPE_2D
            Sample type: SG_IMAGESAMPLETYPE_FLOAT
            Multisampled: false
            Bind slot: VIEW_obstacleApplySourceTex => 0
        Texture 'obstacleTex':
            Image type: SG_IMAGETYPE_2D
            Sample type: SG_IMAGESAMPLETYPE_FLOAT
            Multisampled: false
            Bind slot: VIEW_obstacleTex => 1
        Texture 'temperatureTex':
            Image type: SG_IMAGETYPE_2D
            Sample type: SG_IMAGESAMPLETYPE_FLOAT
            Multisampled: false
            Bind slot: VIEW_temperatureTex => 1
        Texture 'densityTex':
            Image type: SG_IMAGETYPE_2D
            Sample type: SG_IMAGESAMPLETYPE_FLOAT
            Multisampled: false
            Bind slot: VIEW_densityTex => 2
        Texture 'diffuseSourceTex':
            Image type: SG_IMAGETYPE_2D
            Sample type: SG_IMAGESAMPLETYPE_FLOAT
            Multisampled: false
            Bind slot: VIEW_diffuseSourceTex => 0
        Texture 'obstacleOffsetTex':
            Image type: SG_IMAGETYPE_2D
            Sample type: SG_IMAGESAMPLETYPE_FLOAT
            Multisampled: false
            Bind slot: VIEW_obstacleOffsetTex => 2
        Texture 'gradientObstacleTex':
            Image type: SG_IMAGETYPE_2D
            Sample type: SG_IMAGESAMPLETYPE_FLOAT
            Multisampled: false
            Bind slot: VIEW_gradientObstacleTex => 2
        Texture 'pressureTex':
            Image type: SG_IMAGETYPE_2D
            Sample type: SG_IMAGESAMPLETYPE_FLOAT
            Multisampled: false
            Bind slot: VIEW_pressureTex => 1
        Texture 'gradientObstacleOffsetTex':
            Image type: SG_IMAGETYPE_2D
            Sample type: SG_IMAGESAMPLETYPE_FLOAT
            Multisampled: false
            Bind slot: VIEW_gradientObstacleOffsetTex => 3
        Texture 'pressureObstacleTex':
            Image type: SG_IMAGETYPE_2D
            Sample type: SG_IMAGESAMPLETYPE_FLOAT
            Multisampled: false
            Bind slot: VIEW_pressureObstacleTex => 2
        Texture 'pressureSrcTex':
            Image type: SG_IMAGETYPE_2D
            Sample type: SG_IMAGESAMPLETYPE_FLOAT
            Multisampled: false
            Bind slot: VIEW_pressureSrcTex => 0
        Texture 'pressureObstacleOffsetTex':
            Image type: SG_IMAGETYPE_2D
            Sample type: SG_IMAGESAMPLETYPE_FLOAT
            Multisampled: false
            Bind slot: VIEW_pressureObstacleOffsetTex => 3
        Texture 'divergenceTex':
            Image type: SG_IMAGETYPE_2D
            Sample type: SG_IMAGESAMPLETYPE_FLOAT
            Multisampled: false
            Bind slot: VIEW_divergenceTex => 1
        Texture 'obstacleOffsetSourceTex':
            Image type: SG_IMAGETYPE_2D
            Sample type: SG_IMAGESAMPLETYPE_FLOAT
            Multisampled: false
            Bind slot: VIEW_obstacleOffsetSourceTex => 0
        Texture 'curlTex':
            Image type: SG_IMAGETYPE_2D
            Sample type: SG_IMAGESAMPLETYPE_FLOAT
            Multisampled: false
            Bind slot: VIEW_curlTex => 1
        Sampler 'densityAddBaseSmp':
            Type: SG_SAMPLERTYPE_FILTERING
            Bind slot: SMP_densityAddBaseSmp => 0
        Sampler 'externalDensitySmp':
            Type: SG_SAMPLERTYPE_FILTERING
            Bind slot: SMP_externalDensitySmp => 1
        Sampler 'temperatureAddBaseSmp':
            Type: SG_SAMPLERTYPE_FILTERING
            Bind slot: SMP_temperatureAddBaseSmp => 0
        Sampler 'externalTemperatureSmp':
            Type: SG_SAMPLERTYPE_FILTERING
            Bind slot: SMP_externalTemperatureSmp => 1
        Sampler 'velocitySmp':
            Type: SG_SAMPLERTYPE_FILTERING
            Bind slot: SMP_velocitySmp => 0
        Sampler 'externalVelocitySmp':
            Type: SG_SAMPLERTYPE_FILTERING
            Bind slot: SMP_externalVelocitySmp => 1
        Sampler 'fluidSourceSmp':
            Type: SG_SAMPLERTYPE_FILTERING
            Bind slot: SMP_fluidSourceSmp => 1
        Sampler 'obstacleApplySourceSmp':
            Type: SG_SAMPLERTYPE_FILTERING
            Bind slot: SMP_obstacleApplySourceSmp => 0
        Sampler 'obstacleSmp':
            Type: SG_SAMPLERTYPE_FILTERING
            Bind slot: SMP_obstacleSmp => 1
        Sampler 'temperatureSmp':
            Type: SG_SAMPLERTYPE_FILTERING
            Bind slot: SMP_temperatureSmp => 1
        Sampler 'densitySmp':
            Type: SG_SAMPLERTYPE_FILTERING
            Bind slot: SMP_densitySmp => 2
        Sampler 'diffuseSourceSmp':
            Type: SG_SAMPLERTYPE_FILTERING
            Bind slot: SMP_diffuseSourceSmp => 0
        Sampler 'obstacleOffsetSmp':
            Type: SG_SAMPLERTYPE_FILTERING
            Bind slot: SMP_obstacleOffsetSmp => 2
        Sampler 'gradientObstacleSmp':
            Type: SG_SAMPLERTYPE_FILTERING
            Bind slot: SMP_gradientObstacleSmp => 2
        Sampler 'pressureSmp':
            Type: SG_SAMPLERTYPE_FILTERING
            Bind slot: SMP_pressureSmp => 1
        Sampler 'gradientObstacleOffsetSmp':
            Type: SG_SAMPLERTYPE_FILTERING
            Bind slot: SMP_gradientObstacleOffsetSmp => 3
        Sampler 'pressureObstacleSmp':
            Type: SG_SAMPLERTYPE_FILTERING
            Bind slot: SMP_pressureObstacleSmp => 2
        Sampler 'pressureSrcSmp':
            Type: SG_SAMPLERTYPE_FILTERING
            Bind slot: SMP_pressureSrcSmp => 0
        Sampler 'pressureObstacleOffsetSmp':
            Type: SG_SAMPLERTYPE_FILTERING
            Bind slot: SMP_pressureObstacleOffsetSmp => 3
        Sampler 'divergenceSmp':
            Type: SG_SAMPLERTYPE_FILTERING
            Bind slot: SMP_divergenceSmp => 1
        Sampler 'obstacleOffsetSourceSmp':
            Type: SG_SAMPLERTYPE_FILTERING
            Bind slot: SMP_obstacleOffsetSourceSmp => 0
        Sampler 'curlSmp':
            Type: SG_SAMPLERTYPE_FILTERING
            Bind slot: SMP_curlSmp => 1
*/
#if !defined(SOKOL_GFX_INCLUDED)
#error "Please include sokol_gfx.h before fluid.glsl.h"
#endif
#if !defined(SOKOL_SHDC_ALIGN)
#if defined(_MSC_VER)
#define SOKOL_SHDC_ALIGN(a) __declspec(align(a))
#else
#define SOKOL_SHDC_ALIGN(a) __attribute__((aligned(a)))
#endif
#endif
#define ATTR_tcx_flow_fluid_add_density_texture_position (0)
#define ATTR_tcx_flow_fluid_add_density_texture_texcoord0 (1)
#define ATTR_tcx_flow_fluid_add_temperature_texture_position (0)
#define ATTR_tcx_flow_fluid_add_temperature_texture_texcoord0 (1)
#define ATTR_tcx_flow_fluid_add_velocity_position (0)
#define ATTR_tcx_flow_fluid_add_velocity_texcoord0 (1)
#define ATTR_tcx_flow_fluid_advect_position (0)
#define ATTR_tcx_flow_fluid_advect_texcoord0 (1)
#define ATTR_tcx_flow_fluid_apply_obstacle_position (0)
#define ATTR_tcx_flow_fluid_apply_obstacle_texcoord0 (1)
#define ATTR_tcx_flow_fluid_buoyancy_position (0)
#define ATTR_tcx_flow_fluid_buoyancy_texcoord0 (1)
#define ATTR_tcx_flow_fluid_diffuse_position (0)
#define ATTR_tcx_flow_fluid_diffuse_texcoord0 (1)
#define ATTR_tcx_flow_fluid_divergence_position (0)
#define ATTR_tcx_flow_fluid_divergence_texcoord0 (1)
#define ATTR_tcx_flow_fluid_gradient_subtract_position (0)
#define ATTR_tcx_flow_fluid_gradient_subtract_texcoord0 (1)
#define ATTR_tcx_flow_fluid_jacobi_pressure_position (0)
#define ATTR_tcx_flow_fluid_jacobi_pressure_texcoord0 (1)
#define ATTR_tcx_flow_fluid_obstacle_offset_position (0)
#define ATTR_tcx_flow_fluid_obstacle_offset_texcoord0 (1)
#define ATTR_tcx_flow_fluid_obstacle_splat_position (0)
#define ATTR_tcx_flow_fluid_obstacle_splat_texcoord0 (1)
#define ATTR_tcx_flow_fluid_splat_position (0)
#define ATTR_tcx_flow_fluid_splat_texcoord0 (1)
#define ATTR_tcx_flow_fluid_vorticity_curl_position (0)
#define ATTR_tcx_flow_fluid_vorticity_curl_texcoord0 (1)
#define ATTR_tcx_flow_fluid_vorticity_force_position (0)
#define ATTR_tcx_flow_fluid_vorticity_force_texcoord0 (1)
#define UB_flow_params (0)
#define VIEW_densityAddBaseTex (0)
#define VIEW_externalDensityTex (1)
#define VIEW_temperatureAddBaseTex (0)
#define VIEW_externalTemperatureTex (1)
#define VIEW_velocityTex (0)
#define VIEW_externalVelocityTex (1)
#define VIEW_fluidSourceTex (1)
#define VIEW_obstacleApplySourceTex (0)
#define VIEW_obstacleTex (1)
#define VIEW_temperatureTex (1)
#define VIEW_densityTex (2)
#define VIEW_diffuseSourceTex (0)
#define VIEW_obstacleOffsetTex (2)
#define VIEW_gradientObstacleTex (2)
#define VIEW_pressureTex (1)
#define VIEW_gradientObstacleOffsetTex (3)
#define VIEW_pressureObstacleTex (2)
#define VIEW_pressureSrcTex (0)
#define VIEW_pressureObstacleOffsetTex (3)
#define VIEW_divergenceTex (1)
#define VIEW_obstacleOffsetSourceTex (0)
#define VIEW_curlTex (1)
#define SMP_densityAddBaseSmp (0)
#define SMP_externalDensitySmp (1)
#define SMP_temperatureAddBaseSmp (0)
#define SMP_externalTemperatureSmp (1)
#define SMP_velocitySmp (0)
#define SMP_externalVelocitySmp (1)
#define SMP_fluidSourceSmp (1)
#define SMP_obstacleApplySourceSmp (0)
#define SMP_obstacleSmp (1)
#define SMP_temperatureSmp (1)
#define SMP_densitySmp (2)
#define SMP_diffuseSourceSmp (0)
#define SMP_obstacleOffsetSmp (2)
#define SMP_gradientObstacleSmp (2)
#define SMP_pressureSmp (1)
#define SMP_gradientObstacleOffsetSmp (3)
#define SMP_pressureObstacleSmp (2)
#define SMP_pressureSrcSmp (0)
#define SMP_pressureObstacleOffsetSmp (3)
#define SMP_divergenceSmp (1)
#define SMP_obstacleOffsetSourceSmp (0)
#define SMP_curlSmp (1)
#pragma pack(push,1)
SOKOL_SHDC_ALIGN(16) typedef struct flow_params_t {
    float color[4];
    float resolution[4];
    float texel[4];
    float options[4];
} flow_params_t;
#pragma pack(pop)
/*
    #version 300 es

    layout(location = 0) in vec2 position;
    out vec2 uv;
    layout(location = 1) in vec2 texcoord0;

    void main()
    {
        gl_Position = vec4(position, 0.0, 1.0);
        uv = texcoord0;
    }

*/
static const uint8_t fluid_vs_source_glsl300es[192] = {
    0x23,0x76,0x65,0x72,0x73,0x69,0x6f,0x6e,0x20,0x33,0x30,0x30,0x20,0x65,0x73,0x0a,
    0x0a,0x6c,0x61,0x79,0x6f,0x75,0x74,0x28,0x6c,0x6f,0x63,0x61,0x74,0x69,0x6f,0x6e,
    0x20,0x3d,0x20,0x30,0x29,0x20,0x69,0x6e,0x20,0x76,0x65,0x63,0x32,0x20,0x70,0x6f,
    0x73,0x69,0x74,0x69,0x6f,0x6e,0x3b,0x0a,0x6f,0x75,0x74,0x20,0x76,0x65,0x63,0x32,
    0x20,0x75,0x76,0x3b,0x0a,0x6c,0x61,0x79,0x6f,0x75,0x74,0x28,0x6c,0x6f,0x63,0x61,
    0x74,0x69,0x6f,0x6e,0x20,0x3d,0x20,0x31,0x29,0x20,0x69,0x6e,0x20,0x76,0x65,0x63,
    0x32,0x20,0x74,0x65,0x78,0x63,0x6f,0x6f,0x72,0x64,0x30,0x3b,0x0a,0x0a,0x76,0x6f,
    0x69,0x64,0x20,0x6d,0x61,0x69,0x6e,0x28,0x29,0x0a,0x7b,0x0a,0x20,0x20,0x20,0x20,
    0x67,0x6c,0x5f,0x50,0x6f,0x73,0x69,0x74,0x69,0x6f,0x6e,0x20,0x3d,0x20,0x76,0x65,
    0x63,0x34,0x28,0x70,0x6f,0x73,0x69,0x74,0x69,0x6f,0x6e,0x2c,0x20,0x30,0x2e,0x30,
    0x2c,0x20,0x31,0x2e,0x30,0x29,0x3b,0x0a,0x20,0x20,0x20,0x20,0x75,0x76,0x20,0x3d,
    0x20,0x74,0x65,0x78,0x63,0x6f,0x6f,0x72,0x64,0x30,0x3b,0x0a,0x7d,0x0a,0x0a,0x00,

};
/*
    #version 300 es
    precision mediump float;
    precision highp int;

    uniform highp vec4 flow_params[4];
    uniform highp sampler2D velocityTex_velocitySmp;
    uniform highp sampler2D fluidSourceTex_fluidSourceSmp;

    in highp vec2 uv;
    layout(location = 0) out highp vec4 frag_color;

    void main()
    {
        highp vec4 _24 = texture(velocityTex_velocitySmp, uv);
        highp vec4 _55 = texture(fluidSourceTex_fluidSourceSmp, uv - ((_24.xy * flow_params[2].xy) * flow_params[3].x));
        highp vec4 _59 = _55 * flow_params[3].z;
        highp vec4 _68;
        if (flow_params[3].w > 0.5)
        {
            _68 = clamp(_59, vec4(0.0), vec4(1.0));
        }
        else
        {
            _68 = _59;
        }
        frag_color = _68;
    }

*/
static const uint8_t fs_advect_source_glsl300es[683] = {
    0x23,0x76,0x65,0x72,0x73,0x69,0x6f,0x6e,0x20,0x33,0x30,0x30,0x20,0x65,0x73,0x0a,
    0x70,0x72,0x65,0x63,0x69,0x73,0x69,0x6f,0x6e,0x20,0x6d,0x65,0x64,0x69,0x75,0x6d,
    0x70,0x20,0x66,0x6c,0x6f,0x61,0x74,0x3b,0x0a,0x70,0x72,0x65,0x63,0x69,0x73,0x69,
    0x6f,0x6e,0x20,0x68,0x69,0x67,0x68,0x70,0x20,0x69,0x6e,0x74,0x3b,0x0a,0x0a,0x75,
    0x6e,0x69,0x66,0x6f,0x72,0x6d,0x20,0x68,0x69,0x67,0x68,0x70,0x20,0x76,0x65,0x63,
    0x34,0x20,0x66,0x6c,0x6f,0x77,0x5f,0x70,0x61,0x72,0x61,0x6d,0x73,0x5b,0x34,0x5d,
    0x3b,0x0a,0x75,0x6e,0x69,0x66,0x6f,0x72,0x6d,0x20,0x68,0x69,0x67,0x68,0x70,0x20,
    0x73,0x61,0x6d,0x70,0x6c,0x65,0x72,0x32,0x44,0x20,0x76,0x65,0x6c,0x6f,0x63,0x69,
    0x74,0x79,0x54,0x65,0x78,0x5f,0x76,0x65,0x6c,0x6f,0x63,0x69,0x74,0x79,0x53,0x6d,
    0x70,0x3b,0x0a,0x75,0x6e,0x69,0x66,0x6f,0x72,0x6d,0x20,0x68,0x69,0x67,0x68,0x70,
    0x20,0x73,0x61,0x6d,0x70,0x6c,0x65,0x72,0x32,0x44,0x20,0x66,0x6c,0x75,0x69,0x64,
    0x53,0x6f,0x75,0x72,0x63,0x65,0x54,0x65,0x78,0x5f,0x66,0x6c,0x75,0x69,0x64,0x53,
    0x6f,0x75,0x72,0x63,0x65,0x53,0x6d,0x70,0x3b,0x0a,0x0a,0x69,0x6e,0x20,0x68,0x69,
    0x67,0x68,0x70,0x20,0x76,0x65,0x63,0x32,0x20,0x75,0x76,0x3b,0x0a,0x6c,0x61,0x79,
    0x6f,0x75,0x74,0x28,0x6c,0x6f,0x63,0x61,0x74,0x69,0x6f,0x6e,0x20,0x3d,0x20,0x30,
    0x29,0x20,0x6f,0x75,0x74,0x20,0x68,0x69,0x67,0x68,0x70,0x20,0x76,0x65,0x63,0x34,
    0x20,0x66,0x72,0x61,0x67,0x5f,0x63,0x6f,0x6c,0x6f,0x72,0x3b,0x0a,0x0a,0x76,0x6f,
    0x69,0x64,0x20,0x6d,0x61,0x69,0x6e,0x28,0x29,0x0a,0x7b,0x0a,0x20,0x20,0x20,0x20,
    0x68,0x69,0x67,0x68,0x70,0x20,0x76,0x65,0x63,0x34,0x20,0x5f,0x32,0x34,0x20,0x3d,
    0x20,0x74,0x65,0x78,0x74,0x75,0x72,0x65,0x28,0x76,0x65,0x6c,0x6f,0x63,0x69,0x74,
    0x79,0x54,0x65,0x78,0x5f,0x76,0x65,0x6c,0x6f,0x63,0x69,0x74,0x79,0x53,0x6d,0x70,
    0x2c,0x20,0x75,0x76,0x29,0x3b,0x0a,0x20,0x20,0x20,0x20,0x68,0x69,0x67,0x68,0x70,
    0x20,0x76,0x65,0x63,0x34,0x20,0x5f,0x35,0x35,0x20,0x3d,0x20,0x74,0x65,0x78,0x74,
    0x75,0x72,0x65,0x28,0x66,0x6c,0x75,0x69,0x64,0x53,0x6f,0x75,0x72,0x63,0x65,0x54,
    0x65,0x78,0x5f,0x66,0x6c,0x75,0x69,0x64,0x53,0x6f,0x75,0x72,0x63,0x65,0x53,0x6d,
    0x70,0x2c,0x20,0x75,0x76,0x20,0x2d,0x20,0x28,0x28,0x5f,0x32,0x34,0x2e,0x78,0x79,
    0x20,0x2a,0x20,0x66,0x6c,0x6f,0x77,0x5f,0x70,0x61,0x72,0x61,0x6d,0x73,0x5b,0x32,
    0x5d,0x2e,0x78,0x79,0x29,0x20,0x2a,0x20,0x66,0x6c,0x6f,0x77,0x5f,0x70,0x61,0x72,
    0x61,0x6d,0x73,0x5b,0x33,0x5d,0x2e,0x78,0x29,0x29,0x3b,0x0a,0x20,0x20,0x20,0x20,
    0x68,0x69,0x67,0x68,0x70,0x20,0x76,0x65,0x63,0x34,0x20,0x5f,0x35,0x39,0x20,0x3d,
    0x20,0x5f,0x35,0x35,0x20,0x2a,0x20,0x66,0x6c,0x6f,0x77,0x5f,0x70,0x61,0x72,0x61,
    0x6d,0x73,0x5b,0x33,0x5d,0x2e,0x7a,0x3b,0x0a,0x20,0x20,0x20,0x20,0x68,0x69,0x67,
    0x68,0x70,0x20,0x76,0x65,0x63,0x34,0x20,0x5f,0x36,0x38,0x3b,0x0a,0x20,0x20,0x20,
    0x20,0x69,0x66,0x20,0x28,0x66,0x6c,0x6f,0x77,0x5f,0x70,0x61,0x72,0x61,0x6d,0x73,
    0x5b,0x33,0x5d,0x2e,0x77,0x20,0x3e,0x20,0x30,0x2e,0x35,0x29,0x0a,0x20,0x20,0x20,
    0x20,0x7b,0x0a,0x20,0x20,0x20,0x20,0x20,0x20,0x20,0x20,0x5f,0x36,0x38,0x20,0x3d,
    0x20,0x63,0x6c,0x61,0x6d,0x70,0x28,0x5f,0x35,0x39,0x2c,0x20,0x76,0x65,0x63,0x34,
    0x28,0x30,0x2e,0x30,0x29,0x2c,0x20,0x76,0x65,0x63,0x34,0x28,0x31,0x2e,0x30,0x29,
    0x29,0x3b,0x0a,0x20,0x20,0x20,0x20,0x7d,0x0a,0x20,0x20,0x20,0x20,0x65,0x6c,0x73,
    0x65,0x0a,0x20,0x20,0x20,0x20,0x7b,0x0a,0x20,0x20,0x20,0x20,0x20,0x20,0x20,0x20,
    0x5f,0x36,0x38,0x20,0x3d,0x20,0x5f,0x35,0x39,0x3b,0x0a,0x20,0x20,0x20,0x20,0x7d,
    0x0a,0x20,0x20,0x20,0x20,0x66,0x72,0x61,0x67,0x5f,0x63,0x6f,0x6c,0x6f,0x72,0x20,
    0x3d,0x20,0x5f,0x36,0x38,0x3b,0x0a,0x7d,0x0a,0x0a,0x00,
};
/*
    #version 300 es
    precision mediump float;
    precision highp int;

    uniform highp vec4 flow_params[4];
    uniform highp sampler2D fluidSourceTex_fluidSourceSmp;

    in highp vec2 uv;
    layout(location = 0) out highp vec4 frag_color;

    void main()
    {
        highp vec4 _24 = texture(fluidSourceTex_fluidSourceSmp, uv);
        highp float _64 = max(0.0, 1.0 - (length((uv * flow_params[1].xy) - flow_params[2].zw) / max(flow_params[3].z, 1.0)));
        highp vec4 value = _24;
        if (flow_params[3].y < 0.5)
        {
            value = _24 + ((flow_params[0] * _64) * flow_params[3].x);
        }
        else
        {
            if (flow_params[3].y < 1.5)
            {
                value = max(_24, (flow_params[0] * sqrt(sqrt(_64))) * flow_params[3].x);
            }
            else
            {
                highp vec2 _109 = _24.xy;
                highp vec2 _118 = (flow_params[0].xy * _64) * flow_params[3].x;
                highp vec2 _125;
                if (length(_109) > length(_118))
                {
                    _125 = _109;
                }
                else
                {
                    _125 = mix(_109, _118, vec2(clamp(flow_params[0].z, 0.0, 1.0)));
                }
                value = vec4(_125, 0.0, 1.0);
            }
        }
        highp vec4 _148;
        if (flow_params[3].w > 0.5)
        {
            _148 = clamp(value, vec4(0.0), vec4(1.0));
        }
        else
        {
            _148 = value;
        }
        frag_color = _148;
    }

*/
static const uint8_t fs_splat_source_glsl300es[1356] = {
    0x23,0x76,0x65,0x72,0x73,0x69,0x6f,0x6e,0x20,0x33,0x30,0x30,0x20,0x65,0x73,0x0a,
    0x70,0x72,0x65,0x63,0x69,0x73,0x69,0x6f,0x6e,0x20,0x6d,0x65,0x64,0x69,0x75,0x6d,
    0x70,0x20,0x66,0x6c,0x6f,0x61,0x74,0x3b,0x0a,0x70,0x72,0x65,0x63,0x69,0x73,0x69,
    0x6f,0x6e,0x20,0x68,0x69,0x67,0x68,0x70,0x20,0x69,0x6e,0x74,0x3b,0x0a,0x0a,0x75,
    0x6e,0x69,0x66,0x6f,0x72,0x6d,0x20,0x68,0x69,0x67,0x68,0x70,0x20,0x76,0x65,0x63,
    0x34,0x20,0x66,0x6c,0x6f,0x77,0x5f,0x70,0x61,0x72,0x61,0x6d,0x73,0x5b,0x34,0x5d,
    0x3b,0x0a,0x75,0x6e,0x69,0x66,0x6f,0x72,0x6d,0x20,0x68,0x69,0x67,0x68,0x70,0x20,
    0x73,0x61,0x6d,0x70,0x6c,0x65,0x72,0x32,0x44,0x20,0x66,0x6c,0x75,0x69,0x64,0x53,
    0x6f,0x75,0x72,0x63,0x65,0x54,0x65,0x78,0x5f,0x66,0x6c,0x75,0x69,0x64,0x53,0x6f,
    0x75,0x72,0x63,0x65,0x53,0x6d,0x70,0x3b,0x0a,0x0a,0x69,0x6e,0x20,0x68,0x69,0x67,
    0x68,0x70,0x20,0x76,0x65,0x63,0x32,0x20,0x75,0x76,0x3b,0x0a,0x6c,0x61,0x79,0x6f,
    0x75,0x74,0x28,0x6c,0x6f,0x63,0x61,0x74,0x69,0x6f,0x6e,0x20,0x3d,0x20,0x30,0x29,
    0x20,0x6f,0x75,0x74,0x20,0x68,0x69,0x67,0x68,0x70,0x20,0x76,0x65,0x63,0x34,0x20,
    0x66,0x72,0x61,0x67,0x5f,0x63,0x6f,0x6c,0x6f,0x72,0x3b,0x0a,0x0a,0x76,0x6f,0x69,
    0x64,0x20,0x6d,0x61,0x69,0x6e,0x28,0x29,0x0a,0x7b,0x0a,0x20,0x20,0x20,0x20,0x68,
    0x69,0x67,0x68,0x70,0x20,0x76,0x65,0x63,0x34,0x20,0x5f,0x32,0x34,0x20,0x3d,0x20,
    0x74,0x65,0x78,0x74,0x75,0x72,0x65,0x28,0x66,0x6c,0x75,0x69,0x64,0x53,0x6f,0x75,
    0x72,0x63,0x65,0x54,0x65,0x78,0x5f,0x66,0x6c,0x75,0x69,0x64,0x53,0x6f,0x75,0x72,
    0x63,0x65,0x53,0x6d,0x70,0x2c,0x20,0x75,0x76,0x29,0x3b,0x0a,0x20,0x20,0x20,0x20,
    0x68,0x69,0x67,0x68,0x70,0x20,0x66,0x6c,0x6f,0x61,0x74,0x20,0x5f,0x36,0x34,0x20,
    0x3d,0x20,0x6d,0x61,0x78,0x28,0x30,0x2e,0x30,0x2c,0x20,0x31,0x2e,0x30,0x20,0x2d,
    0x20,0x28,0x6c,0x65,0x6e,0x67,0x74,0x68,0x28,0x28,0x75,0x76,0x20,0x2a,0x20,0x66,
    0x6c,0x6f,0x77,0x5f,0x70,0x61,0x72,0x61,0x6d,0x73,0x5b,0x31,0x5d,0x2e,0x78,0x79,
    0x29,0x20,0x2d,0x20,0x66,0x6c,0x6f,0x77,0x5f,0x70,0x61,0x72,0x61,0x6d,0x73,0x5b,
    0x32,0x5d,0x2e,0x7a,0x77,0x29,0x20,0x2f,0x20,0x6d,0x61,0x78,0x28,0x66,0x6c,0x6f,
    0x77,0x5f,0x70,0x61,0x72,0x61,0x6d,0x73,0x5b,0x33,0x5d,0x2e,0x7a,0x2c,0x20,0x31,
    0x2e,0x30,0x29,0x29,0x29,0x3b,0x0a,0x20,0x20,0x20,0x20,0x68,0x69,0x67,0x68,0x70,
    0x20,0x76,0x65,0x63,0x34,0x20,0x76,0x61,0x6c,0x75,0x65,0x20,0x3d,0x20,0x5f,0x32,
    0x34,0x3b,0x0a,0x20,0x20,0x20,0x20,0x69,0x66,0x20,0x28,0x66,0x6c,0x6f,0x77,0x5f,
    0x70,0x61,0x72,0x61,0x6d,0x73,0x5b,0x33,0x5d,0x2e,0x79,0x20,0x3c,0x20,0x30,0x2e,
    0x35,0x29,0x0a,0x20,0x20,0x20,0x20,0x7b,0x0a,0x20,0x20,0x20,0x20,0x20,0x20,0x20,
    0x20,0x76,0x61,0x6c,0x75,0x65,0x20,0x3d,0x20,0x5f,0x32,0x34,0x20,0x2b,0x20,0x28,
    0x28,0x66,0x6c,0x6f,0x77,0x5f,0x70,0x61,0x72,0x61,0x6d,0x73,0x5b,0x30,0x5d,0x20,
    0x2a,0x20,0x5f,0x36,0x34,0x29,0x20,0x2a,0x20,0x66,0x6c,0x6f,0x77,0x5f,0x70,0x61,
    0x72,0x61,0x6d,0x73,0x5b,0x33,0x5d,0x2e,0x78,0x29,0x3b,0x0a,0x20,0x20,0x20,0x20,
    0x7d,0x0a,0x20,0x20,0x20,0x20,0x65,0x6c,0x73,0x65,0x0a,0x20,0x20,0x20,0x20,0x7b,
    0x0a,0x20,0x20,0x20,0x20,0x20,0x20,0x20,0x20,0x69,0x66,0x20,0x28,0x66,0x6c,0x6f,
    0x77,0x5f,0x70,0x61,0x72,0x61,0x6d,0x73,0x5b,0x33,0x5d,0x2e,0x79,0x20,0x3c,0x20,
    0x31,0x2e,0x35,0x29,0x0a,0x20,0x20,0x20,0x20,0x20,0x20,0x20,0x20,0x7b,0x0a,0x20,
    0x20,0x20,0x20,0x20,0x20,0x20,0x20,0x20,0x20,0x20,0x20,0x76,0x61,0x6c,0x75,0x65,
    0x20,0x3d,0x20,0x6d,0x61,0x78,0x28,0x5f,0x32,0x34,0x2c,0x20,0x28,0x66,0x6c,0x6f,
    0x77,0x5f,0x70,0x61,0x72,0x61,0x6d,0x73,0x5b,0x30,0x5d,0x20,0x2a,0x20,0x73,0x71,
    0x72,0x74,0x28,0x73,0x71,0x72,0x74,0x28,0x5f,0x36,0x34,0x29,0x29,0x29,0x20,0x2a,
    0x20,0x66,0x6c,0x6f,0x77,0x5f,0x70,0x61,0x72,0x61,0x6d,0x73,0x5b,0x33,0x5d,0x2e,
    0x78,0x29,0x3b,0x0a,0x20,0x20,0x20,0x20,0x20,0x20,0x20,0x20,0x7d,0x0a,0x20,0x20,
    0x20,0x20,0x20,0x20,0x20,0x20,0x65,0x6c,0x73,0x65,0x0a,0x20,0x20,0x20,0x20,0x20,
    0x20,0x20,0x20,0x7b,0x0a,0x20,0x20,0x20,0x20,0x20,0x20,0x20,0x20,0x20,0x20,0x20,
    0x20,0x68,0x69,0x67,0x68,0x70,0x20,0x76,0x65,0x63,0x32,0x20,0x5f,0x31,0x30,0x39,
    0x20,0x3d,0x20,0x5f,0x32,0x34,0x2e,0x78,0x79,0x3b,0x0a,0x20,0x20,0x20,0x20,0x20,
    0x20,0x20,0x20,0x20,0x20,0x20,0x20,0x68,0x69,0x67,0x68,0x70,0x20,0x76,0x65,0x63,
    0x32,0x20,0x5f,0x31,0x31,0x38,0x20,0x3d,0x20,0x28,0x66,0x6c,0x6f,0x77,0x5f,0x70,
    0x61,0x72,0x61,0x6d,0x73,0x5b,0x30,0x5d,0x2e,0x78,0x79,0x20,0x2a,0x20,0x5f,0x36,
    0x34,0x29,0x20,0x2a,0x20,0x66,0x6c,0x6f,0x77,0x5f,0x70,0x61,0x72,0x61,0x6d,0x73,
    0x5b,0x33,0x5d,0x2e,0x78,0x3b,0x0a,0x20,0x20,0x20,0x20,0x20,0x20,0x20,0x20,0x20,
    0x20,0x20,0x20,0x68,0x69,0x67,0x68,0x70,0x20,0x76,0x65,0x63,0x32,0x20,0x5f,0x31,
    0x32,0x35,0x3b,0x0a,0x20,0x20,0x20,0x20,0x20,0x20,0x20,0x20,0x20,0x20,0x20,0x20,
    0x69,0x66,0x20,0x28,0x6c,0x65,0x6e,0x67,0x74,0x68,0x28,0x5f,0x31,0x30,0x39,0x29,
    0x20,0x3e,0x20,0x6c,0x65,0x6e,0x67,0x74,0x68,0x28,0x5f,0x31,0x31,0x38,0x29,0x29,
    0x0a,0x20,0x20,0x20,0x20,0x20,0x20,0x20,0x20,0x20,0x20,0x20,0x20,0x7b,0x0a,0x20,
    0x20,0x20,0x20,0x20,0x20,0x20,0x20,0x20,0x20,0x20,0x20,0x20,0x20,0x20,0x20,0x5f,
    0x31,0x32,0x35,0x20,0x3d,0x20,0x5f,0x31,0x30,0x39,0x3b,0x0a,0x20,0x20,0x20,0x20,
    0x20,0x20,0x20,0x20,0x20,0x20,0x20,0x20,0x7d,0x0a,0x20,0x20,0x20,0x20,0x20,0x20,
    0x20,0x20,0x20,0x20,0x20,0x20,0x65,0x6c,0x73,0x65,0x0a,0x20,0x20,0x20,0x20,0x20,
    0x20,0x20,0x20,0x20,0x20,0x20,0x20,0x7b,0x0a,0x20,0x20,0x20,0x20,0x20,0x20,0x20,
    0x20,0x20,0x20,0x20,0x20,0x20,0x20,0x20,0x20,0x5f,0x31,0x32,0x35,0x20,0x3d,0x20,
    0x6d,0x69,0x78,0x28,0x5f,0x31,0x30,0x39,0x2c,0x20,0x5f,0x31,0x31,0x38,0x2c,0x20,
    0x76,0x65,0x63,0x32,0x28,0x63,0x6c,0x61,0x6d,0x70,0x28,0x66,0x6c,0x6f,0x77,0x5f,
    0x70,0x61,0x72,0x61,0x6d,0x73,0x5b,0x30,0x5d,0x2e,0x7a,0x2c,0x20,0x30,0x2e,0x30,
    0x2c,0x20,0x31,0x2e,0x30,0x29,0x29,0x29,0x3b,0x0a,0x20,0x20,0x20,0x20,0x20,0x20,
    0x20,0x20,0x20,0x20,0x20,0x20,0x7d,0x0a,0x20,0x20,0x20,0x20,0x20,0x20,0x20,0x20,
    0x20,0x20,0x20,0x20,0x76,0x61,0x6c,0x75,0x65,0x20,0x3d,0x20,0x76,0x65,0x63,0x34,
    0x28,0x5f,0x31,0x32,0x35,0x2c,0x20,0x30,0x2e,0x30,0x2c,0x20,0x31,0x2e,0x30,0x29,
    0x3b,0x0a,0x20,0x20,0x20,0x20,0x20,0x20,0x20,0x20,0x7d,0x0a,0x20,0x20,0x20,0x20,
    0x7d,0x0a,0x20,0x20,0x20,0x20,0x68,0x69,0x67,0x68,0x70,0x20,0x76,0x65,0x63,0x34,
    0x20,0x5f,0x31,0x34,0x38,0x3b,0x0a,0x20,0x20,0x20,0x20,0x69,0x66,0x20,0x28,0x66,
    0x6c,0x6f,0x77,0x5f,0x70,0x61,0x72,0x61,0x6d,0x73,0x5b,0x33,0x5d,0x2e,0x77,0x20,
    0x3e,0x20,0x30,0x2e,0x35,0x29,0x0a,0x20,0x20,0x20,0x20,0x7b,0x0a,0x20,0x20,0x20,
    0x20,0x20,0x20,0x20,0x20,0x5f,0x31,0x34,0x38,0x20,0x3d,0x20,0x63,0x6c,0x61,0x6d,
    0x70,0x28,0x76,0x61,0x6c,0x75,0x65,0x2c,0x20,0x76,0x65,0x63,0x34,0x28,0x30,0x2e,
    0x30,0x29,0x2c,0x20,0x76,0x65,0x63,0x34,0x28,0x31,0x2e,0x30,0x29,0x29,0x3b,0x0a,
    0x20,0x20,0x20,0x20,0x7d,0x0a,0x20,0x20,0x20,0x20,0x65,0x6c,0x73,0x65,0x0a,0x20,
    0x20,0x20,0x20,0x7b,0x0a,0x20,0x20,0x20,0x20,0x20,0x20,0x20,0x20,0x5f,0x31,0x34,
    0x38,0x20,0x3d,0x20,0x76,0x61,0x6c,0x75,0x65,0x3b,0x0a,0x20,0x20,0x20,0x20,0x7d,
    0x0a,0x20,0x20,0x20,0x20,0x66,0x72,0x61,0x67,0x5f,0x63,0x6f,0x6c,0x6f,0x72,0x20,
    0x3d,0x20,0x5f,0x31,0x34,0x38,0x3b,0x0a,0x7d,0x0a,0x0a,0x00,
};
/*
    #version 300 es
    precision mediump float;
    precision highp int;

    uniform highp vec4 flow_params[4];
    uniform highp sampler2D diffuseSourceTex_diffuseSourceSmp;

    in highp vec2 uv;
    layout(location = 0) out highp vec4 frag_color;

    void main()
    {
        highp vec4 _35 = texture(diffuseSourceTex_diffuseSourceSmp, uv);
        highp vec2 _47 = vec2(flow_params[2].x, 0.0);
        highp vec4 _49 = texture(diffuseSourceTex_diffuseSourceSmp, uv - _47);
        highp vec4 _59 = texture(diffuseSourceTex_diffuseSourceSmp, uv + _47);
        highp vec2 _68 = vec2(0.0, flow_params[2].y);
        highp vec4 _70 = texture(diffuseSourceTex_diffuseSourceSmp, uv - _68);
        highp vec4 _80 = texture(diffuseSourceTex_diffuseSourceSmp, uv + _68);
        highp vec4 _101 = mix(_35, (((_49 + _59) + _70) + _80) * 0.25, vec4(clamp(flow_params[3].x, 0.0, 1.0)));
        highp vec4 _110;
        if (flow_params[3].w > 0.5)
        {
            _110 = clamp(_101, vec4(0.0), vec4(1.0));
        }
        else
        {
            _110 = _101;
        }
        frag_color = _110;
    }

*/
static const uint8_t fs_diffuse_source_glsl300es[1001] = {
    0x23,0x76,0x65,0x72,0x73,0x69,0x6f,0x6e,0x20,0x33,0x30,0x30,0x20,0x65,0x73,0x0a,
    0x70,0x72,0x65,0x63,0x69,0x73,0x69,0x6f,0x6e,0x20,0x6d,0x65,0x64,0x69,0x75,0x6d,
    0x70,0x20,0x66,0x6c,0x6f,0x61,0x74,0x3b,0x0a,0x70,0x72,0x65,0x63,0x69,0x73,0x69,
    0x6f,0x6e,0x20,0x68,0x69,0x67,0x68,0x70,0x20,0x69,0x6e,0x74,0x3b,0x0a,0x0a,0x75,
    0x6e,0x69,0x66,0x6f,0x72,0x6d,0x20,0x68,0x69,0x67,0x68,0x70,0x20,0x76,0x65,0x63,
    0x34,0x20,0x66,0x6c,0x6f,0x77,0x5f,0x70,0x61,0x72,0x61,0x6d,0x73,0x5b,0x34,0x5d,
    0x3b,0x0a,0x75,0x6e,0x69,0x66,0x6f,0x72,0x6d,0x20,0x68,0x69,0x67,0x68,0x70,0x20,
    0x73,0x61,0x6d,0x70,0x6c,0x65,0x72,0x32,0x44,0x20,0x64,0x69,0x66,0x66,0x75,0x73,
    0x65,0x53,0x6f,0x75,0x72,0x63,0x65,0x54,0x65,0x78,0x5f,0x64,0x69,0x66,0x66,0x75,
    0x73,0x65,0x53,0x6f,0x75,0x72,0x63,0x65,0x53,0x6d,0x70,0x3b,0x0a,0x0a,0x69,0x6e,
    0x20,0x68,0x69,0x67,0x68,0x70,0x20,0x76,0x65,0x63,0x32,0x20,0x75,0x76,0x3b,0x0a,
    0x6c,0x61,0x79,0x6f,0x75,0x74,0x28,0x6c,0x6f,0x63,0x61,0x74,0x69,0x6f,0x6e,0x20,
    0x3d,0x20,0x30,0x29,0x20,0x6f,0x75,0x74,0x20,0x68,0x69,0x67,0x68,0x70,0x20,0x76,
    0x65,0x63,0x34,0x20,0x66,0x72,0x61,0x67,0x5f,0x63,0x6f,0x6c,0x6f,0x72,0x3b,0x0a,
    0x0a,0x76,0x6f,0x69,0x64,0x20,0x6d,0x61,0x69,0x6e,0x28,0x29,0x0a,0x7b,0x0a,0x20,
    0x20,0x20,0x20,0x68,0x69,0x67,0x68,0x70,0x20,0x76,0x65,0x63,0x34,0x20,0x5f,0x33,
    0x35,0x20,0x3d,0x20,0x74,0x65,0x78,0x74,0x75,0x72,0x65,0x28,0x64,0x69,0x66,0x66,
    0x75,0x73,0x65,0x53,0x6f,0x75,0x72,0x63,0x65,0x54,0x65,0x78,0x5f,0x64,0x69,0x66,
    0x66,0x75,0x73,0x65,0x53,0x6f,0x75,0x72,0x63,0x65,0x53,0x6d,0x70,0x2c,0x20,0x75,
    0x76,0x29,0x3b,0x0a,0x20,0x20,0x20,0x20,0x68,0x69,0x67,0x68,0x70,0x20,0x76,0x65,
    0x63,0x32,0x20,0x5f,0x34,0x37,0x20,0x3d,0x20,0x76,0x65,0x63,0x32,0x28,0x66,0x6c,
    0x6f,0x77,0x5f,0x70,0x61,0x72,0x61,0x6d,0x73,0x5b,0x32,0x5d,0x2e,0x78,0x2c,0x20,
    0x30,0x2e,0x30,0x29,0x3b,0x0a,0x20,0x20,0x20,0x20,0x68,0x69,0x67,0x68,0x70,0x20,
    0x76,0x65,0x63,0x34,0x20,0x5f,0x34,0x39,0x20,0x3d,0x20,0x74,0x65,0x78,0x74,0x75,
    0x72,0x65,0x28,0x64,0x69,0x66,0x66,0x75,0x73,0x65,0x53,0x6f,0x75,0x72,0x63,0x65,
    0x54,0x65,0x78,0x5f,0x64,0x69,0x66,0x66,0x75,0x73,0x65,0x53,0x6f,0x75,0x72,0x63,
    0x65,0x53,0x6d,0x70,0x2c,0x20,0x75,0x76,0x20,0x2d,0x20,0x5f,0x34,0x37,0x29,0x3b,
    0x0a,0x20,0x20,0x20,0x20,0x68,0x69,0x67,0x68,0x70,0x20,0x76,0x65,0x63,0x34,0x20,
    0x5f,0x35,0x39,0x20,0x3d,0x20,0x74,0x65,0x78,0x74,0x75,0x72,0x65,0x28,0x64,0x69,
    0x66,0x66,0x75,0x73,0x65,0x53,0x6f,0x75,0x72,0x63,0x65,0x54,0x65,0x78,0x5f,0x64,
    0x69,0x66,0x66,0x75,0x73,0x65,0x53,0x6f,0x75,0x72,0x63,0x65,0x53,0x6d,0x70,0x2c,
    0x20,0x75,0x76,0x20,0x2b,0x20,0x5f,0x34,0x37,0x29,0x3b,0x0a,0x20,0x20,0x20,0x20,
    0x68,0x69,0x67,0x68,0x70,0x20,0x76,0x65,0x63,0x32,0x20,0x5f,0x36,0x38,0x20,0x3d,
    0x20,0x76,0x65,0x63,0x32,0x28,0x30,0x2e,0x30,0x2c,0x20,0x66,0x6c,0x6f,0x77,0x5f,
    0x70,0x61,0x72,0x61,0x6d,0x73,0x5b,0x32,0x5d,0x2e,0x79,0x29,0x3b,0x0a,0x20,0x20,
    0x20,0x20,0x68,0x69,0x67,0x68,0x70,0x20,0x76,0x65,0x63,0x34,0x20,0x5f,0x37,0x30,
    0x20,0x3d,0x20,0x74,0x65,0x78,0x74,0x75,0x72,0x65,0x28,0x64,0x69,0x66,0x66,0x75,
    0x73,0x65,0x53,0x6f,0x75,0x72,0x63,0x65,0x54,0x65,0x78,0x5f,0x64,0x69,0x66,0x66,
    0x75,0x73,0x65,0x53,0x6f,0x75,0x72,0x63,0x65,0x53,0x6d,0x70,0x2c,0x20,0x75,0x76,
    0x20,0x2d,0x20,0x5f,0x36,0x38,0x29,0x3b,0x0a,0x20,0x20,0x20,0x20,0x68,0x69,0x67,
    0x68,0x70,0x20,0x76,0x65,0x63,0x34,0x20,0x5f,0x38,0x30,0x20,0x3d,0x20,0x74,0x65,
    0x78,0x74,0x75,0x72,0x65,0x28,0x64,0x69,0x66,0x66,0x75,0x73,0x65,0x53,0x6f,0x75,
    0x72,0x63,0x65,0x54,0x65,0x78,0x5f,0x64,0x69,0x66,0x66,0x75,0x73,0x65,0x53,0x6f,
    0x75,0x72,0x63,0x65,0x53,0x6d,0x70,0x2c,0x20,0x75,0x76,0x20,0x2b,0x20,0x5f,0x36,
    0x38,0x29,0x3b,0x0a,0x20,0x20,0x20,0x20,0x68,0x69,0x67,0x68,0x70,0x20,0x76,0x65,
    0x63,0x34,0x20,0x5f,0x31,0x30,0x31,0x20,0x3d,0x20,0x6d,0x69,0x78,0x28,0x5f,0x33,
    0x35,0x2c,0x20,0x28,0x28,0x28,0x5f,0x34,0x39,0x20,0x2b,0x20,0x5f,0x35,0x39,0x29,
    0x20,0x2b,0x20,0x5f,0x37,0x30,0x29,0x20,0x2b,0x20,0x5f,0x38,0x30,0x29,0x20,0x2a,
    0x20,0x30,0x2e,0x32,0x35,0x2c,0x20,0x76,0x65,0x63,0x34,0x28,0x63,0x6c,0x61,0x6d,
    0x70,0x28,0x66,0x6c,0x6f,0x77,0x5f,0x70,0x61,0x72,0x61,0x6d,0x73,0x5b,0x33,0x5d,
    0x2e,0x78,0x2c,0x20,0x30,0x2e,0x30,0x2c,0x20,0x31,0x2e,0x30,0x29,0x29,0x29,0x3b,
    0x0a,0x20,0x20,0x20,0x20,0x68,0x69,0x67,0x68,0x70,0x20,0x76,0x65,0x63,0x34,0x20,
    0x5f,0x31,0x31,0x30,0x3b,0x0a,0x20,0x20,0x20,0x20,0x69,0x66,0x20,0x28,0x66,0x6c,
    0x6f,0x77,0x5f,0x70,0x61,0x72,0x61,0x6d,0x73,0x5b,0x33,0x5d,0x2e,0x77,0x20,0x3e,
    0x20,0x30,0x2e,0x35,0x29,0x0a,0x20,0x20,0x20,0x20,0x7b,0x0a,0x20,0x20,0x20,0x20,
    0x20,0x20,0x20,0x20,0x5f,0x31,0x31,0x30,0x20,0x3d,0x20,0x63,0x6c,0x61,0x6d,0x70,
    0x28,0x5f,0x31,0x30,0x31,0x2c,0x20,0x76,0x65,0x63,0x34,0x28,0x30,0x2e,0x30,0x29,
    0x2c,0x20,0x76,0x65,0x63,0x34,0x28,0x31,0x2e,0x30,0x29,0x29,0x3b,0x0a,0x20,0x20,
    0x20,0x20,0x7d,0x0a,0x20,0x20,0x20,0x20,0x65,0x6c,0x73,0x65,0x0a,0x20,0x20,0x20,
    0x20,0x7b,0x0a,0x20,0x20,0x20,0x20,0x20,0x20,0x20,0x20,0x5f,0x31,0x31,0x30,0x20,
    0x3d,0x20,0x5f,0x31,0x30,0x31,0x3b,0x0a,0x20,0x20,0x20,0x20,0x7d,0x0a,0x20,0x20,
    0x20,0x20,0x66,0x72,0x61,0x67,0x5f,0x63,0x6f,0x6c,0x6f,0x72,0x20,0x3d,0x20,0x5f,
    0x31,0x31,0x30,0x3b,0x0a,0x7d,0x0a,0x0a,0x00,
};
/*
    #version 300 es
    precision mediump float;
    precision highp int;

    uniform highp vec4 flow_params[4];
    uniform highp sampler2D velocityTex_velocitySmp;
    uniform highp sampler2D externalVelocityTex_externalVelocitySmp;

    in highp vec2 uv;
    layout(location = 0) out highp vec4 frag_color;

    void main()
    {
        highp vec2 velocity = texture(velocityTex_velocitySmp, uv).xy;
        highp vec4 _33 = texture(externalVelocityTex_externalVelocitySmp, uv);
        highp vec2 _34 = _33.xy;
        if (flow_params[3].y > 0.5)
        {
            velocity = mix(velocity, _34, vec2(step(9.9999999747524270787835121154785e-07, dot(_34, _34)) * clamp(flow_params[3].x, 0.0, 1.0)));
        }
        else
        {
            velocity += (_34 * flow_params[3].x);
        }
        frag_color = vec4(velocity, 0.0, 1.0);
    }

*/
static const uint8_t fs_add_velocity_source_glsl300es[764] = {
    0x23,0x76,0x65,0x72,0x73,0x69,0x6f,0x6e,0x20,0x33,0x30,0x30,0x20,0x65,0x73,0x0a,
    0x70,0x72,0x65,0x63,0x69,0x73,0x69,0x6f,0x6e,0x20,0x6d,0x65,0x64,0x69,0x75,0x6d,
    0x70,0x20,0x66,0x6c,0x6f,0x61,0x74,0x3b,0x0a,0x70,0x72,0x65,0x63,0x69,0x73,0x69,
    0x6f,0x6e,0x20,0x68,0x69,0x67,0x68,0x70,0x20,0x69,0x6e,0x74,0x3b,0x0a,0x0a,0x75,
    0x6e,0x69,0x66,0x6f,0x72,0x6d,0x20,0x68,0x69,0x67,0x68,0x70,0x20,0x76,0x65,0x63,
    0x34,0x20,0x66,0x6c,0x6f,0x77,0x5f,0x70,0x61,0x72,0x61,0x6d,0x73,0x5b,0x34,0x5d,
    0x3b,0x0a,0x75,0x6e,0x69,0x66,0x6f,0x72,0x6d,0x20,0x68,0x69,0x67,0x68,0x70,0x20,
    0x73,0x61,0x6d,0x70,0x6c,0x65,0x72,0x32,0x44,0x20,0x76,0x65,0x6c,0x6f,0x63,0x69,
    0x74,0x79,0x54,0x65,0x78,0x5f,0x76,0x65,0x6c,0x6f,0x63,0x69,0x74,0x79,0x53,0x6d,
    0x70,0x3b,0x0a,0x75,0x6e,0x69,0x66,0x6f,0x72,0x6d,0x20,0x68,0x69,0x67,0x68,0x70,
    0x20,0x73,0x61,0x6d,0x70,0x6c,0x65,0x72,0x32,0x44,0x20,0x65,0x78,0x74,0x65,0x72,
    0x6e,0x61,0x6c,0x56,0x65,0x6c,0x6f,0x63,0x69,0x74,0x79,0x54,0x65,0x78,0x5f,0x65,
    0x78,0x74,0x65,0x72,0x6e,0x61,0x6c,0x56,0x65,0x6c,0x6f,0x63,0x69,0x74,0x79,0x53,
    0x6d,0x70,0x3b,0x0a,0x0a,0x69,0x6e,0x20,0x68,0x69,0x67,0x68,0x70,0x20,0x76,0x65,
    0x63,0x32,0x20,0x75,0x76,0x3b,0x0a,0x6c,0x61,0x79,0x6f,0x75,0x74,0x28,0x6c,0x6f,
    0x63,0x61,0x74,0x69,0x6f,0x6e,0x20,0x3d,0x20,0x30,0x29,0x20,0x6f,0x75,0x74,0x20,
    0x68,0x69,0x67,0x68,0x70,0x20,0x76,0x65,0x63,0x34,0x20,0x66,0x72,0x61,0x67,0x5f,
    0x63,0x6f,0x6c,0x6f,0x72,0x3b,0x0a,0x0a,0x76,0x6f,0x69,0x64,0x20,0x6d,0x61,0x69,
    0x6e,0x28,0x29,0x0a,0x7b,0x0a,0x20,0x20,0x20,0x20,0x68,0x69,0x67,0x68,0x70,0x20,
    0x76,0x65,0x63,0x32,0x20,0x76,0x65,0x6c,0x6f,0x63,0x69,0x74,0x79,0x20,0x3d,0x20,
    0x74,0x65,0x78,0x74,0x75,0x72,0x65,0x28,0x76,0x65,0x6c,0x6f,0x63,0x69,0x74,0x79,
    0x54,0x65,0x78,0x5f,0x76,0x65,0x6c,0x6f,0x63,0x69,0x74,0x79,0x53,0x6d,0x70,0x2c,
    0x20,0x75,0x76,0x29,0x2e,0x78,0x79,0x3b,0x0a,0x20,0x20,0x20,0x20,0x68,0x69,0x67,
    0x68,0x70,0x20,0x76,0x65,0x63,0x34,0x20,0x5f,0x33,0x33,0x20,0x3d,0x20,0x74,0x65,
    0x78,0x74,0x75,0x72,0x65,0x28,0x65,0x78,0x74,0x65,0x72,0x6e,0x61,0x6c,0x56,0x65,
    0x6c,0x6f,0x63,0x69,0x74,0x79,0x54,0x65,0x78,0x5f,0x65,0x78,0x74,0x65,0x72,0x6e,
    0x61,0x6c,0x56,0x65,0x6c,0x6f,0x63,0x69,0x74,0x79,0x53,0x6d,0x70,0x2c,0x20,0x75,
    0x76,0x29,0x3b,0x0a,0x20,0x20,0x20,0x20,0x68,0x69,0x67,0x68,0x70,0x20,0x76,0x65,
    0x63,0x32,0x20,0x5f,0x33,0x34,0x20,0x3d,0x20,0x5f,0x33,0x33,0x2e,0x78,0x79,0x3b,
    0x0a,0x20,0x20,0x20,0x20,0x69,0x66,0x20,0x28,0x66,0x6c,0x6f,0x77,0x5f,0x70,0x61,
    0x72,0x61,0x6d,0x73,0x5b,0x33,0x5d,0x2e,0x79,0x20,0x3e,0x20,0x30,0x2e,0x35,0x29,
    0x0a,0x20,0x20,0x20,0x20,0x7b,0x0a,0x20,0x20,0x20,0x20,0x20,0x20,0x20,0x20,0x76,
    0x65,0x6c,0x6f,0x63,0x69,0x74,0x79,0x20,0x3d,0x20,0x6d,0x69,0x78,0x28,0x76,0x65,
    0x6c,0x6f,0x63,0x69,0x74,0x79,0x2c,0x20,0x5f,0x33,0x34,0x2c,0x20,0x76,0x65,0x63,
    0x32,0x28,0x73,0x74,0x65,0x70,0x28,0x39,0x2e,0x39,0x39,0x39,0x39,0x39,0x39,0x39,
    0x37,0x34,0x37,0x35,0x32,0x34,0x32,0x37,0x30,0x37,0x38,0x37,0x38,0x33,0x35,0x31,
    0x32,0x31,0x31,0x35,0x34,0x37,0x38,0x35,0x65,0x2d,0x30,0x37,0x2c,0x20,0x64,0x6f,
    0x74,0x28,0x5f,0x33,0x34,0x2c,0x20,0x5f,0x33,0x34,0x29,0x29,0x20,0x2a,0x20,0x63,
    0x6c,0x61,0x6d,0x70,0x28,0x66,0x6c,0x6f,0x77,0x5f,0x70,0x61,0x72,0x61,0x6d,0x73,
    0x5b,0x33,0x5d,0x2e,0x78,0x2c,0x20,0x30,0x2e,0x30,0x2c,0x20,0x31,0x2e,0x30,0x29,
    0x29,0x29,0x3b,0x0a,0x20,0x20,0x20,0x20,0x7d,0x0a,0x20,0x20,0x20,0x20,0x65,0x6c,
    0x73,0x65,0x0a,0x20,0x20,0x20,0x20,0x7b,0x0a,0x20,0x20,0x20,0x20,0x20,0x20,0x20,
    0x20,0x76,0x65,0x6c,0x6f,0x63,0x69,0x74,0x79,0x20,0x2b,0x3d,0x20,0x28,0x5f,0x33,
    0x34,0x20,0x2a,0x20,0x66,0x6c,0x6f,0x77,0x5f,0x70,0x61,0x72,0x61,0x6d,0x73,0x5b,
    0x33,0x5d,0x2e,0x78,0x29,0x3b,0x0a,0x20,0x20,0x20,0x20,0x7d,0x0a,0x20,0x20,0x20,
    0x20,0x66,0x72,0x61,0x67,0x5f,0x63,0x6f,0x6c,0x6f,0x72,0x20,0x3d,0x20,0x76,0x65,
    0x63,0x34,0x28,0x76,0x65,0x6c,0x6f,0x63,0x69,0x74,0x79,0x2c,0x20,0x30,0x2e,0x30,
    0x2c,0x20,0x31,0x2e,0x30,0x29,0x3b,0x0a,0x7d,0x0a,0x0a,0x00,
};
/*
    #version 300 es
    precision mediump float;
    precision highp int;

    uniform highp vec4 flow_params[4];
    uniform highp sampler2D densityAddBaseTex_densityAddBaseSmp;
    uniform highp sampler2D externalDensityTex_externalDensitySmp;

    in highp vec2 uv;
    layout(location = 0) out highp vec4 frag_color;

    void main()
    {
        highp vec4 _24 = texture(densityAddBaseTex_densityAddBaseSmp, uv);
        highp vec4 _32 = texture(externalDensityTex_externalDensitySmp, uv);
        bool _47 = flow_params[3].w > 0.5;
        highp float _48;
        if (_47)
        {
            _48 = length(_32.xy);
        }
        else
        {
            _48 = _32.w;
        }
        highp float _66 = smoothstep(flow_params[3].y, flow_params[3].z, _48);
        highp vec3 _73;
        if (_47)
        {
            _73 = flow_params[0].xyz;
        }
        else
        {
            _73 = _32.xyz * flow_params[0].xyz;
        }
        highp vec4 _95 = vec4(_73, _48);
        if (_47)
        {
            frag_color = clamp(_24 + (_95 * (flow_params[3].x * _66)), vec4(0.0), vec4(1.0));
        }
        else
        {
            frag_color = max(_24, clamp(_95 * (flow_params[3].x * _66), vec4(0.0), vec4(1.0)));
        }
    }

*/
static const uint8_t fs_add_density_texture_source_glsl300es[1093] = {
    0x23,0x76,0x65,0x72,0x73,0x69,0x6f,0x6e,0x20,0x33,0x30,0x30,0x20,0x65,0x73,0x0a,
    0x70,0x72,0x65,0x63,0x69,0x73,0x69,0x6f,0x6e,0x20,0x6d,0x65,0x64,0x69,0x75,0x6d,
    0x70,0x20,0x66,0x6c,0x6f,0x61,0x74,0x3b,0x0a,0x70,0x72,0x65,0x63,0x69,0x73,0x69,
    0x6f,0x6e,0x20,0x68,0x69,0x67,0x68,0x70,0x20,0x69,0x6e,0x74,0x3b,0x0a,0x0a,0x75,
    0x6e,0x69,0x66,0x6f,0x72,0x6d,0x20,0x68,0x69,0x67,0x68,0x70,0x20,0x76,0x65,0x63,
    0x34,0x20,0x66,0x6c,0x6f,0x77,0x5f,0x70,0x61,0x72,0x61,0x6d,0x73,0x5b,0x34,0x5d,
    0x3b,0x0a,0x75,0x6e,0x69,0x66,0x6f,0x72,0x6d,0x20,0x68,0x69,0x67,0x68,0x70,0x20,
    0x73,0x61,0x6d,0x70,0x6c,0x65,0x72,0x32,0x44,0x20,0x64,0x65,0x6e,0x73,0x69,0x74,
    0x79,0x41,0x64,0x64,0x42,0x61,0x73,0x65,0x54,0x65,0x78,0x5f,0x64,0x65,0x6e,0x73,
    0x69,0x74,0x79,0x41,0x64,0x64,0x42,0x61,0x73,0x65,0x53,0x6d,0x70,0x3b,0x0a,0x75,
    0x6e,0x69,0x66,0x6f,0x72,0x6d,0x20,0x68,0x69,0x67,0x68,0x70,0x20,0x73,0x61,0x6d,
    0x70,0x6c,0x65,0x72,0x32,0x44,0x20,0x65,0x78,0x74,0x65,0x72,0x6e,0x61,0x6c,0x44,
    0x65,0x6e,0x73,0x69,0x74,0x79,0x54,0x65,0x78,0x5f,0x65,0x78,0x74,0x65,0x72,0x6e,
    0x61,0x6c,0x44,0x65,0x6e,0x73,0x69,0x74,0x79,0x53,0x6d,0x70,0x3b,0x0a,0x0a,0x69,
    0x6e,0x20,0x68,0x69,0x67,0x68,0x70,0x20,0x76,0x65,0x63,0x32,0x20,0x75,0x76,0x3b,
    0x0a,0x6c,0x61,0x79,0x6f,0x75,0x74,0x28,0x6c,0x6f,0x63,0x61,0x74,0x69,0x6f,0x6e,
    0x20,0x3d,0x20,0x30,0x29,0x20,0x6f,0x75,0x74,0x20,0x68,0x69,0x67,0x68,0x70,0x20,
    0x76,0x65,0x63,0x34,0x20,0x66,0x72,0x61,0x67,0x5f,0x63,0x6f,0x6c,0x6f,0x72,0x3b,
    0x0a,0x0a,0x76,0x6f,0x69,0x64,0x20,0x6d,0x61,0x69,0x6e,0x28,0x29,0x0a,0x7b,0x0a,
    0x20,0x20,0x20,0x20,0x68,0x69,0x67,0x68,0x70,0x20,0x76,0x65,0x63,0x34,0x20,0x5f,
    0x32,0x34,0x20,0x3d,0x20,0x74,0x65,0x78,0x74,0x75,0x72,0x65,0x28,0x64,0x65,0x6e,
    0x73,0x69,0x74,0x79,0x41,0x64,0x64,0x42,0x61,0x73,0x65,0x54,0x65,0x78,0x5f,0x64,
    0x65,0x6e,0x73,0x69,0x74,0x79,0x41,0x64,0x64,0x42,0x61,0x73,0x65,0x53,0x6d,0x70,
    0x2c,0x20,0x75,0x76,0x29,0x3b,0x0a,0x20,0x20,0x20,0x20,0x68,0x69,0x67,0x68,0x70,
    0x20,0x76,0x65,0x63,0x34,0x20,0x5f,0x33,0x32,0x20,0x3d,0x20,0x74,0x65,0x78,0x74,
    0x75,0x72,0x65,0x28,0x65,0x78,0x74,0x65,0x72,0x6e,0x61,0x6c,0x44,0x65,0x6e,0x73,
    0x69,0x74,0x79,0x54,0x65,0x78,0x5f,0x65,0x78,0x74,0x65,0x72,0x6e,0x61,0x6c,0x44,
    0x65,0x6e,0x73,0x69,0x74,0x79,0x53,0x6d,0x70,0x2c,0x20,0x75,0x76,0x29,0x3b,0x0a,
    0x20,0x20,0x20,0x20,0x62,0x6f,0x6f,0x6c,0x20,0x5f,0x34,0x37,0x20,0x3d,0x20,0x66,
    0x6c,0x6f,0x77,0x5f,0x70,0x61,0x72,0x61,0x6d,0x73,0x5b,0x33,0x5d,0x2e,0x77,0x20,
    0x3e,0x20,0x30,0x2e,0x35,0x3b,0x0a,0x20,0x20,0x20,0x20,0x68,0x69,0x67,0x68,0x70,
    0x20,0x66,0x6c,0x6f,0x61,0x74,0x20,0x5f,0x34,0x38,0x3b,0x0a,0x20,0x20,0x20,0x20,
    0x69,0x66,0x20,0x28,0x5f,0x34,0x37,0x29,0x0a,0x20,0x20,0x20,0x20,0x7b,0x0a,0x20,
    0x20,0x20,0x20,0x20,0x20,0x20,0x20,0x5f,0x34,0x38,0x20,0x3d,0x20,0x6c,0x65,0x6e,
    0x67,0x74,0x68,0x28,0x5f,0x33,0x32,0x2e,0x78,0x79,0x29,0x3b,0x0a,0x20,0x20,0x20,
    0x20,0x7d,0x0a,0x20,0x20,0x20,0x20,0x65,0x6c,0x73,0x65,0x0a,0x20,0x20,0x20,0x20,
    0x7b,0x0a,0x20,0x20,0x20,0x20,0x20,0x20,0x20,0x20,0x5f,0x34,0x38,0x20,0x3d,0x20,
    0x5f,0x33,0x32,0x2e,0x77,0x3b,0x0a,0x20,0x20,0x20,0x20,0x7d,0x0a,0x20,0x20,0x20,
    0x20,0x68,0x69,0x67,0x68,0x70,0x20,0x66,0x6c,0x6f,0x61,0x74,0x20,0x5f,0x36,0x36,
    0x20,0x3d,0x20,0x73,0x6d,0x6f,0x6f,0x74,0x68,0x73,0x74,0x65,0x70,0x28,0x66,0x6c,
    0x6f,0x77,0x5f,0x70,0x61,0x72,0x61,0x6d,0x73,0x5b,0x33,0x5d,0x2e,0x79,0x2c,0x20,
    0x66,0x6c,0x6f,0x77,0x5f,0x70,0x61,0x72,0x61,0x6d,0x73,0x5b,0x33,0x5d,0x2e,0x7a,
    0x2c,0x20,0x5f,0x34,0x38,0x29,0x3b,0x0a,0x20,0x20,0x20,0x20,0x68,0x69,0x67,0x68,
    0x70,0x20,0x76,0x65,0x63,0x33,0x20,0x5f,0x37,0x33,0x3b,0x0a,0x20,0x20,0x20,0x20,
    0x69,0x66,0x20,0x28,0x5f,0x34,0x37,0x29,0x0a,0x20,0x20,0x20,0x20,0x7b,0x0a,0x20,
    0x20,0x20,0x20,0x20,0x20,0x20,0x20,0x5f,0x37,0x33,0x20,0x3d,0x20,0x66,0x6c,0x6f,
    0x77,0x5f,0x70,0x61,0x72,0x61,0x6d,0x73,0x5b,0x30,0x5d,0x2e,0x78,0x79,0x7a,0x3b,
    0x0a,0x20,0x20,0x20,0x20,0x7d,0x0a,0x20,0x20,0x20,0x20,0x65,0x6c,0x73,0x65,0x0a,
    0x20,0x20,0x20,0x20,0x7b,0x0a,0x20,0x20,0x20,0x20,0x20,0x20,0x20,0x20,0x5f,0x37,
    0x33,0x20,0x3d,0x20,0x5f,0x33,0x32,0x2e,0x78,0x79,0x7a,0x20,0x2a,0x20,0x66,0x6c,
    0x6f,0x77,0x5f,0x70,0x61,0x72,0x61,0x6d,0x73,0x5b,0x30,0x5d,0x2e,0x78,0x79,0x7a,
    0x3b,0x0a,0x20,0x20,0x20,0x20,0x7d,0x0a,0x20,0x20,0x20,0x20,0x68,0x69,0x67,0x68,
    0x70,0x20,0x76,0x65,0x63,0x34,0x20,0x5f,0x39,0x35,0x20,0x3d,0x20,0x76,0x65,0x63,
    0x34,0x28,0x5f,0x37,0x33,0x2c,0x20,0x5f,0x34,0x38,0x29,0x3b,0x0a,0x20,0x20,0x20,
    0x20,0x69,0x66,0x20,0x28,0x5f,0x34,0x37,0x29,0x0a,0x20,0x20,0x20,0x20,0x7b,0x0a,
    0x20,0x20,0x20,0x20,0x20,0x20,0x20,0x20,0x66,0x72,0x61,0x67,0x5f,0x63,0x6f,0x6c,
    0x6f,0x72,0x20,0x3d,0x20,0x63,0x6c,0x61,0x6d,0x70,0x28,0x5f,0x32,0x34,0x20,0x2b,
    0x20,0x28,0x5f,0x39,0x35,0x20,0x2a,0x20,0x28,0x66,0x6c,0x6f,0x77,0x5f,0x70,0x61,
    0x72,0x61,0x6d,0x73,0x5b,0x33,0x5d,0x2e,0x78,0x20,0x2a,0x20,0x5f,0x36,0x36,0x29,
    0x29,0x2c,0x20,0x76,0x65,0x63,0x34,0x28,0x30,0x2e,0x30,0x29,0x2c,0x20,0x76,0x65,
    0x63,0x34,0x28,0x31,0x2e,0x30,0x29,0x29,0x3b,0x0a,0x20,0x20,0x20,0x20,0x7d,0x0a,
    0x20,0x20,0x20,0x20,0x65,0x6c,0x73,0x65,0x0a,0x20,0x20,0x20,0x20,0x7b,0x0a,0x20,
    0x20,0x20,0x20,0x20,0x20,0x20,0x20,0x66,0x72,0x61,0x67,0x5f,0x63,0x6f,0x6c,0x6f,
    0x72,0x20,0x3d,0x20,0x6d,0x61,0x78,0x28,0x5f,0x32,0x34,0x2c,0x20,0x63,0x6c,0x61,
    0x6d,0x70,0x28,0x5f,0x39,0x35,0x20,0x2a,0x20,0x28,0x66,0x6c,0x6f,0x77,0x5f,0x70,
    0x61,0x72,0x61,0x6d,0x73,0x5b,0x33,0x5d,0x2e,0x78,0x20,0x2a,0x20,0x5f,0x36,0x36,
    0x29,0x2c,0x20,0x76,0x65,0x63,0x34,0x28,0x30,0x2e,0x30,0x29,0x2c,0x20,0x76,0x65,
    0x63,0x34,0x28,0x31,0x2e,0x30,0x29,0x29,0x29,0x3b,0x0a,0x20,0x20,0x20,0x20,0x7d,
    0x0a,0x7d,0x0a,0x0a,0x00,
};
/*
    #version 300 es
    precision mediump float;
    precision highp int;

    uniform highp vec4 flow_params[4];
    uniform highp sampler2D temperatureAddBaseTex_temperatureAddBaseSmp;
    uniform highp sampler2D externalTemperatureTex_externalTemperatureSmp;

    in highp vec2 uv;
    layout(location = 0) out highp vec4 frag_color;

    void main()
    {
        highp vec4 _24 = texture(temperatureAddBaseTex_temperatureAddBaseSmp, uv);
        highp vec4 _32 = texture(externalTemperatureTex_externalTemperatureSmp, uv);
        highp float _48;
        if (flow_params[3].w > 0.5)
        {
            _48 = length(_32.xy);
        }
        else
        {
            _48 = dot(_32.xyz, vec3(0.2125999927520751953125, 0.715200006961822509765625, 0.072200000286102294921875));
        }
        highp float _80 = (_48 * flow_params[3].x) * smoothstep(flow_params[3].y, flow_params[3].z, _48);
        frag_color = clamp(_24 + vec4(_80, _80, _80, 1.0), vec4(0.0), vec4(1.0));
    }

*/
static const uint8_t fs_add_temperature_texture_source_glsl300es[896] = {
    0x23,0x76,0x65,0x72,0x73,0x69,0x6f,0x6e,0x20,0x33,0x30,0x30,0x20,0x65,0x73,0x0a,
    0x70,0x72,0x65,0x63,0x69,0x73,0x69,0x6f,0x6e,0x20,0x6d,0x65,0x64,0x69,0x75,0x6d,
    0x70,0x20,0x66,0x6c,0x6f,0x61,0x74,0x3b,0x0a,0x70,0x72,0x65,0x63,0x69,0x73,0x69,
    0x6f,0x6e,0x20,0x68,0x69,0x67,0x68,0x70,0x20,0x69,0x6e,0x74,0x3b,0x0a,0x0a,0x75,
    0x6e,0x69,0x66,0x6f,0x72,0x6d,0x20,0x68,0x69,0x67,0x68,0x70,0x20,0x76,0x65,0x63,
    0x34,0x20,0x66,0x6c,0x6f,0x77,0x5f,0x70,0x61,0x72,0x61,0x6d,0x73,0x5b,0x34,0x5d,
    0x3b,0x0a,0x75,0x6e,0x69,0x66,0x6f,0x72,0x6d,0x20,0x68,0x69,0x67,0x68,0x70,0x20,
    0x73,0x61,0x6d,0x70,0x6c,0x65,0x72,0x32,0x44,0x20,0x74,0x65,0x6d,0x70,0x65,0x72,
    0x61,0x74,0x75,0x72,0x65,0x41,0x64,0x64,0x42,0x61,0x73,0x65,0x54,0x65,0x78,0x5f,
    0x74,0x65,0x6d,0x70,0x65,0x72,0x61,0x74,0x75,0x72,0x65,0x41,0x64,0x64,0x42,0x61,
    0x73,0x65,0x53,0x6d,0x70,0x3b,0x0a,0x75,0x6e,0x69,0x66,0x6f,0x72,0x6d,0x20,0x68,
    0x69,0x67,0x68,0x70,0x20,0x73,0x61,0x6d,0x70,0x6c,0x65,0x72,0x32,0x44,0x20,0x65,
    0x78,0x74,0x65,0x72,0x6e,0x61,0x6c,0x54,0x65,0x6d,0x70,0x65,0x72,0x61,0x74,0x75,
    0x72,0x65,0x54,0x65,0x78,0x5f,0x65,0x78,0x74,0x65,0x72,0x6e,0x61,0x6c,0x54,0x65,
    0x6d,0x70,0x65,0x72,0x61,0x74,0x75,0x72,0x65,0x53,0x6d,0x70,0x3b,0x0a,0x0a,0x69,
    0x6e,0x20,0x68,0x69,0x67,0x68,0x70,0x20,0x76,0x65,0x63,0x32,0x20,0x75,0x76,0x3b,
    0x0a,0x6c,0x61,0x79,0x6f,0x75,0x74,0x28,0x6c,0x6f,0x63,0x61,0x74,0x69,0x6f,0x6e,
    0x20,0x3d,0x20,0x30,0x29,0x20,0x6f,0x75,0x74,0x20,0x68,0x69,0x67,0x68,0x70,0x20,
    0x76,0x65,0x63,0x34,0x20,0x66,0x72,0x61,0x67,0x5f,0x63,0x6f,0x6c,0x6f,0x72,0x3b,
    0x0a,0x0a,0x76,0x6f,0x69,0x64,0x20,0x6d,0x61,0x69,0x6e,0x28,0x29,0x0a,0x7b,0x0a,
    0x20,0x20,0x20,0x20,0x68,0x69,0x67,0x68,0x70,0x20,0x76,0x65,0x63,0x34,0x20,0x5f,
    0x32,0x34,0x20,0x3d,0x20,0x74,0x65,0x78,0x74,0x75,0x72,0x65,0x28,0x74,0x65,0x6d,
    0x70,0x65,0x72,0x61,0x74,0x75,0x72,0x65,0x41,0x64,0x64,0x42,0x61,0x73,0x65,0x54,
    0x65,0x78,0x5f,0x74,0x65,0x6d,0x70,0x65,0x72,0x61,0x74,0x75,0x72,0x65,0x41,0x64,
    0x64,0x42,0x61,0x73,0x65,0x53,0x6d,0x70,0x2c,0x20,0x75,0x76,0x29,0x3b,0x0a,0x20,
    0x20,0x20,0x20,0x68,0x69,0x67,0x68,0x70,0x20,0x76,0x65,0x63,0x34,0x20,0x5f,0x33,
    0x32,0x20,0x3d,0x20,0x74,0x65,0x78,0x74,0x75,0x72,0x65,0x28,0x65,0x78,0x74,0x65,
    0x72,0x6e,0x61,0x6c,0x54,0x65,0x6d,0x70,0x65,0x72,0x61,0x74,0x75,0x72,0x65,0x54,
    0x65,0x78,0x5f,0x65,0x78,0x74,0x65,0x72,0x6e,0x61,0x6c,0x54,0x65,0x6d,0x70,0x65,
    0x72,0x61,0x74,0x75,0x72,0x65,0x53,0x6d,0x70,0x2c,0x20,0x75,0x76,0x29,0x3b,0x0a,
    0x20,0x20,0x20,0x20,0x68,0x69,0x67,0x68,0x70,0x20,0x66,0x6c,0x6f,0x61,0x74,0x20,
    0x5f,0x34,0x38,0x3b,0x0a,0x20,0x20,0x20,0x20,0x69,0x66,0x20,0x28,0x66,0x6c,0x6f,
    0x77,0x5f,0x70,0x61,0x72,0x61,0x6d,0x73,0x5b,0x33,0x5d,0x2e,0x77,0x20,0x3e,0x20,
    0x30,0x2e,0x35,0x29,0x0a,0x20,0x20,0x20,0x20,0x7b,0x0a,0x20,0x20,0x20,0x20,0x20,
    0x20,0x20,0x20,0x5f,0x34,0x38,0x20,0x3d,0x20,0x6c,0x65,0x6e,0x67,0x74,0x68,0x28,
    0x5f,0x33,0x32,0x2e,0x78,0x79,0x29,0x3b,0x0a,0x20,0x20,0x20,0x20,0x7d,0x0a,0x20,
    0x20,0x20,0x20,0x65,0x6c,0x73,0x65,0x0a,0x20,0x20,0x20,0x20,0x7b,0x0a,0x20,0x20,
    0x20,0x20,0x20,0x20,0x20,0x20,0x5f,0x34,0x38,0x20,0x3d,0x20,0x64,0x6f,0x74,0x28,
    0x5f,0x33,0x32,0x2e,0x78,0x79,0x7a,0x2c,0x20,0x76,0x65,0x63,0x33,0x28,0x30,0x2e,
    0x32,0x31,0x32,0x35,0x39,0x39,0x39,0x39,0x32,0x37,0x35,0x32,0x30,0x37,0x35,0x31,
    0x39,0x35,0x33,0x31,0x32,0x35,0x2c,0x20,0x30,0x2e,0x37,0x31,0x35,0x32,0x30,0x30,
    0x30,0x30,0x36,0x39,0x36,0x31,0x38,0x32,0x32,0x35,0x30,0x39,0x37,0x36,0x35,0x36,
    0x32,0x35,0x2c,0x20,0x30,0x2e,0x30,0x37,0x32,0x32,0x30,0x30,0x30,0x30,0x30,0x32,
    0x38,0x36,0x31,0x30,0x32,0x32,0x39,0x34,0x39,0x32,0x31,0x38,0x37,0x35,0x29,0x29,
    0x3b,0x0a,0x20,0x20,0x20,0x20,0x7d,0x0a,0x20,0x20,0x20,0x20,0x68,0x69,0x67,0x68,
    0x70,0x20,0x66,0x6c,0x6f,0x61,0x74,0x20,0x5f,0x38,0x30,0x20,0x3d,0x20,0x28,0x5f,
    0x34,0x38,0x20,0x2a,0x20,0x66,0x6c,0x6f,0x77,0x5f,0x70,0x61,0x72,0x61,0x6d,0x73,
    0x5b,0x33,0x5d,0x2e,0x78,0x29,0x20,0x2a,0x20,0x73,0x6d,0x6f,0x6f,0x74,0x68,0x73,
    0x74,0x65,0x70,0x28,0x66,0x6c,0x6f,0x77,0x5f,0x70,0x61,0x72,0x61,0x6d,0x73,0x5b,
    0x33,0x5d,0x2e,0x79,0x2c,0x20,0x66,0x6c,0x6f,0x77,0x5f,0x70,0x61,0x72,0x61,0x6d,
    0x73,0x5b,0x33,0x5d,0x2e,0x7a,0x2c,0x20,0x5f,0x34,0x38,0x29,0x3b,0x0a,0x20,0x20,
    0x20,0x20,0x66,0x72,0x61,0x67,0x5f,0x63,0x6f,0x6c,0x6f,0x72,0x20,0x3d,0x20,0x63,
    0x6c,0x61,0x6d,0x70,0x28,0x5f,0x32,0x34,0x20,0x2b,0x20,0x76,0x65,0x63,0x34,0x28,
    0x5f,0x38,0x30,0x2c,0x20,0x5f,0x38,0x30,0x2c,0x20,0x5f,0x38,0x30,0x2c,0x20,0x31,
    0x2e,0x30,0x29,0x2c,0x20,0x76,0x65,0x63,0x34,0x28,0x30,0x2e,0x30,0x29,0x2c,0x20,
    0x76,0x65,0x63,0x34,0x28,0x31,0x2e,0x30,0x29,0x29,0x3b,0x0a,0x7d,0x0a,0x0a,0x00,

};
/*
    #version 300 es
    precision mediump float;
    precision highp int;

    uniform highp vec4 flow_params[4];
    uniform highp sampler2D obstacleTex_obstacleSmp;
    uniform highp sampler2D velocityTex_velocitySmp;
    uniform highp sampler2D obstacleOffsetTex_obstacleOffsetSmp;

    in highp vec2 uv;
    layout(location = 0) out highp vec4 frag_color;

    void main()
    {
        if (texture(obstacleTex_obstacleSmp, uv).x >= 0.5)
        {
            frag_color = vec4(0.0, 0.0, 0.0, 1.0);
            return;
        }
        highp vec2 _60 = vec2(flow_params[2].x, 0.0);
        highp vec2 _83 = vec2(0.0, flow_params[2].y);
        highp vec4 _113 = texture(obstacleOffsetTex_obstacleOffsetSmp, uv);
        highp vec2 _116 = -texture(velocityTex_velocitySmp, uv).xy;
        highp float _160 = flow_params[3].w * ((mix(texture(velocityTex_velocitySmp, uv + _60).xy, _116, vec2(_113.z)).x - mix(texture(velocityTex_velocitySmp, uv - _60).xy, _116, vec2(_113.w)).x) + (mix(texture(velocityTex_velocitySmp, uv + _83).xy, _116, vec2(_113.y)).y - mix(texture(velocityTex_velocitySmp, uv - _83).xy, _116, vec2(_113.x)).y));
        frag_color = vec4(_160, _160, _160, 1.0);
    }

*/
static const uint8_t fs_divergence_source_glsl300es[1102] = {
    0x23,0x76,0x65,0x72,0x73,0x69,0x6f,0x6e,0x20,0x33,0x30,0x30,0x20,0x65,0x73,0x0a,
    0x70,0x72,0x65,0x63,0x69,0x73,0x69,0x6f,0x6e,0x20,0x6d,0x65,0x64,0x69,0x75,0x6d,
    0x70,0x20,0x66,0x6c,0x6f,0x61,0x74,0x3b,0x0a,0x70,0x72,0x65,0x63,0x69,0x73,0x69,
    0x6f,0x6e,0x20,0x68,0x69,0x67,0x68,0x70,0x20,0x69,0x6e,0x74,0x3b,0x0a,0x0a,0x75,
    0x6e,0x69,0x66,0x6f,0x72,0x6d,0x20,0x68,0x69,0x67,0x68,0x70,0x20,0x76,0x65,0x63,
    0x34,0x20,0x66,0x6c,0x6f,0x77,0x5f,0x70,0x61,0x72,0x61,0x6d,0x73,0x5b,0x34,0x5d,
    0x3b,0x0a,0x75,0x6e,0x69,0x66,0x6f,0x72,0x6d,0x20,0x68,0x69,0x67,0x68,0x70,0x20,
    0x73,0x61,0x6d,0x70,0x6c,0x65,0x72,0x32,0x44,0x20,0x6f,0x62,0x73,0x74,0x61,0x63,
    0x6c,0x65,0x54,0x65,0x78,0x5f,0x6f,0x62,0x73,0x74,0x61,0x63,0x6c,0x65,0x53,0x6d,
    0x70,0x3b,0x0a,0x75,0x6e,0x69,0x66,0x6f,0x72,0x6d,0x20,0x68,0x69,0x67,0x68,0x70,
    0x20,0x73,0x61,0x6d,0x70,0x6c,0x65,0x72,0x32,0x44,0x20,0x76,0x65,0x6c,0x6f,0x63,
    0x69,0x74,0x79,0x54,0x65,0x78,0x5f,0x76,0x65,0x6c,0x6f,0x63,0x69,0x74,0x79,0x53,
    0x6d,0x70,0x3b,0x0a,0x75,0x6e,0x69,0x66,0x6f,0x72,0x6d,0x20,0x68,0x69,0x67,0x68,
    0x70,0x20,0x73,0x61,0x6d,0x70,0x6c,0x65,0x72,0x32,0x44,0x20,0x6f,0x62,0x73,0x74,
    0x61,0x63,0x6c,0x65,0x4f,0x66,0x66,0x73,0x65,0x74,0x54,0x65,0x78,0x5f,0x6f,0x62,
    0x73,0x74,0x61,0x63,0x6c,0x65,0x4f,0x66,0x66,0x73,0x65,0x74,0x53,0x6d,0x70,0x3b,
    0x0a,0x0a,0x69,0x6e,0x20,0x68,0x69,0x67,0x68,0x70,0x20,0x76,0x65,0x63,0x32,0x20,
    0x75,0x76,0x3b,0x0a,0x6c,0x61,0x79,0x6f,0x75,0x74,0x28,0x6c,0x6f,0x63,0x61,0x74,
    0x69,0x6f,0x6e,0x20,0x3d,0x20,0x30,0x29,0x20,0x6f,0x75,0x74,0x20,0x68,0x69,0x67,
    0x68,0x70,0x20,0x76,0x65,0x63,0x34,0x20,0x66,0x72,0x61,0x67,0x5f,0x63,0x6f,0x6c,
    0x6f,0x72,0x3b,0x0a,0x0a,0x76,0x6f,0x69,0x64,0x20,0x6d,0x61,0x69,0x6e,0x28,0x29,
    0x0a,0x7b,0x0a,0x20,0x20,0x20,0x20,0x69,0x66,0x20,0x28,0x74,0x65,0x78,0x74,0x75,
    0x72,0x65,0x28,0x6f,0x62,0x73,0x74,0x61,0x63,0x6c,0x65,0x54,0x65,0x78,0x5f,0x6f,
    0x62,0x73,0x74,0x61,0x63,0x6c,0x65,0x53,0x6d,0x70,0x2c,0x20,0x75,0x76,0x29,0x2e,
    0x78,0x20,0x3e,0x3d,0x20,0x30,0x2e,0x35,0x29,0x0a,0x20,0x20,0x20,0x20,0x7b,0x0a,
    0x20,0x20,0x20,0x20,0x20,0x20,0x20,0x20,0x66,0x72,0x61,0x67,0x5f,0x63,0x6f,0x6c,
    0x6f,0x72,0x20,0x3d,0x20,0x76,0x65,0x63,0x34,0x28,0x30,0x2e,0x30,0x2c,0x20,0x30,
    0x2e,0x30,0x2c,0x20,0x30,0x2e,0x30,0x2c,0x20,0x31,0x2e,0x30,0x29,0x3b,0x0a,0x20,
    0x20,0x20,0x20,0x20,0x20,0x20,0x20,0x72,0x65,0x74,0x75,0x72,0x6e,0x3b,0x0a,0x20,
    0x20,0x20,0x20,0x7d,0x0a,0x20,0x20,0x20,0x20,0x68,0x69,0x67,0x68,0x70,0x20,0x76,
    0x65,0x63,0x32,0x20,0x5f,0x36,0x30,0x20,0x3d,0x20,0x76,0x65,0x63,0x32,0x28,0x66,
    0x6c,0x6f,0x77,0x5f,0x70,0x61,0x72,0x61,0x6d,0x73,0x5b,0x32,0x5d,0x2e,0x78,0x2c,
    0x20,0x30,0x2e,0x30,0x29,0x3b,0x0a,0x20,0x20,0x20,0x20,0x68,0x69,0x67,0x68,0x70,
    0x20,0x76,0x65,0x63,0x32,0x20,0x5f,0x38,0x33,0x20,0x3d,0x20,0x76,0x65,0x63,0x32,
    0x28,0x30,0x2e,0x30,0x2c,0x20,0x66,0x6c,0x6f,0x77,0x5f,0x70,0x61,0x72,0x61,0x6d,
    0x73,0x5b,0x32,0x5d,0x2e,0x79,0x29,0x3b,0x0a,0x20,0x20,0x20,0x20,0x68,0x69,0x67,
    0x68,0x70,0x20,0x76,0x65,0x63,0x34,0x20,0x5f,0x31,0x31,0x33,0x20,0x3d,0x20,0x74,
    0x65,0x78,0x74,0x75,0x72,0x65,0x28,0x6f,0x62,0x73,0x74,0x61,0x63,0x6c,0x65,0x4f,
    0x66,0x66,0x73,0x65,0x74,0x54,0x65,0x78,0x5f,0x6f,0x62,0x73,0x74,0x61,0x63,0x6c,
    0x65,0x4f,0x66,0x66,0x73,0x65,0x74,0x53,0x6d,0x70,0x2c,0x20,0x75,0x76,0x29,0x3b,
    0x0a,0x20,0x20,0x20,0x20,0x68,0x69,0x67,0x68,0x70,0x20,0x76,0x65,0x63,0x32,0x20,
    0x5f,0x31,0x31,0x36,0x20,0x3d,0x20,0x2d,0x74,0x65,0x78,0x74,0x75,0x72,0x65,0x28,
    0x76,0x65,0x6c,0x6f,0x63,0x69,0x74,0x79,0x54,0x65,0x78,0x5f,0x76,0x65,0x6c,0x6f,
    0x63,0x69,0x74,0x79,0x53,0x6d,0x70,0x2c,0x20,0x75,0x76,0x29,0x2e,0x78,0x79,0x3b,
    0x0a,0x20,0x20,0x20,0x20,0x68,0x69,0x67,0x68,0x70,0x20,0x66,0x6c,0x6f,0x61,0x74,
    0x20,0x5f,0x31,0x36,0x30,0x20,0x3d,0x20,0x66,0x6c,0x6f,0x77,0x5f,0x70,0x61,0x72,
    0x61,0x6d,0x73,0x5b,0x33,0x5d,0x2e,0x77,0x20,0x2a,0x20,0x28,0x28,0x6d,0x69,0x78,
    0x28,0x74,0x65,0x78,0x74,0x75,0x72,0x65,0x28,0x76,0x65,0x6c,0x6f,0x63,0x69,0x74,
    0x79,0x54,0x65,0x78,0x5f,0x76,0x65,0x6c,0x6f,0x63,0x69,0x74,0x79,0x53,0x6d,0x70,
    0x2c,0x20,0x75,0x76,0x20,0x2b,0x20,0x5f,0x36,0x30,0x29,0x2e,0x78,0x79,0x2c,0x20,
    0x5f,0x31,0x31,0x36,0x2c,0x20,0x76,0x65,0x63,0x32,0x28,0x5f,0x31,0x31,0x33,0x2e,
    0x7a,0x29,0x29,0x2e,0x78,0x20,0x2d,0x20,0x6d,0x69,0x78,0x28,0x74,0x65,0x78,0x74,
    0x75,0x72,0x65,0x28,0x76,0x65,0x6c,0x6f,0x63,0x69,0x74,0x79,0x54,0x65,0x78,0x5f,
    0x76,0x65,0x6c,0x6f,0x63,0x69,0x74,0x79,0x53,0x6d,0x70,0x2c,0x20,0x75,0x76,0x20,
    0x2d,0x20,0x5f,0x36,0x30,0x29,0x2e,0x78,0x79,0x2c,0x20,0x5f,0x31,0x31,0x36,0x2c,
    0x20,0x76,0x65,0x63,0x32,0x28,0x5f,0x31,0x31,0x33,0x2e,0x77,0x29,0x29,0x2e,0x78,
    0x29,0x20,0x2b,0x20,0x28,0x6d,0x69,0x78,0x28,0x74,0x65,0x78,0x74,0x75,0x72,0x65,
    0x28,0x76,0x65,0x6c,0x6f,0x63,0x69,0x74,0x79,0x54,0x65,0x78,0x5f,0x76,0x65,0x6c,
    0x6f,0x63,0x69,0x74,0x79,0x53,0x6d,0x70,0x2c,0x20,0x75,0x76,0x20,0x2b,0x20,0x5f,
    0x38,0x33,0x29,0x2e,0x78,0x79,0x2c,0x20,0x5f,0x31,0x31,0x36,0x2c,0x20,0x76,0x65,
    0x63,0x32,0x28,0x5f,0x31,0x31,0x33,0x2e,0x79,0x29,0x29,0x2e,0x79,0x20,0x2d,0x20,
    0x6d,0x69,0x78,0x28,0x74,0x65,0x78,0x74,0x75,0x72,0x65,0x28,0x76,0x65,0x6c,0x6f,
    0x63,0x69,0x74,0x79,0x54,0x65,0x78,0x5f,0x76,0x65,0x6c,0x6f,0x63,0x69,0x74,0x79,
    0x53,0x6d,0x70,0x2c,0x20,0x75,0x76,0x20,0x2d,0x20,0x5f,0x38,0x33,0x29,0x2e,0x78,
    0x79,0x2c,0x20,0x5f,0x31,0x31,0x36,0x2c,0x20,0x76,0x65,0x63,0x32,0x28,0x5f,0x31,
    0x31,0x33,0x2e,0x78,0x29,0x29,0x2e,0x79,0x29,0x29,0x3b,0x0a,0x20,0x20,0x20,0x20,
    0x66,0x72,0x61,0x67,0x5f,0x63,0x6f,0x6c,0x6f,0x72,0x20,0x3d,0x20,0x76,0x65,0x63,
    0x34,0x28,0x5f,0x31,0x36,0x30,0x2c,0x20,0x5f,0x31,0x36,0x30,0x2c,0x20,0x5f,0x31,
    0x36,0x30,0x2c,0x20,0x31,0x2e,0x30,0x29,0x3b,0x0a,0x7d,0x0a,0x0a,0x00,
};
/*
    #version 300 es
    precision mediump float;
    precision highp int;

    uniform highp vec4 flow_params[4];
    uniform highp sampler2D pressureObstacleTex_pressureObstacleSmp;
    uniform highp sampler2D pressureSrcTex_pressureSrcSmp;
    uniform highp sampler2D pressureObstacleOffsetTex_pressureObstacleOffsetSmp;
    uniform highp sampler2D divergenceTex_divergenceSmp;

    in highp vec2 uv;
    layout(location = 0) out highp vec4 frag_color;

    void main()
    {
        if (texture(pressureObstacleTex_pressureObstacleSmp, uv).x >= 0.5)
        {
            frag_color = vec4(0.0, 0.0, 0.0, 1.0);
            return;
        }
        highp vec2 _60 = vec2(flow_params[2].x, 0.0);
        highp vec2 _83 = vec2(0.0, flow_params[2].y);
        highp vec4 _103 = texture(pressureSrcTex_pressureSrcSmp, uv);
        highp float _104 = _103.x;
        highp vec4 _113 = texture(pressureObstacleOffsetTex_pressureObstacleOffsetSmp, uv);
        highp float _156 = ((((mix(texture(pressureSrcTex_pressureSrcSmp, uv - _60).x, _104, _113.w) + mix(texture(pressureSrcTex_pressureSrcSmp, uv + _60).x, _104, _113.z)) + mix(texture(pressureSrcTex_pressureSrcSmp, uv - _83).x, _104, _113.x)) + mix(texture(pressureSrcTex_pressureSrcSmp, uv + _83).x, _104, _113.y)) - texture(divergenceTex_divergenceSmp, uv).x) * 0.25;
        frag_color = vec4(_156, _156, _156, 1.0);
    }

*/
static const uint8_t fs_jacobi_pressure_source_glsl300es[1281] = {
    0x23,0x76,0x65,0x72,0x73,0x69,0x6f,0x6e,0x20,0x33,0x30,0x30,0x20,0x65,0x73,0x0a,
    0x70,0x72,0x65,0x63,0x69,0x73,0x69,0x6f,0x6e,0x20,0x6d,0x65,0x64,0x69,0x75,0x6d,
    0x70,0x20,0x66,0x6c,0x6f,0x61,0x74,0x3b,0x0a,0x70,0x72,0x65,0x63,0x69,0x73,0x69,
    0x6f,0x6e,0x20,0x68,0x69,0x67,0x68,0x70,0x20,0x69,0x6e,0x74,0x3b,0x0a,0x0a,0x75,
    0x6e,0x69,0x66,0x6f,0x72,0x6d,0x20,0x68,0x69,0x67,0x68,0x70,0x20,0x76,0x65,0x63,
    0x34,0x20,0x66,0x6c,0x6f,0x77,0x5f,0x70,0x61,0x72,0x61,0x6d,0x73,0x5b,0x34,0x5d,
    0x3b,0x0a,0x75,0x6e,0x69,0x66,0x6f,0x72,0x6d,0x20,0x68,0x69,0x67,0x68,0x70,0x20,
    0x73,0x61,0x6d,0x70,0x6c,0x65,0x72,0x32,0x44,0x20,0x70,0x72,0x65,0x73,0x73,0x75,
    0x72,0x65,0x4f,0x62,0x73,0x74,0x61,0x63,0x6c,0x65,0x54,0x65,0x78,0x5f,0x70,0x72,
    0x65,0x73,0x73,0x75,0x72,0x65,0x4f,0x62,0x73,0x74,0x61,0x63,0x6c,0x65,0x53,0x6d,
    0x70,0x3b,0x0a,0x75,0x6e,0x69,0x66,0x6f,0x72,0x6d,0x20,0x68,0x69,0x67,0x68,0x70,
    0x20,0x73,0x61,0x6d,0x70,0x6c,0x65,0x72,0x32,0x44,0x20,0x70,0x72,0x65,0x73,0x73,
    0x75,0x72,0x65,0x53,0x72,0x63,0x54,0x65,0x78,0x5f,0x70,0x72,0x65,0x73,0x73,0x75,
    0x72,0x65,0x53,0x72,0x63,0x53,0x6d,0x70,0x3b,0x0a,0x75,0x6e,0x69,0x66,0x6f,0x72,
    0x6d,0x20,0x68,0x69,0x67,0x68,0x70,0x20,0x73,0x61,0x6d,0x70,0x6c,0x65,0x72,0x32,
    0x44,0x20,0x70,0x72,0x65,0x73,0x73,0x75,0x72,0x65,0x4f,0x62,0x73,0x74,0x61,0x63,
    0x6c,0x65,0x4f,0x66,0x66,0x73,0x65,0x74,0x54,0x65,0x78,0x5f,0x70,0x72,0x65,0x73,
    0x73,0x75,0x72,0x65,0x4f,0x62,0x73,0x74,0x61,0x63,0x6c,0x65,0x4f,0x66,0x66,0x73,
    0x65,0x74,0x53,0x6d,0x70,0x3b,0x0a,0x75,0x6e,0x69,0x66,0x6f,0x72,0x6d,0x20,0x68,
    0x69,0x67,0x68,0x70,0x20,0x73,0x61,0x6d,0x70,0x6c,0x65,0x72,0x32,0x44,0x20,0x64,
    0x69,0x76,0x65,0x72,0x67,0x65,0x6e,0x63,0x65,0x54,0x65,0x78,0x5f,0x64,0x69,0x76,
    0x65,0x72,0x67,0x65,0x6e,0x63,0x65,0x53,0x6d,0x70,0x3b,0x0a,0x0a,0x69,0x6e,0x20,
    0x68,0x69,0x67,0x68,0x70,0x20,0x76,0x65,0x63,0x32,0x20,0x75,0x76,0x3b,0x0a,0x6c,
    0x61,0x79,0x6f,0x75,0x74,0x28,0x6c,0x6f,0x63,0x61,0x74,0x69,0x6f,0x6e,0x20,0x3d,
    0x20,0x30,0x29,0x20,0x6f,0x75,0x74,0x20,0x68,0x69,0x67,0x68,0x70,0x20,0x76,0x65,
    0x63,0x34,0x20,0x66,0x72,0x61,0x67,0x5f,0x63,0x6f,0x6c,0x6f,0x72,0x3b,0x0a,0x0a,
    0x76,0x6f,0x69,0x64,0x20,0x6d,0x61,0x69,0x6e,0x28,0x29,0x0a,0x7b,0x0a,0x20,0x20,
    0x20,0x20,0x69,0x66,0x20,0x28,0x74,0x65,0x78,0x74,0x75,0x72,0x65,0x28,0x70,0x72,
    0x65,0x73,0x73,0x75,0x72,0x65,0x4f,0x62,0x73,0x74,0x61,0x63,0x6c,0x65,0x54,0x65,
    0x78,0x5f,0x70,0x72,0x65,0x73,0x73,0x75,0x72,0x65,0x4f,0x62,0x73,0x74,0x61,0x63,
    0x6c,0x65,0x53,0x6d,0x70,0x2c,0x20,0x75,0x76,0x29,0x2e,0x78,0x20,0x3e,0x3d,0x20,
    0x30,0x2e,0x35,0x29,0x0a,0x20,0x20,0x20,0x20,0x7b,0x0a,0x20,0x20,0x20,0x20,0x20,
    0x20,0x20,0x20,0x66,0x72,0x61,0x67,0x5f,0x63,0x6f,0x6c,0x6f,0x72,0x20,0x3d,0x20,
    0x76,0x65,0x63,0x34,0x28,0x30,0x2e,0x30,0x2c,0x20,0x30,0x2e,0x30,0x2c,0x20,0x30,
    0x2e,0x30,0x2c,0x20,0x31,0x2e,0x30,0x29,0x3b,0x0a,0x20,0x20,0x20,0x20,0x20,0x20,
    0x20,0x20,0x72,0x65,0x74,0x75,0x72,0x6e,0x3b,0x0a,0x20,0x20,0x20,0x20,0x7d,0x0a,
    0x20,0x20,0x20,0x20,0x68,0x69,0x67,0x68,0x70,0x20,0x76,0x65,0x63,0x32,0x20,0x5f,
    0x36,0x30,0x20,0x3d,0x20,0x76,0x65,0x63,0x32,0x28,0x66,0x6c,0x6f,0x77,0x5f,0x70,
    0x61,0x72,0x61,0x6d,0x73,0x5b,0x32,0x5d,0x2e,0x78,0x2c,0x20,0x30,0x2e,0x30,0x29,
    0x3b,0x0a,0x20,0x20,0x20,0x20,0x68,0x69,0x67,0x68,0x70,0x20,0x76,0x65,0x63,0x32,
    0x20,0x5f,0x38,0x33,0x20,0x3d,0x20,0x76,0x65,0x63,0x32,0x28,0x30,0x2e,0x30,0x2c,
    0x20,0x66,0x6c,0x6f,0x77,0x5f,0x70,0x61,0x72,0x61,0x6d,0x73,0x5b,0x32,0x5d,0x2e,
    0x79,0x29,0x3b,0x0a,0x20,0x20,0x20,0x20,0x68,0x69,0x67,0x68,0x70,0x20,0x76,0x65,
    0x63,0x34,0x20,0x5f,0x31,0x30,0x33,0x20,0x3d,0x20,0x74,0x65,0x78,0x74,0x75,0x72,
    0x65,0x28,0x70,0x72,0x65,0x73,0x73,0x75,0x72,0x65,0x53,0x72,0x63,0x54,0x65,0x78,
    0x5f,0x70,0x72,0x65,0x73,0x73,0x75,0x72,0x65,0x53,0x72,0x63,0x53,0x6d,0x70,0x2c,
    0x20,0x75,0x76,0x29,0x3b,0x0a,0x20,0x20,0x20,0x20,0x68,0x69,0x67,0x68,0x70,0x20,
    0x66,0x6c,0x6f,0x61,0x74,0x20,0x5f,0x31,0x30,0x34,0x20,0x3d,0x20,0x5f,0x31,0x30,
    0x33,0x2e,0x78,0x3b,0x0a,0x20,0x20,0x20,0x20,0x68,0x69,0x67,0x68,0x70,0x20,0x76,
    0x65,0x63,0x34,0x20,0x5f,0x31,0x31,0x33,0x20,0x3d,0x20,0x74,0x65,0x78,0x74,0x75,
    0x72,0x65,0x28,0x70,0x72,0x65,0x73,0x73,0x75,0x72,0x65,0x4f,0x62,0x73,0x74,0x61,
    0x63,0x6c,0x65,0x4f,0x66,0x66,0x73,0x65,0x74,0x54,0x65,0x78,0x5f,0x70,0x72,0x65,
    0x73,0x73,0x75,0x72,0x65,0x4f,0x62,0x73,0x74,0x61,0x63,0x6c,0x65,0x4f,0x66,0x66,
    0x73,0x65,0x74,0x53,0x6d,0x70,0x2c,0x20,0x75,0x76,0x29,0x3b,0x0a,0x20,0x20,0x20,
    0x20,0x68,0x69,0x67,0x68,0x70,0x20,0x66,0x6c,0x6f,0x61,0x74,0x20,0x5f,0x31,0x35,
    0x36,0x20,0x3d,0x20,0x28,0x28,0x28,0x28,0x6d,0x69,0x78,0x28,0x74,0x65,0x78,0x74,
    0x75,0x72,0x65,0x28,0x70,0x72,0x65,0x73,0x73,0x75,0x72,0x65,0x53,0x72,0x63,0x54,
    0x65,0x78,0x5f,0x70,0x72,0x65,0x73,0x73,0x75,0x72,0x65,0x53,0x72,0x63,0x53,0x6d,
    0x70,0x2c,0x20,0x75,0x76,0x20,0x2d,0x20,0x5f,0x36,0x30,0x29,0x2e,0x78,0x2c,0x20,
    0x5f,0x31,0x30,0x34,0x2c,0x20,0x5f,0x31,0x31,0x33,0x2e,0x77,0x29,0x20,0x2b,0x20,
    0x6d,0x69,0x78,0x28,0x74,0x65,0x78,0x74,0x75,0x72,0x65,0x28,0x70,0x72,0x65,0x73,
    0x73,0x75,0x72,0x65,0x53,0x72,0x63,0x54,0x65,0x78,0x5f,0x70,0x72,0x65,0x73,0x73,
    0x75,0x72,0x65,0x53,0x72,0x63,0x53,0x6d,0x70,0x2c,0x20,0x75,0x76,0x20,0x2b,0x20,
    0x5f,0x36,0x30,0x29,0x2e,0x78,0x2c,0x20,0x5f,0x31,0x30,0x34,0x2c,0x20,0x5f,0x31,
    0x31,0x33,0x2e,0x7a,0x29,0x29,0x20,0x2b,0x20,0x6d,0x69,0x78,0x28,0x74,0x65,0x78,
    0x74,0x75,0x72,0x65,0x28,0x70,0x72,0x65,0x73,0x73,0x75,0x72,0x65,0x53,0x72,0x63,
    0x54,0x65,0x78,0x5f,0x70,0x72,0x65,0x73,0x73,0x75,0x72,0x65,0x53,0x72,0x63,0x53,
    0x6d,0x70,0x2c,0x20,0x75,0x76,0x20,0x2d,0x20,0x5f,0x38,0x33,0x29,0x2e,0x78,0x2c,
    0x20,0x5f,0x31,0x30,0x34,0x2c,0x20,0x5f,0x31,0x31,0x33,0x2e,0x78,0x29,0x29,0x20,
    0x2b,0x20,0x6d,0x69,0x78,0x28,0x74,0x65,0x78,0x74,0x75,0x72,0x65,0x28,0x70,0x72,
    0x65,0x73,0x73,0x75,0x72,0x65,0x53,0x72,0x63,0x54,0x65,0x78,0x5f,0x70,0x72,0x65,
    0x73,0x73,0x75,0x72,0x65,0x53,0x72,0x63,0x53,0x6d,0x70,0x2c,0x20,0x75,0x76,0x20,
    0x2b,0x20,0x5f,0x38,0x33,0x29,0x2e,0x78,0x2c,0x20,0x5f,0x31,0x30,0x34,0x2c,0x20,
    0x5f,0x31,0x31,0x33,0x2e,0x79,0x29,0x29,0x20,0x2d,0x20,0x74,0x65,0x78,0x74,0x75,
    0x72,0x65,0x28,0x64,0x69,0x76,0x65,0x72,0x67,0x65,0x6e,0x63,0x65,0x54,0x65,0x78,
    0x5f,0x64,0x69,0x76,0x65,0x72,0x67,0x65,0x6e,0x63,0x65,0x53,0x6d,0x70,0x2c,0x20,
    0x75,0x76,0x29,0x2e,0x78,0x29,0x20,0x2a,0x20,0x30,0x2e,0x32,0x35,0x3b,0x0a,0x20,
    0x20,0x20,0x20,0x66,0x72,0x61,0x67,0x5f,0x63,0x6f,0x6c,0x6f,0x72,0x20,0x3d,0x20,
    0x76,0x65,0x63,0x34,0x28,0x5f,0x31,0x35,0x36,0x2c,0x20,0x5f,0x31,0x35,0x36,0x2c,
    0x20,0x5f,0x31,0x35,0x36,0x2c,0x20,0x31,0x2e,0x30,0x29,0x3b,0x0a,0x7d,0x0a,0x0a,
    0x00,
};
/*
    #version 300 es
    precision mediump float;
    precision highp int;

    uniform highp vec4 flow_params[4];
    uniform highp sampler2D gradientObstacleTex_gradientObstacleSmp;
    uniform highp sampler2D pressureTex_pressureSmp;
    uniform highp sampler2D gradientObstacleOffsetTex_gradientObstacleOffsetSmp;
    uniform highp sampler2D velocityTex_velocitySmp;

    in highp vec2 uv;
    layout(location = 0) out highp vec4 frag_color;

    void main()
    {
        if (texture(gradientObstacleTex_gradientObstacleSmp, uv).x >= 0.5)
        {
            frag_color = vec4(0.0, 0.0, 0.0, 1.0);
            return;
        }
        highp vec2 _60 = vec2(flow_params[2].x, 0.0);
        highp vec2 _83 = vec2(0.0, flow_params[2].y);
        highp vec4 _103 = texture(pressureTex_pressureSmp, uv);
        highp float _104 = _103.x;
        highp vec4 _113 = texture(gradientObstacleOffsetTex_gradientObstacleOffsetSmp, uv);
        frag_color = vec4(texture(velocityTex_velocitySmp, uv).xy - (vec2(mix(texture(pressureTex_pressureSmp, uv + _60).x, _104, _113.z) - mix(texture(pressureTex_pressureSmp, uv - _60).x, _104, _113.w), mix(texture(pressureTex_pressureSmp, uv + _83).x, _104, _113.y) - mix(texture(pressureTex_pressureSmp, uv - _83).x, _104, _113.x)) * flow_params[3].w), 0.0, 1.0);
    }

*/
static const uint8_t fs_gradient_subtract_source_glsl300es[1213] = {
    0x23,0x76,0x65,0x72,0x73,0x69,0x6f,0x6e,0x20,0x33,0x30,0x30,0x20,0x65,0x73,0x0a,
    0x70,0x72,0x65,0x63,0x69,0x73,0x69,0x6f,0x6e,0x20,0x6d,0x65,0x64,0x69,0x75,0x6d,
    0x70,0x20,0x66,0x6c,0x6f,0x61,0x74,0x3b,0x0a,0x70,0x72,0x65,0x63,0x69,0x73,0x69,
    0x6f,0x6e,0x20,0x68,0x69,0x67,0x68,0x70,0x20,0x69,0x6e,0x74,0x3b,0x0a,0x0a,0x75,
    0x6e,0x69,0x66,0x6f,0x72,0x6d,0x20,0x68,0x69,0x67,0x68,0x70,0x20,0x76,0x65,0x63,
    0x34,0x20,0x66,0x6c,0x6f,0x77,0x5f,0x70,0x61,0x72,0x61,0x6d,0x73,0x5b,0x34,0x5d,
    0x3b,0x0a,0x75,0x6e,0x69,0x66,0x6f,0x72,0x6d,0x20,0x68,0x69,0x67,0x68,0x70,0x20,
    0x73,0x61,0x6d,0x70,0x6c,0x65,0x72,0x32,0x44,0x20,0x67,0x72,0x61,0x64,0x69,0x65,
    0x6e,0x74,0x4f,0x62,0x73,0x74,0x61,0x63,0x6c,0x65,0x54,0x65,0x78,0x5f,0x67,0x72,
    0x61,0x64,0x69,0x65,0x6e,0x74,0x4f,0x62,0x73,0x74,0x61,0x63,0x6c,0x65,0x53,0x6d,
    0x70,0x3b,0x0a,0x75,0x6e,0x69,0x66,0x6f,0x72,0x6d,0x20,0x68,0x69,0x67,0x68,0x70,
    0x20,0x73,0x61,0x6d,0x70,0x6c,0x65,0x72,0x32,0x44,0x20,0x70,0x72,0x65,0x73,0x73,
    0x75,0x72,0x65,0x54,0x65,0x78,0x5f,0x70,0x72,0x65,0x73,0x73,0x75,0x72,0x65,0x53,
    0x6d,0x70,0x3b,0x0a,0x75,0x6e,0x69,0x66,0x6f,0x72,0x6d,0x20,0x68,0x69,0x67,0x68,
    0x70,0x20,0x73,0x61,0x6d,0x70,0x6c,0x65,0x72,0x32,0x44,0x20,0x67,0x72,0x61,0x64,
    0x69,0x65,0x6e,0x74,0x4f,0x62,0x73,0x74,0x61,0x63,0x6c,0x65,0x4f,0x66,0x66,0x73,
    0x65,0x74,0x54,0x65,0x78,0x5f,0x67,0x72,0x61,0x64,0x69,0x65,0x6e,0x74,0x4f,0x62,
    0x73,0x74,0x61,0x63,0x6c,0x65,0x4f,0x66,0x66,0x73,0x65,0x74,0x53,0x6d,0x70,0x3b,
    0x0a,0x75,0x6e,0x69,0x66,0x6f,0x72,0x6d,0x20,0x68,0x69,0x67,0x68,0x70,0x20,0x73,
    0x61,0x6d,0x70,0x6c,0x65,0x72,0x32,0x44,0x20,0x76,0x65,0x6c,0x6f,0x63,0x69,0x74,
    0x79,0x54,0x65,0x78,0x5f,0x76,0x65,0x6c,0x6f,0x63,0x69,0x74,0x79,0x53,0x6d,0x70,
    0x3b,0x0a,0x0a,0x69,0x6e,0x20,0x68,0x69,0x67,0x68,0x70,0x20,0x76,0x65,0x63,0x32,
    0x20,0x75,0x76,0x3b,0x0a,0x6c,0x61,0x79,0x6f,0x75,0x74,0x28,0x6c,0x6f,0x63,0x61,
    0x74,0x69,0x6f,0x6e,0x20,0x3d,0x20,0x30,0x29,0x20,0x6f,0x75,0x74,0x20,0x68,0x69,
    0x67,0x68,0x70,0x20,0x76,0x65,0x63,0x34,0x20,0x66,0x72,0x61,0x67,0x5f,0x63,0x6f,
    0x6c,0x6f,0x72,0x3b,0x0a,0x0a,0x76,0x6f,0x69,0x64,0x20,0x6d,0x61,0x69,0x6e,0x28,
    0x29,0x0a,0x7b,0x0a,0x20,0x20,0x20,0x20,0x69,0x66,0x20,0x28,0x74,0x65,0x78,0x74,
    0x75,0x72,0x65,0x28,0x67,0x72,0x61,0x64,0x69,0x65,0x6e,0x74,0x4f,0x62,0x73,0x74,
    0x61,0x63,0x6c,0x65,0x54,0x65,0x78,0x5f,0x67,0x72,0x61,0x64,0x69,0x65,0x6e,0x74,
    0x4f,0x62,0x73,0x74,0x61,0x63,0x6c,0x65,0x53,0x6d,0x70,0x2c,0x20,0x75,0x76,0x29,
    0x2e,0x78,0x20,0x3e,0x3d,0x20,0x30,0x2e,0x35,0x29,0x0a,0x20,0x20,0x20,0x20,0x7b,
    0x0a,0x20,0x20,0x20,0x20,0x20,0x20,0x20,0x20,0x66,0x72,0x61,0x67,0x5f,0x63,0x6f,
    0x6c,0x6f,0x72,0x20,0x3d,0x20,0x76,0x65,0x63,0x34,0x28,0x30,0x2e,0x30,0x2c,0x20,
    0x30,0x2e,0x30,0x2c,0x20,0x30,0x2e,0x30,0x2c,0x20,0x31,0x2e,0x30,0x29,0x3b,0x0a,
    0x20,0x20,0x20,0x20,0x20,0x20,0x20,0x20,0x72,0x65,0x74,0x75,0x72,0x6e,0x3b,0x0a,
    0x20,0x20,0x20,0x20,0x7d,0x0a,0x20,0x20,0x20,0x20,0x68,0x69,0x67,0x68,0x70,0x20,
    0x76,0x65,0x63,0x32,0x20,0x5f,0x36,0x30,0x20,0x3d,0x20,0x76,0x65,0x63,0x32,0x28,
    0x66,0x6c,0x6f,0x77,0x5f,0x70,0x61,0x72,0x61,0x6d,0x73,0x5b,0x32,0x5d,0x2e,0x78,
    0x2c,0x20,0x30,0x2e,0x30,0x29,0x3b,0x0a,0x20,0x20,0x20,0x20,0x68,0x69,0x67,0x68,
    0x70,0x20,0x76,0x65,0x63,0x32,0x20,0x5f,0x38,0x33,0x20,0x3d,0x20,0x76,0x65,0x63,
    0x32,0x28,0x30,0x2e,0x30,0x2c,0x20,0x66,0x6c,0x6f,0x77,0x5f,0x70,0x61,0x72,0x61,
    0x6d,0x73,0x5b,0x32,0x5d,0x2e,0x79,0x29,0x3b,0x0a,0x20,0x20,0x20,0x20,0x68,0x69,
    0x67,0x68,0x70,0x20,0x76,0x65,0x63,0x34,0x20,0x5f,0x31,0x30,0x33,0x20,0x3d,0x20,
    0x74,0x65,0x78,0x74,0x75,0x72,0x65,0x28,0x70,0x72,0x65,0x73,0x73,0x75,0x72,0x65,
    0x54,0x65,0x78,0x5f,0x70,0x72,0x65,0x73,0x73,0x75,0x72,0x65,0x53,0x6d,0x70,0x2c,
    0x20,0x75,0x76,0x29,0x3b,0x0a,0x20,0x20,0x20,0x20,0x68,0x69,0x67,0x68,0x70,0x20,
    0x66,0x6c,0x6f,0x61,0x74,0x20,0x5f,0x31,0x30,0x34,0x20,0x3d,0x20,0x5f,0x31,0x30,
    0x33,0x2e,0x78,0x3b,0x0a,0x20,0x20,0x20,0x20,0x68,0x69,0x67,0x68,0x70,0x20,0x76,
    0x65,0x63,0x34,0x20,0x5f,0x31,0x31,0x33,0x20,0x3d,0x20,0x74,0x65,0x78,0x74,0x75,
    0x72,0x65,0x28,0x67,0x72,0x61,0x64,0x69,0x65,0x6e,0x74,0x4f,0x62,0x73,0x74,0x61,
    0x63,0x6c,0x65,0x4f,0x66,0x66,0x73,0x65,0x74,0x54,0x65,0x78,0x5f,0x67,0x72,0x61,
    0x64,0x69,0x65,0x6e,0x74,0x4f,0x62,0x73,0x74,0x61,0x63,0x6c,0x65,0x4f,0x66,0x66,
    0x73,0x65,0x74,0x53,0x6d,0x70,0x2c,0x20,0x75,0x76,0x29,0x3b,0x0a,0x20,0x20,0x20,
    0x20,0x66,0x72,0x61,0x67,0x5f,0x63,0x6f,0x6c,0x6f,0x72,0x20,0x3d,0x20,0x76,0x65,
    0x63,0x34,0x28,0x74,0x65,0x78,0x74,0x75,0x72,0x65,0x28,0x76,0x65,0x6c,0x6f,0x63,
    0x69,0x74,0x79,0x54,0x65,0x78,0x5f,0x76,0x65,0x6c,0x6f,0x63,0x69,0x74,0x79,0x53,
    0x6d,0x70,0x2c,0x20,0x75,0x76,0x29,0x2e,0x78,0x79,0x20,0x2d,0x20,0x28,0x76,0x65,
    0x63,0x32,0x28,0x6d,0x69,0x78,0x28,0x74,0x65,0x78,0x74,0x75,0x72,0x65,0x28,0x70,
    0x72,0x65,0x73,0x73,0x75,0x72,0x65,0x54,0x65,0x78,0x5f,0x70,0x72,0x65,0x73,0x73,
    0x75,0x72,0x65,0x53,0x6d,0x70,0x2c,0x20,0x75,0x76,0x20,0x2b,0x20,0x5f,0x36,0x30,
    0x29,0x2e,0x78,0x2c,0x20,0x5f,0x31,0x30,0x34,0x2c,0x20,0x5f,0x31,0x31,0x33,0x2e,
    0x7a,0x29,0x20,0x2d,0x20,0x6d,0x69,0x78,0x28,0x74,0x65,0x78,0x74,0x75,0x72,0x65,
    0x28,0x70,0x72,0x65,0x73,0x73,0x75,0x72,0x65,0x54,0x65,0x78,0x5f,0x70,0x72,0x65,
    0x73,0x73,0x75,0x72,0x65,0x53,0x6d,0x70,0x2c,0x20,0x75,0x76,0x20,0x2d,0x20,0x5f,
    0x36,0x30,0x29,0x2e,0x78,0x2c,0x20,0x5f,0x31,0x30,0x34,0x2c,0x20,0x5f,0x31,0x31,
    0x33,0x2e,0x77,0x29,0x2c,0x20,0x6d,0x69,0x78,0x28,0x74,0x65,0x78,0x74,0x75,0x72,
    0x65,0x28,0x70,0x72,0x65,0x73,0x73,0x75,0x72,0x65,0x54,0x65,0x78,0x5f,0x70,0x72,
    0x65,0x73,0x73,0x75,0x72,0x65,0x53,0x6d,0x70,0x2c,0x20,0x75,0x76,0x20,0x2b,0x20,
    0x5f,0x38,0x33,0x29,0x2e,0x78,0x2c,0x20,0x5f,0x31,0x30,0x34,0x2c,0x20,0x5f,0x31,
    0x31,0x33,0x2e,0x79,0x29,0x20,0x2d,0x20,0x6d,0x69,0x78,0x28,0x74,0x65,0x78,0x74,
    0x75,0x72,0x65,0x28,0x70,0x72,0x65,0x73,0x73,0x75,0x72,0x65,0x54,0x65,0x78,0x5f,
    0x70,0x72,0x65,0x73,0x73,0x75,0x72,0x65,0x53,0x6d,0x70,0x2c,0x20,0x75,0x76,0x20,
    0x2d,0x20,0x5f,0x38,0x33,0x29,0x2e,0x78,0x2c,0x20,0x5f,0x31,0x30,0x34,0x2c,0x20,
    0x5f,0x31,0x31,0x33,0x2e,0x78,0x29,0x29,0x20,0x2a,0x20,0x66,0x6c,0x6f,0x77,0x5f,
    0x70,0x61,0x72,0x61,0x6d,0x73,0x5b,0x33,0x5d,0x2e,0x77,0x29,0x2c,0x20,0x30,0x2e,
    0x30,0x2c,0x20,0x31,0x2e,0x30,0x29,0x3b,0x0a,0x7d,0x0a,0x0a,0x00,
};
/*
    #version 300 es
    precision mediump float;
    precision highp int;

    uniform highp vec4 flow_params[4];
    uniform highp sampler2D velocityTex_velocitySmp;

    in highp vec2 uv;
    layout(location = 0) out highp vec4 frag_color;

    void main()
    {
        highp vec2 _40 = vec2(flow_params[2].x, 0.0);
        highp vec2 _63 = vec2(0.0, flow_params[2].y);
        highp float _91 = flow_params[3].w * ((texture(velocityTex_velocitySmp, uv + _63).x - texture(velocityTex_velocitySmp, uv - _63).x) - (texture(velocityTex_velocitySmp, uv + _40).y - texture(velocityTex_velocitySmp, uv - _40).y));
        frag_color = vec4(_91, _91, _91, 1.0);
    }

*/
static const uint8_t fs_vorticity_curl_source_glsl300es[610] = {
    0x23,0x76,0x65,0x72,0x73,0x69,0x6f,0x6e,0x20,0x33,0x30,0x30,0x20,0x65,0x73,0x0a,
    0x70,0x72,0x65,0x63,0x69,0x73,0x69,0x6f,0x6e,0x20,0x6d,0x65,0x64,0x69,0x75,0x6d,
    0x70,0x20,0x66,0x6c,0x6f,0x61,0x74,0x3b,0x0a,0x70,0x72,0x65,0x63,0x69,0x73,0x69,
    0x6f,0x6e,0x20,0x68,0x69,0x67,0x68,0x70,0x20,0x69,0x6e,0x74,0x3b,0x0a,0x0a,0x75,
    0x6e,0x69,0x66,0x6f,0x72,0x6d,0x20,0x68,0x69,0x67,0x68,0x70,0x20,0x76,0x65,0x63,
    0x34,0x20,0x66,0x6c,0x6f,0x77,0x5f,0x70,0x61,0x72,0x61,0x6d,0x73,0x5b,0x34,0x5d,
    0x3b,0x0a,0x75,0x6e,0x69,0x66,0x6f,0x72,0x6d,0x20,0x68,0x69,0x67,0x68,0x70,0x20,
    0x73,0x61,0x6d,0x70,0x6c,0x65,0x72,0x32,0x44,0x20,0x76,0x65,0x6c,0x6f,0x63,0x69,
    0x74,0x79,0x54,0x65,0x78,0x5f,0x76,0x65,0x6c,0x6f,0x63,0x69,0x74,0x79,0x53,0x6d,
    0x70,0x3b,0x0a,0x0a,0x69,0x6e,0x20,0x68,0x69,0x67,0x68,0x70,0x20,0x76,0x65,0x63,
    0x32,0x20,0x75,0x76,0x3b,0x0a,0x6c,0x61,0x79,0x6f,0x75,0x74,0x28,0x6c,0x6f,0x63,
    0x61,0x74,0x69,0x6f,0x6e,0x20,0x3d,0x20,0x30,0x29,0x20,0x6f,0x75,0x74,0x20,0x68,
    0x69,0x67,0x68,0x70,0x20,0x76,0x65,0x63,0x34,0x20,0x66,0x72,0x61,0x67,0x5f,0x63,
    0x6f,0x6c,0x6f,0x72,0x3b,0x0a,0x0a,0x76,0x6f,0x69,0x64,0x20,0x6d,0x61,0x69,0x6e,
    0x28,0x29,0x0a,0x7b,0x0a,0x20,0x20,0x20,0x20,0x68,0x69,0x67,0x68,0x70,0x20,0x76,
    0x65,0x63,0x32,0x20,0x5f,0x34,0x30,0x20,0x3d,0x20,0x76,0x65,0x63,0x32,0x28,0x66,
    0x6c,0x6f,0x77,0x5f,0x70,0x61,0x72,0x61,0x6d,0x73,0x5b,0x32,0x5d,0x2e,0x78,0x2c,
    0x20,0x30,0x2e,0x30,0x29,0x3b,0x0a,0x20,0x20,0x20,0x20,0x68,0x69,0x67,0x68,0x70,
    0x20,0x76,0x65,0x63,0x32,0x20,0x5f,0x36,0x33,0x20,0x3d,0x20,0x76,0x65,0x63,0x32,
    0x28,0x30,0x2e,0x30,0x2c,0x20,0x66,0x6c,0x6f,0x77,0x5f,0x70,0x61,0x72,0x61,0x6d,
    0x73,0x5b,0x32,0x5d,0x2e,0x79,0x29,0x3b,0x0a,0x20,0x20,0x20,0x20,0x68,0x69,0x67,
    0x68,0x70,0x20,0x66,0x6c,0x6f,0x61,0x74,0x20,0x5f,0x39,0x31,0x20,0x3d,0x20,0x66,
    0x6c,0x6f,0x77,0x5f,0x70,0x61,0x72,0x61,0x6d,0x73,0x5b,0x33,0x5d,0x2e,0x77,0x20,
    0x2a,0x20,0x28,0x28,0x74,0x65,0x78,0x74,0x75,0x72,0x65,0x28,0x76,0x65,0x6c,0x6f,
    0x63,0x69,0x74,0x79,0x54,0x65,0x78,0x5f,0x76,0x65,0x6c,0x6f,0x63,0x69,0x74,0x79,
    0x53,0x6d,0x70,0x2c,0x20,0x75,0x76,0x20,0x2b,0x20,0x5f,0x36,0x33,0x29,0x2e,0x78,
    0x20,0x2d,0x20,0x74,0x65,0x78,0x74,0x75,0x72,0x65,0x28,0x76,0x65,0x6c,0x6f,0x63,
    0x69,0x74,0x79,0x54,0x65,0x78,0x5f,0x76,0x65,0x6c,0x6f,0x63,0x69,0x74,0x79,0x53,
    0x6d,0x70,0x2c,0x20,0x75,0x76,0x20,0x2d,0x20,0x5f,0x36,0x33,0x29,0x2e,0x78,0x29,
    0x20,0x2d,0x20,0x28,0x74,0x65,0x78,0x74,0x75,0x72,0x65,0x28,0x76,0x65,0x6c,0x6f,
    0x63,0x69,0x74,0x79,0x54,0x65,0x78,0x5f,0x76,0x65,0x6c,0x6f,0x63,0x69,0x74,0x79,
    0x53,0x6d,0x70,0x2c,0x20,0x75,0x76,0x20,0x2b,0x20,0x5f,0x34,0x30,0x29,0x2e,0x79,
    0x20,0x2d,0x20,0x74,0x65,0x78,0x74,0x75,0x72,0x65,0x28,0x76,0x65,0x6c,0x6f,0x63,
    0x69,0x74,0x79,0x54,0x65,0x78,0x5f,0x76,0x65,0x6c,0x6f,0x63,0x69,0x74,0x79,0x53,
    0x6d,0x70,0x2c,0x20,0x75,0x76,0x20,0x2d,0x20,0x5f,0x34,0x30,0x29,0x2e,0x79,0x29,
    0x29,0x3b,0x0a,0x20,0x20,0x20,0x20,0x66,0x72,0x61,0x67,0x5f,0x63,0x6f,0x6c,0x6f,
    0x72,0x20,0x3d,0x20,0x76,0x65,0x63,0x34,0x28,0x5f,0x39,0x31,0x2c,0x20,0x5f,0x39,
    0x31,0x2c,0x20,0x5f,0x39,0x31,0x2c,0x20,0x31,0x2e,0x30,0x29,0x3b,0x0a,0x7d,0x0a,
    0x0a,0x00,
};
/*
    #version 300 es
    precision mediump float;
    precision highp int;

    uniform highp vec4 flow_params[4];
    uniform highp sampler2D curlTex_curlSmp;
    uniform highp sampler2D velocityTex_velocitySmp;

    in highp vec2 uv;
    layout(location = 0) out highp vec4 frag_color;

    void main()
    {
        highp vec2 _40 = vec2(flow_params[2].x, 0.0);
        highp vec2 _65 = vec2(0.0, flow_params[2].y);
        frag_color = vec4(texture(velocityTex_velocitySmp, uv).xy + ((((normalize(vec2(abs(texture(curlTex_curlSmp, uv + _65).x) - abs(texture(curlTex_curlSmp, uv - _65).x), abs(texture(curlTex_curlSmp, uv + _40).x) - abs(texture(curlTex_curlSmp, uv - _40).x)) + vec2(9.9999999747524270787835121154785e-07)) * vec2(-1.0, 1.0)) * texture(curlTex_curlSmp, uv).x) * flow_params[3].x) * flow_params[3].y), 0.0, 1.0);
    }

*/
static const uint8_t fs_vorticity_force_source_glsl300es[783] = {
    0x23,0x76,0x65,0x72,0x73,0x69,0x6f,0x6e,0x20,0x33,0x30,0x30,0x20,0x65,0x73,0x0a,
    0x70,0x72,0x65,0x63,0x69,0x73,0x69,0x6f,0x6e,0x20,0x6d,0x65,0x64,0x69,0x75,0x6d,
    0x70,0x20,0x66,0x6c,0x6f,0x61,0x74,0x3b,0x0a,0x70,0x72,0x65,0x63,0x69,0x73,0x69,
    0x6f,0x6e,0x20,0x68,0x69,0x67,0x68,0x70,0x20,0x69,0x6e,0x74,0x3b,0x0a,0x0a,0x75,
    0x6e,0x69,0x66,0x6f,0x72,0x6d,0x20,0x68,0x69,0x67,0x68,0x70,0x20,0x76,0x65,0x63,
    0x34,0x20,0x66,0x6c,0x6f,0x77,0x5f,0x70,0x61,0x72,0x61,0x6d,0x73,0x5b,0x34,0x5d,
    0x3b,0x0a,0x75,0x6e,0x69,0x66,0x6f,0x72,0x6d,0x20,0x68,0x69,0x67,0x68,0x70,0x20,
    0x73,0x61,0x6d,0x70,0x6c,0x65,0x72,0x32,0x44,0x20,0x63,0x75,0x72,0x6c,0x54,0x65,
    0x78,0x5f,0x63,0x75,0x72,0x6c,0x53,0x6d,0x70,0x3b,0x0a,0x75,0x6e,0x69,0x66,0x6f,
    0x72,0x6d,0x20,0x68,0x69,0x67,0x68,0x70,0x20,0x73,0x61,0x6d,0x70,0x6c,0x65,0x72,
    0x32,0x44,0x20,0x76,0x65,0x6c,0x6f,0x63,0x69,0x74,0x79,0x54,0x65,0x78,0x5f,0x76,
    0x65,0x6c,0x6f,0x63,0x69,0x74,0x79,0x53,0x6d,0x70,0x3b,0x0a,0x0a,0x69,0x6e,0x20,
    0x68,0x69,0x67,0x68,0x70,0x20,0x76,0x65,0x63,0x32,0x20,0x75,0x76,0x3b,0x0a,0x6c,
    0x61,0x79,0x6f,0x75,0x74,0x28,0x6c,0x6f,0x63,0x61,0x74,0x69,0x6f,0x6e,0x20,0x3d,
    0x20,0x30,0x29,0x20,0x6f,0x75,0x74,0x20,0x68,0x69,0x67,0x68,0x70,0x20,0x76,0x65,
    0x63,0x34,0x20,0x66,0x72,0x61,0x67,0x5f,0x63,0x6f,0x6c,0x6f,0x72,0x3b,0x0a,0x0a,
    0x76,0x6f,0x69,0x64,0x20,0x6d,0x61,0x69,0x6e,0x28,0x29,0x0a,0x7b,0x0a,0x20,0x20,
    0x20,0x20,0x68,0x69,0x67,0x68,0x70,0x20,0x76,0x65,0x63,0x32,0x20,0x5f,0x34,0x30,
    0x20,0x3d,0x20,0x76,0x65,0x63,0x32,0x28,0x66,0x6c,0x6f,0x77,0x5f,0x70,0x61,0x72,
    0x61,0x6d,0x73,0x5b,0x32,0x5d,0x2e,0x78,0x2c,0x20,0x30,0x2e,0x30,0x29,0x3b,0x0a,
    0x20,0x20,0x20,0x20,0x68,0x69,0x67,0x68,0x70,0x20,0x76,0x65,0x63,0x32,0x20,0x5f,
    0x36,0x35,0x20,0x3d,0x20,0x76,0x65,0x63,0x32,0x28,0x30,0x2e,0x30,0x2c,0x20,0x66,
    0x6c,0x6f,0x77,0x5f,0x70,0x61,0x72,0x61,0x6d,0x73,0x5b,0x32,0x5d,0x2e,0x79,0x29,
    0x3b,0x0a,0x20,0x20,0x20,0x20,0x66,0x72,0x61,0x67,0x5f,0x63,0x6f,0x6c,0x6f,0x72,
    0x20,0x3d,0x20,0x76,0x65,0x63,0x34,0x28,0x74,0x65,0x78,0x74,0x75,0x72,0x65,0x28,
    0x76,0x65,0x6c,0x6f,0x63,0x69,0x74,0x79,0x54,0x65,0x78,0x5f,0x76,0x65,0x6c,0x6f,
    0x63,0x69,0x74,0x79,0x53,0x6d,0x70,0x2c,0x20,0x75,0x76,0x29,0x2e,0x78,0x79,0x20,
    0x2b,0x20,0x28,0x28,0x28,0x28,0x6e,0x6f,0x72,0x6d,0x61,0x6c,0x69,0x7a,0x65,0x28,
    0x76,0x65,0x63,0x32,0x28,0x61,0x62,0x73,0x28,0x74,0x65,0x78,0x74,0x75,0x72,0x65,
    0x28,0x63,0x75,0x72,0x6c,0x54,0x65,0x78,0x5f,0x63,0x75,0x72,0x6c,0x53,0x6d,0x70,
    0x2c,0x20,0x75,0x76,0x20,0x2b,0x20,0x5f,0x36,0x35,0x29,0x2e,0x78,0x29,0x20,0x2d,
    0x20,0x61,0x62,0x73,0x28,0x74,0x65,0x78,0x74,0x75,0x72,0x65,0x28,0x63,0x75,0x72,
    0x6c,0x54,0x65,0x78,0x5f,0x63,0x75,0x72,0x6c,0x53,0x6d,0x70,0x2c,0x20,0x75,0x76,
    0x20,0x2d,0x20,0x5f,0x36,0x35,0x29,0x2e,0x78,0x29,0x2c,0x20,0x61,0x62,0x73,0x28,
    0x74,0x65,0x78,0x74,0x75,0x72,0x65,0x28,0x63,0x75,0x72,0x6c,0x54,0x65,0x78,0x5f,
    0x63,0x75,0x72,0x6c,0x53,0x6d,0x70,0x2c,0x20,0x75,0x76,0x20,0x2b,0x20,0x5f,0x34,
    0x30,0x29,0x2e,0x78,0x29,0x20,0x2d,0x20,0x61,0x62,0x73,0x28,0x74,0x65,0x78,0x74,
    0x75,0x72,0x65,0x28,0x63,0x75,0x72,0x6c,0x54,0x65,0x78,0x5f,0x63,0x75,0x72,0x6c,
    0x53,0x6d,0x70,0x2c,0x20,0x75,0x76,0x20,0x2d,0x20,0x5f,0x34,0x30,0x29,0x2e,0x78,
    0x29,0x29,0x20,0x2b,0x20,0x76,0x65,0x63,0x32,0x28,0x39,0x2e,0x39,0x39,0x39,0x39,
    0x39,0x39,0x39,0x37,0x34,0x37,0x35,0x32,0x34,0x32,0x37,0x30,0x37,0x38,0x37,0x38,
    0x33,0x35,0x31,0x32,0x31,0x31,0x35,0x34,0x37,0x38,0x35,0x65,0x2d,0x30,0x37,0x29,
    0x29,0x20,0x2a,0x20,0x76,0x65,0x63,0x32,0x28,0x2d,0x31,0x2e,0x30,0x2c,0x20,0x31,
    0x2e,0x30,0x29,0x29,0x20,0x2a,0x20,0x74,0x65,0x78,0x74,0x75,0x72,0x65,0x28,0x63,
    0x75,0x72,0x6c,0x54,0x65,0x78,0x5f,0x63,0x75,0x72,0x6c,0x53,0x6d,0x70,0x2c,0x20,
    0x75,0x76,0x29,0x2e,0x78,0x29,0x20,0x2a,0x20,0x66,0x6c,0x6f,0x77,0x5f,0x70,0x61,
    0x72,0x61,0x6d,0x73,0x5b,0x33,0x5d,0x2e,0x78,0x29,0x20,0x2a,0x20,0x66,0x6c,0x6f,
    0x77,0x5f,0x70,0x61,0x72,0x61,0x6d,0x73,0x5b,0x33,0x5d,0x2e,0x79,0x29,0x2c,0x20,
    0x30,0x2e,0x30,0x2c,0x20,0x31,0x2e,0x30,0x29,0x3b,0x0a,0x7d,0x0a,0x0a,0x00,
};
/*
    #version 300 es
    precision mediump float;
    precision highp int;

    uniform highp vec4 flow_params[4];
    uniform highp sampler2D velocityTex_velocitySmp;
    uniform highp sampler2D temperatureTex_temperatureSmp;
    uniform highp sampler2D densityTex_densitySmp;

    in highp vec2 uv;
    layout(location = 0) out highp vec4 frag_color;

    void main()
    {
        highp vec4 _24 = texture(velocityTex_velocitySmp, uv);
        frag_color = vec4(_24.x, _24.y - (((texture(temperatureTex_temperatureSmp, uv).x * flow_params[3].y) - (texture(densityTex_densitySmp, uv).w * flow_params[3].z)) * flow_params[3].x), 0.0, 1.0);
    }

*/
static const uint8_t fs_buoyancy_source_glsl300es[592] = {
    0x23,0x76,0x65,0x72,0x73,0x69,0x6f,0x6e,0x20,0x33,0x30,0x30,0x20,0x65,0x73,0x0a,
    0x70,0x72,0x65,0x63,0x69,0x73,0x69,0x6f,0x6e,0x20,0x6d,0x65,0x64,0x69,0x75,0x6d,
    0x70,0x20,0x66,0x6c,0x6f,0x61,0x74,0x3b,0x0a,0x70,0x72,0x65,0x63,0x69,0x73,0x69,
    0x6f,0x6e,0x20,0x68,0x69,0x67,0x68,0x70,0x20,0x69,0x6e,0x74,0x3b,0x0a,0x0a,0x75,
    0x6e,0x69,0x66,0x6f,0x72,0x6d,0x20,0x68,0x69,0x67,0x68,0x70,0x20,0x76,0x65,0x63,
    0x34,0x20,0x66,0x6c,0x6f,0x77,0x5f,0x70,0x61,0x72,0x61,0x6d,0x73,0x5b,0x34,0x5d,
    0x3b,0x0a,0x75,0x6e,0x69,0x66,0x6f,0x72,0x6d,0x20,0x68,0x69,0x67,0x68,0x70,0x20,
    0x73,0x61,0x6d,0x70,0x6c,0x65,0x72,0x32,0x44,0x20,0x76,0x65,0x6c,0x6f,0x63,0x69,
    0x74,0x79,0x54,0x65,0x78,0x5f,0x76,0x65,0x6c,0x6f,0x63,0x69,0x74,0x79,0x53,0x6d,
    0x70,0x3b,0x0a,0x75,0x6e,0x69,0x66,0x6f,0x72,0x6d,0x20,0x68,0x69,0x67,0x68,0x70,
    0x20,0x73,0x61,0x6d,0x70,0x6c,0x65,0x72,0x32,0x44,0x20,0x74,0x65,0x6d,0x70,0x65,
    0x72,0x61,0x74,0x75,0x72,0x65,0x54,0x65,0x78,0x5f,0x74,0x65,0x6d,0x70,0x65,0x72,
    0x61,0x74,0x75,0x72,0x65,0x53,0x6d,0x70,0x3b,0x0a,0x75,0x6e,0x69,0x66,0x6f,0x72,
    0x6d,0x20,0x68,0x69,0x67,0x68,0x70,0x20,0x73,0x61,0x6d,0x70,0x6c,0x65,0x72,0x32,
    0x44,0x20,0x64,0x65,0x6e,0x73,0x69,0x74,0x79,0x54,0x65,0x78,0x5f,0x64,0x65,0x6e,
    0x73,0x69,0x74,0x79,0x53,0x6d,0x70,0x3b,0x0a,0x0a,0x69,0x6e,0x20,0x68,0x69,0x67,
    0x68,0x70,0x20,0x76,0x65,0x63,0x32,0x20,0x75,0x76,0x3b,0x0a,0x6c,0x61,0x79,0x6f,
    0x75,0x74,0x28,0x6c,0x6f,0x63,0x61,0x74,0x69,0x6f,0x6e,0x20,0x3d,0x20,0x30,0x29,
    0x20,0x6f,0x75,0x74,0x20,0x68,0x69,0x67,0x68,0x70,0x20,0x76,0x65,0x63,0x34,0x20,
    0x66,0x72,0x61,0x67,0x5f,0x63,0x6f,0x6c,0x6f,0x72,0x3b,0x0a,0x0a,0x76,0x6f,0x69,
    0x64,0x20,0x6d,0x61,0x69,0x6e,0x28,0x29,0x0a,0x7b,0x0a,0x20,0x20,0x20,0x20,0x68,
    0x69,0x67,0x68,0x70,0x20,0x76,0x65,0x63,0x34,0x20,0x5f,0x32,0x34,0x20,0x3d,0x20,
    0x74,0x65,0x78,0x74,0x75,0x72,0x65,0x28,0x76,0x65,0x6c,0x6f,0x63,0x69,0x74,0x79,
    0x54,0x65,0x78,0x5f,0x76,0x65,0x6c,0x6f,0x63,0x69,0x74,0x79,0x53,0x6d,0x70,0x2c,
    0x20,0x75,0x76,0x29,0x3b,0x0a,0x20,0x20,0x20,0x20,0x66,0x72,0x61,0x67,0x5f,0x63,
    0x6f,0x6c,0x6f,0x72,0x20,0x3d,0x20,0x76,0x65,0x63,0x34,0x28,0x5f,0x32,0x34,0x2e,
    0x78,0x2c,0x20,0x5f,0x32,0x34,0x2e,0x79,0x20,0x2d,0x20,0x28,0x28,0x28,0x74,0x65,
    0x78,0x74,0x75,0x72,0x65,0x28,0x74,0x65,0x6d,0x70,0x65,0x72,0x61,0x74,0x75,0x72,
    0x65,0x54,0x65,0x78,0x5f,0x74,0x65,0x6d,0x70,0x65,0x72,0x61,0x74,0x75,0x72,0x65,
    0x53,0x6d,0x70,0x2c,0x20,0x75,0x76,0x29,0x2e,0x78,0x20,0x2a,0x20,0x66,0x6c,0x6f,
    0x77,0x5f,0x70,0x61,0x72,0x61,0x6d,0x73,0x5b,0x33,0x5d,0x2e,0x79,0x29,0x20,0x2d,
    0x20,0x28,0x74,0x65,0x78,0x74,0x75,0x72,0x65,0x28,0x64,0x65,0x6e,0x73,0x69,0x74,
    0x79,0x54,0x65,0x78,0x5f,0x64,0x65,0x6e,0x73,0x69,0x74,0x79,0x53,0x6d,0x70,0x2c,
    0x20,0x75,0x76,0x29,0x2e,0x77,0x20,0x2a,0x20,0x66,0x6c,0x6f,0x77,0x5f,0x70,0x61,
    0x72,0x61,0x6d,0x73,0x5b,0x33,0x5d,0x2e,0x7a,0x29,0x29,0x20,0x2a,0x20,0x66,0x6c,
    0x6f,0x77,0x5f,0x70,0x61,0x72,0x61,0x6d,0x73,0x5b,0x33,0x5d,0x2e,0x78,0x29,0x2c,
    0x20,0x30,0x2e,0x30,0x2c,0x20,0x31,0x2e,0x30,0x29,0x3b,0x0a,0x7d,0x0a,0x0a,0x00,

};
/*
    #version 300 es
    precision mediump float;
    precision highp int;

    uniform highp vec4 flow_params[4];
    uniform highp sampler2D fluidSourceTex_fluidSourceSmp;

    in highp vec2 uv;
    layout(location = 0) out highp vec4 frag_color;

    void main()
    {
        frag_color = vec4(max(texture(fluidSourceTex_fluidSourceSmp, uv).x, smoothstep(1.0, 0.0, length((uv * flow_params[1].xy) - flow_params[2].zw) / max(flow_params[3].z, 1.0)) * flow_params[3].x));
    }

*/
static const uint8_t fs_obstacle_splat_source_glsl300es[437] = {
    0x23,0x76,0x65,0x72,0x73,0x69,0x6f,0x6e,0x20,0x33,0x30,0x30,0x20,0x65,0x73,0x0a,
    0x70,0x72,0x65,0x63,0x69,0x73,0x69,0x6f,0x6e,0x20,0x6d,0x65,0x64,0x69,0x75,0x6d,
    0x70,0x20,0x66,0x6c,0x6f,0x61,0x74,0x3b,0x0a,0x70,0x72,0x65,0x63,0x69,0x73,0x69,
    0x6f,0x6e,0x20,0x68,0x69,0x67,0x68,0x70,0x20,0x69,0x6e,0x74,0x3b,0x0a,0x0a,0x75,
    0x6e,0x69,0x66,0x6f,0x72,0x6d,0x20,0x68,0x69,0x67,0x68,0x70,0x20,0x76,0x65,0x63,
    0x34,0x20,0x66,0x6c,0x6f,0x77,0x5f,0x70,0x61,0x72,0x61,0x6d,0x73,0x5b,0x34,0x5d,
    0x3b,0x0a,0x75,0x6e,0x69,0x66,0x6f,0x72,0x6d,0x20,0x68,0x69,0x67,0x68,0x70,0x20,
    0x73,0x61,0x6d,0x70,0x6c,0x65,0x72,0x32,0x44,0x20,0x66,0x6c,0x75,0x69,0x64,0x53,
    0x6f,0x75,0x72,0x63,0x65,0x54,0x65,0x78,0x5f,0x66,0x6c,0x75,0x69,0x64,0x53,0x6f,
    0x75,0x72,0x63,0x65,0x53,0x6d,0x70,0x3b,0x0a,0x0a,0x69,0x6e,0x20,0x68,0x69,0x67,
    0x68,0x70,0x20,0x76,0x65,0x63,0x32,0x20,0x75,0x76,0x3b,0x0a,0x6c,0x61,0x79,0x6f,
    0x75,0x74,0x28,0x6c,0x6f,0x63,0x61,0x74,0x69,0x6f,0x6e,0x20,0x3d,0x20,0x30,0x29,
    0x20,0x6f,0x75,0x74,0x20,0x68,0x69,0x67,0x68,0x70,0x20,0x76,0x65,0x63,0x34,0x20,
    0x66,0x72,0x61,0x67,0x5f,0x63,0x6f,0x6c,0x6f,0x72,0x3b,0x0a,0x0a,0x76,0x6f,0x69,
    0x64,0x20,0x6d,0x61,0x69,0x6e,0x28,0x29,0x0a,0x7b,0x0a,0x20,0x20,0x20,0x20,0x66,
    0x72,0x61,0x67,0x5f,0x63,0x6f,0x6c,0x6f,0x72,0x20,0x3d,0x20,0x76,0x65,0x63,0x34,
    0x28,0x6d,0x61,0x78,0x28,0x74,0x65,0x78,0x74,0x75,0x72,0x65,0x28,0x66,0x6c,0x75,
    0x69,0x64,0x53,0x6f,0x75,0x72,0x63,0x65,0x54,0x65,0x78,0x5f,0x66,0x6c,0x75,0x69,
    0x64,0x53,0x6f,0x75,0x72,0x63,0x65,0x53,0x6d,0x70,0x2c,0x20,0x75,0x76,0x29,0x2e,
    0x78,0x2c,0x20,0x73,0x6d,0x6f,0x6f,0x74,0x68,0x73,0x74,0x65,0x70,0x28,0x31,0x2e,
    0x30,0x2c,0x20,0x30,0x2e,0x30,0x2c,0x20,0x6c,0x65,0x6e,0x67,0x74,0x68,0x28,0x28,
    0x75,0x76,0x20,0x2a,0x20,0x66,0x6c,0x6f,0x77,0x5f,0x70,0x61,0x72,0x61,0x6d,0x73,
    0x5b,0x31,0x5d,0x2e,0x78,0x79,0x29,0x20,0x2d,0x20,0x66,0x6c,0x6f,0x77,0x5f,0x70,
    0x61,0x72,0x61,0x6d,0x73,0x5b,0x32,0x5d,0x2e,0x7a,0x77,0x29,0x20,0x2f,0x20,0x6d,
    0x61,0x78,0x28,0x66,0x6c,0x6f,0x77,0x5f,0x70,0x61,0x72,0x61,0x6d,0x73,0x5b,0x33,
    0x5d,0x2e,0x7a,0x2c,0x20,0x31,0x2e,0x30,0x29,0x29,0x20,0x2a,0x20,0x66,0x6c,0x6f,
    0x77,0x5f,0x70,0x61,0x72,0x61,0x6d,0x73,0x5b,0x33,0x5d,0x2e,0x78,0x29,0x29,0x3b,
    0x0a,0x7d,0x0a,0x0a,0x00,
};
/*
    #version 300 es
    precision mediump float;
    precision highp int;

    uniform highp vec4 flow_params[4];
    uniform highp sampler2D obstacleOffsetSourceTex_obstacleOffsetSourceSmp;

    in highp vec2 uv;
    layout(location = 0) out highp vec4 frag_color;

    void main()
    {
        highp vec2 _40 = vec2(0.0, flow_params[2].y);
        highp vec2 _63 = vec2(flow_params[2].x, 0.0);
        frag_color = step(vec4(flow_params[3].y), vec4(texture(obstacleOffsetSourceTex_obstacleOffsetSourceSmp, uv - _40).x, texture(obstacleOffsetSourceTex_obstacleOffsetSourceSmp, uv + _40).x, texture(obstacleOffsetSourceTex_obstacleOffsetSourceSmp, uv + _63).x, texture(obstacleOffsetSourceTex_obstacleOffsetSourceSmp, uv - _63).x));
    }

*/
static const uint8_t fs_obstacle_offset_source_glsl300es[690] = {
    0x23,0x76,0x65,0x72,0x73,0x69,0x6f,0x6e,0x20,0x33,0x30,0x30,0x20,0x65,0x73,0x0a,
    0x70,0x72,0x65,0x63,0x69,0x73,0x69,0x6f,0x6e,0x20,0x6d,0x65,0x64,0x69,0x75,0x6d,
    0x70,0x20,0x66,0x6c,0x6f,0x61,0x74,0x3b,0x0a,0x70,0x72,0x65,0x63,0x69,0x73,0x69,
    0x6f,0x6e,0x20,0x68,0x69,0x67,0x68,0x70,0x20,0x69,0x6e,0x74,0x3b,0x0a,0x0a,0x75,
    0x6e,0x69,0x66,0x6f,0x72,0x6d,0x20,0x68,0x69,0x67,0x68,0x70,0x20,0x76,0x65,0x63,
    0x34,0x20,0x66,0x6c,0x6f,0x77,0x5f,0x70,0x61,0x72,0x61,0x6d,0x73,0x5b,0x34,0x5d,
    0x3b,0x0a,0x75,0x6e,0x69,0x66,0x6f,0x72,0x6d,0x20,0x68,0x69,0x67,0x68,0x70,0x20,
    0x73,0x61,0x6d,0x70,0x6c,0x65,0x72,0x32,0x44,0x20,0x6f,0x62,0x73,0x74,0x61,0x63,
    0x6c,0x65,0x4f,0x66,0x66,0x73,0x65,0x74,0x53,0x6f,0x75,0x72,0x63,0x65,0x54,0x65,
    0x78,0x5f,0x6f,0x62,0x73,0x74,0x61,0x63,0x6c,0x65,0x4f,0x66,0x66,0x73,0x65,0x74,
    0x53,0x6f,0x75,0x72,0x63,0x65,0x53,0x6d,0x70,0x3b,0x0a,0x0a,0x69,0x6e,0x20,0x68,
    0x69,0x67,0x68,0x70,0x20,0x76,0x65,0x63,0x32,0x20,0x75,0x76,0x3b,0x0a,0x6c,0x61,
    0x79,0x6f,0x75,0x74,0x28,0x6c,0x6f,0x63,0x61,0x74,0x69,0x6f,0x6e,0x20,0x3d,0x20,
    0x30,0x29,0x20,0x6f,0x75,0x74,0x20,0x68,0x69,0x67,0x68,0x70,0x20,0x76,0x65,0x63,
    0x34,0x20,0x66,0x72,0x61,0x67,0x5f,0x63,0x6f,0x6c,0x6f,0x72,0x3b,0x0a,0x0a,0x76,
    0x6f,0x69,0x64,0x20,0x6d,0x61,0x69,0x6e,0x28,0x29,0x0a,0x7b,0x0a,0x20,0x20,0x20,
    0x20,0x68,0x69,0x67,0x68,0x70,0x20,0x76,0x65,0x63,0x32,0x20,0x5f,0x34,0x30,0x20,
    0x3d,0x20,0x76,0x65,0x63,0x32,0x28,0x30,0x2e,0x30,0x2c,0x20,0x66,0x6c,0x6f,0x77,
    0x5f,0x70,0x61,0x72,0x61,0x6d,0x73,0x5b,0x32,0x5d,0x2e,0x79,0x29,0x3b,0x0a,0x20,
    0x20,0x20,0x20,0x68,0x69,0x67,0x68,0x70,0x20,0x76,0x65,0x63,0x32,0x20,0x5f,0x36,
    0x33,0x20,0x3d,0x20,0x76,0x65,0x63,0x32,0x28,0x66,0x6c,0x6f,0x77,0x5f,0x70,0x61,
    0x72,0x61,0x6d,0x73,0x5b,0x32,0x5d,0x2e,0x78,0x2c,0x20,0x30,0x2e,0x30,0x29,0x3b,
    0x0a,0x20,0x20,0x20,0x20,0x66,0x72,0x61,0x67,0x5f,0x63,0x6f,0x6c,0x6f,0x72,0x20,
    0x3d,0x20,0x73,0x74,0x65,0x70,0x28,0x76,0x65,0x63,0x34,0x28,0x66,0x6c,0x6f,0x77,
    0x5f,0x70,0x61,0x72,0x61,0x6d,0x73,0x5b,0x33,0x5d,0x2e,0x79,0x29,0x2c,0x20,0x76,
    0x65,0x63,0x34,0x28,0x74,0x65,0x78,0x74,0x75,0x72,0x65,0x28,0x6f,0x62,0x73,0x74,
    0x61,0x63,0x6c,0x65,0x4f,0x66,0x66,0x73,0x65,0x74,0x53,0x6f,0x75,0x72,0x63,0x65,
    0x54,0x65,0x78,0x5f,0x6f,0x62,0x73,0x74,0x61,0x63,0x6c,0x65,0x4f,0x66,0x66,0x73,
    0x65,0x74,0x53,0x6f,0x75,0x72,0x63,0x65,0x53,0x6d,0x70,0x2c,0x20,0x75,0x76,0x20,
    0x2d,0x20,0x5f,0x34,0x30,0x29,0x2e,0x78,0x2c,0x20,0x74,0x65,0x78,0x74,0x75,0x72,
    0x65,0x28,0x6f,0x62,0x73,0x74,0x61,0x63,0x6c,0x65,0x4f,0x66,0x66,0x73,0x65,0x74,
    0x53,0x6f,0x75,0x72,0x63,0x65,0x54,0x65,0x78,0x5f,0x6f,0x62,0x73,0x74,0x61,0x63,
    0x6c,0x65,0x4f,0x66,0x66,0x73,0x65,0x74,0x53,0x6f,0x75,0x72,0x63,0x65,0x53,0x6d,
    0x70,0x2c,0x20,0x75,0x76,0x20,0x2b,0x20,0x5f,0x34,0x30,0x29,0x2e,0x78,0x2c,0x20,
    0x74,0x65,0x78,0x74,0x75,0x72,0x65,0x28,0x6f,0x62,0x73,0x74,0x61,0x63,0x6c,0x65,
    0x4f,0x66,0x66,0x73,0x65,0x74,0x53,0x6f,0x75,0x72,0x63,0x65,0x54,0x65,0x78,0x5f,
    0x6f,0x62,0x73,0x74,0x61,0x63,0x6c,0x65,0x4f,0x66,0x66,0x73,0x65,0x74,0x53,0x6f,
    0x75,0x72,0x63,0x65,0x53,0x6d,0x70,0x2c,0x20,0x75,0x76,0x20,0x2b,0x20,0x5f,0x36,
    0x33,0x29,0x2e,0x78,0x2c,0x20,0x74,0x65,0x78,0x74,0x75,0x72,0x65,0x28,0x6f,0x62,
    0x73,0x74,0x61,0x63,0x6c,0x65,0x4f,0x66,0x66,0x73,0x65,0x74,0x53,0x6f,0x75,0x72,
    0x63,0x65,0x54,0x65,0x78,0x5f,0x6f,0x62,0x73,0x74,0x61,0x63,0x6c,0x65,0x4f,0x66,
    0x66,0x73,0x65,0x74,0x53,0x6f,0x75,0x72,0x63,0x65,0x53,0x6d,0x70,0x2c,0x20,0x75,
    0x76,0x20,0x2d,0x20,0x5f,0x36,0x33,0x29,0x2e,0x78,0x29,0x29,0x3b,0x0a,0x7d,0x0a,
    0x0a,0x00,
};
/*
    #version 300 es
    precision mediump float;
    precision highp int;

    uniform highp vec4 flow_params[4];
    uniform highp sampler2D obstacleApplySourceTex_obstacleApplySourceSmp;
    uniform highp sampler2D obstacleTex_obstacleSmp;

    in highp vec2 uv;
    layout(location = 0) out highp vec4 frag_color;

    void main()
    {
        frag_color = texture(obstacleApplySourceTex_obstacleApplySourceSmp, uv) * (1.0 - step(flow_params[3].y, texture(obstacleTex_obstacleSmp, uv).x));
    }

*/
static const uint8_t fs_apply_obstacle_source_glsl300es[454] = {
    0x23,0x76,0x65,0x72,0x73,0x69,0x6f,0x6e,0x20,0x33,0x30,0x30,0x20,0x65,0x73,0x0a,
    0x70,0x72,0x65,0x63,0x69,0x73,0x69,0x6f,0x6e,0x20,0x6d,0x65,0x64,0x69,0x75,0x6d,
    0x70,0x20,0x66,0x6c,0x6f,0x61,0x74,0x3b,0x0a,0x70,0x72,0x65,0x63,0x69,0x73,0x69,
    0x6f,0x6e,0x20,0x68,0x69,0x67,0x68,0x70,0x20,0x69,0x6e,0x74,0x3b,0x0a,0x0a,0x75,
    0x6e,0x69,0x66,0x6f,0x72,0x6d,0x20,0x68,0x69,0x67,0x68,0x70,0x20,0x76,0x65,0x63,
    0x34,0x20,0x66,0x6c,0x6f,0x77,0x5f,0x70,0x61,0x72,0x61,0x6d,0x73,0x5b,0x34,0x5d,
    0x3b,0x0a,0x75,0x6e,0x69,0x66,0x6f,0x72,0x6d,0x20,0x68,0x69,0x67,0x68,0x70,0x20,
    0x73,0x61,0x6d,0x70,0x6c,0x65,0x72,0x32,0x44,0x20,0x6f,0x62,0x73,0x74,0x61,0x63,
    0x6c,0x65,0x41,0x70,0x70,0x6c,0x79,0x53,0x6f,0x75,0x72,0x63,0x65,0x54,0x65,0x78,
    0x5f,0x6f,0x62,0x73,0x74,0x61,0x63,0x6c,0x65,0x41,0x70,0x70,0x6c,0x79,0x53,0x6f,
    0x75,0x72,0x63,0x65,0x53,0x6d,0x70,0x3b,0x0a,0x75,0x6e,0x69,0x66,0x6f,0x72,0x6d,
    0x20,0x68,0x69,0x67,0x68,0x70,0x20,0x73,0x61,0x6d,0x70,0x6c,0x65,0x72,0x32,0x44,
    0x20,0x6f,0x62,0x73,0x74,0x61,0x63,0x6c,0x65,0x54,0x65,0x78,0x5f,0x6f,0x62,0x73,
    0x74,0x61,0x63,0x6c,0x65,0x53,0x6d,0x70,0x3b,0x0a,0x0a,0x69,0x6e,0x20,0x68,0x69,
    0x67,0x68,0x70,0x20,0x76,0x65,0x63,0x32,0x20,0x75,0x76,0x3b,0x0a,0x6c,0x61,0x79,
    0x6f,0x75,0x74,0x28,0x6c,0x6f,0x63,0x61,0x74,0x69,0x6f,0x6e,0x20,0x3d,0x20,0x30,
    0x29,0x20,0x6f,0x75,0x74,0x20,0x68,0x69,0x67,0x68,0x70,0x20,0x76,0x65,0x63,0x34,
    0x20,0x66,0x72,0x61,0x67,0x5f,0x63,0x6f,0x6c,0x6f,0x72,0x3b,0x0a,0x0a,0x76,0x6f,
    0x69,0x64,0x20,0x6d,0x61,0x69,0x6e,0x28,0x29,0x0a,0x7b,0x0a,0x20,0x20,0x20,0x20,
    0x66,0x72,0x61,0x67,0x5f,0x63,0x6f,0x6c,0x6f,0x72,0x20,0x3d,0x20,0x74,0x65,0x78,
    0x74,0x75,0x72,0x65,0x28,0x6f,0x62,0x73,0x74,0x61,0x63,0x6c,0x65,0x41,0x70,0x70,
    0x6c,0x79,0x53,0x6f,0x75,0x72,0x63,0x65,0x54,0x65,0x78,0x5f,0x6f,0x62,0x73,0x74,
    0x61,0x63,0x6c,0x65,0x41,0x70,0x70,0x6c,0x79,0x53,0x6f,0x75,0x72,0x63,0x65,0x53,
    0x6d,0x70,0x2c,0x20,0x75,0x76,0x29,0x20,0x2a,0x20,0x28,0x31,0x2e,0x30,0x20,0x2d,
    0x20,0x73,0x74,0x65,0x70,0x28,0x66,0x6c,0x6f,0x77,0x5f,0x70,0x61,0x72,0x61,0x6d,
    0x73,0x5b,0x33,0x5d,0x2e,0x79,0x2c,0x20,0x74,0x65,0x78,0x74,0x75,0x72,0x65,0x28,
    0x6f,0x62,0x73,0x74,0x61,0x63,0x6c,0x65,0x54,0x65,0x78,0x5f,0x6f,0x62,0x73,0x74,
    0x61,0x63,0x6c,0x65,0x53,0x6d,0x70,0x2c,0x20,0x75,0x76,0x29,0x2e,0x78,0x29,0x29,
    0x3b,0x0a,0x7d,0x0a,0x0a,0x00,
};
/*
    static float4 gl_Position;
    static float2 position;
    static float2 uv;
    static float2 texcoord0;

    struct SPIRV_Cross_Input
    {
        float2 position : TEXCOORD0;
        float2 texcoord0 : TEXCOORD1;
    };

    struct SPIRV_Cross_Output
    {
        float2 uv : TEXCOORD0;
        float4 gl_Position : SV_Position;
    };

    void vert_main()
    {
        gl_Position = float4(position, 0.0f, 1.0f);
        uv = texcoord0;
    }

    SPIRV_Cross_Output main(SPIRV_Cross_Input stage_input)
    {
        position = stage_input.position;
        texcoord0 = stage_input.texcoord0;
        vert_main();
        SPIRV_Cross_Output stage_output;
        stage_output.gl_Position = gl_Position;
        stage_output.uv = uv;
        return stage_output;
    }
*/
static const uint8_t fluid_vs_source_hlsl5[665] = {
    0x73,0x74,0x61,0x74,0x69,0x63,0x20,0x66,0x6c,0x6f,0x61,0x74,0x34,0x20,0x67,0x6c,
    0x5f,0x50,0x6f,0x73,0x69,0x74,0x69,0x6f,0x6e,0x3b,0x0a,0x73,0x74,0x61,0x74,0x69,
    0x63,0x20,0x66,0x6c,0x6f,0x61,0x74,0x32,0x20,0x70,0x6f,0x73,0x69,0x74,0x69,0x6f,
    0x6e,0x3b,0x0a,0x73,0x74,0x61,0x74,0x69,0x63,0x20,0x66,0x6c,0x6f,0x61,0x74,0x32,
    0x20,0x75,0x76,0x3b,0x0a,0x73,0x74,0x61,0x74,0x69,0x63,0x20,0x66,0x6c,0x6f,0x61,
    0x74,0x32,0x20,0x74,0x65,0x78,0x63,0x6f,0x6f,0x72,0x64,0x30,0x3b,0x0a,0x0a,0x73,
    0x74,0x72,0x75,0x63,0x74,0x20,0x53,0x50,0x49,0x52,0x56,0x5f,0x43,0x72,0x6f,0x73,
    0x73,0x5f,0x49,0x6e,0x70,0x75,0x74,0x0a,0x7b,0x0a,0x20,0x20,0x20,0x20,0x66,0x6c,
    0x6f,0x61,0x74,0x32,0x20,0x70,0x6f,0x73,0x69,0x74,0x69,0x6f,0x6e,0x20,0x3a,0x20,
    0x54,0x45,0x58,0x43,0x4f,0x4f,0x52,0x44,0x30,0x3b,0x0a,0x20,0x20,0x20,0x20,0x66,
    0x6c,0x6f,0x61,0x74,0x32,0x20,0x74,0x65,0x78,0x63,0x6f,0x6f,0x72,0x64,0x30,0x20,
    0x3a,0x20,0x54,0x45,0x58,0x43,0x4f,0x4f,0x52,0x44,0x31,0x3b,0x0a,0x7d,0x3b,0x0a,
    0x0a,0x73,0x74,0x72,0x75,0x63,0x74,0x20,0x53,0x50,0x49,0x52,0x56,0x5f,0x43,0x72,
    0x6f,0x73,0x73,0x5f,0x4f,0x75,0x74,0x70,0x75,0x74,0x0a,0x7b,0x0a,0x20,0x20,0x20,
    0x20,0x66,0x6c,0x6f,0x61,0x74,0x32,0x20,0x75,0x76,0x20,0x3a,0x20,0x54,0x45,0x58,
    0x43,0x4f,0x4f,0x52,0x44,0x30,0x3b,0x0a,0x20,0x20,0x20,0x20,0x66,0x6c,0x6f,0x61,
    0x74,0x34,0x20,0x67,0x6c,0x5f,0x50,0x6f,0x73,0x69,0x74,0x69,0x6f,0x6e,0x20,0x3a,
    0x20,0x53,0x56,0x5f,0x50,0x6f,0x73,0x69,0x74,0x69,0x6f,0x6e,0x3b,0x0a,0x7d,0x3b,
    0x0a,0x0a,0x76,0x6f,0x69,0x64,0x20,0x76,0x65,0x72,0x74,0x5f,0x6d,0x61,0x69,0x6e,
    0x28,0x29,0x0a,0x7b,0x0a,0x20,0x20,0x20,0x20,0x67,0x6c,0x5f,0x50,0x6f,0x73,0x69,
    0x74,0x69,0x6f,0x6e,0x20,0x3d,0x20,0x66,0x6c,0x6f,0x61,0x74,0x34,0x28,0x70,0x6f,
    0x73,0x69,0x74,0x69,0x6f,0x6e,0x2c,0x20,0x30,0x2e,0x30,0x66,0x2c,0x20,0x31,0x2e,
    0x30,0x66,0x29,0x3b,0x0a,0x20,0x20,0x20,0x20,0x75,0x76,0x20,0x3d,0x20,0x74,0x65,
    0x78,0x63,0x6f,0x6f,0x72,0x64,0x30,0x3b,0x0a,0x7d,0x0a,0x0a,0x53,0x50,0x49,0x52,
    0x56,0x5f,0x43,0x72,0x6f,0x73,0x73,0x5f,0x4f,0x75,0x74,0x70,0x75,0x74,0x20,0x6d,
    0x61,0x69,0x6e,0x28,0x53,0x50,0x49,0x52,0x56,0x5f,0x43,0x72,0x6f,0x73,0x73,0x5f,
    0x49,0x6e,0x70,0x75,0x74,0x20,0x73,0x74,0x61,0x67,0x65,0x5f,0x69,0x6e,0x70,0x75,
    0x74,0x29,0x0a,0x7b,0x0a,0x20,0x20,0x20,0x20,0x70,0x6f,0x73,0x69,0x74,0x69,0x6f,
    0x6e,0x20,0x3d,0x20,0x73,0x74,0x61,0x67,0x65,0x5f,0x69,0x6e,0x70,0x75,0x74,0x2e,
    0x70,0x6f,0x73,0x69,0x74,0x69,0x6f,0x6e,0x3b,0x0a,0x20,0x20,0x20,0x20,0x74,0x65,
    0x78,0x63,0x6f,0x6f,0x72,0x64,0x30,0x20,0x3d,0x20,0x73,0x74,0x61,0x67,0x65,0x5f,
    0x69,0x6e,0x70,0x75,0x74,0x2e,0x74,0x65,0x78,0x63,0x6f,0x6f,0x72,0x64,0x30,0x3b,
    0x0a,0x20,0x20,0x20,0x20,0x76,0x65,0x72,0x74,0x5f,0x6d,0x61,0x69,0x6e,0x28,0x29,
    0x3b,0x0a,0x20,0x20,0x20,0x20,0x53,0x50,0x49,0x52,0x56,0x5f,0x43,0x72,0x6f,0x73,
    0x73,0x5f,0x4f,0x75,0x74,0x70,0x75,0x74,0x20,0x73,0x74,0x61,0x67,0x65,0x5f,0x6f,
    0x75,0x74,0x70,0x75,0x74,0x3b,0x0a,0x20,0x20,0x20,0x20,0x73,0x74,0x61,0x67,0x65,
    0x5f,0x6f,0x75,0x74,0x70,0x75,0x74,0x2e,0x67,0x6c,0x5f,0x50,0x6f,0x73,0x69,0x74,
    0x69,0x6f,0x6e,0x20,0x3d,0x20,0x67,0x6c,0x5f,0x50,0x6f,0x73,0x69,0x74,0x69,0x6f,
    0x6e,0x3b,0x0a,0x20,0x20,0x20,0x20,0x73,0x74,0x61,0x67,0x65,0x5f,0x6f,0x75,0x74,
    0x70,0x75,0x74,0x2e,0x75,0x76,0x20,0x3d,0x20,0x75,0x76,0x3b,0x0a,0x20,0x20,0x20,
    0x20,0x72,0x65,0x74,0x75,0x72,0x6e,0x20,0x73,0x74,0x61,0x67,0x65,0x5f,0x6f,0x75,
    0x74,0x70,0x75,0x74,0x3b,0x0a,0x7d,0x0a,0x00,
};
/*
    cbuffer flow_params : register(b0)
    {
        float4 _31_color : packoffset(c0);
        float4 _31_resolution : packoffset(c1);
        float4 _31_texel : packoffset(c2);
        float4 _31_options : packoffset(c3);
    };

    Texture2D<float4> velocityTex : register(t0);
    SamplerState velocitySmp : register(s0);
    Texture2D<float4> fluidSourceTex : register(t1);
    SamplerState fluidSourceSmp : register(s1);

    static float2 uv;
    static float4 frag_color;

    struct SPIRV_Cross_Input
    {
        float2 uv : TEXCOORD0;
    };

    struct SPIRV_Cross_Output
    {
        float4 frag_color : SV_Target0;
    };

    void frag_main()
    {
        float4 _24 = velocityTex.Sample(velocitySmp, uv);
        float4 _55 = fluidSourceTex.Sample(fluidSourceSmp, uv - ((_24.xy * _31_texel.xy) * _31_options.x));
        float4 _59 = _55 * _31_options.z;
        float4 _68;
        if (_31_options.w > 0.5f)
        {
            _68 = clamp(_59, 0.0f.xxxx, 1.0f.xxxx);
        }
        else
        {
            _68 = _59;
        }
        frag_color = _68;
    }

    SPIRV_Cross_Output main(SPIRV_Cross_Input stage_input)
    {
        uv = stage_input.uv;
        frag_main();
        SPIRV_Cross_Output stage_output;
        stage_output.frag_color = frag_color;
        return stage_output;
    }
*/
static const uint8_t fs_advect_source_hlsl5[1148] = {
    0x63,0x62,0x75,0x66,0x66,0x65,0x72,0x20,0x66,0x6c,0x6f,0x77,0x5f,0x70,0x61,0x72,
    0x61,0x6d,0x73,0x20,0x3a,0x20,0x72,0x65,0x67,0x69,0x73,0x74,0x65,0x72,0x28,0x62,
    0x30,0x29,0x0a,0x7b,0x0a,0x20,0x20,0x20,0x20,0x66,0x6c,0x6f,0x61,0x74,0x34,0x20,
    0x5f,0x33,0x31,0x5f,0x63,0x6f,0x6c,0x6f,0x72,0x20,0x3a,0x20,0x70,0x61,0x63,0x6b,
    0x6f,0x66,0x66,0x73,0x65,0x74,0x28,0x63,0x30,0x29,0x3b,0x0a,0x20,0x20,0x20,0x20,
    0x66,0x6c,0x6f,0x61,0x74,0x34,0x20,0x5f,0x33,0x31,0x5f,0x72,0x65,0x73,0x6f,0x6c,
    0x75,0x74,0x69,0x6f,0x6e,0x20,0x3a,0x20,0x70,0x61,0x63,0x6b,0x6f,0x66,0x66,0x73,
    0x65,0x74,0x28,0x63,0x31,0x29,0x3b,0x0a,0x20,0x20,0x20,0x20,0x66,0x6c,0x6f,0x61,
    0x74,0x34,0x20,0x5f,0x33,0x31,0x5f,0x74,0x65,0x78,0x65,0x6c,0x20,0x3a,0x20,0x70,
    0x61,0x63,0x6b,0x6f,0x66,0x66,0x73,0x65,0x74,0x28,0x63,0x32,0x29,0x3b,0x0a,0x20,
    0x20,0x20,0x20,0x66,0x6c,0x6f,0x61,0x74,0x34,0x20,0x5f,0x33,0x31,0x5f,0x6f,0x70,
    0x74,0x69,0x6f,0x6e,0x73,0x20,0x3a,0x20,0x70,0x61,0x63,0x6b,0x6f,0x66,0x66,0x73,
    0x65,0x74,0x28,0x63,0x33,0x29,0x3b,0x0a,0x7d,0x3b,0x0a,0x0a,0x54,0x65,0x78,0x74,
    0x75,0x72,0x65,0x32,0x44,0x3c,0x66,0x6c,0x6f,0x61,0x74,0x34,0x3e,0x20,0x76,0x65,
    0x6c,0x6f,0x63,0x69,0x74,0x79,0x54,0x65,0x78,0x20,0x3a,0x20,0x72,0x65,0x67,0x69,
    0x73,0x74,0x65,0x72,0x28,0x74,0x30,0x29,0x3b,0x0a,0x53,0x61,0x6d,0x70,0x6c,0x65,
    0x72,0x53,0x74,0x61,0x74,0x65,0x20,0x76,0x65,0x6c,0x6f,0x63,0x69,0x74,0x79,0x53,
    0x6d,0x70,0x20,0x3a,0x20,0x72,0x65,0x67,0x69,0x73,0x74,0x65,0x72,0x28,0x73,0x30,
    0x29,0x3b,0x0a,0x54,0x65,0x78,0x74,0x75,0x72,0x65,0x32,0x44,0x3c,0x66,0x6c,0x6f,
    0x61,0x74,0x34,0x3e,0x20,0x66,0x6c,0x75,0x69,0x64,0x53,0x6f,0x75,0x72,0x63,0x65,
    0x54,0x65,0x78,0x20,0x3a,0x20,0x72,0x65,0x67,0x69,0x73,0x74,0x65,0x72,0x28,0x74,
    0x31,0x29,0x3b,0x0a,0x53,0x61,0x6d,0x70,0x6c,0x65,0x72,0x53,0x74,0x61,0x74,0x65,
    0x20,0x66,0x6c,0x75,0x69,0x64,0x53,0x6f,0x75,0x72,0x63,0x65,0x53,0x6d,0x70,0x20,
    0x3a,0x20,0x72,0x65,0x67,0x69,0x73,0x74,0x65,0x72,0x28,0x73,0x31,0x29,0x3b,0x0a,
    0x0a,0x73,0x74,0x61,0x74,0x69,0x63,0x20,0x66,0x6c,0x6f,0x61,0x74,0x32,0x20,0x75,
    0x76,0x3b,0x0a,0x73,0x74,0x61,0x74,0x69,0x63,0x20,0x66,0x6c,0x6f,0x61,0x74,0x34,
    0x20,0x66,0x72,0x61,0x67,0x5f,0x63,0x6f,0x6c,0x6f,0x72,0x3b,0x0a,0x0a,0x73,0x74,
    0x72,0x75,0x63,0x74,0x20,0x53,0x50,0x49,0x52,0x56,0x5f,0x43,0x72,0x6f,0x73,0x73,
    0x5f,0x49,0x6e,0x70,0x75,0x74,0x0a,0x7b,0x0a,0x20,0x20,0x20,0x20,0x66,0x6c,0x6f,
    0x61,0x74,0x32,0x20,0x75,0x76,0x20,0x3a,0x20,0x54,0x45,0x58,0x43,0x4f,0x4f,0x52,
    0x44,0x30,0x3b,0x0a,0x7d,0x3b,0x0a,0x0a,0x73,0x74,0x72,0x75,0x63,0x74,0x20,0x53,
    0x50,0x49,0x52,0x56,0x5f,0x43,0x72,0x6f,0x73,0x73,0x5f,0x4f,0x75,0x74,0x70,0x75,
    0x74,0x0a,0x7b,0x0a,0x20,0x20,0x20,0x20,0x66,0x6c,0x6f,0x61,0x74,0x34,0x20,0x66,
    0x72,0x61,0x67,0x5f,0x63,0x6f,0x6c,0x6f,0x72,0x20,0x3a,0x20,0x53,0x56,0x5f,0x54,
    0x61,0x72,0x67,0x65,0x74,0x30,0x3b,0x0a,0x7d,0x3b,0x0a,0x0a,0x76,0x6f,0x69,0x64,
    0x20,0x66,0x72,0x61,0x67,0x5f,0x6d,0x61,0x69,0x6e,0x28,0x29,0x0a,0x7b,0x0a,0x20,
    0x20,0x20,0x20,0x66,0x6c,0x6f,0x61,0x74,0x34,0x20,0x5f,0x32,0x34,0x20,0x3d,0x20,
    0x76,0x65,0x6c,0x6f,0x63,0x69,0x74,0x79,0x54,0x65,0x78,0x2e,0x53,0x61,0x6d,0x70,
    0x6c,0x65,0x28,0x76,0x65,0x6c,0x6f,0x63,0x69,0x74,0x79,0x53,0x6d,0x70,0x2c,0x20,
    0x75,0x76,0x29,0x3b,0x0a,0x20,0x20,0x20,0x20,0x66,0x6c,0x6f,0x61,0x74,0x34,0x20,
    0x5f,0x35,0x35,0x20,0x3d,0x20,0x66,0x6c,0x75,0x69,0x64,0x53,0x6f,0x75,0x72,0x63,
    0x65,0x54,0x65,0x78,0x2e,0x53,0x61,0x6d,0x70,0x6c,0x65,0x28,0x66,0x6c,0x75,0x69,
    0x64,0x53,0x6f,0x75,0x72,0x63,0x65,0x53,0x6d,0x70,0x2c,0x20,0x75,0x76,0x20,0x2d,
    0x20,0x28,0x28,0x5f,0x32,0x34,0x2e,0x78,0x79,0x20,0x2a,0x20,0x5f,0x33,0x31,0x5f,
    0x74,0x65,0x78,0x65,0x6c,0x2e,0x78,0x79,0x29,0x20,0x2a,0x20,0x5f,0x33,0x31,0x5f,
    0x6f,0x70,0x74,0x69,0x6f,0x6e,0x73,0x2e,0x78,0x29,0x29,0x3b,0x0a,0x20,0x20,0x20,
    0x20,0x66,0x6c,0x6f,0x61,0x74,0x34,0x20,0x5f,0x35,0x39,0x20,0x3d,0x20,0x5f,0x35,
    0x35,0x20,0x2a,0x20,0x5f,0x33,0x31,0x5f,0x6f,0x70,0x74,0x69,0x6f,0x6e,0x73,0x2e,
    0x7a,0x3b,0x0a,0x20,0x20,0x20,0x20,0x66,0x6c,0x6f,0x61,0x74,0x34,0x20,0x5f,0x36,
    0x38,0x3b,0x0a,0x20,0x20,0x20,0x20,0x69,0x66,0x20,0x28,0x5f,0x33,0x31,0x5f,0x6f,
    0x70,0x74,0x69,0x6f,0x6e,0x73,0x2e,0x77,0x20,0x3e,0x20,0x30,0x2e,0x35,0x66,0x29,
    0x0a,0x20,0x20,0x20,0x20,0x7b,0x0a,0x20,0x20,0x20,0x20,0x20,0x20,0x20,0x20,0x5f,
    0x36,0x38,0x20,0x3d,0x20,0x63,0x6c,0x61,0x6d,0x70,0x28,0x5f,0x35,0x39,0x2c,0x20,
    0x30,0x2e,0x30,0x66,0x2e,0x78,0x78,0x78,0x78,0x2c,0x20,0x31,0x2e,0x30,0x66,0x2e,
    0x78,0x78,0x78,0x78,0x29,0x3b,0x0a,0x20,0x20,0x20,0x20,0x7d,0x0a,0x20,0x20,0x20,
    0x20,0x65,0x6c,0x73,0x65,0x0a,0x20,0x20,0x20,0x20,0x7b,0x0a,0x20,0x20,0x20,0x20,
    0x20,0x20,0x20,0x20,0x5f,0x36,0x38,0x20,0x3d,0x20,0x5f,0x35,0x39,0x3b,0x0a,0x20,
    0x20,0x20,0x20,0x7d,0x0a,0x20,0x20,0x20,0x20,0x66,0x72,0x61,0x67,0x5f,0x63,0x6f,
    0x6c,0x6f,0x72,0x20,0x3d,0x20,0x5f,0x36,0x38,0x3b,0x0a,0x7d,0x0a,0x0a,0x53,0x50,
    0x49,0x52,0x56,0x5f,0x43,0x72,0x6f,0x73,0x73,0x5f,0x4f,0x75,0x74,0x70,0x75,0x74,
    0x20,0x6d,0x61,0x69,0x6e,0x28,0x53,0x50,0x49,0x52,0x56,0x5f,0x43,0x72,0x6f,0x73,
    0x73,0x5f,0x49,0x6e,0x70,0x75,0x74,0x20,0x73,0x74,0x61,0x67,0x65,0x5f,0x69,0x6e,
    0x70,0x75,0x74,0x29,0x0a,0x7b,0x0a,0x20,0x20,0x20,0x20,0x75,0x76,0x20,0x3d,0x20,
    0x73,0x74,0x61,0x67,0x65,0x5f,0x69,0x6e,0x70,0x75,0x74,0x2e,0x75,0x76,0x3b,0x0a,
    0x20,0x20,0x20,0x20,0x66,0x72,0x61,0x67,0x5f,0x6d,0x61,0x69,0x6e,0x28,0x29,0x3b,
    0x0a,0x20,0x20,0x20,0x20,0x53,0x50,0x49,0x52,0x56,0x5f,0x43,0x72,0x6f,0x73,0x73,
    0x5f,0x4f,0x75,0x74,0x70,0x75,0x74,0x20,0x73,0x74,0x61,0x67,0x65,0x5f,0x6f,0x75,
    0x74,0x70,0x75,0x74,0x3b,0x0a,0x20,0x20,0x20,0x20,0x73,0x74,0x61,0x67,0x65,0x5f,
    0x6f,0x75,0x74,0x70,0x75,0x74,0x2e,0x66,0x72,0x61,0x67,0x5f,0x63,0x6f,0x6c,0x6f,
    0x72,0x20,0x3d,0x20,0x66,0x72,0x61,0x67,0x5f,0x63,0x6f,0x6c,0x6f,0x72,0x3b,0x0a,
    0x20,0x20,0x20,0x20,0x72,0x65,0x74,0x75,0x72,0x6e,0x20,0x73,0x74,0x61,0x67,0x65,
    0x5f,0x6f,0x75,0x74,0x70,0x75,0x74,0x3b,0x0a,0x7d,0x0a,0x00,
};
/*
    cbuffer flow_params : register(b0)
    {
        float4 _30_color : packoffset(c0);
        float4 _30_resolution : packoffset(c1);
        float4 _30_texel : packoffset(c2);
        float4 _30_options : packoffset(c3);
    };

    Texture2D<float4> fluidSourceTex : register(t0);
    SamplerState fluidSourceSmp : register(s1);

    static float2 uv;
    static float4 frag_color;

    struct SPIRV_Cross_Input
    {
        float2 uv : TEXCOORD0;
    };

    struct SPIRV_Cross_Output
    {
        float4 frag_color : SV_Target0;
    };

    void frag_main()
    {
        float4 _24 = fluidSourceTex.Sample(fluidSourceSmp, uv);
        float _64 = max(0.0f, 1.0f - (length((uv * _30_resolution.xy) - _30_texel.zw) / max(_30_options.z, 1.0f)));
        float4 value = _24;
        if (_30_options.y < 0.5f)
        {
            value = _24 + ((_30_color * _64) * _30_options.x);
        }
        else
        {
            if (_30_options.y < 1.5f)
            {
                value = max(_24, (_30_color * sqrt(sqrt(_64))) * _30_options.x);
            }
            else
            {
                float2 _109 = _24.xy;
                float2 _118 = (_30_color.xy * _64) * _30_options.x;
                float2 _125;
                if (length(_109) > length(_118))
                {
                    _125 = _109;
                }
                else
                {
                    _125 = lerp(_109, _118, clamp(_30_color.z, 0.0f, 1.0f).xx);
                }
                value = float4(_125, 0.0f, 1.0f);
            }
        }
        float4 _148;
        if (_30_options.w > 0.5f)
        {
            _148 = clamp(value, 0.0f.xxxx, 1.0f.xxxx);
        }
        else
        {
            _148 = value;
        }
        frag_color = _148;
    }

    SPIRV_Cross_Output main(SPIRV_Cross_Input stage_input)
    {
        uv = stage_input.uv;
        frag_main();
        SPIRV_Cross_Output stage_output;
        stage_output.frag_color = frag_color;
        return stage_output;
    }
*/
static const uint8_t fs_splat_source_hlsl5[1747] = {
    0x63,0x62,0x75,0x66,0x66,0x65,0x72,0x20,0x66,0x6c,0x6f,0x77,0x5f,0x70,0x61,0x72,
    0x61,0x6d,0x73,0x20,0x3a,0x20,0x72,0x65,0x67,0x69,0x73,0x74,0x65,0x72,0x28,0x62,
    0x30,0x29,0x0a,0x7b,0x0a,0x20,0x20,0x20,0x20,0x66,0x6c,0x6f,0x61,0x74,0x34,0x20,
    0x5f,0x33,0x30,0x5f,0x63,0x6f,0x6c,0x6f,0x72,0x20,0x3a,0x20,0x70,0x61,0x63,0x6b,
    0x6f,0x66,0x66,0x73,0x65,0x74,0x28,0x63,0x30,0x29,0x3b,0x0a,0x20,0x20,0x20,0x20,
    0x66,0x6c,0x6f,0x61,0x74,0x34,0x20,0x5f,0x33,0x30,0x5f,0x72,0x65,0x73,0x6f,0x6c,
    0x75,0x74,0x69,0x6f,0x6e,0x20,0x3a,0x20,0x70,0x61,0x63,0x6b,0x6f,0x66,0x66,0x73,
    0x65,0x74,0x28,0x63,0x31,0x29,0x3b,0x0a,0x20,0x20,0x20,0x20,0x66,0x6c,0x6f,0x61,
    0x74,0x34,0x20,0x5f,0x33,0x30,0x5f,0x74,0x65,0x78,0x65,0x6c,0x20,0x3a,0x20,0x70,
    0x61,0x63,0x6b,0x6f,0x66,0x66,0x73,0x65,0x74,0x28,0x63,0x32,0x29,0x3b,0x0a,0x20,
    0x20,0x20,0x20,0x66,0x6c,0x6f,0x61,0x74,0x34,0x20,0x5f,0x33,0x30,0x5f,0x6f,0x70,
    0x74,0x69,0x6f,0x6e,0x73,0x20,0x3a,0x20,0x70,0x61,0x63,0x6b,0x6f,0x66,0x66,0x73,
    0x65,0x74,0x28,0x63,0x33,0x29,0x3b,0x0a,0x7d,0x3b,0x0a,0x0a,0x54,0x65,0x78,0x74,
    0x75,0x72,0x65,0x32,0x44,0x3c,0x66,0x6c,0x6f,0x61,0x74,0x34,0x3e,0x20,0x66,0x6c,
    0x75,0x69,0x64,0x53,0x6f,0x75,0x72,0x63,0x65,0x54,0x65,0x78,0x20,0x3a,0x20,0x72,
    0x65,0x67,0x69,0x73,0x74,0x65,0x72,0x28,0x74,0x30,0x29,0x3b,0x0a,0x53,0x61,0x6d,
    0x70,0x6c,0x65,0x72,0x53,0x74,0x61,0x74,0x65,0x20,0x66,0x6c,0x75,0x69,0x64,0x53,
    0x6f,0x75,0x72,0x63,0x65,0x53,0x6d,0x70,0x20,0x3a,0x20,0x72,0x65,0x67,0x69,0x73,
    0x74,0x65,0x72,0x28,0x73,0x31,0x29,0x3b,0x0a,0x0a,0x73,0x74,0x61,0x74,0x69,0x63,
    0x20,0x66,0x6c,0x6f,0x61,0x74,0x32,0x20,0x75,0x76,0x3b,0x0a,0x73,0x74,0x61,0x74,
    0x69,0x63,0x20,0x66,0x6c,0x6f,0x61,0x74,0x34,0x20,0x66,0x72,0x61,0x67,0x5f,0x63,
    0x6f,0x6c,0x6f,0x72,0x3b,0x0a,0x0a,0x73,0x74,0x72,0x75,0x63,0x74,0x20,0x53,0x50,
    0x49,0x52,0x56,0x5f,0x43,0x72,0x6f,0x73,0x73,0x5f,0x49,0x6e,0x70,0x75,0x74,0x0a,
    0x7b,0x0a,0x20,0x20,0x20,0x20,0x66,0x6c,0x6f,0x61,0x74,0x32,0x20,0x75,0x76,0x20,
    0x3a,0x20,0x54,0x45,0x58,0x43,0x4f,0x4f,0x52,0x44,0x30,0x3b,0x0a,0x7d,0x3b,0x0a,
    0x0a,0x73,0x74,0x72,0x75,0x63,0x74,0x20,0x53,0x50,0x49,0x52,0x56,0x5f,0x43,0x72,
    0x6f,0x73,0x73,0x5f,0x4f,0x75,0x74,0x70,0x75,0x74,0x0a,0x7b,0x0a,0x20,0x20,0x20,
    0x20,0x66,0x6c,0x6f,0x61,0x74,0x34,0x20,0x66,0x72,0x61,0x67,0x5f,0x63,0x6f,0x6c,
    0x6f,0x72,0x20,0x3a,0x20,0x53,0x56,0x5f,0x54,0x61,0x72,0x67,0x65,0x74,0x30,0x3b,
    0x0a,0x7d,0x3b,0x0a,0x0a,0x76,0x6f,0x69,0x64,0x20,0x66,0x72,0x61,0x67,0x5f,0x6d,
    0x61,0x69,0x6e,0x28,0x29,0x0a,0x7b,0x0a,0x20,0x20,0x20,0x20,0x66,0x6c,0x6f,0x61,
    0x74,0x34,0x20,0x5f,0x32,0x34,0x20,0x3d,0x20,0x66,0x6c,0x75,0x69,0x64,0x53,0x6f,
    0x75,0x72,0x63,0x65,0x54,0x65,0x78,0x2e,0x53,0x61,0x6d,0x70,0x6c,0x65,0x28,0x66,
    0x6c,0x75,0x69,0x64,0x53,0x6f,0x75,0x72,0x63,0x65,0x53,0x6d,0x70,0x2c,0x20,0x75,
    0x76,0x29,0x3b,0x0a,0x20,0x20,0x20,0x20,0x66,0x6c,0x6f,0x61,0x74,0x20,0x5f,0x36,
    0x34,0x20,0x3d,0x20,0x6d,0x61,0x78,0x28,0x30,0x2e,0x30,0x66,0x2c,0x20,0x31,0x2e,
    0x30,0x66,0x20,0x2d,0x20,0x28,0x6c,0x65,0x6e,0x67,0x74,0x68,0x28,0x28,0x75,0x76,
    0x20,0x2a,0x20,0x5f,0x33,0x30,0x5f,0x72,0x65,0x73,0x6f,0x6c,0x75,0x74,0x69,0x6f,
    0x6e,0x2e,0x78,0x79,0x29,0x20,0x2d,0x20,0x5f,0x33,0x30,0x5f,0x74,0x65,0x78,0x65,
    0x6c,0x2e,0x7a,0x77,0x29,0x20,0x2f,0x20,0x6d,0x61,0x78,0x28,0x5f,0x33,0x30,0x5f,
    0x6f,0x70,0x74,0x69,0x6f,0x6e,0x73,0x2e,0x7a,0x2c,0x20,0x31,0x2e,0x30,0x66,0x29,
    0x29,0x29,0x3b,0x0a,0x20,0x20,0x20,0x20,0x66,0x6c,0x6f,0x61,0x74,0x34,0x20,0x76,
    0x61,0x6c,0x75,0x65,0x20,0x3d,0x20,0x5f,0x32,0x34,0x3b,0x0a,0x20,0x20,0x20,0x20,
    0x69,0x66,0x20,0x28,0x5f,0x33,0x30,0x5f,0x6f,0x70,0x74,0x69,0x6f,0x6e,0x73,0x2e,
    0x79,0x20,0x3c,0x20,0x30,0x2e,0x35,0x66,0x29,0x0a,0x20,0x20,0x20,0x20,0x7b,0x0a,
    0x20,0x20,0x20,0x20,0x20,0x20,0x20,0x20,0x76,0x61,0x6c,0x75,0x65,0x20,0x3d,0x20,
    0x5f,0x32,0x34,0x20,0x2b,0x20,0x28,0x28,0x5f,0x33,0x30,0x5f,0x63,0x6f,0x6c,0x6f,
    0x72,0x20,0x2a,0x20,0x5f,0x36,0x34,0x29,0x20,0x2a,0x20,0x5f,0x33,0x30,0x5f,0x6f,
    0x70,0x74,0x69,0x6f,0x6e,0x73,0x2e,0x78,0x29,0x3b,0x0a,0x20,0x20,0x20,0x20,0x7d,
    0x0a,0x20,0x20,0x20,0x20,0x65,0x6c,0x73,0x65,0x0a,0x20,0x20,0x20,0x20,0x7b,0x0a,
    0x20,0x20,0x20,0x20,0x20,0x20,0x20,0x20,0x69,0x66,0x20,0x28,0x5f,0x33,0x30,0x5f,
    0x6f,0x70,0x74,0x69,0x6f,0x6e,0x73,0x2e,0x79,0x20,0x3c,0x20,0x31,0x2e,0x35,0x66,
    0x29,0x0a,0x20,0x20,0x20,0x20,0x20,0x20,0x20,0x20,0x7b,0x0a,0x20,0x20,0x20,0x20,
    0x20,0x20,0x20,0x20,0x20,0x20,0x20,0x20,0x76,0x61,0x6c,0x75,0x65,0x20,0x3d,0x20,
    0x6d,0x61,0x78,0x28,0x5f,0x32,0x34,0x2c,0x20,0x28,0x5f,0x33,0x30,0x5f,0x63,0x6f,
    0x6c,0x6f,0x72,0x20,0x2a,0x20,0x73,0x71,0x72,0x74,0x28,0x73,0x71,0x72,0x74,0x28,
    0x5f,0x36,0x34,0x29,0x29,0x29,0x20,0x2a,0x20,0x5f,0x33,0x30,0x5f,0x6f,0x70,0x74,
    0x69,0x6f,0x6e,0x73,0x2e,0x78,0x29,0x3b,0x0a,0x20,0x20,0x20,0x20,0x20,0x20,0x20,
    0x20,0x7d,0x0a,0x20,0x20,0x20,0x20,0x20,0x20,0x20,0x20,0x65,0x6c,0x73,0x65,0x0a,
    0x20,0x20,0x20,0x20,0x20,0x20,0x20,0x20,0x7b,0x0a,0x20,0x20,0x20,0x20,0x20,0x20,
    0x20,0x20,0x20,0x20,0x20,0x20,0x66,0x6c,0x6f,0x61,0x74,0x32,0x20,0x5f,0x31,0x30,
    0x39,0x20,0x3d,0x20,0x5f,0x32,0x34,0x2e,0x78,0x79,0x3b,0x0a,0x20,0x20,0x20,0x20,
    0x20,0x20,0x20,0x20,0x20,0x20,0x20,0x20,0x66,0x6c,0x6f,0x61,0x74,0x32,0x20,0x5f,
    0x31,0x31,0x38,0x20,0x3d,0x20,0x28,0x5f,0x33,0x30,0x5f,0x63,0x6f,0x6c,0x6f,0x72,
    0x2e,0x78,0x79,0x20,0x2a,0x20,0x5f,0x36,0x34,0x29,0x20,0x2a,0x20,0x5f,0x33,0x30,
    0x5f,0x6f,0x70,0x74,0x69,0x6f,0x6e,0x73,0x2e,0x78,0x3b,0x0a,0x20,0x20,0x20,0x20,
    0x20,0x20,0x20,0x20,0x20,0x20,0x20,0x20,0x66,0x6c,0x6f,0x61,0x74,0x32,0x20,0x5f,
    0x31,0x32,0x35,0x3b,0x0a,0x20,0x20,0x20,0x20,0x20,0x20,0x20,0x20,0x20,0x20,0x20,
    0x20,0x69,0x66,0x20,0x28,0x6c,0x65,0x6e,0x67,0x74,0x68,0x28,0x5f,0x31,0x30,0x39,
    0x29,0x20,0x3e,0x20,0x6c,0x65,0x6e,0x67,0x74,0x68,0x28,0x5f,0x31,0x31,0x38,0x29,
    0x29,0x0a,0x20,0x20,0x20,0x20,0x20,0x20,0x20,0x20,0x20,0x20,0x20,0x20,0x7b,0x0a,
    0x20,0x20,0x20,0x20,0x20,0x20,0x20,0x20,0x20,0x20,0x20,0x20,0x20,0x20,0x20,0x20,
    0x5f,0x31,0x32,0x35,0x20,0x3d,0x20,0x5f,0x31,0x30,0x39,0x3b,0x0a,0x20,0x20,0x20,
    0x20,0x20,0x20,0x20,0x20,0x20,0x20,0x20,0x20,0x7d,0x0a,0x20,0x20,0x20,0x20,0x20,
    0x20,0x20,0x20,0x20,0x20,0x20,0x20,0x65,0x6c,0x73,0x65,0x0a,0x20,0x20,0x20,0x20,
    0x20,0x20,0x20,0x20,0x20,0x20,0x20,0x20,0x7b,0x0a,0x20,0x20,0x20,0x20,0x20,0x20,
    0x20,0x20,0x20,0x20,0x20,0x20,0x20,0x20,0x20,0x20,0x5f,0x31,0x32,0x35,0x20,0x3d,
    0x20,0x6c,0x65,0x72,0x70,0x28,0x5f,0x31,0x30,0x39,0x2c,0x20,0x5f,0x31,0x31,0x38,
    0x2c,0x20,0x63,0x6c,0x61,0x6d,0x70,0x28,0x5f,0x33,0x30,0x5f,0x63,0x6f,0x6c,0x6f,
    0x72,0x2e,0x7a,0x2c,0x20,0x30,0x2e,0x30,0x66,0x2c,0x20,0x31,0x2e,0x30,0x66,0x29,
    0x2e,0x78,0x78,0x29,0x3b,0x0a,0x20,0x20,0x20,0x20,0x20,0x20,0x20,0x20,0x20,0x20,
    0x20,0x20,0x7d,0x0a,0x20,0x20,0x20,0x20,0x20,0x20,0x20,0x20,0x20,0x20,0x20,0x20,
    0x76,0x61,0x6c,0x75,0x65,0x20,0x3d,0x20,0x66,0x6c,0x6f,0x61,0x74,0x34,0x28,0x5f,
    0x31,0x32,0x35,0x2c,0x20,0x30,0x2e,0x30,0x66,0x2c,0x20,0x31,0x2e,0x30,0x66,0x29,
    0x3b,0x0a,0x20,0x20,0x20,0x20,0x20,0x20,0x20,0x20,0x7d,0x0a,0x20,0x20,0x20,0x20,
    0x7d,0x0a,0x20,0x20,0x20,0x20,0x66,0x6c,0x6f,0x61,0x74,0x34,0x20,0x5f,0x31,0x34,
    0x38,0x3b,0x0a,0x20,0x20,0x20,0x20,0x69,0x66,0x20,0x28,0x5f,0x33,0x30,0x5f,0x6f,
    0x70,0x74,0x69,0x6f,0x6e,0x73,0x2e,0x77,0x20,0x3e,0x20,0x30,0x2e,0x35,0x66,0x29,
    0x0a,0x20,0x20,0x20,0x20,0x7b,0x0a,0x20,0x20,0x20,0x20,0x20,0x20,0x20,0x20,0x5f,
    0x31,0x34,0x38,0x20,0x3d,0x20,0x63,0x6c,0x61,0x6d,0x70,0x28,0x76,0x61,0x6c,0x75,
    0x65,0x2c,0x20,0x30,0x2e,0x30,0x66,0x2e,0x78,0x78,0x78,0x78,0x2c,0x20,0x31,0x2e,
    0x30,0x66,0x2e,0x78,0x78,0x78,0x78,0x29,0x3b,0x0a,0x20,0x20,0x20,0x20,0x7d,0x0a,
    0x20,0x20,0x20,0x20,0x65,0x6c,0x73,0x65,0x0a,0x20,0x20,0x20,0x20,0x7b,0x0a,0x20,
    0x20,0x20,0x20,0x20,0x20,0x20,0x20,0x5f,0x31,0x34,0x38,0x20,0x3d,0x20,0x76,0x61,
    0x6c,0x75,0x65,0x3b,0x0a,0x20,0x20,0x20,0x20,0x7d,0x0a,0x20,0x20,0x20,0x20,0x66,
    0x72,0x61,0x67,0x5f,0x63,0x6f,0x6c,0x6f,0x72,0x20,0x3d,0x20,0x5f,0x31,0x34,0x38,
    0x3b,0x0a,0x7d,0x0a,0x0a,0x53,0x50,0x49,0x52,0x56,0x5f,0x43,0x72,0x6f,0x73,0x73,
    0x5f,0x4f,0x75,0x74,0x70,0x75,0x74,0x20,0x6d,0x61,0x69,0x6e,0x28,0x53,0x50,0x49,
    0x52,0x56,0x5f,0x43,0x72,0x6f,0x73,0x73,0x5f,0x49,0x6e,0x70,0x75,0x74,0x20,0x73,
    0x74,0x61,0x67,0x65,0x5f,0x69,0x6e,0x70,0x75,0x74,0x29,0x0a,0x7b,0x0a,0x20,0x20,
    0x20,0x20,0x75,0x76,0x20,0x3d,0x20,0x73,0x74,0x61,0x67,0x65,0x5f,0x69,0x6e,0x70,
    0x75,0x74,0x2e,0x75,0x76,0x3b,0x0a,0x20,0x20,0x20,0x20,0x66,0x72,0x61,0x67,0x5f,
    0x6d,0x61,0x69,0x6e,0x28,0x29,0x3b,0x0a,0x20,0x20,0x20,0x20,0x53,0x50,0x49,0x52,
    0x56,0x5f,0x43,0x72,0x6f,0x73,0x73,0x5f,0x4f,0x75,0x74,0x70,0x75,0x74,0x20,0x73,
    0x74,0x61,0x67,0x65,0x5f,0x6f,0x75,0x74,0x70,0x75,0x74,0x3b,0x0a,0x20,0x20,0x20,
    0x20,0x73,0x74,0x61,0x67,0x65,0x5f,0x6f,0x75,0x74,0x70,0x75,0x74,0x2e,0x66,0x72,
    0x61,0x67,0x5f,0x63,0x6f,0x6c,0x6f,0x72,0x20,0x3d,0x20,0x66,0x72,0x61,0x67,0x5f,
    0x63,0x6f,0x6c,0x6f,0x72,0x3b,0x0a,0x20,0x20,0x20,0x20,0x72,0x65,0x74,0x75,0x72,
    0x6e,0x20,0x73,0x74,0x61,0x67,0x65,0x5f,0x6f,0x75,0x74,0x70,0x75,0x74,0x3b,0x0a,
    0x7d,0x0a,0x00,
};
/*
    cbuffer flow_params : register(b0)
    {
        float4 _13_color : packoffset(c0);
        float4 _13_resolution : packoffset(c1);
        float4 _13_texel : packoffset(c2);
        float4 _13_options : packoffset(c3);
    };

    Texture2D<float4> diffuseSourceTex : register(t0);
    SamplerState diffuseSourceSmp : register(s0);

    static float2 uv;
    static float4 frag_color;

    struct SPIRV_Cross_Input
    {
        float2 uv : TEXCOORD0;
    };

    struct SPIRV_Cross_Output
    {
        float4 frag_color : SV_Target0;
    };

    void frag_main()
    {
        float4 _35 = diffuseSourceTex.Sample(diffuseSourceSmp, uv);
        float2 _47 = float2(_13_texel.x, 0.0f);
        float4 _49 = diffuseSourceTex.Sample(diffuseSourceSmp, uv - _47);
        float4 _59 = diffuseSourceTex.Sample(diffuseSourceSmp, uv + _47);
        float2 _68 = float2(0.0f, _13_texel.y);
        float4 _70 = diffuseSourceTex.Sample(diffuseSourceSmp, uv - _68);
        float4 _80 = diffuseSourceTex.Sample(diffuseSourceSmp, uv + _68);
        float4 _101 = lerp(_35, (((_49 + _59) + _70) + _80) * 0.25f, clamp(_13_options.x, 0.0f, 1.0f).xxxx);
        float4 _110;
        if (_13_options.w > 0.5f)
        {
            _110 = clamp(_101, 0.0f.xxxx, 1.0f.xxxx);
        }
        else
        {
            _110 = _101;
        }
        frag_color = _110;
    }

    SPIRV_Cross_Output main(SPIRV_Cross_Input stage_input)
    {
        uv = stage_input.uv;
        frag_main();
        SPIRV_Cross_Output stage_output;
        stage_output.frag_color = frag_color;
        return stage_output;
    }
*/
static const uint8_t fs_diffuse_source_hlsl5[1412] = {
    0x63,0x62,0x75,0x66,0x66,0x65,0x72,0x20,0x66,0x6c,0x6f,0x77,0x5f,0x70,0x61,0x72,
    0x61,0x6d,0x73,0x20,0x3a,0x20,0x72,0x65,0x67,0x69,0x73,0x74,0x65,0x72,0x28,0x62,
    0x30,0x29,0x0a,0x7b,0x0a,0x20,0x20,0x20,0x20,0x66,0x6c,0x6f,0x61,0x74,0x34,0x20,
    0x5f,0x31,0x33,0x5f,0x63,0x6f,0x6c,0x6f,0x72,0x20,0x3a,0x20,0x70,0x61,0x63,0x6b,
    0x6f,0x66,0x66,0x73,0x65,0x74,0x28,0x63,0x30,0x29,0x3b,0x0a,0x20,0x20,0x20,0x20,
    0x66,0x6c,0x6f,0x61,0x74,0x34,0x20,0x5f,0x31,0x33,0x5f,0x72,0x65,0x73,0x6f,0x6c,
    0x75,0x74,0x69,0x6f,0x6e,0x20,0x3a,0x20,0x70,0x61,0x63,0x6b,0x6f,0x66,0x66,0x73,
    0x65,0x74,0x28,0x63,0x31,0x29,0x3b,0x0a,0x20,0x20,0x20,0x20,0x66,0x6c,0x6f,0x61,
    0x74,0x34,0x20,0x5f,0x31,0x33,0x5f,0x74,0x65,0x78,0x65,0x6c,0x20,0x3a,0x20,0x70,
    0x61,0x63,0x6b,0x6f,0x66,0x66,0x73,0x65,0x74,0x28,0x63,0x32,0x29,0x3b,0x0a,0x20,
    0x20,0x20,0x20,0x66,0x6c,0x6f,0x61,0x74,0x34,0x20,0x5f,0x31,0x33,0x5f,0x6f,0x70,
    0x74,0x69,0x6f,0x6e,0x73,0x20,0x3a,0x20,0x70,0x61,0x63,0x6b,0x6f,0x66,0x66,0x73,
    0x65,0x74,0x28,0x63,0x33,0x29,0x3b,0x0a,0x7d,0x3b,0x0a,0x0a,0x54,0x65,0x78,0x74,
    0x75,0x72,0x65,0x32,0x44,0x3c,0x66,0x6c,0x6f,0x61,0x74,0x34,0x3e,0x20,0x64,0x69,
    0x66,0x66,0x75,0x73,0x65,0x53,0x6f,0x75,0x72,0x63,0x65,0x54,0x65,0x78,0x20,0x3a,
    0x20,0x72,0x65,0x67,0x69,0x73,0x74,0x65,0x72,0x28,0x74,0x30,0x29,0x3b,0x0a,0x53,
    0x61,0x6d,0x70,0x6c,0x65,0x72,0x53,0x74,0x61,0x74,0x65,0x20,0x64,0x69,0x66,0x66,
    0x75,0x73,0x65,0x53,0x6f,0x75,0x72,0x63,0x65,0x53,0x6d,0x70,0x20,0x3a,0x20,0x72,
    0x65,0x67,0x69,0x73,0x74,0x65,0x72,0x28,0x73,0x30,0x29,0x3b,0x0a,0x0a,0x73,0x74,
    0x61,0x74,0x69,0x63,0x20,0x66,0x6c,0x6f,0x61,0x74,0x32,0x20,0x75,0x76,0x3b,0x0a,
    0x73,0x74,0x61,0x74,0x69,0x63,0x20,0x66,0x6c,0x6f,0x61,0x74,0x34,0x20,0x66,0x72,
    0x61,0x67,0x5f,0x63,0x6f,0x6c,0x6f,0x72,0x3b,0x0a,0x0a,0x73,0x74,0x72,0x75,0x63,
    0x74,0x20,0x53,0x50,0x49,0x52,0x56,0x5f,0x43,0x72,0x6f,0x73,0x73,0x5f,0x49,0x6e,
    0x70,0x75,0x74,0x0a,0x7b,0x0a,0x20,0x20,0x20,0x20,0x66,0x6c,0x6f,0x61,0x74,0x32,
    0x20,0x75,0x76,0x20,0x3a,0x20,0x54,0x45,0x58,0x43,0x4f,0x4f,0x52,0x44,0x30,0x3b,
    0x0a,0x7d,0x3b,0x0a,0x0a,0x73,0x74,0x72,0x75,0x63,0x74,0x20,0x53,0x50,0x49,0x52,
    0x56,0x5f,0x43,0x72,0x6f,0x73,0x73,0x5f,0x4f,0x75,0x74,0x70,0x75,0x74,0x0a,0x7b,
    0x0a,0x20,0x20,0x20,0x20,0x66,0x6c,0x6f,0x61,0x74,0x34,0x20,0x66,0x72,0x61,0x67,
    0x5f,0x63,0x6f,0x6c,0x6f,0x72,0x20,0x3a,0x20,0x53,0x56,0x5f,0x54,0x61,0x72,0x67,
    0x65,0x74,0x30,0x3b,0x0a,0x7d,0x3b,0x0a,0x0a,0x76,0x6f,0x69,0x64,0x20,0x66,0x72,
    0x61,0x67,0x5f,0x6d,0x61,0x69,0x6e,0x28,0x29,0x0a,0x7b,0x0a,0x20,0x20,0x20,0x20,
    0x66,0x6c,0x6f,0x61,0x74,0x34,0x20,0x5f,0x33,0x35,0x20,0x3d,0x20,0x64,0x69,0x66,
    0x66,0x75,0x73,0x65,0x53,0x6f,0x75,0x72,0x63,0x65,0x54,0x65,0x78,0x2e,0x53,0x61,
    0x6d,0x70,0x6c,0x65,0x28,0x64,0x69,0x66,0x66,0x75,0x73,0x65,0x53,0x6f,0x75,0x72,
    0x63,0x65,0x53,0x6d,0x70,0x2c,0x20,0x75,0x76,0x29,0x3b,0x0a,0x20,0x20,0x20,0x20,
    0x66,0x6c,0x6f,0x61,0x74,0x32,0x20,0x5f,0x34,0x37,0x20,0x3d,0x20,0x66,0x6c,0x6f,
    0x61,0x74,0x32,0x28,0x5f,0x31,0x33,0x5f,0x74,0x65,0x78,0x65,0x6c,0x2e,0x78,0x2c,
    0x20,0x30,0x2e,0x30,0x66,0x29,0x3b,0x0a,0x20,0x20,0x20,0x20,0x66,0x6c,0x6f,0x61,
    0x74,0x34,0x20,0x5f,0x34,0x39,0x20,0x3d,0x20,0x64,0x69,0x66,0x66,0x75,0x73,0x65,
    0x53,0x6f,0x75,0x72,0x63,0x65,0x54,0x65,0x78,0x2e,0x53,0x61,0x6d,0x70,0x6c,0x65,
    0x28,0x64,0x69,0x66,0x66,0x75,0x73,0x65,0x53,0x6f,0x75,0x72,0x63,0x65,0x53,0x6d,
    0x70,0x2c,0x20,0x75,0x76,0x20,0x2d,0x20,0x5f,0x34,0x37,0x29,0x3b,0x0a,0x20,0x20,
    0x20,0x20,0x66,0x6c,0x6f,0x61,0x74,0x34,0x20,0x5f,0x35,0x39,0x20,0x3d,0x20,0x64,
    0x69,0x66,0x66,0x75,0x73,0x65,0x53,0x6f,0x75,0x72,0x63,0x65,0x54,0x65,0x78,0x2e,
    0x53,0x61,0x6d,0x70,0x6c,0x65,0x28,0x64,0x69,0x66,0x66,0x75,0x73,0x65,0x53,0x6f,
    0x75,0x72,0x63,0x65,0x53,0x6d,0x70,0x2c,0x20,0x75,0x76,0x20,0x2b,0x20,0x5f,0x34,
    0x37,0x29,0x3b,0x0a,0x20,0x20,0x20,0x20,0x66,0x6c,0x6f,0x61,0x74,0x32,0x20,0x5f,
    0x36,0x38,0x20,0x3d,0x20,0x66,0x6c,0x6f,0x61,0x74,0x32,0x28,0x30,0x2e,0x30,0x66,
    0x2c,0x20,0x5f,0x31,0x33,0x5f,0x74,0x65,0x78,0x65,0x6c,0x2e,0x79,0x29,0x3b,0x0a,
    0x20,0x20,0x20,0x20,0x66,0x6c,0x6f,0x61,0x74,0x34,0x20,0x5f,0x37,0x30,0x20,0x3d,
    0x20,0x64,0x69,0x66,0x66,0x75,0x73,0x65,0x53,0x6f,0x75,0x72,0x63,0x65,0x54,0x65,
    0x78,0x2e,0x53,0x61,0x6d,0x70,0x6c,0x65,0x28,0x64,0x69,0x66,0x66,0x75,0x73,0x65,
    0x53,0x6f,0x75,0x72,0x63,0x65,0x53,0x6d,0x70,0x2c,0x20,0x75,0x76,0x20,0x2d,0x20,
    0x5f,0x36,0x38,0x29,0x3b,0x0a,0x20,0x20,0x20,0x20,0x66,0x6c,0x6f,0x61,0x74,0x34,
    0x20,0x5f,0x38,0x30,0x20,0x3d,0x20,0x64,0x69,0x66,0x66,0x75,0x73,0x65,0x53,0x6f,
    0x75,0x72,0x63,0x65,0x54,0x65,0x78,0x2e,0x53,0x61,0x6d,0x70,0x6c,0x65,0x28,0x64,
    0x69,0x66,0x66,0x75,0x73,0x65,0x53,0x6f,0x75,0x72,0x63,0x65,0x53,0x6d,0x70,0x2c,
    0x20,0x75,0x76,0x20,0x2b,0x20,0x5f,0x36,0x38,0x29,0x3b,0x0a,0x20,0x20,0x20,0x20,
    0x66,0x6c,0x6f,0x61,0x74,0x34,0x20,0x5f,0x31,0x30,0x31,0x20,0x3d,0x20,0x6c,0x65,
    0x72,0x70,0x28,0x5f,0x33,0x35,0x2c,0x20,0x28,0x28,0x28,0x5f,0x34,0x39,0x20,0x2b,
    0x20,0x5f,0x35,0x39,0x29,0x20,0x2b,0x20,0x5f,0x37,0x30,0x29,0x20,0x2b,0x20,0x5f,
    0x38,0x30,0x29,0x20,0x2a,0x20,0x30,0x2e,0x32,0x35,0x66,0x2c,0x20,0x63,0x6c,0x61,
    0x6d,0x70,0x28,0x5f,0x31,0x33,0x5f,0x6f,0x70,0x74,0x69,0x6f,0x6e,0x73,0x2e,0x78,
    0x2c,0x20,0x30,0x2e,0x30,0x66,0x2c,0x20,0x31,0x2e,0x30,0x66,0x29,0x2e,0x78,0x78,
    0x78,0x78,0x29,0x3b,0x0a,0x20,0x20,0x20,0x20,0x66,0x6c,0x6f,0x61,0x74,0x34,0x20,
    0x5f,0x31,0x31,0x30,0x3b,0x0a,0x20,0x20,0x20,0x20,0x69,0x66,0x20,0x28,0x5f,0x31,
    0x33,0x5f,0x6f,0x70,0x74,0x69,0x6f,0x6e,0x73,0x2e,0x77,0x20,0x3e,0x20,0x30,0x2e,
    0x35,0x66,0x29,0x0a,0x20,0x20,0x20,0x20,0x7b,0x0a,0x20,0x20,0x20,0x20,0x20,0x20,
    0x20,0x20,0x5f,0x31,0x31,0x30,0x20,0x3d,0x20,0x63,0x6c,0x61,0x6d,0x70,0x28,0x5f,
    0x31,0x30,0x31,0x2c,0x20,0x30,0x2e,0x30,0x66,0x2e,0x78,0x78,0x78,0x78,0x2c,0x20,
    0x31,0x2e,0x30,0x66,0x2e,0x78,0x78,0x78,0x78,0x29,0x3b,0x0a,0x20,0x20,0x20,0x20,
    0x7d,0x0a,0x20,0x20,0x20,0x20,0x65,0x6c,0x73,0x65,0x0a,0x20,0x20,0x20,0x20,0x7b,
    0x0a,0x20,0x20,0x20,0x20,0x20,0x20,0x20,0x20,0x5f,0x31,0x31,0x30,0x20,0x3d,0x20,
    0x5f,0x31,0x30,0x31,0x3b,0x0a,0x20,0x20,0x20,0x20,0x7d,0x0a,0x20,0x20,0x20,0x20,
    0x66,0x72,0x61,0x67,0x5f,0x63,0x6f,0x6c,0x6f,0x72,0x20,0x3d,0x20,0x5f,0x31,0x31,
    0x30,0x3b,0x0a,0x7d,0x0a,0x0a,0x53,0x50,0x49,0x52,0x56,0x5f,0x43,0x72,0x6f,0x73,
    0x73,0x5f,0x4f,0x75,0x74,0x70,0x75,0x74,0x20,0x6d,0x61,0x69,0x6e,0x28,0x53,0x50,
    0x49,0x52,0x56,0x5f,0x43,0x72,0x6f,0x73,0x73,0x5f,0x49,0x6e,0x70,0x75,0x74,0x20,
    0x73,0x74,0x61,0x67,0x65,0x5f,0x69,0x6e,0x70,0x75,0x74,0x29,0x0a,0x7b,0x0a,0x20,
    0x20,0x20,0x20,0x75,0x76,0x20,0x3d,0x20,0x73,0x74,0x61,0x67,0x65,0x5f,0x69,0x6e,
    0x70,0x75,0x74,0x2e,0x75,0x76,0x3b,0x0a,0x20,0x20,0x20,0x20,0x66,0x72,0x61,0x67,
    0x5f,0x6d,0x61,0x69,0x6e,0x28,0x29,0x3b,0x0a,0x20,0x20,0x20,0x20,0x53,0x50,0x49,
    0x52,0x56,0x5f,0x43,0x72,0x6f,0x73,0x73,0x5f,0x4f,0x75,0x74,0x70,0x75,0x74,0x20,
    0x73,0x74,0x61,0x67,0x65,0x5f,0x6f,0x75,0x74,0x70,0x75,0x74,0x3b,0x0a,0x20,0x20,
    0x20,0x20,0x73,0x74,0x61,0x67,0x65,0x5f,0x6f,0x75,0x74,0x70,0x75,0x74,0x2e,0x66,
    0x72,0x61,0x67,0x5f,0x63,0x6f,0x6c,0x6f,0x72,0x20,0x3d,0x20,0x66,0x72,0x61,0x67,
    0x5f,0x63,0x6f,0x6c,0x6f,0x72,0x3b,0x0a,0x20,0x20,0x20,0x20,0x72,0x65,0x74,0x75,
    0x72,0x6e,0x20,0x73,0x74,0x61,0x67,0x65,0x5f,0x6f,0x75,0x74,0x70,0x75,0x74,0x3b,
    0x0a,0x7d,0x0a,0x00,
};
/*
    cbuffer flow_params : register(b0)
    {
        float4 _37_color : packoffset(c0);
        float4 _37_resolution : packoffset(c1);
        float4 _37_texel : packoffset(c2);
        float4 _37_options : packoffset(c3);
    };

    Texture2D<float4> velocityTex : register(t0);
    SamplerState velocitySmp : register(s0);
    Texture2D<float4> externalVelocityTex : register(t1);
    SamplerState externalVelocitySmp : register(s1);

    static float2 uv;
    static float4 frag_color;

    struct SPIRV_Cross_Input
    {
        float2 uv : TEXCOORD0;
    };

    struct SPIRV_Cross_Output
    {
        float4 frag_color : SV_Target0;
    };

    void frag_main()
    {
        float2 velocity = velocityTex.Sample(velocitySmp, uv).xy;
        float4 _33 = externalVelocityTex.Sample(externalVelocitySmp, uv);
        float2 _34 = _33.xy;
        if (_37_options.y > 0.5f)
        {
            velocity = lerp(velocity, _34, (step(9.9999999747524270787835121154785e-07f, dot(_34, _34)) * clamp(_37_options.x, 0.0f, 1.0f)).xx);
        }
        else
        {
            velocity += (_34 * _37_options.x);
        }
        frag_color = float4(velocity, 0.0f, 1.0f);
    }

    SPIRV_Cross_Output main(SPIRV_Cross_Input stage_input)
    {
        uv = stage_input.uv;
        frag_main();
        SPIRV_Cross_Output stage_output;
        stage_output.frag_color = frag_color;
        return stage_output;
    }
*/
static const uint8_t fs_add_velocity_source_hlsl5[1245] = {
    0x63,0x62,0x75,0x66,0x66,0x65,0x72,0x20,0x66,0x6c,0x6f,0x77,0x5f,0x70,0x61,0x72,
    0x61,0x6d,0x73,0x20,0x3a,0x20,0x72,0x65,0x67,0x69,0x73,0x74,0x65,0x72,0x28,0x62,
    0x30,0x29,0x0a,0x7b,0x0a,0x20,0x20,0x20,0x20,0x66,0x6c,0x6f,0x61,0x74,0x34,0x20,
    0x5f,0x33,0x37,0x5f,0x63,0x6f,0x6c,0x6f,0x72,0x20,0x3a,0x20,0x70,0x61,0x63,0x6b,
    0x6f,0x66,0x66,0x73,0x65,0x74,0x28,0x63,0x30,0x29,0x3b,0x0a,0x20,0x20,0x20,0x20,
    0x66,0x6c,0x6f,0x61,0x74,0x34,0x20,0x5f,0x33,0x37,0x5f,0x72,0x65,0x73,0x6f,0x6c,
    0x75,0x74,0x69,0x6f,0x6e,0x20,0x3a,0x20,0x70,0x61,0x63,0x6b,0x6f,0x66,0x66,0x73,
    0x65,0x74,0x28,0x63,0x31,0x29,0x3b,0x0a,0x20,0x20,0x20,0x20,0x66,0x6c,0x6f,0x61,
    0x74,0x34,0x20,0x5f,0x33,0x37,0x5f,0x74,0x65,0x78,0x65,0x6c,0x20,0x3a,0x20,0x70,
    0x61,0x63,0x6b,0x6f,0x66,0x66,0x73,0x65,0x74,0x28,0x63,0x32,0x29,0x3b,0x0a,0x20,
    0x20,0x20,0x20,0x66,0x6c,0x6f,0x61,0x74,0x34,0x20,0x5f,0x33,0x37,0x5f,0x6f,0x70,
    0x74,0x69,0x6f,0x6e,0x73,0x20,0x3a,0x20,0x70,0x61,0x63,0x6b,0x6f,0x66,0x66,0x73,
    0x65,0x74,0x28,0x63,0x33,0x29,0x3b,0x0a,0x7d,0x3b,0x0a,0x0a,0x54,0x65,0x78,0x74,
    0x75,0x72,0x65,0x32,0x44,0x3c,0x66,0x6c,0x6f,0x61,0x74,0x34,0x3e,0x20,0x76,0x65,
    0x6c,0x6f,0x63,0x69,0x74,0x79,0x54,0x65,0x78,0x20,0x3a,0x20,0x72,0x65,0x67,0x69,
    0x73,0x74,0x65,0x72,0x28,0x74,0x30,0x29,0x3b,0x0a,0x53,0x61,0x6d,0x70,0x6c,0x65,
    0x72,0x53,0x74,0x61,0x74,0x65,0x20,0x76,0x65,0x6c,0x6f,0x63,0x69,0x74,0x79,0x53,
    0x6d,0x70,0x20,0x3a,0x20,0x72,0x65,0x67,0x69,0x73,0x74,0x65,0x72,0x28,0x73,0x30,
    0x29,0x3b,0x0a,0x54,0x65,0x78,0x74,0x75,0x72,0x65,0x32,0x44,0x3c,0x66,0x6c,0x6f,
    0x61,0x74,0x34,0x3e,0x20,0x65,0x78,0x74,0x65,0x72,0x6e,0x61,0x6c,0x56,0x65,0x6c,
    0x6f,0x63,0x69,0x74,0x79,0x54,0x65,0x78,0x20,0x3a,0x20,0x72,0x65,0x67,0x69,0x73,
    0x74,0x65,0x72,0x28,0x74,0x31,0x29,0x3b,0x0a,0x53,0x61,0x6d,0x70,0x6c,0x65,0x72,
    0x53,0x74,0x61,0x74,0x65,0x20,0x65,0x78,0x74,0x65,0x72,0x6e,0x61,0x6c,0x56,0x65,
    0x6c,0x6f,0x63,0x69,0x74,0x79,0x53,0x6d,0x70,0x20,0x3a,0x20,0x72,0x65,0x67,0x69,
    0x73,0x74,0x65,0x72,0x28,0x73,0x31,0x29,0x3b,0x0a,0x0a,0x73,0x74,0x61,0x74,0x69,
    0x63,0x20,0x66,0x6c,0x6f,0x61,0x74,0x32,0x20,0x75,0x76,0x3b,0x0a,0x73,0x74,0x61,
    0x74,0x69,0x63,0x20,0x66,0x6c,0x6f,0x61,0x74,0x34,0x20,0x66,0x72,0x61,0x67,0x5f,
    0x63,0x6f,0x6c,0x6f,0x72,0x3b,0x0a,0x0a,0x73,0x74,0x72,0x75,0x63,0x74,0x20,0x53,
    0x50,0x49,0x52,0x56,0x5f,0x43,0x72,0x6f,0x73,0x73,0x5f,0x49,0x6e,0x70,0x75,0x74,
    0x0a,0x7b,0x0a,0x20,0x20,0x20,0x20,0x66,0x6c,0x6f,0x61,0x74,0x32,0x20,0x75,0x76,
    0x20,0x3a,0x20,0x54,0x45,0x58,0x43,0x4f,0x4f,0x52,0x44,0x30,0x3b,0x0a,0x7d,0x3b,
    0x0a,0x0a,0x73,0x74,0x72,0x75,0x63,0x74,0x20,0x53,0x50,0x49,0x52,0x56,0x5f,0x43,
    0x72,0x6f,0x73,0x73,0x5f,0x4f,0x75,0x74,0x70,0x75,0x74,0x0a,0x7b,0x0a,0x20,0x20,
    0x20,0x20,0x66,0x6c,0x6f,0x61,0x74,0x34,0x20,0x66,0x72,0x61,0x67,0x5f,0x63,0x6f,
    0x6c,0x6f,0x72,0x20,0x3a,0x20,0x53,0x56,0x5f,0x54,0x61,0x72,0x67,0x65,0x74,0x30,
    0x3b,0x0a,0x7d,0x3b,0x0a,0x0a,0x76,0x6f,0x69,0x64,0x20,0x66,0x72,0x61,0x67,0x5f,
    0x6d,0x61,0x69,0x6e,0x28,0x29,0x0a,0x7b,0x0a,0x20,0x20,0x20,0x20,0x66,0x6c,0x6f,
    0x61,0x74,0x32,0x20,0x76,0x65,0x6c,0x6f,0x63,0x69,0x74,0x79,0x20,0x3d,0x20,0x76,
    0x65,0x6c,0x6f,0x63,0x69,0x74,0x79,0x54,0x65,0x78,0x2e,0x53,0x61,0x6d,0x70,0x6c,
    0x65,0x28,0x76,0x65,0x6c,0x6f,0x63,0x69,0x74,0x79,0x53,0x6d,0x70,0x2c,0x20,0x75,
    0x76,0x29,0x2e,0x78,0x79,0x3b,0x0a,0x20,0x20,0x20,0x20,0x66,0x6c,0x6f,0x61,0x74,
    0x34,0x20,0x5f,0x33,0x33,0x20,0x3d,0x20,0x65,0x78,0x74,0x65,0x72,0x6e,0x61,0x6c,
    0x56,0x65,0x6c,0x6f,0x63,0x69,0x74,0x79,0x54,0x65,0x78,0x2e,0x53,0x61,0x6d,0x70,
    0x6c,0x65,0x28,0x65,0x78,0x74,0x65,0x72,0x6e,0x61,0x6c,0x56,0x65,0x6c,0x6f,0x63,
    0x69,0x74,0x79,0x53,0x6d,0x70,0x2c,0x20,0x75,0x76,0x29,0x3b,0x0a,0x20,0x20,0x20,
    0x20,0x66,0x6c,0x6f,0x61,0x74,0x32,0x20,0x5f,0x33,0x34,0x20,0x3d,0x20,0x5f,0x33,
    0x33,0x2e,0x78,0x79,0x3b,0x0a,0x20,0x20,0x20,0x20,0x69,0x66,0x20,0x28,0x5f,0x33,
    0x37,0x5f,0x6f,0x70,0x74,0x69,0x6f,0x6e,0x73,0x2e,0x79,0x20,0x3e,0x20,0x30,0x2e,
    0x35,0x66,0x29,0x0a,0x20,0x20,0x20,0x20,0x7b,0x0a,0x20,0x20,0x20,0x20,0x20,0x20,
    0x20,0x20,0x76,0x65,0x6c,0x6f,0x63,0x69,0x74,0x79,0x20,0x3d,0x20,0x6c,0x65,0x72,
    0x70,0x28,0x76,0x65,0x6c,0x6f,0x63,0x69,0x74,0x79,0x2c,0x20,0x5f,0x33,0x34,0x2c,
    0x20,0x28,0x73,0x74,0x65,0x70,0x28,0x39,0x2e,0x39,0x39,0x39,0x39,0x39,0x39,0x39,
    0x37,0x34,0x37,0x35,0x32,0x34,0x32,0x37,0x30,0x37,0x38,0x37,0x38,0x33,0x35,0x31,
    0x32,0x31,0x31,0x35,0x34,0x37,0x38,0x35,0x65,0x2d,0x30,0x37,0x66,0x2c,0x20,0x64,
    0x6f,0x74,0x28,0x5f,0x33,0x34,0x2c,0x20,0x5f,0x33,0x34,0x29,0x29,0x20,0x2a,0x20,
    0x63,0x6c,0x61,0x6d,0x70,0x28,0x5f,0x33,0x37,0x5f,0x6f,0x70,0x74,0x69,0x6f,0x6e,
    0x73,0x2e,0x78,0x2c,0x20,0x30,0x2e,0x30,0x66,0x2c,0x20,0x31,0x2e,0x30,0x66,0x29,
    0x29,0x2e,0x78,0x78,0x29,0x3b,0x0a,0x20,0x20,0x20,0x20,0x7d,0x0a,0x20,0x20,0x20,
    0x20,0x65,0x6c,0x73,0x65,0x0a,0x20,0x20,0x20,0x20,0x7b,0x0a,0x20,0x20,0x20,0x20,
    0x20,0x20,0x20,0x20,0x76,0x65,0x6c,0x6f,0x63,0x69,0x74,0x79,0x20,0x2b,0x3d,0x20,
    0x28,0x5f,0x33,0x34,0x20,0x2a,0x20,0x5f,0x33,0x37,0x5f,0x6f,0x70,0x74,0x69,0x6f,
    0x6e,0x73,0x2e,0x78,0x29,0x3b,0x0a,0x20,0x20,0x20,0x20,0x7d,0x0a,0x20,0x20,0x20,
    0x20,0x66,0x72,0x61,0x67,0x5f,0x63,0x6f,0x6c,0x6f,0x72,0x20,0x3d,0x20,0x66,0x6c,
    0x6f,0x61,0x74,0x34,0x28,0x76,0x65,0x6c,0x6f,0x63,0x69,0x74,0x79,0x2c,0x20,0x30,
    0x2e,0x30,0x66,0x2c,0x20,0x31,0x2e,0x30,0x66,0x29,0x3b,0x0a,0x7d,0x0a,0x0a,0x53,
    0x50,0x49,0x52,0x56,0x5f,0x43,0x72,0x6f,0x73,0x73,0x5f,0x4f,0x75,0x74,0x70,0x75,
    0x74,0x20,0x6d,0x61,0x69,0x6e,0x28,0x53,0x50,0x49,0x52,0x56,0x5f,0x43,0x72,0x6f,
    0x73,0x73,0x5f,0x49,0x6e,0x70,0x75,0x74,0x20,0x73,0x74,0x61,0x67,0x65,0x5f,0x69,
    0x6e,0x70,0x75,0x74,0x29,0x0a,0x7b,0x0a,0x20,0x20,0x20,0x20,0x75,0x76,0x20,0x3d,
    0x20,0x73,0x74,0x61,0x67,0x65,0x5f,0x69,0x6e,0x70,0x75,0x74,0x2e,0x75,0x76,0x3b,
    0x0a,0x20,0x20,0x20,0x20,0x66,0x72,0x61,0x67,0x5f,0x6d,0x61,0x69,0x6e,0x28,0x29,
    0x3b,0x0a,0x20,0x20,0x20,0x20,0x53,0x50,0x49,0x52,0x56,0x5f,0x43,0x72,0x6f,0x73,
    0x73,0x5f,0x4f,0x75,0x74,0x70,0x75,0x74,0x20,0x73,0x74,0x61,0x67,0x65,0x5f,0x6f,
    0x75,0x74,0x70,0x75,0x74,0x3b,0x0a,0x20,0x20,0x20,0x20,0x73,0x74,0x61,0x67,0x65,
    0x5f,0x6f,0x75,0x74,0x70,0x75,0x74,0x2e,0x66,0x72,0x61,0x67,0x5f,0x63,0x6f,0x6c,
    0x6f,0x72,0x20,0x3d,0x20,0x66,0x72,0x61,0x67,0x5f,0x63,0x6f,0x6c,0x6f,0x72,0x3b,
    0x0a,0x20,0x20,0x20,0x20,0x72,0x65,0x74,0x75,0x72,0x6e,0x20,0x73,0x74,0x61,0x67,
    0x65,0x5f,0x6f,0x75,0x74,0x70,0x75,0x74,0x3b,0x0a,0x7d,0x0a,0x00,
};
/*
    cbuffer flow_params : register(b0)
    {
        float4 _37_color : packoffset(c0);
        float4 _37_resolution : packoffset(c1);
        float4 _37_texel : packoffset(c2);
        float4 _37_options : packoffset(c3);
    };

    Texture2D<float4> densityAddBaseTex : register(t0);
    SamplerState densityAddBaseSmp : register(s0);
    Texture2D<float4> externalDensityTex : register(t1);
    SamplerState externalDensitySmp : register(s1);

    static float2 uv;
    static float4 frag_color;

    struct SPIRV_Cross_Input
    {
        float2 uv : TEXCOORD0;
    };

    struct SPIRV_Cross_Output
    {
        float4 frag_color : SV_Target0;
    };

    void frag_main()
    {
        float4 _24 = densityAddBaseTex.Sample(densityAddBaseSmp, uv);
        float4 _32 = externalDensityTex.Sample(externalDensitySmp, uv);
        bool _47 = _37_options.w > 0.5f;
        float _48;
        if (_47)
        {
            _48 = length(_32.xy);
        }
        else
        {
            _48 = _32.w;
        }
        float _66 = smoothstep(_37_options.y, _37_options.z, _48);
        float3 _73;
        if (_47)
        {
            _73 = _37_color.xyz;
        }
        else
        {
            _73 = _32.xyz * _37_color.xyz;
        }
        float4 _95 = float4(_73, _48);
        if (_47)
        {
            frag_color = clamp(_24 + (_95 * (_37_options.x * _66)), 0.0f.xxxx, 1.0f.xxxx);
        }
        else
        {
            frag_color = max(_24, clamp(_95 * (_37_options.x * _66), 0.0f.xxxx, 1.0f.xxxx));
        }
    }

    SPIRV_Cross_Output main(SPIRV_Cross_Input stage_input)
    {
        uv = stage_input.uv;
        frag_main();
        SPIRV_Cross_Output stage_output;
        stage_output.frag_color = frag_color;
        return stage_output;
    }
*/
static const uint8_t fs_add_density_texture_source_hlsl5[1537] = {
    0x63,0x62,0x75,0x66,0x66,0x65,0x72,0x20,0x66,0x6c,0x6f,0x77,0x5f,0x70,0x61,0x72,
    0x61,0x6d,0x73,0x20,0x3a,0x20,0x72,0x65,0x67,0x69,0x73,0x74,0x65,0x72,0x28,0x62,
    0x30,0x29,0x0a,0x7b,0x0a,0x20,0x20,0x20,0x20,0x66,0x6c,0x6f,0x61,0x74,0x34,0x20,
    0x5f,0x33,0x37,0x5f,0x63,0x6f,0x6c,0x6f,0x72,0x20,0x3a,0x20,0x70,0x61,0x63,0x6b,
    0x6f,0x66,0x66,0x73,0x65,0x74,0x28,0x63,0x30,0x29,0x3b,0x0a,0x20,0x20,0x20,0x20,
    0x66,0x6c,0x6f,0x61,0x74,0x34,0x20,0x5f,0x33,0x37,0x5f,0x72,0x65,0x73,0x6f,0x6c,
    0x75,0x74,0x69,0x6f,0x6e,0x20,0x3a,0x20,0x70,0x61,0x63,0x6b,0x6f,0x66,0x66,0x73,
    0x65,0x74,0x28,0x63,0x31,0x29,0x3b,0x0a,0x20,0x20,0x20,0x20,0x66,0x6c,0x6f,0x61,
    0x74,0x34,0x20,0x5f,0x33,0x37,0x5f,0x74,0x65,0x78,0x65,0x6c,0x20,0x3a,0x20,0x70,
    0x61,0x63,0x6b,0x6f,0x66,0x66,0x73,0x65,0x74,0x28,0x63,0x32,0x29,0x3b,0x0a,0x20,
    0x20,0x20,0x20,0x66,0x6c,0x6f,0x61,0x74,0x34,0x20,0x5f,0x33,0x37,0x5f,0x6f,0x70,
    0x74,0x69,0x6f,0x6e,0x73,0x20,0x3a,0x20,0x70,0x61,0x63,0x6b,0x6f,0x66,0x66,0x73,
    0x65,0x74,0x28,0x63,0x33,0x29,0x3b,0x0a,0x7d,0x3b,0x0a,0x0a,0x54,0x65,0x78,0x74,
    0x75,0x72,0x65,0x32,0x44,0x3c,0x66,0x6c,0x6f,0x61,0x74,0x34,0x3e,0x20,0x64,0x65,
    0x6e,0x73,0x69,0x74,0x79,0x41,0x64,0x64,0x42,0x61,0x73,0x65,0x54,0x65,0x78,0x20,
    0x3a,0x20,0x72,0x65,0x67,0x69,0x73,0x74,0x65,0x72,0x28,0x74,0x30,0x29,0x3b,0x0a,
    0x53,0x61,0x6d,0x70,0x6c,0x65,0x72,0x53,0x74,0x61,0x74,0x65,0x20,0x64,0x65,0x6e,
    0x73,0x69,0x74,0x79,0x41,0x64,0x64,0x42,0x61,0x73,0x65,0x53,0x6d,0x70,0x20,0x3a,
    0x20,0x72,0x65,0x67,0x69,0x73,0x74,0x65,0x72,0x28,0x73,0x30,0x29,0x3b,0x0a,0x54,
    0x65,0x78,0x74,0x75,0x72,0x65,0x32,0x44,0x3c,0x66,0x6c,0x6f,0x61,0x74,0x34,0x3e,
    0x20,0x65,0x78,0x74,0x65,0x72,0x6e,0x61,0x6c,0x44,0x65,0x6e,0x73,0x69,0x74,0x79,
    0x54,0x65,0x78,0x20,0x3a,0x20,0x72,0x65,0x67,0x69,0x73,0x74,0x65,0x72,0x28,0x74,
    0x31,0x29,0x3b,0x0a,0x53,0x61,0x6d,0x70,0x6c,0x65,0x72,0x53,0x74,0x61,0x74,0x65,
    0x20,0x65,0x78,0x74,0x65,0x72,0x6e,0x61,0x6c,0x44,0x65,0x6e,0x73,0x69,0x74,0x79,
    0x53,0x6d,0x70,0x20,0x3a,0x20,0x72,0x65,0x67,0x69,0x73,0x74,0x65,0x72,0x28,0x73,
    0x31,0x29,0x3b,0x0a,0x0a,0x73,0x74,0x61,0x74,0x69,0x63,0x20,0x66,0x6c,0x6f,0x61,
    0x74,0x32,0x20,0x75,0x76,0x3b,0x0a,0x73,0x74,0x61,0x74,0x69,0x63,0x20,0x66,0x6c,
    0x6f,0x61,0x74,0x34,0x20,0x66,0x72,0x61,0x67,0x5f,0x63,0x6f,0x6c,0x6f,0x72,0x3b,
    0x0a,0x0a,0x73,0x74,0x72,0x75,0x63,0x74,0x20,0x53,0x50,0x49,0x52,0x56,0x5f,0x43,
    0x72,0x6f,0x73,0x73,0x5f,0x49,0x6e,0x70,0x75,0x74,0x0a,0x7b,0x0a,0x20,0x20,0x20,
    0x20,0x66,0x6c,0x6f,0x61,0x74,0x32,0x20,0x75,0x76,0x20,0x3a,0x20,0x54,0x45,0x58,
    0x43,0x4f,0x4f,0x52,0x44,0x30,0x3b,0x0a,0x7d,0x3b,0x0a,0x0a,0x73,0x74,0x72,0x75,
    0x63,0x74,0x20,0x53,0x50,0x49,0x52,0x56,0x5f,0x43,0x72,0x6f,0x73,0x73,0x5f,0x4f,
    0x75,0x74,0x70,0x75,0x74,0x0a,0x7b,0x0a,0x20,0x20,0x20,0x20,0x66,0x6c,0x6f,0x61,
    0x74,0x34,0x20,0x66,0x72,0x61,0x67,0x5f,0x63,0x6f,0x6c,0x6f,0x72,0x20,0x3a,0x20,
    0x53,0x56,0x5f,0x54,0x61,0x72,0x67,0x65,0x74,0x30,0x3b,0x0a,0x7d,0x3b,0x0a,0x0a,
    0x76,0x6f,0x69,0x64,0x20,0x66,0x72,0x61,0x67,0x5f,0x6d,0x61,0x69,0x6e,0x28,0x29,
    0x0a,0x7b,0x0a,0x20,0x20,0x20,0x20,0x66,0x6c,0x6f,0x61,0x74,0x34,0x20,0x5f,0x32,
    0x34,0x20,0x3d,0x20,0x64,0x65,0x6e,0x73,0x69,0x74,0x79,0x41,0x64,0x64,0x42,0x61,
    0x73,0x65,0x54,0x65,0x78,0x2e,0x53,0x61,0x6d,0x70,0x6c,0x65,0x28,0x64,0x65,0x6e,
    0x73,0x69,0x74,0x79,0x41,0x64,0x64,0x42,0x61,0x73,0x65,0x53,0x6d,0x70,0x2c,0x20,
    0x75,0x76,0x29,0x3b,0x0a,0x20,0x20,0x20,0x20,0x66,0x6c,0x6f,0x61,0x74,0x34,0x20,
    0x5f,0x33,0x32,0x20,0x3d,0x20,0x65,0x78,0x74,0x65,0x72,0x6e,0x61,0x6c,0x44,0x65,
    0x6e,0x73,0x69,0x74,0x79,0x54,0x65,0x78,0x2e,0x53,0x61,0x6d,0x70,0x6c,0x65,0x28,
    0x65,0x78,0x74,0x65,0x72,0x6e,0x61,0x6c,0x44,0x65,0x6e,0x73,0x69,0x74,0x79,0x53,
    0x6d,0x70,0x2c,0x20,0x75,0x76,0x29,0x3b,0x0a,0x20,0x20,0x20,0x20,0x62,0x6f,0x6f,
    0x6c,0x20,0x5f,0x34,0x37,0x20,0x3d,0x20,0x5f,0x33,0x37,0x5f,0x6f,0x70,0x74,0x69,
    0x6f,0x6e,0x73,0x2e,0x77,0x20,0x3e,0x20,0x30,0x2e,0x35,0x66,0x3b,0x0a,0x20,0x20,
    0x20,0x20,0x66,0x6c,0x6f,0x61,0x74,0x20,0x5f,0x34,0x38,0x3b,0x0a,0x20,0x20,0x20,
    0x20,0x69,0x66,0x20,0x28,0x5f,0x34,0x37,0x29,0x0a,0x20,0x20,0x20,0x20,0x7b,0x0a,
    0x20,0x20,0x20,0x20,0x20,0x20,0x20,0x20,0x5f,0x34,0x38,0x20,0x3d,0x20,0x6c,0x65,
    0x6e,0x67,0x74,0x68,0x28,0x5f,0x33,0x32,0x2e,0x78,0x79,0x29,0x3b,0x0a,0x20,0x20,
    0x20,0x20,0x7d,0x0a,0x20,0x20,0x20,0x20,0x65,0x6c,0x73,0x65,0x0a,0x20,0x20,0x20,
    0x20,0x7b,0x0a,0x20,0x20,0x20,0x20,0x20,0x20,0x20,0x20,0x5f,0x34,0x38,0x20,0x3d,
    0x20,0x5f,0x33,0x32,0x2e,0x77,0x3b,0x0a,0x20,0x20,0x20,0x20,0x7d,0x0a,0x20,0x20,
    0x20,0x20,0x66,0x6c,0x6f,0x61,0x74,0x20,0x5f,0x36,0x36,0x20,0x3d,0x20,0x73,0x6d,
    0x6f,0x6f,0x74,0x68,0x73,0x74,0x65,0x70,0x28,0x5f,0x33,0x37,0x5f,0x6f,0x70,0x74,
    0x69,0x6f,0x6e,0x73,0x2e,0x79,0x2c,0x20,0x5f,0x33,0x37,0x5f,0x6f,0x70,0x74,0x69,
    0x6f,0x6e,0x73,0x2e,0x7a,0x2c,0x20,0x5f,0x34,0x38,0x29,0x3b,0x0a,0x20,0x20,0x20,
    0x20,0x66,0x6c,0x6f,0x61,0x74,0x33,0x20,0x5f,0x37,0x33,0x3b,0x0a,0x20,0x20,0x20,
    0x20,0x69,0x66,0x20,0x28,0x5f,0x34,0x37,0x29,0x0a,0x20,0x20,0x20,0x20,0x7b,0x0a,
    0x20,0x20,0x20,0x20,0x20,0x20,0x20,0x20,0x5f,0x37,0x33,0x20,0x3d,0x20,0x5f,0x33,
    0x37,0x5f,0x63,0x6f,0x6c,0x6f,0x72,0x2e,0x78,0x79,0x7a,0x3b,0x0a,0x20,0x20,0x20,
    0x20,0x7d,0x0a,0x20,0x20,0x20,0x20,0x65,0x6c,0x73,0x65,0x0a,0x20,0x20,0x20,0x20,
    0x7b,0x0a,0x20,0x20,0x20,0x20,0x20,0x20,0x20,0x20,0x5f,0x37,0x33,0x20,0x3d,0x20,
    0x5f,0x33,0x32,0x2e,0x78,0x79,0x7a,0x20,0x2a,0x20,0x5f,0x33,0x37,0x5f,0x63,0x6f,
    0x6c,0x6f,0x72,0x2e,0x78,0x79,0x7a,0x3b,0x0a,0x20,0x20,0x20,0x20,0x7d,0x0a,0x20,
    0x20,0x20,0x20,0x66,0x6c,0x6f,0x61,0x74,0x34,0x20,0x5f,0x39,0x35,0x20,0x3d,0x20,
    0x66,0x6c,0x6f,0x61,0x74,0x34,0x28,0x5f,0x37,0x33,0x2c,0x20,0x5f,0x34,0x38,0x29,
    0x3b,0x0a,0x20,0x20,0x20,0x20,0x69,0x66,0x20,0x28,0x5f,0x34,0x37,0x29,0x0a,0x20,
    0x20,0x20,0x20,0x7b,0x0a,0x20,0x20,0x20,0x20,0x20,0x20,0x20,0x20,0x66,0x72,0x61,
    0x67,0x5f,0x63,0x6f,0x6c,0x6f,0x72,0x20,0x3d,0x20,0x63,0x6c,0x61,0x6d,0x70,0x28,
    0x5f,0x32,0x34,0x20,0x2b,0x20,0x28,0x5f,0x39,0x35,0x20,0x2a,0x20,0x28,0x5f,0x33,
    0x37,0x5f,0x6f,0x70,0x74,0x69,0x6f,0x6e,0x73,0x2e,0x78,0x20,0x2a,0x20,0x5f,0x36,
    0x36,0x29,0x29,0x2c,0x20,0x30,0x2e,0x30,0x66,0x2e,0x78,0x78,0x78,0x78,0x2c,0x20,
    0x31,0x2e,0x30,0x66,0x2e,0x78,0x78,0x78,0x78,0x29,0x3b,0x0a,0x20,0x20,0x20,0x20,
    0x7d,0x0a,0x20,0x20,0x20,0x20,0x65,0x6c,0x73,0x65,0x0a,0x20,0x20,0x20,0x20,0x7b,
    0x0a,0x20,0x20,0x20,0x20,0x20,0x20,0x20,0x20,0x66,0x72,0x61,0x67,0x5f,0x63,0x6f,
    0x6c,0x6f,0x72,0x20,0x3d,0x20,0x6d,0x61,0x78,0x28,0x5f,0x32,0x34,0x2c,0x20,0x63,
    0x6c,0x61,0x6d,0x70,0x28,0x5f,0x39,0x35,0x20,0x2a,0x20,0x28,0x5f,0x33,0x37,0x5f,
    0x6f,0x70,0x74,0x69,0x6f,0x6e,0x73,0x2e,0x78,0x20,0x2a,0x20,0x5f,0x36,0x36,0x29,
    0x2c,0x20,0x30,0x2e,0x30,0x66,0x2e,0x78,0x78,0x78,0x78,0x2c,0x20,0x31,0x2e,0x30,
    0x66,0x2e,0x78,0x78,0x78,0x78,0x29,0x29,0x3b,0x0a,0x20,0x20,0x20,0x20,0x7d,0x0a,
    0x7d,0x0a,0x0a,0x53,0x50,0x49,0x52,0x56,0x5f,0x43,0x72,0x6f,0x73,0x73,0x5f,0x4f,
    0x75,0x74,0x70,0x75,0x74,0x20,0x6d,0x61,0x69,0x6e,0x28,0x53,0x50,0x49,0x52,0x56,
    0x5f,0x43,0x72,0x6f,0x73,0x73,0x5f,0x49,0x6e,0x70,0x75,0x74,0x20,0x73,0x74,0x61,
    0x67,0x65,0x5f,0x69,0x6e,0x70,0x75,0x74,0x29,0x0a,0x7b,0x0a,0x20,0x20,0x20,0x20,
    0x75,0x76,0x20,0x3d,0x20,0x73,0x74,0x61,0x67,0x65,0x5f,0x69,0x6e,0x70,0x75,0x74,
    0x2e,0x75,0x76,0x3b,0x0a,0x20,0x20,0x20,0x20,0x66,0x72,0x61,0x67,0x5f,0x6d,0x61,
    0x69,0x6e,0x28,0x29,0x3b,0x0a,0x20,0x20,0x20,0x20,0x53,0x50,0x49,0x52,0x56,0x5f,
    0x43,0x72,0x6f,0x73,0x73,0x5f,0x4f,0x75,0x74,0x70,0x75,0x74,0x20,0x73,0x74,0x61,
    0x67,0x65,0x5f,0x6f,0x75,0x74,0x70,0x75,0x74,0x3b,0x0a,0x20,0x20,0x20,0x20,0x73,
    0x74,0x61,0x67,0x65,0x5f,0x6f,0x75,0x74,0x70,0x75,0x74,0x2e,0x66,0x72,0x61,0x67,
    0x5f,0x63,0x6f,0x6c,0x6f,0x72,0x20,0x3d,0x20,0x66,0x72,0x61,0x67,0x5f,0x63,0x6f,
    0x6c,0x6f,0x72,0x3b,0x0a,0x20,0x20,0x20,0x20,0x72,0x65,0x74,0x75,0x72,0x6e,0x20,
    0x73,0x74,0x61,0x67,0x65,0x5f,0x6f,0x75,0x74,0x70,0x75,0x74,0x3b,0x0a,0x7d,0x0a,
    0x00,
};
/*
    cbuffer flow_params : register(b0)
    {
        float4 _37_color : packoffset(c0);
        float4 _37_resolution : packoffset(c1);
        float4 _37_texel : packoffset(c2);
        float4 _37_options : packoffset(c3);
    };

    Texture2D<float4> temperatureAddBaseTex : register(t0);
    SamplerState temperatureAddBaseSmp : register(s0);
    Texture2D<float4> externalTemperatureTex : register(t1);
    SamplerState externalTemperatureSmp : register(s1);

    static float2 uv;
    static float4 frag_color;

    struct SPIRV_Cross_Input
    {
        float2 uv : TEXCOORD0;
    };

    struct SPIRV_Cross_Output
    {
        float4 frag_color : SV_Target0;
    };

    void frag_main()
    {
        float4 _24 = temperatureAddBaseTex.Sample(temperatureAddBaseSmp, uv);
        float4 _32 = externalTemperatureTex.Sample(externalTemperatureSmp, uv);
        float _48;
        if (_37_options.w > 0.5f)
        {
            _48 = length(_32.xy);
        }
        else
        {
            _48 = dot(_32.xyz, float3(0.2125999927520751953125f, 0.715200006961822509765625f, 0.072200000286102294921875f));
        }
        float _80 = (_48 * _37_options.x) * smoothstep(_37_options.y, _37_options.z, _48);
        frag_color = clamp(_24 + float4(_80, _80, _80, 1.0f), 0.0f.xxxx, 1.0f.xxxx);
    }

    SPIRV_Cross_Output main(SPIRV_Cross_Input stage_input)
    {
        uv = stage_input.uv;
        frag_main();
        SPIRV_Cross_Output stage_output;
        stage_output.frag_color = frag_color;
        return stage_output;
    }
*/
static const uint8_t fs_add_temperature_texture_source_hlsl5[1367] = {
    0x63,0x62,0x75,0x66,0x66,0x65,0x72,0x20,0x66,0x6c,0x6f,0x77,0x5f,0x70,0x61,0x72,
    0x61,0x6d,0x73,0x20,0x3a,0x20,0x72,0x65,0x67,0x69,0x73,0x74,0x65,0x72,0x28,0x62,
    0x30,0x29,0x0a,0x7b,0x0a,0x20,0x20,0x20,0x20,0x66,0x6c,0x6f,0x61,0x74,0x34,0x20,
    0x5f,0x33,0x37,0x5f,0x63,0x6f,0x6c,0x6f,0x72,0x20,0x3a,0x20,0x70,0x61,0x63,0x6b,
    0x6f,0x66,0x66,0x73,0x65,0x74,0x28,0x63,0x30,0x29,0x3b,0x0a,0x20,0x20,0x20,0x20,
    0x66,0x6c,0x6f,0x61,0x74,0x34,0x20,0x5f,0x33,0x37,0x5f,0x72,0x65,0x73,0x6f,0x6c,
    0x75,0x74,0x69,0x6f,0x6e,0x20,0x3a,0x20,0x70,0x61,0x63,0x6b,0x6f,0x66,0x66,0x73,
    0x65,0x74,0x28,0x63,0x31,0x29,0x3b,0x0a,0x20,0x20,0x20,0x20,0x66,0x6c,0x6f,0x61,
    0x74,0x34,0x20,0x5f,0x33,0x37,0x5f,0x74,0x65,0x78,0x65,0x6c,0x20,0x3a,0x20,0x70,
    0x61,0x63,0x6b,0x6f,0x66,0x66,0x73,0x65,0x74,0x28,0x63,0x32,0x29,0x3b,0x0a,0x20,
    0x20,0x20,0x20,0x66,0x6c,0x6f,0x61,0x74,0x34,0x20,0x5f,0x33,0x37,0x5f,0x6f,0x70,
    0x74,0x69,0x6f,0x6e,0x73,0x20,0x3a,0x20,0x70,0x61,0x63,0x6b,0x6f,0x66,0x66,0x73,
    0x65,0x74,0x28,0x63,0x33,0x29,0x3b,0x0a,0x7d,0x3b,0x0a,0x0a,0x54,0x65,0x78,0x74,
    0x75,0x72,0x65,0x32,0x44,0x3c,0x66,0x6c,0x6f,0x61,0x74,0x34,0x3e,0x20,0x74,0x65,
    0x6d,0x70,0x65,0x72,0x61,0x74,0x75,0x72,0x65,0x41,0x64,0x64,0x42,0x61,0x73,0x65,
    0x54,0x65,0x78,0x20,0x3a,0x20,0x72,0x65,0x67,0x69,0x73,0x74,0x65,0x72,0x28,0x74,
    0x30,0x29,0x3b,0x0a,0x53,0x61,0x6d,0x70,0x6c,0x65,0x72,0x53,0x74,0x61,0x74,0x65,
    0x20,0x74,0x65,0x6d,0x70,0x65,0x72,0x61,0x74,0x75,0x72,0x65,0x41,0x64,0x64,0x42,
    0x61,0x73,0x65,0x53,0x6d,0x70,0x20,0x3a,0x20,0x72,0x65,0x67,0x69,0x73,0x74,0x65,
    0x72,0x28,0x73,0x30,0x29,0x3b,0x0a,0x54,0x65,0x78,0x74,0x75,0x72,0x65,0x32,0x44,
    0x3c,0x66,0x6c,0x6f,0x61,0x74,0x34,0x3e,0x20,0x65,0x78,0x74,0x65,0x72,0x6e,0x61,
    0x6c,0x54,0x65,0x6d,0x70,0x65,0x72,0x61,0x74,0x75,0x72,0x65,0x54,0x65,0x78,0x20,
    0x3a,0x20,0x72,0x65,0x67,0x69,0x73,0x74,0x65,0x72,0x28,0x74,0x31,0x29,0x3b,0x0a,
    0x53,0x61,0x6d,0x70,0x6c,0x65,0x72,0x53,0x74,0x61,0x74,0x65,0x20,0x65,0x78,0x74,
    0x65,0x72,0x6e,0x61,0x6c,0x54,0x65,0x6d,0x70,0x65,0x72,0x61,0x74,0x75,0x72,0x65,
    0x53,0x6d,0x70,0x20,0x3a,0x20,0x72,0x65,0x67,0x69,0x73,0x74,0x65,0x72,0x28,0x73,
    0x31,0x29,0x3b,0x0a,0x0a,0x73,0x74,0x61,0x74,0x69,0x63,0x20,0x66,0x6c,0x6f,0x61,
    0x74,0x32,0x20,0x75,0x76,0x3b,0x0a,0x73,0x74,0x61,0x74,0x69,0x63,0x20,0x66,0x6c,
    0x6f,0x61,0x74,0x34,0x20,0x66,0x72,0x61,0x67,0x5f,0x63,0x6f,0x6c,0x6f,0x72,0x3b,
    0x0a,0x0a,0x73,0x74,0x72,0x75,0x63,0x74,0x20,0x53,0x50,0x49,0x52,0x56,0x5f,0x43,
    0x72,0x6f,0x73,0x73,0x5f,0x49,0x6e,0x70,0x75,0x74,0x0a,0x7b,0x0a,0x20,0x20,0x20,
    0x20,0x66,0x6c,0x6f,0x61,0x74,0x32,0x20,0x75,0x76,0x20,0x3a,0x20,0x54,0x45,0x58,
    0x43,0x4f,0x4f,0x52,0x44,0x30,0x3b,0x0a,0x7d,0x3b,0x0a,0x0a,0x73,0x74,0x72,0x75,
    0x63,0x74,0x20,0x53,0x50,0x49,0x52,0x56,0x5f,0x43,0x72,0x6f,0x73,0x73,0x5f,0x4f,
    0x75,0x74,0x70,0x75,0x74,0x0a,0x7b,0x0a,0x20,0x20,0x20,0x20,0x66,0x6c,0x6f,0x61,
    0x74,0x34,0x20,0x66,0x72,0x61,0x67,0x5f,0x63,0x6f,0x6c,0x6f,0x72,0x20,0x3a,0x20,
    0x53,0x56,0x5f,0x54,0x61,0x72,0x67,0x65,0x74,0x30,0x3b,0x0a,0x7d,0x3b,0x0a,0x0a,
    0x76,0x6f,0x69,0x64,0x20,0x66,0x72,0x61,0x67,0x5f,0x6d,0x61,0x69,0x6e,0x28,0x29,
    0x0a,0x7b,0x0a,0x20,0x20,0x20,0x20,0x66,0x6c,0x6f,0x61,0x74,0x34,0x20,0x5f,0x32,
    0x34,0x20,0x3d,0x20,0x74,0x65,0x6d,0x70,0x65,0x72,0x61,0x74,0x75,0x72,0x65,0x41,
    0x64,0x64,0x42,0x61,0x73,0x65,0x54,0x65,0x78,0x2e,0x53,0x61,0x6d,0x70,0x6c,0x65,
    0x28,0x74,0x65,0x6d,0x70,0x65,0x72,0x61,0x74,0x75,0x72,0x65,0x41,0x64,0x64,0x42,
    0x61,0x73,0x65,0x53,0x6d,0x70,0x2c,0x20,0x75,0x76,0x29,0x3b,0x0a,0x20,0x20,0x20,
    0x20,0x66,0x6c,0x6f,0x61,0x74,0x34,0x20,0x5f,0x33,0x32,0x20,0x3d,0x20,0x65,0x78,
    0x74,0x65,0x72,0x6e,0x61,0x6c,0x54,0x65,0x6d,0x70,0x65,0x72,0x61,0x74,0x75,0x72,
    0x65,0x54,0x65,0x78,0x2e,0x53,0x61,0x6d,0x70,0x6c,0x65,0x28,0x65,0x78,0x74,0x65,
    0x72,0x6e,0x61,0x6c,0x54,0x65,0x6d,0x70,0x65,0x72,0x61,0x74,0x75,0x72,0x65,0x53,
    0x6d,0x70,0x2c,0x20,0x75,0x76,0x29,0x3b,0x0a,0x20,0x20,0x20,0x20,0x66,0x6c,0x6f,
    0x61,0x74,0x20,0x5f,0x34,0x38,0x3b,0x0a,0x20,0x20,0x20,0x20,0x69,0x66,0x20,0x28,
    0x5f,0x33,0x37,0x5f,0x6f,0x70,0x74,0x69,0x6f,0x6e,0x73,0x2e,0x77,0x20,0x3e,0x20,
    0x30,0x2e,0x35,0x66,0x29,0x0a,0x20,0x20,0x20,0x20,0x7b,0x0a,0x20,0x20,0x20,0x20,
    0x20,0x20,0x20,0x20,0x5f,0x34,0x38,0x20,0x3d,0x20,0x6c,0x65,0x6e,0x67,0x74,0x68,
    0x28,0x5f,0x33,0x32,0x2e,0x78,0x79,0x29,0x3b,0x0a,0x20,0x20,0x20,0x20,0x7d,0x0a,
    0x20,0x20,0x20,0x20,0x65,0x6c,0x73,0x65,0x0a,0x20,0x20,0x20,0x20,0x7b,0x0a,0x20,
    0x20,0x20,0x20,0x20,0x20,0x20,0x20,0x5f,0x34,0x38,0x20,0x3d,0x20,0x64,0x6f,0x74,
    0x28,0x5f,0x33,0x32,0x2e,0x78,0x79,0x7a,0x2c,0x20,0x66,0x6c,0x6f,0x61,0x74,0x33,
    0x28,0x30,0x2e,0x32,0x31,0x32,0x35,0x39,0x39,0x39,0x39,0x32,0x37,0x35,0x32,0x30,
    0x37,0x35,0x31,0x39,0x35,0x33,0x31,0x32,0x35,0x66,0x2c,0x20,0x30,0x2e,0x37,0x31,
    0x35,0x32,0x30,0x30,0x30,0x30,0x36,0x39,0x36,0x31,0x38,0x32,0x32,0x35,0x30,0x39,
    0x37,0x36,0x35,0x36,0x32,0x35,0x66,0x2c,0x20,0x30,0x2e,0x30,0x37,0x32,0x32,0x30,
    0x30,0x30,0x30,0x30,0x32,0x38,0x36,0x31,0x30,0x32,0x32,0x39,0x34,0x39,0x32,0x31,
    0x38,0x37,0x35,0x66,0x29,0x29,0x3b,0x0a,0x20,0x20,0x20,0x20,0x7d,0x0a,0x20,0x20,
    0x20,0x20,0x66,0x6c,0x6f,0x61,0x74,0x20,0x5f,0x38,0x30,0x20,0x3d,0x20,0x28,0x5f,
    0x34,0x38,0x20,0x2a,0x20,0x5f,0x33,0x37,0x5f,0x6f,0x70,0x74,0x69,0x6f,0x6e,0x73,
    0x2e,0x78,0x29,0x20,0x2a,0x20,0x73,0x6d,0x6f,0x6f,0x74,0x68,0x73,0x74,0x65,0x70,
    0x28,0x5f,0x33,0x37,0x5f,0x6f,0x70,0x74,0x69,0x6f,0x6e,0x73,0x2e,0x79,0x2c,0x20,
    0x5f,0x33,0x37,0x5f,0x6f,0x70,0x74,0x69,0x6f,0x6e,0x73,0x2e,0x7a,0x2c,0x20,0x5f,
    0x34,0x38,0x29,0x3b,0x0a,0x20,0x20,0x20,0x20,0x66,0x72,0x61,0x67,0x5f,0x63,0x6f,
    0x6c,0x6f,0x72,0x20,0x3d,0x20,0x63,0x6c,0x61,0x6d,0x70,0x28,0x5f,0x32,0x34,0x20,
    0x2b,0x20,0x66,0x6c,0x6f,0x61,0x74,0x34,0x28,0x5f,0x38,0x30,0x2c,0x20,0x5f,0x38,
    0x30,0x2c,0x20,0x5f,0x38,0x30,0x2c,0x20,0x31,0x2e,0x30,0x66,0x29,0x2c,0x20,0x30,
    0x2e,0x30,0x66,0x2e,0x78,0x78,0x78,0x78,0x2c,0x20,0x31,0x2e,0x30,0x66,0x2e,0x78,
    0x78,0x78,0x78,0x29,0x3b,0x0a,0x7d,0x0a,0x0a,0x53,0x50,0x49,0x52,0x56,0x5f,0x43,
    0x72,0x6f,0x73,0x73,0x5f,0x4f,0x75,0x74,0x70,0x75,0x74,0x20,0x6d,0x61,0x69,0x6e,
    0x28,0x53,0x50,0x49,0x52,0x56,0x5f,0x43,0x72,0x6f,0x73,0x73,0x5f,0x49,0x6e,0x70,
    0x75,0x74,0x20,0x73,0x74,0x61,0x67,0x65,0x5f,0x69,0x6e,0x70,0x75,0x74,0x29,0x0a,
    0x7b,0x0a,0x20,0x20,0x20,0x20,0x75,0x76,0x20,0x3d,0x20,0x73,0x74,0x61,0x67,0x65,
    0x5f,0x69,0x6e,0x70,0x75,0x74,0x2e,0x75,0x76,0x3b,0x0a,0x20,0x20,0x20,0x20,0x66,
    0x72,0x61,0x67,0x5f,0x6d,0x61,0x69,0x6e,0x28,0x29,0x3b,0x0a,0x20,0x20,0x20,0x20,
    0x53,0x50,0x49,0x52,0x56,0x5f,0x43,0x72,0x6f,0x73,0x73,0x5f,0x4f,0x75,0x74,0x70,
    0x75,0x74,0x20,0x73,0x74,0x61,0x67,0x65,0x5f,0x6f,0x75,0x74,0x70,0x75,0x74,0x3b,
    0x0a,0x20,0x20,0x20,0x20,0x73,0x74,0x61,0x67,0x65,0x5f,0x6f,0x75,0x74,0x70,0x75,
    0x74,0x2e,0x66,0x72,0x61,0x67,0x5f,0x63,0x6f,0x6c,0x6f,0x72,0x20,0x3d,0x20,0x66,
    0x72,0x61,0x67,0x5f,0x63,0x6f,0x6c,0x6f,0x72,0x3b,0x0a,0x20,0x20,0x20,0x20,0x72,
    0x65,0x74,0x75,0x72,0x6e,0x20,0x73,0x74,0x61,0x67,0x65,0x5f,0x6f,0x75,0x74,0x70,
    0x75,0x74,0x3b,0x0a,0x7d,0x0a,0x00,
};
/*
    cbuffer flow_params : register(b0)
    {
        float4 _13_color : packoffset(c0);
        float4 _13_resolution : packoffset(c1);
        float4 _13_texel : packoffset(c2);
        float4 _13_options : packoffset(c3);
    };

    Texture2D<float4> obstacleTex : register(t1);
    SamplerState obstacleSmp : register(s1);
    Texture2D<float4> velocityTex : register(t0);
    SamplerState velocitySmp : register(s0);
    Texture2D<float4> obstacleOffsetTex : register(t2);
    SamplerState obstacleOffsetSmp : register(s2);

    static float2 uv;
    static float4 frag_color;

    struct SPIRV_Cross_Input
    {
        float2 uv : TEXCOORD0;
    };

    struct SPIRV_Cross_Output
    {
        float4 frag_color : SV_Target0;
    };

    void frag_main()
    {
        if (obstacleTex.Sample(obstacleSmp, uv).x >= 0.5f)
        {
            frag_color = float4(0.0f, 0.0f, 0.0f, 1.0f);
            return;
        }
        float2 _60 = float2(_13_texel.x, 0.0f);
        float2 _83 = float2(0.0f, _13_texel.y);
        float4 _113 = obstacleOffsetTex.Sample(obstacleOffsetSmp, uv);
        float2 _116 = -velocityTex.Sample(velocitySmp, uv).xy;
        float _160 = _13_options.w * ((lerp(velocityTex.Sample(velocitySmp, uv + _60).xy, _116, _113.z.xx).x - lerp(velocityTex.Sample(velocitySmp, uv - _60).xy, _116, _113.w.xx).x) + (lerp(velocityTex.Sample(velocitySmp, uv + _83).xy, _116, _113.y.xx).y - lerp(velocityTex.Sample(velocitySmp, uv - _83).xy, _116, _113.x.xx).y));
        frag_color = float4(_160, _160, _160, 1.0f);
    }

    SPIRV_Cross_Output main(SPIRV_Cross_Input stage_input)
    {
        uv = stage_input.uv;
        frag_main();
        SPIRV_Cross_Output stage_output;
        stage_output.frag_color = frag_color;
        return stage_output;
    }
*/
static const uint8_t fs_divergence_source_hlsl5[1602] = {
    0x63,0x62,0x75,0x66,0x66,0x65,0x72,0x20,0x66,0x6c,0x6f,0x77,0x5f,0x70,0x61,0x72,
    0x61,0x6d,0x73,0x20,0x3a,0x20,0x72,0x65,0x67,0x69,0x73,0x74,0x65,0x72,0x28,0x62,
    0x30,0x29,0x0a,0x7b,0x0a,0x20,0x20,0x20,0x20,0x66,0x6c,0x6f,0x61,0x74,0x34,0x20,
    0x5f,0x31,0x33,0x5f,0x63,0x6f,0x6c,0x6f,0x72,0x20,0x3a,0x20,0x70,0x61,0x63,0x6b,
    0x6f,0x66,0x66,0x73,0x65,0x74,0x28,0x63,0x30,0x29,0x3b,0x0a,0x20,0x20,0x20,0x20,
    0x66,0x6c,0x6f,0x61,0x74,0x34,0x20,0x5f,0x31,0x33,0x5f,0x72,0x65,0x73,0x6f,0x6c,
    0x75,0x74,0x69,0x6f,0x6e,0x20,0x3a,0x20,0x70,0x61,0x63,0x6b,0x6f,0x66,0x66,0x73,
    0x65,0x74,0x28,0x63,0x31,0x29,0x3b,0x0a,0x20,0x20,0x20,0x20,0x66,0x6c,0x6f,0x61,
    0x74,0x34,0x20,0x5f,0x31,0x33,0x5f,0x74,0x65,0x78,0x65,0x6c,0x20,0x3a,0x20,0x70,
    0x61,0x63,0x6b,0x6f,0x66,0x66,0x73,0x65,0x74,0x28,0x63,0x32,0x29,0x3b,0x0a,0x20,
    0x20,0x20,0x20,0x66,0x6c,0x6f,0x61,0x74,0x34,0x20,0x5f,0x31,0x33,0x5f,0x6f,0x70,
    0x74,0x69,0x6f,0x6e,0x73,0x20,0x3a,0x20,0x70,0x61,0x63,0x6b,0x6f,0x66,0x66,0x73,
    0x65,0x74,0x28,0x63,0x33,0x29,0x3b,0x0a,0x7d,0x3b,0x0a,0x0a,0x54,0x65,0x78,0x74,
    0x75,0x72,0x65,0x32,0x44,0x3c,0x66,0x6c,0x6f,0x61,0x74,0x34,0x3e,0x20,0x6f,0x62,
    0x73,0x74,0x61,0x63,0x6c,0x65,0x54,0x65,0x78,0x20,0x3a,0x20,0x72,0x65,0x67,0x69,
    0x73,0x74,0x65,0x72,0x28,0x74,0x31,0x29,0x3b,0x0a,0x53,0x61,0x6d,0x70,0x6c,0x65,
    0x72,0x53,0x74,0x61,0x74,0x65,0x20,0x6f,0x62,0x73,0x74,0x61,0x63,0x6c,0x65,0x53,
    0x6d,0x70,0x20,0x3a,0x20,0x72,0x65,0x67,0x69,0x73,0x74,0x65,0x72,0x28,0x73,0x31,
    0x29,0x3b,0x0a,0x54,0x65,0x78,0x74,0x75,0x72,0x65,0x32,0x44,0x3c,0x66,0x6c,0x6f,
    0x61,0x74,0x34,0x3e,0x20,0x76,0x65,0x6c,0x6f,0x63,0x69,0x74,0x79,0x54,0x65,0x78,
    0x20,0x3a,0x20,0x72,0x65,0x67,0x69,0x73,0x74,0x65,0x72,0x28,0x74,0x30,0x29,0x3b,
    0x0a,0x53,0x61,0x6d,0x70,0x6c,0x65,0x72,0x53,0x74,0x61,0x74,0x65,0x20,0x76,0x65,
    0x6c,0x6f,0x63,0x69,0x74,0x79,0x53,0x6d,0x70,0x20,0x3a,0x20,0x72,0x65,0x67,0x69,
    0x73,0x74,0x65,0x72,0x28,0x73,0x30,0x29,0x3b,0x0a,0x54,0x65,0x78,0x74,0x75,0x72,
    0x65,0x32,0x44,0x3c,0x66,0x6c,0x6f,0x61,0x74,0x34,0x3e,0x20,0x6f,0x62,0x73,0x74,
    0x61,0x63,0x6c,0x65,0x4f,0x66,0x66,0x73,0x65,0x74,0x54,0x65,0x78,0x20,0x3a,0x20,
    0x72,0x65,0x67,0x69,0x73,0x74,0x65,0x72,0x28,0x74,0x32,0x29,0x3b,0x0a,0x53,0x61,
    0x6d,0x70,0x6c,0x65,0x72,0x53,0x74,0x61,0x74,0x65,0x20,0x6f,0x62,0x73,0x74,0x61,
    0x63,0x6c,0x65,0x4f,0x66,0x66,0x73,0x65,0x74,0x53,0x6d,0x70,0x20,0x3a,0x20,0x72,
    0x65,0x67,0x69,0x73,0x74,0x65,0x72,0x28,0x73,0x32,0x29,0x3b,0x0a,0x0a,0x73,0x74,
    0x61,0x74,0x69,0x63,0x20,0x66,0x6c,0x6f,0x61,0x74,0x32,0x20,0x75,0x76,0x3b,0x0a,
    0x73,0x74,0x61,0x74,0x69,0x63,0x20,0x66,0x6c,0x6f,0x61,0x74,0x34,0x20,0x66,0x72,
    0x61,0x67,0x5f,0x63,0x6f,0x6c,0x6f,0x72,0x3b,0x0a,0x0a,0x73,0x74,0x72,0x75,0x63,
    0x74,0x20,0x53,0x50,0x49,0x52,0x56,0x5f,0x43,0x72,0x6f,0x73,0x73,0x5f,0x49,0x6e,
    0x70,0x75,0x74,0x0a,0x7b,0x0a,0x20,0x20,0x20,0x20,0x66,0x6c,0x6f,0x61,0x74,0x32,
    0x20,0x75,0x76,0x20,0x3a,0x20,0x54,0x45,0x58,0x43,0x4f,0x4f,0x52,0x44,0x30,0x3b,
    0x0a,0x7d,0x3b,0x0a,0x0a,0x73,0x74,0x72,0x75,0x63,0x74,0x20,0x53,0x50,0x49,0x52,
    0x56,0x5f,0x43,0x72,0x6f,0x73,0x73,0x5f,0x4f,0x75,0x74,0x70,0x75,0x74,0x0a,0x7b,
    0x0a,0x20,0x20,0x20,0x20,0x66,0x6c,0x6f,0x61,0x74,0x34,0x20,0x66,0x72,0x61,0x67,
    0x5f,0x63,0x6f,0x6c,0x6f,0x72,0x20,0x3a,0x20,0x53,0x56,0x5f,0x54,0x61,0x72,0x67,
    0x65,0x74,0x30,0x3b,0x0a,0x7d,0x3b,0x0a,0x0a,0x76,0x6f,0x69,0x64,0x20,0x66,0x72,
    0x61,0x67,0x5f,0x6d,0x61,0x69,0x6e,0x28,0x29,0x0a,0x7b,0x0a,0x20,0x20,0x20,0x20,
    0x69,0x66,0x20,0x28,0x6f,0x62,0x73,0x74,0x61,0x63,0x6c,0x65,0x54,0x65,0x78,0x2e,
    0x53,0x61,0x6d,0x70,0x6c,0x65,0x28,0x6f,0x62,0x73,0x74,0x61,0x63,0x6c,0x65,0x53,
    0x6d,0x70,0x2c,0x20,0x75,0x76,0x29,0x2e,0x78,0x20,0x3e,0x3d,0x20,0x30,0x2e,0x35,
    0x66,0x29,0x0a,0x20,0x20,0x20,0x20,0x7b,0x0a,0x20,0x20,0x20,0x20,0x20,0x20,0x20,
    0x20,0x66,0x72,0x61,0x67,0x5f,0x63,0x6f,0x6c,0x6f,0x72,0x20,0x3d,0x20,0x66,0x6c,
    0x6f,0x61,0x74,0x34,0x28,0x30,0x2e,0x30,0x66,0x2c,0x20,0x30,0x2e,0x30,0x66,0x2c,
    0x20,0x30,0x2e,0x30,0x66,0x2c,0x20,0x31,0x2e,0x30,0x66,0x29,0x3b,0x0a,0x20,0x20,
    0x20,0x20,0x20,0x20,0x20,0x20,0x72,0x65,0x74,0x75,0x72,0x6e,0x3b,0x0a,0x20,0x20,
    0x20,0x20,0x7d,0x0a,0x20,0x20,0x20,0x20,0x66,0x6c,0x6f,0x61,0x74,0x32,0x20,0x5f,
    0x36,0x30,0x20,0x3d,0x20,0x66,0x6c,0x6f,0x61,0x74,0x32,0x28,0x5f,0x31,0x33,0x5f,
    0x74,0x65,0x78,0x65,0x6c,0x2e,0x78,0x2c,0x20,0x30,0x2e,0x30,0x66,0x29,0x3b,0x0a,
    0x20,0x20,0x20,0x20,0x66,0x6c,0x6f,0x61,0x74,0x32,0x20,0x5f,0x38,0x33,0x20,0x3d,
    0x20,0x66,0x6c,0x6f,0x61,0x74,0x32,0x28,0x30,0x2e,0x30,0x66,0x2c,0x20,0x5f,0x31,
    0x33,0x5f,0x74,0x65,0x78,0x65,0x6c,0x2e,0x79,0x29,0x3b,0x0a,0x20,0x20,0x20,0x20,
    0x66,0x6c,0x6f,0x61,0x74,0x34,0x20,0x5f,0x31,0x31,0x33,0x20,0x3d,0x20,0x6f,0x62,
    0x73,0x74,0x61,0x63,0x6c,0x65,0x4f,0x66,0x66,0x73,0x65,0x74,0x54,0x65,0x78,0x2e,
    0x53,0x61,0x6d,0x70,0x6c,0x65,0x28,0x6f,0x62,0x73,0x74,0x61,0x63,0x6c,0x65,0x4f,
    0x66,0x66,0x73,0x65,0x74,0x53,0x6d,0x70,0x2c,0x20,0x75,0x76,0x29,0x3b,0x0a,0x20,
    0x20,0x20,0x20,0x66,0x6c,0x6f,0x61,0x74,0x32,0x20,0x5f,0x31,0x31,0x36,0x20,0x3d,
    0x20,0x2d,0x76,0x65,0x6c,0x6f,0x63,0x69,0x74,0x79,0x54,0x65,0x78,0x2e,0x53,0x61,
    0x6d,0x70,0x6c,0x65,0x28,0x76,0x65,0x6c,0x6f,0x63,0x69,0x74,0x79,0x53,0x6d,0x70,
    0x2c,0x20,0x75,0x76,0x29,0x2e,0x78,0x79,0x3b,0x0a,0x20,0x20,0x20,0x20,0x66,0x6c,
    0x6f,0x61,0x74,0x20,0x5f,0x31,0x36,0x30,0x20,0x3d,0x20,0x5f,0x31,0x33,0x5f,0x6f,
    0x70,0x74,0x69,0x6f,0x6e,0x73,0x2e,0x77,0x20,0x2a,0x20,0x28,0x28,0x6c,0x65,0x72,
    0x70,0x28,0x76,0x65,0x6c,0x6f,0x63,0x69,0x74,0x79,0x54,0x65,0x78,0x2e,0x53,0x61,
    0x6d,0x70,0x6c,0x65,0x28,0x76,0x65,0x6c,0x6f,0x63,0x69,0x74,0x79,0x53,0x6d,0x70,
    0x2c,0x20,0x75,0x76,0x20,0x2b,0x20,0x5f,0x36,0x30,0x29,0x2e,0x78,0x79,0x2c,0x20,
    0x5f,0x31,0x31,0x36,0x2c,0x20,0x5f,0x31,0x31,0x33,0x2e,0x7a,0x2e,0x78,0x78,0x29,
    0x2e,0x78,0x20,0x2d,0x20,0x6c,0x65,0x72,0x70,0x28,0x76,0x65,0x6c,0x6f,0x63,0x69,
    0x74,0x79,0x54,0x65,0x78,0x2e,0x53,0x61,0x6d,0x70,0x6c,0x65,0x28,0x76,0x65,0x6c,
    0x6f,0x63,0x69,0x74,0x79,0x53,0x6d,0x70,0x2c,0x20,0x75,0x76,0x20,0x2d,0x20,0x5f,
    0x36,0x30,0x29,0x2e,0x78,0x79,0x2c,0x20,0x5f,0x31,0x31,0x36,0x2c,0x20,0x5f,0x31,
    0x31,0x33,0x2e,0x77,0x2e,0x78,0x78,0x29,0x2e,0x78,0x29,0x20,0x2b,0x20,0x28,0x6c,
    0x65,0x72,0x70,0x28,0x76,0x65,0x6c,0x6f,0x63,0x69,0x74,0x79,0x54,0x65,0x78,0x2e,
    0x53,0x61,0x6d,0x70,0x6c,0x65,0x28,0x76,0x65,0x6c,0x6f,0x63,0x69,0x74,0x79,0x53,
    0x6d,0x70,0x2c,0x20,0x75,0x76,0x20,0x2b,0x20,0x5f,0x38,0x33,0x29,0x2e,0x78,0x79,
    0x2c,0x20,0x5f,0x31,0x31,0x36,0x2c,0x20,0x5f,0x31,0x31,0x33,0x2e,0x79,0x2e,0x78,
    0x78,0x29,0x2e,0x79,0x20,0x2d,0x20,0x6c,0x65,0x72,0x70,0x28,0x76,0x65,0x6c,0x6f,
    0x63,0x69,0x74,0x79,0x54,0x65,0x78,0x2e,0x53,0x61,0x6d,0x70,0x6c,0x65,0x28,0x76,
    0x65,0x6c,0x6f,0x63,0x69,0x74,0x79,0x53,0x6d,0x70,0x2c,0x20,0x75,0x76,0x20,0x2d,
    0x20,0x5f,0x38,0x33,0x29,0x2e,0x78,0x79,0x2c,0x20,0x5f,0x31,0x31,0x36,0x2c,0x20,
    0x5f,0x31,0x31,0x33,0x2e,0x78,0x2e,0x78,0x78,0x29,0x2e,0x79,0x29,0x29,0x3b,0x0a,
    0x20,0x20,0x20,0x20,0x66,0x72,0x61,0x67,0x5f,0x63,0x6f,0x6c,0x6f,0x72,0x20,0x3d,
    0x20,0x66,0x6c,0x6f,0x61,0x74,0x34,0x28,0x5f,0x31,0x36,0x30,0x2c,0x20,0x5f,0x31,
    0x36,0x30,0x2c,0x20,0x5f,0x31,0x36,0x30,0x2c,0x20,0x31,0x2e,0x30,0x66,0x29,0x3b,
    0x0a,0x7d,0x0a,0x0a,0x53,0x50,0x49,0x52,0x56,0x5f,0x43,0x72,0x6f,0x73,0x73,0x5f,
    0x4f,0x75,0x74,0x70,0x75,0x74,0x20,0x6d,0x61,0x69,0x6e,0x28,0x53,0x50,0x49,0x52,
    0x56,0x5f,0x43,0x72,0x6f,0x73,0x73,0x5f,0x49,0x6e,0x70,0x75,0x74,0x20,0x73,0x74,
    0x61,0x67,0x65,0x5f,0x69,0x6e,0x70,0x75,0x74,0x29,0x0a,0x7b,0x0a,0x20,0x20,0x20,
    0x20,0x75,0x76,0x20,0x3d,0x20,0x73,0x74,0x61,0x67,0x65,0x5f,0x69,0x6e,0x70,0x75,
    0x74,0x2e,0x75,0x76,0x3b,0x0a,0x20,0x20,0x20,0x20,0x66,0x72,0x61,0x67,0x5f,0x6d,
    0x61,0x69,0x6e,0x28,0x29,0x3b,0x0a,0x20,0x20,0x20,0x20,0x53,0x50,0x49,0x52,0x56,
    0x5f,0x43,0x72,0x6f,0x73,0x73,0x5f,0x4f,0x75,0x74,0x70,0x75,0x74,0x20,0x73,0x74,
    0x61,0x67,0x65,0x5f,0x6f,0x75,0x74,0x70,0x75,0x74,0x3b,0x0a,0x20,0x20,0x20,0x20,
    0x73,0x74,0x61,0x67,0x65,0x5f,0x6f,0x75,0x74,0x70,0x75,0x74,0x2e,0x66,0x72,0x61,
    0x67,0x5f,0x63,0x6f,0x6c,0x6f,0x72,0x20,0x3d,0x20,0x66,0x72,0x61,0x67,0x5f,0x63,
    0x6f,0x6c,0x6f,0x72,0x3b,0x0a,0x20,0x20,0x20,0x20,0x72,0x65,0x74,0x75,0x72,0x6e,
    0x20,0x73,0x74,0x61,0x67,0x65,0x5f,0x6f,0x75,0x74,0x70,0x75,0x74,0x3b,0x0a,0x7d,
    0x0a,0x00,
};
/*
    cbuffer flow_params : register(b0)
    {
        float4 _13_color : packoffset(c0);
        float4 _13_resolution : packoffset(c1);
        float4 _13_texel : packoffset(c2);
        float4 _13_options : packoffset(c3);
    };

    Texture2D<float4> pressureObstacleTex : register(t2);
    SamplerState pressureObstacleSmp : register(s2);
    Texture2D<float4> pressureSrcTex : register(t0);
    SamplerState pressureSrcSmp : register(s0);
    Texture2D<float4> pressureObstacleOffsetTex : register(t3);
    SamplerState pressureObstacleOffsetSmp : register(s3);
    Texture2D<float4> divergenceTex : register(t1);
    SamplerState divergenceSmp : register(s1);

    static float2 uv;
    static float4 frag_color;

    struct SPIRV_Cross_Input
    {
        float2 uv : TEXCOORD0;
    };

    struct SPIRV_Cross_Output
    {
        float4 frag_color : SV_Target0;
    };

    void frag_main()
    {
        if (pressureObstacleTex.Sample(pressureObstacleSmp, uv).x >= 0.5f)
        {
            frag_color = float4(0.0f, 0.0f, 0.0f, 1.0f);
            return;
        }
        float2 _60 = float2(_13_texel.x, 0.0f);
        float2 _83 = float2(0.0f, _13_texel.y);
        float4 _103 = pressureSrcTex.Sample(pressureSrcSmp, uv);
        float _104 = _103.x;
        float4 _113 = pressureObstacleOffsetTex.Sample(pressureObstacleOffsetSmp, uv);
        float _156 = ((((lerp(pressureSrcTex.Sample(pressureSrcSmp, uv - _60).x, _104, _113.w) + lerp(pressureSrcTex.Sample(pressureSrcSmp, uv + _60).x, _104, _113.z)) + lerp(pressureSrcTex.Sample(pressureSrcSmp, uv - _83).x, _104, _113.x)) + lerp(pressureSrcTex.Sample(pressureSrcSmp, uv + _83).x, _104, _113.y)) - divergenceTex.Sample(divergenceSmp, uv).x) * 0.25f;
        frag_color = float4(_156, _156, _156, 1.0f);
    }

    SPIRV_Cross_Output main(SPIRV_Cross_Input stage_input)
    {
        uv = stage_input.uv;
        frag_main();
        SPIRV_Cross_Output stage_output;
        stage_output.frag_color = frag_color;
        return stage_output;
    }
*/
static const uint8_t fs_jacobi_pressure_source_hlsl5[1828] = {
    0x63,0x62,0x75,0x66,0x66,0x65,0x72,0x20,0x66,0x6c,0x6f,0x77,0x5f,0x70,0x61,0x72,
    0x61,0x6d,0x73,0x20,0x3a,0x20,0x72,0x65,0x67,0x69,0x73,0x74,0x65,0x72,0x28,0x62,
    0x30,0x29,0x0a,0x7b,0x0a,0x20,0x20,0x20,0x20,0x66,0x6c,0x6f,0x61,0x74,0x34,0x20,
    0x5f,0x31,0x33,0x5f,0x63,0x6f,0x6c,0x6f,0x72,0x20,0x3a,0x20,0x70,0x61,0x63,0x6b,
    0x6f,0x66,0x66,0x73,0x65,0x74,0x28,0x63,0x30,0x29,0x3b,0x0a,0x20,0x20,0x20,0x20,
    0x66,0x6c,0x6f,0x61,0x74,0x34,0x20,0x5f,0x31,0x33,0x5f,0x72,0x65,0x73,0x6f,0x6c,
    0x75,0x74,0x69,0x6f,0x6e,0x20,0x3a,0x20,0x70,0x61,0x63,0x6b,0x6f,0x66,0x66,0x73,
    0x65,0x74,0x28,0x63,0x31,0x29,0x3b,0x0a,0x20,0x20,0x20,0x20,0x66,0x6c,0x6f,0x61,
    0x74,0x34,0x20,0x5f,0x31,0x33,0x5f,0x74,0x65,0x78,0x65,0x6c,0x20,0x3a,0x20,0x70,
    0x61,0x63,0x6b,0x6f,0x66,0x66,0x73,0x65,0x74,0x28,0x63,0x32,0x29,0x3b,0x0a,0x20,
    0x20,0x20,0x20,0x66,0x6c,0x6f,0x61,0x74,0x34,0x20,0x5f,0x31,0x33,0x5f,0x6f,0x70,
    0x74,0x69,0x6f,0x6e,0x73,0x20,0x3a,0x20,0x70,0x61,0x63,0x6b,0x6f,0x66,0x66,0x73,
    0x65,0x74,0x28,0x63,0x33,0x29,0x3b,0x0a,0x7d,0x3b,0x0a,0x0a,0x54,0x65,0x78,0x74,
    0x75,0x72,0x65,0x32,0x44,0x3c,0x66,0x6c,0x6f,0x61,0x74,0x34,0x3e,0x20,0x70,0x72,
    0x65,0x73,0x73,0x75,0x72,0x65,0x4f,0x62,0x73,0x74,0x61,0x63,0x6c,0x65,0x54,0x65,
    0x78,0x20,0x3a,0x20,0x72,0x65,0x67,0x69,0x73,0x74,0x65,0x72,0x28,0x74,0x32,0x29,
    0x3b,0x0a,0x53,0x61,0x6d,0x70,0x6c,0x65,0x72,0x53,0x74,0x61,0x74,0x65,0x20,0x70,
    0x72,0x65,0x73,0x73,0x75,0x72,0x65,0x4f,0x62,0x73,0x74,0x61,0x63,0x6c,0x65,0x53,
    0x6d,0x70,0x20,0x3a,0x20,0x72,0x65,0x67,0x69,0x73,0x74,0x65,0x72,0x28,0x73,0x32,
    0x29,0x3b,0x0a,0x54,0x65,0x78,0x74,0x75,0x72,0x65,0x32,0x44,0x3c,0x66,0x6c,0x6f,
    0x61,0x74,0x34,0x3e,0x20,0x70,0x72,0x65,0x73,0x73,0x75,0x72,0x65,0x53,0x72,0x63,
    0x54,0x65,0x78,0x20,0x3a,0x20,0x72,0x65,0x67,0x69,0x73,0x74,0x65,0x72,0x28,0x74,
    0x30,0x29,0x3b,0x0a,0x53,0x61,0x6d,0x70,0x6c,0x65,0x72,0x53,0x74,0x61,0x74,0x65,
    0x20,0x70,0x72,0x65,0x73,0x73,0x75,0x72,0x65,0x53,0x72,0x63,0x53,0x6d,0x70,0x20,
    0x3a,0x20,0x72,0x65,0x67,0x69,0x73,0x74,0x65,0x72,0x28,0x73,0x30,0x29,0x3b,0x0a,
    0x54,0x65,0x78,0x74,0x75,0x72,0x65,0x32,0x44,0x3c,0x66,0x6c,0x6f,0x61,0x74,0x34,
    0x3e,0x20,0x70,0x72,0x65,0x73,0x73,0x75,0x72,0x65,0x4f,0x62,0x73,0x74,0x61,0x63,
    0x6c,0x65,0x4f,0x66,0x66,0x73,0x65,0x74,0x54,0x65,0x78,0x20,0x3a,0x20,0x72,0x65,
    0x67,0x69,0x73,0x74,0x65,0x72,0x28,0x74,0x33,0x29,0x3b,0x0a,0x53,0x61,0x6d,0x70,
    0x6c,0x65,0x72,0x53,0x74,0x61,0x74,0x65,0x20,0x70,0x72,0x65,0x73,0x73,0x75,0x72,
    0x65,0x4f,0x62,0x73,0x74,0x61,0x63,0x6c,0x65,0x4f,0x66,0x66,0x73,0x65,0x74,0x53,
    0x6d,0x70,0x20,0x3a,0x20,0x72,0x65,0x67,0x69,0x73,0x74,0x65,0x72,0x28,0x73,0x33,
    0x29,0x3b,0x0a,0x54,0x65,0x78,0x74,0x75,0x72,0x65,0x32,0x44,0x3c,0x66,0x6c,0x6f,
    0x61,0x74,0x34,0x3e,0x20,0x64,0x69,0x76,0x65,0x72,0x67,0x65,0x6e,0x63,0x65,0x54,
    0x65,0x78,0x20,0x3a,0x20,0x72,0x65,0x67,0x69,0x73,0x74,0x65,0x72,0x28,0x74,0x31,
    0x29,0x3b,0x0a,0x53,0x61,0x6d,0x70,0x6c,0x65,0x72,0x53,0x74,0x61,0x74,0x65,0x20,
    0x64,0x69,0x76,0x65,0x72,0x67,0x65,0x6e,0x63,0x65,0x53,0x6d,0x70,0x20,0x3a,0x20,
    0x72,0x65,0x67,0x69,0x73,0x74,0x65,0x72,0x28,0x73,0x31,0x29,0x3b,0x0a,0x0a,0x73,
    0x74,0x61,0x74,0x69,0x63,0x20,0x66,0x6c,0x6f,0x61,0x74,0x32,0x20,0x75,0x76,0x3b,
    0x0a,0x73,0x74,0x61,0x74,0x69,0x63,0x20,0x66,0x6c,0x6f,0x61,0x74,0x34,0x20,0x66,
    0x72,0x61,0x67,0x5f,0x63,0x6f,0x6c,0x6f,0x72,0x3b,0x0a,0x0a,0x73,0x74,0x72,0x75,
    0x63,0x74,0x20,0x53,0x50,0x49,0x52,0x56,0x5f,0x43,0x72,0x6f,0x73,0x73,0x5f,0x49,
    0x6e,0x70,0x75,0x74,0x0a,0x7b,0x0a,0x20,0x20,0x20,0x20,0x66,0x6c,0x6f,0x61,0x74,
    0x32,0x20,0x75,0x76,0x20,0x3a,0x20,0x54,0x45,0x58,0x43,0x4f,0x4f,0x52,0x44,0x30,
    0x3b,0x0a,0x7d,0x3b,0x0a,0x0a,0x73,0x74,0x72,0x75,0x63,0x74,0x20,0x53,0x50,0x49,
    0x52,0x56,0x5f,0x43,0x72,0x6f,0x73,0x73,0x5f,0x4f,0x75,0x74,0x70,0x75,0x74,0x0a,
    0x7b,0x0a,0x20,0x20,0x20,0x20,0x66,0x6c,0x6f,0x61,0x74,0x34,0x20,0x66,0x72,0x61,
    0x67,0x5f,0x63,0x6f,0x6c,0x6f,0x72,0x20,0x3a,0x20,0x53,0x56,0x5f,0x54,0x61,0x72,
    0x67,0x65,0x74,0x30,0x3b,0x0a,0x7d,0x3b,0x0a,0x0a,0x76,0x6f,0x69,0x64,0x20,0x66,
    0x72,0x61,0x67,0x5f,0x6d,0x61,0x69,0x6e,0x28,0x29,0x0a,0x7b,0x0a,0x20,0x20,0x20,
    0x20,0x69,0x66,0x20,0x28,0x70,0x72,0x65,0x73,0x73,0x75,0x72,0x65,0x4f,0x62,0x73,
    0x74,0x61,0x63,0x6c,0x65,0x54,0x65,0x78,0x2e,0x53,0x61,0x6d,0x70,0x6c,0x65,0x28,
    0x70,0x72,0x65,0x73,0x73,0x75,0x72,0x65,0x4f,0x62,0x73,0x74,0x61,0x63,0x6c,0x65,
    0x53,0x6d,0x70,0x2c,0x20,0x75,0x76,0x29,0x2e,0x78,0x20,0x3e,0x3d,0x20,0x30,0x2e,
    0x35,0x66,0x29,0x0a,0x20,0x20,0x20,0x20,0x7b,0x0a,0x20,0x20,0x20,0x20,0x20,0x20,
    0x20,0x20,0x66,0x72,0x61,0x67,0x5f,0x63,0x6f,0x6c,0x6f,0x72,0x20,0x3d,0x20,0x66,
    0x6c,0x6f,0x61,0x74,0x34,0x28,0x30,0x2e,0x30,0x66,0x2c,0x20,0x30,0x2e,0x30,0x66,
    0x2c,0x20,0x30,0x2e,0x30,0x66,0x2c,0x20,0x31,0x2e,0x30,0x66,0x29,0x3b,0x0a,0x20,
    0x20,0x20,0x20,0x20,0x20,0x20,0x20,0x72,0x65,0x74,0x75,0x72,0x6e,0x3b,0x0a,0x20,
    0x20,0x20,0x20,0x7d,0x0a,0x20,0x20,0x20,0x20,0x66,0x6c,0x6f,0x61,0x74,0x32,0x20,
    0x5f,0x36,0x30,0x20,0x3d,0x20,0x66,0x6c,0x6f,0x61,0x74,0x32,0x28,0x5f,0x31,0x33,
    0x5f,0x74,0x65,0x78,0x65,0x6c,0x2e,0x78,0x2c,0x20,0x30,0x2e,0x30,0x66,0x29,0x3b,
    0x0a,0x20,0x20,0x20,0x20,0x66,0x6c,0x6f,0x61,0x74,0x32,0x20,0x5f,0x38,0x33,0x20,
    0x3d,0x20,0x66,0x6c,0x6f,0x61,0x74,0x32,0x28,0x30,0x2e,0x30,0x66,0x2c,0x20,0x5f,
    0x31,0x33,0x5f,0x74,0x65,0x78,0x65,0x6c,0x2e,0x79,0x29,0x3b,0x0a,0x20,0x20,0x20,
    0x20,0x66,0x6c,0x6f,0x61,0x74,0x34,0x20,0x5f,0x31,0x30,0x33,0x20,0x3d,0x20,0x70,
    0x72,0x65,0x73,0x73,0x75,0x72,0x65,0x53,0x72,0x63,0x54,0x65,0x78,0x2e,0x53,0x61,
    0x6d,0x70,0x6c,0x65,0x28,0x70,0x72,0x65,0x73,0x73,0x75,0x72,0x65,0x53,0x72,0x63,
    0x53,0x6d,0x70,0x2c,0x20,0x75,0x76,0x29,0x3b,0x0a,0x20,0x20,0x20,0x20,0x66,0x6c,
    0x6f,0x61,0x74,0x20,0x5f,0x31,0x30,0x34,0x20,0x3d,0x20,0x5f,0x31,0x30,0x33,0x2e,
    0x78,0x3b,0x0a,0x20,0x20,0x20,0x20,0x66,0x6c,0x6f,0x61,0x74,0x34,0x20,0x5f,0x31,
    0x31,0x33,0x20,0x3d,0x20,0x70,0x72,0x65,0x73,0x73,0x75,0x72,0x65,0x4f,0x62,0x73,
    0x74,0x61,0x63,0x6c,0x65,0x4f,0x66,0x66,0x73,0x65,0x74,0x54,0x65,0x78,0x2e,0x53,
    0x61,0x6d,0x70,0x6c,0x65,0x28,0x70,0x72,0x65,0x73,0x73,0x75,0x72,0x65,0x4f,0x62,
    0x73,0x74,0x61,0x63,0x6c,0x65,0x4f,0x66,0x66,0x73,0x65,0x74,0x53,0x6d,0x70,0x2c,
    0x20,0x75,0x76,0x29,0x3b,0x0a,0x20,0x20,0x20,0x20,0x66,0x6c,0x6f,0x61,0x74,0x20,
    0x5f,0x31,0x35,0x36,0x20,0x3d,0x20,0x28,0x28,0x28,0x28,0x6c,0x65,0x72,0x70,0x28,
    0x70,0x72,0x65,0x73,0x73,0x75,0x72,0x65,0x53,0x72,0x63,0x54,0x65,0x78,0x2e,0x53,
    0x61,0x6d,0x70,0x6c,0x65,0x28,0x70,0x72,0x65,0x73,0x73,0x75,0x72,0x65,0x53,0x72,
    0x63,0x53,0x6d,0x70,0x2c,0x20,0x75,0x76,0x20,0x2d,0x20,0x5f,0x36,0x30,0x29,0x2e,
    0x78,0x2c,0x20,0x5f,0x31,0x30,0x34,0x2c,0x20,0x5f,0x31,0x31,0x33,0x2e,0x77,0x29,
    0x20,0x2b,0x20,0x6c,0x65,0x72,0x70,0x28,0x70,0x72,0x65,0x73,0x73,0x75,0x72,0x65,
    0x53,0x72,0x63,0x54,0x65,0x78,0x2e,0x53,0x61,0x6d,0x70,0x6c,0x65,0x28,0x70,0x72,
    0x65,0x73,0x73,0x75,0x72,0x65,0x53,0x72,0x63,0x53,0x6d,0x70,0x2c,0x20,0x75,0x76,
    0x20,0x2b,0x20,0x5f,0x36,0x30,0x29,0x2e,0x78,0x2c,0x20,0x5f,0x31,0x30,0x34,0x2c,
    0x20,0x5f,0x31,0x31,0x33,0x2e,0x7a,0x29,0x29,0x20,0x2b,0x20,0x6c,0x65,0x72,0x70,
    0x28,0x70,0x72,0x65,0x73,0x73,0x75,0x72,0x65,0x53,0x72,0x63,0x54,0x65,0x78,0x2e,
    0x53,0x61,0x6d,0x70,0x6c,0x65,0x28,0x70,0x72,0x65,0x73,0x73,0x75,0x72,0x65,0x53,
    0x72,0x63,0x53,0x6d,0x70,0x2c,0x20,0x75,0x76,0x20,0x2d,0x20,0x5f,0x38,0x33,0x29,
    0x2e,0x78,0x2c,0x20,0x5f,0x31,0x30,0x34,0x2c,0x20,0x5f,0x31,0x31,0x33,0x2e,0x78,
    0x29,0x29,0x20,0x2b,0x20,0x6c,0x65,0x72,0x70,0x28,0x70,0x72,0x65,0x73,0x73,0x75,
    0x72,0x65,0x53,0x72,0x63,0x54,0x65,0x78,0x2e,0x53,0x61,0x6d,0x70,0x6c,0x65,0x28,
    0x70,0x72,0x65,0x73,0x73,0x75,0x72,0x65,0x53,0x72,0x63,0x53,0x6d,0x70,0x2c,0x20,
    0x75,0x76,0x20,0x2b,0x20,0x5f,0x38,0x33,0x29,0x2e,0x78,0x2c,0x20,0x5f,0x31,0x30,
    0x34,0x2c,0x20,0x5f,0x31,0x31,0x33,0x2e,0x79,0x29,0x29,0x20,0x2d,0x20,0x64,0x69,
    0x76,0x65,0x72,0x67,0x65,0x6e,0x63,0x65,0x54,0x65,0x78,0x2e,0x53,0x61,0x6d,0x70,
    0x6c,0x65,0x28,0x64,0x69,0x76,0x65,0x72,0x67,0x65,0x6e,0x63,0x65,0x53,0x6d,0x70,
    0x2c,0x20,0x75,0x76,0x29,0x2e,0x78,0x29,0x20,0x2a,0x20,0x30,0x2e,0x32,0x35,0x66,
    0x3b,0x0a,0x20,0x20,0x20,0x20,0x66,0x72,0x61,0x67,0x5f,0x63,0x6f,0x6c,0x6f,0x72,
    0x20,0x3d,0x20,0x66,0x6c,0x6f,0x61,0x74,0x34,0x28,0x5f,0x31,0x35,0x36,0x2c,0x20,
    0x5f,0x31,0x35,0x36,0x2c,0x20,0x5f,0x31,0x35,0x36,0x2c,0x20,0x31,0x2e,0x30,0x66,
    0x29,0x3b,0x0a,0x7d,0x0a,0x0a,0x53,0x50,0x49,0x52,0x56,0x5f,0x43,0x72,0x6f,0x73,
    0x73,0x5f,0x4f,0x75,0x74,0x70,0x75,0x74,0x20,0x6d,0x61,0x69,0x6e,0x28,0x53,0x50,
    0x49,0x52,0x56,0x5f,0x43,0x72,0x6f,0x73,0x73,0x5f,0x49,0x6e,0x70,0x75,0x74,0x20,
    0x73,0x74,0x61,0x67,0x65,0x5f,0x69,0x6e,0x70,0x75,0x74,0x29,0x0a,0x7b,0x0a,0x20,
    0x20,0x20,0x20,0x75,0x76,0x20,0x3d,0x20,0x73,0x74,0x61,0x67,0x65,0x5f,0x69,0x6e,
    0x70,0x75,0x74,0x2e,0x75,0x76,0x3b,0x0a,0x20,0x20,0x20,0x20,0x66,0x72,0x61,0x67,
    0x5f,0x6d,0x61,0x69,0x6e,0x28,0x29,0x3b,0x0a,0x20,0x20,0x20,0x20,0x53,0x50,0x49,
    0x52,0x56,0x5f,0x43,0x72,0x6f,0x73,0x73,0x5f,0x4f,0x75,0x74,0x70,0x75,0x74,0x20,
    0x73,0x74,0x61,0x67,0x65,0x5f,0x6f,0x75,0x74,0x70,0x75,0x74,0x3b,0x0a,0x20,0x20,
    0x20,0x20,0x73,0x74,0x61,0x67,0x65,0x5f,0x6f,0x75,0x74,0x70,0x75,0x74,0x2e,0x66,
    0x72,0x61,0x67,0x5f,0x63,0x6f,0x6c,0x6f,0x72,0x20,0x3d,0x20,0x66,0x72,0x61,0x67,
    0x5f,0x63,0x6f,0x6c,0x6f,0x72,0x3b,0x0a,0x20,0x20,0x20,0x20,0x72,0x65,0x74,0x75,
    0x72,0x6e,0x20,0x73,0x74,0x61,0x67,0x65,0x5f,0x6f,0x75,0x74,0x70,0x75,0x74,0x3b,
    0x0a,0x7d,0x0a,0x00,
};
/*
    cbuffer flow_params : register(b0)
    {
        float4 _13_color : packoffset(c0);
        float4 _13_resolution : packoffset(c1);
        float4 _13_texel : packoffset(c2);
        float4 _13_options : packoffset(c3);
    };

    Texture2D<float4> gradientObstacleTex : register(t2);
    SamplerState gradientObstacleSmp : register(s2);
    Texture2D<float4> pressureTex : register(t1);
    SamplerState pressureSmp : register(s1);
    Texture2D<float4> gradientObstacleOffsetTex : register(t3);
    SamplerState gradientObstacleOffsetSmp : register(s3);
    Texture2D<float4> velocityTex : register(t0);
    SamplerState velocitySmp : register(s0);

    static float2 uv;
    static float4 frag_color;

    struct SPIRV_Cross_Input
    {
        float2 uv : TEXCOORD0;
    };

    struct SPIRV_Cross_Output
    {
        float4 frag_color : SV_Target0;
    };

    void frag_main()
    {
        if (gradientObstacleTex.Sample(gradientObstacleSmp, uv).x >= 0.5f)
        {
            frag_color = float4(0.0f, 0.0f, 0.0f, 1.0f);
            return;
        }
        float2 _60 = float2(_13_texel.x, 0.0f);
        float2 _83 = float2(0.0f, _13_texel.y);
        float4 _103 = pressureTex.Sample(pressureSmp, uv);
        float _104 = _103.x;
        float4 _113 = gradientObstacleOffsetTex.Sample(gradientObstacleOffsetSmp, uv);
        frag_color = float4(velocityTex.Sample(velocitySmp, uv).xy - (float2(lerp(pressureTex.Sample(pressureSmp, uv + _60).x, _104, _113.z) - lerp(pressureTex.Sample(pressureSmp, uv - _60).x, _104, _113.w), lerp(pressureTex.Sample(pressureSmp, uv + _83).x, _104, _113.y) - lerp(pressureTex.Sample(pressureSmp, uv - _83).x, _104, _113.x)) * _13_options.w), 0.0f, 1.0f);
    }

    SPIRV_Cross_Output main(SPIRV_Cross_Input stage_input)
    {
        uv = stage_input.uv;
        frag_main();
        SPIRV_Cross_Output stage_output;
        stage_output.frag_color = frag_color;
        return stage_output;
    }
*/
static const uint8_t fs_gradient_subtract_source_hlsl5[1765] = {
    0x63,0x62,0x75,0x66,0x66,0x65,0x72,0x20,0x66,0x6c,0x6f,0x77,0x5f,0x70,0x61,0x72,
    0x61,0x6d,0x73,0x20,0x3a,0x20,0x72,0x65,0x67,0x69,0x73,0x74,0x65,0x72,0x28,0x62,
    0x30,0x29,0x0a,0x7b,0x0a,0x20,0x20,0x20,0x20,0x66,0x6c,0x6f,0x61,0x74,0x34,0x20,
    0x5f,0x31,0x33,0x5f,0x63,0x6f,0x6c,0x6f,0x72,0x20,0x3a,0x20,0x70,0x61,0x63,0x6b,
    0x6f,0x66,0x66,0x73,0x65,0x74,0x28,0x63,0x30,0x29,0x3b,0x0a,0x20,0x20,0x20,0x20,
    0x66,0x6c,0x6f,0x61,0x74,0x34,0x20,0x5f,0x31,0x33,0x5f,0x72,0x65,0x73,0x6f,0x6c,
    0x75,0x74,0x69,0x6f,0x6e,0x20,0x3a,0x20,0x70,0x61,0x63,0x6b,0x6f,0x66,0x66,0x73,
    0x65,0x74,0x28,0x63,0x31,0x29,0x3b,0x0a,0x20,0x20,0x20,0x20,0x66,0x6c,0x6f,0x61,
    0x74,0x34,0x20,0x5f,0x31,0x33,0x5f,0x74,0x65,0x78,0x65,0x6c,0x20,0x3a,0x20,0x70,
    0x61,0x63,0x6b,0x6f,0x66,0x66,0x73,0x65,0x74,0x28,0x63,0x32,0x29,0x3b,0x0a,0x20,
    0x20,0x20,0x20,0x66,0x6c,0x6f,0x61,0x74,0x34,0x20,0x5f,0x31,0x33,0x5f,0x6f,0x70,
    0x74,0x69,0x6f,0x6e,0x73,0x20,0x3a,0x20,0x70,0x61,0x63,0x6b,0x6f,0x66,0x66,0x73,
    0x65,0x74,0x28,0x63,0x33,0x29,0x3b,0x0a,0x7d,0x3b,0x0a,0x0a,0x54,0x65,0x78,0x74,
    0x75,0x72,0x65,0x32,0x44,0x3c,0x66,0x6c,0x6f,0x61,0x74,0x34,0x3e,0x20,0x67,0x72,
    0x61,0x64,0x69,0x65,0x6e,0x74,0x4f,0x62,0x73,0x74,0x61,0x63,0x6c,0x65,0x54,0x65,
    0x78,0x20,0x3a,0x20,0x72,0x65,0x67,0x69,0x73,0x74,0x65,0x72,0x28,0x74,0x32,0x29,
    0x3b,0x0a,0x53,0x61,0x6d,0x70,0x6c,0x65,0x72,0x53,0x74,0x61,0x74,0x65,0x20,0x67,
    0x72,0x61,0x64,0x69,0x65,0x6e,0x74,0x4f,0x62,0x73,0x74,0x61,0x63,0x6c,0x65,0x53,
    0x6d,0x70,0x20,0x3a,0x20,0x72,0x65,0x67,0x69,0x73,0x74,0x65,0x72,0x28,0x73,0x32,
    0x29,0x3b,0x0a,0x54,0x65,0x78,0x74,0x75,0x72,0x65,0x32,0x44,0x3c,0x66,0x6c,0x6f,
    0x61,0x74,0x34,0x3e,0x20,0x70,0x72,0x65,0x73,0x73,0x75,0x72,0x65,0x54,0x65,0x78,
    0x20,0x3a,0x20,0x72,0x65,0x67,0x69,0x73,0x74,0x65,0x72,0x28,0x74,0x31,0x29,0x3b,
    0x0a,0x53,0x61,0x6d,0x70,0x6c,0x65,0x72,0x53,0x74,0x61,0x74,0x65,0x20,0x70,0x72,
    0x65,0x73,0x73,0x75,0x72,0x65,0x53,0x6d,0x70,0x20,0x3a,0x20,0x72,0x65,0x67,0x69,
    0x73,0x74,0x65,0x72,0x28,0x73,0x31,0x29,0x3b,0x0a,0x54,0x65,0x78,0x74,0x75,0x72,
    0x65,0x32,0x44,0x3c,0x66,0x6c,0x6f,0x61,0x74,0x34,0x3e,0x20,0x67,0x72,0x61,0x64,
    0x69,0x65,0x6e,0x74,0x4f,0x62,0x73,0x74,0x61,0x63,0x6c,0x65,0x4f,0x66,0x66,0x73,
    0x65,0x74,0x54,0x65,0x78,0x20,0x3a,0x20,0x72,0x65,0x67,0x69,0x73,0x74,0x65,0x72,
    0x28,0x74,0x33,0x29,0x3b,0x0a,0x53,0x61,0x6d,0x70,0x6c,0x65,0x72,0x53,0x74,0x61,
    0x74,0x65,0x20,0x67,0x72,0x61,0x64,0x69,0x65,0x6e,0x74,0x4f,0x62,0x73,0x74,0x61,
    0x63,0x6c,0x65,0x4f,0x66,0x66,0x73,0x65,0x74,0x53,0x6d,0x70,0x20,0x3a,0x20,0x72,
    0x65,0x67,0x69,0x73,0x74,0x65,0x72,0x28,0x73,0x33,0x29,0x3b,0x0a,0x54,0x65,0x78,
    0x74,0x75,0x72,0x65,0x32,0x44,0x3c,0x66,0x6c,0x6f,0x61,0x74,0x34,0x3e,0x20,0x76,
    0x65,0x6c,0x6f,0x63,0x69,0x74,0x79,0x54,0x65,0x78,0x20,0x3a,0x20,0x72,0x65,0x67,
    0x69,0x73,0x74,0x65,0x72,0x28,0x74,0x30,0x29,0x3b,0x0a,0x53,0x61,0x6d,0x70,0x6c,
    0x65,0x72,0x53,0x74,0x61,0x74,0x65,0x20,0x76,0x65,0x6c,0x6f,0x63,0x69,0x74,0x79,
    0x53,0x6d,0x70,0x20,0x3a,0x20,0x72,0x65,0x67,0x69,0x73,0x74,0x65,0x72,0x28,0x73,
    0x30,0x29,0x3b,0x0a,0x0a,0x73,0x74,0x61,0x74,0x69,0x63,0x20,0x66,0x6c,0x6f,0x61,
    0x74,0x32,0x20,0x75,0x76,0x3b,0x0a,0x73,0x74,0x61,0x74,0x69,0x63,0x20,0x66,0x6c,
    0x6f,0x61,0x74,0x34,0x20,0x66,0x72,0x61,0x67,0x5f,0x63,0x6f,0x6c,0x6f,0x72,0x3b,
    0x0a,0x0a,0x73,0x74,0x72,0x75,0x63,0x74,0x20,0x53,0x50,0x49,0x52,0x56,0x5f,0x43,
    0x72,0x6f,0x73,0x73,0x5f,0x49,0x6e,0x70,0x75,0x74,0x0a,0x7b,0x0a,0x20,0x20,0x20,
    0x20,0x66,0x6c,0x6f,0x61,0x74,0x32,0x20,0x75,0x76,0x20,0x3a,0x20,0x54,0x45,0x58,
    0x43,0x4f,0x4f,0x52,0x44,0x30,0x3b,0x0a,0x7d,0x3b,0x0a,0x0a,0x73,0x74,0x72,0x75,
    0x63,0x74,0x20,0x53,0x50,0x49,0x52,0x56,0x5f,0x43,0x72,0x6f,0x73,0x73,0x5f,0x4f,
    0x75,0x74,0x70,0x75,0x74,0x0a,0x7b,0x0a,0x20,0x20,0x20,0x20,0x66,0x6c,0x6f,0x61,
    0x74,0x34,0x20,0x66,0x72,0x61,0x67,0x5f,0x63,0x6f,0x6c,0x6f,0x72,0x20,0x3a,0x20,
    0x53,0x56,0x5f,0x54,0x61,0x72,0x67,0x65,0x74,0x30,0x3b,0x0a,0x7d,0x3b,0x0a,0x0a,
    0x76,0x6f,0x69,0x64,0x20,0x66,0x72,0x61,0x67,0x5f,0x6d,0x61,0x69,0x6e,0x28,0x29,
    0x0a,0x7b,0x0a,0x20,0x20,0x20,0x20,0x69,0x66,0x20,0x28,0x67,0x72,0x61,0x64,0x69,
    0x65,0x6e,0x74,0x4f,0x62,0x73,0x74,0x61,0x63,0x6c,0x65,0x54,0x65,0x78,0x2e,0x53,
    0x61,0x6d,0x70,0x6c,0x65,0x28,0x67,0x72,0x61,0x64,0x69,0x65,0x6e,0x74,0x4f,0x62,
    0x73,0x74,0x61,0x63,0x6c,0x65,0x53,0x6d,0x70,0x2c,0x20,0x75,0x76,0x29,0x2e,0x78,
    0x20,0x3e,0x3d,0x20,0x30,0x2e,0x35,0x66,0x29,0x0a,0x20,0x20,0x20,0x20,0x7b,0x0a,
    0x20,0x20,0x20,0x20,0x20,0x20,0x20,0x20,0x66,0x72,0x61,0x67,0x5f,0x63,0x6f,0x6c,
    0x6f,0x72,0x20,0x3d,0x20,0x66,0x6c,0x6f,0x61,0x74,0x34,0x28,0x30,0x2e,0x30,0x66,
    0x2c,0x20,0x30,0x2e,0x30,0x66,0x2c,0x20,0x30,0x2e,0x30,0x66,0x2c,0x20,0x31,0x2e,
    0x30,0x66,0x29,0x3b,0x0a,0x20,0x20,0x20,0x20,0x20,0x20,0x20,0x20,0x72,0x65,0x74,
    0x75,0x72,0x6e,0x3b,0x0a,0x20,0x20,0x20,0x20,0x7d,0x0a,0x20,0x20,0x20,0x20,0x66,
    0x6c,0x6f,0x61,0x74,0x32,0x20,0x5f,0x36,0x30,0x20,0x3d,0x20,0x66,0x6c,0x6f,0x61,
    0x74,0x32,0x28,0x5f,0x31,0x33,0x5f,0x74,0x65,0x78,0x65,0x6c,0x2e,0x78,0x2c,0x20,
    0x30,0x2e,0x30,0x66,0x29,0x3b,0x0a,0x20,0x20,0x20,0x20,0x66,0x6c,0x6f,0x61,0x74,
    0x32,0x20,0x5f,0x38,0x33,0x20,0x3d,0x20,0x66,0x6c,0x6f,0x61,0x74,0x32,0x28,0x30,
    0x2e,0x30,0x66,0x2c,0x20,0x5f,0x31,0x33,0x5f,0x74,0x65,0x78,0x65,0x6c,0x2e,0x79,
    0x29,0x3b,0x0a,0x20,0x20,0x20,0x20,0x66,0x6c,0x6f,0x61,0x74,0x34,0x20,0x5f,0x31,
    0x30,0x33,0x20,0x3d,0x20,0x70,0x72,0x65,0x73,0x73,0x75,0x72,0x65,0x54,0x65,0x78,
    0x2e,0x53,0x61,0x6d,0x70,0x6c,0x65,0x28,0x70,0x72,0x65,0x73,0x73,0x75,0x72,0x65,
    0x53,0x6d,0x70,0x2c,0x20,0x75,0x76,0x29,0x3b,0x0a,0x20,0x20,0x20,0x20,0x66,0x6c,
    0x6f,0x61,0x74,0x20,0x5f,0x31,0x30,0x34,0x20,0x3d,0x20,0x5f,0x31,0x30,0x33,0x2e,
    0x78,0x3b,0x0a,0x20,0x20,0x20,0x20,0x66,0x6c,0x6f,0x61,0x74,0x34,0x20,0x5f,0x31,
    0x31,0x33,0x20,0x3d,0x20,0x67,0x72,0x61,0x64,0x69,0x65,0x6e,0x74,0x4f,0x62,0x73,
    0x74,0x61,0x63,0x6c,0x65,0x4f,0x66,0x66,0x73,0x65,0x74,0x54,0x65,0x78,0x2e,0x53,
    0x61,0x6d,0x70,0x6c,0x65,0x28,0x67,0x72,0x61,0x64,0x69,0x65,0x6e,0x74,0x4f,0x62,
    0x73,0x74,0x61,0x63,0x6c,0x65,0x4f,0x66,0x66,0x73,0x65,0x74,0x53,0x6d,0x70,0x2c,
    0x20,0x75,0x76,0x29,0x3b,0x0a,0x20,0x20,0x20,0x20,0x66,0x72,0x61,0x67,0x5f,0x63,
    0x6f,0x6c,0x6f,0x72,0x20,0x3d,0x20,0x66,0x6c,0x6f,0x61,0x74,0x34,0x28,0x76,0x65,
    0x6c,0x6f,0x63,0x69,0x74,0x79,0x54,0x65,0x78,0x2e,0x53,0x61,0x6d,0x70,0x6c,0x65,
    0x28,0x76,0x65,0x6c,0x6f,0x63,0x69,0x74,0x79,0x53,0x6d,0x70,0x2c,0x20,0x75,0x76,
    0x29,0x2e,0x78,0x79,0x20,0x2d,0x20,0x28,0x66,0x6c,0x6f,0x61,0x74,0x32,0x28,0x6c,
    0x65,0x72,0x70,0x28,0x70,0x72,0x65,0x73,0x73,0x75,0x72,0x65,0x54,0x65,0x78,0x2e,
    0x53,0x61,0x6d,0x70,0x6c,0x65,0x28,0x70,0x72,0x65,0x73,0x73,0x75,0x72,0x65,0x53,
    0x6d,0x70,0x2c,0x20,0x75,0x76,0x20,0x2b,0x20,0x5f,0x36,0x30,0x29,0x2e,0x78,0x2c,
    0x20,0x5f,0x31,0x30,0x34,0x2c,0x20,0x5f,0x31,0x31,0x33,0x2e,0x7a,0x29,0x20,0x2d,
    0x20,0x6c,0x65,0x72,0x70,0x28,0x70,0x72,0x65,0x73,0x73,0x75,0x72,0x65,0x54,0x65,
    0x78,0x2e,0x53,0x61,0x6d,0x70,0x6c,0x65,0x28,0x70,0x72,0x65,0x73,0x73,0x75,0x72,
    0x65,0x53,0x6d,0x70,0x2c,0x20,0x75,0x76,0x20,0x2d,0x20,0x5f,0x36,0x30,0x29,0x2e,
    0x78,0x2c,0x20,0x5f,0x31,0x30,0x34,0x2c,0x20,0x5f,0x31,0x31,0x33,0x2e,0x77,0x29,
    0x2c,0x20,0x6c,0x65,0x72,0x70,0x28,0x70,0x72,0x65,0x73,0x73,0x75,0x72,0x65,0x54,
    0x65,0x78,0x2e,0x53,0x61,0x6d,0x70,0x6c,0x65,0x28,0x70,0x72,0x65,0x73,0x73,0x75,
    0x72,0x65,0x53,0x6d,0x70,0x2c,0x20,0x75,0x76,0x20,0x2b,0x20,0x5f,0x38,0x33,0x29,
    0x2e,0x78,0x2c,0x20,0x5f,0x31,0x30,0x34,0x2c,0x20,0x5f,0x31,0x31,0x33,0x2e,0x79,
    0x29,0x20,0x2d,0x20,0x6c,0x65,0x72,0x70,0x28,0x70,0x72,0x65,0x73,0x73,0x75,0x72,
    0x65,0x54,0x65,0x78,0x2e,0x53,0x61,0x6d,0x70,0x6c,0x65,0x28,0x70,0x72,0x65,0x73,
    0x73,0x75,0x72,0x65,0x53,0x6d,0x70,0x2c,0x20,0x75,0x76,0x20,0x2d,0x20,0x5f,0x38,
    0x33,0x29,0x2e,0x78,0x2c,0x20,0x5f,0x31,0x30,0x34,0x2c,0x20,0x5f,0x31,0x31,0x33,
    0x2e,0x78,0x29,0x29,0x20,0x2a,0x20,0x5f,0x31,0x33,0x5f,0x6f,0x70,0x74,0x69,0x6f,
    0x6e,0x73,0x2e,0x77,0x29,0x2c,0x20,0x30,0x2e,0x30,0x66,0x2c,0x20,0x31,0x2e,0x30,
    0x66,0x29,0x3b,0x0a,0x7d,0x0a,0x0a,0x53,0x50,0x49,0x52,0x56,0x5f,0x43,0x72,0x6f,
    0x73,0x73,0x5f,0x4f,0x75,0x74,0x70,0x75,0x74,0x20,0x6d,0x61,0x69,0x6e,0x28,0x53,
    0x50,0x49,0x52,0x56,0x5f,0x43,0x72,0x6f,0x73,0x73,0x5f,0x49,0x6e,0x70,0x75,0x74,
    0x20,0x73,0x74,0x61,0x67,0x65,0x5f,0x69,0x6e,0x70,0x75,0x74,0x29,0x0a,0x7b,0x0a,
    0x20,0x20,0x20,0x20,0x75,0x76,0x20,0x3d,0x20,0x73,0x74,0x61,0x67,0x65,0x5f,0x69,
    0x6e,0x70,0x75,0x74,0x2e,0x75,0x76,0x3b,0x0a,0x20,0x20,0x20,0x20,0x66,0x72,0x61,
    0x67,0x5f,0x6d,0x61,0x69,0x6e,0x28,0x29,0x3b,0x0a,0x20,0x20,0x20,0x20,0x53,0x50,
    0x49,0x52,0x56,0x5f,0x43,0x72,0x6f,0x73,0x73,0x5f,0x4f,0x75,0x74,0x70,0x75,0x74,
    0x20,0x73,0x74,0x61,0x67,0x65,0x5f,0x6f,0x75,0x74,0x70,0x75,0x74,0x3b,0x0a,0x20,
    0x20,0x20,0x20,0x73,0x74,0x61,0x67,0x65,0x5f,0x6f,0x75,0x74,0x70,0x75,0x74,0x2e,
    0x66,0x72,0x61,0x67,0x5f,0x63,0x6f,0x6c,0x6f,0x72,0x20,0x3d,0x20,0x66,0x72,0x61,
    0x67,0x5f,0x63,0x6f,0x6c,0x6f,0x72,0x3b,0x0a,0x20,0x20,0x20,0x20,0x72,0x65,0x74,
    0x75,0x72,0x6e,0x20,0x73,0x74,0x61,0x67,0x65,0x5f,0x6f,0x75,0x74,0x70,0x75,0x74,
    0x3b,0x0a,0x7d,0x0a,0x00,
};
/*
    cbuffer flow_params : register(b0)
    {
        float4 _13_color : packoffset(c0);
        float4 _13_resolution : packoffset(c1);
        float4 _13_texel : packoffset(c2);
        float4 _13_options : packoffset(c3);
    };

    Texture2D<float4> velocityTex : register(t0);
    SamplerState velocitySmp : register(s0);

    static float2 uv;
    static float4 frag_color;

    struct SPIRV_Cross_Input
    {
        float2 uv : TEXCOORD0;
    };

    struct SPIRV_Cross_Output
    {
        float4 frag_color : SV_Target0;
    };

    void frag_main()
    {
        float2 _40 = float2(_13_texel.x, 0.0f);
        float2 _63 = float2(0.0f, _13_texel.y);
        float _91 = _13_options.w * ((velocityTex.Sample(velocitySmp, uv + _63).x - velocityTex.Sample(velocitySmp, uv - _63).x) - (velocityTex.Sample(velocitySmp, uv + _40).y - velocityTex.Sample(velocitySmp, uv - _40).y));
        frag_color = float4(_91, _91, _91, 1.0f);
    }

    SPIRV_Cross_Output main(SPIRV_Cross_Input stage_input)
    {
        uv = stage_input.uv;
        frag_main();
        SPIRV_Cross_Output stage_output;
        stage_output.frag_color = frag_color;
        return stage_output;
    }
*/
static const uint8_t fs_vorticity_curl_source_hlsl5[1046] = {
    0x63,0x62,0x75,0x66,0x66,0x65,0x72,0x20,0x66,0x6c,0x6f,0x77,0x5f,0x70,0x61,0x72,
    0x61,0x6d,0x73,0x20,0x3a,0x20,0x72,0x65,0x67,0x69,0x73,0x74,0x65,0x72,0x28,0x62,
    0x30,0x29,0x0a,0x7b,0x0a,0x20,0x20,0x20,0x20,0x66,0x6c,0x6f,0x61,0x74,0x34,0x20,
    0x5f,0x31,0x33,0x5f,0x63,0x6f,0x6c,0x6f,0x72,0x20,0x3a,0x20,0x70,0x61,0x63,0x6b,
    0x6f,0x66,0x66,0x73,0x65,0x74,0x28,0x63,0x30,0x29,0x3b,0x0a,0x20,0x20,0x20,0x20,
    0x66,0x6c,0x6f,0x61,0x74,0x34,0x20,0x5f,0x31,0x33,0x5f,0x72,0x65,0x73,0x6f,0x6c,
    0x75,0x74,0x69,0x6f,0x6e,0x20,0x3a,0x20,0x70,0x61,0x63,0x6b,0x6f,0x66,0x66,0x73,
    0x65,0x74,0x28,0x63,0x31,0x29,0x3b,0x0a,0x20,0x20,0x20,0x20,0x66,0x6c,0x6f,0x61,
    0x74,0x34,0x20,0x5f,0x31,0x33,0x5f,0x74,0x65,0x78,0x65,0x6c,0x20,0x3a,0x20,0x70,
    0x61,0x63,0x6b,0x6f,0x66,0x66,0x73,0x65,0x74,0x28,0x63,0x32,0x29,0x3b,0x0a,0x20,
    0x20,0x20,0x20,0x66,0x6c,0x6f,0x61,0x74,0x34,0x20,0x5f,0x31,0x33,0x5f,0x6f,0x70,
    0x74,0x69,0x6f,0x6e,0x73,0x20,0x3a,0x20,0x70,0x61,0x63,0x6b,0x6f,0x66,0x66,0x73,
    0x65,0x74,0x28,0x63,0x33,0x29,0x3b,0x0a,0x7d,0x3b,0x0a,0x0a,0x54,0x65,0x78,0x74,
    0x75,0x72,0x65,0x32,0x44,0x3c,0x66,0x6c,0x6f,0x61,0x74,0x34,0x3e,0x20,0x76,0x65,
    0x6c,0x6f,0x63,0x69,0x74,0x79,0x54,0x65,0x78,0x20,0x3a,0x20,0x72,0x65,0x67,0x69,
    0x73,0x74,0x65,0x72,0x28,0x74,0x30,0x29,0x3b,0x0a,0x53,0x61,0x6d,0x70,0x6c,0x65,
    0x72,0x53,0x74,0x61,0x74,0x65,0x20,0x76,0x65,0x6c,0x6f,0x63,0x69,0x74,0x79,0x53,
    0x6d,0x70,0x20,0x3a,0x20,0x72,0x65,0x67,0x69,0x73,0x74,0x65,0x72,0x28,0x73,0x30,
    0x29,0x3b,0x0a,0x0a,0x73,0x74,0x61,0x74,0x69,0x63,0x20,0x66,0x6c,0x6f,0x61,0x74,
    0x32,0x20,0x75,0x76,0x3b,0x0a,0x73,0x74,0x61,0x74,0x69,0x63,0x20,0x66,0x6c,0x6f,
    0x61,0x74,0x34,0x20,0x66,0x72,0x61,0x67,0x5f,0x63,0x6f,0x6c,0x6f,0x72,0x3b,0x0a,
    0x0a,0x73,0x74,0x72,0x75,0x63,0x74,0x20,0x53,0x50,0x49,0x52,0x56,0x5f,0x43,0x72,
    0x6f,0x73,0x73,0x5f,0x49,0x6e,0x70,0x75,0x74,0x0a,0x7b,0x0a,0x20,0x20,0x20,0x20,
    0x66,0x6c,0x6f,0x61,0x74,0x32,0x20,0x75,0x76,0x20,0x3a,0x20,0x54,0x45,0x58,0x43,
    0x4f,0x4f,0x52,0x44,0x30,0x3b,0x0a,0x7d,0x3b,0x0a,0x0a,0x73,0x74,0x72,0x75,0x63,
    0x74,0x20,0x53,0x50,0x49,0x52,0x56,0x5f,0x43,0x72,0x6f,0x73,0x73,0x5f,0x4f,0x75,
    0x74,0x70,0x75,0x74,0x0a,0x7b,0x0a,0x20,0x20,0x20,0x20,0x66,0x6c,0x6f,0x61,0x74,
    0x34,0x20,0x66,0x72,0x61,0x67,0x5f,0x63,0x6f,0x6c,0x6f,0x72,0x20,0x3a,0x20,0x53,
    0x56,0x5f,0x54,0x61,0x72,0x67,0x65,0x74,0x30,0x3b,0x0a,0x7d,0x3b,0x0a,0x0a,0x76,
    0x6f,0x69,0x64,0x20,0x66,0x72,0x61,0x67,0x5f,0x6d,0x61,0x69,0x6e,0x28,0x29,0x0a,
    0x7b,0x0a,0x20,0x20,0x20,0x20,0x66,0x6c,0x6f,0x61,0x74,0x32,0x20,0x5f,0x34,0x30,
    0x20,0x3d,0x20,0x66,0x6c,0x6f,0x61,0x74,0x32,0x28,0x5f,0x31,0x33,0x5f,0x74,0x65,
    0x78,0x65,0x6c,0x2e,0x78,0x2c,0x20,0x30,0x2e,0x30,0x66,0x29,0x3b,0x0a,0x20,0x20,
    0x20,0x20,0x66,0x6c,0x6f,0x61,0x74,0x32,0x20,0x5f,0x36,0x33,0x20,0x3d,0x20,0x66,
    0x6c,0x6f,0x61,0x74,0x32,0x28,0x30,0x2e,0x30,0x66,0x2c,0x20,0x5f,0x31,0x33,0x5f,
    0x74,0x65,0x78,0x65,0x6c,0x2e,0x79,0x29,0x3b,0x0a,0x20,0x20,0x20,0x20,0x66,0x6c,
    0x6f,0x61,0x74,0x20,0x5f,0x39,0x31,0x20,0x3d,0x20,0x5f,0x31,0x33,0x5f,0x6f,0x70,
    0x74,0x69,0x6f,0x6e,0x73,0x2e,0x77,0x20,0x2a,0x20,0x28,0x28,0x76,0x65,0x6c,0x6f,
    0x63,0x69,0x74,0x79,0x54,0x65,0x78,0x2e,0x53,0x61,0x6d,0x70,0x6c,0x65,0x28,0x76,
    0x65,0x6c,0x6f,0x63,0x69,0x74,0x79,0x53,0x6d,0x70,0x2c,0x20,0x75,0x76,0x20,0x2b,
    0x20,0x5f,0x36,0x33,0x29,0x2e,0x78,0x20,0x2d,0x20,0x76,0x65,0x6c,0x6f,0x63,0x69,
    0x74,0x79,0x54,0x65,0x78,0x2e,0x53,0x61,0x6d,0x70,0x6c,0x65,0x28,0x76,0x65,0x6c,
    0x6f,0x63,0x69,0x74,0x79,0x53,0x6d,0x70,0x2c,0x20,0x75,0x76,0x20,0x2d,0x20,0x5f,
    0x36,0x33,0x29,0x2e,0x78,0x29,0x20,0x2d,0x20,0x28,0x76,0x65,0x6c,0x6f,0x63,0x69,
    0x74,0x79,0x54,0x65,0x78,0x2e,0x53,0x61,0x6d,0x70,0x6c,0x65,0x28,0x76,0x65,0x6c,
    0x6f,0x63,0x69,0x74,0x79,0x53,0x6d,0x70,0x2c,0x20,0x75,0x76,0x20,0x2b,0x20,0x5f,
    0x34,0x30,0x29,0x2e,0x79,0x20,0x2d,0x20,0x76,0x65,0x6c,0x6f,0x63,0x69,0x74,0x79,
    0x54,0x65,0x78,0x2e,0x53,0x61,0x6d,0x70,0x6c,0x65,0x28,0x76,0x65,0x6c,0x6f,0x63,
    0x69,0x74,0x79,0x53,0x6d,0x70,0x2c,0x20,0x75,0x76,0x20,0x2d,0x20,0x5f,0x34,0x30,
    0x29,0x2e,0x79,0x29,0x29,0x3b,0x0a,0x20,0x20,0x20,0x20,0x66,0x72,0x61,0x67,0x5f,
    0x63,0x6f,0x6c,0x6f,0x72,0x20,0x3d,0x20,0x66,0x6c,0x6f,0x61,0x74,0x34,0x28,0x5f,
    0x39,0x31,0x2c,0x20,0x5f,0x39,0x31,0x2c,0x20,0x5f,0x39,0x31,0x2c,0x20,0x31,0x2e,
    0x30,0x66,0x29,0x3b,0x0a,0x7d,0x0a,0x0a,0x53,0x50,0x49,0x52,0x56,0x5f,0x43,0x72,
    0x6f,0x73,0x73,0x5f,0x4f,0x75,0x74,0x70,0x75,0x74,0x20,0x6d,0x61,0x69,0x6e,0x28,
    0x53,0x50,0x49,0x52,0x56,0x5f,0x43,0x72,0x6f,0x73,0x73,0x5f,0x49,0x6e,0x70,0x75,
    0x74,0x20,0x73,0x74,0x61,0x67,0x65,0x5f,0x69,0x6e,0x70,0x75,0x74,0x29,0x0a,0x7b,
    0x0a,0x20,0x20,0x20,0x20,0x75,0x76,0x20,0x3d,0x20,0x73,0x74,0x61,0x67,0x65,0x5f,
    0x69,0x6e,0x70,0x75,0x74,0x2e,0x75,0x76,0x3b,0x0a,0x20,0x20,0x20,0x20,0x66,0x72,
    0x61,0x67,0x5f,0x6d,0x61,0x69,0x6e,0x28,0x29,0x3b,0x0a,0x20,0x20,0x20,0x20,0x53,
    0x50,0x49,0x52,0x56,0x5f,0x43,0x72,0x6f,0x73,0x73,0x5f,0x4f,0x75,0x74,0x70,0x75,
    0x74,0x20,0x73,0x74,0x61,0x67,0x65,0x5f,0x6f,0x75,0x74,0x70,0x75,0x74,0x3b,0x0a,
    0x20,0x20,0x20,0x20,0x73,0x74,0x61,0x67,0x65,0x5f,0x6f,0x75,0x74,0x70,0x75,0x74,
    0x2e,0x66,0x72,0x61,0x67,0x5f,0x63,0x6f,0x6c,0x6f,0x72,0x20,0x3d,0x20,0x66,0x72,
    0x61,0x67,0x5f,0x63,0x6f,0x6c,0x6f,0x72,0x3b,0x0a,0x20,0x20,0x20,0x20,0x72,0x65,
    0x74,0x75,0x72,0x6e,0x20,0x73,0x74,0x61,0x67,0x65,0x5f,0x6f,0x75,0x74,0x70,0x75,
    0x74,0x3b,0x0a,0x7d,0x0a,0x00,
};
/*
    cbuffer flow_params : register(b0)
    {
        float4 _13_color : packoffset(c0);
        float4 _13_resolution : packoffset(c1);
        float4 _13_texel : packoffset(c2);
        float4 _13_options : packoffset(c3);
    };

    Texture2D<float4> curlTex : register(t1);
    SamplerState curlSmp : register(s1);
    Texture2D<float4> velocityTex : register(t0);
    SamplerState velocitySmp : register(s0);

    static float2 uv;
    static float4 frag_color;

    struct SPIRV_Cross_Input
    {
        float2 uv : TEXCOORD0;
    };

    struct SPIRV_Cross_Output
    {
        float4 frag_color : SV_Target0;
    };

    void frag_main()
    {
        float2 _40 = float2(_13_texel.x, 0.0f);
        float2 _65 = float2(0.0f, _13_texel.y);
        frag_color = float4(velocityTex.Sample(velocitySmp, uv).xy + ((((normalize(float2(abs(curlTex.Sample(curlSmp, uv + _65).x) - abs(curlTex.Sample(curlSmp, uv - _65).x), abs(curlTex.Sample(curlSmp, uv + _40).x) - abs(curlTex.Sample(curlSmp, uv - _40).x)) + 9.9999999747524270787835121154785e-07f.xx) * float2(-1.0f, 1.0f)) * curlTex.Sample(curlSmp, uv).x) * _13_options.x) * _13_options.y), 0.0f, 1.0f);
    }

    SPIRV_Cross_Output main(SPIRV_Cross_Input stage_input)
    {
        uv = stage_input.uv;
        frag_main();
        SPIRV_Cross_Output stage_output;
        stage_output.frag_color = frag_color;
        return stage_output;
    }
*/
static const uint8_t fs_vorticity_force_source_hlsl5[1263] = {
    0x63,0x62,0x75,0x66,0x66,0x65,0x72,0x20,0x66,0x6c,0x6f,0x77,0x5f,0x70,0x61,0x72,
    0x61,0x6d,0x73,0x20,0x3a,0x20,0x72,0x65,0x67,0x69,0x73,0x74,0x65,0x72,0x28,0x62,
    0x30,0x29,0x0a,0x7b,0x0a,0x20,0x20,0x20,0x20,0x66,0x6c,0x6f,0x61,0x74,0x34,0x20,
    0x5f,0x31,0x33,0x5f,0x63,0x6f,0x6c,0x6f,0x72,0x20,0x3a,0x20,0x70,0x61,0x63,0x6b,
    0x6f,0x66,0x66,0x73,0x65,0x74,0x28,0x63,0x30,0x29,0x3b,0x0a,0x20,0x20,0x20,0x20,
    0x66,0x6c,0x6f,0x61,0x74,0x34,0x20,0x5f,0x31,0x33,0x5f,0x72,0x65,0x73,0x6f,0x6c,
    0x75,0x74,0x69,0x6f,0x6e,0x20,0x3a,0x20,0x70,0x61,0x63,0x6b,0x6f,0x66,0x66,0x73,
    0x65,0x74,0x28,0x63,0x31,0x29,0x3b,0x0a,0x20,0x20,0x20,0x20,0x66,0x6c,0x6f,0x61,
    0x74,0x34,0x20,0x5f,0x31,0x33,0x5f,0x74,0x65,0x78,0x65,0x6c,0x20,0x3a,0x20,0x70,
    0x61,0x63,0x6b,0x6f,0x66,0x66,0x73,0x65,0x74,0x28,0x63,0x32,0x29,0x3b,0x0a,0x20,
    0x20,0x20,0x20,0x66,0x6c,0x6f,0x61,0x74,0x34,0x20,0x5f,0x31,0x33,0x5f,0x6f,0x70,
    0x74,0x69,0x6f,0x6e,0x73,0x20,0x3a,0x20,0x70,0x61,0x63,0x6b,0x6f,0x66,0x66,0x73,
    0x65,0x74,0x28,0x63,0x33,0x29,0x3b,0x0a,0x7d,0x3b,0x0a,0x0a,0x54,0x65,0x78,0x74,
    0x75,0x72,0x65,0x32,0x44,0x3c,0x66,0x6c,0x6f,0x61,0x74,0x34,0x3e,0x20,0x63,0x75,
    0x72,0x6c,0x54,0x65,0x78,0x20,0x3a,0x20,0x72,0x65,0x67,0x69,0x73,0x74,0x65,0x72,
    0x28,0x74,0x31,0x29,0x3b,0x0a,0x53,0x61,0x6d,0x70,0x6c,0x65,0x72,0x53,0x74,0x61,
    0x74,0x65,0x20,0x63,0x75,0x72,0x6c,0x53,0x6d,0x70,0x20,0x3a,0x20,0x72,0x65,0x67,
    0x69,0x73,0x74,0x65,0x72,0x28,0x73,0x31,0x29,0x3b,0x0a,0x54,0x65,0x78,0x74,0x75,
    0x72,0x65,0x32,0x44,0x3c,0x66,0x6c,0x6f,0x61,0x74,0x34,0x3e,0x20,0x76,0x65,0x6c,
    0x6f,0x63,0x69,0x74,0x79,0x54,0x65,0x78,0x20,0x3a,0x20,0x72,0x65,0x67,0x69,0x73,
    0x74,0x65,0x72,0x28,0x74,0x30,0x29,0x3b,0x0a,0x53,0x61,0x6d,0x70,0x6c,0x65,0x72,
    0x53,0x74,0x61,0x74,0x65,0x20,0x76,0x65,0x6c,0x6f,0x63,0x69,0x74,0x79,0x53,0x6d,
    0x70,0x20,0x3a,0x20,0x72,0x65,0x67,0x69,0x73,0x74,0x65,0x72,0x28,0x73,0x30,0x29,
    0x3b,0x0a,0x0a,0x73,0x74,0x61,0x74,0x69,0x63,0x20,0x66,0x6c,0x6f,0x61,0x74,0x32,
    0x20,0x75,0x76,0x3b,0x0a,0x73,0x74,0x61,0x74,0x69,0x63,0x20,0x66,0x6c,0x6f,0x61,
    0x74,0x34,0x20,0x66,0x72,0x61,0x67,0x5f,0x63,0x6f,0x6c,0x6f,0x72,0x3b,0x0a,0x0a,
    0x73,0x74,0x72,0x75,0x63,0x74,0x20,0x53,0x50,0x49,0x52,0x56,0x5f,0x43,0x72,0x6f,
    0x73,0x73,0x5f,0x49,0x6e,0x70,0x75,0x74,0x0a,0x7b,0x0a,0x20,0x20,0x20,0x20,0x66,
    0x6c,0x6f,0x61,0x74,0x32,0x20,0x75,0x76,0x20,0x3a,0x20,0x54,0x45,0x58,0x43,0x4f,
    0x4f,0x52,0x44,0x30,0x3b,0x0a,0x7d,0x3b,0x0a,0x0a,0x73,0x74,0x72,0x75,0x63,0x74,
    0x20,0x53,0x50,0x49,0x52,0x56,0x5f,0x43,0x72,0x6f,0x73,0x73,0x5f,0x4f,0x75,0x74,
    0x70,0x75,0x74,0x0a,0x7b,0x0a,0x20,0x20,0x20,0x20,0x66,0x6c,0x6f,0x61,0x74,0x34,
    0x20,0x66,0x72,0x61,0x67,0x5f,0x63,0x6f,0x6c,0x6f,0x72,0x20,0x3a,0x20,0x53,0x56,
    0x5f,0x54,0x61,0x72,0x67,0x65,0x74,0x30,0x3b,0x0a,0x7d,0x3b,0x0a,0x0a,0x76,0x6f,
    0x69,0x64,0x20,0x66,0x72,0x61,0x67,0x5f,0x6d,0x61,0x69,0x6e,0x28,0x29,0x0a,0x7b,
    0x0a,0x20,0x20,0x20,0x20,0x66,0x6c,0x6f,0x61,0x74,0x32,0x20,0x5f,0x34,0x30,0x20,
    0x3d,0x20,0x66,0x6c,0x6f,0x61,0x74,0x32,0x28,0x5f,0x31,0x33,0x5f,0x74,0x65,0x78,
    0x65,0x6c,0x2e,0x78,0x2c,0x20,0x30,0x2e,0x30,0x66,0x29,0x3b,0x0a,0x20,0x20,0x20,
    0x20,0x66,0x6c,0x6f,0x61,0x74,0x32,0x20,0x5f,0x36,0x35,0x20,0x3d,0x20,0x66,0x6c,
    0x6f,0x61,0x74,0x32,0x28,0x30,0x2e,0x30,0x66,0x2c,0x20,0x5f,0x31,0x33,0x5f,0x74,
    0x65,0x78,0x65,0x6c,0x2e,0x79,0x29,0x3b,0x0a,0x20,0x20,0x20,0x20,0x66,0x72,0x61,
    0x67,0x5f,0x63,0x6f,0x6c,0x6f,0x72,0x20,0x3d,0x20,0x66,0x6c,0x6f,0x61,0x74,0x34,
    0x28,0x76,0x65,0x6c,0x6f,0x63,0x69,0x74,0x79,0x54,0x65,0x78,0x2e,0x53,0x61,0x6d,
    0x70,0x6c,0x65,0x28,0x76,0x65,0x6c,0x6f,0x63,0x69,0x74,0x79,0x53,0x6d,0x70,0x2c,
    0x20,0x75,0x76,0x29,0x2e,0x78,0x79,0x20,0x2b,0x20,0x28,0x28,0x28,0x28,0x6e,0x6f,
    0x72,0x6d,0x61,0x6c,0x69,0x7a,0x65,0x28,0x66,0x6c,0x6f,0x61,0x74,0x32,0x28,0x61,
    0x62,0x73,0x28,0x63,0x75,0x72,0x6c,0x54,0x65,0x78,0x2e,0x53,0x61,0x6d,0x70,0x6c,
    0x65,0x28,0x63,0x75,0x72,0x6c,0x53,0x6d,0x70,0x2c,0x20,0x75,0x76,0x20,0x2b,0x20,
    0x5f,0x36,0x35,0x29,0x2e,0x78,0x29,0x20,0x2d,0x20,0x61,0x62,0x73,0x28,0x63,0x75,
    0x72,0x6c,0x54,0x65,0x78,0x2e,0x53,0x61,0x6d,0x70,0x6c,0x65,0x28,0x63,0x75,0x72,
    0x6c,0x53,0x6d,0x70,0x2c,0x20,0x75,0x76,0x20,0x2d,0x20,0x5f,0x36,0x35,0x29,0x2e,
    0x78,0x29,0x2c,0x20,0x61,0x62,0x73,0x28,0x63,0x75,0x72,0x6c,0x54,0x65,0x78,0x2e,
    0x53,0x61,0x6d,0x70,0x6c,0x65,0x28,0x63,0x75,0x72,0x6c,0x53,0x6d,0x70,0x2c,0x20,
    0x75,0x76,0x20,0x2b,0x20,0x5f,0x34,0x30,0x29,0x2e,0x78,0x29,0x20,0x2d,0x20,0x61,
    0x62,0x73,0x28,0x63,0x75,0x72,0x6c,0x54,0x65,0x78,0x2e,0x53,0x61,0x6d,0x70,0x6c,
    0x65,0x28,0x63,0x75,0x72,0x6c,0x53,0x6d,0x70,0x2c,0x20,0x75,0x76,0x20,0x2d,0x20,
    0x5f,0x34,0x30,0x29,0x2e,0x78,0x29,0x29,0x20,0x2b,0x20,0x39,0x2e,0x39,0x39,0x39,
    0x39,0x39,0x39,0x39,0x37,0x34,0x37,0x35,0x32,0x34,0x32,0x37,0x30,0x37,0x38,0x37,
    0x38,0x33,0x35,0x31,0x32,0x31,0x31,0x35,0x34,0x37,0x38,0x35,0x65,0x2d,0x30,0x37,
    0x66,0x2e,0x78,0x78,0x29,0x20,0x2a,0x20,0x66,0x6c,0x6f,0x61,0x74,0x32,0x28,0x2d,
    0x31,0x2e,0x30,0x66,0x2c,0x20,0x31,0x2e,0x30,0x66,0x29,0x29,0x20,0x2a,0x20,0x63,
    0x75,0x72,0x6c,0x54,0x65,0x78,0x2e,0x53,0x61,0x6d,0x70,0x6c,0x65,0x28,0x63,0x75,
    0x72,0x6c,0x53,0x6d,0x70,0x2c,0x20,0x75,0x76,0x29,0x2e,0x78,0x29,0x20,0x2a,0x20,
    0x5f,0x31,0x33,0x5f,0x6f,0x70,0x74,0x69,0x6f,0x6e,0x73,0x2e,0x78,0x29,0x20,0x2a,
    0x20,0x5f,0x31,0x33,0x5f,0x6f,0x70,0x74,0x69,0x6f,0x6e,0x73,0x2e,0x79,0x29,0x2c,
    0x20,0x30,0x2e,0x30,0x66,0x2c,0x20,0x31,0x2e,0x30,0x66,0x29,0x3b,0x0a,0x7d,0x0a,
    0x0a,0x53,0x50,0x49,0x52,0x56,0x5f,0x43,0x72,0x6f,0x73,0x73,0x5f,0x4f,0x75,0x74,
    0x70,0x75,0x74,0x20,0x6d,0x61,0x69,0x6e,0x28,0x53,0x50,0x49,0x52,0x56,0x5f,0x43,
    0x72,0x6f,0x73,0x73,0x5f,0x49,0x6e,0x70,0x75,0x74,0x20,0x73,0x74,0x61,0x67,0x65,
    0x5f,0x69,0x6e,0x70,0x75,0x74,0x29,0x0a,0x7b,0x0a,0x20,0x20,0x20,0x20,0x75,0x76,
    0x20,0x3d,0x20,0x73,0x74,0x61,0x67,0x65,0x5f,0x69,0x6e,0x70,0x75,0x74,0x2e,0x75,
    0x76,0x3b,0x0a,0x20,0x20,0x20,0x20,0x66,0x72,0x61,0x67,0x5f,0x6d,0x61,0x69,0x6e,
    0x28,0x29,0x3b,0x0a,0x20,0x20,0x20,0x20,0x53,0x50,0x49,0x52,0x56,0x5f,0x43,0x72,
    0x6f,0x73,0x73,0x5f,0x4f,0x75,0x74,0x70,0x75,0x74,0x20,0x73,0x74,0x61,0x67,0x65,
    0x5f,0x6f,0x75,0x74,0x70,0x75,0x74,0x3b,0x0a,0x20,0x20,0x20,0x20,0x73,0x74,0x61,
    0x67,0x65,0x5f,0x6f,0x75,0x74,0x70,0x75,0x74,0x2e,0x66,0x72,0x61,0x67,0x5f,0x63,
    0x6f,0x6c,0x6f,0x72,0x20,0x3d,0x20,0x66,0x72,0x61,0x67,0x5f,0x63,0x6f,0x6c,0x6f,
    0x72,0x3b,0x0a,0x20,0x20,0x20,0x20,0x72,0x65,0x74,0x75,0x72,0x6e,0x20,0x73,0x74,
    0x61,0x67,0x65,0x5f,0x6f,0x75,0x74,0x70,0x75,0x74,0x3b,0x0a,0x7d,0x0a,0x00,
};
/*
    cbuffer flow_params : register(b0)
    {
        float4 _52_color : packoffset(c0);
        float4 _52_resolution : packoffset(c1);
        float4 _52_texel : packoffset(c2);
        float4 _52_options : packoffset(c3);
    };

    Texture2D<float4> velocityTex : register(t0);
    SamplerState velocitySmp : register(s0);
    Texture2D<float4> temperatureTex : register(t1);
    SamplerState temperatureSmp : register(s1);
    Texture2D<float4> densityTex : register(t2);
    SamplerState densitySmp : register(s2);

    static float2 uv;
    static float4 frag_color;

    struct SPIRV_Cross_Input
    {
        float2 uv : TEXCOORD0;
    };

    struct SPIRV_Cross_Output
    {
        float4 frag_color : SV_Target0;
    };

    void frag_main()
    {
        float4 _24 = velocityTex.Sample(velocitySmp, uv);
        frag_color = float4(_24.x, _24.y - (((temperatureTex.Sample(temperatureSmp, uv).x * _52_options.y) - (densityTex.Sample(densitySmp, uv).w * _52_options.z)) * _52_options.x), 0.0f, 1.0f);
    }

    SPIRV_Cross_Output main(SPIRV_Cross_Input stage_input)
    {
        uv = stage_input.uv;
        frag_main();
        SPIRV_Cross_Output stage_output;
        stage_output.frag_color = frag_color;
        return stage_output;
    }
*/
static const uint8_t fs_buoyancy_source_hlsl5[1114] = {
    0x63,0x62,0x75,0x66,0x66,0x65,0x72,0x20,0x66,0x6c,0x6f,0x77,0x5f,0x70,0x61,0x72,
    0x61,0x6d,0x73,0x20,0x3a,0x20,0x72,0x65,0x67,0x69,0x73,0x74,0x65,0x72,0x28,0x62,
    0x30,0x29,0x0a,0x7b,0x0a,0x20,0x20,0x20,0x20,0x66,0x6c,0x6f,0x61,0x74,0x34,0x20,
    0x5f,0x35,0x32,0x5f,0x63,0x6f,0x6c,0x6f,0x72,0x20,0x3a,0x20,0x70,0x61,0x63,0x6b,
    0x6f,0x66,0x66,0x73,0x65,0x74,0x28,0x63,0x30,0x29,0x3b,0x0a,0x20,0x20,0x20,0x20,
    0x66,0x6c,0x6f,0x61,0x74,0x34,0x20,0x5f,0x35,0x32,0x5f,0x72,0x65,0x73,0x6f,0x6c,
    0x75,0x74,0x69,0x6f,0x6e,0x20,0x3a,0x20,0x70,0x61,0x63,0x6b,0x6f,0x66,0x66,0x73,
    0x65,0x74,0x28,0x63,0x31,0x29,0x3b,0x0a,0x20,0x20,0x20,0x20,0x66,0x6c,0x6f,0x61,
    0x74,0x34,0x20,0x5f,0x35,0x32,0x5f,0x74,0x65,0x78,0x65,0x6c,0x20,0x3a,0x20,0x70,
    0x61,0x63,0x6b,0x6f,0x66,0x66,0x73,0x65,0x74,0x28,0x63,0x32,0x29,0x3b,0x0a,0x20,
    0x20,0x20,0x20,0x66,0x6c,0x6f,0x61,0x74,0x34,0x20,0x5f,0x35,0x32,0x5f,0x6f,0x70,
    0x74,0x69,0x6f,0x6e,0x73,0x20,0x3a,0x20,0x70,0x61,0x63,0x6b,0x6f,0x66,0x66,0x73,
    0x65,0x74,0x28,0x63,0x33,0x29,0x3b,0x0a,0x7d,0x3b,0x0a,0x0a,0x54,0x65,0x78,0x74,
    0x75,0x72,0x65,0x32,0x44,0x3c,0x66,0x6c,0x6f,0x61,0x74,0x34,0x3e,0x20,0x76,0x65,
    0x6c,0x6f,0x63,0x69,0x74,0x79,0x54,0x65,0x78,0x20,0x3a,0x20,0x72,0x65,0x67,0x69,
    0x73,0x74,0x65,0x72,0x28,0x74,0x30,0x29,0x3b,0x0a,0x53,0x61,0x6d,0x70,0x6c,0x65,
    0x72,0x53,0x74,0x61,0x74,0x65,0x20,0x76,0x65,0x6c,0x6f,0x63,0x69,0x74,0x79,0x53,
    0x6d,0x70,0x20,0x3a,0x20,0x72,0x65,0x67,0x69,0x73,0x74,0x65,0x72,0x28,0x73,0x30,
    0x29,0x3b,0x0a,0x54,0x65,0x78,0x74,0x75,0x72,0x65,0x32,0x44,0x3c,0x66,0x6c,0x6f,
    0x61,0x74,0x34,0x3e,0x20,0x74,0x65,0x6d,0x70,0x65,0x72,0x61,0x74,0x75,0x72,0x65,
    0x54,0x65,0x78,0x20,0x3a,0x20,0x72,0x65,0x67,0x69,0x73,0x74,0x65,0x72,0x28,0x74,
    0x31,0x29,0x3b,0x0a,0x53,0x61,0x6d,0x70,0x6c,0x65,0x72,0x53,0x74,0x61,0x74,0x65,
    0x20,0x74,0x65,0x6d,0x70,0x65,0x72,0x61,0x74,0x75,0x72,0x65,0x53,0x6d,0x70,0x20,
    0x3a,0x20,0x72,0x65,0x67,0x69,0x73,0x74,0x65,0x72,0x28,0x73,0x31,0x29,0x3b,0x0a,
    0x54,0x65,0x78,0x74,0x75,0x72,0x65,0x32,0x44,0x3c,0x66,0x6c,0x6f,0x61,0x74,0x34,
    0x3e,0x20,0x64,0x65,0x6e,0x73,0x69,0x74,0x79,0x54,0x65,0x78,0x20,0x3a,0x20,0x72,
    0x65,0x67,0x69,0x73,0x74,0x65,0x72,0x28,0x74,0x32,0x29,0x3b,0x0a,0x53,0x61,0x6d,
    0x70,0x6c,0x65,0x72,0x53,0x74,0x61,0x74,0x65,0x20,0x64,0x65,0x6e,0x73,0x69,0x74,
    0x79,0x53,0x6d,0x70,0x20,0x3a,0x20,0x72,0x65,0x67,0x69,0x73,0x74,0x65,0x72,0x28,
    0x73,0x32,0x29,0x3b,0x0a,0x0a,0x73,0x74,0x61,0x74,0x69,0x63,0x20,0x66,0x6c,0x6f,
    0x61,0x74,0x32,0x20,0x75,0x76,0x3b,0x0a,0x73,0x74,0x61,0x74,0x69,0x63,0x20,0x66,
    0x6c,0x6f,0x61,0x74,0x34,0x20,0x66,0x72,0x61,0x67,0x5f,0x63,0x6f,0x6c,0x6f,0x72,
    0x3b,0x0a,0x0a,0x73,0x74,0x72,0x75,0x63,0x74,0x20,0x53,0x50,0x49,0x52,0x56,0x5f,
    0x43,0x72,0x6f,0x73,0x73,0x5f,0x49,0x6e,0x70,0x75,0x74,0x0a,0x7b,0x0a,0x20,0x20,
    0x20,0x20,0x66,0x6c,0x6f,0x61,0x74,0x32,0x20,0x75,0x76,0x20,0x3a,0x20,0x54,0x45,
    0x58,0x43,0x4f,0x4f,0x52,0x44,0x30,0x3b,0x0a,0x7d,0x3b,0x0a,0x0a,0x73,0x74,0x72,
    0x75,0x63,0x74,0x20,0x53,0x50,0x49,0x52,0x56,0x5f,0x43,0x72,0x6f,0x73,0x73,0x5f,
    0x4f,0x75,0x74,0x70,0x75,0x74,0x0a,0x7b,0x0a,0x20,0x20,0x20,0x20,0x66,0x6c,0x6f,
    0x61,0x74,0x34,0x20,0x66,0x72,0x61,0x67,0x5f,0x63,0x6f,0x6c,0x6f,0x72,0x20,0x3a,
    0x20,0x53,0x56,0x5f,0x54,0x61,0x72,0x67,0x65,0x74,0x30,0x3b,0x0a,0x7d,0x3b,0x0a,
    0x0a,0x76,0x6f,0x69,0x64,0x20,0x66,0x72,0x61,0x67,0x5f,0x6d,0x61,0x69,0x6e,0x28,
    0x29,0x0a,0x7b,0x0a,0x20,0x20,0x20,0x20,0x66,0x6c,0x6f,0x61,0x74,0x34,0x20,0x5f,
    0x32,0x34,0x20,0x3d,0x20,0x76,0x65,0x6c,0x6f,0x63,0x69,0x74,0x79,0x54,0x65,0x78,
    0x2e,0x53,0x61,0x6d,0x70,0x6c,0x65,0x28,0x76,0x65,0x6c,0x6f,0x63,0x69,0x74,0x79,
    0x53,0x6d,0x70,0x2c,0x20,0x75,0x76,0x29,0x3b,0x0a,0x20,0x20,0x20,0x20,0x66,0x72,
    0x61,0x67,0x5f,0x63,0x6f,0x6c,0x6f,0x72,0x20,0x3d,0x20,0x66,0x6c,0x6f,0x61,0x74,
    0x34,0x28,0x5f,0x32,0x34,0x2e,0x78,0x2c,0x20,0x5f,0x32,0x34,0x2e,0x79,0x20,0x2d,
    0x20,0x28,0x28,0x28,0x74,0x65,0x6d,0x70,0x65,0x72,0x61,0x74,0x75,0x72,0x65,0x54,
    0x65,0x78,0x2e,0x53,0x61,0x6d,0x70,0x6c,0x65,0x28,0x74,0x65,0x6d,0x70,0x65,0x72,
    0x61,0x74,0x75,0x72,0x65,0x53,0x6d,0x70,0x2c,0x20,0x75,0x76,0x29,0x2e,0x78,0x20,
    0x2a,0x20,0x5f,0x35,0x32,0x5f,0x6f,0x70,0x74,0x69,0x6f,0x6e,0x73,0x2e,0x79,0x29,
    0x20,0x2d,0x20,0x28,0x64,0x65,0x6e,0x73,0x69,0x74,0x79,0x54,0x65,0x78,0x2e,0x53,
    0x61,0x6d,0x70,0x6c,0x65,0x28,0x64,0x65,0x6e,0x73,0x69,0x74,0x79,0x53,0x6d,0x70,
    0x2c,0x20,0x75,0x76,0x29,0x2e,0x77,0x20,0x2a,0x20,0x5f,0x35,0x32,0x5f,0x6f,0x70,
    0x74,0x69,0x6f,0x6e,0x73,0x2e,0x7a,0x29,0x29,0x20,0x2a,0x20,0x5f,0x35,0x32,0x5f,
    0x6f,0x70,0x74,0x69,0x6f,0x6e,0x73,0x2e,0x78,0x29,0x2c,0x20,0x30,0x2e,0x30,0x66,
    0x2c,0x20,0x31,0x2e,0x30,0x66,0x29,0x3b,0x0a,0x7d,0x0a,0x0a,0x53,0x50,0x49,0x52,
    0x56,0x5f,0x43,0x72,0x6f,0x73,0x73,0x5f,0x4f,0x75,0x74,0x70,0x75,0x74,0x20,0x6d,
    0x61,0x69,0x6e,0x28,0x53,0x50,0x49,0x52,0x56,0x5f,0x43,0x72,0x6f,0x73,0x73,0x5f,
    0x49,0x6e,0x70,0x75,0x74,0x20,0x73,0x74,0x61,0x67,0x65,0x5f,0x69,0x6e,0x70,0x75,
    0x74,0x29,0x0a,0x7b,0x0a,0x20,0x20,0x20,0x20,0x75,0x76,0x20,0x3d,0x20,0x73,0x74,
    0x61,0x67,0x65,0x5f,0x69,0x6e,0x70,0x75,0x74,0x2e,0x75,0x76,0x3b,0x0a,0x20,0x20,
    0x20,0x20,0x66,0x72,0x61,0x67,0x5f,0x6d,0x61,0x69,0x6e,0x28,0x29,0x3b,0x0a,0x20,
    0x20,0x20,0x20,0x53,0x50,0x49,0x52,0x56,0x5f,0x43,0x72,0x6f,0x73,0x73,0x5f,0x4f,
    0x75,0x74,0x70,0x75,0x74,0x20,0x73,0x74,0x61,0x67,0x65,0x5f,0x6f,0x75,0x74,0x70,
    0x75,0x74,0x3b,0x0a,0x20,0x20,0x20,0x20,0x73,0x74,0x61,0x67,0x65,0x5f,0x6f,0x75,
    0x74,0x70,0x75,0x74,0x2e,0x66,0x72,0x61,0x67,0x5f,0x63,0x6f,0x6c,0x6f,0x72,0x20,
    0x3d,0x20,0x66,0x72,0x61,0x67,0x5f,0x63,0x6f,0x6c,0x6f,0x72,0x3b,0x0a,0x20,0x20,
    0x20,0x20,0x72,0x65,0x74,0x75,0x72,0x6e,0x20,0x73,0x74,0x61,0x67,0x65,0x5f,0x6f,
    0x75,0x74,0x70,0x75,0x74,0x3b,0x0a,0x7d,0x0a,0x00,
};
/*
    cbuffer flow_params : register(b0)
    {
        float4 _30_color : packoffset(c0);
        float4 _30_resolution : packoffset(c1);
        float4 _30_texel : packoffset(c2);
        float4 _30_options : packoffset(c3);
    };

    Texture2D<float4> fluidSourceTex : register(t0);
    SamplerState fluidSourceSmp : register(s1);

    static float2 uv;
    static float4 frag_color;

    struct SPIRV_Cross_Input
    {
        float2 uv : TEXCOORD0;
    };

    struct SPIRV_Cross_Output
    {
        float4 frag_color : SV_Target0;
    };

    void frag_main()
    {
        frag_color = max(fluidSourceTex.Sample(fluidSourceSmp, uv).x, smoothstep(1.0f, 0.0f, length((uv * _30_resolution.xy) - _30_texel.zw) / max(_30_options.z, 1.0f)) * _30_options.x).xxxx;
    }

    SPIRV_Cross_Output main(SPIRV_Cross_Input stage_input)
    {
        uv = stage_input.uv;
        frag_main();
        SPIRV_Cross_Output stage_output;
        stage_output.frag_color = frag_color;
        return stage_output;
    }
*/
static const uint8_t fs_obstacle_splat_source_hlsl5[885] = {
    0x63,0x62,0x75,0x66,0x66,0x65,0x72,0x20,0x66,0x6c,0x6f,0x77,0x5f,0x70,0x61,0x72,
    0x61,0x6d,0x73,0x20,0x3a,0x20,0x72,0x65,0x67,0x69,0x73,0x74,0x65,0x72,0x28,0x62,
    0x30,0x29,0x0a,0x7b,0x0a,0x20,0x20,0x20,0x20,0x66,0x6c,0x6f,0x61,0x74,0x34,0x20,
    0x5f,0x33,0x30,0x5f,0x63,0x6f,0x6c,0x6f,0x72,0x20,0x3a,0x20,0x70,0x61,0x63,0x6b,
    0x6f,0x66,0x66,0x73,0x65,0x74,0x28,0x63,0x30,0x29,0x3b,0x0a,0x20,0x20,0x20,0x20,
    0x66,0x6c,0x6f,0x61,0x74,0x34,0x20,0x5f,0x33,0x30,0x5f,0x72,0x65,0x73,0x6f,0x6c,
    0x75,0x74,0x69,0x6f,0x6e,0x20,0x3a,0x20,0x70,0x61,0x63,0x6b,0x6f,0x66,0x66,0x73,
    0x65,0x74,0x28,0x63,0x31,0x29,0x3b,0x0a,0x20,0x20,0x20,0x20,0x66,0x6c,0x6f,0x61,
    0x74,0x34,0x20,0x5f,0x33,0x30,0x5f,0x74,0x65,0x78,0x65,0x6c,0x20,0x3a,0x20,0x70,
    0x61,0x63,0x6b,0x6f,0x66,0x66,0x73,0x65,0x74,0x28,0x63,0x32,0x29,0x3b,0x0a,0x20,
    0x20,0x20,0x20,0x66,0x6c,0x6f,0x61,0x74,0x34,0x20,0x5f,0x33,0x30,0x5f,0x6f,0x70,
    0x74,0x69,0x6f,0x6e,0x73,0x20,0x3a,0x20,0x70,0x61,0x63,0x6b,0x6f,0x66,0x66,0x73,
    0x65,0x74,0x28,0x63,0x33,0x29,0x3b,0x0a,0x7d,0x3b,0x0a,0x0a,0x54,0x65,0x78,0x74,
    0x75,0x72,0x65,0x32,0x44,0x3c,0x66,0x6c,0x6f,0x61,0x74,0x34,0x3e,0x20,0x66,0x6c,
    0x75,0x69,0x64,0x53,0x6f,0x75,0x72,0x63,0x65,0x54,0x65,0x78,0x20,0x3a,0x20,0x72,
    0x65,0x67,0x69,0x73,0x74,0x65,0x72,0x28,0x74,0x30,0x29,0x3b,0x0a,0x53,0x61,0x6d,
    0x70,0x6c,0x65,0x72,0x53,0x74,0x61,0x74,0x65,0x20,0x66,0x6c,0x75,0x69,0x64,0x53,
    0x6f,0x75,0x72,0x63,0x65,0x53,0x6d,0x70,0x20,0x3a,0x20,0x72,0x65,0x67,0x69,0x73,
    0x74,0x65,0x72,0x28,0x73,0x31,0x29,0x3b,0x0a,0x0a,0x73,0x74,0x61,0x74,0x69,0x63,
    0x20,0x66,0x6c,0x6f,0x61,0x74,0x32,0x20,0x75,0x76,0x3b,0x0a,0x73,0x74,0x61,0x74,
    0x69,0x63,0x20,0x66,0x6c,0x6f,0x61,0x74,0x34,0x20,0x66,0x72,0x61,0x67,0x5f,0x63,
    0x6f,0x6c,0x6f,0x72,0x3b,0x0a,0x0a,0x73,0x74,0x72,0x75,0x63,0x74,0x20,0x53,0x50,
    0x49,0x52,0x56,0x5f,0x43,0x72,0x6f,0x73,0x73,0x5f,0x49,0x6e,0x70,0x75,0x74,0x0a,
    0x7b,0x0a,0x20,0x20,0x20,0x20,0x66,0x6c,0x6f,0x61,0x74,0x32,0x20,0x75,0x76,0x20,
    0x3a,0x20,0x54,0x45,0x58,0x43,0x4f,0x4f,0x52,0x44,0x30,0x3b,0x0a,0x7d,0x3b,0x0a,
    0x0a,0x73,0x74,0x72,0x75,0x63,0x74,0x20,0x53,0x50,0x49,0x52,0x56,0x5f,0x43,0x72,
    0x6f,0x73,0x73,0x5f,0x4f,0x75,0x74,0x70,0x75,0x74,0x0a,0x7b,0x0a,0x20,0x20,0x20,
    0x20,0x66,0x6c,0x6f,0x61,0x74,0x34,0x20,0x66,0x72,0x61,0x67,0x5f,0x63,0x6f,0x6c,
    0x6f,0x72,0x20,0x3a,0x20,0x53,0x56,0x5f,0x54,0x61,0x72,0x67,0x65,0x74,0x30,0x3b,
    0x0a,0x7d,0x3b,0x0a,0x0a,0x76,0x6f,0x69,0x64,0x20,0x66,0x72,0x61,0x67,0x5f,0x6d,
    0x61,0x69,0x6e,0x28,0x29,0x0a,0x7b,0x0a,0x20,0x20,0x20,0x20,0x66,0x72,0x61,0x67,
    0x5f,0x63,0x6f,0x6c,0x6f,0x72,0x20,0x3d,0x20,0x6d,0x61,0x78,0x28,0x66,0x6c,0x75,
    0x69,0x64,0x53,0x6f,0x75,0x72,0x63,0x65,0x54,0x65,0x78,0x2e,0x53,0x61,0x6d,0x70,
    0x6c,0x65,0x28,0x66,0x6c,0x75,0x69,0x64,0x53,0x6f,0x75,0x72,0x63,0x65,0x53,0x6d,
    0x70,0x2c,0x20,0x75,0x76,0x29,0x2e,0x78,0x2c,0x20,0x73,0x6d,0x6f,0x6f,0x74,0x68,
    0x73,0x74,0x65,0x70,0x28,0x31,0x2e,0x30,0x66,0x2c,0x20,0x30,0x2e,0x30,0x66,0x2c,
    0x20,0x6c,0x65,0x6e,0x67,0x74,0x68,0x28,0x28,0x75,0x76,0x20,0x2a,0x20,0x5f,0x33,
    0x30,0x5f,0x72,0x65,0x73,0x6f,0x6c,0x75,0x74,0x69,0x6f,0x6e,0x2e,0x78,0x79,0x29,
    0x20,0x2d,0x20,0x5f,0x33,0x30,0x5f,0x74,0x65,0x78,0x65,0x6c,0x2e,0x7a,0x77,0x29,
    0x20,0x2f,0x20,0x6d,0x61,0x78,0x28,0x5f,0x33,0x30,0x5f,0x6f,0x70,0x74,0x69,0x6f,
    0x6e,0x73,0x2e,0x7a,0x2c,0x20,0x31,0x2e,0x30,0x66,0x29,0x29,0x20,0x2a,0x20,0x5f,
    0x33,0x30,0x5f,0x6f,0x70,0x74,0x69,0x6f,0x6e,0x73,0x2e,0x78,0x29,0x2e,0x78,0x78,
    0x78,0x78,0x3b,0x0a,0x7d,0x0a,0x0a,0x53,0x50,0x49,0x52,0x56,0x5f,0x43,0x72,0x6f,
    0x73,0x73,0x5f,0x4f,0x75,0x74,0x70,0x75,0x74,0x20,0x6d,0x61,0x69,0x6e,0x28,0x53,
    0x50,0x49,0x52,0x56,0x5f,0x43,0x72,0x6f,0x73,0x73,0x5f,0x49,0x6e,0x70,0x75,0x74,
    0x20,0x73,0x74,0x61,0x67,0x65,0x5f,0x69,0x6e,0x70,0x75,0x74,0x29,0x0a,0x7b,0x0a,
    0x20,0x20,0x20,0x20,0x75,0x76,0x20,0x3d,0x20,0x73,0x74,0x61,0x67,0x65,0x5f,0x69,
    0x6e,0x70,0x75,0x74,0x2e,0x75,0x76,0x3b,0x0a,0x20,0x20,0x20,0x20,0x66,0x72,0x61,
    0x67,0x5f,0x6d,0x61,0x69,0x6e,0x28,0x29,0x3b,0x0a,0x20,0x20,0x20,0x20,0x53,0x50,
    0x49,0x52,0x56,0x5f,0x43,0x72,0x6f,0x73,0x73,0x5f,0x4f,0x75,0x74,0x70,0x75,0x74,
    0x20,0x73,0x74,0x61,0x67,0x65,0x5f,0x6f,0x75,0x74,0x70,0x75,0x74,0x3b,0x0a,0x20,
    0x20,0x20,0x20,0x73,0x74,0x61,0x67,0x65,0x5f,0x6f,0x75,0x74,0x70,0x75,0x74,0x2e,
    0x66,0x72,0x61,0x67,0x5f,0x63,0x6f,0x6c,0x6f,0x72,0x20,0x3d,0x20,0x66,0x72,0x61,
    0x67,0x5f,0x63,0x6f,0x6c,0x6f,0x72,0x3b,0x0a,0x20,0x20,0x20,0x20,0x72,0x65,0x74,
    0x75,0x72,0x6e,0x20,0x73,0x74,0x61,0x67,0x65,0x5f,0x6f,0x75,0x74,0x70,0x75,0x74,
    0x3b,0x0a,0x7d,0x0a,0x00,
};
/*
    cbuffer flow_params : register(b0)
    {
        float4 _13_color : packoffset(c0);
        float4 _13_resolution : packoffset(c1);
        float4 _13_texel : packoffset(c2);
        float4 _13_options : packoffset(c3);
    };

    Texture2D<float4> obstacleOffsetSourceTex : register(t0);
    SamplerState obstacleOffsetSourceSmp : register(s0);

    static float2 uv;
    static float4 frag_color;

    struct SPIRV_Cross_Input
    {
        float2 uv : TEXCOORD0;
    };

    struct SPIRV_Cross_Output
    {
        float4 frag_color : SV_Target0;
    };

    void frag_main()
    {
        float2 _40 = float2(0.0f, _13_texel.y);
        float2 _63 = float2(_13_texel.x, 0.0f);
        frag_color = step(_13_options.y.xxxx, float4(obstacleOffsetSourceTex.Sample(obstacleOffsetSourceSmp, uv - _40).x, obstacleOffsetSourceTex.Sample(obstacleOffsetSourceSmp, uv + _40).x, obstacleOffsetSourceTex.Sample(obstacleOffsetSourceSmp, uv + _63).x, obstacleOffsetSourceTex.Sample(obstacleOffsetSourceSmp, uv - _63).x));
    }

    SPIRV_Cross_Output main(SPIRV_Cross_Input stage_input)
    {
        uv = stage_input.uv;
        frag_main();
        SPIRV_Cross_Output stage_output;
        stage_output.frag_color = frag_color;
        return stage_output;
    }
*/
static const uint8_t fs_obstacle_offset_source_hlsl5[1130] = {
    0x63,0x62,0x75,0x66,0x66,0x65,0x72,0x20,0x66,0x6c,0x6f,0x77,0x5f,0x70,0x61,0x72,
    0x61,0x6d,0x73,0x20,0x3a,0x20,0x72,0x65,0x67,0x69,0x73,0x74,0x65,0x72,0x28,0x62,
    0x30,0x29,0x0a,0x7b,0x0a,0x20,0x20,0x20,0x20,0x66,0x6c,0x6f,0x61,0x74,0x34,0x20,
    0x5f,0x31,0x33,0x5f,0x63,0x6f,0x6c,0x6f,0x72,0x20,0x3a,0x20,0x70,0x61,0x63,0x6b,
    0x6f,0x66,0x66,0x73,0x65,0x74,0x28,0x63,0x30,0x29,0x3b,0x0a,0x20,0x20,0x20,0x20,
    0x66,0x6c,0x6f,0x61,0x74,0x34,0x20,0x5f,0x31,0x33,0x5f,0x72,0x65,0x73,0x6f,0x6c,
    0x75,0x74,0x69,0x6f,0x6e,0x20,0x3a,0x20,0x70,0x61,0x63,0x6b,0x6f,0x66,0x66,0x73,
    0x65,0x74,0x28,0x63,0x31,0x29,0x3b,0x0a,0x20,0x20,0x20,0x20,0x66,0x6c,0x6f,0x61,
    0x74,0x34,0x20,0x5f,0x31,0x33,0x5f,0x74,0x65,0x78,0x65,0x6c,0x20,0x3a,0x20,0x70,
    0x61,0x63,0x6b,0x6f,0x66,0x66,0x73,0x65,0x74,0x28,0x63,0x32,0x29,0x3b,0x0a,0x20,
    0x20,0x20,0x20,0x66,0x6c,0x6f,0x61,0x74,0x34,0x20,0x5f,0x31,0x33,0x5f,0x6f,0x70,
    0x74,0x69,0x6f,0x6e,0x73,0x20,0x3a,0x20,0x70,0x61,0x63,0x6b,0x6f,0x66,0x66,0x73,
    0x65,0x74,0x28,0x63,0x33,0x29,0x3b,0x0a,0x7d,0x3b,0x0a,0x0a,0x54,0x65,0x78,0x74,
    0x75,0x72,0x65,0x32,0x44,0x3c,0x66,0x6c,0x6f,0x61,0x74,0x34,0x3e,0x20,0x6f,0x62,
    0x73,0x74,0x61,0x63,0x6c,0x65,0x4f,0x66,0x66,0x73,0x65,0x74,0x53,0x6f,0x75,0x72,
    0x63,0x65,0x54,0x65,0x78,0x20,0x3a,0x20,0x72,0x65,0x67,0x69,0x73,0x74,0x65,0x72,
    0x28,0x74,0x30,0x29,0x3b,0x0a,0x53,0x61,0x6d,0x70,0x6c,0x65,0x72,0x53,0x74,0x61,
    0x74,0x65,0x20,0x6f,0x62,0x73,0x74,0x61,0x63,0x6c,0x65,0x4f,0x66,0x66,0x73,0x65,
    0x74,0x53,0x6f,0x75,0x72,0x63,0x65,0x53,0x6d,0x70,0x20,0x3a,0x20,0x72,0x65,0x67,
    0x69,0x73,0x74,0x65,0x72,0x28,0x73,0x30,0x29,0x3b,0x0a,0x0a,0x73,0x74,0x61,0x74,
    0x69,0x63,0x20,0x66,0x6c,0x6f,0x61,0x74,0x32,0x20,0x75,0x76,0x3b,0x0a,0x73,0x74,
    0x61,0x74,0x69,0x63,0x20,0x66,0x6c,0x6f,0x61,0x74,0x34,0x20,0x66,0x72,0x61,0x67,
    0x5f,0x63,0x6f,0x6c,0x6f,0x72,0x3b,0x0a,0x0a,0x73,0x74,0x72,0x75,0x63,0x74,0x20,
    0x53,0x50,0x49,0x52,0x56,0x5f,0x43,0x72,0x6f,0x73,0x73,0x5f,0x49,0x6e,0x70,0x75,
    0x74,0x0a,0x7b,0x0a,0x20,0x20,0x20,0x20,0x66,0x6c,0x6f,0x61,0x74,0x32,0x20,0x75,
    0x76,0x20,0x3a,0x20,0x54,0x45,0x58,0x43,0x4f,0x4f,0x52,0x44,0x30,0x3b,0x0a,0x7d,
    0x3b,0x0a,0x0a,0x73,0x74,0x72,0x75,0x63,0x74,0x20,0x53,0x50,0x49,0x52,0x56,0x5f,
    0x43,0x72,0x6f,0x73,0x73,0x5f,0x4f,0x75,0x74,0x70,0x75,0x74,0x0a,0x7b,0x0a,0x20,
    0x20,0x20,0x20,0x66,0x6c,0x6f,0x61,0x74,0x34,0x20,0x66,0x72,0x61,0x67,0x5f,0x63,
    0x6f,0x6c,0x6f,0x72,0x20,0x3a,0x20,0x53,0x56,0x5f,0x54,0x61,0x72,0x67,0x65,0x74,
    0x30,0x3b,0x0a,0x7d,0x3b,0x0a,0x0a,0x76,0x6f,0x69,0x64,0x20,0x66,0x72,0x61,0x67,
    0x5f,0x6d,0x61,0x69,0x6e,0x28,0x29,0x0a,0x7b,0x0a,0x20,0x20,0x20,0x20,0x66,0x6c,
    0x6f,0x61,0x74,0x32,0x20,0x5f,0x34,0x30,0x20,0x3d,0x20,0x66,0x6c,0x6f,0x61,0x74,
    0x32,0x28,0x30,0x2e,0x30,0x66,0x2c,0x20,0x5f,0x31,0x33,0x5f,0x74,0x65,0x78,0x65,
    0x6c,0x2e,0x79,0x29,0x3b,0x0a,0x20,0x20,0x20,0x20,0x66,0x6c,0x6f,0x61,0x74,0x32,
    0x20,0x5f,0x36,0x33,0x20,0x3d,0x20,0x66,0x6c,0x6f,0x61,0x74,0x32,0x28,0x5f,0x31,
    0x33,0x5f,0x74,0x65,0x78,0x65,0x6c,0x2e,0x78,0x2c,0x20,0x30,0x2e,0x30,0x66,0x29,
    0x3b,0x0a,0x20,0x20,0x20,0x20,0x66,0x72,0x61,0x67,0x5f,0x63,0x6f,0x6c,0x6f,0x72,
    0x20,0x3d,0x20,0x73,0x74,0x65,0x70,0x28,0x5f,0x31,0x33,0x5f,0x6f,0x70,0x74,0x69,
    0x6f,0x6e,0x73,0x2e,0x79,0x2e,0x78,0x78,0x78,0x78,0x2c,0x20,0x66,0x6c,0x6f,0x61,
    0x74,0x34,0x28,0x6f,0x62,0x73,0x74,0x61,0x63,0x6c,0x65,0x4f,0x66,0x66,0x73,0x65,
    0x74,0x53,0x6f,0x75,0x72,0x63,0x65,0x54,0x65,0x78,0x2e,0x53,0x61,0x6d,0x70,0x6c,
    0x65,0x28,0x6f,0x62,0x73,0x74,0x61,0x63,0x6c,0x65,0x4f,0x66,0x66,0x73,0x65,0x74,
    0x53,0x6f,0x75,0x72,0x63,0x65,0x53,0x6d,0x70,0x2c,0x20,0x75,0x76,0x20,0x2d,0x20,
    0x5f,0x34,0x30,0x29,0x2e,0x78,0x2c,0x20,0x6f,0x62,0x73,0x74,0x61,0x63,0x6c,0x65,
    0x4f,0x66,0x66,0x73,0x65,0x74,0x53,0x6f,0x75,0x72,0x63,0x65,0x54,0x65,0x78,0x2e,
    0x53,0x61,0x6d,0x70,0x6c,0x65,0x28,0x6f,0x62,0x73,0x74,0x61,0x63,0x6c,0x65,0x4f,
    0x66,0x66,0x73,0x65,0x74,0x53,0x6f,0x75,0x72,0x63,0x65,0x53,0x6d,0x70,0x2c,0x20,
    0x75,0x76,0x20,0x2b,0x20,0x5f,0x34,0x30,0x29,0x2e,0x78,0x2c,0x20,0x6f,0x62,0x73,
    0x74,0x61,0x63,0x6c,0x65,0x4f,0x66,0x66,0x73,0x65,0x74,0x53,0x6f,0x75,0x72,0x63,
    0x65,0x54,0x65,0x78,0x2e,0x53,0x61,0x6d,0x70,0x6c,0x65,0x28,0x6f,0x62,0x73,0x74,
    0x61,0x63,0x6c,0x65,0x4f,0x66,0x66,0x73,0x65,0x74,0x53,0x6f,0x75,0x72,0x63,0x65,
    0x53,0x6d,0x70,0x2c,0x20,0x75,0x76,0x20,0x2b,0x20,0x5f,0x36,0x33,0x29,0x2e,0x78,
    0x2c,0x20,0x6f,0x62,0x73,0x74,0x61,0x63,0x6c,0x65,0x4f,0x66,0x66,0x73,0x65,0x74,
    0x53,0x6f,0x75,0x72,0x63,0x65,0x54,0x65,0x78,0x2e,0x53,0x61,0x6d,0x70,0x6c,0x65,
    0x28,0x6f,0x62,0x73,0x74,0x61,0x63,0x6c,0x65,0x4f,0x66,0x66,0x73,0x65,0x74,0x53,
    0x6f,0x75,0x72,0x63,0x65,0x53,0x6d,0x70,0x2c,0x20,0x75,0x76,0x20,0x2d,0x20,0x5f,
    0x36,0x33,0x29,0x2e,0x78,0x29,0x29,0x3b,0x0a,0x7d,0x0a,0x0a,0x53,0x50,0x49,0x52,
    0x56,0x5f,0x43,0x72,0x6f,0x73,0x73,0x5f,0x4f,0x75,0x74,0x70,0x75,0x74,0x20,0x6d,
    0x61,0x69,0x6e,0x28,0x53,0x50,0x49,0x52,0x56,0x5f,0x43,0x72,0x6f,0x73,0x73,0x5f,
    0x49,0x6e,0x70,0x75,0x74,0x20,0x73,0x74,0x61,0x67,0x65,0x5f,0x69,0x6e,0x70,0x75,
    0x74,0x29,0x0a,0x7b,0x0a,0x20,0x20,0x20,0x20,0x75,0x76,0x20,0x3d,0x20,0x73,0x74,
    0x61,0x67,0x65,0x5f,0x69,0x6e,0x70,0x75,0x74,0x2e,0x75,0x76,0x3b,0x0a,0x20,0x20,
    0x20,0x20,0x66,0x72,0x61,0x67,0x5f,0x6d,0x61,0x69,0x6e,0x28,0x29,0x3b,0x0a,0x20,
    0x20,0x20,0x20,0x53,0x50,0x49,0x52,0x56,0x5f,0x43,0x72,0x6f,0x73,0x73,0x5f,0x4f,
    0x75,0x74,0x70,0x75,0x74,0x20,0x73,0x74,0x61,0x67,0x65,0x5f,0x6f,0x75,0x74,0x70,
    0x75,0x74,0x3b,0x0a,0x20,0x20,0x20,0x20,0x73,0x74,0x61,0x67,0x65,0x5f,0x6f,0x75,
    0x74,0x70,0x75,0x74,0x2e,0x66,0x72,0x61,0x67,0x5f,0x63,0x6f,0x6c,0x6f,0x72,0x20,
    0x3d,0x20,0x66,0x72,0x61,0x67,0x5f,0x63,0x6f,0x6c,0x6f,0x72,0x3b,0x0a,0x20,0x20,
    0x20,0x20,0x72,0x65,0x74,0x75,0x72,0x6e,0x20,0x73,0x74,0x61,0x67,0x65,0x5f,0x6f,
    0x75,0x74,0x70,0x75,0x74,0x3b,0x0a,0x7d,0x0a,0x00,
};
/*
    cbuffer flow_params : register(b0)
    {
        float4 _41_color : packoffset(c0);
        float4 _41_resolution : packoffset(c1);
        float4 _41_texel : packoffset(c2);
        float4 _41_options : packoffset(c3);
    };

    Texture2D<float4> obstacleApplySourceTex : register(t0);
    SamplerState obstacleApplySourceSmp : register(s0);
    Texture2D<float4> obstacleTex : register(t1);
    SamplerState obstacleSmp : register(s1);

    static float2 uv;
    static float4 frag_color;

    struct SPIRV_Cross_Input
    {
        float2 uv : TEXCOORD0;
    };

    struct SPIRV_Cross_Output
    {
        float4 frag_color : SV_Target0;
    };

    void frag_main()
    {
        frag_color = obstacleApplySourceTex.Sample(obstacleApplySourceSmp, uv) * (1.0f - step(_41_options.y, obstacleTex.Sample(obstacleSmp, uv).x));
    }

    SPIRV_Cross_Output main(SPIRV_Cross_Input stage_input)
    {
        uv = stage_input.uv;
        frag_main();
        SPIRV_Cross_Output stage_output;
        stage_output.frag_color = frag_color;
        return stage_output;
    }
*/
static const uint8_t fs_apply_obstacle_source_hlsl5[946] = {
    0x63,0x62,0x75,0x66,0x66,0x65,0x72,0x20,0x66,0x6c,0x6f,0x77,0x5f,0x70,0x61,0x72,
    0x61,0x6d,0x73,0x20,0x3a,0x20,0x72,0x65,0x67,0x69,0x73,0x74,0x65,0x72,0x28,0x62,
    0x30,0x29,0x0a,0x7b,0x0a,0x20,0x20,0x20,0x20,0x66,0x6c,0x6f,0x61,0x74,0x34,0x20,
    0x5f,0x34,0x31,0x5f,0x63,0x6f,0x6c,0x6f,0x72,0x20,0x3a,0x20,0x70,0x61,0x63,0x6b,
    0x6f,0x66,0x66,0x73,0x65,0x74,0x28,0x63,0x30,0x29,0x3b,0x0a,0x20,0x20,0x20,0x20,
    0x66,0x6c,0x6f,0x61,0x74,0x34,0x20,0x5f,0x34,0x31,0x5f,0x72,0x65,0x73,0x6f,0x6c,
    0x75,0x74,0x69,0x6f,0x6e,0x20,0x3a,0x20,0x70,0x61,0x63,0x6b,0x6f,0x66,0x66,0x73,
    0x65,0x74,0x28,0x63,0x31,0x29,0x3b,0x0a,0x20,0x20,0x20,0x20,0x66,0x6c,0x6f,0x61,
    0x74,0x34,0x20,0x5f,0x34,0x31,0x5f,0x74,0x65,0x78,0x65,0x6c,0x20,0x3a,0x20,0x70,
    0x61,0x63,0x6b,0x6f,0x66,0x66,0x73,0x65,0x74,0x28,0x63,0x32,0x29,0x3b,0x0a,0x20,
    0x20,0x20,0x20,0x66,0x6c,0x6f,0x61,0x74,0x34,0x20,0x5f,0x34,0x31,0x5f,0x6f,0x70,
    0x74,0x69,0x6f,0x6e,0x73,0x20,0x3a,0x20,0x70,0x61,0x63,0x6b,0x6f,0x66,0x66,0x73,
    0x65,0x74,0x28,0x63,0x33,0x29,0x3b,0x0a,0x7d,0x3b,0x0a,0x0a,0x54,0x65,0x78,0x74,
    0x75,0x72,0x65,0x32,0x44,0x3c,0x66,0x6c,0x6f,0x61,0x74,0x34,0x3e,0x20,0x6f,0x62,
    0x73,0x74,0x61,0x63,0x6c,0x65,0x41,0x70,0x70,0x6c,0x79,0x53,0x6f,0x75,0x72,0x63,
    0x65,0x54,0x65,0x78,0x20,0x3a,0x20,0x72,0x65,0x67,0x69,0x73,0x74,0x65,0x72,0x28,
    0x74,0x30,0x29,0x3b,0x0a,0x53,0x61,0x6d,0x70,0x6c,0x65,0x72,0x53,0x74,0x61,0x74,
    0x65,0x20,0x6f,0x62,0x73,0x74,0x61,0x63,0x6c,0x65,0x41,0x70,0x70,0x6c,0x79,0x53,
    0x6f,0x75,0x72,0x63,0x65,0x53,0x6d,0x70,0x20,0x3a,0x20,0x72,0x65,0x67,0x69,0x73,
    0x74,0x65,0x72,0x28,0x73,0x30,0x29,0x3b,0x0a,0x54,0x65,0x78,0x74,0x75,0x72,0x65,
    0x32,0x44,0x3c,0x66,0x6c,0x6f,0x61,0x74,0x34,0x3e,0x20,0x6f,0x62,0x73,0x74,0x61,
    0x63,0x6c,0x65,0x54,0x65,0x78,0x20,0x3a,0x20,0x72,0x65,0x67,0x69,0x73,0x74,0x65,
    0x72,0x28,0x74,0x31,0x29,0x3b,0x0a,0x53,0x61,0x6d,0x70,0x6c,0x65,0x72,0x53,0x74,
    0x61,0x74,0x65,0x20,0x6f,0x62,0x73,0x74,0x61,0x63,0x6c,0x65,0x53,0x6d,0x70,0x20,
    0x3a,0x20,0x72,0x65,0x67,0x69,0x73,0x74,0x65,0x72,0x28,0x73,0x31,0x29,0x3b,0x0a,
    0x0a,0x73,0x74,0x61,0x74,0x69,0x63,0x20,0x66,0x6c,0x6f,0x61,0x74,0x32,0x20,0x75,
    0x76,0x3b,0x0a,0x73,0x74,0x61,0x74,0x69,0x63,0x20,0x66,0x6c,0x6f,0x61,0x74,0x34,
    0x20,0x66,0x72,0x61,0x67,0x5f,0x63,0x6f,0x6c,0x6f,0x72,0x3b,0x0a,0x0a,0x73,0x74,
    0x72,0x75,0x63,0x74,0x20,0x53,0x50,0x49,0x52,0x56,0x5f,0x43,0x72,0x6f,0x73,0x73,
    0x5f,0x49,0x6e,0x70,0x75,0x74,0x0a,0x7b,0x0a,0x20,0x20,0x20,0x20,0x66,0x6c,0x6f,
    0x61,0x74,0x32,0x20,0x75,0x76,0x20,0x3a,0x20,0x54,0x45,0x58,0x43,0x4f,0x4f,0x52,
    0x44,0x30,0x3b,0x0a,0x7d,0x3b,0x0a,0x0a,0x73,0x74,0x72,0x75,0x63,0x74,0x20,0x53,
    0x50,0x49,0x52,0x56,0x5f,0x43,0x72,0x6f,0x73,0x73,0x5f,0x4f,0x75,0x74,0x70,0x75,
    0x74,0x0a,0x7b,0x0a,0x20,0x20,0x20,0x20,0x66,0x6c,0x6f,0x61,0x74,0x34,0x20,0x66,
    0x72,0x61,0x67,0x5f,0x63,0x6f,0x6c,0x6f,0x72,0x20,0x3a,0x20,0x53,0x56,0x5f,0x54,
    0x61,0x72,0x67,0x65,0x74,0x30,0x3b,0x0a,0x7d,0x3b,0x0a,0x0a,0x76,0x6f,0x69,0x64,
    0x20,0x66,0x72,0x61,0x67,0x5f,0x6d,0x61,0x69,0x6e,0x28,0x29,0x0a,0x7b,0x0a,0x20,
    0x20,0x20,0x20,0x66,0x72,0x61,0x67,0x5f,0x63,0x6f,0x6c,0x6f,0x72,0x20,0x3d,0x20,
    0x6f,0x62,0x73,0x74,0x61,0x63,0x6c,0x65,0x41,0x70,0x70,0x6c,0x79,0x53,0x6f,0x75,
    0x72,0x63,0x65,0x54,0x65,0x78,0x2e,0x53,0x61,0x6d,0x70,0x6c,0x65,0x28,0x6f,0x62,
    0x73,0x74,0x61,0x63,0x6c,0x65,0x41,0x70,0x70,0x6c,0x79,0x53,0x6f,0x75,0x72,0x63,
    0x65,0x53,0x6d,0x70,0x2c,0x20,0x75,0x76,0x29,0x20,0x2a,0x20,0x28,0x31,0x2e,0x30,
    0x66,0x20,0x2d,0x20,0x73,0x74,0x65,0x70,0x28,0x5f,0x34,0x31,0x5f,0x6f,0x70,0x74,
    0x69,0x6f,0x6e,0x73,0x2e,0x79,0x2c,0x20,0x6f,0x62,0x73,0x74,0x61,0x63,0x6c,0x65,
    0x54,0x65,0x78,0x2e,0x53,0x61,0x6d,0x70,0x6c,0x65,0x28,0x6f,0x62,0x73,0x74,0x61,
    0x63,0x6c,0x65,0x53,0x6d,0x70,0x2c,0x20,0x75,0x76,0x29,0x2e,0x78,0x29,0x29,0x3b,
    0x0a,0x7d,0x0a,0x0a,0x53,0x50,0x49,0x52,0x56,0x5f,0x43,0x72,0x6f,0x73,0x73,0x5f,
    0x4f,0x75,0x74,0x70,0x75,0x74,0x20,0x6d,0x61,0x69,0x6e,0x28,0x53,0x50,0x49,0x52,
    0x56,0x5f,0x43,0x72,0x6f,0x73,0x73,0x5f,0x49,0x6e,0x70,0x75,0x74,0x20,0x73,0x74,
    0x61,0x67,0x65,0x5f,0x69,0x6e,0x70,0x75,0x74,0x29,0x0a,0x7b,0x0a,0x20,0x20,0x20,
    0x20,0x75,0x76,0x20,0x3d,0x20,0x73,0x74,0x61,0x67,0x65,0x5f,0x69,0x6e,0x70,0x75,
    0x74,0x2e,0x75,0x76,0x3b,0x0a,0x20,0x20,0x20,0x20,0x66,0x72,0x61,0x67,0x5f,0x6d,
    0x61,0x69,0x6e,0x28,0x29,0x3b,0x0a,0x20,0x20,0x20,0x20,0x53,0x50,0x49,0x52,0x56,
    0x5f,0x43,0x72,0x6f,0x73,0x73,0x5f,0x4f,0x75,0x74,0x70,0x75,0x74,0x20,0x73,0x74,
    0x61,0x67,0x65,0x5f,0x6f,0x75,0x74,0x70,0x75,0x74,0x3b,0x0a,0x20,0x20,0x20,0x20,
    0x73,0x74,0x61,0x67,0x65,0x5f,0x6f,0x75,0x74,0x70,0x75,0x74,0x2e,0x66,0x72,0x61,
    0x67,0x5f,0x63,0x6f,0x6c,0x6f,0x72,0x20,0x3d,0x20,0x66,0x72,0x61,0x67,0x5f,0x63,
    0x6f,0x6c,0x6f,0x72,0x3b,0x0a,0x20,0x20,0x20,0x20,0x72,0x65,0x74,0x75,0x72,0x6e,
    0x20,0x73,0x74,0x61,0x67,0x65,0x5f,0x6f,0x75,0x74,0x70,0x75,0x74,0x3b,0x0a,0x7d,
    0x0a,0x00,
};
/*
    #include <metal_stdlib>
    #include <simd/simd.h>

    using namespace metal;

    struct main0_out
    {
        float2 uv [[user(locn0)]];
        float4 gl_Position [[position]];
    };

    struct main0_in
    {
        float2 position [[attribute(0)]];
        float2 texcoord0 [[attribute(1)]];
    };

    vertex main0_out main0(main0_in in [[stage_in]])
    {
        main0_out out = {};
        out.gl_Position = float4(in.position, 0.0, 1.0);
        out.uv = in.texcoord0;
        return out;
    }

*/
static const uint8_t fluid_vs_source_metal_macos[437] = {
    0x23,0x69,0x6e,0x63,0x6c,0x75,0x64,0x65,0x20,0x3c,0x6d,0x65,0x74,0x61,0x6c,0x5f,
    0x73,0x74,0x64,0x6c,0x69,0x62,0x3e,0x0a,0x23,0x69,0x6e,0x63,0x6c,0x75,0x64,0x65,
    0x20,0x3c,0x73,0x69,0x6d,0x64,0x2f,0x73,0x69,0x6d,0x64,0x2e,0x68,0x3e,0x0a,0x0a,
    0x75,0x73,0x69,0x6e,0x67,0x20,0x6e,0x61,0x6d,0x65,0x73,0x70,0x61,0x63,0x65,0x20,
    0x6d,0x65,0x74,0x61,0x6c,0x3b,0x0a,0x0a,0x73,0x74,0x72,0x75,0x63,0x74,0x20,0x6d,
    0x61,0x69,0x6e,0x30,0x5f,0x6f,0x75,0x74,0x0a,0x7b,0x0a,0x20,0x20,0x20,0x20,0x66,
    0x6c,0x6f,0x61,0x74,0x32,0x20,0x75,0x76,0x20,0x5b,0x5b,0x75,0x73,0x65,0x72,0x28,
    0x6c,0x6f,0x63,0x6e,0x30,0x29,0x5d,0x5d,0x3b,0x0a,0x20,0x20,0x20,0x20,0x66,0x6c,
    0x6f,0x61,0x74,0x34,0x20,0x67,0x6c,0x5f,0x50,0x6f,0x73,0x69,0x74,0x69,0x6f,0x6e,
    0x20,0x5b,0x5b,0x70,0x6f,0x73,0x69,0x74,0x69,0x6f,0x6e,0x5d,0x5d,0x3b,0x0a,0x7d,
    0x3b,0x0a,0x0a,0x73,0x74,0x72,0x75,0x63,0x74,0x20,0x6d,0x61,0x69,0x6e,0x30,0x5f,
    0x69,0x6e,0x0a,0x7b,0x0a,0x20,0x20,0x20,0x20,0x66,0x6c,0x6f,0x61,0x74,0x32,0x20,
    0x70,0x6f,0x73,0x69,0x74,0x69,0x6f,0x6e,0x20,0x5b,0x5b,0x61,0x74,0x74,0x72,0x69,
    0x62,0x75,0x74,0x65,0x28,0x30,0x29,0x5d,0x5d,0x3b,0x0a,0x20,0x20,0x20,0x20,0x66,
    0x6c,0x6f,0x61,0x74,0x32,0x20,0x74,0x65,0x78,0x63,0x6f,0x6f,0x72,0x64,0x30,0x20,
    0x5b,0x5b,0x61,0x74,0x74,0x72,0x69,0x62,0x75,0x74,0x65,0x28,0x31,0x29,0x5d,0x5d,
    0x3b,0x0a,0x7d,0x3b,0x0a,0x0a,0x76,0x65,0x72,0x74,0x65,0x78,0x20,0x6d,0x61,0x69,
    0x6e,0x30,0x5f,0x6f,0x75,0x74,0x20,0x6d,0x61,0x69,0x6e,0x30,0x28,0x6d,0x61,0x69,
    0x6e,0x30,0x5f,0x69,0x6e,0x20,0x69,0x6e,0x20,0x5b,0x5b,0x73,0x74,0x61,0x67,0x65,
    0x5f,0x69,0x6e,0x5d,0x5d,0x29,0x0a,0x7b,0x0a,0x20,0x20,0x20,0x20,0x6d,0x61,0x69,
    0x6e,0x30,0x5f,0x6f,0x75,0x74,0x20,0x6f,0x75,0x74,0x20,0x3d,0x20,0x7b,0x7d,0x3b,
    0x0a,0x20,0x20,0x20,0x20,0x6f,0x75,0x74,0x2e,0x67,0x6c,0x5f,0x50,0x6f,0x73,0x69,
    0x74,0x69,0x6f,0x6e,0x20,0x3d,0x20,0x66,0x6c,0x6f,0x61,0x74,0x34,0x28,0x69,0x6e,
    0x2e,0x70,0x6f,0x73,0x69,0x74,0x69,0x6f,0x6e,0x2c,0x20,0x30,0x2e,0x30,0x2c,0x20,
    0x31,0x2e,0x30,0x29,0x3b,0x0a,0x20,0x20,0x20,0x20,0x6f,0x75,0x74,0x2e,0x75,0x76,
    0x20,0x3d,0x20,0x69,0x6e,0x2e,0x74,0x65,0x78,0x63,0x6f,0x6f,0x72,0x64,0x30,0x3b,
    0x0a,0x20,0x20,0x20,0x20,0x72,0x65,0x74,0x75,0x72,0x6e,0x20,0x6f,0x75,0x74,0x3b,
    0x0a,0x7d,0x0a,0x0a,0x00,
};
/*
    #include <metal_stdlib>
    #include <simd/simd.h>

    using namespace metal;

    struct flow_params
    {
        float4 color;
        float4 resolution;
        float4 texel;
        float4 options;
    };

    struct main0_out
    {
        float4 frag_color [[color(0)]];
    };

    struct main0_in
    {
        float2 uv [[user(locn0)]];
    };

    fragment main0_out main0(main0_in in [[stage_in]], constant flow_params& _31 [[buffer(0)]], texture2d<float> velocityTex [[texture(0)]], texture2d<float> fluidSourceTex [[texture(1)]], sampler velocitySmp [[sampler(0)]], sampler fluidSourceSmp [[sampler(1)]])
    {
        main0_out out = {};
        float4 _24 = velocityTex.sample(velocitySmp, in.uv);
        float4 _55 = fluidSourceTex.sample(fluidSourceSmp, (in.uv - ((_24.xy * _31.texel.xy) * _31.options.x)));
        float4 _59 = _55 * _31.options.z;
        float4 _68;
        if (_31.options.w > 0.5)
        {
            _68 = fast::clamp(_59, float4(0.0), float4(1.0));
        }
        else
        {
            _68 = _59;
        }
        out.frag_color = _68;
        return out;
    }

*/
static const uint8_t fs_advect_source_metal_macos[979] = {
    0x23,0x69,0x6e,0x63,0x6c,0x75,0x64,0x65,0x20,0x3c,0x6d,0x65,0x74,0x61,0x6c,0x5f,
    0x73,0x74,0x64,0x6c,0x69,0x62,0x3e,0x0a,0x23,0x69,0x6e,0x63,0x6c,0x75,0x64,0x65,
    0x20,0x3c,0x73,0x69,0x6d,0x64,0x2f,0x73,0x69,0x6d,0x64,0x2e,0x68,0x3e,0x0a,0x0a,
    0x75,0x73,0x69,0x6e,0x67,0x20,0x6e,0x61,0x6d,0x65,0x73,0x70,0x61,0x63,0x65,0x20,
    0x6d,0x65,0x74,0x61,0x6c,0x3b,0x0a,0x0a,0x73,0x74,0x72,0x75,0x63,0x74,0x20,0x66,
    0x6c,0x6f,0x77,0x5f,0x70,0x61,0x72,0x61,0x6d,0x73,0x0a,0x7b,0x0a,0x20,0x20,0x20,
    0x20,0x66,0x6c,0x6f,0x61,0x74,0x34,0x20,0x63,0x6f,0x6c,0x6f,0x72,0x3b,0x0a,0x20,
    0x20,0x20,0x20,0x66,0x6c,0x6f,0x61,0x74,0x34,0x20,0x72,0x65,0x73,0x6f,0x6c,0x75,
    0x74,0x69,0x6f,0x6e,0x3b,0x0a,0x20,0x20,0x20,0x20,0x66,0x6c,0x6f,0x61,0x74,0x34,
    0x20,0x74,0x65,0x78,0x65,0x6c,0x3b,0x0a,0x20,0x20,0x20,0x20,0x66,0x6c,0x6f,0x61,
    0x74,0x34,0x20,0x6f,0x70,0x74,0x69,0x6f,0x6e,0x73,0x3b,0x0a,0x7d,0x3b,0x0a,0x0a,
    0x73,0x74,0x72,0x75,0x63,0x74,0x20,0x6d,0x61,0x69,0x6e,0x30,0x5f,0x6f,0x75,0x74,
    0x0a,0x7b,0x0a,0x20,0x20,0x20,0x20,0x66,0x6c,0x6f,0x61,0x74,0x34,0x20,0x66,0x72,
    0x61,0x67,0x5f,0x63,0x6f,0x6c,0x6f,0x72,0x20,0x5b,0x5b,0x63,0x6f,0x6c,0x6f,0x72,
    0x28,0x30,0x29,0x5d,0x5d,0x3b,0x0a,0x7d,0x3b,0x0a,0x0a,0x73,0x74,0x72,0x75,0x63,
    0x74,0x20,0x6d,0x61,0x69,0x6e,0x30,0x5f,0x69,0x6e,0x0a,0x7b,0x0a,0x20,0x20,0x20,
    0x20,0x66,0x6c,0x6f,0x61,0x74,0x32,0x20,0x75,0x76,0x20,0x5b,0x5b,0x75,0x73,0x65,
    0x72,0x28,0x6c,0x6f,0x63,0x6e,0x30,0x29,0x5d,0x5d,0x3b,0x0a,0x7d,0x3b,0x0a,0x0a,
    0x66,0x72,0x61,0x67,0x6d,0x65,0x6e,0x74,0x20,0x6d,0x61,0x69,0x6e,0x30,0x5f,0x6f,
    0x75,0x74,0x20,0x6d,0x61,0x69,0x6e,0x30,0x28,0x6d,0x61,0x69,0x6e,0x30,0x5f,0x69,
    0x6e,0x20,0x69,0x6e,0x20,0x5b,0x5b,0x73,0x74,0x61,0x67,0x65,0x5f,0x69,0x6e,0x5d,
    0x5d,0x2c,0x20,0x63,0x6f,0x6e,0x73,0x74,0x61,0x6e,0x74,0x20,0x66,0x6c,0x6f,0x77,
    0x5f,0x70,0x61,0x72,0x61,0x6d,0x73,0x26,0x20,0x5f,0x33,0x31,0x20,0x5b,0x5b,0x62,
    0x75,0x66,0x66,0x65,0x72,0x28,0x30,0x29,0x5d,0x5d,0x2c,0x20,0x74,0x65,0x78,0x74,
    0x75,0x72,0x65,0x32,0x64,0x3c,0x66,0x6c,0x6f,0x61,0x74,0x3e,0x20,0x76,0x65,0x6c,
    0x6f,0x63,0x69,0x74,0x79,0x54,0x65,0x78,0x20,0x5b,0x5b,0x74,0x65,0x78,0x74,0x75,
    0x72,0x65,0x28,0x30,0x29,0x5d,0x5d,0x2c,0x20,0x74,0x65,0x78,0x74,0x75,0x72,0x65,
    0x32,0x64,0x3c,0x66,0x6c,0x6f,0x61,0x74,0x3e,0x20,0x66,0x6c,0x75,0x69,0x64,0x53,
    0x6f,0x75,0x72,0x63,0x65,0x54,0x65,0x78,0x20,0x5b,0x5b,0x74,0x65,0x78,0x74,0x75,
    0x72,0x65,0x28,0x31,0x29,0x5d,0x5d,0x2c,0x20,0x73,0x61,0x6d,0x70,0x6c,0x65,0x72,
    0x20,0x76,0x65,0x6c,0x6f,0x63,0x69,0x74,0x79,0x53,0x6d,0x70,0x20,0x5b,0x5b,0x73,
    0x61,0x6d,0x70,0x6c,0x65,0x72,0x28,0x30,0x29,0x5d,0x5d,0x2c,0x20,0x73,0x61,0x6d,
    0x70,0x6c,0x65,0x72,0x20,0x66,0x6c,0x75,0x69,0x64,0x53,0x6f,0x75,0x72,0x63,0x65,
    0x53,0x6d,0x70,0x20,0x5b,0x5b,0x73,0x61,0x6d,0x70,0x6c,0x65,0x72,0x28,0x31,0x29,
    0x5d,0x5d,0x29,0x0a,0x7b,0x0a,0x20,0x20,0x20,0x20,0x6d,0x61,0x69,0x6e,0x30,0x5f,
    0x6f,0x75,0x74,0x20,0x6f,0x75,0x74,0x20,0x3d,0x20,0x7b,0x7d,0x3b,0x0a,0x20,0x20,
    0x20,0x20,0x66,0x6c,0x6f,0x61,0x74,0x34,0x20,0x5f,0x32,0x34,0x20,0x3d,0x20,0x76,
    0x65,0x6c,0x6f,0x63,0x69,0x74,0x79,0x54,0x65,0x78,0x2e,0x73,0x61,0x6d,0x70,0x6c,
    0x65,0x28,0x76,0x65,0x6c,0x6f,0x63,0x69,0x74,0x79,0x53,0x6d,0x70,0x2c,0x20,0x69,
    0x6e,0x2e,0x75,0x76,0x29,0x3b,0x0a,0x20,0x20,0x20,0x20,0x66,0x6c,0x6f,0x61,0x74,
    0x34,0x20,0x5f,0x35,0x35,0x20,0x3d,0x20,0x66,0x6c,0x75,0x69,0x64,0x53,0x6f,0x75,
    0x72,0x63,0x65,0x54,0x65,0x78,0x2e,0x73,0x61,0x6d,0x70,0x6c,0x65,0x28,0x66,0x6c,
    0x75,0x69,0x64,0x53,0x6f,0x75,0x72,0x63,0x65,0x53,0x6d,0x70,0x2c,0x20,0x28,0x69,
    0x6e,0x2e,0x75,0x76,0x20,0x2d,0x20,0x28,0x28,0x5f,0x32,0x34,0x2e,0x78,0x79,0x20,
    0x2a,0x20,0x5f,0x33,0x31,0x2e,0x74,0x65,0x78,0x65,0x6c,0x2e,0x78,0x79,0x29,0x20,
    0x2a,0x20,0x5f,0x33,0x31,0x2e,0x6f,0x70,0x74,0x69,0x6f,0x6e,0x73,0x2e,0x78,0x29,
    0x29,0x29,0x3b,0x0a,0x20,0x20,0x20,0x20,0x66,0x6c,0x6f,0x61,0x74,0x34,0x20,0x5f,
    0x35,0x39,0x20,0x3d,0x20,0x5f,0x35,0x35,0x20,0x2a,0x20,0x5f,0x33,0x31,0x2e,0x6f,
    0x70,0x74,0x69,0x6f,0x6e,0x73,0x2e,0x7a,0x3b,0x0a,0x20,0x20,0x20,0x20,0x66,0x6c,
    0x6f,0x61,0x74,0x34,0x20,0x5f,0x36,0x38,0x3b,0x0a,0x20,0x20,0x20,0x20,0x69,0x66,
    0x20,0x28,0x5f,0x33,0x31,0x2e,0x6f,0x70,0x74,0x69,0x6f,0x6e,0x73,0x2e,0x77,0x20,
    0x3e,0x20,0x30,0x2e,0x35,0x29,0x0a,0x20,0x20,0x20,0x20,0x7b,0x0a,0x20,0x20,0x20,
    0x20,0x20,0x20,0x20,0x20,0x5f,0x36,0x38,0x20,0x3d,0x20,0x66,0x61,0x73,0x74,0x3a,
    0x3a,0x63,0x6c,0x61,0x6d,0x70,0x28,0x5f,0x35,0x39,0x2c,0x20,0x66,0x6c,0x6f,0x61,
    0x74,0x34,0x28,0x30,0x2e,0x30,0x29,0x2c,0x20,0x66,0x6c,0x6f,0x61,0x74,0x34,0x28,
    0x31,0x2e,0x30,0x29,0x29,0x3b,0x0a,0x20,0x20,0x20,0x20,0x7d,0x0a,0x20,0x20,0x20,
    0x20,0x65,0x6c,0x73,0x65,0x0a,0x20,0x20,0x20,0x20,0x7b,0x0a,0x20,0x20,0x20,0x20,
    0x20,0x20,0x20,0x20,0x5f,0x36,0x38,0x20,0x3d,0x20,0x5f,0x35,0x39,0x3b,0x0a,0x20,
    0x20,0x20,0x20,0x7d,0x0a,0x20,0x20,0x20,0x20,0x6f,0x75,0x74,0x2e,0x66,0x72,0x61,
    0x67,0x5f,0x63,0x6f,0x6c,0x6f,0x72,0x20,0x3d,0x20,0x5f,0x36,0x38,0x3b,0x0a,0x20,
    0x20,0x20,0x20,0x72,0x65,0x74,0x75,0x72,0x6e,0x20,0x6f,0x75,0x74,0x3b,0x0a,0x7d,
    0x0a,0x0a,0x00,
};
/*
    #include <metal_stdlib>
    #include <simd/simd.h>

    using namespace metal;

    struct flow_params
    {
        float4 color;
        float4 resolution;
        float4 texel;
        float4 options;
    };

    struct main0_out
    {
        float4 frag_color [[color(0)]];
    };

    struct main0_in
    {
        float2 uv [[user(locn0)]];
    };

    fragment main0_out main0(main0_in in [[stage_in]], constant flow_params& _30 [[buffer(0)]], texture2d<float> fluidSourceTex [[texture(0)]], sampler fluidSourceSmp [[sampler(1)]])
    {
        main0_out out = {};
        float4 _24 = fluidSourceTex.sample(fluidSourceSmp, in.uv);
        float _64 = fast::max(0.0, 1.0 - (length((in.uv * _30.resolution.xy) - _30.texel.zw) / fast::max(_30.options.z, 1.0)));
        float4 value = _24;
        if (_30.options.y < 0.5)
        {
            value = _24 + ((_30.color * _64) * _30.options.x);
        }
        else
        {
            if (_30.options.y < 1.5)
            {
                value = fast::max(_24, (_30.color * sqrt(sqrt(_64))) * _30.options.x);
            }
            else
            {
                float2 _109 = _24.xy;
                float2 _118 = (_30.color.xy * _64) * _30.options.x;
                float2 _125;
                if (length(_109) > length(_118))
                {
                    _125 = _109;
                }
                else
                {
                    _125 = mix(_109, _118, float2(fast::clamp(_30.color.z, 0.0, 1.0)));
                }
                value = float4(_125, 0.0, 1.0);
            }
        }
        float4 _148;
        if (_30.options.w > 0.5)
        {
            _148 = fast::clamp(value, float4(0.0), float4(1.0));
        }
        else
        {
            _148 = value;
        }
        out.frag_color = _148;
        return out;
    }

*/
static const uint8_t fs_splat_source_metal_macos[1601] = {
    0x23,0x69,0x6e,0x63,0x6c,0x75,0x64,0x65,0x20,0x3c,0x6d,0x65,0x74,0x61,0x6c,0x5f,
    0x73,0x74,0x64,0x6c,0x69,0x62,0x3e,0x0a,0x23,0x69,0x6e,0x63,0x6c,0x75,0x64,0x65,
    0x20,0x3c,0x73,0x69,0x6d,0x64,0x2f,0x73,0x69,0x6d,0x64,0x2e,0x68,0x3e,0x0a,0x0a,
    0x75,0x73,0x69,0x6e,0x67,0x20,0x6e,0x61,0x6d,0x65,0x73,0x70,0x61,0x63,0x65,0x20,
    0x6d,0x65,0x74,0x61,0x6c,0x3b,0x0a,0x0a,0x73,0x74,0x72,0x75,0x63,0x74,0x20,0x66,
    0x6c,0x6f,0x77,0x5f,0x70,0x61,0x72,0x61,0x6d,0x73,0x0a,0x7b,0x0a,0x20,0x20,0x20,
    0x20,0x66,0x6c,0x6f,0x61,0x74,0x34,0x20,0x63,0x6f,0x6c,0x6f,0x72,0x3b,0x0a,0x20,
    0x20,0x20,0x20,0x66,0x6c,0x6f,0x61,0x74,0x34,0x20,0x72,0x65,0x73,0x6f,0x6c,0x75,
    0x74,0x69,0x6f,0x6e,0x3b,0x0a,0x20,0x20,0x20,0x20,0x66,0x6c,0x6f,0x61,0x74,0x34,
    0x20,0x74,0x65,0x78,0x65,0x6c,0x3b,0x0a,0x20,0x20,0x20,0x20,0x66,0x6c,0x6f,0x61,
    0x74,0x34,0x20,0x6f,0x70,0x74,0x69,0x6f,0x6e,0x73,0x3b,0x0a,0x7d,0x3b,0x0a,0x0a,
    0x73,0x74,0x72,0x75,0x63,0x74,0x20,0x6d,0x61,0x69,0x6e,0x30,0x5f,0x6f,0x75,0x74,
    0x0a,0x7b,0x0a,0x20,0x20,0x20,0x20,0x66,0x6c,0x6f,0x61,0x74,0x34,0x20,0x66,0x72,
    0x61,0x67,0x5f,0x63,0x6f,0x6c,0x6f,0x72,0x20,0x5b,0x5b,0x63,0x6f,0x6c,0x6f,0x72,
    0x28,0x30,0x29,0x5d,0x5d,0x3b,0x0a,0x7d,0x3b,0x0a,0x0a,0x73,0x74,0x72,0x75,0x63,
    0x74,0x20,0x6d,0x61,0x69,0x6e,0x30,0x5f,0x69,0x6e,0x0a,0x7b,0x0a,0x20,0x20,0x20,
    0x20,0x66,0x6c,0x6f,0x61,0x74,0x32,0x20,0x75,0x76,0x20,0x5b,0x5b,0x75,0x73,0x65,
    0x72,0x28,0x6c,0x6f,0x63,0x6e,0x30,0x29,0x5d,0x5d,0x3b,0x0a,0x7d,0x3b,0x0a,0x0a,
    0x66,0x72,0x61,0x67,0x6d,0x65,0x6e,0x74,0x20,0x6d,0x61,0x69,0x6e,0x30,0x5f,0x6f,
    0x75,0x74,0x20,0x6d,0x61,0x69,0x6e,0x30,0x28,0x6d,0x61,0x69,0x6e,0x30,0x5f,0x69,
    0x6e,0x20,0x69,0x6e,0x20,0x5b,0x5b,0x73,0x74,0x61,0x67,0x65,0x5f,0x69,0x6e,0x5d,
    0x5d,0x2c,0x20,0x63,0x6f,0x6e,0x73,0x74,0x61,0x6e,0x74,0x20,0x66,0x6c,0x6f,0x77,
    0x5f,0x70,0x61,0x72,0x61,0x6d,0x73,0x26,0x20,0x5f,0x33,0x30,0x20,0x5b,0x5b,0x62,
    0x75,0x66,0x66,0x65,0x72,0x28,0x30,0x29,0x5d,0x5d,0x2c,0x20,0x74,0x65,0x78,0x74,
    0x75,0x72,0x65,0x32,0x64,0x3c,0x66,0x6c,0x6f,0x61,0x74,0x3e,0x20,0x66,0x6c,0x75,
    0x69,0x64,0x53,0x6f,0x75,0x72,0x63,0x65,0x54,0x65,0x78,0x20,0x5b,0x5b,0x74,0x65,
    0x78,0x74,0x75,0x72,0x65,0x28,0x30,0x29,0x5d,0x5d,0x2c,0x20,0x73,0x61,0x6d,0x70,
    0x6c,0x65,0x72,0x20,0x66,0x6c,0x75,0x69,0x64,0x53,0x6f,0x75,0x72,0x63,0x65,0x53,
    0x6d,0x70,0x20,0x5b,0x5b,0x73,0x61,0x6d,0x70,0x6c,0x65,0x72,0x28,0x31,0x29,0x5d,
    0x5d,0x29,0x0a,0x7b,0x0a,0x20,0x20,0x20,0x20,0x6d,0x61,0x69,0x6e,0x30,0x5f,0x6f,
    0x75,0x74,0x20,0x6f,0x75,0x74,0x20,0x3d,0x20,0x7b,0x7d,0x3b,0x0a,0x20,0x20,0x20,
    0x20,0x66,0x6c,0x6f,0x61,0x74,0x34,0x20,0x5f,0x32,0x34,0x20,0x3d,0x20,0x66,0x6c,
    0x75,0x69,0x64,0x53,0x6f,0x75,0x72,0x63,0x65,0x54,0x65,0x78,0x2e,0x73,0x61,0x6d,
    0x70,0x6c,0x65,0x28,0x66,0x6c,0x75,0x69,0x64,0x53,0x6f,0x75,0x72,0x63,0x65,0x53,
    0x6d,0x70,0x2c,0x20,0x69,0x6e,0x2e,0x75,0x76,0x29,0x3b,0x0a,0x20,0x20,0x20,0x20,
    0x66,0x6c,0x6f,0x61,0x74,0x20,0x5f,0x36,0x34,0x20,0x3d,0x20,0x66,0x61,0x73,0x74,
    0x3a,0x3a,0x6d,0x61,0x78,0x28,0x30,0x2e,0x30,0x2c,0x20,0x31,0x2e,0x30,0x20,0x2d,
    0x20,0x28,0x6c,0x65,0x6e,0x67,0x74,0x68,0x28,0x28,0x69,0x6e,0x2e,0x75,0x76,0x20,
    0x2a,0x20,0x5f,0x33,0x30,0x2e,0x72,0x65,0x73,0x6f,0x6c,0x75,0x74,0x69,0x6f,0x6e,
    0x2e,0x78,0x79,0x29,0x20,0x2d,0x20,0x5f,0x33,0x30,0x2e,0x74,0x65,0x78,0x65,0x6c,
    0x2e,0x7a,0x77,0x29,0x20,0x2f,0x20,0x66,0x61,0x73,0x74,0x3a,0x3a,0x6d,0x61,0x78,
    0x28,0x5f,0x33,0x30,0x2e,0x6f,0x70,0x74,0x69,0x6f,0x6e,0x73,0x2e,0x7a,0x2c,0x20,
    0x31,0x2e,0x30,0x29,0x29,0x29,0x3b,0x0a,0x20,0x20,0x20,0x20,0x66,0x6c,0x6f,0x61,
    0x74,0x34,0x20,0x76,0x61,0x6c,0x75,0x65,0x20,0x3d,0x20,0x5f,0x32,0x34,0x3b,0x0a,
    0x20,0x20,0x20,0x20,0x69,0x66,0x20,0x28,0x5f,0x33,0x30,0x2e,0x6f,0x70,0x74,0x69,
    0x6f,0x6e,0x73,0x2e,0x79,0x20,0x3c,0x20,0x30,0x2e,0x35,0x29,0x0a,0x20,0x20,0x20,
    0x20,0x7b,0x0a,0x20,0x20,0x20,0x20,0x20,0x20,0x20,0x20,0x76,0x61,0x6c,0x75,0x65,
    0x20,0x3d,0x20,0x5f,0x32,0x34,0x20,0x2b,0x20,0x28,0x28,0x5f,0x33,0x30,0x2e,0x63,
    0x6f,0x6c,0x6f,0x72,0x20,0x2a,0x20,0x5f,0x36,0x34,0x29,0x20,0x2a,0x20,0x5f,0x33,
    0x30,0x2e,0x6f,0x70,0x74,0x69,0x6f,0x6e,0x73,0x2e,0x78,0x29,0x3b,0x0a,0x20,0x20,
    0x20,0x20,0x7d,0x0a,0x20,0x20,0x20,0x20,0x65,0x6c,0x73,0x65,0x0a,0x20,0x20,0x20,
    0x20,0x7b,0x0a,0x20,0x20,0x20,0x20,0x20,0x20,0x20,0x20,0x69,0x66,0x20,0x28,0x5f,
    0x33,0x30,0x2e,0x6f,0x70,0x74,0x69,0x6f,0x6e,0x73,0x2e,0x79,0x20,0x3c,0x20,0x31,
    0x2e,0x35,0x29,0x0a,0x20,0x20,0x20,0x20,0x20,0x20,0x20,0x20,0x7b,0x0a,0x20,0x20,
    0x20,0x20,0x20,0x20,0x20,0x20,0x20,0x20,0x20,0x20,0x76,0x61,0x6c,0x75,0x65,0x20,
    0x3d,0x20,0x66,0x61,0x73,0x74,0x3a,0x3a,0x6d,0x61,0x78,0x28,0x5f,0x32,0x34,0x2c,
    0x20,0x28,0x5f,0x33,0x30,0x2e,0x63,0x6f,0x6c,0x6f,0x72,0x20,0x2a,0x20,0x73,0x71,
    0x72,0x74,0x28,0x73,0x71,0x72,0x74,0x28,0x5f,0x36,0x34,0x29,0x29,0x29,0x20,0x2a,
    0x20,0x5f,0x33,0x30,0x2e,0x6f,0x70,0x74,0x69,0x6f,0x6e,0x73,0x2e,0x78,0x29,0x3b,
    0x0a,0x20,0x20,0x20,0x20,0x20,0x20,0x20,0x20,0x7d,0x0a,0x20,0x20,0x20,0x20,0x20,
    0x20,0x20,0x20,0x65,0x6c,0x73,0x65,0x0a,0x20,0x20,0x20,0x20,0x20,0x20,0x20,0x20,
    0x7b,0x0a,0x20,0x20,0x20,0x20,0x20,0x20,0x20,0x20,0x20,0x20,0x20,0x20,0x66,0x6c,
    0x6f,0x61,0x74,0x32,0x20,0x5f,0x31,0x30,0x39,0x20,0x3d,0x20,0x5f,0x32,0x34,0x2e,
    0x78,0x79,0x3b,0x0a,0x20,0x20,0x20,0x20,0x20,0x20,0x20,0x20,0x20,0x20,0x20,0x20,
    0x66,0x6c,0x6f,0x61,0x74,0x32,0x20,0x5f,0x31,0x31,0x38,0x20,0x3d,0x20,0x28,0x5f,
    0x33,0x30,0x2e,0x63,0x6f,0x6c,0x6f,0x72,0x2e,0x78,0x79,0x20,0x2a,0x20,0x5f,0x36,
    0x34,0x29,0x20,0x2a,0x20,0x5f,0x33,0x30,0x2e,0x6f,0x70,0x74,0x69,0x6f,0x6e,0x73,
    0x2e,0x78,0x3b,0x0a,0x20,0x20,0x20,0x20,0x20,0x20,0x20,0x20,0x20,0x20,0x20,0x20,
    0x66,0x6c,0x6f,0x61,0x74,0x32,0x20,0x5f,0x31,0x32,0x35,0x3b,0x0a,0x20,0x20,0x20,
    0x20,0x20,0x20,0x20,0x20,0x20,0x20,0x20,0x20,0x69,0x66,0x20,0x28,0x6c,0x65,0x6e,
    0x67,0x74,0x68,0x28,0x5f,0x31,0x30,0x39,0x29,0x20,0x3e,0x20,0x6c,0x65,0x6e,0x67,
    0x74,0x68,0x28,0x5f,0x31,0x31,0x38,0x29,0x29,0x0a,0x20,0x20,0x20,0x20,0x20,0x20,
    0x20,0x20,0x20,0x20,0x20,0x20,0x7b,0x0a,0x20,0x20,0x20,0x20,0x20,0x20,0x20,0x20,
    0x20,0x20,0x20,0x20,0x20,0x20,0x20,0x20,0x5f,0x31,0x32,0x35,0x20,0x3d,0x20,0x5f,
    0x31,0x30,0x39,0x3b,0x0a,0x20,0x20,0x20,0x20,0x20,0x20,0x20,0x20,0x20,0x20,0x20,
    0x20,0x7d,0x0a,0x20,0x20,0x20,0x20,0x20,0x20,0x20,0x20,0x20,0x20,0x20,0x20,0x65,
    0x6c,0x73,0x65,0x0a,0x20,0x20,0x20,0x20,0x20,0x20,0x20,0x20,0x20,0x20,0x20,0x20,
    0x7b,0x0a,0x20,0x20,0x20,0x20,0x20,0x20,0x20,0x20,0x20,0x20,0x20,0x20,0x20,0x20,
    0x20,0x20,0x5f,0x31,0x32,0x35,0x20,0x3d,0x20,0x6d,0x69,0x78,0x28,0x5f,0x31,0x30,
    0x39,0x2c,0x20,0x5f,0x31,0x31,0x38,0x2c,0x20,0x66,0x6c,0x6f,0x61,0x74,0x32,0x28,
    0x66,0x61,0x73,0x74,0x3a,0x3a,0x63,0x6c,0x61,0x6d,0x70,0x28,0x5f,0x33,0x30,0x2e,
    0x63,0x6f,0x6c,0x6f,0x72,0x2e,0x7a,0x2c,0x20,0x30,0x2e,0x30,0x2c,0x20,0x31,0x2e,
    0x30,0x29,0x29,0x29,0x3b,0x0a,0x20,0x20,0x20,0x20,0x20,0x20,0x20,0x20,0x20,0x20,
    0x20,0x20,0x7d,0x0a,0x20,0x20,0x20,0x20,0x20,0x20,0x20,0x20,0x20,0x20,0x20,0x20,
    0x76,0x61,0x6c,0x75,0x65,0x20,0x3d,0x20,0x66,0x6c,0x6f,0x61,0x74,0x34,0x28,0x5f,
    0x31,0x32,0x35,0x2c,0x20,0x30,0x2e,0x30,0x2c,0x20,0x31,0x2e,0x30,0x29,0x3b,0x0a,
    0x20,0x20,0x20,0x20,0x20,0x20,0x20,0x20,0x7d,0x0a,0x20,0x20,0x20,0x20,0x7d,0x0a,
    0x20,0x20,0x20,0x20,0x66,0x6c,0x6f,0x61,0x74,0x34,0x20,0x5f,0x31,0x34,0x38,0x3b,
    0x0a,0x20,0x20,0x20,0x20,0x69,0x66,0x20,0x28,0x5f,0x33,0x30,0x2e,0x6f,0x70,0x74,
    0x69,0x6f,0x6e,0x73,0x2e,0x77,0x20,0x3e,0x20,0x30,0x2e,0x35,0x29,0x0a,0x20,0x20,
    0x20,0x20,0x7b,0x0a,0x20,0x20,0x20,0x20,0x20,0x20,0x20,0x20,0x5f,0x31,0x34,0x38,
    0x20,0x3d,0x20,0x66,0x61,0x73,0x74,0x3a,0x3a,0x63,0x6c,0x61,0x6d,0x70,0x28,0x76,
    0x61,0x6c,0x75,0x65,0x2c,0x20,0x66,0x6c,0x6f,0x61,0x74,0x34,0x28,0x30,0x2e,0x30,
    0x29,0x2c,0x20,0x66,0x6c,0x6f,0x61,0x74,0x34,0x28,0x31,0x2e,0x30,0x29,0x29,0x3b,
    0x0a,0x20,0x20,0x20,0x20,0x7d,0x0a,0x20,0x20,0x20,0x20,0x65,0x6c,0x73,0x65,0x0a,
    0x20,0x20,0x20,0x20,0x7b,0x0a,0x20,0x20,0x20,0x20,0x20,0x20,0x20,0x20,0x5f,0x31,
    0x34,0x38,0x20,0x3d,0x20,0x76,0x61,0x6c,0x75,0x65,0x3b,0x0a,0x20,0x20,0x20,0x20,
    0x7d,0x0a,0x20,0x20,0x20,0x20,0x6f,0x75,0x74,0x2e,0x66,0x72,0x61,0x67,0x5f,0x63,
    0x6f,0x6c,0x6f,0x72,0x20,0x3d,0x20,0x5f,0x31,0x34,0x38,0x3b,0x0a,0x20,0x20,0x20,
    0x20,0x72,0x65,0x74,0x75,0x72,0x6e,0x20,0x6f,0x75,0x74,0x3b,0x0a,0x7d,0x0a,0x0a,
    0x00,
};
/*
    #include <metal_stdlib>
    #include <simd/simd.h>

    using namespace metal;

    struct flow_params
    {
        float4 color;
        float4 resolution;
        float4 texel;
        float4 options;
    };

    struct main0_out
    {
        float4 frag_color [[color(0)]];
    };

    struct main0_in
    {
        float2 uv [[user(locn0)]];
    };

    fragment main0_out main0(main0_in in [[stage_in]], constant flow_params& _13 [[buffer(0)]], texture2d<float> diffuseSourceTex [[texture(0)]], sampler diffuseSourceSmp [[sampler(0)]])
    {
        main0_out out = {};
        float4 _35 = diffuseSourceTex.sample(diffuseSourceSmp, in.uv);
        float2 _47 = float2(_13.texel.x, 0.0);
        float4 _49 = diffuseSourceTex.sample(diffuseSourceSmp, (in.uv - _47));
        float4 _59 = diffuseSourceTex.sample(diffuseSourceSmp, (in.uv + _47));
        float2 _68 = float2(0.0, _13.texel.y);
        float4 _70 = diffuseSourceTex.sample(diffuseSourceSmp, (in.uv - _68));
        float4 _80 = diffuseSourceTex.sample(diffuseSourceSmp, (in.uv + _68));
        float4 _101 = mix(_35, (((_49 + _59) + _70) + _80) * 0.25, float4(fast::clamp(_13.options.x, 0.0, 1.0)));
        float4 _110;
        if (_13.options.w > 0.5)
        {
            _110 = fast::clamp(_101, float4(0.0), float4(1.0));
        }
        else
        {
            _110 = _101;
        }
        out.frag_color = _110;
        return out;
    }

*/
static const uint8_t fs_diffuse_source_metal_macos[1267] = {
    0x23,0x69,0x6e,0x63,0x6c,0x75,0x64,0x65,0x20,0x3c,0x6d,0x65,0x74,0x61,0x6c,0x5f,
    0x73,0x74,0x64,0x6c,0x69,0x62,0x3e,0x0a,0x23,0x69,0x6e,0x63,0x6c,0x75,0x64,0x65,
    0x20,0x3c,0x73,0x69,0x6d,0x64,0x2f,0x73,0x69,0x6d,0x64,0x2e,0x68,0x3e,0x0a,0x0a,
    0x75,0x73,0x69,0x6e,0x67,0x20,0x6e,0x61,0x6d,0x65,0x73,0x70,0x61,0x63,0x65,0x20,
    0x6d,0x65,0x74,0x61,0x6c,0x3b,0x0a,0x0a,0x73,0x74,0x72,0x75,0x63,0x74,0x20,0x66,
    0x6c,0x6f,0x77,0x5f,0x70,0x61,0x72,0x61,0x6d,0x73,0x0a,0x7b,0x0a,0x20,0x20,0x20,
    0x20,0x66,0x6c,0x6f,0x61,0x74,0x34,0x20,0x63,0x6f,0x6c,0x6f,0x72,0x3b,0x0a,0x20,
    0x20,0x20,0x20,0x66,0x6c,0x6f,0x61,0x74,0x34,0x20,0x72,0x65,0x73,0x6f,0x6c,0x75,
    0x74,0x69,0x6f,0x6e,0x3b,0x0a,0x20,0x20,0x20,0x20,0x66,0x6c,0x6f,0x61,0x74,0x34,
    0x20,0x74,0x65,0x78,0x65,0x6c,0x3b,0x0a,0x20,0x20,0x20,0x20,0x66,0x6c,0x6f,0x61,
    0x74,0x34,0x20,0x6f,0x70,0x74,0x69,0x6f,0x6e,0x73,0x3b,0x0a,0x7d,0x3b,0x0a,0x0a,
    0x73,0x74,0x72,0x75,0x63,0x74,0x20,0x6d,0x61,0x69,0x6e,0x30,0x5f,0x6f,0x75,0x74,
    0x0a,0x7b,0x0a,0x20,0x20,0x20,0x20,0x66,0x6c,0x6f,0x61,0x74,0x34,0x20,0x66,0x72,
    0x61,0x67,0x5f,0x63,0x6f,0x6c,0x6f,0x72,0x20,0x5b,0x5b,0x63,0x6f,0x6c,0x6f,0x72,
    0x28,0x30,0x29,0x5d,0x5d,0x3b,0x0a,0x7d,0x3b,0x0a,0x0a,0x73,0x74,0x72,0x75,0x63,
    0x74,0x20,0x6d,0x61,0x69,0x6e,0x30,0x5f,0x69,0x6e,0x0a,0x7b,0x0a,0x20,0x20,0x20,
    0x20,0x66,0x6c,0x6f,0x61,0x74,0x32,0x20,0x75,0x76,0x20,0x5b,0x5b,0x75,0x73,0x65,
    0x72,0x28,0x6c,0x6f,0x63,0x6e,0x30,0x29,0x5d,0x5d,0x3b,0x0a,0x7d,0x3b,0x0a,0x0a,
    0x66,0x72,0x61,0x67,0x6d,0x65,0x6e,0x74,0x20,0x6d,0x61,0x69,0x6e,0x30,0x5f,0x6f,
    0x75,0x74,0x20,0x6d,0x61,0x69,0x6e,0x30,0x28,0x6d,0x61,0x69,0x6e,0x30,0x5f,0x69,
    0x6e,0x20,0x69,0x6e,0x20,0x5b,0x5b,0x73,0x74,0x61,0x67,0x65,0x5f,0x69,0x6e,0x5d,
    0x5d,0x2c,0x20,0x63,0x6f,0x6e,0x73,0x74,0x61,0x6e,0x74,0x20,0x66,0x6c,0x6f,0x77,
    0x5f,0x70,0x61,0x72,0x61,0x6d,0x73,0x26,0x20,0x5f,0x31,0x33,0x20,0x5b,0x5b,0x62,
    0x75,0x66,0x66,0x65,0x72,0x28,0x30,0x29,0x5d,0x5d,0x2c,0x20,0x74,0x65,0x78,0x74,
    0x75,0x72,0x65,0x32,0x64,0x3c,0x66,0x6c,0x6f,0x61,0x74,0x3e,0x20,0x64,0x69,0x66,
    0x66,0x75,0x73,0x65,0x53,0x6f,0x75,0x72,0x63,0x65,0x54,0x65,0x78,0x20,0x5b,0x5b,
    0x74,0x65,0x78,0x74,0x75,0x72,0x65,0x28,0x30,0x29,0x5d,0x5d,0x2c,0x20,0x73,0x61,
    0x6d,0x70,0x6c,0x65,0x72,0x20,0x64,0x69,0x66,0x66,0x75,0x73,0x65,0x53,0x6f,0x75,
    0x72,0x63,0x65,0x53,0x6d,0x70,0x20,0x5b,0x5b,0x73,0x61,0x6d,0x70,0x6c,0x65,0x72,
    0x28,0x30,0x29,0x5d,0x5d,0x29,0x0a,0x7b,0x0a,0x20,0x20,0x20,0x20,0x6d,0x61,0x69,
    0x6e,0x30,0x5f,0x6f,0x75,0x74,0x20,0x6f,0x75,0x74,0x20,0x3d,0x20,0x7b,0x7d,0x3b,
    0x0a,0x20,0x20,0x20,0x20,0x66,0x6c,0x6f,0x61,0x74,0x34,0x20,0x5f,0x33,0x35,0x20,
    0x3d,0x20,0x64,0x69,0x66,0x66,0x75,0x73,0x65,0x53,0x6f,0x75,0x72,0x63,0x65,0x54,
    0x65,0x78,0x2e,0x73,0x61,0x6d,0x70,0x6c,0x65,0x28,0x64,0x69,0x66,0x66,0x75,0x73,
    0x65,0x53,0x6f,0x75,0x72,0x63,0x65,0x53,0x6d,0x70,0x2c,0x20,0x69,0x6e,0x2e,0x75,
    0x76,0x29,0x3b,0x0a,0x20,0x20,0x20,0x20,0x66,0x6c,0x6f,0x61,0x74,0x32,0x20,0x5f,
    0x34,0x37,0x20,0x3d,0x20,0x66,0x6c,0x6f,0x61,0x74,0x32,0x28,0x5f,0x31,0x33,0x2e,
    0x74,0x65,0x78,0x65,0x6c,0x2e,0x78,0x2c,0x20,0x30,0x2e,0x30,0x29,0x3b,0x0a,0x20,
    0x20,0x20,0x20,0x66,0x6c,0x6f,0x61,0x74,0x34,0x20,0x5f,0x34,0x39,0x20,0x3d,0x20,
    0x64,0x69,0x66,0x66,0x75,0x73,0x65,0x53,0x6f,0x75,0x72,0x63,0x65,0x54,0x65,0x78,
    0x2e,0x73,0x61,0x6d,0x70,0x6c,0x65,0x28,0x64,0x69,0x66,0x66,0x75,0x73,0x65,0x53,
    0x6f,0x75,0x72,0x63,0x65,0x53,0x6d,0x70,0x2c,0x20,0x28,0x69,0x6e,0x2e,0x75,0x76,
    0x20,0x2d,0x20,0x5f,0x34,0x37,0x29,0x29,0x3b,0x0a,0x20,0x20,0x20,0x20,0x66,0x6c,
    0x6f,0x61,0x74,0x34,0x20,0x5f,0x35,0x39,0x20,0x3d,0x20,0x64,0x69,0x66,0x66,0x75,
    0x73,0x65,0x53,0x6f,0x75,0x72,0x63,0x65,0x54,0x65,0x78,0x2e,0x73,0x61,0x6d,0x70,
    0x6c,0x65,0x28,0x64,0x69,0x66,0x66,0x75,0x73,0x65,0x53,0x6f,0x75,0x72,0x63,0x65,
    0x53,0x6d,0x70,0x2c,0x20,0x28,0x69,0x6e,0x2e,0x75,0x76,0x20,0x2b,0x20,0x5f,0x34,
    0x37,0x29,0x29,0x3b,0x0a,0x20,0x20,0x20,0x20,0x66,0x6c,0x6f,0x61,0x74,0x32,0x20,
    0x5f,0x36,0x38,0x20,0x3d,0x20,0x66,0x6c,0x6f,0x61,0x74,0x32,0x28,0x30,0x2e,0x30,
    0x2c,0x20,0x5f,0x31,0x33,0x2e,0x74,0x65,0x78,0x65,0x6c,0x2e,0x79,0x29,0x3b,0x0a,
    0x20,0x20,0x20,0x20,0x66,0x6c,0x6f,0x61,0x74,0x34,0x20,0x5f,0x37,0x30,0x20,0x3d,
    0x20,0x64,0x69,0x66,0x66,0x75,0x73,0x65,0x53,0x6f,0x75,0x72,0x63,0x65,0x54,0x65,
    0x78,0x2e,0x73,0x61,0x6d,0x70,0x6c,0x65,0x28,0x64,0x69,0x66,0x66,0x75,0x73,0x65,
    0x53,0x6f,0x75,0x72,0x63,0x65,0x53,0x6d,0x70,0x2c,0x20,0x28,0x69,0x6e,0x2e,0x75,
    0x76,0x20,0x2d,0x20,0x5f,0x36,0x38,0x29,0x29,0x3b,0x0a,0x20,0x20,0x20,0x20,0x66,
    0x6c,0x6f,0x61,0x74,0x34,0x20,0x5f,0x38,0x30,0x20,0x3d,0x20,0x64,0x69,0x66,0x66,
    0x75,0x73,0x65,0x53,0x6f,0x75,0x72,0x63,0x65,0x54,0x65,0x78,0x2e,0x73,0x61,0x6d,
    0x70,0x6c,0x65,0x28,0x64,0x69,0x66,0x66,0x75,0x73,0x65,0x53,0x6f,0x75,0x72,0x63,
    0x65,0x53,0x6d,0x70,0x2c,0x20,0x28,0x69,0x6e,0x2e,0x75,0x76,0x20,0x2b,0x20,0x5f,
    0x36,0x38,0x29,0x29,0x3b,0x0a,0x20,0x20,0x20,0x20,0x66,0x6c,0x6f,0x61,0x74,0x34,
    0x20,0x5f,0x31,0x30,0x31,0x20,0x3d,0x20,0x6d,0x69,0x78,0x28,0x5f,0x33,0x35,0x2c,
    0x20,0x28,0x28,0x28,0x5f,0x34,0x39,0x20,0x2b,0x20,0x5f,0x35,0x39,0x29,0x20,0x2b,
    0x20,0x5f,0x37,0x30,0x29,0x20,0x2b,0x20,0x5f,0x38,0x30,0x29,0x20,0x2a,0x20,0x30,
    0x2e,0x32,0x35,0x2c,0x20,0x66,0x6c,0x6f,0x61,0x74,0x34,0x28,0x66,0x61,0x73,0x74,
    0x3a,0x3a,0x63,0x6c,0x61,0x6d,0x70,0x28,0x5f,0x31,0x33,0x2e,0x6f,0x70,0x74,0x69,
    0x6f,0x6e,0x73,0x2e,0x78,0x2c,0x20,0x30,0x2e,0x30,0x2c,0x20,0x31,0x2e,0x30,0x29,
    0x29,0x29,0x3b,0x0a,0x20,0x20,0x20,0x20,0x66,0x6c,0x6f,0x61,0x74,0x34,0x20,0x5f,
    0x31,0x31,0x30,0x3b,0x0a,0x20,0x20,0x20,0x20,0x69,0x66,0x20,0x28,0x5f,0x31,0x33,
    0x2e,0x6f,0x70,0x74,0x69,0x6f,0x6e,0x73,0x2e,0x77,0x20,0x3e,0x20,0x30,0x2e,0x35,
    0x29,0x0a,0x20,0x20,0x20,0x20,0x7b,0x0a,0x20,0x20,0x20,0x20,0x20,0x20,0x20,0x20,
    0x5f,0x31,0x31,0x30,0x20,0x3d,0x20,0x66,0x61,0x73,0x74,0x3a,0x3a,0x63,0x6c,0x61,
    0x6d,0x70,0x28,0x5f,0x31,0x30,0x31,0x2c,0x20,0x66,0x6c,0x6f,0x61,0x74,0x34,0x28,
    0x30,0x2e,0x30,0x29,0x2c,0x20,0x66,0x6c,0x6f,0x61,0x74,0x34,0x28,0x31,0x2e,0x30,
    0x29,0x29,0x3b,0x0a,0x20,0x20,0x20,0x20,0x7d,0x0a,0x20,0x20,0x20,0x20,0x65,0x6c,
    0x73,0x65,0x0a,0x20,0x20,0x20,0x20,0x7b,0x0a,0x20,0x20,0x20,0x20,0x20,0x20,0x20,
    0x20,0x5f,0x31,0x31,0x30,0x20,0x3d,0x20,0x5f,0x31,0x30,0x31,0x3b,0x0a,0x20,0x20,
    0x20,0x20,0x7d,0x0a,0x20,0x20,0x20,0x20,0x6f,0x75,0x74,0x2e,0x66,0x72,0x61,0x67,
    0x5f,0x63,0x6f,0x6c,0x6f,0x72,0x20,0x3d,0x20,0x5f,0x31,0x31,0x30,0x3b,0x0a,0x20,
    0x20,0x20,0x20,0x72,0x65,0x74,0x75,0x72,0x6e,0x20,0x6f,0x75,0x74,0x3b,0x0a,0x7d,
    0x0a,0x0a,0x00,
};
/*
    #include <metal_stdlib>
    #include <simd/simd.h>

    using namespace metal;

    struct flow_params
    {
        float4 color;
        float4 resolution;
        float4 texel;
        float4 options;
    };

    struct main0_out
    {
        float4 frag_color [[color(0)]];
    };

    struct main0_in
    {
        float2 uv [[user(locn0)]];
    };

    fragment main0_out main0(main0_in in [[stage_in]], constant flow_params& _37 [[buffer(0)]], texture2d<float> velocityTex [[texture(0)]], texture2d<float> externalVelocityTex [[texture(1)]], sampler velocitySmp [[sampler(0)]], sampler externalVelocitySmp [[sampler(1)]])
    {
        main0_out out = {};
        float2 velocity = velocityTex.sample(velocitySmp, in.uv).xy;
        float4 _33 = externalVelocityTex.sample(externalVelocitySmp, in.uv);
        float2 _34 = _33.xy;
        if (_37.options.y > 0.5)
        {
            velocity = mix(velocity, _34, float2(step(9.9999999747524270787835121154785e-07, dot(_34, _34)) * fast::clamp(_37.options.x, 0.0, 1.0)));
        }
        else
        {
            velocity += (_34 * _37.options.x);
        }
        out.frag_color = float4(velocity, 0.0, 1.0);
        return out;
    }

*/
static const uint8_t fs_add_velocity_source_metal_macos[1067] = {
    0x23,0x69,0x6e,0x63,0x6c,0x75,0x64,0x65,0x20,0x3c,0x6d,0x65,0x74,0x61,0x6c,0x5f,
    0x73,0x74,0x64,0x6c,0x69,0x62,0x3e,0x0a,0x23,0x69,0x6e,0x63,0x6c,0x75,0x64,0x65,
    0x20,0x3c,0x73,0x69,0x6d,0x64,0x2f,0x73,0x69,0x6d,0x64,0x2e,0x68,0x3e,0x0a,0x0a,
    0x75,0x73,0x69,0x6e,0x67,0x20,0x6e,0x61,0x6d,0x65,0x73,0x70,0x61,0x63,0x65,0x20,
    0x6d,0x65,0x74,0x61,0x6c,0x3b,0x0a,0x0a,0x73,0x74,0x72,0x75,0x63,0x74,0x20,0x66,
    0x6c,0x6f,0x77,0x5f,0x70,0x61,0x72,0x61,0x6d,0x73,0x0a,0x7b,0x0a,0x20,0x20,0x20,
    0x20,0x66,0x6c,0x6f,0x61,0x74,0x34,0x20,0x63,0x6f,0x6c,0x6f,0x72,0x3b,0x0a,0x20,
    0x20,0x20,0x20,0x66,0x6c,0x6f,0x61,0x74,0x34,0x20,0x72,0x65,0x73,0x6f,0x6c,0x75,
    0x74,0x69,0x6f,0x6e,0x3b,0x0a,0x20,0x20,0x20,0x20,0x66,0x6c,0x6f,0x61,0x74,0x34,
    0x20,0x74,0x65,0x78,0x65,0x6c,0x3b,0x0a,0x20,0x20,0x20,0x20,0x66,0x6c,0x6f,0x61,
    0x74,0x34,0x20,0x6f,0x70,0x74,0x69,0x6f,0x6e,0x73,0x3b,0x0a,0x7d,0x3b,0x0a,0x0a,
    0x73,0x74,0x72,0x75,0x63,0x74,0x20,0x6d,0x61,0x69,0x6e,0x30,0x5f,0x6f,0x75,0x74,
    0x0a,0x7b,0x0a,0x20,0x20,0x20,0x20,0x66,0x6c,0x6f,0x61,0x74,0x34,0x20,0x66,0x72,
    0x61,0x67,0x5f,0x63,0x6f,0x6c,0x6f,0x72,0x20,0x5b,0x5b,0x63,0x6f,0x6c,0x6f,0x72,
    0x28,0x30,0x29,0x5d,0x5d,0x3b,0x0a,0x7d,0x3b,0x0a,0x0a,0x73,0x74,0x72,0x75,0x63,
    0x74,0x20,0x6d,0x61,0x69,0x6e,0x30,0x5f,0x69,0x6e,0x0a,0x7b,0x0a,0x20,0x20,0x20,
    0x20,0x66,0x6c,0x6f,0x61,0x74,0x32,0x20,0x75,0x76,0x20,0x5b,0x5b,0x75,0x73,0x65,
    0x72,0x28,0x6c,0x6f,0x63,0x6e,0x30,0x29,0x5d,0x5d,0x3b,0x0a,0x7d,0x3b,0x0a,0x0a,
    0x66,0x72,0x61,0x67,0x6d,0x65,0x6e,0x74,0x20,0x6d,0x61,0x69,0x6e,0x30,0x5f,0x6f,
    0x75,0x74,0x20,0x6d,0x61,0x69,0x6e,0x30,0x28,0x6d,0x61,0x69,0x6e,0x30,0x5f,0x69,
    0x6e,0x20,0x69,0x6e,0x20,0x5b,0x5b,0x73,0x74,0x61,0x67,0x65,0x5f,0x69,0x6e,0x5d,
    0x5d,0x2c,0x20,0x63,0x6f,0x6e,0x73,0x74,0x61,0x6e,0x74,0x20,0x66,0x6c,0x6f,0x77,
    0x5f,0x70,0x61,0x72,0x61,0x6d,0x73,0x26,0x20,0x5f,0x33,0x37,0x20,0x5b,0x5b,0x62,
    0x75,0x66,0x66,0x65,0x72,0x28,0x30,0x29,0x5d,0x5d,0x2c,0x20,0x74,0x65,0x78,0x74,
    0x75,0x72,0x65,0x32,0x64,0x3c,0x66,0x6c,0x6f,0x61,0x74,0x3e,0x20,0x76,0x65,0x6c,
    0x6f,0x63,0x69,0x74,0x79,0x54,0x65,0x78,0x20,0x5b,0x5b,0x74,0x65,0x78,0x74,0x75,
    0x72,0x65,0x28,0x30,0x29,0x5d,0x5d,0x2c,0x20,0x74,0x65,0x78,0x74,0x75,0x72,0x65,
    0x32,0x64,0x3c,0x66,0x6c,0x6f,0x61,0x74,0x3e,0x20,0x65,0x78,0x74,0x65,0x72,0x6e,
    0x61,0x6c,0x56,0x65,0x6c,0x6f,0x63,0x69,0x74,0x79,0x54,0x65,0x78,0x20,0x5b,0x5b,
    0x74,0x65,0x78,0x74,0x75,0x72,0x65,0x28,0x31,0x29,0x5d,0x5d,0x2c,0x20,0x73,0x61,
    0x6d,0x70,0x6c,0x65,0x72,0x20,0x76,0x65,0x6c,0x6f,0x63,0x69,0x74,0x79,0x53,0x6d,
    0x70,0x20,0x5b,0x5b,0x73,0x61,0x6d,0x70,0x6c,0x65,0x72,0x28,0x30,0x29,0x5d,0x5d,
    0x2c,0x20,0x73,0x61,0x6d,0x70,0x6c,0x65,0x72,0x20,0x65,0x78,0x74,0x65,0x72,0x6e,
    0x61,0x6c,0x56,0x65,0x6c,0x6f,0x63,0x69,0x74,0x79,0x53,0x6d,0x70,0x20,0x5b,0x5b,
    0x73,0x61,0x6d,0x70,0x6c,0x65,0x72,0x28,0x31,0x29,0x5d,0x5d,0x29,0x0a,0x7b,0x0a,
    0x20,0x20,0x20,0x20,0x6d,0x61,0x69,0x6e,0x30,0x5f,0x6f,0x75,0x74,0x20,0x6f,0x75,
    0x74,0x20,0x3d,0x20,0x7b,0x7d,0x3b,0x0a,0x20,0x20,0x20,0x20,0x66,0x6c,0x6f,0x61,
    0x74,0x32,0x20,0x76,0x65,0x6c,0x6f,0x63,0x69,0x74,0x79,0x20,0x3d,0x20,0x76,0x65,
    0x6c,0x6f,0x63,0x69,0x74,0x79,0x54,0x65,0x78,0x2e,0x73,0x61,0x6d,0x70,0x6c,0x65,
    0x28,0x76,0x65,0x6c,0x6f,0x63,0x69,0x74,0x79,0x53,0x6d,0x70,0x2c,0x20,0x69,0x6e,
    0x2e,0x75,0x76,0x29,0x2e,0x78,0x79,0x3b,0x0a,0x20,0x20,0x20,0x20,0x66,0x6c,0x6f,
    0x61,0x74,0x34,0x20,0x5f,0x33,0x33,0x20,0x3d,0x20,0x65,0x78,0x74,0x65,0x72,0x6e,
    0x61,0x6c,0x56,0x65,0x6c,0x6f,0x63,0x69,0x74,0x79,0x54,0x65,0x78,0x2e,0x73,0x61,
    0x6d,0x70,0x6c,0x65,0x28,0x65,0x78,0x74,0x65,0x72,0x6e,0x61,0x6c,0x56,0x65,0x6c,
    0x6f,0x63,0x69,0x74,0x79,0x53,0x6d,0x70,0x2c,0x20,0x69,0x6e,0x2e,0x75,0x76,0x29,
    0x3b,0x0a,0x20,0x20,0x20,0x20,0x66,0x6c,0x6f,0x61,0x74,0x32,0x20,0x5f,0x33,0x34,
    0x20,0x3d,0x20,0x5f,0x33,0x33,0x2e,0x78,0x79,0x3b,0x0a,0x20,0x20,0x20,0x20,0x69,
    0x66,0x20,0x28,0x5f,0x33,0x37,0x2e,0x6f,0x70,0x74,0x69,0x6f,0x6e,0x73,0x2e,0x79,
    0x20,0x3e,0x20,0x30,0x2e,0x35,0x29,0x0a,0x20,0x20,0x20,0x20,0x7b,0x0a,0x20,0x20,
    0x20,0x20,0x20,0x20,0x20,0x20,0x76,0x65,0x6c,0x6f,0x63,0x69,0x74,0x79,0x20,0x3d,
    0x20,0x6d,0x69,0x78,0x28,0x76,0x65,0x6c,0x6f,0x63,0x69,0x74,0x79,0x2c,0x20,0x5f,
    0x33,0x34,0x2c,0x20,0x66,0x6c,0x6f,0x61,0x74,0x32,0x28,0x73,0x74,0x65,0x70,0x28,
    0x39,0x2e,0x39,0x39,0x39,0x39,0x39,0x39,0x39,0x37,0x34,0x37,0x35,0x32,0x34,0x32,
    0x37,0x30,0x37,0x38,0x37,0x38,0x33,0x35,0x31,0x32,0x31,0x31,0x35,0x34,0x37,0x38,
    0x35,0x65,0x2d,0x30,0x37,0x2c,0x20,0x64,0x6f,0x74,0x28,0x5f,0x33,0x34,0x2c,0x20,
    0x5f,0x33,0x34,0x29,0x29,0x20,0x2a,0x20,0x66,0x61,0x73,0x74,0x3a,0x3a,0x63,0x6c,
    0x61,0x6d,0x70,0x28,0x5f,0x33,0x37,0x2e,0x6f,0x70,0x74,0x69,0x6f,0x6e,0x73,0x2e,
    0x78,0x2c,0x20,0x30,0x2e,0x30,0x2c,0x20,0x31,0x2e,0x30,0x29,0x29,0x29,0x3b,0x0a,
    0x20,0x20,0x20,0x20,0x7d,0x0a,0x20,0x20,0x20,0x20,0x65,0x6c,0x73,0x65,0x0a,0x20,
    0x20,0x20,0x20,0x7b,0x0a,0x20,0x20,0x20,0x20,0x20,0x20,0x20,0x20,0x76,0x65,0x6c,
    0x6f,0x63,0x69,0x74,0x79,0x20,0x2b,0x3d,0x20,0x28,0x5f,0x33,0x34,0x20,0x2a,0x20,
    0x5f,0x33,0x37,0x2e,0x6f,0x70,0x74,0x69,0x6f,0x6e,0x73,0x2e,0x78,0x29,0x3b,0x0a,
    0x20,0x20,0x20,0x20,0x7d,0x0a,0x20,0x20,0x20,0x20,0x6f,0x75,0x74,0x2e,0x66,0x72,
    0x61,0x67,0x5f,0x63,0x6f,0x6c,0x6f,0x72,0x20,0x3d,0x20,0x66,0x6c,0x6f,0x61,0x74,
    0x34,0x28,0x76,0x65,0x6c,0x6f,0x63,0x69,0x74,0x79,0x2c,0x20,0x30,0x2e,0x30,0x2c,
    0x20,0x31,0x2e,0x30,0x29,0x3b,0x0a,0x20,0x20,0x20,0x20,0x72,0x65,0x74,0x75,0x72,
    0x6e,0x20,0x6f,0x75,0x74,0x3b,0x0a,0x7d,0x0a,0x0a,0x00,
};
/*
    #include <metal_stdlib>
    #include <simd/simd.h>

    using namespace metal;

    struct flow_params
    {
        float4 color;
        float4 resolution;
        float4 texel;
        float4 options;
    };

    struct main0_out
    {
        float4 frag_color [[color(0)]];
    };

    struct main0_in
    {
        float2 uv [[user(locn0)]];
    };

    fragment main0_out main0(main0_in in [[stage_in]], constant flow_params& _37 [[buffer(0)]], texture2d<float> densityAddBaseTex [[texture(0)]], texture2d<float> externalDensityTex [[texture(1)]], sampler densityAddBaseSmp [[sampler(0)]], sampler externalDensitySmp [[sampler(1)]])
    {
        main0_out out = {};
        float4 _24 = densityAddBaseTex.sample(densityAddBaseSmp, in.uv);
        float4 _32 = externalDensityTex.sample(externalDensitySmp, in.uv);
        bool _47 = _37.options.w > 0.5;
        float _48;
        if (_47)
        {
            _48 = length(_32.xy);
        }
        else
        {
            _48 = _32.w;
        }
        float _66 = smoothstep(_37.options.y, _37.options.z, _48);
        float3 _73;
        if (_47)
        {
            _73 = _37.color.xyz;
        }
        else
        {
            _73 = _32.xyz * _37.color.xyz;
        }
        float4 _95 = float4(_73, _48);
        if (_47)
        {
            out.frag_color = fast::clamp(_24 + (_95 * (_37.options.x * _66)), float4(0.0), float4(1.0));
        }
        else
        {
            out.frag_color = fast::max(_24, fast::clamp(_95 * (_37.options.x * _66), float4(0.0), float4(1.0)));
        }
        return out;
    }

*/
static const uint8_t fs_add_density_texture_source_metal_macos[1386] = {
    0x23,0x69,0x6e,0x63,0x6c,0x75,0x64,0x65,0x20,0x3c,0x6d,0x65,0x74,0x61,0x6c,0x5f,
    0x73,0x74,0x64,0x6c,0x69,0x62,0x3e,0x0a,0x23,0x69,0x6e,0x63,0x6c,0x75,0x64,0x65,
    0x20,0x3c,0x73,0x69,0x6d,0x64,0x2f,0x73,0x69,0x6d,0x64,0x2e,0x68,0x3e,0x0a,0x0a,
    0x75,0x73,0x69,0x6e,0x67,0x20,0x6e,0x61,0x6d,0x65,0x73,0x70,0x61,0x63,0x65,0x20,
    0x6d,0x65,0x74,0x61,0x6c,0x3b,0x0a,0x0a,0x73,0x74,0x72,0x75,0x63,0x74,0x20,0x66,
    0x6c,0x6f,0x77,0x5f,0x70,0x61,0x72,0x61,0x6d,0x73,0x0a,0x7b,0x0a,0x20,0x20,0x20,
    0x20,0x66,0x6c,0x6f,0x61,0x74,0x34,0x20,0x63,0x6f,0x6c,0x6f,0x72,0x3b,0x0a,0x20,
    0x20,0x20,0x20,0x66,0x6c,0x6f,0x61,0x74,0x34,0x20,0x72,0x65,0x73,0x6f,0x6c,0x75,
    0x74,0x69,0x6f,0x6e,0x3b,0x0a,0x20,0x20,0x20,0x20,0x66,0x6c,0x6f,0x61,0x74,0x34,
    0x20,0x74,0x65,0x78,0x65,0x6c,0x3b,0x0a,0x20,0x20,0x20,0x20,0x66,0x6c,0x6f,0x61,
    0x74,0x34,0x20,0x6f,0x70,0x74,0x69,0x6f,0x6e,0x73,0x3b,0x0a,0x7d,0x3b,0x0a,0x0a,
    0x73,0x74,0x72,0x75,0x63,0x74,0x20,0x6d,0x61,0x69,0x6e,0x30,0x5f,0x6f,0x75,0x74,
    0x0a,0x7b,0x0a,0x20,0x20,0x20,0x20,0x66,0x6c,0x6f,0x61,0x74,0x34,0x20,0x66,0x72,
    0x61,0x67,0x5f,0x63,0x6f,0x6c,0x6f,0x72,0x20,0x5b,0x5b,0x63,0x6f,0x6c,0x6f,0x72,
    0x28,0x30,0x29,0x5d,0x5d,0x3b,0x0a,0x7d,0x3b,0x0a,0x0a,0x73,0x74,0x72,0x75,0x63,
    0x74,0x20,0x6d,0x61,0x69,0x6e,0x30,0x5f,0x69,0x6e,0x0a,0x7b,0x0a,0x20,0x20,0x20,
    0x20,0x66,0x6c,0x6f,0x61,0x74,0x32,0x20,0x75,0x76,0x20,0x5b,0x5b,0x75,0x73,0x65,
    0x72,0x28,0x6c,0x6f,0x63,0x6e,0x30,0x29,0x5d,0x5d,0x3b,0x0a,0x7d,0x3b,0x0a,0x0a,
    0x66,0x72,0x61,0x67,0x6d,0x65,0x6e,0x74,0x20,0x6d,0x61,0x69,0x6e,0x30,0x5f,0x6f,
    0x75,0x74,0x20,0x6d,0x61,0x69,0x6e,0x30,0x28,0x6d,0x61,0x69,0x6e,0x30,0x5f,0x69,
    0x6e,0x20,0x69,0x6e,0x20,0x5b,0x5b,0x73,0x74,0x61,0x67,0x65,0x5f,0x69,0x6e,0x5d,
    0x5d,0x2c,0x20,0x63,0x6f,0x6e,0x73,0x74,0x61,0x6e,0x74,0x20,0x66,0x6c,0x6f,0x77,
    0x5f,0x70,0x61,0x72,0x61,0x6d,0x73,0x26,0x20,0x5f,0x33,0x37,0x20,0x5b,0x5b,0x62,
    0x75,0x66,0x66,0x65,0x72,0x28,0x30,0x29,0x5d,0x5d,0x2c,0x20,0x74,0x65,0x78,0x74,
    0x75,0x72,0x65,0x32,0x64,0x3c,0x66,0x6c,0x6f,0x61,0x74,0x3e,0x20,0x64,0x65,0x6e,
    0x73,0x69,0x74,0x79,0x41,0x64,0x64,0x42,0x61,0x73,0x65,0x54,0x65,0x78,0x20,0x5b,
    0x5b,0x74,0x65,0x78,0x74,0x75,0x72,0x65,0x28,0x30,0x29,0x5d,0x5d,0x2c,0x20,0x74,
    0x65,0x78,0x74,0x75,0x72,0x65,0x32,0x64,0x3c,0x66,0x6c,0x6f,0x61,0x74,0x3e,0x20,
    0x65,0x78,0x74,0x65,0x72,0x6e,0x61,0x6c,0x44,0x65,0x6e,0x73,0x69,0x74,0x79,0x54,
    0x65,0x78,0x20,0x5b,0x5b,0x74,0x65,0x78,0x74,0x75,0x72,0x65,0x28,0x31,0x29,0x5d,
    0x5d,0x2c,0x20,0x73,0x61,0x6d,0x70,0x6c,0x65,0x72,0x20,0x64,0x65,0x6e,0x73,0x69,
    0x74,0x79,0x41,0x64,0x64,0x42,0x61,0x73,0x65,0x53,0x6d,0x70,0x20,0x5b,0x5b,0x73,
    0x61,0x6d,0x70,0x6c,0x65,0x72,0x28,0x30,0x29,0x5d,0x5d,0x2c,0x20,0x73,0x61,0x6d,
    0x70,0x6c,0x65,0x72,0x20,0x65,0x78,0x74,0x65,0x72,0x6e,0x61,0x6c,0x44,0x65,0x6e,
    0x73,0x69,0x74,0x79,0x53,0x6d,0x70,0x20,0x5b,0x5b,0x73,0x61,0x6d,0x70,0x6c,0x65,
    0x72,0x28,0x31,0x29,0x5d,0x5d,0x29,0x0a,0x7b,0x0a,0x20,0x20,0x20,0x20,0x6d,0x61,
    0x69,0x6e,0x30,0x5f,0x6f,0x75,0x74,0x20,0x6f,0x75,0x74,0x20,0x3d,0x20,0x7b,0x7d,
    0x3b,0x0a,0x20,0x20,0x20,0x20,0x66,0x6c,0x6f,0x61,0x74,0x34,0x20,0x5f,0x32,0x34,
    0x20,0x3d,0x20,0x64,0x65,0x6e,0x73,0x69,0x74,0x79,0x41,0x64,0x64,0x42,0x61,0x73,
    0x65,0x54,0x65,0x78,0x2e,0x73,0x61,0x6d,0x70,0x6c,0x65,0x28,0x64,0x65,0x6e,0x73,
    0x69,0x74,0x79,0x41,0x64,0x64,0x42,0x61,0x73,0x65,0x53,0x6d,0x70,0x2c,0x20,0x69,
    0x6e,0x2e,0x75,0x76,0x29,0x3b,0x0a,0x20,0x20,0x20,0x20,0x66,0x6c,0x6f,0x61,0x74,
    0x34,0x20,0x5f,0x33,0x32,0x20,0x3d,0x20,0x65,0x78,0x74,0x65,0x72,0x6e,0x61,0x6c,
    0x44,0x65,0x6e,0x73,0x69,0x74,0x79,0x54,0x65,0x78,0x2e,0x73,0x61,0x6d,0x70,0x6c,
    0x65,0x28,0x65,0x78,0x74,0x65,0x72,0x6e,0x61,0x6c,0x44,0x65,0x6e,0x73,0x69,0x74,
    0x79,0x53,0x6d,0x70,0x2c,0x20,0x69,0x6e,0x2e,0x75,0x76,0x29,0x3b,0x0a,0x20,0x20,
    0x20,0x20,0x62,0x6f,0x6f,0x6c,0x20,0x5f,0x34,0x37,0x20,0x3d,0x20,0x5f,0x33,0x37,
    0x2e,0x6f,0x70,0x74,0x69,0x6f,0x6e,0x73,0x2e,0x77,0x20,0x3e,0x20,0x30,0x2e,0x35,
    0x3b,0x0a,0x20,0x20,0x20,0x20,0x66,0x6c,0x6f,0x61,0x74,0x20,0x5f,0x34,0x38,0x3b,
    0x0a,0x20,0x20,0x20,0x20,0x69,0x66,0x20,0x28,0x5f,0x34,0x37,0x29,0x0a,0x20,0x20,
    0x20,0x20,0x7b,0x0a,0x20,0x20,0x20,0x20,0x20,0x20,0x20,0x20,0x5f,0x34,0x38,0x20,
    0x3d,0x20,0x6c,0x65,0x6e,0x67,0x74,0x68,0x28,0x5f,0x33,0x32,0x2e,0x78,0x79,0x29,
    0x3b,0x0a,0x20,0x20,0x20,0x20,0x7d,0x0a,0x20,0x20,0x20,0x20,0x65,0x6c,0x73,0x65,
    0x0a,0x20,0x20,0x20,0x20,0x7b,0x0a,0x20,0x20,0x20,0x20,0x20,0x20,0x20,0x20,0x5f,
    0x34,0x38,0x20,0x3d,0x20,0x5f,0x33,0x32,0x2e,0x77,0x3b,0x0a,0x20,0x20,0x20,0x20,
    0x7d,0x0a,0x20,0x20,0x20,0x20,0x66,0x6c,0x6f,0x61,0x74,0x20,0x5f,0x36,0x36,0x20,
    0x3d,0x20,0x73,0x6d,0x6f,0x6f,0x74,0x68,0x73,0x74,0x65,0x70,0x28,0x5f,0x33,0x37,
    0x2e,0x6f,0x70,0x74,0x69,0x6f,0x6e,0x73,0x2e,0x79,0x2c,0x20,0x5f,0x33,0x37,0x2e,
    0x6f,0x70,0x74,0x69,0x6f,0x6e,0x73,0x2e,0x7a,0x2c,0x20,0x5f,0x34,0x38,0x29,0x3b,
    0x0a,0x20,0x20,0x20,0x20,0x66,0x6c,0x6f,0x61,0x74,0x33,0x20,0x5f,0x37,0x33,0x3b,
    0x0a,0x20,0x20,0x20,0x20,0x69,0x66,0x20,0x28,0x5f,0x34,0x37,0x29,0x0a,0x20,0x20,
    0x20,0x20,0x7b,0x0a,0x20,0x20,0x20,0x20,0x20,0x20,0x20,0x20,0x5f,0x37,0x33,0x20,
    0x3d,0x20,0x5f,0x33,0x37,0x2e,0x63,0x6f,0x6c,0x6f,0x72,0x2e,0x78,0x79,0x7a,0x3b,
    0x0a,0x20,0x20,0x20,0x20,0x7d,0x0a,0x20,0x20,0x20,0x20,0x65,0x6c,0x73,0x65,0x0a,
    0x20,0x20,0x20,0x20,0x7b,0x0a,0x20,0x20,0x20,0x20,0x20,0x20,0x20,0x20,0x5f,0x37,
    0x33,0x20,0x3d,0x20,0x5f,0x33,0x32,0x2e,0x78,0x79,0x7a,0x20,0x2a,0x20,0x5f,0x33,
    0x37,0x2e,0x63,0x6f,0x6c,0x6f,0x72,0x2e,0x78,0x79,0x7a,0x3b,0x0a,0x20,0x20,0x20,
    0x20,0x7d,0x0a,0x20,0x20,0x20,0x20,0x66,0x6c,0x6f,0x61,0x74,0x34,0x20,0x5f,0x39,
    0x35,0x20,0x3d,0x20,0x66,0x6c,0x6f,0x61,0x74,0x34,0x28,0x5f,0x37,0x33,0x2c,0x20,
    0x5f,0x34,0x38,0x29,0x3b,0x0a,0x20,0x20,0x20,0x20,0x69,0x66,0x20,0x28,0x5f,0x34,
    0x37,0x29,0x0a,0x20,0x20,0x20,0x20,0x7b,0x0a,0x20,0x20,0x20,0x20,0x20,0x20,0x20,
    0x20,0x6f,0x75,0x74,0x2e,0x66,0x72,0x61,0x67,0x5f,0x63,0x6f,0x6c,0x6f,0x72,0x20,
    0x3d,0x20,0x66,0x61,0x73,0x74,0x3a,0x3a,0x63,0x6c,0x61,0x6d,0x70,0x28,0x5f,0x32,
    0x34,0x20,0x2b,0x20,0x28,0x5f,0x39,0x35,0x20,0x2a,0x20,0x28,0x5f,0x33,0x37,0x2e,
    0x6f,0x70,0x74,0x69,0x6f,0x6e,0x73,0x2e,0x78,0x20,0x2a,0x20,0x5f,0x36,0x36,0x29,
    0x29,0x2c,0x20,0x66,0x6c,0x6f,0x61,0x74,0x34,0x28,0x30,0x2e,0x30,0x29,0x2c,0x20,
    0x66,0x6c,0x6f,0x61,0x74,0x34,0x28,0x31,0x2e,0x30,0x29,0x29,0x3b,0x0a,0x20,0x20,
    0x20,0x20,0x7d,0x0a,0x20,0x20,0x20,0x20,0x65,0x6c,0x73,0x65,0x0a,0x20,0x20,0x20,
    0x20,0x7b,0x0a,0x20,0x20,0x20,0x20,0x20,0x20,0x20,0x20,0x6f,0x75,0x74,0x2e,0x66,
    0x72,0x61,0x67,0x5f,0x63,0x6f,0x6c,0x6f,0x72,0x20,0x3d,0x20,0x66,0x61,0x73,0x74,
    0x3a,0x3a,0x6d,0x61,0x78,0x28,0x5f,0x32,0x34,0x2c,0x20,0x66,0x61,0x73,0x74,0x3a,
    0x3a,0x63,0x6c,0x61,0x6d,0x70,0x28,0x5f,0x39,0x35,0x20,0x2a,0x20,0x28,0x5f,0x33,
    0x37,0x2e,0x6f,0x70,0x74,0x69,0x6f,0x6e,0x73,0x2e,0x78,0x20,0x2a,0x20,0x5f,0x36,
    0x36,0x29,0x2c,0x20,0x66,0x6c,0x6f,0x61,0x74,0x34,0x28,0x30,0x2e,0x30,0x29,0x2c,
    0x20,0x66,0x6c,0x6f,0x61,0x74,0x34,0x28,0x31,0x2e,0x30,0x29,0x29,0x29,0x3b,0x0a,
    0x20,0x20,0x20,0x20,0x7d,0x0a,0x20,0x20,0x20,0x20,0x72,0x65,0x74,0x75,0x72,0x6e,
    0x20,0x6f,0x75,0x74,0x3b,0x0a,0x7d,0x0a,0x0a,0x00,
};
/*
    #include <metal_stdlib>
    #include <simd/simd.h>

    using namespace metal;

    struct flow_params
    {
        float4 color;
        float4 resolution;
        float4 texel;
        float4 options;
    };

    struct main0_out
    {
        float4 frag_color [[color(0)]];
    };

    struct main0_in
    {
        float2 uv [[user(locn0)]];
    };

    fragment main0_out main0(main0_in in [[stage_in]], constant flow_params& _37 [[buffer(0)]], texture2d<float> temperatureAddBaseTex [[texture(0)]], texture2d<float> externalTemperatureTex [[texture(1)]], sampler temperatureAddBaseSmp [[sampler(0)]], sampler externalTemperatureSmp [[sampler(1)]])
    {
        main0_out out = {};
        float4 _24 = temperatureAddBaseTex.sample(temperatureAddBaseSmp, in.uv);
        float4 _32 = externalTemperatureTex.sample(externalTemperatureSmp, in.uv);
        float _48;
        if (_37.options.w > 0.5)
        {
            _48 = length(_32.xy);
        }
        else
        {
            _48 = dot(_32.xyz, float3(0.2125999927520751953125, 0.715200006961822509765625, 0.072200000286102294921875));
        }
        float _80 = (_48 * _37.options.x) * smoothstep(_37.options.y, _37.options.z, _48);
        out.frag_color = fast::clamp(_24 + float4(_80, _80, _80, 1.0), float4(0.0), float4(1.0));
        return out;
    }

*/
static const uint8_t fs_add_temperature_texture_source_metal_macos[1192] = {
    0x23,0x69,0x6e,0x63,0x6c,0x75,0x64,0x65,0x20,0x3c,0x6d,0x65,0x74,0x61,0x6c,0x5f,
    0x73,0x74,0x64,0x6c,0x69,0x62,0x3e,0x0a,0x23,0x69,0x6e,0x63,0x6c,0x75,0x64,0x65,
    0x20,0x3c,0x73,0x69,0x6d,0x64,0x2f,0x73,0x69,0x6d,0x64,0x2e,0x68,0x3e,0x0a,0x0a,
    0x75,0x73,0x69,0x6e,0x67,0x20,0x6e,0x61,0x6d,0x65,0x73,0x70,0x61,0x63,0x65,0x20,
    0x6d,0x65,0x74,0x61,0x6c,0x3b,0x0a,0x0a,0x73,0x74,0x72,0x75,0x63,0x74,0x20,0x66,
    0x6c,0x6f,0x77,0x5f,0x70,0x61,0x72,0x61,0x6d,0x73,0x0a,0x7b,0x0a,0x20,0x20,0x20,
    0x20,0x66,0x6c,0x6f,0x61,0x74,0x34,0x20,0x63,0x6f,0x6c,0x6f,0x72,0x3b,0x0a,0x20,
    0x20,0x20,0x20,0x66,0x6c,0x6f,0x61,0x74,0x34,0x20,0x72,0x65,0x73,0x6f,0x6c,0x75,
    0x74,0x69,0x6f,0x6e,0x3b,0x0a,0x20,0x20,0x20,0x20,0x66,0x6c,0x6f,0x61,0x74,0x34,
    0x20,0x74,0x65,0x78,0x65,0x6c,0x3b,0x0a,0x20,0x20,0x20,0x20,0x66,0x6c,0x6f,0x61,
    0x74,0x34,0x20,0x6f,0x70,0x74,0x69,0x6f,0x6e,0x73,0x3b,0x0a,0x7d,0x3b,0x0a,0x0a,
    0x73,0x74,0x72,0x75,0x63,0x74,0x20,0x6d,0x61,0x69,0x6e,0x30,0x5f,0x6f,0x75,0x74,
    0x0a,0x7b,0x0a,0x20,0x20,0x20,0x20,0x66,0x6c,0x6f,0x61,0x74,0x34,0x20,0x66,0x72,
    0x61,0x67,0x5f,0x63,0x6f,0x6c,0x6f,0x72,0x20,0x5b,0x5b,0x63,0x6f,0x6c,0x6f,0x72,
    0x28,0x30,0x29,0x5d,0x5d,0x3b,0x0a,0x7d,0x3b,0x0a,0x0a,0x73,0x74,0x72,0x75,0x63,
    0x74,0x20,0x6d,0x61,0x69,0x6e,0x30,0x5f,0x69,0x6e,0x0a,0x7b,0x0a,0x20,0x20,0x20,
    0x20,0x66,0x6c,0x6f,0x61,0x74,0x32,0x20,0x75,0x76,0x20,0x5b,0x5b,0x75,0x73,0x65,
    0x72,0x28,0x6c,0x6f,0x63,0x6e,0x30,0x29,0x5d,0x5d,0x3b,0x0a,0x7d,0x3b,0x0a,0x0a,
    0x66,0x72,0x61,0x67,0x6d,0x65,0x6e,0x74,0x20,0x6d,0x61,0x69,0x6e,0x30,0x5f,0x6f,
    0x75,0x74,0x20,0x6d,0x61,0x69,0x6e,0x30,0x28,0x6d,0x61,0x69,0x6e,0x30,0x5f,0x69,
    0x6e,0x20,0x69,0x6e,0x20,0x5b,0x5b,0x73,0x74,0x61,0x67,0x65,0x5f,0x69,0x6e,0x5d,
    0x5d,0x2c,0x20,0x63,0x6f,0x6e,0x73,0x74,0x61,0x6e,0x74,0x20,0x66,0x6c,0x6f,0x77,
    0x5f,0x70,0x61,0x72,0x61,0x6d,0x73,0x26,0x20,0x5f,0x33,0x37,0x20,0x5b,0x5b,0x62,
    0x75,0x66,0x66,0x65,0x72,0x28,0x30,0x29,0x5d,0x5d,0x2c,0x20,0x74,0x65,0x78,0x74,
    0x75,0x72,0x65,0x32,0x64,0x3c,0x66,0x6c,0x6f,0x61,0x74,0x3e,0x20,0x74,0x65,0x6d,
    0x70,0x65,0x72,0x61,0x74,0x75,0x72,0x65,0x41,0x64,0x64,0x42,0x61,0x73,0x65,0x54,
    0x65,0x78,0x20,0x5b,0x5b,0x74,0x65,0x78,0x74,0x75,0x72,0x65,0x28,0x30,0x29,0x5d,
    0x5d,0x2c,0x20,0x74,0x65,0x78,0x74,0x75,0x72,0x65,0x32,0x64,0x3c,0x66,0x6c,0x6f,
    0x61,0x74,0x3e,0x20,0x65,0x78,0x74,0x65,0x72,0x6e,0x61,0x6c,0x54,0x65,0x6d,0x70,
    0x65,0x72,0x61,0x74,0x75,0x72,0x65,0x54,0x65,0x78,0x20,0x5b,0x5b,0x74,0x65,0x78,
    0x74,0x75,0x72,0x65,0x28,0x31,0x29,0x5d,0x5d,0x2c,0x20,0x73,0x61,0x6d,0x70,0x6c,
    0x65,0x72,0x20,0x74,0x65,0x6d,0x70,0x65,0x72,0x61,0x74,0x75,0x72,0x65,0x41,0x64,
    0x64,0x42,0x61,0x73,0x65,0x53,0x6d,0x70,0x20,0x5b,0x5b,0x73,0x61,0x6d,0x70,0x6c,
    0x65,0x72,0x28,0x30,0x29,0x5d,0x5d,0x2c,0x20,0x73,0x61,0x6d,0x70,0x6c,0x65,0x72,
    0x20,0x65,0x78,0x74,0x65,0x72,0x6e,0x61,0x6c,0x54,0x65,0x6d,0x70,0x65,0x72,0x61,
    0x74,0x75,0x72,0x65,0x53,0x6d,0x70,0x20,0x5b,0x5b,0x73,0x61,0x6d,0x70,0x6c,0x65,
    0x72,0x28,0x31,0x29,0x5d,0x5d,0x29,0x0a,0x7b,0x0a,0x20,0x20,0x20,0x20,0x6d,0x61,
    0x69,0x6e,0x30,0x5f,0x6f,0x75,0x74,0x20,0x6f,0x75,0x74,0x20,0x3d,0x20,0x7b,0x7d,
    0x3b,0x0a,0x20,0x20,0x20,0x20,0x66,0x6c,0x6f,0x61,0x74,0x34,0x20,0x5f,0x32,0x34,
    0x20,0x3d,0x20,0x74,0x65,0x6d,0x70,0x65,0x72,0x61,0x74,0x75,0x72,0x65,0x41,0x64,
    0x64,0x42,0x61,0x73,0x65,0x54,0x65,0x78,0x2e,0x73,0x61,0x6d,0x70,0x6c,0x65,0x28,
    0x74,0x65,0x6d,0x70,0x65,0x72,0x61,0x74,0x75,0x72,0x65,0x41,0x64,0x64,0x42,0x61,
    0x73,0x65,0x53,0x6d,0x70,0x2c,0x20,0x69,0x6e,0x2e,0x75,0x76,0x29,0x3b,0x0a,0x20,
    0x20,0x20,0x20,0x66,0x6c,0x6f,0x61,0x74,0x34,0x20,0x5f,0x33,0x32,0x20,0x3d,0x20,
    0x65,0x78,0x74,0x65,0x72,0x6e,0x61,0x6c,0x54,0x65,0x6d,0x70,0x65,0x72,0x61,0x74,
    0x75,0x72,0x65,0x54,0x65,0x78,0x2e,0x73,0x61,0x6d,0x70,0x6c,0x65,0x28,0x65,0x78,
    0x74,0x65,0x72,0x6e,0x61,0x6c,0x54,0x65,0x6d,0x70,0x65,0x72,0x61,0x74,0x75,0x72,
    0x65,0x53,0x6d,0x70,0x2c,0x20,0x69,0x6e,0x2e,0x75,0x76,0x29,0x3b,0x0a,0x20,0x20,
    0x20,0x20,0x66,0x6c,0x6f,0x61,0x74,0x20,0x5f,0x34,0x38,0x3b,0x0a,0x20,0x20,0x20,
    0x20,0x69,0x66,0x20,0x28,0x5f,0x33,0x37,0x2e,0x6f,0x70,0x74,0x69,0x6f,0x6e,0x73,
    0x2e,0x77,0x20,0x3e,0x20,0x30,0x2e,0x35,0x29,0x0a,0x20,0x20,0x20,0x20,0x7b,0x0a,
    0x20,0x20,0x20,0x20,0x20,0x20,0x20,0x20,0x5f,0x34,0x38,0x20,0x3d,0x20,0x6c,0x65,
    0x6e,0x67,0x74,0x68,0x28,0x5f,0x33,0x32,0x2e,0x78,0x79,0x29,0x3b,0x0a,0x20,0x20,
    0x20,0x20,0x7d,0x0a,0x20,0x20,0x20,0x20,0x65,0x6c,0x73,0x65,0x0a,0x20,0x20,0x20,
    0x20,0x7b,0x0a,0x20,0x20,0x20,0x20,0x20,0x20,0x20,0x20,0x5f,0x34,0x38,0x20,0x3d,
    0x20,0x64,0x6f,0x74,0x28,0x5f,0x33,0x32,0x2e,0x78,0x79,0x7a,0x2c,0x20,0x66,0x6c,
    0x6f,0x61,0x74,0x33,0x28,0x30,0x2e,0x32,0x31,0x32,0x35,0x39,0x39,0x39,0x39,0x32,
    0x37,0x35,0x32,0x30,0x37,0x35,0x31,0x39,0x35,0x33,0x31,0x32,0x35,0x2c,0x20,0x30,
    0x2e,0x37,0x31,0x35,0x32,0x30,0x30,0x30,0x30,0x36,0x39,0x36,0x31,0x38,0x32,0x32,
    0x35,0x30,0x39,0x37,0x36,0x35,0x36,0x32,0x35,0x2c,0x20,0x30,0x2e,0x30,0x37,0x32,
    0x32,0x30,0x30,0x30,0x30,0x30,0x32,0x38,0x36,0x31,0x30,0x32,0x32,0x39,0x34,0x39,
    0x32,0x31,0x38,0x37,0x35,0x29,0x29,0x3b,0x0a,0x20,0x20,0x20,0x20,0x7d,0x0a,0x20,
    0x20,0x20,0x20,0x66,0x6c,0x6f,0x61,0x74,0x20,0x5f,0x38,0x30,0x20,0x3d,0x20,0x28,
    0x5f,0x34,0x38,0x20,0x2a,0x20,0x5f,0x33,0x37,0x2e,0x6f,0x70,0x74,0x69,0x6f,0x6e,
    0x73,0x2e,0x78,0x29,0x20,0x2a,0x20,0x73,0x6d,0x6f,0x6f,0x74,0x68,0x73,0x74,0x65,
    0x70,0x28,0x5f,0x33,0x37,0x2e,0x6f,0x70,0x74,0x69,0x6f,0x6e,0x73,0x2e,0x79,0x2c,
    0x20,0x5f,0x33,0x37,0x2e,0x6f,0x70,0x74,0x69,0x6f,0x6e,0x73,0x2e,0x7a,0x2c,0x20,
    0x5f,0x34,0x38,0x29,0x3b,0x0a,0x20,0x20,0x20,0x20,0x6f,0x75,0x74,0x2e,0x66,0x72,
    0x61,0x67,0x5f,0x63,0x6f,0x6c,0x6f,0x72,0x20,0x3d,0x20,0x66,0x61,0x73,0x74,0x3a,
    0x3a,0x63,0x6c,0x61,0x6d,0x70,0x28,0x5f,0x32,0x34,0x20,0x2b,0x20,0x66,0x6c,0x6f,
    0x61,0x74,0x34,0x28,0x5f,0x38,0x30,0x2c,0x20,0x5f,0x38,0x30,0x2c,0x20,0x5f,0x38,
    0x30,0x2c,0x20,0x31,0x2e,0x30,0x29,0x2c,0x20,0x66,0x6c,0x6f,0x61,0x74,0x34,0x28,
    0x30,0x2e,0x30,0x29,0x2c,0x20,0x66,0x6c,0x6f,0x61,0x74,0x34,0x28,0x31,0x2e,0x30,
    0x29,0x29,0x3b,0x0a,0x20,0x20,0x20,0x20,0x72,0x65,0x74,0x75,0x72,0x6e,0x20,0x6f,
    0x75,0x74,0x3b,0x0a,0x7d,0x0a,0x0a,0x00,
};
/*
    #include <metal_stdlib>
    #include <simd/simd.h>

    using namespace metal;

    struct flow_params
    {
        float4 color;
        float4 resolution;
        float4 texel;
        float4 options;
    };

    struct main0_out
    {
        float4 frag_color [[color(0)]];
    };

    struct main0_in
    {
        float2 uv [[user(locn0)]];
    };

    fragment main0_out main0(main0_in in [[stage_in]], constant flow_params& _13 [[buffer(0)]], texture2d<float> velocityTex [[texture(0)]], texture2d<float> obstacleTex [[texture(1)]], texture2d<float> obstacleOffsetTex [[texture(2)]], sampler velocitySmp [[sampler(0)]], sampler obstacleSmp [[sampler(1)]], sampler obstacleOffsetSmp [[sampler(2)]])
    {
        main0_out out = {};
        if (obstacleTex.sample(obstacleSmp, in.uv).x >= 0.5)
        {
            out.frag_color = float4(0.0, 0.0, 0.0, 1.0);
            return out;
        }
        float2 _60 = float2(_13.texel.x, 0.0);
        float2 _83 = float2(0.0, _13.texel.y);
        float4 _113 = obstacleOffsetTex.sample(obstacleOffsetSmp, in.uv);
        float2 _116 = -velocityTex.sample(velocitySmp, in.uv).xy;
        float _160 = _13.options.w * ((mix(velocityTex.sample(velocitySmp, (in.uv + _60)).xy, _116, float2(_113.z)).x - mix(velocityTex.sample(velocitySmp, (in.uv - _60)).xy, _116, float2(_113.w)).x) + (mix(velocityTex.sample(velocitySmp, (in.uv + _83)).xy, _116, float2(_113.y)).y - mix(velocityTex.sample(velocitySmp, (in.uv - _83)).xy, _116, float2(_113.x)).y));
        out.frag_color = float4(_160, _160, _160, 1.0);
        return out;
    }

*/
static const uint8_t fs_divergence_source_metal_macos[1455] = {
    0x23,0x69,0x6e,0x63,0x6c,0x75,0x64,0x65,0x20,0x3c,0x6d,0x65,0x74,0x61,0x6c,0x5f,
    0x73,0x74,0x64,0x6c,0x69,0x62,0x3e,0x0a,0x23,0x69,0x6e,0x63,0x6c,0x75,0x64,0x65,
    0x20,0x3c,0x73,0x69,0x6d,0x64,0x2f,0x73,0x69,0x6d,0x64,0x2e,0x68,0x3e,0x0a,0x0a,
    0x75,0x73,0x69,0x6e,0x67,0x20,0x6e,0x61,0x6d,0x65,0x73,0x70,0x61,0x63,0x65,0x20,
    0x6d,0x65,0x74,0x61,0x6c,0x3b,0x0a,0x0a,0x73,0x74,0x72,0x75,0x63,0x74,0x20,0x66,
    0x6c,0x6f,0x77,0x5f,0x70,0x61,0x72,0x61,0x6d,0x73,0x0a,0x7b,0x0a,0x20,0x20,0x20,
    0x20,0x66,0x6c,0x6f,0x61,0x74,0x34,0x20,0x63,0x6f,0x6c,0x6f,0x72,0x3b,0x0a,0x20,
    0x20,0x20,0x20,0x66,0x6c,0x6f,0x61,0x74,0x34,0x20,0x72,0x65,0x73,0x6f,0x6c,0x75,
    0x74,0x69,0x6f,0x6e,0x3b,0x0a,0x20,0x20,0x20,0x20,0x66,0x6c,0x6f,0x61,0x74,0x34,
    0x20,0x74,0x65,0x78,0x65,0x6c,0x3b,0x0a,0x20,0x20,0x20,0x20,0x66,0x6c,0x6f,0x61,
    0x74,0x34,0x20,0x6f,0x70,0x74,0x69,0x6f,0x6e,0x73,0x3b,0x0a,0x7d,0x3b,0x0a,0x0a,
    0x73,0x74,0x72,0x75,0x63,0x74,0x20,0x6d,0x61,0x69,0x6e,0x30,0x5f,0x6f,0x75,0x74,
    0x0a,0x7b,0x0a,0x20,0x20,0x20,0x20,0x66,0x6c,0x6f,0x61,0x74,0x34,0x20,0x66,0x72,
    0x61,0x67,0x5f,0x63,0x6f,0x6c,0x6f,0x72,0x20,0x5b,0x5b,0x63,0x6f,0x6c,0x6f,0x72,
    0x28,0x30,0x29,0x5d,0x5d,0x3b,0x0a,0x7d,0x3b,0x0a,0x0a,0x73,0x74,0x72,0x75,0x63,
    0x74,0x20,0x6d,0x61,0x69,0x6e,0x30,0x5f,0x69,0x6e,0x0a,0x7b,0x0a,0x20,0x20,0x20,
    0x20,0x66,0x6c,0x6f,0x61,0x74,0x32,0x20,0x75,0x76,0x20,0x5b,0x5b,0x75,0x73,0x65,
    0x72,0x28,0x6c,0x6f,0x63,0x6e,0x30,0x29,0x5d,0x5d,0x3b,0x0a,0x7d,0x3b,0x0a,0x0a,
    0x66,0x72,0x61,0x67,0x6d,0x65,0x6e,0x74,0x20,0x6d,0x61,0x69,0x6e,0x30,0x5f,0x6f,
    0x75,0x74,0x20,0x6d,0x61,0x69,0x6e,0x30,0x28,0x6d,0x61,0x69,0x6e,0x30,0x5f,0x69,
    0x6e,0x20,0x69,0x6e,0x20,0x5b,0x5b,0x73,0x74,0x61,0x67,0x65,0x5f,0x69,0x6e,0x5d,
    0x5d,0x2c,0x20,0x63,0x6f,0x6e,0x73,0x74,0x61,0x6e,0x74,0x20,0x66,0x6c,0x6f,0x77,
    0x5f,0x70,0x61,0x72,0x61,0x6d,0x73,0x26,0x20,0x5f,0x31,0x33,0x20,0x5b,0x5b,0x62,
    0x75,0x66,0x66,0x65,0x72,0x28,0x30,0x29,0x5d,0x5d,0x2c,0x20,0x74,0x65,0x78,0x74,
    0x75,0x72,0x65,0x32,0x64,0x3c,0x66,0x6c,0x6f,0x61,0x74,0x3e,0x20,0x76,0x65,0x6c,
    0x6f,0x63,0x69,0x74,0x79,0x54,0x65,0x78,0x20,0x5b,0x5b,0x74,0x65,0x78,0x74,0x75,
    0x72,0x65,0x28,0x30,0x29,0x5d,0x5d,0x2c,0x20,0x74,0x65,0x78,0x74,0x75,0x72,0x65,
    0x32,0x64,0x3c,0x66,0x6c,0x6f,0x61,0x74,0x3e,0x20,0x6f,0x62,0x73,0x74,0x61,0x63,
    0x6c,0x65,0x54,0x65,0x78,0x20,0x5b,0x5b,0x74,0x65,0x78,0x74,0x75,0x72,0x65,0x28,
    0x31,0x29,0x5d,0x5d,0x2c,0x20,0x74,0x65,0x78,0x74,0x75,0x72,0x65,0x32,0x64,0x3c,
    0x66,0x6c,0x6f,0x61,0x74,0x3e,0x20,0x6f,0x62,0x73,0x74,0x61,0x63,0x6c,0x65,0x4f,
    0x66,0x66,0x73,0x65,0x74,0x54,0x65,0x78,0x20,0x5b,0x5b,0x74,0x65,0x78,0x74,0x75,
    0x72,0x65,0x28,0x32,0x29,0x5d,0x5d,0x2c,0x20,0x73,0x61,0x6d,0x70,0x6c,0x65,0x72,
    0x20,0x76,0x65,0x6c,0x6f,0x63,0x69,0x74,0x79,0x53,0x6d,0x70,0x20,0x5b,0x5b,0x73,
    0x61,0x6d,0x70,0x6c,0x65,0x72,0x28,0x30,0x29,0x5d,0x5d,0x2c,0x20,0x73,0x61,0x6d,
    0x70,0x6c,0x65,0x72,0x20,0x6f,0x62,0x73,0x74,0x61,0x63,0x6c,0x65,0x53,0x6d,0x70,
    0x20,0x5b,0x5b,0x73,0x61,0x6d,0x70,0x6c,0x65,0x72,0x28,0x31,0x29,0x5d,0x5d,0x2c,
    0x20,0x73,0x61,0x6d,0x70,0x6c,0x65,0x72,0x20,0x6f,0x62,0x73,0x74,0x61,0x63,0x6c,
    0x65,0x4f,0x66,0x66,0x73,0x65,0x74,0x53,0x6d,0x70,0x20,0x5b,0x5b,0x73,0x61,0x6d,
    0x70,0x6c,0x65,0x72,0x28,0x32,0x29,0x5d,0x5d,0x29,0x0a,0x7b,0x0a,0x20,0x20,0x20,
    0x20,0x6d,0x61,0x69,0x6e,0x30,0x5f,0x6f,0x75,0x74,0x20,0x6f,0x75,0x74,0x20,0x3d,
    0x20,0x7b,0x7d,0x3b,0x0a,0x20,0x20,0x20,0x20,0x69,0x66,0x20,0x28,0x6f,0x62,0x73,
    0x74,0x61,0x63,0x6c,0x65,0x54,0x65,0x78,0x2e,0x73,0x61,0x6d,0x70,0x6c,0x65,0x28,
    0x6f,0x62,0x73,0x74,0x61,0x63,0x6c,0x65,0x53,0x6d,0x70,0x2c,0x20,0x69,0x6e,0x2e,
    0x75,0x76,0x29,0x2e,0x78,0x20,0x3e,0x3d,0x20,0x30,0x2e,0x35,0x29,0x0a,0x20,0x20,
    0x20,0x20,0x7b,0x0a,0x20,0x20,0x20,0x20,0x20,0x20,0x20,0x20,0x6f,0x75,0x74,0x2e,
    0x66,0x72,0x61,0x67,0x5f,0x63,0x6f,0x6c,0x6f,0x72,0x20,0x3d,0x20,0x66,0x6c,0x6f,
    0x61,0x74,0x34,0x28,0x30,0x2e,0x30,0x2c,0x20,0x30,0x2e,0x30,0x2c,0x20,0x30,0x2e,
    0x30,0x2c,0x20,0x31,0x2e,0x30,0x29,0x3b,0x0a,0x20,0x20,0x20,0x20,0x20,0x20,0x20,
    0x20,0x72,0x65,0x74,0x75,0x72,0x6e,0x20,0x6f,0x75,0x74,0x3b,0x0a,0x20,0x20,0x20,
    0x20,0x7d,0x0a,0x20,0x20,0x20,0x20,0x66,0x6c,0x6f,0x61,0x74,0x32,0x20,0x5f,0x36,
    0x30,0x20,0x3d,0x20,0x66,0x6c,0x6f,0x61,0x74,0x32,0x28,0x5f,0x31,0x33,0x2e,0x74,
    0x65,0x78,0x65,0x6c,0x2e,0x78,0x2c,0x20,0x30,0x2e,0x30,0x29,0x3b,0x0a,0x20,0x20,
    0x20,0x20,0x66,0x6c,0x6f,0x61,0x74,0x32,0x20,0x5f,0x38,0x33,0x20,0x3d,0x20,0x66,
    0x6c,0x6f,0x61,0x74,0x32,0x28,0x30,0x2e,0x30,0x2c,0x20,0x5f,0x31,0x33,0x2e,0x74,
    0x65,0x78,0x65,0x6c,0x2e,0x79,0x29,0x3b,0x0a,0x20,0x20,0x20,0x20,0x66,0x6c,0x6f,
    0x61,0x74,0x34,0x20,0x5f,0x31,0x31,0x33,0x20,0x3d,0x20,0x6f,0x62,0x73,0x74,0x61,
    0x63,0x6c,0x65,0x4f,0x66,0x66,0x73,0x65,0x74,0x54,0x65,0x78,0x2e,0x73,0x61,0x6d,
    0x70,0x6c,0x65,0x28,0x6f,0x62,0x73,0x74,0x61,0x63,0x6c,0x65,0x4f,0x66,0x66,0x73,
    0x65,0x74,0x53,0x6d,0x70,0x2c,0x20,0x69,0x6e,0x2e,0x75,0x76,0x29,0x3b,0x0a,0x20,
    0x20,0x20,0x20,0x66,0x6c,0x6f,0x61,0x74,0x32,0x20,0x5f,0x31,0x31,0x36,0x20,0x3d,
    0x20,0x2d,0x76,0x65,0x6c,0x6f,0x63,0x69,0x74,0x79,0x54,0x65,0x78,0x2e,0x73,0x61,
    0x6d,0x70,0x6c,0x65,0x28,0x76,0x65,0x6c,0x6f,0x63,0x69,0x74,0x79,0x53,0x6d,0x70,
    0x2c,0x20,0x69,0x6e,0x2e,0x75,0x76,0x29,0x2e,0x78,0x79,0x3b,0x0a,0x20,0x20,0x20,
    0x20,0x66,0x6c,0x6f,0x61,0x74,0x20,0x5f,0x31,0x36,0x30,0x20,0x3d,0x20,0x5f,0x31,
    0x33,0x2e,0x6f,0x70,0x74,0x69,0x6f,0x6e,0x73,0x2e,0x77,0x20,0x2a,0x20,0x28,0x28,
    0x6d,0x69,0x78,0x28,0x76,0x65,0x6c,0x6f,0x63,0x69,0x74,0x79,0x54,0x65,0x78,0x2e,
    0x73,0x61,0x6d,0x70,0x6c,0x65,0x28,0x76,0x65,0x6c,0x6f,0x63,0x69,0x74,0x79,0x53,
    0x6d,0x70,0x2c,0x20,0x28,0x69,0x6e,0x2e,0x75,0x76,0x20,0x2b,0x20,0x5f,0x36,0x30,
    0x29,0x29,0x2e,0x78,0x79,0x2c,0x20,0x5f,0x31,0x31,0x36,0x2c,0x20,0x66,0x6c,0x6f,
    0x61,0x74,0x32,0x28,0x5f,0x31,0x31,0x33,0x2e,0x7a,0x29,0x29,0x2e,0x78,0x20,0x2d,
    0x20,0x6d,0x69,0x78,0x28,0x76,0x65,0x6c,0x6f,0x63,0x69,0x74,0x79,0x54,0x65,0x78,
    0x2e,0x73,0x61,0x6d,0x70,0x6c,0x65,0x28,0x76,0x65,0x6c,0x6f,0x63,0x69,0x74,0x79,
    0x53,0x6d,0x70,0x2c,0x20,0x28,0x69,0x6e,0x2e,0x75,0x76,0x20,0x2d,0x20,0x5f,0x36,
    0x30,0x29,0x29,0x2e,0x78,0x79,0x2c,0x20,0x5f,0x31,0x31,0x36,0x2c,0x20,0x66,0x6c,
    0x6f,0x61,0x74,0x32,0x28,0x5f,0x31,0x31,0x33,0x2e,0x77,0x29,0x29,0x2e,0x78,0x29,
    0x20,0x2b,0x20,0x28,0x6d,0x69,0x78,0x28,0x76,0x65,0x6c,0x6f,0x63,0x69,0x74,0x79,
    0x54,0x65,0x78,0x2e,0x73,0x61,0x6d,0x70,0x6c,0x65,0x28,0x76,0x65,0x6c,0x6f,0x63,
    0x69,0x74,0x79,0x53,0x6d,0x70,0x2c,0x20,0x28,0x69,0x6e,0x2e,0x75,0x76,0x20,0x2b,
    0x20,0x5f,0x38,0x33,0x29,0x29,0x2e,0x78,0x79,0x2c,0x20,0x5f,0x31,0x31,0x36,0x2c,
    0x20,0x66,0x6c,0x6f,0x61,0x74,0x32,0x28,0x5f,0x31,0x31,0x33,0x2e,0x79,0x29,0x29,
    0x2e,0x79,0x20,0x2d,0x20,0x6d,0x69,0x78,0x28,0x76,0x65,0x6c,0x6f,0x63,0x69,0x74,
    0x79,0x54,0x65,0x78,0x2e,0x73,0x61,0x6d,0x70,0x6c,0x65,0x28,0x76,0x65,0x6c,0x6f,
    0x63,0x69,0x74,0x79,0x53,0x6d,0x70,0x2c,0x20,0x28,0x69,0x6e,0x2e,0x75,0x76,0x20,
    0x2d,0x20,0x5f,0x38,0x33,0x29,0x29,0x2e,0x78,0x79,0x2c,0x20,0x5f,0x31,0x31,0x36,
    0x2c,0x20,0x66,0x6c,0x6f,0x61,0x74,0x32,0x28,0x5f,0x31,0x31,0x33,0x2e,0x78,0x29,
    0x29,0x2e,0x79,0x29,0x29,0x3b,0x0a,0x20,0x20,0x20,0x20,0x6f,0x75,0x74,0x2e,0x66,
    0x72,0x61,0x67,0x5f,0x63,0x6f,0x6c,0x6f,0x72,0x20,0x3d,0x20,0x66,0x6c,0x6f,0x61,
    0x74,0x34,0x28,0x5f,0x31,0x36,0x30,0x2c,0x20,0x5f,0x31,0x36,0x30,0x2c,0x20,0x5f,
    0x31,0x36,0x30,0x2c,0x20,0x31,0x2e,0x30,0x29,0x3b,0x0a,0x20,0x20,0x20,0x20,0x72,
    0x65,0x74,0x75,0x72,0x6e,0x20,0x6f,0x75,0x74,0x3b,0x0a,0x7d,0x0a,0x0a,0x00,
};
/*
    #include <metal_stdlib>
    #include <simd/simd.h>

    using namespace metal;

    struct flow_params
    {
        float4 color;
        float4 resolution;
        float4 texel;
        float4 options;
    };

    struct main0_out
    {
        float4 frag_color [[color(0)]];
    };

    struct main0_in
    {
        float2 uv [[user(locn0)]];
    };

    fragment main0_out main0(main0_in in [[stage_in]], constant flow_params& _13 [[buffer(0)]], texture2d<float> pressureSrcTex [[texture(0)]], texture2d<float> divergenceTex [[texture(1)]], texture2d<float> pressureObstacleTex [[texture(2)]], texture2d<float> pressureObstacleOffsetTex [[texture(3)]], sampler pressureSrcSmp [[sampler(0)]], sampler divergenceSmp [[sampler(1)]], sampler pressureObstacleSmp [[sampler(2)]], sampler pressureObstacleOffsetSmp [[sampler(3)]])
    {
        main0_out out = {};
        if (pressureObstacleTex.sample(pressureObstacleSmp, in.uv).x >= 0.5)
        {
            out.frag_color = float4(0.0, 0.0, 0.0, 1.0);
            return out;
        }
        float2 _60 = float2(_13.texel.x, 0.0);
        float2 _83 = float2(0.0, _13.texel.y);
        float4 _103 = pressureSrcTex.sample(pressureSrcSmp, in.uv);
        float _104 = _103.x;
        float4 _113 = pressureObstacleOffsetTex.sample(pressureObstacleOffsetSmp, in.uv);
        float _156 = ((((mix(pressureSrcTex.sample(pressureSrcSmp, (in.uv - _60)).x, _104, _113.w) + mix(pressureSrcTex.sample(pressureSrcSmp, (in.uv + _60)).x, _104, _113.z)) + mix(pressureSrcTex.sample(pressureSrcSmp, (in.uv - _83)).x, _104, _113.x)) + mix(pressureSrcTex.sample(pressureSrcSmp, (in.uv + _83)).x, _104, _113.y)) - divergenceTex.sample(divergenceSmp, in.uv).x) * 0.25;
        out.frag_color = float4(_156, _156, _156, 1.0);
        return out;
    }

*/
static const uint8_t fs_jacobi_pressure_source_metal_macos[1657] = {
    0x23,0x69,0x6e,0x63,0x6c,0x75,0x64,0x65,0x20,0x3c,0x6d,0x65,0x74,0x61,0x6c,0x5f,
    0x73,0x74,0x64,0x6c,0x69,0x62,0x3e,0x0a,0x23,0x69,0x6e,0x63,0x6c,0x75,0x64,0x65,
    0x20,0x3c,0x73,0x69,0x6d,0x64,0x2f,0x73,0x69,0x6d,0x64,0x2e,0x68,0x3e,0x0a,0x0a,
    0x75,0x73,0x69,0x6e,0x67,0x20,0x6e,0x61,0x6d,0x65,0x73,0x70,0x61,0x63,0x65,0x20,
    0x6d,0x65,0x74,0x61,0x6c,0x3b,0x0a,0x0a,0x73,0x74,0x72,0x75,0x63,0x74,0x20,0x66,
    0x6c,0x6f,0x77,0x5f,0x70,0x61,0x72,0x61,0x6d,0x73,0x0a,0x7b,0x0a,0x20,0x20,0x20,
    0x20,0x66,0x6c,0x6f,0x61,0x74,0x34,0x20,0x63,0x6f,0x6c,0x6f,0x72,0x3b,0x0a,0x20,
    0x20,0x20,0x20,0x66,0x6c,0x6f,0x61,0x74,0x34,0x20,0x72,0x65,0x73,0x6f,0x6c,0x75,
    0x74,0x69,0x6f,0x6e,0x3b,0x0a,0x20,0x20,0x20,0x20,0x66,0x6c,0x6f,0x61,0x74,0x34,
    0x20,0x74,0x65,0x78,0x65,0x6c,0x3b,0x0a,0x20,0x20,0x20,0x20,0x66,0x6c,0x6f,0x61,
    0x74,0x34,0x20,0x6f,0x70,0x74,0x69,0x6f,0x6e,0x73,0x3b,0x0a,0x7d,0x3b,0x0a,0x0a,
    0x73,0x74,0x72,0x75,0x63,0x74,0x20,0x6d,0x61,0x69,0x6e,0x30,0x5f,0x6f,0x75,0x74,
    0x0a,0x7b,0x0a,0x20,0x20,0x20,0x20,0x66,0x6c,0x6f,0x61,0x74,0x34,0x20,0x66,0x72,
    0x61,0x67,0x5f,0x63,0x6f,0x6c,0x6f,0x72,0x20,0x5b,0x5b,0x63,0x6f,0x6c,0x6f,0x72,
    0x28,0x30,0x29,0x5d,0x5d,0x3b,0x0a,0x7d,0x3b,0x0a,0x0a,0x73,0x74,0x72,0x75,0x63,
    0x74,0x20,0x6d,0x61,0x69,0x6e,0x30,0x5f,0x69,0x6e,0x0a,0x7b,0x0a,0x20,0x20,0x20,
    0x20,0x66,0x6c,0x6f,0x61,0x74,0x32,0x20,0x75,0x76,0x20,0x5b,0x5b,0x75,0x73,0x65,
    0x72,0x28,0x6c,0x6f,0x63,0x6e,0x30,0x29,0x5d,0x5d,0x3b,0x0a,0x7d,0x3b,0x0a,0x0a,
    0x66,0x72,0x61,0x67,0x6d,0x65,0x6e,0x74,0x20,0x6d,0x61,0x69,0x6e,0x30,0x5f,0x6f,
    0x75,0x74,0x20,0x6d,0x61,0x69,0x6e,0x30,0x28,0x6d,0x61,0x69,0x6e,0x30,0x5f,0x69,
    0x6e,0x20,0x69,0x6e,0x20,0x5b,0x5b,0x73,0x74,0x61,0x67,0x65,0x5f,0x69,0x6e,0x5d,
    0x5d,0x2c,0x20,0x63,0x6f,0x6e,0x73,0x74,0x61,0x6e,0x74,0x20,0x66,0x6c,0x6f,0x77,
    0x5f,0x70,0x61,0x72,0x61,0x6d,0x73,0x26,0x20,0x5f,0x31,0x33,0x20,0x5b,0x5b,0x62,
    0x75,0x66,0x66,0x65,0x72,0x28,0x30,0x29,0x5d,0x5d,0x2c,0x20,0x74,0x65,0x78,0x74,
    0x75,0x72,0x65,0x32,0x64,0x3c,0x66,0x6c,0x6f,0x61,0x74,0x3e,0x20,0x70,0x72,0x65,
    0x73,0x73,0x75,0x72,0x65,0x53,0x72,0x63,0x54,0x65,0x78,0x20,0x5b,0x5b,0x74,0x65,
    0x78,0x74,0x75,0x72,0x65,0x28,0x30,0x29,0x5d,0x5d,0x2c,0x20,0x74,0x65,0x78,0x74,
    0x75,0x72,0x65,0x32,0x64,0x3c,0x66,0x6c,0x6f,0x61,0x74,0x3e,0x20,0x64,0x69,0x76,
    0x65,0x72,0x67,0x65,0x6e,0x63,0x65,0x54,0x65,0x78,0x20,0x5b,0x5b,0x74,0x65,0x78,
    0x74,0x75,0x72,0x65,0x28,0x31,0x29,0x5d,0x5d,0x2c,0x20,0x74,0x65,0x78,0x74,0x75,
    0x72,0x65,0x32,0x64,0x3c,0x66,0x6c,0x6f,0x61,0x74,0x3e,0x20,0x70,0x72,0x65,0x73,
    0x73,0x75,0x72,0x65,0x4f,0x62,0x73,0x74,0x61,0x63,0x6c,0x65,0x54,0x65,0x78,0x20,
    0x5b,0x5b,0x74,0x65,0x78,0x74,0x75,0x72,0x65,0x28,0x32,0x29,0x5d,0x5d,0x2c,0x20,
    0x74,0x65,0x78,0x74,0x75,0x72,0x65,0x32,0x64,0x3c,0x66,0x6c,0x6f,0x61,0x74,0x3e,
    0x20,0x70,0x72,0x65,0x73,0x73,0x75,0x72,0x65,0x4f,0x62,0x73,0x74,0x61,0x63,0x6c,
    0x65,0x4f,0x66,0x66,0x73,0x65,0x74,0x54,0x65,0x78,0x20,0x5b,0x5b,0x74,0x65,0x78,
    0x74,0x75,0x72,0x65,0x28,0x33,0x29,0x5d,0x5d,0x2c,0x20,0x73,0x61,0x6d,0x70,0x6c,
    0x65,0x72,0x20,0x70,0x72,0x65,0x73,0x73,0x75,0x72,0x65,0x53,0x72,0x63,0x53,0x6d,
    0x70,0x20,0x5b,0x5b,0x73,0x61,0x6d,0x70,0x6c,0x65,0x72,0x28,0x30,0x29,0x5d,0x5d,
    0x2c,0x20,0x73,0x61,0x6d,0x70,0x6c,0x65,0x72,0x20,0x64,0x69,0x76,0x65,0x72,0x67,
    0x65,0x6e,0x63,0x65,0x53,0x6d,0x70,0x20,0x5b,0x5b,0x73,0x61,0x6d,0x70,0x6c,0x65,
    0x72,0x28,0x31,0x29,0x5d,0x5d,0x2c,0x20,0x73,0x61,0x6d,0x70,0x6c,0x65,0x72,0x20,
    0x70,0x72,0x65,0x73,0x73,0x75,0x72,0x65,0x4f,0x62,0x73,0x74,0x61,0x63,0x6c,0x65,
    0x53,0x6d,0x70,0x20,0x5b,0x5b,0x73,0x61,0x6d,0x70,0x6c,0x65,0x72,0x28,0x32,0x29,
    0x5d,0x5d,0x2c,0x20,0x73,0x61,0x6d,0x70,0x6c,0x65,0x72,0x20,0x70,0x72,0x65,0x73,
    0x73,0x75,0x72,0x65,0x4f,0x62,0x73,0x74,0x61,0x63,0x6c,0x65,0x4f,0x66,0x66,0x73,
    0x65,0x74,0x53,0x6d,0x70,0x20,0x5b,0x5b,0x73,0x61,0x6d,0x70,0x6c,0x65,0x72,0x28,
    0x33,0x29,0x5d,0x5d,0x29,0x0a,0x7b,0x0a,0x20,0x20,0x20,0x20,0x6d,0x61,0x69,0x6e,
    0x30,0x5f,0x6f,0x75,0x74,0x20,0x6f,0x75,0x74,0x20,0x3d,0x20,0x7b,0x7d,0x3b,0x0a,
    0x20,0x20,0x20,0x20,0x69,0x66,0x20,0x28,0x70,0x72,0x65,0x73,0x73,0x75,0x72,0x65,
    0x4f,0x62,0x73,0x74,0x61,0x63,0x6c,0x65,0x54,0x65,0x78,0x2e,0x73,0x61,0x6d,0x70,
    0x6c,0x65,0x28,0x70,0x72,0x65,0x73,0x73,0x75,0x72,0x65,0x4f,0x62,0x73,0x74,0x61,
    0x63,0x6c,0x65,0x53,0x6d,0x70,0x2c,0x20,0x69,0x6e,0x2e,0x75,0x76,0x29,0x2e,0x78,
    0x20,0x3e,0x3d,0x20,0x30,0x2e,0x35,0x29,0x0a,0x20,0x20,0x20,0x20,0x7b,0x0a,0x20,
    0x20,0x20,0x20,0x20,0x20,0x20,0x20,0x6f,0x75,0x74,0x2e,0x66,0x72,0x61,0x67,0x5f,
    0x63,0x6f,0x6c,0x6f,0x72,0x20,0x3d,0x20,0x66,0x6c,0x6f,0x61,0x74,0x34,0x28,0x30,
    0x2e,0x30,0x2c,0x20,0x30,0x2e,0x30,0x2c,0x20,0x30,0x2e,0x30,0x2c,0x20,0x31,0x2e,
    0x30,0x29,0x3b,0x0a,0x20,0x20,0x20,0x20,0x20,0x20,0x20,0x20,0x72,0x65,0x74,0x75,
    0x72,0x6e,0x20,0x6f,0x75,0x74,0x3b,0x0a,0x20,0x20,0x20,0x20,0x7d,0x0a,0x20,0x20,
    0x20,0x20,0x66,0x6c,0x6f,0x61,0x74,0x32,0x20,0x5f,0x36,0x30,0x20,0x3d,0x20,0x66,
    0x6c,0x6f,0x61,0x74,0x32,0x28,0x5f,0x31,0x33,0x2e,0x74,0x65,0x78,0x65,0x6c,0x2e,
    0x78,0x2c,0x20,0x30,0x2e,0x30,0x29,0x3b,0x0a,0x20,0x20,0x20,0x20,0x66,0x6c,0x6f,
    0x61,0x74,0x32,0x20,0x5f,0x38,0x33,0x20,0x3d,0x20,0x66,0x6c,0x6f,0x61,0x74,0x32,
    0x28,0x30,0x2e,0x30,0x2c,0x20,0x5f,0x31,0x33,0x2e,0x74,0x65,0x78,0x65,0x6c,0x2e,
    0x79,0x29,0x3b,0x0a,0x20,0x20,0x20,0x20,0x66,0x6c,0x6f,0x61,0x74,0x34,0x20,0x5f,
    0x31,0x30,0x33,0x20,0x3d,0x20,0x70,0x72,0x65,0x73,0x73,0x75,0x72,0x65,0x53,0x72,
    0x63,0x54,0x65,0x78,0x2e,0x73,0x61,0x6d,0x70,0x6c,0x65,0x28,0x70,0x72,0x65,0x73,
    0x73,0x75,0x72,0x65,0x53,0x72,0x63,0x53,0x6d,0x70,0x2c,0x20,0x69,0x6e,0x2e,0x75,
    0x76,0x29,0x3b,0x0a,0x20,0x20,0x20,0x20,0x66,0x6c,0x6f,0x61,0x74,0x20,0x5f,0x31,
    0x30,0x34,0x20,0x3d,0x20,0x5f,0x31,0x30,0x33,0x2e,0x78,0x3b,0x0a,0x20,0x20,0x20,
    0x20,0x66,0x6c,0x6f,0x61,0x74,0x34,0x20,0x5f,0x31,0x31,0x33,0x20,0x3d,0x20,0x70,
    0x72,0x65,0x73,0x73,0x75,0x72,0x65,0x4f,0x62,0x73,0x74,0x61,0x63,0x6c,0x65,0x4f,
    0x66,0x66,0x73,0x65,0x74,0x54,0x65,0x78,0x2e,0x73,0x61,0x6d,0x70,0x6c,0x65,0x28,
    0x70,0x72,0x65,0x73,0x73,0x75,0x72,0x65,0x4f,0x62,0x73,0x74,0x61,0x63,0x6c,0x65,
    0x4f,0x66,0x66,0x73,0x65,0x74,0x53,0x6d,0x70,0x2c,0x20,0x69,0x6e,0x2e,0x75,0x76,
    0x29,0x3b,0x0a,0x20,0x20,0x20,0x20,0x66,0x6c,0x6f,0x61,0x74,0x20,0x5f,0x31,0x35,
    0x36,0x20,0x3d,0x20,0x28,0x28,0x28,0x28,0x6d,0x69,0x78,0x28,0x70,0x72,0x65,0x73,
    0x73,0x75,0x72,0x65,0x53,0x72,0x63,0x54,0x65,0x78,0x2e,0x73,0x61,0x6d,0x70,0x6c,
    0x65,0x28,0x70,0x72,0x65,0x73,0x73,0x75,0x72,0x65,0x53,0x72,0x63,0x53,0x6d,0x70,
    0x2c,0x20,0x28,0x69,0x6e,0x2e,0x75,0x76,0x20,0x2d,0x20,0x5f,0x36,0x30,0x29,0x29,
    0x2e,0x78,0x2c,0x20,0x5f,0x31,0x30,0x34,0x2c,0x20,0x5f,0x31,0x31,0x33,0x2e,0x77,
    0x29,0x20,0x2b,0x20,0x6d,0x69,0x78,0x28,0x70,0x72,0x65,0x73,0x73,0x75,0x72,0x65,
    0x53,0x72,0x63,0x54,0x65,0x78,0x2e,0x73,0x61,0x6d,0x70,0x6c,0x65,0x28,0x70,0x72,
    0x65,0x73,0x73,0x75,0x72,0x65,0x53,0x72,0x63,0x53,0x6d,0x70,0x2c,0x20,0x28,0x69,
    0x6e,0x2e,0x75,0x76,0x20,0x2b,0x20,0x5f,0x36,0x30,0x29,0x29,0x2e,0x78,0x2c,0x20,
    0x5f,0x31,0x30,0x34,0x2c,0x20,0x5f,0x31,0x31,0x33,0x2e,0x7a,0x29,0x29,0x20,0x2b,
    0x20,0x6d,0x69,0x78,0x28,0x70,0x72,0x65,0x73,0x73,0x75,0x72,0x65,0x53,0x72,0x63,
    0x54,0x65,0x78,0x2e,0x73,0x61,0x6d,0x70,0x6c,0x65,0x28,0x70,0x72,0x65,0x73,0x73,
    0x75,0x72,0x65,0x53,0x72,0x63,0x53,0x6d,0x70,0x2c,0x20,0x28,0x69,0x6e,0x2e,0x75,
    0x76,0x20,0x2d,0x20,0x5f,0x38,0x33,0x29,0x29,0x2e,0x78,0x2c,0x20,0x5f,0x31,0x30,
    0x34,0x2c,0x20,0x5f,0x31,0x31,0x33,0x2e,0x78,0x29,0x29,0x20,0x2b,0x20,0x6d,0x69,
    0x78,0x28,0x70,0x72,0x65,0x73,0x73,0x75,0x72,0x65,0x53,0x72,0x63,0x54,0x65,0x78,
    0x2e,0x73,0x61,0x6d,0x70,0x6c,0x65,0x28,0x70,0x72,0x65,0x73,0x73,0x75,0x72,0x65,
    0x53,0x72,0x63,0x53,0x6d,0x70,0x2c,0x20,0x28,0x69,0x6e,0x2e,0x75,0x76,0x20,0x2b,
    0x20,0x5f,0x38,0x33,0x29,0x29,0x2e,0x78,0x2c,0x20,0x5f,0x31,0x30,0x34,0x2c,0x20,
    0x5f,0x31,0x31,0x33,0x2e,0x79,0x29,0x29,0x20,0x2d,0x20,0x64,0x69,0x76,0x65,0x72,
    0x67,0x65,0x6e,0x63,0x65,0x54,0x65,0x78,0x2e,0x73,0x61,0x6d,0x70,0x6c,0x65,0x28,
    0x64,0x69,0x76,0x65,0x72,0x67,0x65,0x6e,0x63,0x65,0x53,0x6d,0x70,0x2c,0x20,0x69,
    0x6e,0x2e,0x75,0x76,0x29,0x2e,0x78,0x29,0x20,0x2a,0x20,0x30,0x2e,0x32,0x35,0x3b,
    0x0a,0x20,0x20,0x20,0x20,0x6f,0x75,0x74,0x2e,0x66,0x72,0x61,0x67,0x5f,0x63,0x6f,
    0x6c,0x6f,0x72,0x20,0x3d,0x20,0x66,0x6c,0x6f,0x61,0x74,0x34,0x28,0x5f,0x31,0x35,
    0x36,0x2c,0x20,0x5f,0x31,0x35,0x36,0x2c,0x20,0x5f,0x31,0x35,0x36,0x2c,0x20,0x31,
    0x2e,0x30,0x29,0x3b,0x0a,0x20,0x20,0x20,0x20,0x72,0x65,0x74,0x75,0x72,0x6e,0x20,
    0x6f,0x75,0x74,0x3b,0x0a,0x7d,0x0a,0x0a,0x00,
};
/*
    #include <metal_stdlib>
    #include <simd/simd.h>

    using namespace metal;

    struct flow_params
    {
        float4 color;
        float4 resolution;
        float4 texel;
        float4 options;
    };

    struct main0_out
    {
        float4 frag_color [[color(0)]];
    };

    struct main0_in
    {
        float2 uv [[user(locn0)]];
    };

    fragment main0_out main0(main0_in in [[stage_in]], constant flow_params& _13 [[buffer(0)]], texture2d<float> velocityTex [[texture(0)]], texture2d<float> pressureTex [[texture(1)]], texture2d<float> gradientObstacleTex [[texture(2)]], texture2d<float> gradientObstacleOffsetTex [[texture(3)]], sampler velocitySmp [[sampler(0)]], sampler pressureSmp [[sampler(1)]], sampler gradientObstacleSmp [[sampler(2)]], sampler gradientObstacleOffsetSmp [[sampler(3)]])
    {
        main0_out out = {};
        if (gradientObstacleTex.sample(gradientObstacleSmp, in.uv).x >= 0.5)
        {
            out.frag_color = float4(0.0, 0.0, 0.0, 1.0);
            return out;
        }
        float2 _60 = float2(_13.texel.x, 0.0);
        float2 _83 = float2(0.0, _13.texel.y);
        float4 _103 = pressureTex.sample(pressureSmp, in.uv);
        float _104 = _103.x;
        float4 _113 = gradientObstacleOffsetTex.sample(gradientObstacleOffsetSmp, in.uv);
        out.frag_color = float4(velocityTex.sample(velocitySmp, in.uv).xy - (float2(mix(pressureTex.sample(pressureSmp, (in.uv + _60)).x, _104, _113.z) - mix(pressureTex.sample(pressureSmp, (in.uv - _60)).x, _104, _113.w), mix(pressureTex.sample(pressureSmp, (in.uv + _83)).x, _104, _113.y) - mix(pressureTex.sample(pressureSmp, (in.uv - _83)).x, _104, _113.x)) * _13.options.w), 0.0, 1.0);
        return out;
    }

*/
static const uint8_t fs_gradient_subtract_source_metal_macos[1594] = {
    0x23,0x69,0x6e,0x63,0x6c,0x75,0x64,0x65,0x20,0x3c,0x6d,0x65,0x74,0x61,0x6c,0x5f,
    0x73,0x74,0x64,0x6c,0x69,0x62,0x3e,0x0a,0x23,0x69,0x6e,0x63,0x6c,0x75,0x64,0x65,
    0x20,0x3c,0x73,0x69,0x6d,0x64,0x2f,0x73,0x69,0x6d,0x64,0x2e,0x68,0x3e,0x0a,0x0a,
    0x75,0x73,0x69,0x6e,0x67,0x20,0x6e,0x61,0x6d,0x65,0x73,0x70,0x61,0x63,0x65,0x20,
    0x6d,0x65,0x74,0x61,0x6c,0x3b,0x0a,0x0a,0x73,0x74,0x72,0x75,0x63,0x74,0x20,0x66,
    0x6c,0x6f,0x77,0x5f,0x70,0x61,0x72,0x61,0x6d,0x73,0x0a,0x7b,0x0a,0x20,0x20,0x20,
    0x20,0x66,0x6c,0x6f,0x61,0x74,0x34,0x20,0x63,0x6f,0x6c,0x6f,0x72,0x3b,0x0a,0x20,
    0x20,0x20,0x20,0x66,0x6c,0x6f,0x61,0x74,0x34,0x20,0x72,0x65,0x73,0x6f,0x6c,0x75,
    0x74,0x69,0x6f,0x6e,0x3b,0x0a,0x20,0x20,0x20,0x20,0x66,0x6c,0x6f,0x61,0x74,0x34,
    0x20,0x74,0x65,0x78,0x65,0x6c,0x3b,0x0a,0x20,0x20,0x20,0x20,0x66,0x6c,0x6f,0x61,
    0x74,0x34,0x20,0x6f,0x70,0x74,0x69,0x6f,0x6e,0x73,0x3b,0x0a,0x7d,0x3b,0x0a,0x0a,
    0x73,0x74,0x72,0x75,0x63,0x74,0x20,0x6d,0x61,0x69,0x6e,0x30,0x5f,0x6f,0x75,0x74,
    0x0a,0x7b,0x0a,0x20,0x20,0x20,0x20,0x66,0x6c,0x6f,0x61,0x74,0x34,0x20,0x66,0x72,
    0x61,0x67,0x5f,0x63,0x6f,0x6c,0x6f,0x72,0x20,0x5b,0x5b,0x63,0x6f,0x6c,0x6f,0x72,
    0x28,0x30,0x29,0x5d,0x5d,0x3b,0x0a,0x7d,0x3b,0x0a,0x0a,0x73,0x74,0x72,0x75,0x63,
    0x74,0x20,0x6d,0x61,0x69,0x6e,0x30,0x5f,0x69,0x6e,0x0a,0x7b,0x0a,0x20,0x20,0x20,
    0x20,0x66,0x6c,0x6f,0x61,0x74,0x32,0x20,0x75,0x76,0x20,0x5b,0x5b,0x75,0x73,0x65,
    0x72,0x28,0x6c,0x6f,0x63,0x6e,0x30,0x29,0x5d,0x5d,0x3b,0x0a,0x7d,0x3b,0x0a,0x0a,
    0x66,0x72,0x61,0x67,0x6d,0x65,0x6e,0x74,0x20,0x6d,0x61,0x69,0x6e,0x30,0x5f,0x6f,
    0x75,0x74,0x20,0x6d,0x61,0x69,0x6e,0x30,0x28,0x6d,0x61,0x69,0x6e,0x30,0x5f,0x69,
    0x6e,0x20,0x69,0x6e,0x20,0x5b,0x5b,0x73,0x74,0x61,0x67,0x65,0x5f,0x69,0x6e,0x5d,
    0x5d,0x2c,0x20,0x63,0x6f,0x6e,0x73,0x74,0x61,0x6e,0x74,0x20,0x66,0x6c,0x6f,0x77,
    0x5f,0x70,0x61,0x72,0x61,0x6d,0x73,0x26,0x20,0x5f,0x31,0x33,0x20,0x5b,0x5b,0x62,
    0x75,0x66,0x66,0x65,0x72,0x28,0x30,0x29,0x5d,0x5d,0x2c,0x20,0x74,0x65,0x78,0x74,
    0x75,0x72,0x65,0x32,0x64,0x3c,0x66,0x6c,0x6f,0x61,0x74,0x3e,0x20,0x76,0x65,0x6c,
    0x6f,0x63,0x69,0x74,0x79,0x54,0x65,0x78,0x20,0x5b,0x5b,0x74,0x65,0x78,0x74,0x75,
    0x72,0x65,0x28,0x30,0x29,0x5d,0x5d,0x2c,0x20,0x74,0x65,0x78,0x74,0x75,0x72,0x65,
    0x32,0x64,0x3c,0x66,0x6c,0x6f,0x61,0x74,0x3e,0x20,0x70,0x72,0x65,0x73,0x73,0x75,
    0x72,0x65,0x54,0x65,0x78,0x20,0x5b,0x5b,0x74,0x65,0x78,0x74,0x75,0x72,0x65,0x28,
    0x31,0x29,0x5d,0x5d,0x2c,0x20,0x74,0x65,0x78,0x74,0x75,0x72,0x65,0x32,0x64,0x3c,
    0x66,0x6c,0x6f,0x61,0x74,0x3e,0x20,0x67,0x72,0x61,0x64,0x69,0x65,0x6e,0x74,0x4f,
    0x62,0x73,0x74,0x61,0x63,0x6c,0x65,0x54,0x65,0x78,0x20,0x5b,0x5b,0x74,0x65,0x78,
    0x74,0x75,0x72,0x65,0x28,0x32,0x29,0x5d,0x5d,0x2c,0x20,0x74,0x65,0x78,0x74,0x75,
    0x72,0x65,0x32,0x64,0x3c,0x66,0x6c,0x6f,0x61,0x74,0x3e,0x20,0x67,0x72,0x61,0x64,
    0x69,0x65,0x6e,0x74,0x4f,0x62,0x73,0x74,0x61,0x63,0x6c,0x65,0x4f,0x66,0x66,0x73,
    0x65,0x74,0x54,0x65,0x78,0x20,0x5b,0x5b,0x74,0x65,0x78,0x74,0x75,0x72,0x65,0x28,
    0x33,0x29,0x5d,0x5d,0x2c,0x20,0x73,0x61,0x6d,0x70,0x6c,0x65,0x72,0x20,0x76,0x65,
    0x6c,0x6f,0x63,0x69,0x74,0x79,0x53,0x6d,0x70,0x20,0x5b,0x5b,0x73,0x61,0x6d,0x70,
    0x6c,0x65,0x72,0x28,0x30,0x29,0x5d,0x5d,0x2c,0x20,0x73,0x61,0x6d,0x70,0x6c,0x65,
    0x72,0x20,0x70,0x72,0x65,0x73,0x73,0x75,0x72,0x65,0x53,0x6d,0x70,0x20,0x5b,0x5b,
    0x73,0x61,0x6d,0x70,0x6c,0x65,0x72,0x28,0x31,0x29,0x5d,0x5d,0x2c,0x20,0x73,0x61,
    0x6d,0x70,0x6c,0x65,0x72,0x20,0x67,0x72,0x61,0x64,0x69,0x65,0x6e,0x74,0x4f,0x62,
    0x73,0x74,0x61,0x63,0x6c,0x65,0x53,0x6d,0x70,0x20,0x5b,0x5b,0x73,0x61,0x6d,0x70,
    0x6c,0x65,0x72,0x28,0x32,0x29,0x5d,0x5d,0x2c,0x20,0x73,0x61,0x6d,0x70,0x6c,0x65,
    0x72,0x20,0x67,0x72,0x61,0x64,0x69,0x65,0x6e,0x74,0x4f,0x62,0x73,0x74,0x61,0x63,
    0x6c,0x65,0x4f,0x66,0x66,0x73,0x65,0x74,0x53,0x6d,0x70,0x20,0x5b,0x5b,0x73,0x61,
    0x6d,0x70,0x6c,0x65,0x72,0x28,0x33,0x29,0x5d,0x5d,0x29,0x0a,0x7b,0x0a,0x20,0x20,
    0x20,0x20,0x6d,0x61,0x69,0x6e,0x30,0x5f,0x6f,0x75,0x74,0x20,0x6f,0x75,0x74,0x20,
    0x3d,0x20,0x7b,0x7d,0x3b,0x0a,0x20,0x20,0x20,0x20,0x69,0x66,0x20,0x28,0x67,0x72,
    0x61,0x64,0x69,0x65,0x6e,0x74,0x4f,0x62,0x73,0x74,0x61,0x63,0x6c,0x65,0x54,0x65,
    0x78,0x2e,0x73,0x61,0x6d,0x70,0x6c,0x65,0x28,0x67,0x72,0x61,0x64,0x69,0x65,0x6e,
    0x74,0x4f,0x62,0x73,0x74,0x61,0x63,0x6c,0x65,0x53,0x6d,0x70,0x2c,0x20,0x69,0x6e,
    0x2e,0x75,0x76,0x29,0x2e,0x78,0x20,0x3e,0x3d,0x20,0x30,0x2e,0x35,0x29,0x0a,0x20,
    0x20,0x20,0x20,0x7b,0x0a,0x20,0x20,0x20,0x20,0x20,0x20,0x20,0x20,0x6f,0x75,0x74,
    0x2e,0x66,0x72,0x61,0x67,0x5f,0x63,0x6f,0x6c,0x6f,0x72,0x20,0x3d,0x20,0x66,0x6c,
    0x6f,0x61,0x74,0x34,0x28,0x30,0x2e,0x30,0x2c,0x20,0x30,0x2e,0x30,0x2c,0x20,0x30,
    0x2e,0x30,0x2c,0x20,0x31,0x2e,0x30,0x29,0x3b,0x0a,0x20,0x20,0x20,0x20,0x20,0x20,
    0x20,0x20,0x72,0x65,0x74,0x75,0x72,0x6e,0x20,0x6f,0x75,0x74,0x3b,0x0a,0x20,0x20,
    0x20,0x20,0x7d,0x0a,0x20,0x20,0x20,0x20,0x66,0x6c,0x6f,0x61,0x74,0x32,0x20,0x5f,
    0x36,0x30,0x20,0x3d,0x20,0x66,0x6c,0x6f,0x61,0x74,0x32,0x28,0x5f,0x31,0x33,0x2e,
    0x74,0x65,0x78,0x65,0x6c,0x2e,0x78,0x2c,0x20,0x30,0x2e,0x30,0x29,0x3b,0x0a,0x20,
    0x20,0x20,0x20,0x66,0x6c,0x6f,0x61,0x74,0x32,0x20,0x5f,0x38,0x33,0x20,0x3d,0x20,
    0x66,0x6c,0x6f,0x61,0x74,0x32,0x28,0x30,0x2e,0x30,0x2c,0x20,0x5f,0x31,0x33,0x2e,
    0x74,0x65,0x78,0x65,0x6c,0x2e,0x79,0x29,0x3b,0x0a,0x20,0x20,0x20,0x20,0x66,0x6c,
    0x6f,0x61,0x74,0x34,0x20,0x5f,0x31,0x30,0x33,0x20,0x3d,0x20,0x70,0x72,0x65,0x73,
    0x73,0x75,0x72,0x65,0x54,0x65,0x78,0x2e,0x73,0x61,0x6d,0x70,0x6c,0x65,0x28,0x70,
    0x72,0x65,0x73,0x73,0x75,0x72,0x65,0x53,0x6d,0x70,0x2c,0x20,0x69,0x6e,0x2e,0x75,
    0x76,0x29,0x3b,0x0a,0x20,0x20,0x20,0x20,0x66,0x6c,0x6f,0x61,0x74,0x20,0x5f,0x31,
    0x30,0x34,0x20,0x3d,0x20,0x5f,0x31,0x30,0x33,0x2e,0x78,0x3b,0x0a,0x20,0x20,0x20,
    0x20,0x66,0x6c,0x6f,0x61,0x74,0x34,0x20,0x5f,0x31,0x31,0x33,0x20,0x3d,0x20,0x67,
    0x72,0x61,0x64,0x69,0x65,0x6e,0x74,0x4f,0x62,0x73,0x74,0x61,0x63,0x6c,0x65,0x4f,
    0x66,0x66,0x73,0x65,0x74,0x54,0x65,0x78,0x2e,0x73,0x61,0x6d,0x70,0x6c,0x65,0x28,
    0x67,0x72,0x61,0x64,0x69,0x65,0x6e,0x74,0x4f,0x62,0x73,0x74,0x61,0x63,0x6c,0x65,
    0x4f,0x66,0x66,0x73,0x65,0x74,0x53,0x6d,0x70,0x2c,0x20,0x69,0x6e,0x2e,0x75,0x76,
    0x29,0x3b,0x0a,0x20,0x20,0x20,0x20,0x6f,0x75,0x74,0x2e,0x66,0x72,0x61,0x67,0x5f,
    0x63,0x6f,0x6c,0x6f,0x72,0x20,0x3d,0x20,0x66,0x6c,0x6f,0x61,0x74,0x34,0x28,0x76,
    0x65,0x6c,0x6f,0x63,0x69,0x74,0x79,0x54,0x65,0x78,0x2e,0x73,0x61,0x6d,0x70,0x6c,
    0x65,0x28,0x76,0x65,0x6c,0x6f,0x63,0x69,0x74,0x79,0x53,0x6d,0x70,0x2c,0x20,0x69,
    0x6e,0x2e,0x75,0x76,0x29,0x2e,0x78,0x79,0x20,0x2d,0x20,0x28,0x66,0x6c,0x6f,0x61,
    0x74,0x32,0x28,0x6d,0x69,0x78,0x28,0x70,0x72,0x65,0x73,0x73,0x75,0x72,0x65,0x54,
    0x65,0x78,0x2e,0x73,0x61,0x6d,0x70,0x6c,0x65,0x28,0x70,0x72,0x65,0x73,0x73,0x75,
    0x72,0x65,0x53,0x6d,0x70,0x2c,0x20,0x28,0x69,0x6e,0x2e,0x75,0x76,0x20,0x2b,0x20,
    0x5f,0x36,0x30,0x29,0x29,0x2e,0x78,0x2c,0x20,0x5f,0x31,0x30,0x34,0x2c,0x20,0x5f,
    0x31,0x31,0x33,0x2e,0x7a,0x29,0x20,0x2d,0x20,0x6d,0x69,0x78,0x28,0x70,0x72,0x65,
    0x73,0x73,0x75,0x72,0x65,0x54,0x65,0x78,0x2e,0x73,0x61,0x6d,0x70,0x6c,0x65,0x28,
    0x70,0x72,0x65,0x73,0x73,0x75,0x72,0x65,0x53,0x6d,0x70,0x2c,0x20,0x28,0x69,0x6e,
    0x2e,0x75,0x76,0x20,0x2d,0x20,0x5f,0x36,0x30,0x29,0x29,0x2e,0x78,0x2c,0x20,0x5f,
    0x31,0x30,0x34,0x2c,0x20,0x5f,0x31,0x31,0x33,0x2e,0x77,0x29,0x2c,0x20,0x6d,0x69,
    0x78,0x28,0x70,0x72,0x65,0x73,0x73,0x75,0x72,0x65,0x54,0x65,0x78,0x2e,0x73,0x61,
    0x6d,0x70,0x6c,0x65,0x28,0x70,0x72,0x65,0x73,0x73,0x75,0x72,0x65,0x53,0x6d,0x70,
    0x2c,0x20,0x28,0x69,0x6e,0x2e,0x75,0x76,0x20,0x2b,0x20,0x5f,0x38,0x33,0x29,0x29,
    0x2e,0x78,0x2c,0x20,0x5f,0x31,0x30,0x34,0x2c,0x20,0x5f,0x31,0x31,0x33,0x2e,0x79,
    0x29,0x20,0x2d,0x20,0x6d,0x69,0x78,0x28,0x70,0x72,0x65,0x73,0x73,0x75,0x72,0x65,
    0x54,0x65,0x78,0x2e,0x73,0x61,0x6d,0x70,0x6c,0x65,0x28,0x70,0x72,0x65,0x73,0x73,
    0x75,0x72,0x65,0x53,0x6d,0x70,0x2c,0x20,0x28,0x69,0x6e,0x2e,0x75,0x76,0x20,0x2d,
    0x20,0x5f,0x38,0x33,0x29,0x29,0x2e,0x78,0x2c,0x20,0x5f,0x31,0x30,0x34,0x2c,0x20,
    0x5f,0x31,0x31,0x33,0x2e,0x78,0x29,0x29,0x20,0x2a,0x20,0x5f,0x31,0x33,0x2e,0x6f,
    0x70,0x74,0x69,0x6f,0x6e,0x73,0x2e,0x77,0x29,0x2c,0x20,0x30,0x2e,0x30,0x2c,0x20,
    0x31,0x2e,0x30,0x29,0x3b,0x0a,0x20,0x20,0x20,0x20,0x72,0x65,0x74,0x75,0x72,0x6e,
    0x20,0x6f,0x75,0x74,0x3b,0x0a,0x7d,0x0a,0x0a,0x00,
};
/*
    #include <metal_stdlib>
    #include <simd/simd.h>

    using namespace metal;

    struct flow_params
    {
        float4 color;
        float4 resolution;
        float4 texel;
        float4 options;
    };

    struct main0_out
    {
        float4 frag_color [[color(0)]];
    };

    struct main0_in
    {
        float2 uv [[user(locn0)]];
    };

    fragment main0_out main0(main0_in in [[stage_in]], constant flow_params& _13 [[buffer(0)]], texture2d<float> velocityTex [[texture(0)]], sampler velocitySmp [[sampler(0)]])
    {
        main0_out out = {};
        float2 _40 = float2(_13.texel.x, 0.0);
        float2 _63 = float2(0.0, _13.texel.y);
        float _91 = _13.options.w * ((velocityTex.sample(velocitySmp, (in.uv + _63)).x - velocityTex.sample(velocitySmp, (in.uv - _63)).x) - (velocityTex.sample(velocitySmp, (in.uv + _40)).y - velocityTex.sample(velocitySmp, (in.uv - _40)).y));
        out.frag_color = float4(_91, _91, _91, 1.0);
        return out;
    }

*/
static const uint8_t fs_vorticity_curl_source_metal_macos[883] = {
    0x23,0x69,0x6e,0x63,0x6c,0x75,0x64,0x65,0x20,0x3c,0x6d,0x65,0x74,0x61,0x6c,0x5f,
    0x73,0x74,0x64,0x6c,0x69,0x62,0x3e,0x0a,0x23,0x69,0x6e,0x63,0x6c,0x75,0x64,0x65,
    0x20,0x3c,0x73,0x69,0x6d,0x64,0x2f,0x73,0x69,0x6d,0x64,0x2e,0x68,0x3e,0x0a,0x0a,
    0x75,0x73,0x69,0x6e,0x67,0x20,0x6e,0x61,0x6d,0x65,0x73,0x70,0x61,0x63,0x65,0x20,
    0x6d,0x65,0x74,0x61,0x6c,0x3b,0x0a,0x0a,0x73,0x74,0x72,0x75,0x63,0x74,0x20,0x66,
    0x6c,0x6f,0x77,0x5f,0x70,0x61,0x72,0x61,0x6d,0x73,0x0a,0x7b,0x0a,0x20,0x20,0x20,
    0x20,0x66,0x6c,0x6f,0x61,0x74,0x34,0x20,0x63,0x6f,0x6c,0x6f,0x72,0x3b,0x0a,0x20,
    0x20,0x20,0x20,0x66,0x6c,0x6f,0x61,0x74,0x34,0x20,0x72,0x65,0x73,0x6f,0x6c,0x75,
    0x74,0x69,0x6f,0x6e,0x3b,0x0a,0x20,0x20,0x20,0x20,0x66,0x6c,0x6f,0x61,0x74,0x34,
    0x20,0x74,0x65,0x78,0x65,0x6c,0x3b,0x0a,0x20,0x20,0x20,0x20,0x66,0x6c,0x6f,0x61,
    0x74,0x34,0x20,0x6f,0x70,0x74,0x69,0x6f,0x6e,0x73,0x3b,0x0a,0x7d,0x3b,0x0a,0x0a,
    0x73,0x74,0x72,0x75,0x63,0x74,0x20,0x6d,0x61,0x69,0x6e,0x30,0x5f,0x6f,0x75,0x74,
    0x0a,0x7b,0x0a,0x20,0x20,0x20,0x20,0x66,0x6c,0x6f,0x61,0x74,0x34,0x20,0x66,0x72,
    0x61,0x67,0x5f,0x63,0x6f,0x6c,0x6f,0x72,0x20,0x5b,0x5b,0x63,0x6f,0x6c,0x6f,0x72,
    0x28,0x30,0x29,0x5d,0x5d,0x3b,0x0a,0x7d,0x3b,0x0a,0x0a,0x73,0x74,0x72,0x75,0x63,
    0x74,0x20,0x6d,0x61,0x69,0x6e,0x30,0x5f,0x69,0x6e,0x0a,0x7b,0x0a,0x20,0x20,0x20,
    0x20,0x66,0x6c,0x6f,0x61,0x74,0x32,0x20,0x75,0x76,0x20,0x5b,0x5b,0x75,0x73,0x65,
    0x72,0x28,0x6c,0x6f,0x63,0x6e,0x30,0x29,0x5d,0x5d,0x3b,0x0a,0x7d,0x3b,0x0a,0x0a,
    0x66,0x72,0x61,0x67,0x6d,0x65,0x6e,0x74,0x20,0x6d,0x61,0x69,0x6e,0x30,0x5f,0x6f,
    0x75,0x74,0x20,0x6d,0x61,0x69,0x6e,0x30,0x28,0x6d,0x61,0x69,0x6e,0x30,0x5f,0x69,
    0x6e,0x20,0x69,0x6e,0x20,0x5b,0x5b,0x73,0x74,0x61,0x67,0x65,0x5f,0x69,0x6e,0x5d,
    0x5d,0x2c,0x20,0x63,0x6f,0x6e,0x73,0x74,0x61,0x6e,0x74,0x20,0x66,0x6c,0x6f,0x77,
    0x5f,0x70,0x61,0x72,0x61,0x6d,0x73,0x26,0x20,0x5f,0x31,0x33,0x20,0x5b,0x5b,0x62,
    0x75,0x66,0x66,0x65,0x72,0x28,0x30,0x29,0x5d,0x5d,0x2c,0x20,0x74,0x65,0x78,0x74,
    0x75,0x72,0x65,0x32,0x64,0x3c,0x66,0x6c,0x6f,0x61,0x74,0x3e,0x20,0x76,0x65,0x6c,
    0x6f,0x63,0x69,0x74,0x79,0x54,0x65,0x78,0x20,0x5b,0x5b,0x74,0x65,0x78,0x74,0x75,
    0x72,0x65,0x28,0x30,0x29,0x5d,0x5d,0x2c,0x20,0x73,0x61,0x6d,0x70,0x6c,0x65,0x72,
    0x20,0x76,0x65,0x6c,0x6f,0x63,0x69,0x74,0x79,0x53,0x6d,0x70,0x20,0x5b,0x5b,0x73,
    0x61,0x6d,0x70,0x6c,0x65,0x72,0x28,0x30,0x29,0x5d,0x5d,0x29,0x0a,0x7b,0x0a,0x20,
    0x20,0x20,0x20,0x6d,0x61,0x69,0x6e,0x30,0x5f,0x6f,0x75,0x74,0x20,0x6f,0x75,0x74,
    0x20,0x3d,0x20,0x7b,0x7d,0x3b,0x0a,0x20,0x20,0x20,0x20,0x66,0x6c,0x6f,0x61,0x74,
    0x32,0x20,0x5f,0x34,0x30,0x20,0x3d,0x20,0x66,0x6c,0x6f,0x61,0x74,0x32,0x28,0x5f,
    0x31,0x33,0x2e,0x74,0x65,0x78,0x65,0x6c,0x2e,0x78,0x2c,0x20,0x30,0x2e,0x30,0x29,
    0x3b,0x0a,0x20,0x20,0x20,0x20,0x66,0x6c,0x6f,0x61,0x74,0x32,0x20,0x5f,0x36,0x33,
    0x20,0x3d,0x20,0x66,0x6c,0x6f,0x61,0x74,0x32,0x28,0x30,0x2e,0x30,0x2c,0x20,0x5f,
    0x31,0x33,0x2e,0x74,0x65,0x78,0x65,0x6c,0x2e,0x79,0x29,0x3b,0x0a,0x20,0x20,0x20,
    0x20,0x66,0x6c,0x6f,0x61,0x74,0x20,0x5f,0x39,0x31,0x20,0x3d,0x20,0x5f,0x31,0x33,
    0x2e,0x6f,0x70,0x74,0x69,0x6f,0x6e,0x73,0x2e,0x77,0x20,0x2a,0x20,0x28,0x28,0x76,
    0x65,0x6c,0x6f,0x63,0x69,0x74,0x79,0x54,0x65,0x78,0x2e,0x73,0x61,0x6d,0x70,0x6c,
    0x65,0x28,0x76,0x65,0x6c,0x6f,0x63,0x69,0x74,0x79,0x53,0x6d,0x70,0x2c,0x20,0x28,
    0x69,0x6e,0x2e,0x75,0x76,0x20,0x2b,0x20,0x5f,0x36,0x33,0x29,0x29,0x2e,0x78,0x20,
    0x2d,0x20,0x76,0x65,0x6c,0x6f,0x63,0x69,0x74,0x79,0x54,0x65,0x78,0x2e,0x73,0x61,
    0x6d,0x70,0x6c,0x65,0x28,0x76,0x65,0x6c,0x6f,0x63,0x69,0x74,0x79,0x53,0x6d,0x70,
    0x2c,0x20,0x28,0x69,0x6e,0x2e,0x75,0x76,0x20,0x2d,0x20,0x5f,0x36,0x33,0x29,0x29,
    0x2e,0x78,0x29,0x20,0x2d,0x20,0x28,0x76,0x65,0x6c,0x6f,0x63,0x69,0x74,0x79,0x54,
    0x65,0x78,0x2e,0x73,0x61,0x6d,0x70,0x6c,0x65,0x28,0x76,0x65,0x6c,0x6f,0x63,0x69,
    0x74,0x79,0x53,0x6d,0x70,0x2c,0x20,0x28,0x69,0x6e,0x2e,0x75,0x76,0x20,0x2b,0x20,
    0x5f,0x34,0x30,0x29,0x29,0x2e,0x79,0x20,0x2d,0x20,0x76,0x65,0x6c,0x6f,0x63,0x69,
    0x74,0x79,0x54,0x65,0x78,0x2e,0x73,0x61,0x6d,0x70,0x6c,0x65,0x28,0x76,0x65,0x6c,
    0x6f,0x63,0x69,0x74,0x79,0x53,0x6d,0x70,0x2c,0x20,0x28,0x69,0x6e,0x2e,0x75,0x76,
    0x20,0x2d,0x20,0x5f,0x34,0x30,0x29,0x29,0x2e,0x79,0x29,0x29,0x3b,0x0a,0x20,0x20,
    0x20,0x20,0x6f,0x75,0x74,0x2e,0x66,0x72,0x61,0x67,0x5f,0x63,0x6f,0x6c,0x6f,0x72,
    0x20,0x3d,0x20,0x66,0x6c,0x6f,0x61,0x74,0x34,0x28,0x5f,0x39,0x31,0x2c,0x20,0x5f,
    0x39,0x31,0x2c,0x20,0x5f,0x39,0x31,0x2c,0x20,0x31,0x2e,0x30,0x29,0x3b,0x0a,0x20,
    0x20,0x20,0x20,0x72,0x65,0x74,0x75,0x72,0x6e,0x20,0x6f,0x75,0x74,0x3b,0x0a,0x7d,
    0x0a,0x0a,0x00,
};
/*
    #include <metal_stdlib>
    #include <simd/simd.h>

    using namespace metal;

    struct flow_params
    {
        float4 color;
        float4 resolution;
        float4 texel;
        float4 options;
    };

    struct main0_out
    {
        float4 frag_color [[color(0)]];
    };

    struct main0_in
    {
        float2 uv [[user(locn0)]];
    };

    fragment main0_out main0(main0_in in [[stage_in]], constant flow_params& _13 [[buffer(0)]], texture2d<float> velocityTex [[texture(0)]], texture2d<float> curlTex [[texture(1)]], sampler velocitySmp [[sampler(0)]], sampler curlSmp [[sampler(1)]])
    {
        main0_out out = {};
        float2 _40 = float2(_13.texel.x, 0.0);
        float2 _65 = float2(0.0, _13.texel.y);
        out.frag_color = float4(velocityTex.sample(velocitySmp, in.uv).xy + ((((fast::normalize(float2(abs(curlTex.sample(curlSmp, (in.uv + _65)).x) - abs(curlTex.sample(curlSmp, (in.uv - _65)).x), abs(curlTex.sample(curlSmp, (in.uv + _40)).x) - abs(curlTex.sample(curlSmp, (in.uv - _40)).x)) + float2(9.9999999747524270787835121154785e-07)) * float2(-1.0, 1.0)) * curlTex.sample(curlSmp, in.uv).x) * _13.options.x) * _13.options.y), 0.0, 1.0);
        return out;
    }

*/
static const uint8_t fs_vorticity_force_source_metal_macos[1107] = {
    0x23,0x69,0x6e,0x63,0x6c,0x75,0x64,0x65,0x20,0x3c,0x6d,0x65,0x74,0x61,0x6c,0x5f,
    0x73,0x74,0x64,0x6c,0x69,0x62,0x3e,0x0a,0x23,0x69,0x6e,0x63,0x6c,0x75,0x64,0x65,
    0x20,0x3c,0x73,0x69,0x6d,0x64,0x2f,0x73,0x69,0x6d,0x64,0x2e,0x68,0x3e,0x0a,0x0a,
    0x75,0x73,0x69,0x6e,0x67,0x20,0x6e,0x61,0x6d,0x65,0x73,0x70,0x61,0x63,0x65,0x20,
    0x6d,0x65,0x74,0x61,0x6c,0x3b,0x0a,0x0a,0x73,0x74,0x72,0x75,0x63,0x74,0x20,0x66,
    0x6c,0x6f,0x77,0x5f,0x70,0x61,0x72,0x61,0x6d,0x73,0x0a,0x7b,0x0a,0x20,0x20,0x20,
    0x20,0x66,0x6c,0x6f,0x61,0x74,0x34,0x20,0x63,0x6f,0x6c,0x6f,0x72,0x3b,0x0a,0x20,
    0x20,0x20,0x20,0x66,0x6c,0x6f,0x61,0x74,0x34,0x20,0x72,0x65,0x73,0x6f,0x6c,0x75,
    0x74,0x69,0x6f,0x6e,0x3b,0x0a,0x20,0x20,0x20,0x20,0x66,0x6c,0x6f,0x61,0x74,0x34,
    0x20,0x74,0x65,0x78,0x65,0x6c,0x3b,0x0a,0x20,0x20,0x20,0x20,0x66,0x6c,0x6f,0x61,
    0x74,0x34,0x20,0x6f,0x70,0x74,0x69,0x6f,0x6e,0x73,0x3b,0x0a,0x7d,0x3b,0x0a,0x0a,
    0x73,0x74,0x72,0x75,0x63,0x74,0x20,0x6d,0x61,0x69,0x6e,0x30,0x5f,0x6f,0x75,0x74,
    0x0a,0x7b,0x0a,0x20,0x20,0x20,0x20,0x66,0x6c,0x6f,0x61,0x74,0x34,0x20,0x66,0x72,
    0x61,0x67,0x5f,0x63,0x6f,0x6c,0x6f,0x72,0x20,0x5b,0x5b,0x63,0x6f,0x6c,0x6f,0x72,
    0x28,0x30,0x29,0x5d,0x5d,0x3b,0x0a,0x7d,0x3b,0x0a,0x0a,0x73,0x74,0x72,0x75,0x63,
    0x74,0x20,0x6d,0x61,0x69,0x6e,0x30,0x5f,0x69,0x6e,0x0a,0x7b,0x0a,0x20,0x20,0x20,
    0x20,0x66,0x6c,0x6f,0x61,0x74,0x32,0x20,0x75,0x76,0x20,0x5b,0x5b,0x75,0x73,0x65,
    0x72,0x28,0x6c,0x6f,0x63,0x6e,0x30,0x29,0x5d,0x5d,0x3b,0x0a,0x7d,0x3b,0x0a,0x0a,
    0x66,0x72,0x61,0x67,0x6d,0x65,0x6e,0x74,0x20,0x6d,0x61,0x69,0x6e,0x30,0x5f,0x6f,
    0x75,0x74,0x20,0x6d,0x61,0x69,0x6e,0x30,0x28,0x6d,0x61,0x69,0x6e,0x30,0x5f,0x69,
    0x6e,0x20,0x69,0x6e,0x20,0x5b,0x5b,0x73,0x74,0x61,0x67,0x65,0x5f,0x69,0x6e,0x5d,
    0x5d,0x2c,0x20,0x63,0x6f,0x6e,0x73,0x74,0x61,0x6e,0x74,0x20,0x66,0x6c,0x6f,0x77,
    0x5f,0x70,0x61,0x72,0x61,0x6d,0x73,0x26,0x20,0x5f,0x31,0x33,0x20,0x5b,0x5b,0x62,
    0x75,0x66,0x66,0x65,0x72,0x28,0x30,0x29,0x5d,0x5d,0x2c,0x20,0x74,0x65,0x78,0x74,
    0x75,0x72,0x65,0x32,0x64,0x3c,0x66,0x6c,0x6f,0x61,0x74,0x3e,0x20,0x76,0x65,0x6c,
    0x6f,0x63,0x69,0x74,0x79,0x54,0x65,0x78,0x20,0x5b,0x5b,0x74,0x65,0x78,0x74,0x75,
    0x72,0x65,0x28,0x30,0x29,0x5d,0x5d,0x2c,0x20,0x74,0x65,0x78,0x74,0x75,0x72,0x65,
    0x32,0x64,0x3c,0x66,0x6c,0x6f,0x61,0x74,0x3e,0x20,0x63,0x75,0x72,0x6c,0x54,0x65,
    0x78,0x20,0x5b,0x5b,0x74,0x65,0x78,0x74,0x75,0x72,0x65,0x28,0x31,0x29,0x5d,0x5d,
    0x2c,0x20,0x73,0x61,0x6d,0x70,0x6c,0x65,0x72,0x20,0x76,0x65,0x6c,0x6f,0x63,0x69,
    0x74,0x79,0x53,0x6d,0x70,0x20,0x5b,0x5b,0x73,0x61,0x6d,0x70,0x6c,0x65,0x72,0x28,
    0x30,0x29,0x5d,0x5d,0x2c,0x20,0x73,0x61,0x6d,0x70,0x6c,0x65,0x72,0x20,0x63,0x75,
    0x72,0x6c,0x53,0x6d,0x70,0x20,0x5b,0x5b,0x73,0x61,0x6d,0x70,0x6c,0x65,0x72,0x28,
    0x31,0x29,0x5d,0x5d,0x29,0x0a,0x7b,0x0a,0x20,0x20,0x20,0x20,0x6d,0x61,0x69,0x6e,
    0x30,0x5f,0x6f,0x75,0x74,0x20,0x6f,0x75,0x74,0x20,0x3d,0x20,0x7b,0x7d,0x3b,0x0a,
    0x20,0x20,0x20,0x20,0x66,0x6c,0x6f,0x61,0x74,0x32,0x20,0x5f,0x34,0x30,0x20,0x3d,
    0x20,0x66,0x6c,0x6f,0x61,0x74,0x32,0x28,0x5f,0x31,0x33,0x2e,0x74,0x65,0x78,0x65,
    0x6c,0x2e,0x78,0x2c,0x20,0x30,0x2e,0x30,0x29,0x3b,0x0a,0x20,0x20,0x20,0x20,0x66,
    0x6c,0x6f,0x61,0x74,0x32,0x20,0x5f,0x36,0x35,0x20,0x3d,0x20,0x66,0x6c,0x6f,0x61,
    0x74,0x32,0x28,0x30,0x2e,0x30,0x2c,0x20,0x5f,0x31,0x33,0x2e,0x74,0x65,0x78,0x65,
    0x6c,0x2e,0x79,0x29,0x3b,0x0a,0x20,0x20,0x20,0x20,0x6f,0x75,0x74,0x2e,0x66,0x72,
    0x61,0x67,0x5f,0x63,0x6f,0x6c,0x6f,0x72,0x20,0x3d,0x20,0x66,0x6c,0x6f,0x61,0x74,
    0x34,0x28,0x76,0x65,0x6c,0x6f,0x63,0x69,0x74,0x79,0x54,0x65,0x78,0x2e,0x73,0x61,
    0x6d,0x70,0x6c,0x65,0x28,0x76,0x65,0x6c,0x6f,0x63,0x69,0x74,0x79,0x53,0x6d,0x70,
    0x2c,0x20,0x69,0x6e,0x2e,0x75,0x76,0x29,0x2e,0x78,0x79,0x20,0x2b,0x20,0x28,0x28,
    0x28,0x28,0x66,0x61,0x73,0x74,0x3a,0x3a,0x6e,0x6f,0x72,0x6d,0x61,0x6c,0x69,0x7a,
    0x65,0x28,0x66,0x6c,0x6f,0x61,0x74,0x32,0x28,0x61,0x62,0x73,0x28,0x63,0x75,0x72,
    0x6c,0x54,0x65,0x78,0x2e,0x73,0x61,0x6d,0x70,0x6c,0x65,0x28,0x63,0x75,0x72,0x6c,
    0x53,0x6d,0x70,0x2c,0x20,0x28,0x69,0x6e,0x2e,0x75,0x76,0x20,0x2b,0x20,0x5f,0x36,
    0x35,0x29,0x29,0x2e,0x78,0x29,0x20,0x2d,0x20,0x61,0x62,0x73,0x28,0x63,0x75,0x72,
    0x6c,0x54,0x65,0x78,0x2e,0x73,0x61,0x6d,0x70,0x6c,0x65,0x28,0x63,0x75,0x72,0x6c,
    0x53,0x6d,0x70,0x2c,0x20,0x28,0x69,0x6e,0x2e,0x75,0x76,0x20,0x2d,0x20,0x5f,0x36,
    0x35,0x29,0x29,0x2e,0x78,0x29,0x2c,0x20,0x61,0x62,0x73,0x28,0x63,0x75,0x72,0x6c,
    0x54,0x65,0x78,0x2e,0x73,0x61,0x6d,0x70,0x6c,0x65,0x28,0x63,0x75,0x72,0x6c,0x53,
    0x6d,0x70,0x2c,0x20,0x28,0x69,0x6e,0x2e,0x75,0x76,0x20,0x2b,0x20,0x5f,0x34,0x30,
    0x29,0x29,0x2e,0x78,0x29,0x20,0x2d,0x20,0x61,0x62,0x73,0x28,0x63,0x75,0x72,0x6c,
    0x54,0x65,0x78,0x2e,0x73,0x61,0x6d,0x70,0x6c,0x65,0x28,0x63,0x75,0x72,0x6c,0x53,
    0x6d,0x70,0x2c,0x20,0x28,0x69,0x6e,0x2e,0x75,0x76,0x20,0x2d,0x20,0x5f,0x34,0x30,
    0x29,0x29,0x2e,0x78,0x29,0x29,0x20,0x2b,0x20,0x66,0x6c,0x6f,0x61,0x74,0x32,0x28,
    0x39,0x2e,0x39,0x39,0x39,0x39,0x39,0x39,0x39,0x37,0x34,0x37,0x35,0x32,0x34,0x32,
    0x37,0x30,0x37,0x38,0x37,0x38,0x33,0x35,0x31,0x32,0x31,0x31,0x35,0x34,0x37,0x38,
    0x35,0x65,0x2d,0x30,0x37,0x29,0x29,0x20,0x2a,0x20,0x66,0x6c,0x6f,0x61,0x74,0x32,
    0x28,0x2d,0x31,0x2e,0x30,0x2c,0x20,0x31,0x2e,0x30,0x29,0x29,0x20,0x2a,0x20,0x63,
    0x75,0x72,0x6c,0x54,0x65,0x78,0x2e,0x73,0x61,0x6d,0x70,0x6c,0x65,0x28,0x63,0x75,
    0x72,0x6c,0x53,0x6d,0x70,0x2c,0x20,0x69,0x6e,0x2e,0x75,0x76,0x29,0x2e,0x78,0x29,
    0x20,0x2a,0x20,0x5f,0x31,0x33,0x2e,0x6f,0x70,0x74,0x69,0x6f,0x6e,0x73,0x2e,0x78,
    0x29,0x20,0x2a,0x20,0x5f,0x31,0x33,0x2e,0x6f,0x70,0x74,0x69,0x6f,0x6e,0x73,0x2e,
    0x79,0x29,0x2c,0x20,0x30,0x2e,0x30,0x2c,0x20,0x31,0x2e,0x30,0x29,0x3b,0x0a,0x20,
    0x20,0x20,0x20,0x72,0x65,0x74,0x75,0x72,0x6e,0x20,0x6f,0x75,0x74,0x3b,0x0a,0x7d,
    0x0a,0x0a,0x00,
};
/*
    #include <metal_stdlib>
    #include <simd/simd.h>

    using namespace metal;

    struct flow_params
    {
        float4 color;
        float4 resolution;
        float4 texel;
        float4 options;
    };

    struct main0_out
    {
        float4 frag_color [[color(0)]];
    };

    struct main0_in
    {
        float2 uv [[user(locn0)]];
    };

    fragment main0_out main0(main0_in in [[stage_in]], constant flow_params& _52 [[buffer(0)]], texture2d<float> velocityTex [[texture(0)]], texture2d<float> temperatureTex [[texture(1)]], texture2d<float> densityTex [[texture(2)]], sampler velocitySmp [[sampler(0)]], sampler temperatureSmp [[sampler(1)]], sampler densitySmp [[sampler(2)]])
    {
        main0_out out = {};
        float4 _24 = velocityTex.sample(velocitySmp, in.uv);
        out.frag_color = float4(_24.x, _24.y - (((temperatureTex.sample(temperatureSmp, in.uv).x * _52.options.y) - (densityTex.sample(densitySmp, in.uv).w * _52.options.z)) * _52.options.x), 0.0, 1.0);
        return out;
    }

*/
static const uint8_t fs_buoyancy_source_metal_macos[929] = {
    0x23,0x69,0x6e,0x63,0x6c,0x75,0x64,0x65,0x20,0x3c,0x6d,0x65,0x74,0x61,0x6c,0x5f,
    0x73,0x74,0x64,0x6c,0x69,0x62,0x3e,0x0a,0x23,0x69,0x6e,0x63,0x6c,0x75,0x64,0x65,
    0x20,0x3c,0x73,0x69,0x6d,0x64,0x2f,0x73,0x69,0x6d,0x64,0x2e,0x68,0x3e,0x0a,0x0a,
    0x75,0x73,0x69,0x6e,0x67,0x20,0x6e,0x61,0x6d,0x65,0x73,0x70,0x61,0x63,0x65,0x20,
    0x6d,0x65,0x74,0x61,0x6c,0x3b,0x0a,0x0a,0x73,0x74,0x72,0x75,0x63,0x74,0x20,0x66,
    0x6c,0x6f,0x77,0x5f,0x70,0x61,0x72,0x61,0x6d,0x73,0x0a,0x7b,0x0a,0x20,0x20,0x20,
    0x20,0x66,0x6c,0x6f,0x61,0x74,0x34,0x20,0x63,0x6f,0x6c,0x6f,0x72,0x3b,0x0a,0x20,
    0x20,0x20,0x20,0x66,0x6c,0x6f,0x61,0x74,0x34,0x20,0x72,0x65,0x73,0x6f,0x6c,0x75,
    0x74,0x69,0x6f,0x6e,0x3b,0x0a,0x20,0x20,0x20,0x20,0x66,0x6c,0x6f,0x61,0x74,0x34,
    0x20,0x74,0x65,0x78,0x65,0x6c,0x3b,0x0a,0x20,0x20,0x20,0x20,0x66,0x6c,0x6f,0x61,
    0x74,0x34,0x20,0x6f,0x70,0x74,0x69,0x6f,0x6e,0x73,0x3b,0x0a,0x7d,0x3b,0x0a,0x0a,
    0x73,0x74,0x72,0x75,0x63,0x74,0x20,0x6d,0x61,0x69,0x6e,0x30,0x5f,0x6f,0x75,0x74,
    0x0a,0x7b,0x0a,0x20,0x20,0x20,0x20,0x66,0x6c,0x6f,0x61,0x74,0x34,0x20,0x66,0x72,
    0x61,0x67,0x5f,0x63,0x6f,0x6c,0x6f,0x72,0x20,0x5b,0x5b,0x63,0x6f,0x6c,0x6f,0x72,
    0x28,0x30,0x29,0x5d,0x5d,0x3b,0x0a,0x7d,0x3b,0x0a,0x0a,0x73,0x74,0x72,0x75,0x63,
    0x74,0x20,0x6d,0x61,0x69,0x6e,0x30,0x5f,0x69,0x6e,0x0a,0x7b,0x0a,0x20,0x20,0x20,
    0x20,0x66,0x6c,0x6f,0x61,0x74,0x32,0x20,0x75,0x76,0x20,0x5b,0x5b,0x75,0x73,0x65,
    0x72,0x28,0x6c,0x6f,0x63,0x6e,0x30,0x29,0x5d,0x5d,0x3b,0x0a,0x7d,0x3b,0x0a,0x0a,
    0x66,0x72,0x61,0x67,0x6d,0x65,0x6e,0x74,0x20,0x6d,0x61,0x69,0x6e,0x30,0x5f,0x6f,
    0x75,0x74,0x20,0x6d,0x61,0x69,0x6e,0x30,0x28,0x6d,0x61,0x69,0x6e,0x30,0x5f,0x69,
    0x6e,0x20,0x69,0x6e,0x20,0x5b,0x5b,0x73,0x74,0x61,0x67,0x65,0x5f,0x69,0x6e,0x5d,
    0x5d,0x2c,0x20,0x63,0x6f,0x6e,0x73,0x74,0x61,0x6e,0x74,0x20,0x66,0x6c,0x6f,0x77,
    0x5f,0x70,0x61,0x72,0x61,0x6d,0x73,0x26,0x20,0x5f,0x35,0x32,0x20,0x5b,0x5b,0x62,
    0x75,0x66,0x66,0x65,0x72,0x28,0x30,0x29,0x5d,0x5d,0x2c,0x20,0x74,0x65,0x78,0x74,
    0x75,0x72,0x65,0x32,0x64,0x3c,0x66,0x6c,0x6f,0x61,0x74,0x3e,0x20,0x76,0x65,0x6c,
    0x6f,0x63,0x69,0x74,0x79,0x54,0x65,0x78,0x20,0x5b,0x5b,0x74,0x65,0x78,0x74,0x75,
    0x72,0x65,0x28,0x30,0x29,0x5d,0x5d,0x2c,0x20,0x74,0x65,0x78,0x74,0x75,0x72,0x65,
    0x32,0x64,0x3c,0x66,0x6c,0x6f,0x61,0x74,0x3e,0x20,0x74,0x65,0x6d,0x70,0x65,0x72,
    0x61,0x74,0x75,0x72,0x65,0x54,0x65,0x78,0x20,0x5b,0x5b,0x74,0x65,0x78,0x74,0x75,
    0x72,0x65,0x28,0x31,0x29,0x5d,0x5d,0x2c,0x20,0x74,0x65,0x78,0x74,0x75,0x72,0x65,
    0x32,0x64,0x3c,0x66,0x6c,0x6f,0x61,0x74,0x3e,0x20,0x64,0x65,0x6e,0x73,0x69,0x74,
    0x79,0x54,0x65,0x78,0x20,0x5b,0x5b,0x74,0x65,0x78,0x74,0x75,0x72,0x65,0x28,0x32,
    0x29,0x5d,0x5d,0x2c,0x20,0x73,0x61,0x6d,0x70,0x6c,0x65,0x72,0x20,0x76,0x65,0x6c,
    0x6f,0x63,0x69,0x74,0x79,0x53,0x6d,0x70,0x20,0x5b,0x5b,0x73,0x61,0x6d,0x70,0x6c,
    0x65,0x72,0x28,0x30,0x29,0x5d,0x5d,0x2c,0x20,0x73,0x61,0x6d,0x70,0x6c,0x65,0x72,
    0x20,0x74,0x65,0x6d,0x70,0x65,0x72,0x61,0x74,0x75,0x72,0x65,0x53,0x6d,0x70,0x20,
    0x5b,0x5b,0x73,0x61,0x6d,0x70,0x6c,0x65,0x72,0x28,0x31,0x29,0x5d,0x5d,0x2c,0x20,
    0x73,0x61,0x6d,0x70,0x6c,0x65,0x72,0x20,0x64,0x65,0x6e,0x73,0x69,0x74,0x79,0x53,
    0x6d,0x70,0x20,0x5b,0x5b,0x73,0x61,0x6d,0x70,0x6c,0x65,0x72,0x28,0x32,0x29,0x5d,
    0x5d,0x29,0x0a,0x7b,0x0a,0x20,0x20,0x20,0x20,0x6d,0x61,0x69,0x6e,0x30,0x5f,0x6f,
    0x75,0x74,0x20,0x6f,0x75,0x74,0x20,0x3d,0x20,0x7b,0x7d,0x3b,0x0a,0x20,0x20,0x20,
    0x20,0x66,0x6c,0x6f,0x61,0x74,0x34,0x20,0x5f,0x32,0x34,0x20,0x3d,0x20,0x76,0x65,
    0x6c,0x6f,0x63,0x69,0x74,0x79,0x54,0x65,0x78,0x2e,0x73,0x61,0x6d,0x70,0x6c,0x65,
    0x28,0x76,0x65,0x6c,0x6f,0x63,0x69,0x74,0x79,0x53,0x6d,0x70,0x2c,0x20,0x69,0x6e,
    0x2e,0x75,0x76,0x29,0x3b,0x0a,0x20,0x20,0x20,0x20,0x6f,0x75,0x74,0x2e,0x66,0x72,
    0x61,0x67,0x5f,0x63,0x6f,0x6c,0x6f,0x72,0x20,0x3d,0x20,0x66,0x6c,0x6f,0x61,0x74,
    0x34,0x28,0x5f,0x32,0x34,0x2e,0x78,0x2c,0x20,0x5f,0x32,0x34,0x2e,0x79,0x20,0x2d,
    0x20,0x28,0x28,0x28,0x74,0x65,0x6d,0x70,0x65,0x72,0x61,0x74,0x75,0x72,0x65,0x54,
    0x65,0x78,0x2e,0x73,0x61,0x6d,0x70,0x6c,0x65,0x28,0x74,0x65,0x6d,0x70,0x65,0x72,
    0x61,0x74,0x75,0x72,0x65,0x53,0x6d,0x70,0x2c,0x20,0x69,0x6e,0x2e,0x75,0x76,0x29,
    0x2e,0x78,0x20,0x2a,0x20,0x5f,0x35,0x32,0x2e,0x6f,0x70,0x74,0x69,0x6f,0x6e,0x73,
    0x2e,0x79,0x29,0x20,0x2d,0x20,0x28,0x64,0x65,0x6e,0x73,0x69,0x74,0x79,0x54,0x65,
    0x78,0x2e,0x73,0x61,0x6d,0x70,0x6c,0x65,0x28,0x64,0x65,0x6e,0x73,0x69,0x74,0x79,
    0x53,0x6d,0x70,0x2c,0x20,0x69,0x6e,0x2e,0x75,0x76,0x29,0x2e,0x77,0x20,0x2a,0x20,
    0x5f,0x35,0x32,0x2e,0x6f,0x70,0x74,0x69,0x6f,0x6e,0x73,0x2e,0x7a,0x29,0x29,0x20,
    0x2a,0x20,0x5f,0x35,0x32,0x2e,0x6f,0x70,0x74,0x69,0x6f,0x6e,0x73,0x2e,0x78,0x29,
    0x2c,0x20,0x30,0x2e,0x30,0x2c,0x20,0x31,0x2e,0x30,0x29,0x3b,0x0a,0x20,0x20,0x20,
    0x20,0x72,0x65,0x74,0x75,0x72,0x6e,0x20,0x6f,0x75,0x74,0x3b,0x0a,0x7d,0x0a,0x0a,
    0x00,
};
/*
    #include <metal_stdlib>
    #include <simd/simd.h>

    using namespace metal;

    struct flow_params
    {
        float4 color;
        float4 resolution;
        float4 texel;
        float4 options;
    };

    struct main0_out
    {
        float4 frag_color [[color(0)]];
    };

    struct main0_in
    {
        float2 uv [[user(locn0)]];
    };

    fragment main0_out main0(main0_in in [[stage_in]], constant flow_params& _30 [[buffer(0)]], texture2d<float> fluidSourceTex [[texture(0)]], sampler fluidSourceSmp [[sampler(1)]])
    {
        main0_out out = {};
        out.frag_color = float4(fast::max(fluidSourceTex.sample(fluidSourceSmp, in.uv).x, smoothstep(1.0, 0.0, length((in.uv * _30.resolution.xy) - _30.texel.zw) / fast::max(_30.options.z, 1.0)) * _30.options.x));
        return out;
    }

*/
static const uint8_t fs_obstacle_splat_source_metal_macos[723] = {
    0x23,0x69,0x6e,0x63,0x6c,0x75,0x64,0x65,0x20,0x3c,0x6d,0x65,0x74,0x61,0x6c,0x5f,
    0x73,0x74,0x64,0x6c,0x69,0x62,0x3e,0x0a,0x23,0x69,0x6e,0x63,0x6c,0x75,0x64,0x65,
    0x20,0x3c,0x73,0x69,0x6d,0x64,0x2f,0x73,0x69,0x6d,0x64,0x2e,0x68,0x3e,0x0a,0x0a,
    0x75,0x73,0x69,0x6e,0x67,0x20,0x6e,0x61,0x6d,0x65,0x73,0x70,0x61,0x63,0x65,0x20,
    0x6d,0x65,0x74,0x61,0x6c,0x3b,0x0a,0x0a,0x73,0x74,0x72,0x75,0x63,0x74,0x20,0x66,
    0x6c,0x6f,0x77,0x5f,0x70,0x61,0x72,0x61,0x6d,0x73,0x0a,0x7b,0x0a,0x20,0x20,0x20,
    0x20,0x66,0x6c,0x6f,0x61,0x74,0x34,0x20,0x63,0x6f,0x6c,0x6f,0x72,0x3b,0x0a,0x20,
    0x20,0x20,0x20,0x66,0x6c,0x6f,0x61,0x74,0x34,0x20,0x72,0x65,0x73,0x6f,0x6c,0x75,
    0x74,0x69,0x6f,0x6e,0x3b,0x0a,0x20,0x20,0x20,0x20,0x66,0x6c,0x6f,0x61,0x74,0x34,
    0x20,0x74,0x65,0x78,0x65,0x6c,0x3b,0x0a,0x20,0x20,0x20,0x20,0x66,0x6c,0x6f,0x61,
    0x74,0x34,0x20,0x6f,0x70,0x74,0x69,0x6f,0x6e,0x73,0x3b,0x0a,0x7d,0x3b,0x0a,0x0a,
    0x73,0x74,0x72,0x75,0x63,0x74,0x20,0x6d,0x61,0x69,0x6e,0x30,0x5f,0x6f,0x75,0x74,
    0x0a,0x7b,0x0a,0x20,0x20,0x20,0x20,0x66,0x6c,0x6f,0x61,0x74,0x34,0x20,0x66,0x72,
    0x61,0x67,0x5f,0x63,0x6f,0x6c,0x6f,0x72,0x20,0x5b,0x5b,0x63,0x6f,0x6c,0x6f,0x72,
    0x28,0x30,0x29,0x5d,0x5d,0x3b,0x0a,0x7d,0x3b,0x0a,0x0a,0x73,0x74,0x72,0x75,0x63,
    0x74,0x20,0x6d,0x61,0x69,0x6e,0x30,0x5f,0x69,0x6e,0x0a,0x7b,0x0a,0x20,0x20,0x20,
    0x20,0x66,0x6c,0x6f,0x61,0x74,0x32,0x20,0x75,0x76,0x20,0x5b,0x5b,0x75,0x73,0x65,
    0x72,0x28,0x6c,0x6f,0x63,0x6e,0x30,0x29,0x5d,0x5d,0x3b,0x0a,0x7d,0x3b,0x0a,0x0a,
    0x66,0x72,0x61,0x67,0x6d,0x65,0x6e,0x74,0x20,0x6d,0x61,0x69,0x6e,0x30,0x5f,0x6f,
    0x75,0x74,0x20,0x6d,0x61,0x69,0x6e,0x30,0x28,0x6d,0x61,0x69,0x6e,0x30,0x5f,0x69,
    0x6e,0x20,0x69,0x6e,0x20,0x5b,0x5b,0x73,0x74,0x61,0x67,0x65,0x5f,0x69,0x6e,0x5d,
    0x5d,0x2c,0x20,0x63,0x6f,0x6e,0x73,0x74,0x61,0x6e,0x74,0x20,0x66,0x6c,0x6f,0x77,
    0x5f,0x70,0x61,0x72,0x61,0x6d,0x73,0x26,0x20,0x5f,0x33,0x30,0x20,0x5b,0x5b,0x62,
    0x75,0x66,0x66,0x65,0x72,0x28,0x30,0x29,0x5d,0x5d,0x2c,0x20,0x74,0x65,0x78,0x74,
    0x75,0x72,0x65,0x32,0x64,0x3c,0x66,0x6c,0x6f,0x61,0x74,0x3e,0x20,0x66,0x6c,0x75,
    0x69,0x64,0x53,0x6f,0x75,0x72,0x63,0x65,0x54,0x65,0x78,0x20,0x5b,0x5b,0x74,0x65,
    0x78,0x74,0x75,0x72,0x65,0x28,0x30,0x29,0x5d,0x5d,0x2c,0x20,0x73,0x61,0x6d,0x70,
    0x6c,0x65,0x72,0x20,0x66,0x6c,0x75,0x69,0x64,0x53,0x6f,0x75,0x72,0x63,0x65,0x53,
    0x6d,0x70,0x20,0x5b,0x5b,0x73,0x61,0x6d,0x70,0x6c,0x65,0x72,0x28,0x31,0x29,0x5d,
    0x5d,0x29,0x0a,0x7b,0x0a,0x20,0x20,0x20,0x20,0x6d,0x61,0x69,0x6e,0x30,0x5f,0x6f,
    0x75,0x74,0x20,0x6f,0x75,0x74,0x20,0x3d,0x20,0x7b,0x7d,0x3b,0x0a,0x20,0x20,0x20,
    0x20,0x6f,0x75,0x74,0x2e,0x66,0x72,0x61,0x67,0x5f,0x63,0x6f,0x6c,0x6f,0x72,0x20,
    0x3d,0x20,0x66,0x6c,0x6f,0x61,0x74,0x34,0x28,0x66,0x61,0x73,0x74,0x3a,0x3a,0x6d,
    0x61,0x78,0x28,0x66,0x6c,0x75,0x69,0x64,0x53,0x6f,0x75,0x72,0x63,0x65,0x54,0x65,
    0x78,0x2e,0x73,0x61,0x6d,0x70,0x6c,0x65,0x28,0x66,0x6c,0x75,0x69,0x64,0x53,0x6f,
    0x75,0x72,0x63,0x65,0x53,0x6d,0x70,0x2c,0x20,0x69,0x6e,0x2e,0x75,0x76,0x29,0x2e,
    0x78,0x2c,0x20,0x73,0x6d,0x6f,0x6f,0x74,0x68,0x73,0x74,0x65,0x70,0x28,0x31,0x2e,
    0x30,0x2c,0x20,0x30,0x2e,0x30,0x2c,0x20,0x6c,0x65,0x6e,0x67,0x74,0x68,0x28,0x28,
    0x69,0x6e,0x2e,0x75,0x76,0x20,0x2a,0x20,0x5f,0x33,0x30,0x2e,0x72,0x65,0x73,0x6f,
    0x6c,0x75,0x74,0x69,0x6f,0x6e,0x2e,0x78,0x79,0x29,0x20,0x2d,0x20,0x5f,0x33,0x30,
    0x2e,0x74,0x65,0x78,0x65,0x6c,0x2e,0x7a,0x77,0x29,0x20,0x2f,0x20,0x66,0x61,0x73,
    0x74,0x3a,0x3a,0x6d,0x61,0x78,0x28,0x5f,0x33,0x30,0x2e,0x6f,0x70,0x74,0x69,0x6f,
    0x6e,0x73,0x2e,0x7a,0x2c,0x20,0x31,0x2e,0x30,0x29,0x29,0x20,0x2a,0x20,0x5f,0x33,
    0x30,0x2e,0x6f,0x70,0x74,0x69,0x6f,0x6e,0x73,0x2e,0x78,0x29,0x29,0x3b,0x0a,0x20,
    0x20,0x20,0x20,0x72,0x65,0x74,0x75,0x72,0x6e,0x20,0x6f,0x75,0x74,0x3b,0x0a,0x7d,
    0x0a,0x0a,0x00,
};
/*
    #include <metal_stdlib>
    #include <simd/simd.h>

    using namespace metal;

    struct flow_params
    {
        float4 color;
        float4 resolution;
        float4 texel;
        float4 options;
    };

    struct main0_out
    {
        float4 frag_color [[color(0)]];
    };

    struct main0_in
    {
        float2 uv [[user(locn0)]];
    };

    fragment main0_out main0(main0_in in [[stage_in]], constant flow_params& _13 [[buffer(0)]], texture2d<float> obstacleOffsetSourceTex [[texture(0)]], sampler obstacleOffsetSourceSmp [[sampler(0)]])
    {
        main0_out out = {};
        float2 _40 = float2(0.0, _13.texel.y);
        float2 _63 = float2(_13.texel.x, 0.0);
        out.frag_color = step(float4(_13.options.y), float4(obstacleOffsetSourceTex.sample(obstacleOffsetSourceSmp, (in.uv - _40)).x, obstacleOffsetSourceTex.sample(obstacleOffsetSourceSmp, (in.uv + _40)).x, obstacleOffsetSourceTex.sample(obstacleOffsetSourceSmp, (in.uv + _63)).x, obstacleOffsetSourceTex.sample(obstacleOffsetSourceSmp, (in.uv - _63)).x));
        return out;
    }

*/
static const uint8_t fs_obstacle_offset_source_metal_macos[971] = {
    0x23,0x69,0x6e,0x63,0x6c,0x75,0x64,0x65,0x20,0x3c,0x6d,0x65,0x74,0x61,0x6c,0x5f,
    0x73,0x74,0x64,0x6c,0x69,0x62,0x3e,0x0a,0x23,0x69,0x6e,0x63,0x6c,0x75,0x64,0x65,
    0x20,0x3c,0x73,0x69,0x6d,0x64,0x2f,0x73,0x69,0x6d,0x64,0x2e,0x68,0x3e,0x0a,0x0a,
    0x75,0x73,0x69,0x6e,0x67,0x20,0x6e,0x61,0x6d,0x65,0x73,0x70,0x61,0x63,0x65,0x20,
    0x6d,0x65,0x74,0x61,0x6c,0x3b,0x0a,0x0a,0x73,0x74,0x72,0x75,0x63,0x74,0x20,0x66,
    0x6c,0x6f,0x77,0x5f,0x70,0x61,0x72,0x61,0x6d,0x73,0x0a,0x7b,0x0a,0x20,0x20,0x20,
    0x20,0x66,0x6c,0x6f,0x61,0x74,0x34,0x20,0x63,0x6f,0x6c,0x6f,0x72,0x3b,0x0a,0x20,
    0x20,0x20,0x20,0x66,0x6c,0x6f,0x61,0x74,0x34,0x20,0x72,0x65,0x73,0x6f,0x6c,0x75,
    0x74,0x69,0x6f,0x6e,0x3b,0x0a,0x20,0x20,0x20,0x20,0x66,0x6c,0x6f,0x61,0x74,0x34,
    0x20,0x74,0x65,0x78,0x65,0x6c,0x3b,0x0a,0x20,0x20,0x20,0x20,0x66,0x6c,0x6f,0x61,
    0x74,0x34,0x20,0x6f,0x70,0x74,0x69,0x6f,0x6e,0x73,0x3b,0x0a,0x7d,0x3b,0x0a,0x0a,
    0x73,0x74,0x72,0x75,0x63,0x74,0x20,0x6d,0x61,0x69,0x6e,0x30,0x5f,0x6f,0x75,0x74,
    0x0a,0x7b,0x0a,0x20,0x20,0x20,0x20,0x66,0x6c,0x6f,0x61,0x74,0x34,0x20,0x66,0x72,
    0x61,0x67,0x5f,0x63,0x6f,0x6c,0x6f,0x72,0x20,0x5b,0x5b,0x63,0x6f,0x6c,0x6f,0x72,
    0x28,0x30,0x29,0x5d,0x5d,0x3b,0x0a,0x7d,0x3b,0x0a,0x0a,0x73,0x74,0x72,0x75,0x63,
    0x74,0x20,0x6d,0x61,0x69,0x6e,0x30,0x5f,0x69,0x6e,0x0a,0x7b,0x0a,0x20,0x20,0x20,
    0x20,0x66,0x6c,0x6f,0x61,0x74,0x32,0x20,0x75,0x76,0x20,0x5b,0x5b,0x75,0x73,0x65,
    0x72,0x28,0x6c,0x6f,0x63,0x6e,0x30,0x29,0x5d,0x5d,0x3b,0x0a,0x7d,0x3b,0x0a,0x0a,
    0x66,0x72,0x61,0x67,0x6d,0x65,0x6e,0x74,0x20,0x6d,0x61,0x69,0x6e,0x30,0x5f,0x6f,
    0x75,0x74,0x20,0x6d,0x61,0x69,0x6e,0x30,0x28,0x6d,0x61,0x69,0x6e,0x30,0x5f,0x69,
    0x6e,0x20,0x69,0x6e,0x20,0x5b,0x5b,0x73,0x74,0x61,0x67,0x65,0x5f,0x69,0x6e,0x5d,
    0x5d,0x2c,0x20,0x63,0x6f,0x6e,0x73,0x74,0x61,0x6e,0x74,0x20,0x66,0x6c,0x6f,0x77,
    0x5f,0x70,0x61,0x72,0x61,0x6d,0x73,0x26,0x20,0x5f,0x31,0x33,0x20,0x5b,0x5b,0x62,
    0x75,0x66,0x66,0x65,0x72,0x28,0x30,0x29,0x5d,0x5d,0x2c,0x20,0x74,0x65,0x78,0x74,
    0x75,0x72,0x65,0x32,0x64,0x3c,0x66,0x6c,0x6f,0x61,0x74,0x3e,0x20,0x6f,0x62,0x73,
    0x74,0x61,0x63,0x6c,0x65,0x4f,0x66,0x66,0x73,0x65,0x74,0x53,0x6f,0x75,0x72,0x63,
    0x65,0x54,0x65,0x78,0x20,0x5b,0x5b,0x74,0x65,0x78,0x74,0x75,0x72,0x65,0x28,0x30,
    0x29,0x5d,0x5d,0x2c,0x20,0x73,0x61,0x6d,0x70,0x6c,0x65,0x72,0x20,0x6f,0x62,0x73,
    0x74,0x61,0x63,0x6c,0x65,0x4f,0x66,0x66,0x73,0x65,0x74,0x53,0x6f,0x75,0x72,0x63,
    0x65,0x53,0x6d,0x70,0x20,0x5b,0x5b,0x73,0x61,0x6d,0x70,0x6c,0x65,0x72,0x28,0x30,
    0x29,0x5d,0x5d,0x29,0x0a,0x7b,0x0a,0x20,0x20,0x20,0x20,0x6d,0x61,0x69,0x6e,0x30,
    0x5f,0x6f,0x75,0x74,0x20,0x6f,0x75,0x74,0x20,0x3d,0x20,0x7b,0x7d,0x3b,0x0a,0x20,
    0x20,0x20,0x20,0x66,0x6c,0x6f,0x61,0x74,0x32,0x20,0x5f,0x34,0x30,0x20,0x3d,0x20,
    0x66,0x6c,0x6f,0x61,0x74,0x32,0x28,0x30,0x2e,0x30,0x2c,0x20,0x5f,0x31,0x33,0x2e,
    0x74,0x65,0x78,0x65,0x6c,0x2e,0x79,0x29,0x3b,0x0a,0x20,0x20,0x20,0x20,0x66,0x6c,
    0x6f,0x61,0x74,0x32,0x20,0x5f,0x36,0x33,0x20,0x3d,0x20,0x66,0x6c,0x6f,0x61,0x74,
    0x32,0x28,0x5f,0x31,0x33,0x2e,0x74,0x65,0x78,0x65,0x6c,0x2e,0x78,0x2c,0x20,0x30,
    0x2e,0x30,0x29,0x3b,0x0a,0x20,0x20,0x20,0x20,0x6f,0x75,0x74,0x2e,0x66,0x72,0x61,
    0x67,0x5f,0x63,0x6f,0x6c,0x6f,0x72,0x20,0x3d,0x20,0x73,0x74,0x65,0x70,0x28,0x66,
    0x6c,0x6f,0x61,0x74,0x34,0x28,0x5f,0x31,0x33,0x2e,0x6f,0x70,0x74,0x69,0x6f,0x6e,
    0x73,0x2e,0x79,0x29,0x2c,0x20,0x66,0x6c,0x6f,0x61,0x74,0x34,0x28,0x6f,0x62,0x73,
    0x74,0x61,0x63,0x6c,0x65,0x4f,0x66,0x66,0x73,0x65,0x74,0x53,0x6f,0x75,0x72,0x63,
    0x65,0x54,0x65,0x78,0x2e,0x73,0x61,0x6d,0x70,0x6c,0x65,0x28,0x6f,0x62,0x73,0x74,
    0x61,0x63,0x6c,0x65,0x4f,0x66,0x66,0x73,0x65,0x74,0x53,0x6f,0x75,0x72,0x63,0x65,
    0x53,0x6d,0x70,0x2c,0x20,0x28,0x69,0x6e,0x2e,0x75,0x76,0x20,0x2d,0x20,0x5f,0x34,
    0x30,0x29,0x29,0x2e,0x78,0x2c,0x20,0x6f,0x62,0x73,0x74,0x61,0x63,0x6c,0x65,0x4f,
    0x66,0x66,0x73,0x65,0x74,0x53,0x6f,0x75,0x72,0x63,0x65,0x54,0x65,0x78,0x2e,0x73,
    0x61,0x6d,0x70,0x6c,0x65,0x28,0x6f,0x62,0x73,0x74,0x61,0x63,0x6c,0x65,0x4f,0x66,
    0x66,0x73,0x65,0x74,0x53,0x6f,0x75,0x72,0x63,0x65,0x53,0x6d,0x70,0x2c,0x20,0x28,
    0x69,0x6e,0x2e,0x75,0x76,0x20,0x2b,0x20,0x5f,0x34,0x30,0x29,0x29,0x2e,0x78,0x2c,
    0x20,0x6f,0x62,0x73,0x74,0x61,0x63,0x6c,0x65,0x4f,0x66,0x66,0x73,0x65,0x74,0x53,
    0x6f,0x75,0x72,0x63,0x65,0x54,0x65,0x78,0x2e,0x73,0x61,0x6d,0x70,0x6c,0x65,0x28,
    0x6f,0x62,0x73,0x74,0x61,0x63,0x6c,0x65,0x4f,0x66,0x66,0x73,0x65,0x74,0x53,0x6f,
    0x75,0x72,0x63,0x65,0x53,0x6d,0x70,0x2c,0x20,0x28,0x69,0x6e,0x2e,0x75,0x76,0x20,
    0x2b,0x20,0x5f,0x36,0x33,0x29,0x29,0x2e,0x78,0x2c,0x20,0x6f,0x62,0x73,0x74,0x61,
    0x63,0x6c,0x65,0x4f,0x66,0x66,0x73,0x65,0x74,0x53,0x6f,0x75,0x72,0x63,0x65,0x54,
    0x65,0x78,0x2e,0x73,0x61,0x6d,0x70,0x6c,0x65,0x28,0x6f,0x62,0x73,0x74,0x61,0x63,
    0x6c,0x65,0x4f,0x66,0x66,0x73,0x65,0x74,0x53,0x6f,0x75,0x72,0x63,0x65,0x53,0x6d,
    0x70,0x2c,0x20,0x28,0x69,0x6e,0x2e,0x75,0x76,0x20,0x2d,0x20,0x5f,0x36,0x33,0x29,
    0x29,0x2e,0x78,0x29,0x29,0x3b,0x0a,0x20,0x20,0x20,0x20,0x72,0x65,0x74,0x75,0x72,
    0x6e,0x20,0x6f,0x75,0x74,0x3b,0x0a,0x7d,0x0a,0x0a,0x00,
};
/*
    #include <metal_stdlib>
    #include <simd/simd.h>

    using namespace metal;

    struct flow_params
    {
        float4 color;
        float4 resolution;
        float4 texel;
        float4 options;
    };

    struct main0_out
    {
        float4 frag_color [[color(0)]];
    };

    struct main0_in
    {
        float2 uv [[user(locn0)]];
    };

    fragment main0_out main0(main0_in in [[stage_in]], constant flow_params& _41 [[buffer(0)]], texture2d<float> obstacleApplySourceTex [[texture(0)]], texture2d<float> obstacleTex [[texture(1)]], sampler obstacleApplySourceSmp [[sampler(0)]], sampler obstacleSmp [[sampler(1)]])
    {
        main0_out out = {};
        out.frag_color = obstacleApplySourceTex.sample(obstacleApplySourceSmp, in.uv) * (1.0 - step(_41.options.y, obstacleTex.sample(obstacleSmp, in.uv).x));
        return out;
    }

*/
static const uint8_t fs_apply_obstacle_source_metal_macos[765] = {
    0x23,0x69,0x6e,0x63,0x6c,0x75,0x64,0x65,0x20,0x3c,0x6d,0x65,0x74,0x61,0x6c,0x5f,
    0x73,0x74,0x64,0x6c,0x69,0x62,0x3e,0x0a,0x23,0x69,0x6e,0x63,0x6c,0x75,0x64,0x65,
    0x20,0x3c,0x73,0x69,0x6d,0x64,0x2f,0x73,0x69,0x6d,0x64,0x2e,0x68,0x3e,0x0a,0x0a,
    0x75,0x73,0x69,0x6e,0x67,0x20,0x6e,0x61,0x6d,0x65,0x73,0x70,0x61,0x63,0x65,0x20,
    0x6d,0x65,0x74,0x61,0x6c,0x3b,0x0a,0x0a,0x73,0x74,0x72,0x75,0x63,0x74,0x20,0x66,
    0x6c,0x6f,0x77,0x5f,0x70,0x61,0x72,0x61,0x6d,0x73,0x0a,0x7b,0x0a,0x20,0x20,0x20,
    0x20,0x66,0x6c,0x6f,0x61,0x74,0x34,0x20,0x63,0x6f,0x6c,0x6f,0x72,0x3b,0x0a,0x20,
    0x20,0x20,0x20,0x66,0x6c,0x6f,0x61,0x74,0x34,0x20,0x72,0x65,0x73,0x6f,0x6c,0x75,
    0x74,0x69,0x6f,0x6e,0x3b,0x0a,0x20,0x20,0x20,0x20,0x66,0x6c,0x6f,0x61,0x74,0x34,
    0x20,0x74,0x65,0x78,0x65,0x6c,0x3b,0x0a,0x20,0x20,0x20,0x20,0x66,0x6c,0x6f,0x61,
    0x74,0x34,0x20,0x6f,0x70,0x74,0x69,0x6f,0x6e,0x73,0x3b,0x0a,0x7d,0x3b,0x0a,0x0a,
    0x73,0x74,0x72,0x75,0x63,0x74,0x20,0x6d,0x61,0x69,0x6e,0x30,0x5f,0x6f,0x75,0x74,
    0x0a,0x7b,0x0a,0x20,0x20,0x20,0x20,0x66,0x6c,0x6f,0x61,0x74,0x34,0x20,0x66,0x72,
    0x61,0x67,0x5f,0x63,0x6f,0x6c,0x6f,0x72,0x20,0x5b,0x5b,0x63,0x6f,0x6c,0x6f,0x72,
    0x28,0x30,0x29,0x5d,0x5d,0x3b,0x0a,0x7d,0x3b,0x0a,0x0a,0x73,0x74,0x72,0x75,0x63,
    0x74,0x20,0x6d,0x61,0x69,0x6e,0x30,0x5f,0x69,0x6e,0x0a,0x7b,0x0a,0x20,0x20,0x20,
    0x20,0x66,0x6c,0x6f,0x61,0x74,0x32,0x20,0x75,0x76,0x20,0x5b,0x5b,0x75,0x73,0x65,
    0x72,0x28,0x6c,0x6f,0x63,0x6e,0x30,0x29,0x5d,0x5d,0x3b,0x0a,0x7d,0x3b,0x0a,0x0a,
    0x66,0x72,0x61,0x67,0x6d,0x65,0x6e,0x74,0x20,0x6d,0x61,0x69,0x6e,0x30,0x5f,0x6f,
    0x75,0x74,0x20,0x6d,0x61,0x69,0x6e,0x30,0x28,0x6d,0x61,0x69,0x6e,0x30,0x5f,0x69,
    0x6e,0x20,0x69,0x6e,0x20,0x5b,0x5b,0x73,0x74,0x61,0x67,0x65,0x5f,0x69,0x6e,0x5d,
    0x5d,0x2c,0x20,0x63,0x6f,0x6e,0x73,0x74,0x61,0x6e,0x74,0x20,0x66,0x6c,0x6f,0x77,
    0x5f,0x70,0x61,0x72,0x61,0x6d,0x73,0x26,0x20,0x5f,0x34,0x31,0x20,0x5b,0x5b,0x62,
    0x75,0x66,0x66,0x65,0x72,0x28,0x30,0x29,0x5d,0x5d,0x2c,0x20,0x74,0x65,0x78,0x74,
    0x75,0x72,0x65,0x32,0x64,0x3c,0x66,0x6c,0x6f,0x61,0x74,0x3e,0x20,0x6f,0x62,0x73,
    0x74,0x61,0x63,0x6c,0x65,0x41,0x70,0x70,0x6c,0x79,0x53,0x6f,0x75,0x72,0x63,0x65,
    0x54,0x65,0x78,0x20,0x5b,0x5b,0x74,0x65,0x78,0x74,0x75,0x72,0x65,0x28,0x30,0x29,
    0x5d,0x5d,0x2c,0x20,0x74,0x65,0x78,0x74,0x75,0x72,0x65,0x32,0x64,0x3c,0x66,0x6c,
    0x6f,0x61,0x74,0x3e,0x20,0x6f,0x62,0x73,0x74,0x61,0x63,0x6c,0x65,0x54,0x65,0x78,
    0x20,0x5b,0x5b,0x74,0x65,0x78,0x74,0x75,0x72,0x65,0x28,0x31,0x29,0x5d,0x5d,0x2c,
    0x20,0x73,0x61,0x6d,0x70,0x6c,0x65,0x72,0x20,0x6f,0x62,0x73,0x74,0x61,0x63,0x6c,
    0x65,0x41,0x70,0x70,0x6c,0x79,0x53,0x6f,0x75,0x72,0x63,0x65,0x53,0x6d,0x70,0x20,
    0x5b,0x5b,0x73,0x61,0x6d,0x70,0x6c,0x65,0x72,0x28,0x30,0x29,0x5d,0x5d,0x2c,0x20,
    0x73,0x61,0x6d,0x70,0x6c,0x65,0x72,0x20,0x6f,0x62,0x73,0x74,0x61,0x63,0x6c,0x65,
    0x53,0x6d,0x70,0x20,0x5b,0x5b,0x73,0x61,0x6d,0x70,0x6c,0x65,0x72,0x28,0x31,0x29,
    0x5d,0x5d,0x29,0x0a,0x7b,0x0a,0x20,0x20,0x20,0x20,0x6d,0x61,0x69,0x6e,0x30,0x5f,
    0x6f,0x75,0x74,0x20,0x6f,0x75,0x74,0x20,0x3d,0x20,0x7b,0x7d,0x3b,0x0a,0x20,0x20,
    0x20,0x20,0x6f,0x75,0x74,0x2e,0x66,0x72,0x61,0x67,0x5f,0x63,0x6f,0x6c,0x6f,0x72,
    0x20,0x3d,0x20,0x6f,0x62,0x73,0x74,0x61,0x63,0x6c,0x65,0x41,0x70,0x70,0x6c,0x79,
    0x53,0x6f,0x75,0x72,0x63,0x65,0x54,0x65,0x78,0x2e,0x73,0x61,0x6d,0x70,0x6c,0x65,
    0x28,0x6f,0x62,0x73,0x74,0x61,0x63,0x6c,0x65,0x41,0x70,0x70,0x6c,0x79,0x53,0x6f,
    0x75,0x72,0x63,0x65,0x53,0x6d,0x70,0x2c,0x20,0x69,0x6e,0x2e,0x75,0x76,0x29,0x20,
    0x2a,0x20,0x28,0x31,0x2e,0x30,0x20,0x2d,0x20,0x73,0x74,0x65,0x70,0x28,0x5f,0x34,
    0x31,0x2e,0x6f,0x70,0x74,0x69,0x6f,0x6e,0x73,0x2e,0x79,0x2c,0x20,0x6f,0x62,0x73,
    0x74,0x61,0x63,0x6c,0x65,0x54,0x65,0x78,0x2e,0x73,0x61,0x6d,0x70,0x6c,0x65,0x28,
    0x6f,0x62,0x73,0x74,0x61,0x63,0x6c,0x65,0x53,0x6d,0x70,0x2c,0x20,0x69,0x6e,0x2e,
    0x75,0x76,0x29,0x2e,0x78,0x29,0x29,0x3b,0x0a,0x20,0x20,0x20,0x20,0x72,0x65,0x74,
    0x75,0x72,0x6e,0x20,0x6f,0x75,0x74,0x3b,0x0a,0x7d,0x0a,0x0a,0x00,
};
/*
    diagnostic(off, derivative_uniformity);

    var<private> position_1 : vec2f;

    var<private> uv : vec2f;

    var<private> texcoord0 : vec2f;

    var<private> gl_Position : vec4f;

    fn main_1() {
      gl_Position = vec4f(position_1.x, position_1.y, 0.0f, 1.0f);
      uv = texcoord0;
      return;
    }

    struct main_out {
      @builtin(position)
      gl_Position : vec4f,
      @location(0)
      uv_1 : vec2f,
    }

    @vertex
    fn main(@location(0) position_1_param : vec2f, @location(1) texcoord0_param : vec2f) -> main_out {
      position_1 = position_1_param;
      texcoord0 = texcoord0_param;
      main_1();
      return main_out(gl_Position, uv);
    }
*/
static const uint8_t fluid_vs_source_wgsl[595] = {
    0x64,0x69,0x61,0x67,0x6e,0x6f,0x73,0x74,0x69,0x63,0x28,0x6f,0x66,0x66,0x2c,0x20,
    0x64,0x65,0x72,0x69,0x76,0x61,0x74,0x69,0x76,0x65,0x5f,0x75,0x6e,0x69,0x66,0x6f,
    0x72,0x6d,0x69,0x74,0x79,0x29,0x3b,0x0a,0x0a,0x76,0x61,0x72,0x3c,0x70,0x72,0x69,
    0x76,0x61,0x74,0x65,0x3e,0x20,0x70,0x6f,0x73,0x69,0x74,0x69,0x6f,0x6e,0x5f,0x31,
    0x20,0x3a,0x20,0x76,0x65,0x63,0x32,0x66,0x3b,0x0a,0x0a,0x76,0x61,0x72,0x3c,0x70,
    0x72,0x69,0x76,0x61,0x74,0x65,0x3e,0x20,0x75,0x76,0x20,0x3a,0x20,0x76,0x65,0x63,
    0x32,0x66,0x3b,0x0a,0x0a,0x76,0x61,0x72,0x3c,0x70,0x72,0x69,0x76,0x61,0x74,0x65,
    0x3e,0x20,0x74,0x65,0x78,0x63,0x6f,0x6f,0x72,0x64,0x30,0x20,0x3a,0x20,0x76,0x65,
    0x63,0x32,0x66,0x3b,0x0a,0x0a,0x76,0x61,0x72,0x3c,0x70,0x72,0x69,0x76,0x61,0x74,
    0x65,0x3e,0x20,0x67,0x6c,0x5f,0x50,0x6f,0x73,0x69,0x74,0x69,0x6f,0x6e,0x20,0x3a,
    0x20,0x76,0x65,0x63,0x34,0x66,0x3b,0x0a,0x0a,0x66,0x6e,0x20,0x6d,0x61,0x69,0x6e,
    0x5f,0x31,0x28,0x29,0x20,0x7b,0x0a,0x20,0x20,0x67,0x6c,0x5f,0x50,0x6f,0x73,0x69,
    0x74,0x69,0x6f,0x6e,0x20,0x3d,0x20,0x76,0x65,0x63,0x34,0x66,0x28,0x70,0x6f,0x73,
    0x69,0x74,0x69,0x6f,0x6e,0x5f,0x31,0x2e,0x78,0x2c,0x20,0x70,0x6f,0x73,0x69,0x74,
    0x69,0x6f,0x6e,0x5f,0x31,0x2e,0x79,0x2c,0x20,0x30,0x2e,0x30,0x66,0x2c,0x20,0x31,
    0x2e,0x30,0x66,0x29,0x3b,0x0a,0x20,0x20,0x75,0x76,0x20,0x3d,0x20,0x74,0x65,0x78,
    0x63,0x6f,0x6f,0x72,0x64,0x30,0x3b,0x0a,0x20,0x20,0x72,0x65,0x74,0x75,0x72,0x6e,
    0x3b,0x0a,0x7d,0x0a,0x0a,0x73,0x74,0x72,0x75,0x63,0x74,0x20,0x6d,0x61,0x69,0x6e,
    0x5f,0x6f,0x75,0x74,0x20,0x7b,0x0a,0x20,0x20,0x40,0x62,0x75,0x69,0x6c,0x74,0x69,
    0x6e,0x28,0x70,0x6f,0x73,0x69,0x74,0x69,0x6f,0x6e,0x29,0x0a,0x20,0x20,0x67,0x6c,
    0x5f,0x50,0x6f,0x73,0x69,0x74,0x69,0x6f,0x6e,0x20,0x3a,0x20,0x76,0x65,0x63,0x34,
    0x66,0x2c,0x0a,0x20,0x20,0x40,0x6c,0x6f,0x63,0x61,0x74,0x69,0x6f,0x6e,0x28,0x30,
    0x29,0x0a,0x20,0x20,0x75,0x76,0x5f,0x31,0x20,0x3a,0x20,0x76,0x65,0x63,0x32,0x66,
    0x2c,0x0a,0x7d,0x0a,0x0a,0x40,0x76,0x65,0x72,0x74,0x65,0x78,0x0a,0x66,0x6e,0x20,
    0x6d,0x61,0x69,0x6e,0x28,0x40,0x6c,0x6f,0x63,0x61,0x74,0x69,0x6f,0x6e,0x28,0x30,
    0x29,0x20,0x70,0x6f,0x73,0x69,0x74,0x69,0x6f,0x6e,0x5f,0x31,0x5f,0x70,0x61,0x72,
    0x61,0x6d,0x20,0x3a,0x20,0x76,0x65,0x63,0x32,0x66,0x2c,0x20,0x40,0x6c,0x6f,0x63,
    0x61,0x74,0x69,0x6f,0x6e,0x28,0x31,0x29,0x20,0x74,0x65,0x78,0x63,0x6f,0x6f,0x72,
    0x64,0x30,0x5f,0x70,0x61,0x72,0x61,0x6d,0x20,0x3a,0x20,0x76,0x65,0x63,0x32,0x66,
    0x29,0x20,0x2d,0x3e,0x20,0x6d,0x61,0x69,0x6e,0x5f,0x6f,0x75,0x74,0x20,0x7b,0x0a,
    0x20,0x20,0x70,0x6f,0x73,0x69,0x74,0x69,0x6f,0x6e,0x5f,0x31,0x20,0x3d,0x20,0x70,
    0x6f,0x73,0x69,0x74,0x69,0x6f,0x6e,0x5f,0x31,0x5f,0x70,0x61,0x72,0x61,0x6d,0x3b,
    0x0a,0x20,0x20,0x74,0x65,0x78,0x63,0x6f,0x6f,0x72,0x64,0x30,0x20,0x3d,0x20,0x74,
    0x65,0x78,0x63,0x6f,0x6f,0x72,0x64,0x30,0x5f,0x70,0x61,0x72,0x61,0x6d,0x3b,0x0a,
    0x20,0x20,0x6d,0x61,0x69,0x6e,0x5f,0x31,0x28,0x29,0x3b,0x0a,0x20,0x20,0x72,0x65,
    0x74,0x75,0x72,0x6e,0x20,0x6d,0x61,0x69,0x6e,0x5f,0x6f,0x75,0x74,0x28,0x67,0x6c,
    0x5f,0x50,0x6f,0x73,0x69,0x74,0x69,0x6f,0x6e,0x2c,0x20,0x75,0x76,0x29,0x3b,0x0a,
    0x7d,0x0a,0x00,
};
/*
    diagnostic(off, derivative_uniformity);

    struct flow_params {
      /_ @offset(0) _/
      color : vec4f,
      /_ @offset(16) _/
      resolution : vec4f,
      /_ @offset(32) _/
      texel : vec4f,
      /_ @offset(48) _/
      options : vec4f,
    }

    @binding(0) @group(1) var velocityTex : texture_2d<f32>;

    @binding(32) @group(1) var velocitySmp : sampler;

    var<private> uv : vec2f;

    @binding(0) @group(0) var<uniform> x_31 : flow_params;

    @binding(1) @group(1) var fluidSourceTex : texture_2d<f32>;

    @binding(33) @group(1) var fluidSourceSmp : sampler;

    var<private> frag_color : vec4f;

    fn main_1() {
      var velocity : vec2f;
      var previousUv : vec2f;
      var value : vec4f;
      var x_68 : vec4f;
      let x_22 = uv;
      let x_24 = textureSample(velocityTex, velocitySmp, x_22);
      velocity = x_24.xy;
      previousUv = (uv - ((velocity * x_31.texel.xy) * x_31.options.x));
      let x_54 = previousUv;
      let x_55 = textureSample(fluidSourceTex, fluidSourceSmp, x_54);
      value = (x_55 * x_31.options.z);
      if ((x_31.options.w > 0.5f)) {
        x_68 = clamp(value, vec4f(0.0f), vec4f(1.0f));
      } else {
        x_68 = value;
      }
      frag_color = x_68;
      return;
    }

    struct main_out {
      @location(0)
      frag_color_1 : vec4f,
    }

    @fragment
    fn main(@location(0) uv_param : vec2f) -> main_out {
      uv = uv_param;
      main_1();
      return main_out(frag_color);
    }
*/
static const uint8_t fs_advect_source_wgsl[1295] = {
    0x64,0x69,0x61,0x67,0x6e,0x6f,0x73,0x74,0x69,0x63,0x28,0x6f,0x66,0x66,0x2c,0x20,
    0x64,0x65,0x72,0x69,0x76,0x61,0x74,0x69,0x76,0x65,0x5f,0x75,0x6e,0x69,0x66,0x6f,
    0x72,0x6d,0x69,0x74,0x79,0x29,0x3b,0x0a,0x0a,0x73,0x74,0x72,0x75,0x63,0x74,0x20,
    0x66,0x6c,0x6f,0x77,0x5f,0x70,0x61,0x72,0x61,0x6d,0x73,0x20,0x7b,0x0a,0x20,0x20,
    0x2f,0x2a,0x20,0x40,0x6f,0x66,0x66,0x73,0x65,0x74,0x28,0x30,0x29,0x20,0x2a,0x2f,
    0x0a,0x20,0x20,0x63,0x6f,0x6c,0x6f,0x72,0x20,0x3a,0x20,0x76,0x65,0x63,0x34,0x66,
    0x2c,0x0a,0x20,0x20,0x2f,0x2a,0x20,0x40,0x6f,0x66,0x66,0x73,0x65,0x74,0x28,0x31,
    0x36,0x29,0x20,0x2a,0x2f,0x0a,0x20,0x20,0x72,0x65,0x73,0x6f,0x6c,0x75,0x74,0x69,
    0x6f,0x6e,0x20,0x3a,0x20,0x76,0x65,0x63,0x34,0x66,0x2c,0x0a,0x20,0x20,0x2f,0x2a,
    0x20,0x40,0x6f,0x66,0x66,0x73,0x65,0x74,0x28,0x33,0x32,0x29,0x20,0x2a,0x2f,0x0a,
    0x20,0x20,0x74,0x65,0x78,0x65,0x6c,0x20,0x3a,0x20,0x76,0x65,0x63,0x34,0x66,0x2c,
    0x0a,0x20,0x20,0x2f,0x2a,0x20,0x40,0x6f,0x66,0x66,0x73,0x65,0x74,0x28,0x34,0x38,
    0x29,0x20,0x2a,0x2f,0x0a,0x20,0x20,0x6f,0x70,0x74,0x69,0x6f,0x6e,0x73,0x20,0x3a,
    0x20,0x76,0x65,0x63,0x34,0x66,0x2c,0x0a,0x7d,0x0a,0x0a,0x40,0x62,0x69,0x6e,0x64,
    0x69,0x6e,0x67,0x28,0x30,0x29,0x20,0x40,0x67,0x72,0x6f,0x75,0x70,0x28,0x31,0x29,
    0x20,0x76,0x61,0x72,0x20,0x76,0x65,0x6c,0x6f,0x63,0x69,0x74,0x79,0x54,0x65,0x78,
    0x20,0x3a,0x20,0x74,0x65,0x78,0x74,0x75,0x72,0x65,0x5f,0x32,0x64,0x3c,0x66,0x33,
    0x32,0x3e,0x3b,0x0a,0x0a,0x40,0x62,0x69,0x6e,0x64,0x69,0x6e,0x67,0x28,0x33,0x32,
    0x29,0x20,0x40,0x67,0x72,0x6f,0x75,0x70,0x28,0x31,0x29,0x20,0x76,0x61,0x72,0x20,
    0x76,0x65,0x6c,0x6f,0x63,0x69,0x74,0x79,0x53,0x6d,0x70,0x20,0x3a,0x20,0x73,0x61,
    0x6d,0x70,0x6c,0x65,0x72,0x3b,0x0a,0x0a,0x76,0x61,0x72,0x3c,0x70,0x72,0x69,0x76,
    0x61,0x74,0x65,0x3e,0x20,0x75,0x76,0x20,0x3a,0x20,0x76,0x65,0x63,0x32,0x66,0x3b,
    0x0a,0x0a,0x40,0x62,0x69,0x6e,0x64,0x69,0x6e,0x67,0x28,0x30,0x29,0x20,0x40,0x67,
    0x72,0x6f,0x75,0x70,0x28,0x30,0x29,0x20,0x76,0x61,0x72,0x3c,0x75,0x6e,0x69,0x66,
    0x6f,0x72,0x6d,0x3e,0x20,0x78,0x5f,0x33,0x31,0x20,0x3a,0x20,0x66,0x6c,0x6f,0x77,
    0x5f,0x70,0x61,0x72,0x61,0x6d,0x73,0x3b,0x0a,0x0a,0x40,0x62,0x69,0x6e,0x64,0x69,
    0x6e,0x67,0x28,0x31,0x29,0x20,0x40,0x67,0x72,0x6f,0x75,0x70,0x28,0x31,0x29,0x20,
    0x76,0x61,0x72,0x20,0x66,0x6c,0x75,0x69,0x64,0x53,0x6f,0x75,0x72,0x63,0x65,0x54,
    0x65,0x78,0x20,0x3a,0x20,0x74,0x65,0x78,0x74,0x75,0x72,0x65,0x5f,0x32,0x64,0x3c,
    0x66,0x33,0x32,0x3e,0x3b,0x0a,0x0a,0x40,0x62,0x69,0x6e,0x64,0x69,0x6e,0x67,0x28,
    0x33,0x33,0x29,0x20,0x40,0x67,0x72,0x6f,0x75,0x70,0x28,0x31,0x29,0x20,0x76,0x61,
    0x72,0x20,0x66,0x6c,0x75,0x69,0x64,0x53,0x6f,0x75,0x72,0x63,0x65,0x53,0x6d,0x70,
    0x20,0x3a,0x20,0x73,0x61,0x6d,0x70,0x6c,0x65,0x72,0x3b,0x0a,0x0a,0x76,0x61,0x72,
    0x3c,0x70,0x72,0x69,0x76,0x61,0x74,0x65,0x3e,0x20,0x66,0x72,0x61,0x67,0x5f,0x63,
    0x6f,0x6c,0x6f,0x72,0x20,0x3a,0x20,0x76,0x65,0x63,0x34,0x66,0x3b,0x0a,0x0a,0x66,
    0x6e,0x20,0x6d,0x61,0x69,0x6e,0x5f,0x31,0x28,0x29,0x20,0x7b,0x0a,0x20,0x20,0x76,
    0x61,0x72,0x20,0x76,0x65,0x6c,0x6f,0x63,0x69,0x74,0x79,0x20,0x3a,0x20,0x76,0x65,
    0x63,0x32,0x66,0x3b,0x0a,0x20,0x20,0x76,0x61,0x72,0x20,0x70,0x72,0x65,0x76,0x69,
    0x6f,0x75,0x73,0x55,0x76,0x20,0x3a,0x20,0x76,0x65,0x63,0x32,0x66,0x3b,0x0a,0x20,
    0x20,0x76,0x61,0x72,0x20,0x76,0x61,0x6c,0x75,0x65,0x20,0x3a,0x20,0x76,0x65,0x63,
    0x34,0x66,0x3b,0x0a,0x20,0x20,0x76,0x61,0x72,0x20,0x78,0x5f,0x36,0x38,0x20,0x3a,
    0x20,0x76,0x65,0x63,0x34,0x66,0x3b,0x0a,0x20,0x20,0x6c,0x65,0x74,0x20,0x78,0x5f,
    0x32,0x32,0x20,0x3d,0x20,0x75,0x76,0x3b,0x0a,0x20,0x20,0x6c,0x65,0x74,0x20,0x78,
    0x5f,0x32,0x34,0x20,0x3d,0x20,0x74,0x65,0x78,0x74,0x75,0x72,0x65,0x53,0x61,0x6d,
    0x70,0x6c,0x65,0x28,0x76,0x65,0x6c,0x6f,0x63,0x69,0x74,0x79,0x54,0x65,0x78,0x2c,
    0x20,0x76,0x65,0x6c,0x6f,0x63,0x69,0x74,0x79,0x53,0x6d,0x70,0x2c,0x20,0x78,0x5f,
    0x32,0x32,0x29,0x3b,0x0a,0x20,0x20,0x76,0x65,0x6c,0x6f,0x63,0x69,0x74,0x79,0x20,
    0x3d,0x20,0x78,0x5f,0x32,0x34,0x2e,0x78,0x79,0x3b,0x0a,0x20,0x20,0x70,0x72,0x65,
    0x76,0x69,0x6f,0x75,0x73,0x55,0x76,0x20,0x3d,0x20,0x28,0x75,0x76,0x20,0x2d,0x20,
    0x28,0x28,0x76,0x65,0x6c,0x6f,0x63,0x69,0x74,0x79,0x20,0x2a,0x20,0x78,0x5f,0x33,
    0x31,0x2e,0x74,0x65,0x78,0x65,0x6c,0x2e,0x78,0x79,0x29,0x20,0x2a,0x20,0x78,0x5f,
    0x33,0x31,0x2e,0x6f,0x70,0x74,0x69,0x6f,0x6e,0x73,0x2e,0x78,0x29,0x29,0x3b,0x0a,
    0x20,0x20,0x6c,0x65,0x74,0x20,0x78,0x5f,0x35,0x34,0x20,0x3d,0x20,0x70,0x72,0x65,
    0x76,0x69,0x6f,0x75,0x73,0x55,0x76,0x3b,0x0a,0x20,0x20,0x6c,0x65,0x74,0x20,0x78,
    0x5f,0x35,0x35,0x20,0x3d,0x20,0x74,0x65,0x78,0x74,0x75,0x72,0x65,0x53,0x61,0x6d,
    0x70,0x6c,0x65,0x28,0x66,0x6c,0x75,0x69,0x64,0x53,0x6f,0x75,0x72,0x63,0x65,0x54,
    0x65,0x78,0x2c,0x20,0x66,0x6c,0x75,0x69,0x64,0x53,0x6f,0x75,0x72,0x63,0x65,0x53,
    0x6d,0x70,0x2c,0x20,0x78,0x5f,0x35,0x34,0x29,0x3b,0x0a,0x20,0x20,0x76,0x61,0x6c,
    0x75,0x65,0x20,0x3d,0x20,0x28,0x78,0x5f,0x35,0x35,0x20,0x2a,0x20,0x78,0x5f,0x33,
    0x31,0x2e,0x6f,0x70,0x74,0x69,0x6f,0x6e,0x73,0x2e,0x7a,0x29,0x3b,0x0a,0x20,0x20,
    0x69,0x66,0x20,0x28,0x28,0x78,0x5f,0x33,0x31,0x2e,0x6f,0x70,0x74,0x69,0x6f,0x6e,
    0x73,0x2e,0x77,0x20,0x3e,0x20,0x30,0x2e,0x35,0x66,0x29,0x29,0x20,0x7b,0x0a,0x20,
    0x20,0x20,0x20,0x78,0x5f,0x36,0x38,0x20,0x3d,0x20,0x63,0x6c,0x61,0x6d,0x70,0x28,
    0x76,0x61,0x6c,0x75,0x65,0x2c,0x20,0x76,0x65,0x63,0x34,0x66,0x28,0x30,0x2e,0x30,
    0x66,0x29,0x2c,0x20,0x76,0x65,0x63,0x34,0x66,0x28,0x31,0x2e,0x30,0x66,0x29,0x29,
    0x3b,0x0a,0x20,0x20,0x7d,0x20,0x65,0x6c,0x73,0x65,0x20,0x7b,0x0a,0x20,0x20,0x20,
    0x20,0x78,0x5f,0x36,0x38,0x20,0x3d,0x20,0x76,0x61,0x6c,0x75,0x65,0x3b,0x0a,0x20,
    0x20,0x7d,0x0a,0x20,0x20,0x66,0x72,0x61,0x67,0x5f,0x63,0x6f,0x6c,0x6f,0x72,0x20,
    0x3d,0x20,0x78,0x5f,0x36,0x38,0x3b,0x0a,0x20,0x20,0x72,0x65,0x74,0x75,0x72,0x6e,
    0x3b,0x0a,0x7d,0x0a,0x0a,0x73,0x74,0x72,0x75,0x63,0x74,0x20,0x6d,0x61,0x69,0x6e,
    0x5f,0x6f,0x75,0x74,0x20,0x7b,0x0a,0x20,0x20,0x40,0x6c,0x6f,0x63,0x61,0x74,0x69,
    0x6f,0x6e,0x28,0x30,0x29,0x0a,0x20,0x20,0x66,0x72,0x61,0x67,0x5f,0x63,0x6f,0x6c,
    0x6f,0x72,0x5f,0x31,0x20,0x3a,0x20,0x76,0x65,0x63,0x34,0x66,0x2c,0x0a,0x7d,0x0a,
    0x0a,0x40,0x66,0x72,0x61,0x67,0x6d,0x65,0x6e,0x74,0x0a,0x66,0x6e,0x20,0x6d,0x61,
    0x69,0x6e,0x28,0x40,0x6c,0x6f,0x63,0x61,0x74,0x69,0x6f,0x6e,0x28,0x30,0x29,0x20,
    0x75,0x76,0x5f,0x70,0x61,0x72,0x61,0x6d,0x20,0x3a,0x20,0x76,0x65,0x63,0x32,0x66,
    0x29,0x20,0x2d,0x3e,0x20,0x6d,0x61,0x69,0x6e,0x5f,0x6f,0x75,0x74,0x20,0x7b,0x0a,
    0x20,0x20,0x75,0x76,0x20,0x3d,0x20,0x75,0x76,0x5f,0x70,0x61,0x72,0x61,0x6d,0x3b,
    0x0a,0x20,0x20,0x6d,0x61,0x69,0x6e,0x5f,0x31,0x28,0x29,0x3b,0x0a,0x20,0x20,0x72,
    0x65,0x74,0x75,0x72,0x6e,0x20,0x6d,0x61,0x69,0x6e,0x5f,0x6f,0x75,0x74,0x28,0x66,
    0x72,0x61,0x67,0x5f,0x63,0x6f,0x6c,0x6f,0x72,0x29,0x3b,0x0a,0x7d,0x0a,0x00,
};
/*
    diagnostic(off, derivative_uniformity);

    struct flow_params {
      /_ @offset(0) _/
      color : vec4f,
      /_ @offset(16) _/
      resolution : vec4f,
      /_ @offset(32) _/
      texel : vec4f,
      /_ @offset(48) _/
      options : vec4f,
    }

    @binding(1) @group(1) var fluidSourceTex : texture_2d<f32>;

    @binding(33) @group(1) var fluidSourceSmp : sampler;

    var<private> uv : vec2f;

    @binding(0) @group(0) var<uniform> x_30 : flow_params;

    var<private> frag_color : vec4f;

    fn main_1() {
      var base : vec4f;
      var p : vec2f;
      var center : vec2f;
      var radius : f32;
      var d : f32;
      var distNorm : f32;
      var value : vec4f;
      var falloff : f32;
      var oldVelocity : vec2f;
      var newVelocity : vec2f;
      var mixedVelocity : vec2f;
      var x_125 : vec2f;
      var x_148 : vec4f;
      let x_23 = uv;
      let x_24 = textureSample(fluidSourceTex, fluidSourceSmp, x_23);
      base = x_24;
      p = (uv * x_30.resolution.xy);
      center = x_30.texel.zw;
      radius = max(x_30.options.z, 1.0f);
      d = (length((p - center)) / radius);
      distNorm = max(0.0f, (1.0f - d));
      value = base;
      if ((x_30.options.y < 0.5f)) {
        value = (base + ((x_30.color * distNorm) * x_30.options.x));
      } else {
        if ((x_30.options.y < 1.5f)) {
          falloff = sqrt(sqrt(distNorm));
          value = max(base, ((x_30.color * falloff) * x_30.options.x));
        } else {
          oldVelocity = base.xy;
          newVelocity = ((x_30.color.xy * distNorm) * x_30.options.x);
          if ((length(oldVelocity) > length(newVelocity))) {
            x_125 = oldVelocity;
          } else {
            x_125 = mix(oldVelocity, newVelocity, vec2f(clamp(x_30.color.z, 0.0f, 1.0f)));
          }
          mixedVelocity = x_125;
          value = vec4f(mixedVelocity.x, mixedVelocity.y, 0.0f, 1.0f);
        }
      }
      if ((x_30.options.w > 0.5f)) {
        x_148 = clamp(value, vec4f(0.0f), vec4f(1.0f));
      } else {
        x_148 = value;
      }
      frag_color = x_148;
      return;
    }

    struct main_out {
      @location(0)
      frag_color_1 : vec4f,
    }

    @fragment
    fn main(@location(0) uv_param : vec2f) -> main_out {
      uv = uv_param;
      main_1();
      return main_out(frag_color);
    }
*/
static const uint8_t fs_splat_source_wgsl[2034] = {
    0x64,0x69,0x61,0x67,0x6e,0x6f,0x73,0x74,0x69,0x63,0x28,0x6f,0x66,0x66,0x2c,0x20,
    0x64,0x65,0x72,0x69,0x76,0x61,0x74,0x69,0x76,0x65,0x5f,0x75,0x6e,0x69,0x66,0x6f,
    0x72,0x6d,0x69,0x74,0x79,0x29,0x3b,0x0a,0x0a,0x73,0x74,0x72,0x75,0x63,0x74,0x20,
    0x66,0x6c,0x6f,0x77,0x5f,0x70,0x61,0x72,0x61,0x6d,0x73,0x20,0x7b,0x0a,0x20,0x20,
    0x2f,0x2a,0x20,0x40,0x6f,0x66,0x66,0x73,0x65,0x74,0x28,0x30,0x29,0x20,0x2a,0x2f,
    0x0a,0x20,0x20,0x63,0x6f,0x6c,0x6f,0x72,0x20,0x3a,0x20,0x76,0x65,0x63,0x34,0x66,
    0x2c,0x0a,0x20,0x20,0x2f,0x2a,0x20,0x40,0x6f,0x66,0x66,0x73,0x65,0x74,0x28,0x31,
    0x36,0x29,0x20,0x2a,0x2f,0x0a,0x20,0x20,0x72,0x65,0x73,0x6f,0x6c,0x75,0x74,0x69,
    0x6f,0x6e,0x20,0x3a,0x20,0x76,0x65,0x63,0x34,0x66,0x2c,0x0a,0x20,0x20,0x2f,0x2a,
    0x20,0x40,0x6f,0x66,0x66,0x73,0x65,0x74,0x28,0x33,0x32,0x29,0x20,0x2a,0x2f,0x0a,
    0x20,0x20,0x74,0x65,0x78,0x65,0x6c,0x20,0x3a,0x20,0x76,0x65,0x63,0x34,0x66,0x2c,
    0x0a,0x20,0x20,0x2f,0x2a,0x20,0x40,0x6f,0x66,0x66,0x73,0x65,0x74,0x28,0x34,0x38,
    0x29,0x20,0x2a,0x2f,0x0a,0x20,0x20,0x6f,0x70,0x74,0x69,0x6f,0x6e,0x73,0x20,0x3a,
    0x20,0x76,0x65,0x63,0x34,0x66,0x2c,0x0a,0x7d,0x0a,0x0a,0x40,0x62,0x69,0x6e,0x64,
    0x69,0x6e,0x67,0x28,0x31,0x29,0x20,0x40,0x67,0x72,0x6f,0x75,0x70,0x28,0x31,0x29,
    0x20,0x76,0x61,0x72,0x20,0x66,0x6c,0x75,0x69,0x64,0x53,0x6f,0x75,0x72,0x63,0x65,
    0x54,0x65,0x78,0x20,0x3a,0x20,0x74,0x65,0x78,0x74,0x75,0x72,0x65,0x5f,0x32,0x64,
    0x3c,0x66,0x33,0x32,0x3e,0x3b,0x0a,0x0a,0x40,0x62,0x69,0x6e,0x64,0x69,0x6e,0x67,
    0x28,0x33,0x33,0x29,0x20,0x40,0x67,0x72,0x6f,0x75,0x70,0x28,0x31,0x29,0x20,0x76,
    0x61,0x72,0x20,0x66,0x6c,0x75,0x69,0x64,0x53,0x6f,0x75,0x72,0x63,0x65,0x53,0x6d,
    0x70,0x20,0x3a,0x20,0x73,0x61,0x6d,0x70,0x6c,0x65,0x72,0x3b,0x0a,0x0a,0x76,0x61,
    0x72,0x3c,0x70,0x72,0x69,0x76,0x61,0x74,0x65,0x3e,0x20,0x75,0x76,0x20,0x3a,0x20,
    0x76,0x65,0x63,0x32,0x66,0x3b,0x0a,0x0a,0x40,0x62,0x69,0x6e,0x64,0x69,0x6e,0x67,
    0x28,0x30,0x29,0x20,0x40,0x67,0x72,0x6f,0x75,0x70,0x28,0x30,0x29,0x20,0x76,0x61,
    0x72,0x3c,0x75,0x6e,0x69,0x66,0x6f,0x72,0x6d,0x3e,0x20,0x78,0x5f,0x33,0x30,0x20,
    0x3a,0x20,0x66,0x6c,0x6f,0x77,0x5f,0x70,0x61,0x72,0x61,0x6d,0x73,0x3b,0x0a,0x0a,
    0x76,0x61,0x72,0x3c,0x70,0x72,0x69,0x76,0x61,0x74,0x65,0x3e,0x20,0x66,0x72,0x61,
    0x67,0x5f,0x63,0x6f,0x6c,0x6f,0x72,0x20,0x3a,0x20,0x76,0x65,0x63,0x34,0x66,0x3b,
    0x0a,0x0a,0x66,0x6e,0x20,0x6d,0x61,0x69,0x6e,0x5f,0x31,0x28,0x29,0x20,0x7b,0x0a,
    0x20,0x20,0x76,0x61,0x72,0x20,0x62,0x61,0x73,0x65,0x20,0x3a,0x20,0x76,0x65,0x63,
    0x34,0x66,0x3b,0x0a,0x20,0x20,0x76,0x61,0x72,0x20,0x70,0x20,0x3a,0x20,0x76,0x65,
    0x63,0x32,0x66,0x3b,0x0a,0x20,0x20,0x76,0x61,0x72,0x20,0x63,0x65,0x6e,0x74,0x65,
    0x72,0x20,0x3a,0x20,0x76,0x65,0x63,0x32,0x66,0x3b,0x0a,0x20,0x20,0x76,0x61,0x72,
    0x20,0x72,0x61,0x64,0x69,0x75,0x73,0x20,0x3a,0x20,0x66,0x33,0x32,0x3b,0x0a,0x20,
    0x20,0x76,0x61,0x72,0x20,0x64,0x20,0x3a,0x20,0x66,0x33,0x32,0x3b,0x0a,0x20,0x20,
    0x76,0x61,0x72,0x20,0x64,0x69,0x73,0x74,0x4e,0x6f,0x72,0x6d,0x20,0x3a,0x20,0x66,
    0x33,0x32,0x3b,0x0a,0x20,0x20,0x76,0x61,0x72,0x20,0x76,0x61,0x6c,0x75,0x65,0x20,
    0x3a,0x20,0x76,0x65,0x63,0x34,0x66,0x3b,0x0a,0x20,0x20,0x76,0x61,0x72,0x20,0x66,
    0x61,0x6c,0x6c,0x6f,0x66,0x66,0x20,0x3a,0x20,0x66,0x33,0x32,0x3b,0x0a,0x20,0x20,
    0x76,0x61,0x72,0x20,0x6f,0x6c,0x64,0x56,0x65,0x6c,0x6f,0x63,0x69,0x74,0x79,0x20,
    0x3a,0x20,0x76,0x65,0x63,0x32,0x66,0x3b,0x0a,0x20,0x20,0x76,0x61,0x72,0x20,0x6e,
    0x65,0x77,0x56,0x65,0x6c,0x6f,0x63,0x69,0x74,0x79,0x20,0x3a,0x20,0x76,0x65,0x63,
    0x32,0x66,0x3b,0x0a,0x20,0x20,0x76,0x61,0x72,0x20,0x6d,0x69,0x78,0x65,0x64,0x56,
    0x65,0x6c,0x6f,0x63,0x69,0x74,0x79,0x20,0x3a,0x20,0x76,0x65,0x63,0x32,0x66,0x3b,
    0x0a,0x20,0x20,0x76,0x61,0x72,0x20,0x78,0x5f,0x31,0x32,0x35,0x20,0x3a,0x20,0x76,
    0x65,0x63,0x32,0x66,0x3b,0x0a,0x20,0x20,0x76,0x61,0x72,0x20,0x78,0x5f,0x31,0x34,
    0x38,0x20,0x3a,0x20,0x76,0x65,0x63,0x34,0x66,0x3b,0x0a,0x20,0x20,0x6c,0x65,0x74,
    0x20,0x78,0x5f,0x32,0x33,0x20,0x3d,0x20,0x75,0x76,0x3b,0x0a,0x20,0x20,0x6c,0x65,
    0x74,0x20,0x78,0x5f,0x32,0x34,0x20,0x3d,0x20,0x74,0x65,0x78,0x74,0x75,0x72,0x65,
    0x53,0x61,0x6d,0x70,0x6c,0x65,0x28,0x66,0x6c,0x75,0x69,0x64,0x53,0x6f,0x75,0x72,
    0x63,0x65,0x54,0x65,0x78,0x2c,0x20,0x66,0x6c,0x75,0x69,0x64,0x53,0x6f,0x75,0x72,
    0x63,0x65,0x53,0x6d,0x70,0x2c,0x20,0x78,0x5f,0x32,0x33,0x29,0x3b,0x0a,0x20,0x20,
    0x62,0x61,0x73,0x65,0x20,0x3d,0x20,0x78,0x5f,0x32,0x34,0x3b,0x0a,0x20,0x20,0x70,
    0x20,0x3d,0x20,0x28,0x75,0x76,0x20,0x2a,0x20,0x78,0x5f,0x33,0x30,0x2e,0x72,0x65,
    0x73,0x6f,0x6c,0x75,0x74,0x69,0x6f,0x6e,0x2e,0x78,0x79,0x29,0x3b,0x0a,0x20,0x20,
    0x63,0x65,0x6e,0x74,0x65,0x72,0x20,0x3d,0x20,0x78,0x5f,0x33,0x30,0x2e,0x74,0x65,
    0x78,0x65,0x6c,0x2e,0x7a,0x77,0x3b,0x0a,0x20,0x20,0x72,0x61,0x64,0x69,0x75,0x73,
    0x20,0x3d,0x20,0x6d,0x61,0x78,0x28,0x78,0x5f,0x33,0x30,0x2e,0x6f,0x70,0x74,0x69,
    0x6f,0x6e,0x73,0x2e,0x7a,0x2c,0x20,0x31,0x2e,0x30,0x66,0x29,0x3b,0x0a,0x20,0x20,
    0x64,0x20,0x3d,0x20,0x28,0x6c,0x65,0x6e,0x67,0x74,0x68,0x28,0x28,0x70,0x20,0x2d,
    0x20,0x63,0x65,0x6e,0x74,0x65,0x72,0x29,0x29,0x20,0x2f,0x20,0x72,0x61,0x64,0x69,
    0x75,0x73,0x29,0x3b,0x0a,0x20,0x20,0x64,0x69,0x73,0x74,0x4e,0x6f,0x72,0x6d,0x20,
    0x3d,0x20,0x6d,0x61,0x78,0x28,0x30,0x2e,0x30,0x66,0x2c,0x20,0x28,0x31,0x2e,0x30,
    0x66,0x20,0x2d,0x20,0x64,0x29,0x29,0x3b,0x0a,0x20,0x20,0x76,0x61,0x6c,0x75,0x65,
    0x20,0x3d,0x20,0x62,0x61,0x73,0x65,0x3b,0x0a,0x20,0x20,0x69,0x66,0x20,0x28,0x28,
    0x78,0x5f,0x33,0x30,0x2e,0x6f,0x70,0x74,0x69,0x6f,0x6e,0x73,0x2e,0x79,0x20,0x3c,
    0x20,0x30,0x2e,0x35,0x66,0x29,0x29,0x20,0x7b,0x0a,0x20,0x20,0x20,0x20,0x76,0x61,
    0x6c,0x75,0x65,0x20,0x3d,0x20,0x28,0x62,0x61,0x73,0x65,0x20,0x2b,0x20,0x28,0x28,
    0x78,0x5f,0x33,0x30,0x2e,0x63,0x6f,0x6c,0x6f,0x72,0x20,0x2a,0x20,0x64,0x69,0x73,
    0x74,0x4e,0x6f,0x72,0x6d,0x29,0x20,0x2a,0x20,0x78,0x5f,0x33,0x30,0x2e,0x6f,0x70,
    0x74,0x69,0x6f,0x6e,0x73,0x2e,0x78,0x29,0x29,0x3b,0x0a,0x20,0x20,0x7d,0x20,0x65,
    0x6c,0x73,0x65,0x20,0x7b,0x0a,0x20,0x20,0x20,0x20,0x69,0x66,0x20,0x28,0x28,0x78,
    0x5f,0x33,0x30,0x2e,0x6f,0x70,0x74,0x69,0x6f,0x6e,0x73,0x2e,0x79,0x20,0x3c,0x20,
    0x31,0x2e,0x35,0x66,0x29,0x29,0x20,0x7b,0x0a,0x20,0x20,0x20,0x20,0x20,0x20,0x66,
    0x61,0x6c,0x6c,0x6f,0x66,0x66,0x20,0x3d,0x20,0x73,0x71,0x72,0x74,0x28,0x73,0x71,
    0x72,0x74,0x28,0x64,0x69,0x73,0x74,0x4e,0x6f,0x72,0x6d,0x29,0x29,0x3b,0x0a,0x20,
    0x20,0x20,0x20,0x20,0x20,0x76,0x61,0x6c,0x75,0x65,0x20,0x3d,0x20,0x6d,0x61,0x78,
    0x28,0x62,0x61,0x73,0x65,0x2c,0x20,0x28,0x28,0x78,0x5f,0x33,0x30,0x2e,0x63,0x6f,
    0x6c,0x6f,0x72,0x20,0x2a,0x20,0x66,0x61,0x6c,0x6c,0x6f,0x66,0x66,0x29,0x20,0x2a,
    0x20,0x78,0x5f,0x33,0x30,0x2e,0x6f,0x70,0x74,0x69,0x6f,0x6e,0x73,0x2e,0x78,0x29,
    0x29,0x3b,0x0a,0x20,0x20,0x20,0x20,0x7d,0x20,0x65,0x6c,0x73,0x65,0x20,0x7b,0x0a,
    0x20,0x20,0x20,0x20,0x20,0x20,0x6f,0x6c,0x64,0x56,0x65,0x6c,0x6f,0x63,0x69,0x74,
    0x79,0x20,0x3d,0x20,0x62,0x61,0x73,0x65,0x2e,0x78,0x79,0x3b,0x0a,0x20,0x20,0x20,
    0x20,0x20,0x20,0x6e,0x65,0x77,0x56,0x65,0x6c,0x6f,0x63,0x69,0x74,0x79,0x20,0x3d,
    0x20,0x28,0x28,0x78,0x5f,0x33,0x30,0x2e,0x63,0x6f,0x6c,0x6f,0x72,0x2e,0x78,0x79,
    0x20,0x2a,0x20,0x64,0x69,0x73,0x74,0x4e,0x6f,0x72,0x6d,0x29,0x20,0x2a,0x20,0x78,
    0x5f,0x33,0x30,0x2e,0x6f,0x70,0x74,0x69,0x6f,0x6e,0x73,0x2e,0x78,0x29,0x3b,0x0a,
    0x20,0x20,0x20,0x20,0x20,0x20,0x69,0x66,0x20,0x28,0x28,0x6c,0x65,0x6e,0x67,0x74,
    0x68,0x28,0x6f,0x6c,0x64,0x56,0x65,0x6c,0x6f,0x63,0x69,0x74,0x79,0x29,0x20,0x3e,
    0x20,0x6c,0x65,0x6e,0x67,0x74,0x68,0x28,0x6e,0x65,0x77,0x56,0x65,0x6c,0x6f,0x63,
    0x69,0x74,0x79,0x29,0x29,0x29,0x20,0x7b,0x0a,0x20,0x20,0x20,0x20,0x20,0x20,0x20,
    0x20,0x78,0x5f,0x31,0x32,0x35,0x20,0x3d,0x20,0x6f,0x6c,0x64,0x56,0x65,0x6c,0x6f,
    0x63,0x69,0x74,0x79,0x3b,0x0a,0x20,0x20,0x20,0x20,0x20,0x20,0x7d,0x20,0x65,0x6c,
    0x73,0x65,0x20,0x7b,0x0a,0x20,0x20,0x20,0x20,0x20,0x20,0x20,0x20,0x78,0x5f,0x31,
    0x32,0x35,0x20,0x3d,0x20,0x6d,0x69,0x78,0x28,0x6f,0x6c,0x64,0x56,0x65,0x6c,0x6f,
    0x63,0x69,0x74,0x79,0x2c,0x20,0x6e,0x65,0x77,0x56,0x65,0x6c,0x6f,0x63,0x69,0x74,
    0x79,0x2c,0x20,0x76,0x65,0x63,0x32,0x66,0x28,0x63,0x6c,0x61,0x6d,0x70,0x28,0x78,
    0x5f,0x33,0x30,0x2e,0x63,0x6f,0x6c,0x6f,0x72,0x2e,0x7a,0x2c,0x20,0x30,0x2e,0x30,
    0x66,0x2c,0x20,0x31,0x2e,0x30,0x66,0x29,0x29,0x29,0x3b,0x0a,0x20,0x20,0x20,0x20,
    0x20,0x20,0x7d,0x0a,0x20,0x20,0x20,0x20,0x20,0x20,0x6d,0x69,0x78,0x65,0x64,0x56,
    0x65,0x6c,0x6f,0x63,0x69,0x74,0x79,0x20,0x3d,0x20,0x78,0x5f,0x31,0x32,0x35,0x3b,
    0x0a,0x20,0x20,0x20,0x20,0x20,0x20,0x76,0x61,0x6c,0x75,0x65,0x20,0x3d,0x20,0x76,
    0x65,0x63,0x34,0x66,0x28,0x6d,0x69,0x78,0x65,0x64,0x56,0x65,0x6c,0x6f,0x63,0x69,
    0x74,0x79,0x2e,0x78,0x2c,0x20,0x6d,0x69,0x78,0x65,0x64,0x56,0x65,0x6c,0x6f,0x63,
    0x69,0x74,0x79,0x2e,0x79,0x2c,0x20,0x30,0x2e,0x30,0x66,0x2c,0x20,0x31,0x2e,0x30,
    0x66,0x29,0x3b,0x0a,0x20,0x20,0x20,0x20,0x7d,0x0a,0x20,0x20,0x7d,0x0a,0x20,0x20,
    0x69,0x66,0x20,0x28,0x28,0x78,0x5f,0x33,0x30,0x2e,0x6f,0x70,0x74,0x69,0x6f,0x6e,
    0x73,0x2e,0x77,0x20,0x3e,0x20,0x30,0x2e,0x35,0x66,0x29,0x29,0x20,0x7b,0x0a,0x20,
    0x20,0x20,0x20,0x78,0x5f,0x31,0x34,0x38,0x20,0x3d,0x20,0x63,0x6c,0x61,0x6d,0x70,
    0x28,0x76,0x61,0x6c,0x75,0x65,0x2c,0x20,0x76,0x65,0x63,0x34,0x66,0x28,0x30,0x2e,
    0x30,0x66,0x29,0x2c,0x20,0x76,0x65,0x63,0x34,0x66,0x28,0x31,0x2e,0x30,0x66,0x29,
    0x29,0x3b,0x0a,0x20,0x20,0x7d,0x20,0x65,0x6c,0x73,0x65,0x20,0x7b,0x0a,0x20,0x20,
    0x20,0x20,0x78,0x5f,0x31,0x34,0x38,0x20,0x3d,0x20,0x76,0x61,0x6c,0x75,0x65,0x3b,
    0x0a,0x20,0x20,0x7d,0x0a,0x20,0x20,0x66,0x72,0x61,0x67,0x5f,0x63,0x6f,0x6c,0x6f,
    0x72,0x20,0x3d,0x20,0x78,0x5f,0x31,0x34,0x38,0x3b,0x0a,0x20,0x20,0x72,0x65,0x74,
    0x75,0x72,0x6e,0x3b,0x0a,0x7d,0x0a,0x0a,0x73,0x74,0x72,0x75,0x63,0x74,0x20,0x6d,
    0x61,0x69,0x6e,0x5f,0x6f,0x75,0x74,0x20,0x7b,0x0a,0x20,0x20,0x40,0x6c,0x6f,0x63,
    0x61,0x74,0x69,0x6f,0x6e,0x28,0x30,0x29,0x0a,0x20,0x20,0x66,0x72,0x61,0x67,0x5f,
    0x63,0x6f,0x6c,0x6f,0x72,0x5f,0x31,0x20,0x3a,0x20,0x76,0x65,0x63,0x34,0x66,0x2c,
    0x0a,0x7d,0x0a,0x0a,0x40,0x66,0x72,0x61,0x67,0x6d,0x65,0x6e,0x74,0x0a,0x66,0x6e,
    0x20,0x6d,0x61,0x69,0x6e,0x28,0x40,0x6c,0x6f,0x63,0x61,0x74,0x69,0x6f,0x6e,0x28,
    0x30,0x29,0x20,0x75,0x76,0x5f,0x70,0x61,0x72,0x61,0x6d,0x20,0x3a,0x20,0x76,0x65,
    0x63,0x32,0x66,0x29,0x20,0x2d,0x3e,0x20,0x6d,0x61,0x69,0x6e,0x5f,0x6f,0x75,0x74,
    0x20,0x7b,0x0a,0x20,0x20,0x75,0x76,0x20,0x3d,0x20,0x75,0x76,0x5f,0x70,0x61,0x72,
    0x61,0x6d,0x3b,0x0a,0x20,0x20,0x6d,0x61,0x69,0x6e,0x5f,0x31,0x28,0x29,0x3b,0x0a,
    0x20,0x20,0x72,0x65,0x74,0x75,0x72,0x6e,0x20,0x6d,0x61,0x69,0x6e,0x5f,0x6f,0x75,
    0x74,0x28,0x66,0x72,0x61,0x67,0x5f,0x63,0x6f,0x6c,0x6f,0x72,0x29,0x3b,0x0a,0x7d,
    0x0a,0x00,
};
/*
    diagnostic(off, derivative_uniformity);

    struct flow_params {
      /_ @offset(0) _/
      color : vec4f,
      /_ @offset(16) _/
      resolution : vec4f,
      /_ @offset(32) _/
      texel : vec4f,
      /_ @offset(48) _/
      options : vec4f,
    }

    @binding(0) @group(0) var<uniform> x_13 : flow_params;

    @binding(0) @group(1) var diffuseSourceTex : texture_2d<f32>;

    @binding(32) @group(1) var diffuseSourceSmp : sampler;

    var<private> uv : vec2f;

    var<private> frag_color : vec4f;

    fn main_1() {
      var px : vec2f;
      var c : vec4f;
      var l : vec4f;
      var r : vec4f;
      var u : vec4f;
      var d : vec4f;
      var avg : vec4f;
      var value : vec4f;
      var x_110 : vec4f;
      px = x_13.texel.xy;
      let x_34 = uv;
      let x_35 = textureSample(diffuseSourceTex, diffuseSourceSmp, x_34);
      c = x_35;
      let x_40 = uv;
      let x_45 = px.x;
      let x_49 = textureSample(diffuseSourceTex, diffuseSourceSmp, (x_40 - vec2f(x_45, 0.0f)));
      l = x_49;
      let x_54 = uv;
      let x_56 = px.x;
      let x_59 = textureSample(diffuseSourceTex, diffuseSourceSmp, (x_54 + vec2f(x_56, 0.0f)));
      r = x_59;
      let x_64 = uv;
      let x_67 = px.y;
      let x_70 = textureSample(diffuseSourceTex, diffuseSourceSmp, (x_64 - vec2f(0.0f, x_67)));
      u = x_70;
      let x_75 = uv;
      let x_77 = px.y;
      let x_80 = textureSample(diffuseSourceTex, diffuseSourceSmp, (x_75 + vec2f(0.0f, x_77)));
      d = x_80;
      avg = ((((l + r) + u) + d) * 0.25f);
      value = mix(c, avg, vec4f(clamp(x_13.options.x, 0.0f, 1.0f)));
      if ((x_13.options.w > 0.5f)) {
        x_110 = clamp(value, vec4f(0.0f), vec4f(1.0f));
      } else {
        x_110 = value;
      }
      frag_color = x_110;
      return;
    }

    struct main_out {
      @location(0)
      frag_color_1 : vec4f,
    }

    @fragment
    fn main(@location(0) uv_param : vec2f) -> main_out {
      uv = uv_param;
      main_1();
      return main_out(frag_color);
    }
*/
static const uint8_t fs_diffuse_source_wgsl[1757] = {
    0x64,0x69,0x61,0x67,0x6e,0x6f,0x73,0x74,0x69,0x63,0x28,0x6f,0x66,0x66,0x2c,0x20,
    0x64,0x65,0x72,0x69,0x76,0x61,0x74,0x69,0x76,0x65,0x5f,0x75,0x6e,0x69,0x66,0x6f,
    0x72,0x6d,0x69,0x74,0x79,0x29,0x3b,0x0a,0x0a,0x73,0x74,0x72,0x75,0x63,0x74,0x20,
    0x66,0x6c,0x6f,0x77,0x5f,0x70,0x61,0x72,0x61,0x6d,0x73,0x20,0x7b,0x0a,0x20,0x20,
    0x2f,0x2a,0x20,0x40,0x6f,0x66,0x66,0x73,0x65,0x74,0x28,0x30,0x29,0x20,0x2a,0x2f,
    0x0a,0x20,0x20,0x63,0x6f,0x6c,0x6f,0x72,0x20,0x3a,0x20,0x76,0x65,0x63,0x34,0x66,
    0x2c,0x0a,0x20,0x20,0x2f,0x2a,0x20,0x40,0x6f,0x66,0x66,0x73,0x65,0x74,0x28,0x31,
    0x36,0x29,0x20,0x2a,0x2f,0x0a,0x20,0x20,0x72,0x65,0x73,0x6f,0x6c,0x75,0x74,0x69,
    0x6f,0x6e,0x20,0x3a,0x20,0x76,0x65,0x63,0x34,0x66,0x2c,0x0a,0x20,0x20,0x2f,0x2a,
    0x20,0x40,0x6f,0x66,0x66,0x73,0x65,0x74,0x28,0x33,0x32,0x29,0x20,0x2a,0x2f,0x0a,
    0x20,0x20,0x74,0x65,0x78,0x65,0x6c,0x20,0x3a,0x20,0x76,0x65,0x63,0x34,0x66,0x2c,
    0x0a,0x20,0x20,0x2f,0x2a,0x20,0x40,0x6f,0x66,0x66,0x73,0x65,0x74,0x28,0x34,0x38,
    0x29,0x20,0x2a,0x2f,0x0a,0x20,0x20,0x6f,0x70,0x74,0x69,0x6f,0x6e,0x73,0x20,0x3a,
    0x20,0x76,0x65,0x63,0x34,0x66,0x2c,0x0a,0x7d,0x0a,0x0a,0x40,0x62,0x69,0x6e,0x64,
    0x69,0x6e,0x67,0x28,0x30,0x29,0x20,0x40,0x67,0x72,0x6f,0x75,0x70,0x28,0x30,0x29,
    0x20,0x76,0x61,0x72,0x3c,0x75,0x6e,0x69,0x66,0x6f,0x72,0x6d,0x3e,0x20,0x78,0x5f,
    0x31,0x33,0x20,0x3a,0x20,0x66,0x6c,0x6f,0x77,0x5f,0x70,0x61,0x72,0x61,0x6d,0x73,
    0x3b,0x0a,0x0a,0x40,0x62,0x69,0x6e,0x64,0x69,0x6e,0x67,0x28,0x30,0x29,0x20,0x40,
    0x67,0x72,0x6f,0x75,0x70,0x28,0x31,0x29,0x20,0x76,0x61,0x72,0x20,0x64,0x69,0x66,
    0x66,0x75,0x73,0x65,0x53,0x6f,0x75,0x72,0x63,0x65,0x54,0x65,0x78,0x20,0x3a,0x20,
    0x74,0x65,0x78,0x74,0x75,0x72,0x65,0x5f,0x32,0x64,0x3c,0x66,0x33,0x32,0x3e,0x3b,
    0x0a,0x0a,0x40,0x62,0x69,0x6e,0x64,0x69,0x6e,0x67,0x28,0x33,0x32,0x29,0x20,0x40,
    0x67,0x72,0x6f,0x75,0x70,0x28,0x31,0x29,0x20,0x76,0x61,0x72,0x20,0x64,0x69,0x66,
    0x66,0x75,0x73,0x65,0x53,0x6f,0x75,0x72,0x63,0x65,0x53,0x6d,0x70,0x20,0x3a,0x20,
    0x73,0x61,0x6d,0x70,0x6c,0x65,0x72,0x3b,0x0a,0x0a,0x76,0x61,0x72,0x3c,0x70,0x72,
    0x69,0x76,0x61,0x74,0x65,0x3e,0x20,0x75,0x76,0x20,0x3a,0x20,0x76,0x65,0x63,0x32,
    0x66,0x3b,0x0a,0x0a,0x76,0x61,0x72,0x3c,0x70,0x72,0x69,0x76,0x61,0x74,0x65,0x3e,
    0x20,0x66,0x72,0x61,0x67,0x5f,0x63,0x6f,0x6c,0x6f,0x72,0x20,0x3a,0x20,0x76,0x65,
    0x63,0x34,0x66,0x3b,0x0a,0x0a,0x66,0x6e,0x20,0x6d,0x61,0x69,0x6e,0x5f,0x31,0x28,
    0x29,0x20,0x7b,0x0a,0x20,0x20,0x76,0x61,0x72,0x20,0x70,0x78,0x20,0x3a,0x20,0x76,
    0x65,0x63,0x32,0x66,0x3b,0x0a,0x20,0x20,0x76,0x61,0x72,0x20,0x63,0x20,0x3a,0x20,
    0x76,0x65,0x63,0x34,0x66,0x3b,0x0a,0x20,0x20,0x76,0x61,0x72,0x20,0x6c,0x20,0x3a,
    0x20,0x76,0x65,0x63,0x34,0x66,0x3b,0x0a,0x20,0x20,0x76,0x61,0x72,0x20,0x72,0x20,
    0x3a,0x20,0x76,0x65,0x63,0x34,0x66,0x3b,0x0a,0x20,0x20,0x76,0x61,0x72,0x20,0x75,
    0x20,0x3a,0x20,0x76,0x65,0x63,0x34,0x66,0x3b,0x0a,0x20,0x20,0x76,0x61,0x72,0x20,
    0x64,0x20,0x3a,0x20,0x76,0x65,0x63,0x34,0x66,0x3b,0x0a,0x20,0x20,0x76,0x61,0x72,
    0x20,0x61,0x76,0x67,0x20,0x3a,0x20,0x76,0x65,0x63,0x34,0x66,0x3b,0x0a,0x20,0x20,
    0x76,0x61,0x72,0x20,0x76,0x61,0x6c,0x75,0x65,0x20,0x3a,0x20,0x76,0x65,0x63,0x34,
    0x66,0x3b,0x0a,0x20,0x20,0x76,0x61,0x72,0x20,0x78,0x5f,0x31,0x31,0x30,0x20,0x3a,
    0x20,0x76,0x65,0x63,0x34,0x66,0x3b,0x0a,0x20,0x20,0x70,0x78,0x20,0x3d,0x20,0x78,
    0x5f,0x31,0x33,0x2e,0x74,0x65,0x78,0x65,0x6c,0x2e,0x78,0x79,0x3b,0x0a,0x20,0x20,
    0x6c,0x65,0x74,0x20,0x78,0x5f,0x33,0x34,0x20,0x3d,0x20,0x75,0x76,0x3b,0x0a,0x20,
    0x20,0x6c,0x65,0x74,0x20,0x78,0x5f,0x33,0x35,0x20,0x3d,0x20,0x74,0x65,0x78,0x74,
    0x75,0x72,0x65,0x53,0x61,0x6d,0x70,0x6c,0x65,0x28,0x64,0x69,0x66,0x66,0x75,0x73,
    0x65,0x53,0x6f,0x75,0x72,0x63,0x65,0x54,0x65,0x78,0x2c,0x20,0x64,0x69,0x66,0x66,
    0x75,0x73,0x65,0x53,0x6f,0x75,0x72,0x63,0x65,0x53,0x6d,0x70,0x2c,0x20,0x78,0x5f,
    0x33,0x34,0x29,0x3b,0x0a,0x20,0x20,0x63,0x20,0x3d,0x20,0x78,0x5f,0x33,0x35,0x3b,
    0x0a,0x20,0x20,0x6c,0x65,0x74,0x20,0x78,0x5f,0x34,0x30,0x20,0x3d,0x20,0x75,0x76,
    0x3b,0x0a,0x20,0x20,0x6c,0x65,0x74,0x20,0x78,0x5f,0x34,0x35,0x20,0x3d,0x20,0x70,
    0x78,0x2e,0x78,0x3b,0x0a,0x20,0x20,0x6c,0x65,0x74,0x20,0x78,0x5f,0x34,0x39,0x20,
    0x3d,0x20,0x74,0x65,0x78,0x74,0x75,0x72,0x65,0x53,0x61,0x6d,0x70,0x6c,0x65,0x28,
    0x64,0x69,0x66,0x66,0x75,0x73,0x65,0x53,0x6f,0x75,0x72,0x63,0x65,0x54,0x65,0x78,
    0x2c,0x20,0x64,0x69,0x66,0x66,0x75,0x73,0x65,0x53,0x6f,0x75,0x72,0x63,0x65,0x53,
    0x6d,0x70,0x2c,0x20,0x28,0x78,0x5f,0x34,0x30,0x20,0x2d,0x20,0x76,0x65,0x63,0x32,
    0x66,0x28,0x78,0x5f,0x34,0x35,0x2c,0x20,0x30,0x2e,0x30,0x66,0x29,0x29,0x29,0x3b,
    0x0a,0x20,0x20,0x6c,0x20,0x3d,0x20,0x78,0x5f,0x34,0x39,0x3b,0x0a,0x20,0x20,0x6c,
    0x65,0x74,0x20,0x78,0x5f,0x35,0x34,0x20,0x3d,0x20,0x75,0x76,0x3b,0x0a,0x20,0x20,
    0x6c,0x65,0x74,0x20,0x78,0x5f,0x35,0x36,0x20,0x3d,0x20,0x70,0x78,0x2e,0x78,0x3b,
    0x0a,0x20,0x20,0x6c,0x65,0x74,0x20,0x78,0x5f,0x35,0x39,0x20,0x3d,0x20,0x74,0x65,
    0x78,0x74,0x75,0x72,0x65,0x53,0x61,0x6d,0x70,0x6c,0x65,0x28,0x64,0x69,0x66,0x66,
    0x75,0x73,0x65,0x53,0x6f,0x75,0x72,0x63,0x65,0x54,0x65,0x78,0x2c,0x20,0x64,0x69,
    0x66,0x66,0x75,0x73,0x65,0x53,0x6f,0x75,0x72,0x63,0x65,0x53,0x6d,0x70,0x2c,0x20,
    0x28,0x78,0x5f,0x35,0x34,0x20,0x2b,0x20,0x76,0x65,0x63,0x32,0x66,0x28,0x78,0x5f,
    0x35,0x36,0x2c,0x20,0x30,0x2e,0x30,0x66,0x29,0x29,0x29,0x3b,0x0a,0x20,0x20,0x72,
    0x20,0x3d,0x20,0x78,0x5f,0x35,0x39,0x3b,0x0a,0x20,0x20,0x6c,0x65,0x74,0x20,0x78,
    0x5f,0x36,0x34,0x20,0x3d,0x20,0x75,0x76,0x3b,0x0a,0x20,0x20,0x6c,0x65,0x74,0x20,
    0x78,0x5f,0x36,0x37,0x20,0x3d,0x20,0x70,0x78,0x2e,0x79,0x3b,0x0a,0x20,0x20,0x6c,
    0x65,0x74,0x20,0x78,0x5f,0x37,0x30,0x20,0x3d,0x20,0x74,0x65,0x78,0x74,0x75,0x72,
    0x65,0x53,0x61,0x6d,0x70,0x6c,0x65,0x28,0x64,0x69,0x66,0x66,0x75,0x73,0x65,0x53,
    0x6f,0x75,0x72,0x63,0x65,0x54,0x65,0x78,0x2c,0x20,0x64,0x69,0x66,0x66,0x75,0x73,
    0x65,0x53,0x6f,0x75,0x72,0x63,0x65,0x53,0x6d,0x70,0x2c,0x20,0x28,0x78,0x5f,0x36,
    0x34,0x20,0x2d,0x20,0x76,0x65,0x63,0x32,0x66,0x28,0x30,0x2e,0x30,0x66,0x2c,0x20,
    0x78,0x5f,0x36,0x37,0x29,0x29,0x29,0x3b,0x0a,0x20,0x20,0x75,0x20,0x3d,0x20,0x78,
    0x5f,0x37,0x30,0x3b,0x0a,0x20,0x20,0x6c,0x65,0x74,0x20,0x78,0x5f,0x37,0x35,0x20,
    0x3d,0x20,0x75,0x76,0x3b,0x0a,0x20,0x20,0x6c,0x65,0x74,0x20,0x78,0x5f,0x37,0x37,
    0x20,0x3d,0x20,0x70,0x78,0x2e,0x79,0x3b,0x0a,0x20,0x20,0x6c,0x65,0x74,0x20,0x78,
    0x5f,0x38,0x30,0x20,0x3d,0x20,0x74,0x65,0x78,0x74,0x75,0x72,0x65,0x53,0x61,0x6d,
    0x70,0x6c,0x65,0x28,0x64,0x69,0x66,0x66,0x75,0x73,0x65,0x53,0x6f,0x75,0x72,0x63,
    0x65,0x54,0x65,0x78,0x2c,0x20,0x64,0x69,0x66,0x66,0x75,0x73,0x65,0x53,0x6f,0x75,
    0x72,0x63,0x65,0x53,0x6d,0x70,0x2c,0x20,0x28,0x78,0x5f,0x37,0x35,0x20,0x2b,0x20,
    0x76,0x65,0x63,0x32,0x66,0x28,0x30,0x2e,0x30,0x66,0x2c,0x20,0x78,0x5f,0x37,0x37,
    0x29,0x29,0x29,0x3b,0x0a,0x20,0x20,0x64,0x20,0x3d,0x20,0x78,0x5f,0x38,0x30,0x3b,
    0x0a,0x20,0x20,0x61,0x76,0x67,0x20,0x3d,0x20,0x28,0x28,0x28,0x28,0x6c,0x20,0x2b,
    0x20,0x72,0x29,0x20,0x2b,0x20,0x75,0x29,0x20,0x2b,0x20,0x64,0x29,0x20,0x2a,0x20,
    0x30,0x2e,0x32,0x35,0x66,0x29,0x3b,0x0a,0x20,0x20,0x76,0x61,0x6c,0x75,0x65,0x20,
    0x3d,0x20,0x6d,0x69,0x78,0x28,0x63,0x2c,0x20,0x61,0x76,0x67,0x2c,0x20,0x76,0x65,
    0x63,0x34,0x66,0x28,0x63,0x6c,0x61,0x6d,0x70,0x28,0x78,0x5f,0x31,0x33,0x2e,0x6f,
    0x70,0x74,0x69,0x6f,0x6e,0x73,0x2e,0x78,0x2c,0x20,0x30,0x2e,0x30,0x66,0x2c,0x20,
    0x31,0x2e,0x30,0x66,0x29,0x29,0x29,0x3b,0x0a,0x20,0x20,0x69,0x66,0x20,0x28,0x28,
    0x78,0x5f,0x31,0x33,0x2e,0x6f,0x70,0x74,0x69,0x6f,0x6e,0x73,0x2e,0x77,0x20,0x3e,
    0x20,0x30,0x2e,0x35,0x66,0x29,0x29,0x20,0x7b,0x0a,0x20,0x20,0x20,0x20,0x78,0x5f,
    0x31,0x31,0x30,0x20,0x3d,0x20,0x63,0x6c,0x61,0x6d,0x70,0x28,0x76,0x61,0x6c,0x75,
    0x65,0x2c,0x20,0x76,0x65,0x63,0x34,0x66,0x28,0x30,0x2e,0x30,0x66,0x29,0x2c,0x20,
    0x76,0x65,0x63,0x34,0x66,0x28,0x31,0x2e,0x30,0x66,0x29,0x29,0x3b,0x0a,0x20,0x20,
    0x7d,0x20,0x65,0x6c,0x73,0x65,0x20,0x7b,0x0a,0x20,0x20,0x20,0x20,0x78,0x5f,0x31,
    0x31,0x30,0x20,0x3d,0x20,0x76,0x61,0x6c,0x75,0x65,0x3b,0x0a,0x20,0x20,0x7d,0x0a,
    0x20,0x20,0x66,0x72,0x61,0x67,0x5f,0x63,0x6f,0x6c,0x6f,0x72,0x20,0x3d,0x20,0x78,
    0x5f,0x31,0x31,0x30,0x3b,0x0a,0x20,0x20,0x72,0x65,0x74,0x75,0x72,0x6e,0x3b,0x0a,
    0x7d,0x0a,0x0a,0x73,0x74,0x72,0x75,0x63,0x74,0x20,0x6d,0x61,0x69,0x6e,0x5f,0x6f,
    0x75,0x74,0x20,0x7b,0x0a,0x20,0x20,0x40,0x6c,0x6f,0x63,0x61,0x74,0x69,0x6f,0x6e,
    0x28,0x30,0x29,0x0a,0x20,0x20,0x66,0x72,0x61,0x67,0x5f,0x63,0x6f,0x6c,0x6f,0x72,
    0x5f,0x31,0x20,0x3a,0x20,0x76,0x65,0x63,0x34,0x66,0x2c,0x0a,0x7d,0x0a,0x0a,0x40,
    0x66,0x72,0x61,0x67,0x6d,0x65,0x6e,0x74,0x0a,0x66,0x6e,0x20,0x6d,0x61,0x69,0x6e,
    0x28,0x40,0x6c,0x6f,0x63,0x61,0x74,0x69,0x6f,0x6e,0x28,0x30,0x29,0x20,0x75,0x76,
    0x5f,0x70,0x61,0x72,0x61,0x6d,0x20,0x3a,0x20,0x76,0x65,0x63,0x32,0x66,0x29,0x20,
    0x2d,0x3e,0x20,0x6d,0x61,0x69,0x6e,0x5f,0x6f,0x75,0x74,0x20,0x7b,0x0a,0x20,0x20,
    0x75,0x76,0x20,0x3d,0x20,0x75,0x76,0x5f,0x70,0x61,0x72,0x61,0x6d,0x3b,0x0a,0x20,
    0x20,0x6d,0x61,0x69,0x6e,0x5f,0x31,0x28,0x29,0x3b,0x0a,0x20,0x20,0x72,0x65,0x74,
    0x75,0x72,0x6e,0x20,0x6d,0x61,0x69,0x6e,0x5f,0x6f,0x75,0x74,0x28,0x66,0x72,0x61,
    0x67,0x5f,0x63,0x6f,0x6c,0x6f,0x72,0x29,0x3b,0x0a,0x7d,0x0a,0x00,
};
/*
    diagnostic(off, derivative_uniformity);

    struct flow_params {
      /_ @offset(0) _/
      color : vec4f,
      /_ @offset(16) _/
      resolution : vec4f,
      /_ @offset(32) _/
      texel : vec4f,
      /_ @offset(48) _/
      options : vec4f,
    }

    @binding(0) @group(1) var velocityTex : texture_2d<f32>;

    @binding(32) @group(1) var velocitySmp : sampler;

    var<private> uv : vec2f;

    @binding(1) @group(1) var externalVelocityTex : texture_2d<f32>;

    @binding(33) @group(1) var externalVelocitySmp : sampler;

    @binding(0) @group(0) var<uniform> x_37 : flow_params;

    var<private> frag_color : vec4f;

    fn main_1() {
      var velocity : vec2f;
      var externalVelocity : vec2f;
      var hasExternal : f32;
      let x_22 = uv;
      let x_24 = textureSample(velocityTex, velocitySmp, x_22);
      velocity = x_24.xy;
      let x_32 = uv;
      let x_33 = textureSample(externalVelocityTex, externalVelocitySmp, x_32);
      externalVelocity = x_33.xy;
      if ((x_37.options.y > 0.5f)) {
        hasExternal = step(0.00000099999999747524f, dot(externalVelocity, externalVelocity));
        velocity = mix(velocity, externalVelocity, vec2f((hasExternal * clamp(x_37.options.x, 0.0f, 1.0f))));
      } else {
        velocity = (velocity + (externalVelocity * x_37.options.x));
      }
      frag_color = vec4f(velocity.x, velocity.y, 0.0f, 1.0f);
      return;
    }

    struct main_out {
      @location(0)
      frag_color_1 : vec4f,
    }

    @fragment
    fn main(@location(0) uv_param : vec2f) -> main_out {
      uv = uv_param;
      main_1();
      return main_out(frag_color);
    }
*/
static const uint8_t fs_add_velocity_source_wgsl[1452] = {
    0x64,0x69,0x61,0x67,0x6e,0x6f,0x73,0x74,0x69,0x63,0x28,0x6f,0x66,0x66,0x2c,0x20,
    0x64,0x65,0x72,0x69,0x76,0x61,0x74,0x69,0x76,0x65,0x5f,0x75,0x6e,0x69,0x66,0x6f,
    0x72,0x6d,0x69,0x74,0x79,0x29,0x3b,0x0a,0x0a,0x73,0x74,0x72,0x75,0x63,0x74,0x20,
    0x66,0x6c,0x6f,0x77,0x5f,0x70,0x61,0x72,0x61,0x6d,0x73,0x20,0x7b,0x0a,0x20,0x20,
    0x2f,0x2a,0x20,0x40,0x6f,0x66,0x66,0x73,0x65,0x74,0x28,0x30,0x29,0x20,0x2a,0x2f,
    0x0a,0x20,0x20,0x63,0x6f,0x6c,0x6f,0x72,0x20,0x3a,0x20,0x76,0x65,0x63,0x34,0x66,
    0x2c,0x0a,0x20,0x20,0x2f,0x2a,0x20,0x40,0x6f,0x66,0x66,0x73,0x65,0x74,0x28,0x31,
    0x36,0x29,0x20,0x2a,0x2f,0x0a,0x20,0x20,0x72,0x65,0x73,0x6f,0x6c,0x75,0x74,0x69,
    0x6f,0x6e,0x20,0x3a,0x20,0x76,0x65,0x63,0x34,0x66,0x2c,0x0a,0x20,0x20,0x2f,0x2a,
    0x20,0x40,0x6f,0x66,0x66,0x73,0x65,0x74,0x28,0x33,0x32,0x29,0x20,0x2a,0x2f,0x0a,
    0x20,0x20,0x74,0x65,0x78,0x65,0x6c,0x20,0x3a,0x20,0x76,0x65,0x63,0x34,0x66,0x2c,
    0x0a,0x20,0x20,0x2f,0x2a,0x20,0x40,0x6f,0x66,0x66,0x73,0x65,0x74,0x28,0x34,0x38,
    0x29,0x20,0x2a,0x2f,0x0a,0x20,0x20,0x6f,0x70,0x74,0x69,0x6f,0x6e,0x73,0x20,0x3a,
    0x20,0x76,0x65,0x63,0x34,0x66,0x2c,0x0a,0x7d,0x0a,0x0a,0x40,0x62,0x69,0x6e,0x64,
    0x69,0x6e,0x67,0x28,0x30,0x29,0x20,0x40,0x67,0x72,0x6f,0x75,0x70,0x28,0x31,0x29,
    0x20,0x76,0x61,0x72,0x20,0x76,0x65,0x6c,0x6f,0x63,0x69,0x74,0x79,0x54,0x65,0x78,
    0x20,0x3a,0x20,0x74,0x65,0x78,0x74,0x75,0x72,0x65,0x5f,0x32,0x64,0x3c,0x66,0x33,
    0x32,0x3e,0x3b,0x0a,0x0a,0x40,0x62,0x69,0x6e,0x64,0x69,0x6e,0x67,0x28,0x33,0x32,
    0x29,0x20,0x40,0x67,0x72,0x6f,0x75,0x70,0x28,0x31,0x29,0x20,0x76,0x61,0x72,0x20,
    0x76,0x65,0x6c,0x6f,0x63,0x69,0x74,0x79,0x53,0x6d,0x70,0x20,0x3a,0x20,0x73,0x61,
    0x6d,0x70,0x6c,0x65,0x72,0x3b,0x0a,0x0a,0x76,0x61,0x72,0x3c,0x70,0x72,0x69,0x76,
    0x61,0x74,0x65,0x3e,0x20,0x75,0x76,0x20,0x3a,0x20,0x76,0x65,0x63,0x32,0x66,0x3b,
    0x0a,0x0a,0x40,0x62,0x69,0x6e,0x64,0x69,0x6e,0x67,0x28,0x31,0x29,0x20,0x40,0x67,
    0x72,0x6f,0x75,0x70,0x28,0x31,0x29,0x20,0x76,0x61,0x72,0x20,0x65,0x78,0x74,0x65,
    0x72,0x6e,0x61,0x6c,0x56,0x65,0x6c,0x6f,0x63,0x69,0x74,0x79,0x54,0x65,0x78,0x20,
    0x3a,0x20,0x74,0x65,0x78,0x74,0x75,0x72,0x65,0x5f,0x32,0x64,0x3c,0x66,0x33,0x32,
    0x3e,0x3b,0x0a,0x0a,0x40,0x62,0x69,0x6e,0x64,0x69,0x6e,0x67,0x28,0x33,0x33,0x29,
    0x20,0x40,0x67,0x72,0x6f,0x75,0x70,0x28,0x31,0x29,0x20,0x76,0x61,0x72,0x20,0x65,
    0x78,0x74,0x65,0x72,0x6e,0x61,0x6c,0x56,0x65,0x6c,0x6f,0x63,0x69,0x74,0x79,0x53,
    0x6d,0x70,0x20,0x3a,0x20,0x73,0x61,0x6d,0x70,0x6c,0x65,0x72,0x3b,0x0a,0x0a,0x40,
    0x62,0x69,0x6e,0x64,0x69,0x6e,0x67,0x28,0x30,0x29,0x20,0x40,0x67,0x72,0x6f,0x75,
    0x70,0x28,0x30,0x29,0x20,0x76,0x61,0x72,0x3c,0x75,0x6e,0x69,0x66,0x6f,0x72,0x6d,
    0x3e,0x20,0x78,0x5f,0x33,0x37,0x20,0x3a,0x20,0x66,0x6c,0x6f,0x77,0x5f,0x70,0x61,
    0x72,0x61,0x6d,0x73,0x3b,0x0a,0x0a,0x76,0x61,0x72,0x3c,0x70,0x72,0x69,0x76,0x61,
    0x74,0x65,0x3e,0x20,0x66,0x72,0x61,0x67,0x5f,0x63,0x6f,0x6c,0x6f,0x72,0x20,0x3a,
    0x20,0x76,0x65,0x63,0x34,0x66,0x3b,0x0a,0x0a,0x66,0x6e,0x20,0x6d,0x61,0x69,0x6e,
    0x5f,0x31,0x28,0x29,0x20,0x7b,0x0a,0x20,0x20,0x76,0x61,0x72,0x20,0x76,0x65,0x6c,
    0x6f,0x63,0x69,0x74,0x79,0x20,0x3a,0x20,0x76,0x65,0x63,0x32,0x66,0x3b,0x0a,0x20,
    0x20,0x76,0x61,0x72,0x20,0x65,0x78,0x74,0x65,0x72,0x6e,0x61,0x6c,0x56,0x65,0x6c,
    0x6f,0x63,0x69,0x74,0x79,0x20,0x3a,0x20,0x76,0x65,0x63,0x32,0x66,0x3b,0x0a,0x20,
    0x20,0x76,0x61,0x72,0x20,0x68,0x61,0x73,0x45,0x78,0x74,0x65,0x72,0x6e,0x61,0x6c,
    0x20,0x3a,0x20,0x66,0x33,0x32,0x3b,0x0a,0x20,0x20,0x6c,0x65,0x74,0x20,0x78,0x5f,
    0x32,0x32,0x20,0x3d,0x20,0x75,0x76,0x3b,0x0a,0x20,0x20,0x6c,0x65,0x74,0x20,0x78,
    0x5f,0x32,0x34,0x20,0x3d,0x20,0x74,0x65,0x78,0x74,0x75,0x72,0x65,0x53,0x61,0x6d,
    0x70,0x6c,0x65,0x28,0x76,0x65,0x6c,0x6f,0x63,0x69,0x74,0x79,0x54,0x65,0x78,0x2c,
    0x20,0x76,0x65,0x6c,0x6f,0x63,0x69,0x74,0x79,0x53,0x6d,0x70,0x2c,0x20,0x78,0x5f,
    0x32,0x32,0x29,0x3b,0x0a,0x20,0x20,0x76,0x65,0x6c,0x6f,0x63,0x69,0x74,0x79,0x20,
    0x3d,0x20,0x78,0x5f,0x32,0x34,0x2e,0x78,0x79,0x3b,0x0a,0x20,0x20,0x6c,0x65,0x74,
    0x20,0x78,0x5f,0x33,0x32,0x20,0x3d,0x20,0x75,0x76,0x3b,0x0a,0x20,0x20,0x6c,0x65,
    0x74,0x20,0x78,0x5f,0x33,0x33,0x20,0x3d,0x20,0x74,0x65,0x78,0x74,0x75,0x72,0x65,
    0x53,0x61,0x6d,0x70,0x6c,0x65,0x28,0x65,0x78,0x74,0x65,0x72,0x6e,0x61,0x6c,0x56,
    0x65,0x6c,0x6f,0x63,0x69,0x74,0x79,0x54,0x65,0x78,0x2c,0x20,0x65,0x78,0x74,0x65,
    0x72,0x6e,0x61,0x6c,0x56,0x65,0x6c,0x6f,0x63,0x69,0x74,0x79,0x53,0x6d,0x70,0x2c,
    0x20,0x78,0x5f,0x33,0x32,0x29,0x3b,0x0a,0x20,0x20,0x65,0x78,0x74,0x65,0x72,0x6e,
    0x61,0x6c,0x56,0x65,0x6c,0x6f,0x63,0x69,0x74,0x79,0x20,0x3d,0x20,0x78,0x5f,0x33,
    0x33,0x2e,0x78,0x79,0x3b,0x0a,0x20,0x20,0x69,0x66,0x20,0x28,0x28,0x78,0x5f,0x33,
    0x37,0x2e,0x6f,0x70,0x74,0x69,0x6f,0x6e,0x73,0x2e,0x79,0x20,0x3e,0x20,0x30,0x2e,
    0x35,0x66,0x29,0x29,0x20,0x7b,0x0a,0x20,0x20,0x20,0x20,0x68,0x61,0x73,0x45,0x78,
    0x74,0x65,0x72,0x6e,0x61,0x6c,0x20,0x3d,0x20,0x73,0x74,0x65,0x70,0x28,0x30,0x2e,
    0x30,0x30,0x30,0x30,0x30,0x30,0x39,0x39,0x39,0x39,0x39,0x39,0x39,0x39,0x37,0x34,
    0x37,0x35,0x32,0x34,0x66,0x2c,0x20,0x64,0x6f,0x74,0x28,0x65,0x78,0x74,0x65,0x72,
    0x6e,0x61,0x6c,0x56,0x65,0x6c,0x6f,0x63,0x69,0x74,0x79,0x2c,0x20,0x65,0x78,0x74,
    0x65,0x72,0x6e,0x61,0x6c,0x56,0x65,0x6c,0x6f,0x63,0x69,0x74,0x79,0x29,0x29,0x3b,
    0x0a,0x20,0x20,0x20,0x20,0x76,0x65,0x6c,0x6f,0x63,0x69,0x74,0x79,0x20,0x3d,0x20,
    0x6d,0x69,0x78,0x28,0x76,0x65,0x6c,0x6f,0x63,0x69,0x74,0x79,0x2c,0x20,0x65,0x78,
    0x74,0x65,0x72,0x6e,0x61,0x6c,0x56,0x65,0x6c,0x6f,0x63,0x69,0x74,0x79,0x2c,0x20,
    0x76,0x65,0x63,0x32,0x66,0x28,0x28,0x68,0x61,0x73,0x45,0x78,0x74,0x65,0x72,0x6e,
    0x61,0x6c,0x20,0x2a,0x20,0x63,0x6c,0x61,0x6d,0x70,0x28,0x78,0x5f,0x33,0x37,0x2e,
    0x6f,0x70,0x74,0x69,0x6f,0x6e,0x73,0x2e,0x78,0x2c,0x20,0x30,0x2e,0x30,0x66,0x2c,
    0x20,0x31,0x2e,0x30,0x66,0x29,0x29,0x29,0x29,0x3b,0x0a,0x20,0x20,0x7d,0x20,0x65,
    0x6c,0x73,0x65,0x20,0x7b,0x0a,0x20,0x20,0x20,0x20,0x76,0x65,0x6c,0x6f,0x63,0x69,
    0x74,0x79,0x20,0x3d,0x20,0x28,0x76,0x65,0x6c,0x6f,0x63,0x69,0x74,0x79,0x20,0x2b,
    0x20,0x28,0x65,0x78,0x74,0x65,0x72,0x6e,0x61,0x6c,0x56,0x65,0x6c,0x6f,0x63,0x69,
    0x74,0x79,0x20,0x2a,0x20,0x78,0x5f,0x33,0x37,0x2e,0x6f,0x70,0x74,0x69,0x6f,0x6e,
    0x73,0x2e,0x78,0x29,0x29,0x3b,0x0a,0x20,0x20,0x7d,0x0a,0x20,0x20,0x66,0x72,0x61,
    0x67,0x5f,0x63,0x6f,0x6c,0x6f,0x72,0x20,0x3d,0x20,0x76,0x65,0x63,0x34,0x66,0x28,
    0x76,0x65,0x6c,0x6f,0x63,0x69,0x74,0x79,0x2e,0x78,0x2c,0x20,0x76,0x65,0x6c,0x6f,
    0x63,0x69,0x74,0x79,0x2e,0x79,0x2c,0x20,0x30,0x2e,0x30,0x66,0x2c,0x20,0x31,0x2e,
    0x30,0x66,0x29,0x3b,0x0a,0x20,0x20,0x72,0x65,0x74,0x75,0x72,0x6e,0x3b,0x0a,0x7d,
    0x0a,0x0a,0x73,0x74,0x72,0x75,0x63,0x74,0x20,0x6d,0x61,0x69,0x6e,0x5f,0x6f,0x75,
    0x74,0x20,0x7b,0x0a,0x20,0x20,0x40,0x6c,0x6f,0x63,0x61,0x74,0x69,0x6f,0x6e,0x28,
    0x30,0x29,0x0a,0x20,0x20,0x66,0x72,0x61,0x67,0x5f,0x63,0x6f,0x6c,0x6f,0x72,0x5f,
    0x31,0x20,0x3a,0x20,0x76,0x65,0x63,0x34,0x66,0x2c,0x0a,0x7d,0x0a,0x0a,0x40,0x66,
    0x72,0x61,0x67,0x6d,0x65,0x6e,0x74,0x0a,0x66,0x6e,0x20,0x6d,0x61,0x69,0x6e,0x28,
    0x40,0x6c,0x6f,0x63,0x61,0x74,0x69,0x6f,0x6e,0x28,0x30,0x29,0x20,0x75,0x76,0x5f,
    0x70,0x61,0x72,0x61,0x6d,0x20,0x3a,0x20,0x76,0x65,0x63,0x32,0x66,0x29,0x20,0x2d,
    0x3e,0x20,0x6d,0x61,0x69,0x6e,0x5f,0x6f,0x75,0x74,0x20,0x7b,0x0a,0x20,0x20,0x75,
    0x76,0x20,0x3d,0x20,0x75,0x76,0x5f,0x70,0x61,0x72,0x61,0x6d,0x3b,0x0a,0x20,0x20,
    0x6d,0x61,0x69,0x6e,0x5f,0x31,0x28,0x29,0x3b,0x0a,0x20,0x20,0x72,0x65,0x74,0x75,
    0x72,0x6e,0x20,0x6d,0x61,0x69,0x6e,0x5f,0x6f,0x75,0x74,0x28,0x66,0x72,0x61,0x67,
    0x5f,0x63,0x6f,0x6c,0x6f,0x72,0x29,0x3b,0x0a,0x7d,0x0a,0x00,
};
/*
    diagnostic(off, derivative_uniformity);

    struct flow_params {
      /_ @offset(0) _/
      color : vec4f,
      /_ @offset(16) _/
      resolution : vec4f,
      /_ @offset(32) _/
      texel : vec4f,
      /_ @offset(48) _/
      options : vec4f,
    }

    @binding(0) @group(1) var densityAddBaseTex : texture_2d<f32>;

    @binding(32) @group(1) var densityAddBaseSmp : sampler;

    var<private> uv : vec2f;

    @binding(1) @group(1) var externalDensityTex : texture_2d<f32>;

    @binding(33) @group(1) var externalDensitySmp : sampler;

    @binding(0) @group(0) var<uniform> x_37 : flow_params;

    var<private> frag_color : vec4f;

    fn main_1() {
      var density : vec4f;
      var externalDensity : vec4f;
      var energy : f32;
      var x_48 : f32;
      var mask : f32;
      var injectedColor : vec3f;
      var x_73 : vec3f;
      var injected : vec4f;
      var added : vec4f;
      let x_23 = uv;
      let x_24 = textureSample(densityAddBaseTex, densityAddBaseSmp, x_23);
      density = x_24;
      let x_31 = uv;
      let x_32 = textureSample(externalDensityTex, externalDensitySmp, x_31);
      externalDensity = x_32;
      if ((x_37.options.w > 0.5f)) {
        x_48 = length(externalDensity.xy);
      } else {
        x_48 = externalDensity.w;
      }
      energy = x_48;
      mask = smoothstep(x_37.options.y, x_37.options.z, energy);
      if ((x_37.options.w > 0.5f)) {
        x_73 = x_37.color.xyz;
      } else {
        x_73 = (externalDensity.xyz * x_37.color.xyz);
      }
      injectedColor = x_73;
      injected = vec4f(injectedColor.x, injectedColor.y, injectedColor.z, energy);
      if ((x_37.options.w > 0.5f)) {
        frag_color = clamp((density + (injected * (x_37.options.x * mask))), vec4f(0.0f), vec4f(1.0f));
      } else {
        added = clamp((injected * (x_37.options.x * mask)), vec4f(0.0f), vec4f(1.0f));
        frag_color = max(density, added);
      }
      return;
    }

    struct main_out {
      @location(0)
      frag_color_1 : vec4f,
    }

    @fragment
    fn main(@location(0) uv_param : vec2f) -> main_out {
      uv = uv_param;
      main_1();
      return main_out(frag_color);
    }
*/
static const uint8_t fs_add_density_texture_source_wgsl[1913] = {
    0x64,0x69,0x61,0x67,0x6e,0x6f,0x73,0x74,0x69,0x63,0x28,0x6f,0x66,0x66,0x2c,0x20,
    0x64,0x65,0x72,0x69,0x76,0x61,0x74,0x69,0x76,0x65,0x5f,0x75,0x6e,0x69,0x66,0x6f,
    0x72,0x6d,0x69,0x74,0x79,0x29,0x3b,0x0a,0x0a,0x73,0x74,0x72,0x75,0x63,0x74,0x20,
    0x66,0x6c,0x6f,0x77,0x5f,0x70,0x61,0x72,0x61,0x6d,0x73,0x20,0x7b,0x0a,0x20,0x20,
    0x2f,0x2a,0x20,0x40,0x6f,0x66,0x66,0x73,0x65,0x74,0x28,0x30,0x29,0x20,0x2a,0x2f,
    0x0a,0x20,0x20,0x63,0x6f,0x6c,0x6f,0x72,0x20,0x3a,0x20,0x76,0x65,0x63,0x34,0x66,
    0x2c,0x0a,0x20,0x20,0x2f,0x2a,0x20,0x40,0x6f,0x66,0x66,0x73,0x65,0x74,0x28,0x31,
    0x36,0x29,0x20,0x2a,0x2f,0x0a,0x20,0x20,0x72,0x65,0x73,0x6f,0x6c,0x75,0x74,0x69,
    0x6f,0x6e,0x20,0x3a,0x20,0x76,0x65,0x63,0x34,0x66,0x2c,0x0a,0x20,0x20,0x2f,0x2a,
    0x20,0x40,0x6f,0x66,0x66,0x73,0x65,0x74,0x28,0x33,0x32,0x29,0x20,0x2a,0x2f,0x0a,
    0x20,0x20,0x74,0x65,0x78,0x65,0x6c,0x20,0x3a,0x20,0x76,0x65,0x63,0x34,0x66,0x2c,
    0x0a,0x20,0x20,0x2f,0x2a,0x20,0x40,0x6f,0x66,0x66,0x73,0x65,0x74,0x28,0x34,0x38,
    0x29,0x20,0x2a,0x2f,0x0a,0x20,0x20,0x6f,0x70,0x74,0x69,0x6f,0x6e,0x73,0x20,0x3a,
    0x20,0x76,0x65,0x63,0x34,0x66,0x2c,0x0a,0x7d,0x0a,0x0a,0x40,0x62,0x69,0x6e,0x64,
    0x69,0x6e,0x67,0x28,0x30,0x29,0x20,0x40,0x67,0x72,0x6f,0x75,0x70,0x28,0x31,0x29,
    0x20,0x76,0x61,0x72,0x20,0x64,0x65,0x6e,0x73,0x69,0x74,0x79,0x41,0x64,0x64,0x42,
    0x61,0x73,0x65,0x54,0x65,0x78,0x20,0x3a,0x20,0x74,0x65,0x78,0x74,0x75,0x72,0x65,
    0x5f,0x32,0x64,0x3c,0x66,0x33,0x32,0x3e,0x3b,0x0a,0x0a,0x40,0x62,0x69,0x6e,0x64,
    0x69,0x6e,0x67,0x28,0x33,0x32,0x29,0x20,0x40,0x67,0x72,0x6f,0x75,0x70,0x28,0x31,
    0x29,0x20,0x76,0x61,0x72,0x20,0x64,0x65,0x6e,0x73,0x69,0x74,0x79,0x41,0x64,0x64,
    0x42,0x61,0x73,0x65,0x53,0x6d,0x70,0x20,0x3a,0x20,0x73,0x61,0x6d,0x70,0x6c,0x65,
    0x72,0x3b,0x0a,0x0a,0x76,0x61,0x72,0x3c,0x70,0x72,0x69,0x76,0x61,0x74,0x65,0x3e,
    0x20,0x75,0x76,0x20,0x3a,0x20,0x76,0x65,0x63,0x32,0x66,0x3b,0x0a,0x0a,0x40,0x62,
    0x69,0x6e,0x64,0x69,0x6e,0x67,0x28,0x31,0x29,0x20,0x40,0x67,0x72,0x6f,0x75,0x70,
    0x28,0x31,0x29,0x20,0x76,0x61,0x72,0x20,0x65,0x78,0x74,0x65,0x72,0x6e,0x61,0x6c,
    0x44,0x65,0x6e,0x73,0x69,0x74,0x79,0x54,0x65,0x78,0x20,0x3a,0x20,0x74,0x65,0x78,
    0x74,0x75,0x72,0x65,0x5f,0x32,0x64,0x3c,0x66,0x33,0x32,0x3e,0x3b,0x0a,0x0a,0x40,
    0x62,0x69,0x6e,0x64,0x69,0x6e,0x67,0x28,0x33,0x33,0x29,0x20,0x40,0x67,0x72,0x6f,
    0x75,0x70,0x28,0x31,0x29,0x20,0x76,0x61,0x72,0x20,0x65,0x78,0x74,0x65,0x72,0x6e,
    0x61,0x6c,0x44,0x65,0x6e,0x73,0x69,0x74,0x79,0x53,0x6d,0x70,0x20,0x3a,0x20,0x73,
    0x61,0x6d,0x70,0x6c,0x65,0x72,0x3b,0x0a,0x0a,0x40,0x62,0x69,0x6e,0x64,0x69,0x6e,
    0x67,0x28,0x30,0x29,0x20,0x40,0x67,0x72,0x6f,0x75,0x70,0x28,0x30,0x29,0x20,0x76,
    0x61,0x72,0x3c,0x75,0x6e,0x69,0x66,0x6f,0x72,0x6d,0x3e,0x20,0x78,0x5f,0x33,0x37,
    0x20,0x3a,0x20,0x66,0x6c,0x6f,0x77,0x5f,0x70,0x61,0x72,0x61,0x6d,0x73,0x3b,0x0a,
    0x0a,0x76,0x61,0x72,0x3c,0x70,0x72,0x69,0x76,0x61,0x74,0x65,0x3e,0x20,0x66,0x72,
    0x61,0x67,0x5f,0x63,0x6f,0x6c,0x6f,0x72,0x20,0x3a,0x20,0x76,0x65,0x63,0x34,0x66,
    0x3b,0x0a,0x0a,0x66,0x6e,0x20,0x6d,0x61,0x69,0x6e,0x5f,0x31,0x28,0x29,0x20,0x7b,
    0x0a,0x20,0x20,0x76,0x61,0x72,0x20,0x64,0x65,0x6e,0x73,0x69,0x74,0x79,0x20,0x3a,
    0x20,0x76,0x65,0x63,0x34,0x66,0x3b,0x0a,0x20,0x20,0x76,0x61,0x72,0x20,0x65,0x78,
    0x74,0x65,0x72,0x6e,0x61,0x6c,0x44,0x65,0x6e,0x73,0x69,0x74,0x79,0x20,0x3a,0x20,
    0x76,0x65,0x63,0x34,0x66,0x3b,0x0a,0x20,0x20,0x76,0x61,0x72,0x20,0x65,0x6e,0x65,
    0x72,0x67,0x79,0x20,0x3a,0x20,0x66,0x33,0x32,0x3b,0x0a,0x20,0x20,0x76,0x61,0x72,
    0x20,0x78,0x5f,0x34,0x38,0x20,0x3a,0x20,0x66,0x33,0x32,0x3b,0x0a,0x20,0x20,0x76,
    0x61,0x72,0x20,0x6d,0x61,0x73,0x6b,0x20,0x3a,0x20,0x66,0x33,0x32,0x3b,0x0a,0x20,
    0x20,0x76,0x61,0x72,0x20,0x69,0x6e,0x6a,0x65,0x63,0x74,0x65,0x64,0x43,0x6f,0x6c,
    0x6f,0x72,0x20,0x3a,0x20,0x76,0x65,0x63,0x33,0x66,0x3b,0x0a,0x20,0x20,0x76,0x61,
    0x72,0x20,0x78,0x5f,0x37,0x33,0x20,0x3a,0x20,0x76,0x65,0x63,0x33,0x66,0x3b,0x0a,
    0x20,0x20,0x76,0x61,0x72,0x20,0x69,0x6e,0x6a,0x65,0x63,0x74,0x65,0x64,0x20,0x3a,
    0x20,0x76,0x65,0x63,0x34,0x66,0x3b,0x0a,0x20,0x20,0x76,0x61,0x72,0x20,0x61,0x64,
    0x64,0x65,0x64,0x20,0x3a,0x20,0x76,0x65,0x63,0x34,0x66,0x3b,0x0a,0x20,0x20,0x6c,
    0x65,0x74,0x20,0x78,0x5f,0x32,0x33,0x20,0x3d,0x20,0x75,0x76,0x3b,0x0a,0x20,0x20,
    0x6c,0x65,0x74,0x20,0x78,0x5f,0x32,0x34,0x20,0x3d,0x20,0x74,0x65,0x78,0x74,0x75,
    0x72,0x65,0x53,0x61,0x6d,0x70,0x6c,0x65,0x28,0x64,0x65,0x6e,0x73,0x69,0x74,0x79,
    0x41,0x64,0x64,0x42,0x61,0x73,0x65,0x54,0x65,0x78,0x2c,0x20,0x64,0x65,0x6e,0x73,
    0x69,0x74,0x79,0x41,0x64,0x64,0x42,0x61,0x73,0x65,0x53,0x6d,0x70,0x2c,0x20,0x78,
    0x5f,0x32,0x33,0x29,0x3b,0x0a,0x20,0x20,0x64,0x65,0x6e,0x73,0x69,0x74,0x79,0x20,
    0x3d,0x20,0x78,0x5f,0x32,0x34,0x3b,0x0a,0x20,0x20,0x6c,0x65,0x74,0x20,0x78,0x5f,
    0x33,0x31,0x20,0x3d,0x20,0x75,0x76,0x3b,0x0a,0x20,0x20,0x6c,0x65,0x74,0x20,0x78,
    0x5f,0x33,0x32,0x20,0x3d,0x20,0x74,0x65,0x78,0x74,0x75,0x72,0x65,0x53,0x61,0x6d,
    0x70,0x6c,0x65,0x28,0x65,0x78,0x74,0x65,0x72,0x6e,0x61,0x6c,0x44,0x65,0x6e,0x73,
    0x69,0x74,0x79,0x54,0x65,0x78,0x2c,0x20,0x65,0x78,0x74,0x65,0x72,0x6e,0x61,0x6c,
    0x44,0x65,0x6e,0x73,0x69,0x74,0x79,0x53,0x6d,0x70,0x2c,0x20,0x78,0x5f,0x33,0x31,
    0x29,0x3b,0x0a,0x20,0x20,0x65,0x78,0x74,0x65,0x72,0x6e,0x61,0x6c,0x44,0x65,0x6e,
    0x73,0x69,0x74,0x79,0x20,0x3d,0x20,0x78,0x5f,0x33,0x32,0x3b,0x0a,0x20,0x20,0x69,
    0x66,0x20,0x28,0x28,0x78,0x5f,0x33,0x37,0x2e,0x6f,0x70,0x74,0x69,0x6f,0x6e,0x73,
    0x2e,0x77,0x20,0x3e,0x20,0x30,0x2e,0x35,0x66,0x29,0x29,0x20,0x7b,0x0a,0x20,0x20,
    0x20,0x20,0x78,0x5f,0x34,0x38,0x20,0x3d,0x20,0x6c,0x65,0x6e,0x67,0x74,0x68,0x28,
    0x65,0x78,0x74,0x65,0x72,0x6e,0x61,0x6c,0x44,0x65,0x6e,0x73,0x69,0x74,0x79,0x2e,
    0x78,0x79,0x29,0x3b,0x0a,0x20,0x20,0x7d,0x20,0x65,0x6c,0x73,0x65,0x20,0x7b,0x0a,
    0x20,0x20,0x20,0x20,0x78,0x5f,0x34,0x38,0x20,0x3d,0x20,0x65,0x78,0x74,0x65,0x72,
    0x6e,0x61,0x6c,0x44,0x65,0x6e,0x73,0x69,0x74,0x79,0x2e,0x77,0x3b,0x0a,0x20,0x20,
    0x7d,0x0a,0x20,0x20,0x65,0x6e,0x65,0x72,0x67,0x79,0x20,0x3d,0x20,0x78,0x5f,0x34,
    0x38,0x3b,0x0a,0x20,0x20,0x6d,0x61,0x73,0x6b,0x20,0x3d,0x20,0x73,0x6d,0x6f,0x6f,
    0x74,0x68,0x73,0x74,0x65,0x70,0x28,0x78,0x5f,0x33,0x37,0x2e,0x6f,0x70,0x74,0x69,
    0x6f,0x6e,0x73,0x2e,0x79,0x2c,0x20,0x78,0x5f,0x33,0x37,0x2e,0x6f,0x70,0x74,0x69,
    0x6f,0x6e,0x73,0x2e,0x7a,0x2c,0x20,0x65,0x6e,0x65,0x72,0x67,0x79,0x29,0x3b,0x0a,
    0x20,0x20,0x69,0x66,0x20,0x28,0x28,0x78,0x5f,0x33,0x37,0x2e,0x6f,0x70,0x74,0x69,
    0x6f,0x6e,0x73,0x2e,0x77,0x20,0x3e,0x20,0x30,0x2e,0x35,0x66,0x29,0x29,0x20,0x7b,
    0x0a,0x20,0x20,0x20,0x20,0x78,0x5f,0x37,0x33,0x20,0x3d,0x20,0x78,0x5f,0x33,0x37,
    0x2e,0x63,0x6f,0x6c,0x6f,0x72,0x2e,0x78,0x79,0x7a,0x3b,0x0a,0x20,0x20,0x7d,0x20,
    0x65,0x6c,0x73,0x65,0x20,0x7b,0x0a,0x20,0x20,0x20,0x20,0x78,0x5f,0x37,0x33,0x20,
    0x3d,0x20,0x28,0x65,0x78,0x74,0x65,0x72,0x6e,0x61,0x6c,0x44,0x65,0x6e,0x73,0x69,
    0x74,0x79,0x2e,0x78,0x79,0x7a,0x20,0x2a,0x20,0x78,0x5f,0x33,0x37,0x2e,0x63,0x6f,
    0x6c,0x6f,0x72,0x2e,0x78,0x79,0x7a,0x29,0x3b,0x0a,0x20,0x20,0x7d,0x0a,0x20,0x20,
    0x69,0x6e,0x6a,0x65,0x63,0x74,0x65,0x64,0x43,0x6f,0x6c,0x6f,0x72,0x20,0x3d,0x20,
    0x78,0x5f,0x37,0x33,0x3b,0x0a,0x20,0x20,0x69,0x6e,0x6a,0x65,0x63,0x74,0x65,0x64,
    0x20,0x3d,0x20,0x76,0x65,0x63,0x34,0x66,0x28,0x69,0x6e,0x6a,0x65,0x63,0x74,0x65,
    0x64,0x43,0x6f,0x6c,0x6f,0x72,0x2e,0x78,0x2c,0x20,0x69,0x6e,0x6a,0x65,0x63,0x74,
    0x65,0x64,0x43,0x6f,0x6c,0x6f,0x72,0x2e,0x79,0x2c,0x20,0x69,0x6e,0x6a,0x65,0x63,
    0x74,0x65,0x64,0x43,0x6f,0x6c,0x6f,0x72,0x2e,0x7a,0x2c,0x20,0x65,0x6e,0x65,0x72,
    0x67,0x79,0x29,0x3b,0x0a,0x20,0x20,0x69,0x66,0x20,0x28,0x28,0x78,0x5f,0x33,0x37,
    0x2e,0x6f,0x70,0x74,0x69,0x6f,0x6e,0x73,0x2e,0x77,0x20,0x3e,0x20,0x30,0x2e,0x35,
    0x66,0x29,0x29,0x20,0x7b,0x0a,0x20,0x20,0x20,0x20,0x66,0x72,0x61,0x67,0x5f,0x63,
    0x6f,0x6c,0x6f,0x72,0x20,0x3d,0x20,0x63,0x6c,0x61,0x6d,0x70,0x28,0x28,0x64,0x65,
    0x6e,0x73,0x69,0x74,0x79,0x20,0x2b,0x20,0x28,0x69,0x6e,0x6a,0x65,0x63,0x74,0x65,
    0x64,0x20,0x2a,0x20,0x28,0x78,0x5f,0x33,0x37,0x2e,0x6f,0x70,0x74,0x69,0x6f,0x6e,
    0x73,0x2e,0x78,0x20,0x2a,0x20,0x6d,0x61,0x73,0x6b,0x29,0x29,0x29,0x2c,0x20,0x76,
    0x65,0x63,0x34,0x66,0x28,0x30,0x2e,0x30,0x66,0x29,0x2c,0x20,0x76,0x65,0x63,0x34,
    0x66,0x28,0x31,0x2e,0x30,0x66,0x29,0x29,0x3b,0x0a,0x20,0x20,0x7d,0x20,0x65,0x6c,
    0x73,0x65,0x20,0x7b,0x0a,0x20,0x20,0x20,0x20,0x61,0x64,0x64,0x65,0x64,0x20,0x3d,
    0x20,0x63,0x6c,0x61,0x6d,0x70,0x28,0x28,0x69,0x6e,0x6a,0x65,0x63,0x74,0x65,0x64,
    0x20,0x2a,0x20,0x28,0x78,0x5f,0x33,0x37,0x2e,0x6f,0x70,0x74,0x69,0x6f,0x6e,0x73,
    0x2e,0x78,0x20,0x2a,0x20,0x6d,0x61,0x73,0x6b,0x29,0x29,0x2c,0x20,0x76,0x65,0x63,
    0x34,0x66,0x28,0x30,0x2e,0x30,0x66,0x29,0x2c,0x20,0x76,0x65,0x63,0x34,0x66,0x28,
    0x31,0x2e,0x30,0x66,0x29,0x29,0x3b,0x0a,0x20,0x20,0x20,0x20,0x66,0x72,0x61,0x67,
    0x5f,0x63,0x6f,0x6c,0x6f,0x72,0x20,0x3d,0x20,0x6d,0x61,0x78,0x28,0x64,0x65,0x6e,
    0x73,0x69,0x74,0x79,0x2c,0x20,0x61,0x64,0x64,0x65,0x64,0x29,0x3b,0x0a,0x20,0x20,
    0x7d,0x0a,0x20,0x20,0x72,0x65,0x74,0x75,0x72,0x6e,0x3b,0x0a,0x7d,0x0a,0x0a,0x73,
    0x74,0x72,0x75,0x63,0x74,0x20,0x6d,0x61,0x69,0x6e,0x5f,0x6f,0x75,0x74,0x20,0x7b,
    0x0a,0x20,0x20,0x40,0x6c,0x6f,0x63,0x61,0x74,0x69,0x6f,0x6e,0x28,0x30,0x29,0x0a,
    0x20,0x20,0x66,0x72,0x61,0x67,0x5f,0x63,0x6f,0x6c,0x6f,0x72,0x5f,0x31,0x20,0x3a,
    0x20,0x76,0x65,0x63,0x34,0x66,0x2c,0x0a,0x7d,0x0a,0x0a,0x40,0x66,0x72,0x61,0x67,
    0x6d,0x65,0x6e,0x74,0x0a,0x66,0x6e,0x20,0x6d,0x61,0x69,0x6e,0x28,0x40,0x6c,0x6f,
    0x63,0x61,0x74,0x69,0x6f,0x6e,0x28,0x30,0x29,0x20,0x75,0x76,0x5f,0x70,0x61,0x72,
    0x61,0x6d,0x20,0x3a,0x20,0x76,0x65,0x63,0x32,0x66,0x29,0x20,0x2d,0x3e,0x20,0x6d,
    0x61,0x69,0x6e,0x5f,0x6f,0x75,0x74,0x20,0x7b,0x0a,0x20,0x20,0x75,0x76,0x20,0x3d,
    0x20,0x75,0x76,0x5f,0x70,0x61,0x72,0x61,0x6d,0x3b,0x0a,0x20,0x20,0x6d,0x61,0x69,
    0x6e,0x5f,0x31,0x28,0x29,0x3b,0x0a,0x20,0x20,0x72,0x65,0x74,0x75,0x72,0x6e,0x20,
    0x6d,0x61,0x69,0x6e,0x5f,0x6f,0x75,0x74,0x28,0x66,0x72,0x61,0x67,0x5f,0x63,0x6f,
    0x6c,0x6f,0x72,0x29,0x3b,0x0a,0x7d,0x0a,0x00,
};
/*
    diagnostic(off, derivative_uniformity);

    struct flow_params {
      /_ @offset(0) _/
      color : vec4f,
      /_ @offset(16) _/
      resolution : vec4f,
      /_ @offset(32) _/
      texel : vec4f,
      /_ @offset(48) _/
      options : vec4f,
    }

    @binding(0) @group(1) var temperatureAddBaseTex : texture_2d<f32>;

    @binding(32) @group(1) var temperatureAddBaseSmp : sampler;

    var<private> uv : vec2f;

    @binding(1) @group(1) var externalTemperatureTex : texture_2d<f32>;

    @binding(33) @group(1) var externalTemperatureSmp : sampler;

    @binding(0) @group(0) var<uniform> x_37 : flow_params;

    var<private> frag_color : vec4f;

    fn main_1() {
      var temperature : vec4f;
      var externalTemperature : vec4f;
      var energy : f32;
      var x_48 : f32;
      var mask : f32;
      var injected : f32;
      let x_23 = uv;
      let x_24 = textureSample(temperatureAddBaseTex, temperatureAddBaseSmp, x_23);
      temperature = x_24;
      let x_31 = uv;
      let x_32 = textureSample(externalTemperatureTex, externalTemperatureSmp, x_31);
      externalTemperature = x_32;
      if ((x_37.options.w > 0.5f)) {
        x_48 = length(externalTemperature.xy);
      } else {
        x_48 = dot(externalTemperature.xyz, vec3f(0.21259999275207519531f, 0.71520000696182250977f, 0.07220000028610229492f));
      }
      energy = x_48;
      mask = smoothstep(x_37.options.y, x_37.options.z, energy);
      injected = ((energy * x_37.options.x) * mask);
      frag_color = clamp((temperature + vec4f(injected, injected, injected, 1.0f)), vec4f(0.0f), vec4f(1.0f));
      return;
    }

    struct main_out {
      @location(0)
      frag_color_1 : vec4f,
    }

    @fragment
    fn main(@location(0) uv_param : vec2f) -> main_out {
      uv = uv_param;
      main_1();
      return main_out(frag_color);
    }
*/
static const uint8_t fs_add_temperature_texture_source_wgsl[1644] = {
    0x64,0x69,0x61,0x67,0x6e,0x6f,0x73,0x74,0x69,0x63,0x28,0x6f,0x66,0x66,0x2c,0x20,
    0x64,0x65,0x72,0x69,0x76,0x61,0x74,0x69,0x76,0x65,0x5f,0x75,0x6e,0x69,0x66,0x6f,
    0x72,0x6d,0x69,0x74,0x79,0x29,0x3b,0x0a,0x0a,0x73,0x74,0x72,0x75,0x63,0x74,0x20,
    0x66,0x6c,0x6f,0x77,0x5f,0x70,0x61,0x72,0x61,0x6d,0x73,0x20,0x7b,0x0a,0x20,0x20,
    0x2f,0x2a,0x20,0x40,0x6f,0x66,0x66,0x73,0x65,0x74,0x28,0x30,0x29,0x20,0x2a,0x2f,
    0x0a,0x20,0x20,0x63,0x6f,0x6c,0x6f,0x72,0x20,0x3a,0x20,0x76,0x65,0x63,0x34,0x66,
    0x2c,0x0a,0x20,0x20,0x2f,0x2a,0x20,0x40,0x6f,0x66,0x66,0x73,0x65,0x74,0x28,0x31,
    0x36,0x29,0x20,0x2a,0x2f,0x0a,0x20,0x20,0x72,0x65,0x73,0x6f,0x6c,0x75,0x74,0x69,
    0x6f,0x6e,0x20,0x3a,0x20,0x76,0x65,0x63,0x34,0x66,0x2c,0x0a,0x20,0x20,0x2f,0x2a,
    0x20,0x40,0x6f,0x66,0x66,0x73,0x65,0x74,0x28,0x33,0x32,0x29,0x20,0x2a,0x2f,0x0a,
    0x20,0x20,0x74,0x65,0x78,0x65,0x6c,0x20,0x3a,0x20,0x76,0x65,0x63,0x34,0x66,0x2c,
    0x0a,0x20,0x20,0x2f,0x2a,0x20,0x40,0x6f,0x66,0x66,0x73,0x65,0x74,0x28,0x34,0x38,
    0x29,0x20,0x2a,0x2f,0x0a,0x20,0x20,0x6f,0x70,0x74,0x69,0x6f,0x6e,0x73,0x20,0x3a,
    0x20,0x76,0x65,0x63,0x34,0x66,0x2c,0x0a,0x7d,0x0a,0x0a,0x40,0x62,0x69,0x6e,0x64,
    0x69,0x6e,0x67,0x28,0x30,0x29,0x20,0x40,0x67,0x72,0x6f,0x75,0x70,0x28,0x31,0x29,
    0x20,0x76,0x61,0x72,0x20,0x74,0x65,0x6d,0x70,0x65,0x72,0x61,0x74,0x75,0x72,0x65,
    0x41,0x64,0x64,0x42,0x61,0x73,0x65,0x54,0x65,0x78,0x20,0x3a,0x20,0x74,0x65,0x78,
    0x74,0x75,0x72,0x65,0x5f,0x32,0x64,0x3c,0x66,0x33,0x32,0x3e,0x3b,0x0a,0x0a,0x40,
    0x62,0x69,0x6e,0x64,0x69,0x6e,0x67,0x28,0x33,0x32,0x29,0x20,0x40,0x67,0x72,0x6f,
    0x75,0x70,0x28,0x31,0x29,0x20,0x76,0x61,0x72,0x20,0x74,0x65,0x6d,0x70,0x65,0x72,
    0x61,0x74,0x75,0x72,0x65,0x41,0x64,0x64,0x42,0x61,0x73,0x65,0x53,0x6d,0x70,0x20,
    0x3a,0x20,0x73,0x61,0x6d,0x70,0x6c,0x65,0x72,0x3b,0x0a,0x0a,0x76,0x61,0x72,0x3c,
    0x70,0x72,0x69,0x76,0x61,0x74,0x65,0x3e,0x20,0x75,0x76,0x20,0x3a,0x20,0x76,0x65,
    0x63,0x32,0x66,0x3b,0x0a,0x0a,0x40,0x62,0x69,0x6e,0x64,0x69,0x6e,0x67,0x28,0x31,
    0x29,0x20,0x40,0x67,0x72,0x6f,0x75,0x70,0x28,0x31,0x29,0x20,0x76,0x61,0x72,0x20,
    0x65,0x78,0x74,0x65,0x72,0x6e,0x61,0x6c,0x54,0x65,0x6d,0x70,0x65,0x72,0x61,0x74,
    0x75,0x72,0x65,0x54,0x65,0x78,0x20,0x3a,0x20,0x74,0x65,0x78,0x74,0x75,0x72,0x65,
    0x5f,0x32,0x64,0x3c,0x66,0x33,0x32,0x3e,0x3b,0x0a,0x0a,0x40,0x62,0x69,0x6e,0x64,
    0x69,0x6e,0x67,0x28,0x33,0x33,0x29,0x20,0x40,0x67,0x72,0x6f,0x75,0x70,0x28,0x31,
    0x29,0x20,0x76,0x61,0x72,0x20,0x65,0x78,0x74,0x65,0x72,0x6e,0x61,0x6c,0x54,0x65,
    0x6d,0x70,0x65,0x72,0x61,0x74,0x75,0x72,0x65,0x53,0x6d,0x70,0x20,0x3a,0x20,0x73,
    0x61,0x6d,0x70,0x6c,0x65,0x72,0x3b,0x0a,0x0a,0x40,0x62,0x69,0x6e,0x64,0x69,0x6e,
    0x67,0x28,0x30,0x29,0x20,0x40,0x67,0x72,0x6f,0x75,0x70,0x28,0x30,0x29,0x20,0x76,
    0x61,0x72,0x3c,0x75,0x6e,0x69,0x66,0x6f,0x72,0x6d,0x3e,0x20,0x78,0x5f,0x33,0x37,
    0x20,0x3a,0x20,0x66,0x6c,0x6f,0x77,0x5f,0x70,0x61,0x72,0x61,0x6d,0x73,0x3b,0x0a,
    0x0a,0x76,0x61,0x72,0x3c,0x70,0x72,0x69,0x76,0x61,0x74,0x65,0x3e,0x20,0x66,0x72,
    0x61,0x67,0x5f,0x63,0x6f,0x6c,0x6f,0x72,0x20,0x3a,0x20,0x76,0x65,0x63,0x34,0x66,
    0x3b,0x0a,0x0a,0x66,0x6e,0x20,0x6d,0x61,0x69,0x6e,0x5f,0x31,0x28,0x29,0x20,0x7b,
    0x0a,0x20,0x20,0x76,0x61,0x72,0x20,0x74,0x65,0x6d,0x70,0x65,0x72,0x61,0x74,0x75,
    0x72,0x65,0x20,0x3a,0x20,0x76,0x65,0x63,0x34,0x66,0x3b,0x0a,0x20,0x20,0x76,0x61,
    0x72,0x20,0x65,0x78,0x74,0x65,0x72,0x6e,0x61,0x6c,0x54,0x65,0x6d,0x70,0x65,0x72,
    0x61,0x74,0x75,0x72,0x65,0x20,0x3a,0x20,0x76,0x65,0x63,0x34,0x66,0x3b,0x0a,0x20,
    0x20,0x76,0x61,0x72,0x20,0x65,0x6e,0x65,0x72,0x67,0x79,0x20,0x3a,0x20,0x66,0x33,
    0x32,0x3b,0x0a,0x20,0x20,0x76,0x61,0x72,0x20,0x78,0x5f,0x34,0x38,0x20,0x3a,0x20,
    0x66,0x33,0x32,0x3b,0x0a,0x20,0x20,0x76,0x61,0x72,0x20,0x6d,0x61,0x73,0x6b,0x20,
    0x3a,0x20,0x66,0x33,0x32,0x3b,0x0a,0x20,0x20,0x76,0x61,0x72,0x20,0x69,0x6e,0x6a,
    0x65,0x63,0x74,0x65,0x64,0x20,0x3a,0x20,0x66,0x33,0x32,0x3b,0x0a,0x20,0x20,0x6c,
    0x65,0x74,0x20,0x78,0x5f,0x32,0x33,0x20,0x3d,0x20,0x75,0x76,0x3b,0x0a,0x20,0x20,
    0x6c,0x65,0x74,0x20,0x78,0x5f,0x32,0x34,0x20,0x3d,0x20,0x74,0x65,0x78,0x74,0x75,
    0x72,0x65,0x53,0x61,0x6d,0x70,0x6c,0x65,0x28,0x74,0x65,0x6d,0x70,0x65,0x72,0x61,
    0x74,0x75,0x72,0x65,0x41,0x64,0x64,0x42,0x61,0x73,0x65,0x54,0x65,0x78,0x2c,0x20,
    0x74,0x65,0x6d,0x70,0x65,0x72,0x61,0x74,0x75,0x72,0x65,0x41,0x64,0x64,0x42,0x61,
    0x73,0x65,0x53,0x6d,0x70,0x2c,0x20,0x78,0x5f,0x32,0x33,0x29,0x3b,0x0a,0x20,0x20,
    0x74,0x65,0x6d,0x70,0x65,0x72,0x61,0x74,0x75,0x72,0x65,0x20,0x3d,0x20,0x78,0x5f,
    0x32,0x34,0x3b,0x0a,0x20,0x20,0x6c,0x65,0x74,0x20,0x78,0x5f,0x33,0x31,0x20,0x3d,
    0x20,0x75,0x76,0x3b,0x0a,0x20,0x20,0x6c,0x65,0x74,0x20,0x78,0x5f,0x33,0x32,0x20,
    0x3d,0x20,0x74,0x65,0x78,0x74,0x75,0x72,0x65,0x53,0x61,0x6d,0x70,0x6c,0x65,0x28,
    0x65,0x78,0x74,0x65,0x72,0x6e,0x61,0x6c,0x54,0x65,0x6d,0x70,0x65,0x72,0x61,0x74,
    0x75,0x72,0x65,0x54,0x65,0x78,0x2c,0x20,0x65,0x78,0x74,0x65,0x72,0x6e,0x61,0x6c,
    0x54,0x65,0x6d,0x70,0x65,0x72,0x61,0x74,0x75,0x72,0x65,0x53,0x6d,0x70,0x2c,0x20,
    0x78,0x5f,0x33,0x31,0x29,0x3b,0x0a,0x20,0x20,0x65,0x78,0x74,0x65,0x72,0x6e,0x61,
    0x6c,0x54,0x65,0x6d,0x70,0x65,0x72,0x61,0x74,0x75,0x72,0x65,0x20,0x3d,0x20,0x78,
    0x5f,0x33,0x32,0x3b,0x0a,0x20,0x20,0x69,0x66,0x20,0x28,0x28,0x78,0x5f,0x33,0x37,
    0x2e,0x6f,0x70,0x74,0x69,0x6f,0x6e,0x73,0x2e,0x77,0x20,0x3e,0x20,0x30,0x2e,0x35,
    0x66,0x29,0x29,0x20,0x7b,0x0a,0x20,0x20,0x20,0x20,0x78,0x5f,0x34,0x38,0x20,0x3d,
    0x20,0x6c,0x65,0x6e,0x67,0x74,0x68,0x28,0x65,0x78,0x74,0x65,0x72,0x6e,0x61,0x6c,
    0x54,0x65,0x6d,0x70,0x65,0x72,0x61,0x74,0x75,0x72,0x65,0x2e,0x78,0x79,0x29,0x3b,
    0x0a,0x20,0x20,0x7d,0x20,0x65,0x6c,0x73,0x65,0x20,0x7b,0x0a,0x20,0x20,0x20,0x20,
    0x78,0x5f,0x34,0x38,0x20,0x3d,0x20,0x64,0x6f,0x74,0x28,0x65,0x78,0x74,0x65,0x72,
    0x6e,0x61,0x6c,0x54,0x65,0x6d,0x70,0x65,0x72,0x61,0x74,0x75,0x72,0x65,0x2e,0x78,
    0x79,0x7a,0x2c,0x20,0x76,0x65,0x63,0x33,0x66,0x28,0x30,0x2e,0x32,0x31,0x32,0x35,
    0x39,0x39,0x39,0x39,0x32,0x37,0x35,0x32,0x30,0x37,0x35,0x31,0x39,0x35,0x33,0x31,
    0x66,0x2c,0x20,0x30,0x2e,0x37,0x31,0x35,0x32,0x30,0x30,0x30,0x30,0x36,0x39,0x36,
    0x31,0x38,0x32,0x32,0x35,0x30,0x39,0x37,0x37,0x66,0x2c,0x20,0x30,0x2e,0x30,0x37,
    0x32,0x32,0x30,0x30,0x30,0x30,0x30,0x32,0x38,0x36,0x31,0x30,0x32,0x32,0x39,0x34,
    0x39,0x32,0x66,0x29,0x29,0x3b,0x0a,0x20,0x20,0x7d,0x0a,0x20,0x20,0x65,0x6e,0x65,
    0x72,0x67,0x79,0x20,0x3d,0x20,0x78,0x5f,0x34,0x38,0x3b,0x0a,0x20,0x20,0x6d,0x61,
    0x73,0x6b,0x20,0x3d,0x20,0x73,0x6d,0x6f,0x6f,0x74,0x68,0x73,0x74,0x65,0x70,0x28,
    0x78,0x5f,0x33,0x37,0x2e,0x6f,0x70,0x74,0x69,0x6f,0x6e,0x73,0x2e,0x79,0x2c,0x20,
    0x78,0x5f,0x33,0x37,0x2e,0x6f,0x70,0x74,0x69,0x6f,0x6e,0x73,0x2e,0x7a,0x2c,0x20,
    0x65,0x6e,0x65,0x72,0x67,0x79,0x29,0x3b,0x0a,0x20,0x20,0x69,0x6e,0x6a,0x65,0x63,
    0x74,0x65,0x64,0x20,0x3d,0x20,0x28,0x28,0x65,0x6e,0x65,0x72,0x67,0x79,0x20,0x2a,
    0x20,0x78,0x5f,0x33,0x37,0x2e,0x6f,0x70,0x74,0x69,0x6f,0x6e,0x73,0x2e,0x78,0x29,
    0x20,0x2a,0x20,0x6d,0x61,0x73,0x6b,0x29,0x3b,0x0a,0x20,0x20,0x66,0x72,0x61,0x67,
    0x5f,0x63,0x6f,0x6c,0x6f,0x72,0x20,0x3d,0x20,0x63,0x6c,0x61,0x6d,0x70,0x28,0x28,
    0x74,0x65,0x6d,0x70,0x65,0x72,0x61,0x74,0x75,0x72,0x65,0x20,0x2b,0x20,0x76,0x65,
    0x63,0x34,0x66,0x28,0x69,0x6e,0x6a,0x65,0x63,0x74,0x65,0x64,0x2c,0x20,0x69,0x6e,
    0x6a,0x65,0x63,0x74,0x65,0x64,0x2c,0x20,0x69,0x6e,0x6a,0x65,0x63,0x74,0x65,0x64,
    0x2c,0x20,0x31,0x2e,0x30,0x66,0x29,0x29,0x2c,0x20,0x76,0x65,0x63,0x34,0x66,0x28,
    0x30,0x2e,0x30,0x66,0x29,0x2c,0x20,0x76,0x65,0x63,0x34,0x66,0x28,0x31,0x2e,0x30,
    0x66,0x29,0x29,0x3b,0x0a,0x20,0x20,0x72,0x65,0x74,0x75,0x72,0x6e,0x3b,0x0a,0x7d,
    0x0a,0x0a,0x73,0x74,0x72,0x75,0x63,0x74,0x20,0x6d,0x61,0x69,0x6e,0x5f,0x6f,0x75,
    0x74,0x20,0x7b,0x0a,0x20,0x20,0x40,0x6c,0x6f,0x63,0x61,0x74,0x69,0x6f,0x6e,0x28,
    0x30,0x29,0x0a,0x20,0x20,0x66,0x72,0x61,0x67,0x5f,0x63,0x6f,0x6c,0x6f,0x72,0x5f,
    0x31,0x20,0x3a,0x20,0x76,0x65,0x63,0x34,0x66,0x2c,0x0a,0x7d,0x0a,0x0a,0x40,0x66,
    0x72,0x61,0x67,0x6d,0x65,0x6e,0x74,0x0a,0x66,0x6e,0x20,0x6d,0x61,0x69,0x6e,0x28,
    0x40,0x6c,0x6f,0x63,0x61,0x74,0x69,0x6f,0x6e,0x28,0x30,0x29,0x20,0x75,0x76,0x5f,
    0x70,0x61,0x72,0x61,0x6d,0x20,0x3a,0x20,0x76,0x65,0x63,0x32,0x66,0x29,0x20,0x2d,
    0x3e,0x20,0x6d,0x61,0x69,0x6e,0x5f,0x6f,0x75,0x74,0x20,0x7b,0x0a,0x20,0x20,0x75,
    0x76,0x20,0x3d,0x20,0x75,0x76,0x5f,0x70,0x61,0x72,0x61,0x6d,0x3b,0x0a,0x20,0x20,
    0x6d,0x61,0x69,0x6e,0x5f,0x31,0x28,0x29,0x3b,0x0a,0x20,0x20,0x72,0x65,0x74,0x75,
    0x72,0x6e,0x20,0x6d,0x61,0x69,0x6e,0x5f,0x6f,0x75,0x74,0x28,0x66,0x72,0x61,0x67,
    0x5f,0x63,0x6f,0x6c,0x6f,0x72,0x29,0x3b,0x0a,0x7d,0x0a,0x00,
};
/*
    diagnostic(off, derivative_uniformity);

    struct flow_params {
      /_ @offset(0) _/
      color : vec4f,
      /_ @offset(16) _/
      resolution : vec4f,
      /_ @offset(32) _/
      texel : vec4f,
      /_ @offset(48) _/
      options : vec4f,
    }

    @binding(0) @group(0) var<uniform> x_13 : flow_params;

    @binding(1) @group(1) var obstacleTex : texture_2d<f32>;

    @binding(33) @group(1) var obstacleSmp : sampler;

    var<private> uv : vec2f;

    var<private> frag_color : vec4f;

    @binding(0) @group(1) var velocityTex : texture_2d<f32>;

    @binding(32) @group(1) var velocitySmp : sampler;

    @binding(2) @group(1) var obstacleOffsetTex : texture_2d<f32>;

    @binding(34) @group(1) var obstacleOffsetSmp : sampler;

    fn main_1() {
      var px : vec2f;
      var oC : f32;
      var vL : vec2f;
      var vR : vec2f;
      var vU : vec2f;
      var vD : vec2f;
      var vC : vec2f;
      var oN : vec4f;
      var div : f32;
      px = x_13.texel.xy;
      let x_34 = uv;
      let x_35 = textureSample(obstacleTex, obstacleSmp, x_34);
      oC = x_35.x;
      if ((oC >= 0.5f)) {
        frag_color = vec4f(0.0f, 0.0f, 0.0f, 1.0f);
        return;
      }
      let x_57 = uv;
      let x_59 = px.x;
      let x_62 = textureSample(velocityTex, velocitySmp, (x_57 - vec2f(x_59, 0.0f)));
      vL = x_62.xy;
      let x_68 = uv;
      let x_70 = px.x;
      let x_73 = textureSample(velocityTex, velocitySmp, (x_68 + vec2f(x_70, 0.0f)));
      vR = x_73.xy;
      let x_79 = uv;
      let x_82 = px.y;
      let x_85 = textureSample(velocityTex, velocitySmp, (x_79 - vec2f(0.0f, x_82)));
      vU = x_85.xy;
      let x_91 = uv;
      let x_93 = px.y;
      let x_96 = textureSample(velocityTex, velocitySmp, (x_91 + vec2f(0.0f, x_93)));
      vD = x_96.xy;
      let x_102 = uv;
      let x_103 = textureSample(velocityTex, velocitySmp, x_102);
      vC = x_103.xy;
      let x_112 = uv;
      let x_113 = textureSample(obstacleOffsetTex, obstacleOffsetSmp, x_112);
      oN = x_113;
      vU = mix(vU, -(vC), vec2f(oN.x));
      vD = mix(vD, -(vC), vec2f(oN.y));
      vR = mix(vR, -(vC), vec2f(oN.z));
      vL = mix(vL, -(vC), vec2f(oN.w));
      div = (x_13.options.w * ((vR.x - vL.x) + (vD.y - vU.y)));
      frag_color = vec4f(div, div, div, 1.0f);
      return;
    }

    struct main_out {
      @location(0)
      frag_color_1 : vec4f,
    }

    @fragment
    fn main(@location(0) uv_param : vec2f) -> main_out {
      uv = uv_param;
      main_1();
      return main_out(frag_color);
    }
*/
static const uint8_t fs_divergence_source_wgsl[2232] = {
    0x64,0x69,0x61,0x67,0x6e,0x6f,0x73,0x74,0x69,0x63,0x28,0x6f,0x66,0x66,0x2c,0x20,
    0x64,0x65,0x72,0x69,0x76,0x61,0x74,0x69,0x76,0x65,0x5f,0x75,0x6e,0x69,0x66,0x6f,
    0x72,0x6d,0x69,0x74,0x79,0x29,0x3b,0x0a,0x0a,0x73,0x74,0x72,0x75,0x63,0x74,0x20,
    0x66,0x6c,0x6f,0x77,0x5f,0x70,0x61,0x72,0x61,0x6d,0x73,0x20,0x7b,0x0a,0x20,0x20,
    0x2f,0x2a,0x20,0x40,0x6f,0x66,0x66,0x73,0x65,0x74,0x28,0x30,0x29,0x20,0x2a,0x2f,
    0x0a,0x20,0x20,0x63,0x6f,0x6c,0x6f,0x72,0x20,0x3a,0x20,0x76,0x65,0x63,0x34,0x66,
    0x2c,0x0a,0x20,0x20,0x2f,0x2a,0x20,0x40,0x6f,0x66,0x66,0x73,0x65,0x74,0x28,0x31,
    0x36,0x29,0x20,0x2a,0x2f,0x0a,0x20,0x20,0x72,0x65,0x73,0x6f,0x6c,0x75,0x74,0x69,
    0x6f,0x6e,0x20,0x3a,0x20,0x76,0x65,0x63,0x34,0x66,0x2c,0x0a,0x20,0x20,0x2f,0x2a,
    0x20,0x40,0x6f,0x66,0x66,0x73,0x65,0x74,0x28,0x33,0x32,0x29,0x20,0x2a,0x2f,0x0a,
    0x20,0x20,0x74,0x65,0x78,0x65,0x6c,0x20,0x3a,0x20,0x76,0x65,0x63,0x34,0x66,0x2c,
    0x0a,0x20,0x20,0x2f,0x2a,0x20,0x40,0x6f,0x66,0x66,0x73,0x65,0x74,0x28,0x34,0x38,
    0x29,0x20,0x2a,0x2f,0x0a,0x20,0x20,0x6f,0x70,0x74,0x69,0x6f,0x6e,0x73,0x20,0x3a,
    0x20,0x76,0x65,0x63,0x34,0x66,0x2c,0x0a,0x7d,0x0a,0x0a,0x40,0x62,0x69,0x6e,0x64,
    0x69,0x6e,0x67,0x28,0x30,0x29,0x20,0x40,0x67,0x72,0x6f,0x75,0x70,0x28,0x30,0x29,
    0x20,0x76,0x61,0x72,0x3c,0x75,0x6e,0x69,0x66,0x6f,0x72,0x6d,0x3e,0x20,0x78,0x5f,
    0x31,0x33,0x20,0x3a,0x20,0x66,0x6c,0x6f,0x77,0x5f,0x70,0x61,0x72,0x61,0x6d,0x73,
    0x3b,0x0a,0x0a,0x40,0x62,0x69,0x6e,0x64,0x69,0x6e,0x67,0x28,0x31,0x29,0x20,0x40,
    0x67,0x72,0x6f,0x75,0x70,0x28,0x31,0x29,0x20,0x76,0x61,0x72,0x20,0x6f,0x62,0x73,
    0x74,0x61,0x63,0x6c,0x65,0x54,0x65,0x78,0x20,0x3a,0x20,0x74,0x65,0x78,0x74,0x75,
    0x72,0x65,0x5f,0x32,0x64,0x3c,0x66,0x33,0x32,0x3e,0x3b,0x0a,0x0a,0x40,0x62,0x69,
    0x6e,0x64,0x69,0x6e,0x67,0x28,0x33,0x33,0x29,0x20,0x40,0x67,0x72,0x6f,0x75,0x70,
    0x28,0x31,0x29,0x20,0x76,0x61,0x72,0x20,0x6f,0x62,0x73,0x74,0x61,0x63,0x6c,0x65,
    0x53,0x6d,0x70,0x20,0x3a,0x20,0x73,0x61,0x6d,0x70,0x6c,0x65,0x72,0x3b,0x0a,0x0a,
    0x76,0x61,0x72,0x3c,0x70,0x72,0x69,0x76,0x61,0x74,0x65,0x3e,0x20,0x75,0x76,0x20,
    0x3a,0x20,0x76,0x65,0x63,0x32,0x66,0x3b,0x0a,0x0a,0x76,0x61,0x72,0x3c,0x70,0x72,
    0x69,0x76,0x61,0x74,0x65,0x3e,0x20,0x66,0x72,0x61,0x67,0x5f,0x63,0x6f,0x6c,0x6f,
    0x72,0x20,0x3a,0x20,0x76,0x65,0x63,0x34,0x66,0x3b,0x0a,0x0a,0x40,0x62,0x69,0x6e,
    0x64,0x69,0x6e,0x67,0x28,0x30,0x29,0x20,0x40,0x67,0x72,0x6f,0x75,0x70,0x28,0x31,
    0x29,0x20,0x76,0x61,0x72,0x20,0x76,0x65,0x6c,0x6f,0x63,0x69,0x74,0x79,0x54,0x65,
    0x78,0x20,0x3a,0x20,0x74,0x65,0x78,0x74,0x75,0x72,0x65,0x5f,0x32,0x64,0x3c,0x66,
    0x33,0x32,0x3e,0x3b,0x0a,0x0a,0x40,0x62,0x69,0x6e,0x64,0x69,0x6e,0x67,0x28,0x33,
    0x32,0x29,0x20,0x40,0x67,0x72,0x6f,0x75,0x70,0x28,0x31,0x29,0x20,0x76,0x61,0x72,
    0x20,0x76,0x65,0x6c,0x6f,0x63,0x69,0x74,0x79,0x53,0x6d,0x70,0x20,0x3a,0x20,0x73,
    0x61,0x6d,0x70,0x6c,0x65,0x72,0x3b,0x0a,0x0a,0x40,0x62,0x69,0x6e,0x64,0x69,0x6e,
    0x67,0x28,0x32,0x29,0x20,0x40,0x67,0x72,0x6f,0x75,0x70,0x28,0x31,0x29,0x20,0x76,
    0x61,0x72,0x20,0x6f,0x62,0x73,0x74,0x61,0x63,0x6c,0x65,0x4f,0x66,0x66,0x73,0x65,
    0x74,0x54,0x65,0x78,0x20,0x3a,0x20,0x74,0x65,0x78,0x74,0x75,0x72,0x65,0x5f,0x32,
    0x64,0x3c,0x66,0x33,0x32,0x3e,0x3b,0x0a,0x0a,0x40,0x62,0x69,0x6e,0x64,0x69,0x6e,
    0x67,0x28,0x33,0x34,0x29,0x20,0x40,0x67,0x72,0x6f,0x75,0x70,0x28,0x31,0x29,0x20,
    0x76,0x61,0x72,0x20,0x6f,0x62,0x73,0x74,0x61,0x63,0x6c,0x65,0x4f,0x66,0x66,0x73,
    0x65,0x74,0x53,0x6d,0x70,0x20,0x3a,0x20,0x73,0x61,0x6d,0x70,0x6c,0x65,0x72,0x3b,
    0x0a,0x0a,0x66,0x6e,0x20,0x6d,0x61,0x69,0x6e,0x5f,0x31,0x28,0x29,0x20,0x7b,0x0a,
    0x20,0x20,0x76,0x61,0x72,0x20,0x70,0x78,0x20,0x3a,0x20,0x76,0x65,0x63,0x32,0x66,
    0x3b,0x0a,0x20,0x20,0x76,0x61,0x72,0x20,0x6f,0x43,0x20,0x3a,0x20,0x66,0x33,0x32,
    0x3b,0x0a,0x20,0x20,0x76,0x61,0x72,0x20,0x76,0x4c,0x20,0x3a,0x20,0x76,0x65,0x63,
    0x32,0x66,0x3b,0x0a,0x20,0x20,0x76,0x61,0x72,0x20,0x76,0x52,0x20,0x3a,0x20,0x76,
    0x65,0x63,0x32,0x66,0x3b,0x0a,0x20,0x20,0x76,0x61,0x72,0x20,0x76,0x55,0x20,0x3a,
    0x20,0x76,0x65,0x63,0x32,0x66,0x3b,0x0a,0x20,0x20,0x76,0x61,0x72,0x20,0x76,0x44,
    0x20,0x3a,0x20,0x76,0x65,0x63,0x32,0x66,0x3b,0x0a,0x20,0x20,0x76,0x61,0x72,0x20,
    0x76,0x43,0x20,0x3a,0x20,0x76,0x65,0x63,0x32,0x66,0x3b,0x0a,0x20,0x20,0x76,0x61,
    0x72,0x20,0x6f,0x4e,0x20,0x3a,0x20,0x76,0x65,0x63,0x34,0x66,0x3b,0x0a,0x20,0x20,
    0x76,0x61,0x72,0x20,0x64,0x69,0x76,0x20,0x3a,0x20,0x66,0x33,0x32,0x3b,0x0a,0x20,
    0x20,0x70,0x78,0x20,0x3d,0x20,0x78,0x5f,0x31,0x33,0x2e,0x74,0x65,0x78,0x65,0x6c,
    0x2e,0x78,0x79,0x3b,0x0a,0x20,0x20,0x6c,0x65,0x74,0x20,0x78,0x5f,0x33,0x34,0x20,
    0x3d,0x20,0x75,0x76,0x3b,0x0a,0x20,0x20,0x6c,0x65,0x74,0x20,0x78,0x5f,0x33,0x35,
    0x20,0x3d,0x20,0x74,0x65,0x78,0x74,0x75,0x72,0x65,0x53,0x61,0x6d,0x70,0x6c,0x65,
    0x28,0x6f,0x62,0x73,0x74,0x61,0x63,0x6c,0x65,0x54,0x65,0x78,0x2c,0x20,0x6f,0x62,
    0x73,0x74,0x61,0x63,0x6c,0x65,0x53,0x6d,0x70,0x2c,0x20,0x78,0x5f,0x33,0x34,0x29,
    0x3b,0x0a,0x20,0x20,0x6f,0x43,0x20,0x3d,0x20,0x78,0x5f,0x33,0x35,0x2e,0x78,0x3b,
    0x0a,0x20,0x20,0x69,0x66,0x20,0x28,0x28,0x6f,0x43,0x20,0x3e,0x3d,0x20,0x30,0x2e,
    0x35,0x66,0x29,0x29,0x20,0x7b,0x0a,0x20,0x20,0x20,0x20,0x66,0x72,0x61,0x67,0x5f,
    0x63,0x6f,0x6c,0x6f,0x72,0x20,0x3d,0x20,0x76,0x65,0x63,0x34,0x66,0x28,0x30,0x2e,
    0x30,0x66,0x2c,0x20,0x30,0x2e,0x30,0x66,0x2c,0x20,0x30,0x2e,0x30,0x66,0x2c,0x20,
    0x31,0x2e,0x30,0x66,0x29,0x3b,0x0a,0x20,0x20,0x20,0x20,0x72,0x65,0x74,0x75,0x72,
    0x6e,0x3b,0x0a,0x20,0x20,0x7d,0x0a,0x20,0x20,0x6c,0x65,0x74,0x20,0x78,0x5f,0x35,
    0x37,0x20,0x3d,0x20,0x75,0x76,0x3b,0x0a,0x20,0x20,0x6c,0x65,0x74,0x20,0x78,0x5f,
    0x35,0x39,0x20,0x3d,0x20,0x70,0x78,0x2e,0x78,0x3b,0x0a,0x20,0x20,0x6c,0x65,0x74,
    0x20,0x78,0x5f,0x36,0x32,0x20,0x3d,0x20,0x74,0x65,0x78,0x74,0x75,0x72,0x65,0x53,
    0x61,0x6d,0x70,0x6c,0x65,0x28,0x76,0x65,0x6c,0x6f,0x63,0x69,0x74,0x79,0x54,0x65,
    0x78,0x2c,0x20,0x76,0x65,0x6c,0x6f,0x63,0x69,0x74,0x79,0x53,0x6d,0x70,0x2c,0x20,
    0x28,0x78,0x5f,0x35,0x37,0x20,0x2d,0x20,0x76,0x65,0x63,0x32,0x66,0x28,0x78,0x5f,
    0x35,0x39,0x2c,0x20,0x30,0x2e,0x30,0x66,0x29,0x29,0x29,0x3b,0x0a,0x20,0x20,0x76,
    0x4c,0x20,0x3d,0x20,0x78,0x5f,0x36,0x32,0x2e,0x78,0x79,0x3b,0x0a,0x20,0x20,0x6c,
    0x65,0x74,0x20,0x78,0x5f,0x36,0x38,0x20,0x3d,0x20,0x75,0x76,0x3b,0x0a,0x20,0x20,
    0x6c,0x65,0x74,0x20,0x78,0x5f,0x37,0x30,0x20,0x3d,0x20,0x70,0x78,0x2e,0x78,0x3b,
    0x0a,0x20,0x20,0x6c,0x65,0x74,0x20,0x78,0x5f,0x37,0x33,0x20,0x3d,0x20,0x74,0x65,
    0x78,0x74,0x75,0x72,0x65,0x53,0x61,0x6d,0x70,0x6c,0x65,0x28,0x76,0x65,0x6c,0x6f,
    0x63,0x69,0x74,0x79,0x54,0x65,0x78,0x2c,0x20,0x76,0x65,0x6c,0x6f,0x63,0x69,0x74,
    0x79,0x53,0x6d,0x70,0x2c,0x20,0x28,0x78,0x5f,0x36,0x38,0x20,0x2b,0x20,0x76,0x65,
    0x63,0x32,0x66,0x28,0x78,0x5f,0x37,0x30,0x2c,0x20,0x30,0x2e,0x30,0x66,0x29,0x29,
    0x29,0x3b,0x0a,0x20,0x20,0x76,0x52,0x20,0x3d,0x20,0x78,0x5f,0x37,0x33,0x2e,0x78,
    0x79,0x3b,0x0a,0x20,0x20,0x6c,0x65,0x74,0x20,0x78,0x5f,0x37,0x39,0x20,0x3d,0x20,
    0x75,0x76,0x3b,0x0a,0x20,0x20,0x6c,0x65,0x74,0x20,0x78,0x5f,0x38,0x32,0x20,0x3d,
    0x20,0x70,0x78,0x2e,0x79,0x3b,0x0a,0x20,0x20,0x6c,0x65,0x74,0x20,0x78,0x5f,0x38,
    0x35,0x20,0x3d,0x20,0x74,0x65,0x78,0x74,0x75,0x72,0x65,0x53,0x61,0x6d,0x70,0x6c,
    0x65,0x28,0x76,0x65,0x6c,0x6f,0x63,0x69,0x74,0x79,0x54,0x65,0x78,0x2c,0x20,0x76,
    0x65,0x6c,0x6f,0x63,0x69,0x74,0x79,0x53,0x6d,0x70,0x2c,0x20,0x28,0x78,0x5f,0x37,
    0x39,0x20,0x2d,0x20,0x76,0x65,0x63,0x32,0x66,0x28,0x30,0x2e,0x30,0x66,0x2c,0x20,
    0x78,0x5f,0x38,0x32,0x29,0x29,0x29,0x3b,0x0a,0x20,0x20,0x76,0x55,0x20,0x3d,0x20,
    0x78,0x5f,0x38,0x35,0x2e,0x78,0x79,0x3b,0x0a,0x20,0x20,0x6c,0x65,0x74,0x20,0x78,
    0x5f,0x39,0x31,0x20,0x3d,0x20,0x75,0x76,0x3b,0x0a,0x20,0x20,0x6c,0x65,0x74,0x20,
    0x78,0x5f,0x39,0x33,0x20,0x3d,0x20,0x70,0x78,0x2e,0x79,0x3b,0x0a,0x20,0x20,0x6c,
    0x65,0x74,0x20,0x78,0x5f,0x39,0x36,0x20,0x3d,0x20,0x74,0x65,0x78,0x74,0x75,0x72,
    0x65,0x53,0x61,0x6d,0x70,0x6c,0x65,0x28,0x76,0x65,0x6c,0x6f,0x63,0x69,0x74,0x79,
    0x54,0x65,0x78,0x2c,0x20,0x76,0x65,0x6c,0x6f,0x63,0x69,0x74,0x79,0x53,0x6d,0x70,
    0x2c,0x20,0x28,0x78,0x5f,0x39,0x31,0x20,0x2b,0x20,0x76,0x65,0x63,0x32,0x66,0x28,
    0x30,0x2e,0x30,0x66,0x2c,0x20,0x78,0x5f,0x39,0x33,0x29,0x29,0x29,0x3b,0x0a,0x20,
    0x20,0x76,0x44,0x20,0x3d,0x20,0x78,0x5f,0x39,0x36,0x2e,0x78,0x79,0x3b,0x0a,0x20,
    0x20,0x6c,0x65,0x74,0x20,0x78,0x5f,0x31,0x30,0x32,0x20,0x3d,0x20,0x75,0x76,0x3b,
    0x0a,0x20,0x20,0x6c,0x65,0x74,0x20,0x78,0x5f,0x31,0x30,0x33,0x20,0x3d,0x20,0x74,
    0x65,0x78,0x74,0x75,0x72,0x65,0x53,0x61,0x6d,0x70,0x6c,0x65,0x28,0x76,0x65,0x6c,
    0x6f,0x63,0x69,0x74,0x79,0x54,0x65,0x78,0x2c,0x20,0x76,0x65,0x6c,0x6f,0x63,0x69,
    0x74,0x79,0x53,0x6d,0x70,0x2c,0x20,0x78,0x5f,0x31,0x30,0x32,0x29,0x3b,0x0a,0x20,
    0x20,0x76,0x43,0x20,0x3d,0x20,0x78,0x5f,0x31,0x30,0x33,0x2e,0x78,0x79,0x3b,0x0a,
    0x20,0x20,0x6c,0x65,0x74,0x20,0x78,0x5f,0x31,0x31,0x32,0x20,0x3d,0x20,0x75,0x76,
    0x3b,0x0a,0x20,0x20,0x6c,0x65,0x74,0x20,0x78,0x5f,0x31,0x31,0x33,0x20,0x3d,0x20,
    0x74,0x65,0x78,0x74,0x75,0x72,0x65,0x53,0x61,0x6d,0x70,0x6c,0x65,0x28,0x6f,0x62,
    0x73,0x74,0x61,0x63,0x6c,0x65,0x4f,0x66,0x66,0x73,0x65,0x74,0x54,0x65,0x78,0x2c,
    0x20,0x6f,0x62,0x73,0x74,0x61,0x63,0x6c,0x65,0x4f,0x66,0x66,0x73,0x65,0x74,0x53,
    0x6d,0x70,0x2c,0x20,0x78,0x5f,0x31,0x31,0x32,0x29,0x3b,0x0a,0x20,0x20,0x6f,0x4e,
    0x20,0x3d,0x20,0x78,0x5f,0x31,0x31,0x33,0x3b,0x0a,0x20,0x20,0x76,0x55,0x20,0x3d,
    0x20,0x6d,0x69,0x78,0x28,0x76,0x55,0x2c,0x20,0x2d,0x28,0x76,0x43,0x29,0x2c,0x20,
    0x76,0x65,0x63,0x32,0x66,0x28,0x6f,0x4e,0x2e,0x78,0x29,0x29,0x3b,0x0a,0x20,0x20,
    0x76,0x44,0x20,0x3d,0x20,0x6d,0x69,0x78,0x28,0x76,0x44,0x2c,0x20,0x2d,0x28,0x76,
    0x43,0x29,0x2c,0x20,0x76,0x65,0x63,0x32,0x66,0x28,0x6f,0x4e,0x2e,0x79,0x29,0x29,
    0x3b,0x0a,0x20,0x20,0x76,0x52,0x20,0x3d,0x20,0x6d,0x69,0x78,0x28,0x76,0x52,0x2c,
    0x20,0x2d,0x28,0x76,0x43,0x29,0x2c,0x20,0x76,0x65,0x63,0x32,0x66,0x28,0x6f,0x4e,
    0x2e,0x7a,0x29,0x29,0x3b,0x0a,0x20,0x20,0x76,0x4c,0x20,0x3d,0x20,0x6d,0x69,0x78,
    0x28,0x76,0x4c,0x2c,0x20,0x2d,0x28,0x76,0x43,0x29,0x2c,0x20,0x76,0x65,0x63,0x32,
    0x66,0x28,0x6f,0x4e,0x2e,0x77,0x29,0x29,0x3b,0x0a,0x20,0x20,0x64,0x69,0x76,0x20,
    0x3d,0x20,0x28,0x78,0x5f,0x31,0x33,0x2e,0x6f,0x70,0x74,0x69,0x6f,0x6e,0x73,0x2e,
    0x77,0x20,0x2a,0x20,0x28,0x28,0x76,0x52,0x2e,0x78,0x20,0x2d,0x20,0x76,0x4c,0x2e,
    0x78,0x29,0x20,0x2b,0x20,0x28,0x76,0x44,0x2e,0x79,0x20,0x2d,0x20,0x76,0x55,0x2e,
    0x79,0x29,0x29,0x29,0x3b,0x0a,0x20,0x20,0x66,0x72,0x61,0x67,0x5f,0x63,0x6f,0x6c,
    0x6f,0x72,0x20,0x3d,0x20,0x76,0x65,0x63,0x34,0x66,0x28,0x64,0x69,0x76,0x2c,0x20,
    0x64,0x69,0x76,0x2c,0x20,0x64,0x69,0x76,0x2c,0x20,0x31,0x2e,0x30,0x66,0x29,0x3b,
    0x0a,0x20,0x20,0x72,0x65,0x74,0x75,0x72,0x6e,0x3b,0x0a,0x7d,0x0a,0x0a,0x73,0x74,
    0x72,0x75,0x63,0x74,0x20,0x6d,0x61,0x69,0x6e,0x5f,0x6f,0x75,0x74,0x20,0x7b,0x0a,
    0x20,0x20,0x40,0x6c,0x6f,0x63,0x61,0x74,0x69,0x6f,0x6e,0x28,0x30,0x29,0x0a,0x20,
    0x20,0x66,0x72,0x61,0x67,0x5f,0x63,0x6f,0x6c,0x6f,0x72,0x5f,0x31,0x20,0x3a,0x20,
    0x76,0x65,0x63,0x34,0x66,0x2c,0x0a,0x7d,0x0a,0x0a,0x40,0x66,0x72,0x61,0x67,0x6d,
    0x65,0x6e,0x74,0x0a,0x66,0x6e,0x20,0x6d,0x61,0x69,0x6e,0x28,0x40,0x6c,0x6f,0x63,
    0x61,0x74,0x69,0x6f,0x6e,0x28,0x30,0x29,0x20,0x75,0x76,0x5f,0x70,0x61,0x72,0x61,
    0x6d,0x20,0x3a,0x20,0x76,0x65,0x63,0x32,0x66,0x29,0x20,0x2d,0x3e,0x20,0x6d,0x61,
    0x69,0x6e,0x5f,0x6f,0x75,0x74,0x20,0x7b,0x0a,0x20,0x20,0x75,0x76,0x20,0x3d,0x20,
    0x75,0x76,0x5f,0x70,0x61,0x72,0x61,0x6d,0x3b,0x0a,0x20,0x20,0x6d,0x61,0x69,0x6e,
    0x5f,0x31,0x28,0x29,0x3b,0x0a,0x20,0x20,0x72,0x65,0x74,0x75,0x72,0x6e,0x20,0x6d,
    0x61,0x69,0x6e,0x5f,0x6f,0x75,0x74,0x28,0x66,0x72,0x61,0x67,0x5f,0x63,0x6f,0x6c,
    0x6f,0x72,0x29,0x3b,0x0a,0x7d,0x0a,0x00,
};
/*
    diagnostic(off, derivative_uniformity);

    struct flow_params {
      /_ @offset(0) _/
      color : vec4f,
      /_ @offset(16) _/
      resolution : vec4f,
      /_ @offset(32) _/
      texel : vec4f,
      /_ @offset(48) _/
      options : vec4f,
    }

    @binding(0) @group(0) var<uniform> x_13 : flow_params;

    @binding(2) @group(1) var pressureObstacleTex : texture_2d<f32>;

    @binding(34) @group(1) var pressureObstacleSmp : sampler;

    var<private> uv : vec2f;

    var<private> frag_color : vec4f;

    @binding(0) @group(1) var pressureSrcTex : texture_2d<f32>;

    @binding(32) @group(1) var pressureSrcSmp : sampler;

    @binding(3) @group(1) var pressureObstacleOffsetTex : texture_2d<f32>;

    @binding(35) @group(1) var pressureObstacleOffsetSmp : sampler;

    @binding(1) @group(1) var divergenceTex : texture_2d<f32>;

    @binding(33) @group(1) var divergenceSmp : sampler;

    fn main_1() {
      var px : vec2f;
      var oC : f32;
      var pL : f32;
      var pR : f32;
      var pU : f32;
      var pD : f32;
      var pC : f32;
      var oN : vec4f;
      var div : f32;
      var pressure : f32;
      px = x_13.texel.xy;
      let x_34 = uv;
      let x_35 = textureSample(pressureObstacleTex, pressureObstacleSmp, x_34);
      oC = x_35.x;
      if ((oC >= 0.5f)) {
        frag_color = vec4f(0.0f, 0.0f, 0.0f, 1.0f);
        return;
      }
      let x_57 = uv;
      let x_59 = px.x;
      let x_62 = textureSample(pressureSrcTex, pressureSrcSmp, (x_57 - vec2f(x_59, 0.0f)));
      pL = x_62.x;
      let x_68 = uv;
      let x_70 = px.x;
      let x_73 = textureSample(pressureSrcTex, pressureSrcSmp, (x_68 + vec2f(x_70, 0.0f)));
      pR = x_73.x;
      let x_79 = uv;
      let x_82 = px.y;
      let x_85 = textureSample(pressureSrcTex, pressureSrcSmp, (x_79 - vec2f(0.0f, x_82)));
      pU = x_85.x;
      let x_91 = uv;
      let x_93 = px.y;
      let x_96 = textureSample(pressureSrcTex, pressureSrcSmp, (x_91 + vec2f(0.0f, x_93)));
      pD = x_96.x;
      let x_102 = uv;
      let x_103 = textureSample(pressureSrcTex, pressureSrcSmp, x_102);
      pC = x_103.x;
      let x_112 = uv;
      let x_113 = textureSample(pressureObstacleOffsetTex, pressureObstacleOffsetSmp, x_112);
      oN = x_113;
      pU = mix(pU, pC, oN.x);
      pD = mix(pD, pC, oN.y);
      pR = mix(pR, pC, oN.z);
      pL = mix(pL, pC, oN.w);
      let x_142 = uv;
      let x_143 = textureSample(divergenceTex, divergenceSmp, x_142);
      div = x_143.x;
      pressure = (((((pL + pR) + pU) + pD) - div) * 0.25f);
      frag_color = vec4f(pressure, pressure, pressure, 1.0f);
      return;
    }

    struct main_out {
      @location(0)
      frag_color_1 : vec4f,
    }

    @fragment
    fn main(@location(0) uv_param : vec2f) -> main_out {
      uv = uv_param;
      main_1();
      return main_out(frag_color);
    }
*/
static const uint8_t fs_jacobi_pressure_source_wgsl[2524] = {
    0x64,0x69,0x61,0x67,0x6e,0x6f,0x73,0x74,0x69,0x63,0x28,0x6f,0x66,0x66,0x2c,0x20,
    0x64,0x65,0x72,0x69,0x76,0x61,0x74,0x69,0x76,0x65,0x5f,0x75,0x6e,0x69,0x66,0x6f,
    0x72,0x6d,0x69,0x74,0x79,0x29,0x3b,0x0a,0x0a,0x73,0x74,0x72,0x75,0x63,0x74,0x20,
    0x66,0x6c,0x6f,0x77,0x5f,0x70,0x61,0x72,0x61,0x6d,0x73,0x20,0x7b,0x0a,0x20,0x20,
    0x2f,0x2a,0x20,0x40,0x6f,0x66,0x66,0x73,0x65,0x74,0x28,0x30,0x29,0x20,0x2a,0x2f,
    0x0a,0x20,0x20,0x63,0x6f,0x6c,0x6f,0x72,0x20,0x3a,0x20,0x76,0x65,0x63,0x34,0x66,
    0x2c,0x0a,0x20,0x20,0x2f,0x2a,0x20,0x40,0x6f,0x66,0x66,0x73,0x65,0x74,0x28,0x31,
    0x36,0x29,0x20,0x2a,0x2f,0x0a,0x20,0x20,0x72,0x65,0x73,0x6f,0x6c,0x75,0x74,0x69,
    0x6f,0x6e,0x20,0x3a,0x20,0x76,0x65,0x63,0x34,0x66,0x2c,0x0a,0x20,0x20,0x2f,0x2a,
    0x20,0x40,0x6f,0x66,0x66,0x73,0x65,0x74,0x28,0x33,0x32,0x29,0x20,0x2a,0x2f,0x0a,
    0x20,0x20,0x74,0x65,0x78,0x65,0x6c,0x20,0x3a,0x20,0x76,0x65,0x63,0x34,0x66,0x2c,
    0x0a,0x20,0x20,0x2f,0x2a,0x20,0x40,0x6f,0x66,0x66,0x73,0x65,0x74,0x28,0x34,0x38,
    0x29,0x20,0x2a,0x2f,0x0a,0x20,0x20,0x6f,0x70,0x74,0x69,0x6f,0x6e,0x73,0x20,0x3a,
    0x20,0x76,0x65,0x63,0x34,0x66,0x2c,0x0a,0x7d,0x0a,0x0a,0x40,0x62,0x69,0x6e,0x64,
    0x69,0x6e,0x67,0x28,0x30,0x29,0x20,0x40,0x67,0x72,0x6f,0x75,0x70,0x28,0x30,0x29,
    0x20,0x76,0x61,0x72,0x3c,0x75,0x6e,0x69,0x66,0x6f,0x72,0x6d,0x3e,0x20,0x78,0x5f,
    0x31,0x33,0x20,0x3a,0x20,0x66,0x6c,0x6f,0x77,0x5f,0x70,0x61,0x72,0x61,0x6d,0x73,
    0x3b,0x0a,0x0a,0x40,0x62,0x69,0x6e,0x64,0x69,0x6e,0x67,0x28,0x32,0x29,0x20,0x40,
    0x67,0x72,0x6f,0x75,0x70,0x28,0x31,0x29,0x20,0x76,0x61,0x72,0x20,0x70,0x72,0x65,
    0x73,0x73,0x75,0x72,0x65,0x4f,0x62,0x73,0x74,0x61,0x63,0x6c,0x65,0x54,0x65,0x78,
    0x20,0x3a,0x20,0x74,0x65,0x78,0x74,0x75,0x72,0x65,0x5f,0x32,0x64,0x3c,0x66,0x33,
    0x32,0x3e,0x3b,0x0a,0x0a,0x40,0x62,0x69,0x6e,0x64,0x69,0x6e,0x67,0x28,0x33,0x34,
    0x29,0x20,0x40,0x67,0x72,0x6f,0x75,0x70,0x28,0x31,0x29,0x20,0x76,0x61,0x72,0x20,
    0x70,0x72,0x65,0x73,0x73,0x75,0x72,0x65,0x4f,0x62,0x73,0x74,0x61,0x63,0x6c,0x65,
    0x53,0x6d,0x70,0x20,0x3a,0x20,0x73,0x61,0x6d,0x70,0x6c,0x65,0x72,0x3b,0x0a,0x0a,
    0x76,0x61,0x72,0x3c,0x70,0x72,0x69,0x76,0x61,0x74,0x65,0x3e,0x20,0x75,0x76,0x20,
    0x3a,0x20,0x76,0x65,0x63,0x32,0x66,0x3b,0x0a,0x0a,0x76,0x61,0x72,0x3c,0x70,0x72,
    0x69,0x76,0x61,0x74,0x65,0x3e,0x20,0x66,0x72,0x61,0x67,0x5f,0x63,0x6f,0x6c,0x6f,
    0x72,0x20,0x3a,0x20,0x76,0x65,0x63,0x34,0x66,0x3b,0x0a,0x0a,0x40,0x62,0x69,0x6e,
    0x64,0x69,0x6e,0x67,0x28,0x30,0x29,0x20,0x40,0x67,0x72,0x6f,0x75,0x70,0x28,0x31,
    0x29,0x20,0x76,0x61,0x72,0x20,0x70,0x72,0x65,0x73,0x73,0x75,0x72,0x65,0x53,0x72,
    0x63,0x54,0x65,0x78,0x20,0x3a,0x20,0x74,0x65,0x78,0x74,0x75,0x72,0x65,0x5f,0x32,
    0x64,0x3c,0x66,0x33,0x32,0x3e,0x3b,0x0a,0x0a,0x40,0x62,0x69,0x6e,0x64,0x69,0x6e,
    0x67,0x28,0x33,0x32,0x29,0x20,0x40,0x67,0x72,0x6f,0x75,0x70,0x28,0x31,0x29,0x20,
    0x76,0x61,0x72,0x20,0x70,0x72,0x65,0x73,0x73,0x75,0x72,0x65,0x53,0x72,0x63,0x53,
    0x6d,0x70,0x20,0x3a,0x20,0x73,0x61,0x6d,0x70,0x6c,0x65,0x72,0x3b,0x0a,0x0a,0x40,
    0x62,0x69,0x6e,0x64,0x69,0x6e,0x67,0x28,0x33,0x29,0x20,0x40,0x67,0x72,0x6f,0x75,
    0x70,0x28,0x31,0x29,0x20,0x76,0x61,0x72,0x20,0x70,0x72,0x65,0x73,0x73,0x75,0x72,
    0x65,0x4f,0x62,0x73,0x74,0x61,0x63,0x6c,0x65,0x4f,0x66,0x66,0x73,0x65,0x74,0x54,
    0x65,0x78,0x20,0x3a,0x20,0x74,0x65,0x78,0x74,0x75,0x72,0x65,0x5f,0x32,0x64,0x3c,
    0x66,0x33,0x32,0x3e,0x3b,0x0a,0x0a,0x40,0x62,0x69,0x6e,0x64,0x69,0x6e,0x67,0x28,
    0x33,0x35,0x29,0x20,0x40,0x67,0x72,0x6f,0x75,0x70,0x28,0x31,0x29,0x20,0x76,0x61,
    0x72,0x20,0x70,0x72,0x65,0x73,0x73,0x75,0x72,0x65,0x4f,0x62,0x73,0x74,0x61,0x63,
    0x6c,0x65,0x4f,0x66,0x66,0x73,0x65,0x74,0x53,0x6d,0x70,0x20,0x3a,0x20,0x73,0x61,
    0x6d,0x70,0x6c,0x65,0x72,0x3b,0x0a,0x0a,0x40,0x62,0x69,0x6e,0x64,0x69,0x6e,0x67,
    0x28,0x31,0x29,0x20,0x40,0x67,0x72,0x6f,0x75,0x70,0x28,0x31,0x29,0x20,0x76,0x61,
    0x72,0x20,0x64,0x69,0x76,0x65,0x72,0x67,0x65,0x6e,0x63,0x65,0x54,0x65,0x78,0x20,
    0x3a,0x20,0x74,0x65,0x78,0x74,0x75,0x72,0x65,0x5f,0x32,0x64,0x3c,0x66,0x33,0x32,
    0x3e,0x3b,0x0a,0x0a,0x40,0x62,0x69,0x6e,0x64,0x69,0x6e,0x67,0x28,0x33,0x33,0x29,
    0x20,0x40,0x67,0x72,0x6f,0x75,0x70,0x28,0x31,0x29,0x20,0x76,0x61,0x72,0x20,0x64,
    0x69,0x76,0x65,0x72,0x67,0x65,0x6e,0x63,0x65,0x53,0x6d,0x70,0x20,0x3a,0x20,0x73,
    0x61,0x6d,0x70,0x6c,0x65,0x72,0x3b,0x0a,0x0a,0x66,0x6e,0x20,0x6d,0x61,0x69,0x6e,
    0x5f,0x31,0x28,0x29,0x20,0x7b,0x0a,0x20,0x20,0x76,0x61,0x72,0x20,0x70,0x78,0x20,
    0x3a,0x20,0x76,0x65,0x63,0x32,0x66,0x3b,0x0a,0x20,0x20,0x76,0x61,0x72,0x20,0x6f,
    0x43,0x20,0x3a,0x20,0x66,0x33,0x32,0x3b,0x0a,0x20,0x20,0x76,0x61,0x72,0x20,0x70,
    0x4c,0x20,0x3a,0x20,0x66,0x33,0x32,0x3b,0x0a,0x20,0x20,0x76,0x61,0x72,0x20,0x70,
    0x52,0x20,0x3a,0x20,0x66,0x33,0x32,0x3b,0x0a,0x20,0x20,0x76,0x61,0x72,0x20,0x70,
    0x55,0x20,0x3a,0x20,0x66,0x33,0x32,0x3b,0x0a,0x20,0x20,0x76,0x61,0x72,0x20,0x70,
    0x44,0x20,0x3a,0x20,0x66,0x33,0x32,0x3b,0x0a,0x20,0x20,0x76,0x61,0x72,0x20,0x70,
    0x43,0x20,0x3a,0x20,0x66,0x33,0x32,0x3b,0x0a,0x20,0x20,0x76,0x61,0x72,0x20,0x6f,
    0x4e,0x20,0x3a,0x20,0x76,0x65,0x63,0x34,0x66,0x3b,0x0a,0x20,0x20,0x76,0x61,0x72,
    0x20,0x64,0x69,0x76,0x20,0x3a,0x20,0x66,0x33,0x32,0x3b,0x0a,0x20,0x20,0x76,0x61,
    0x72,0x20,0x70,0x72,0x65,0x73,0x73,0x75,0x72,0x65,0x20,0x3a,0x20,0x66,0x33,0x32,
    0x3b,0x0a,0x20,0x20,0x70,0x78,0x20,0x3d,0x20,0x78,0x5f,0x31,0x33,0x2e,0x74,0x65,
    0x78,0x65,0x6c,0x2e,0x78,0x79,0x3b,0x0a,0x20,0x20,0x6c,0x65,0x74,0x20,0x78,0x5f,
    0x33,0x34,0x20,0x3d,0x20,0x75,0x76,0x3b,0x0a,0x20,0x20,0x6c,0x65,0x74,0x20,0x78,
    0x5f,0x33,0x35,0x20,0x3d,0x20,0x74,0x65,0x78,0x74,0x75,0x72,0x65,0x53,0x61,0x6d,
    0x70,0x6c,0x65,0x28,0x70,0x72,0x65,0x73,0x73,0x75,0x72,0x65,0x4f,0x62,0x73,0x74,
    0x61,0x63,0x6c,0x65,0x54,0x65,0x78,0x2c,0x20,0x70,0x72,0x65,0x73,0x73,0x75,0x72,
    0x65,0x4f,0x62,0x73,0x74,0x61,0x63,0x6c,0x65,0x53,0x6d,0x70,0x2c,0x20,0x78,0x5f,
    0x33,0x34,0x29,0x3b,0x0a,0x20,0x20,0x6f,0x43,0x20,0x3d,0x20,0x78,0x5f,0x33,0x35,
    0x2e,0x78,0x3b,0x0a,0x20,0x20,0x69,0x66,0x20,0x28,0x28,0x6f,0x43,0x20,0x3e,0x3d,
    0x20,0x30,0x2e,0x35,0x66,0x29,0x29,0x20,0x7b,0x0a,0x20,0x20,0x20,0x20,0x66,0x72,
    0x61,0x67,0x5f,0x63,0x6f,0x6c,0x6f,0x72,0x20,0x3d,0x20,0x76,0x65,0x63,0x34,0x66,
    0x28,0x30,0x2e,0x30,0x66,0x2c,0x20,0x30,0x2e,0x30,0x66,0x2c,0x20,0x30,0x2e,0x30,
    0x66,0x2c,0x20,0x31,0x2e,0x30,0x66,0x29,0x3b,0x0a,0x20,0x20,0x20,0x20,0x72,0x65,
    0x74,0x75,0x72,0x6e,0x3b,0x0a,0x20,0x20,0x7d,0x0a,0x20,0x20,0x6c,0x65,0x74,0x20,
    0x78,0x5f,0x35,0x37,0x20,0x3d,0x20,0x75,0x76,0x3b,0x0a,0x20,0x20,0x6c,0x65,0x74,
    0x20,0x78,0x5f,0x35,0x39,0x20,0x3d,0x20,0x70,0x78,0x2e,0x78,0x3b,0x0a,0x20,0x20,
    0x6c,0x65,0x74,0x20,0x78,0x5f,0x36,0x32,0x20,0x3d,0x20,0x74,0x65,0x78,0x74,0x75,
    0x72,0x65,0x53,0x61,0x6d,0x70,0x6c,0x65,0x28,0x70,0x72,0x65,0x73,0x73,0x75,0x72,
    0x65,0x53,0x72,0x63,0x54,0x65,0x78,0x2c,0x20,0x70,0x72,0x65,0x73,0x73,0x75,0x72,
    0x65,0x53,0x72,0x63,0x53,0x6d,0x70,0x2c,0x20,0x28,0x78,0x5f,0x35,0x37,0x20,0x2d,
    0x20,0x76,0x65,0x63,0x32,0x66,0x28,0x78,0x5f,0x35,0x39,0x2c,0x20,0x30,0x2e,0x30,
    0x66,0x29,0x29,0x29,0x3b,0x0a,0x20,0x20,0x70,0x4c,0x20,0x3d,0x20,0x78,0x5f,0x36,
    0x32,0x2e,0x78,0x3b,0x0a,0x20,0x20,0x6c,0x65,0x74,0x20,0x78,0x5f,0x36,0x38,0x20,
    0x3d,0x20,0x75,0x76,0x3b,0x0a,0x20,0x20,0x6c,0x65,0x74,0x20,0x78,0x5f,0x37,0x30,
    0x20,0x3d,0x20,0x70,0x78,0x2e,0x78,0x3b,0x0a,0x20,0x20,0x6c,0x65,0x74,0x20,0x78,
    0x5f,0x37,0x33,0x20,0x3d,0x20,0x74,0x65,0x78,0x74,0x75,0x72,0x65,0x53,0x61,0x6d,
    0x70,0x6c,0x65,0x28,0x70,0x72,0x65,0x73,0x73,0x75,0x72,0x65,0x53,0x72,0x63,0x54,
    0x65,0x78,0x2c,0x20,0x70,0x72,0x65,0x73,0x73,0x75,0x72,0x65,0x53,0x72,0x63,0x53,
    0x6d,0x70,0x2c,0x20,0x28,0x78,0x5f,0x36,0x38,0x20,0x2b,0x20,0x76,0x65,0x63,0x32,
    0x66,0x28,0x78,0x5f,0x37,0x30,0x2c,0x20,0x30,0x2e,0x30,0x66,0x29,0x29,0x29,0x3b,
    0x0a,0x20,0x20,0x70,0x52,0x20,0x3d,0x20,0x78,0x5f,0x37,0x33,0x2e,0x78,0x3b,0x0a,
    0x20,0x20,0x6c,0x65,0x74,0x20,0x78,0x5f,0x37,0x39,0x20,0x3d,0x20,0x75,0x76,0x3b,
    0x0a,0x20,0x20,0x6c,0x65,0x74,0x20,0x78,0x5f,0x38,0x32,0x20,0x3d,0x20,0x70,0x78,
    0x2e,0x79,0x3b,0x0a,0x20,0x20,0x6c,0x65,0x74,0x20,0x78,0x5f,0x38,0x35,0x20,0x3d,
    0x20,0x74,0x65,0x78,0x74,0x75,0x72,0x65,0x53,0x61,0x6d,0x70,0x6c,0x65,0x28,0x70,
    0x72,0x65,0x73,0x73,0x75,0x72,0x65,0x53,0x72,0x63,0x54,0x65,0x78,0x2c,0x20,0x70,
    0x72,0x65,0x73,0x73,0x75,0x72,0x65,0x53,0x72,0x63,0x53,0x6d,0x70,0x2c,0x20,0x28,
    0x78,0x5f,0x37,0x39,0x20,0x2d,0x20,0x76,0x65,0x63,0x32,0x66,0x28,0x30,0x2e,0x30,
    0x66,0x2c,0x20,0x78,0x5f,0x38,0x32,0x29,0x29,0x29,0x3b,0x0a,0x20,0x20,0x70,0x55,
    0x20,0x3d,0x20,0x78,0x5f,0x38,0x35,0x2e,0x78,0x3b,0x0a,0x20,0x20,0x6c,0x65,0x74,
    0x20,0x78,0x5f,0x39,0x31,0x20,0x3d,0x20,0x75,0x76,0x3b,0x0a,0x20,0x20,0x6c,0x65,
    0x74,0x20,0x78,0x5f,0x39,0x33,0x20,0x3d,0x20,0x70,0x78,0x2e,0x79,0x3b,0x0a,0x20,
    0x20,0x6c,0x65,0x74,0x20,0x78,0x5f,0x39,0x36,0x20,0x3d,0x20,0x74,0x65,0x78,0x74,
    0x75,0x72,0x65,0x53,0x61,0x6d,0x70,0x6c,0x65,0x28,0x70,0x72,0x65,0x73,0x73,0x75,
    0x72,0x65,0x53,0x72,0x63,0x54,0x65,0x78,0x2c,0x20,0x70,0x72,0x65,0x73,0x73,0x75,
    0x72,0x65,0x53,0x72,0x63,0x53,0x6d,0x70,0x2c,0x20,0x28,0x78,0x5f,0x39,0x31,0x20,
    0x2b,0x20,0x76,0x65,0x63,0x32,0x66,0x28,0x30,0x2e,0x30,0x66,0x2c,0x20,0x78,0x5f,
    0x39,0x33,0x29,0x29,0x29,0x3b,0x0a,0x20,0x20,0x70,0x44,0x20,0x3d,0x20,0x78,0x5f,
    0x39,0x36,0x2e,0x78,0x3b,0x0a,0x20,0x20,0x6c,0x65,0x74,0x20,0x78,0x5f,0x31,0x30,
    0x32,0x20,0x3d,0x20,0x75,0x76,0x3b,0x0a,0x20,0x20,0x6c,0x65,0x74,0x20,0x78,0x5f,
    0x31,0x30,0x33,0x20,0x3d,0x20,0x74,0x65,0x78,0x74,0x75,0x72,0x65,0x53,0x61,0x6d,
    0x70,0x6c,0x65,0x28,0x70,0x72,0x65,0x73,0x73,0x75,0x72,0x65,0x53,0x72,0x63,0x54,
    0x65,0x78,0x2c,0x20,0x70,0x72,0x65,0x73,0x73,0x75,0x72,0x65,0x53,0x72,0x63,0x53,
    0x6d,0x70,0x2c,0x20,0x78,0x5f,0x31,0x30,0x32,0x29,0x3b,0x0a,0x20,0x20,0x70,0x43,
    0x20,0x3d,0x20,0x78,0x5f,0x31,0x30,0x33,0x2e,0x78,0x3b,0x0a,0x20,0x20,0x6c,0x65,
    0x74,0x20,0x78,0x5f,0x31,0x31,0x32,0x20,0x3d,0x20,0x75,0x76,0x3b,0x0a,0x20,0x20,
    0x6c,0x65,0x74,0x20,0x78,0x5f,0x31,0x31,0x33,0x20,0x3d,0x20,0x74,0x65,0x78,0x74,
    0x75,0x72,0x65,0x53,0x61,0x6d,0x70,0x6c,0x65,0x28,0x70,0x72,0x65,0x73,0x73,0x75,
    0x72,0x65,0x4f,0x62,0x73,0x74,0x61,0x63,0x6c,0x65,0x4f,0x66,0x66,0x73,0x65,0x74,
    0x54,0x65,0x78,0x2c,0x20,0x70,0x72,0x65,0x73,0x73,0x75,0x72,0x65,0x4f,0x62,0x73,
    0x74,0x61,0x63,0x6c,0x65,0x4f,0x66,0x66,0x73,0x65,0x74,0x53,0x6d,0x70,0x2c,0x20,
    0x78,0x5f,0x31,0x31,0x32,0x29,0x3b,0x0a,0x20,0x20,0x6f,0x4e,0x20,0x3d,0x20,0x78,
    0x5f,0x31,0x31,0x33,0x3b,0x0a,0x20,0x20,0x70,0x55,0x20,0x3d,0x20,0x6d,0x69,0x78,
    0x28,0x70,0x55,0x2c,0x20,0x70,0x43,0x2c,0x20,0x6f,0x4e,0x2e,0x78,0x29,0x3b,0x0a,
    0x20,0x20,0x70,0x44,0x20,0x3d,0x20,0x6d,0x69,0x78,0x28,0x70,0x44,0x2c,0x20,0x70,
    0x43,0x2c,0x20,0x6f,0x4e,0x2e,0x79,0x29,0x3b,0x0a,0x20,0x20,0x70,0x52,0x20,0x3d,
    0x20,0x6d,0x69,0x78,0x28,0x70,0x52,0x2c,0x20,0x70,0x43,0x2c,0x20,0x6f,0x4e,0x2e,
    0x7a,0x29,0x3b,0x0a,0x20,0x20,0x70,0x4c,0x20,0x3d,0x20,0x6d,0x69,0x78,0x28,0x70,
    0x4c,0x2c,0x20,0x70,0x43,0x2c,0x20,0x6f,0x4e,0x2e,0x77,0x29,0x3b,0x0a,0x20,0x20,
    0x6c,0x65,0x74,0x20,0x78,0x5f,0x31,0x34,0x32,0x20,0x3d,0x20,0x75,0x76,0x3b,0x0a,
    0x20,0x20,0x6c,0x65,0x74,0x20,0x78,0x5f,0x31,0x34,0x33,0x20,0x3d,0x20,0x74,0x65,
    0x78,0x74,0x75,0x72,0x65,0x53,0x61,0x6d,0x70,0x6c,0x65,0x28,0x64,0x69,0x76,0x65,
    0x72,0x67,0x65,0x6e,0x63,0x65,0x54,0x65,0x78,0x2c,0x20,0x64,0x69,0x76,0x65,0x72,
    0x67,0x65,0x6e,0x63,0x65,0x53,0x6d,0x70,0x2c,0x20,0x78,0x5f,0x31,0x34,0x32,0x29,
    0x3b,0x0a,0x20,0x20,0x64,0x69,0x76,0x20,0x3d,0x20,0x78,0x5f,0x31,0x34,0x33,0x2e,
    0x78,0x3b,0x0a,0x20,0x20,0x70,0x72,0x65,0x73,0x73,0x75,0x72,0x65,0x20,0x3d,0x20,
    0x28,0x28,0x28,0x28,0x28,0x70,0x4c,0x20,0x2b,0x20,0x70,0x52,0x29,0x20,0x2b,0x20,
    0x70,0x55,0x29,0x20,0x2b,0x20,0x70,0x44,0x29,0x20,0x2d,0x20,0x64,0x69,0x76,0x29,
    0x20,0x2a,0x20,0x30,0x2e,0x32,0x35,0x66,0x29,0x3b,0x0a,0x20,0x20,0x66,0x72,0x61,
    0x67,0x5f,0x63,0x6f,0x6c,0x6f,0x72,0x20,0x3d,0x20,0x76,0x65,0x63,0x34,0x66,0x28,
    0x70,0x72,0x65,0x73,0x73,0x75,0x72,0x65,0x2c,0x20,0x70,0x72,0x65,0x73,0x73,0x75,
    0x72,0x65,0x2c,0x20,0x70,0x72,0x65,0x73,0x73,0x75,0x72,0x65,0x2c,0x20,0x31,0x2e,
    0x30,0x66,0x29,0x3b,0x0a,0x20,0x20,0x72,0x65,0x74,0x75,0x72,0x6e,0x3b,0x0a,0x7d,
    0x0a,0x0a,0x73,0x74,0x72,0x75,0x63,0x74,0x20,0x6d,0x61,0x69,0x6e,0x5f,0x6f,0x75,
    0x74,0x20,0x7b,0x0a,0x20,0x20,0x40,0x6c,0x6f,0x63,0x61,0x74,0x69,0x6f,0x6e,0x28,
    0x30,0x29,0x0a,0x20,0x20,0x66,0x72,0x61,0x67,0x5f,0x63,0x6f,0x6c,0x6f,0x72,0x5f,
    0x31,0x20,0x3a,0x20,0x76,0x65,0x63,0x34,0x66,0x2c,0x0a,0x7d,0x0a,0x0a,0x40,0x66,
    0x72,0x61,0x67,0x6d,0x65,0x6e,0x74,0x0a,0x66,0x6e,0x20,0x6d,0x61,0x69,0x6e,0x28,
    0x40,0x6c,0x6f,0x63,0x61,0x74,0x69,0x6f,0x6e,0x28,0x30,0x29,0x20,0x75,0x76,0x5f,
    0x70,0x61,0x72,0x61,0x6d,0x20,0x3a,0x20,0x76,0x65,0x63,0x32,0x66,0x29,0x20,0x2d,
    0x3e,0x20,0x6d,0x61,0x69,0x6e,0x5f,0x6f,0x75,0x74,0x20,0x7b,0x0a,0x20,0x20,0x75,
    0x76,0x20,0x3d,0x20,0x75,0x76,0x5f,0x70,0x61,0x72,0x61,0x6d,0x3b,0x0a,0x20,0x20,
    0x6d,0x61,0x69,0x6e,0x5f,0x31,0x28,0x29,0x3b,0x0a,0x20,0x20,0x72,0x65,0x74,0x75,
    0x72,0x6e,0x20,0x6d,0x61,0x69,0x6e,0x5f,0x6f,0x75,0x74,0x28,0x66,0x72,0x61,0x67,
    0x5f,0x63,0x6f,0x6c,0x6f,0x72,0x29,0x3b,0x0a,0x7d,0x0a,0x00,
};
/*
    diagnostic(off, derivative_uniformity);

    struct flow_params {
      /_ @offset(0) _/
      color : vec4f,
      /_ @offset(16) _/
      resolution : vec4f,
      /_ @offset(32) _/
      texel : vec4f,
      /_ @offset(48) _/
      options : vec4f,
    }

    @binding(0) @group(0) var<uniform> x_13 : flow_params;

    @binding(2) @group(1) var gradientObstacleTex : texture_2d<f32>;

    @binding(34) @group(1) var gradientObstacleSmp : sampler;

    var<private> uv : vec2f;

    var<private> frag_color : vec4f;

    @binding(1) @group(1) var pressureTex : texture_2d<f32>;

    @binding(33) @group(1) var pressureSmp : sampler;

    @binding(3) @group(1) var gradientObstacleOffsetTex : texture_2d<f32>;

    @binding(35) @group(1) var gradientObstacleOffsetSmp : sampler;

    @binding(0) @group(1) var velocityTex : texture_2d<f32>;

    @binding(32) @group(1) var velocitySmp : sampler;

    fn main_1() {
      var px : vec2f;
      var oC : f32;
      var pL : f32;
      var pR : f32;
      var pU : f32;
      var pD : f32;
      var pC : f32;
      var oN : vec4f;
      var velocity : vec2f;
      px = x_13.texel.xy;
      let x_34 = uv;
      let x_35 = textureSample(gradientObstacleTex, gradientObstacleSmp, x_34);
      oC = x_35.x;
      if ((oC >= 0.5f)) {
        frag_color = vec4f(0.0f, 0.0f, 0.0f, 1.0f);
        return;
      }
      let x_57 = uv;
      let x_59 = px.x;
      let x_62 = textureSample(pressureTex, pressureSmp, (x_57 - vec2f(x_59, 0.0f)));
      pL = x_62.x;
      let x_68 = uv;
      let x_70 = px.x;
      let x_73 = textureSample(pressureTex, pressureSmp, (x_68 + vec2f(x_70, 0.0f)));
      pR = x_73.x;
      let x_79 = uv;
      let x_82 = px.y;
      let x_85 = textureSample(pressureTex, pressureSmp, (x_79 - vec2f(0.0f, x_82)));
      pU = x_85.x;
      let x_91 = uv;
      let x_93 = px.y;
      let x_96 = textureSample(pressureTex, pressureSmp, (x_91 + vec2f(0.0f, x_93)));
      pD = x_96.x;
      let x_102 = uv;
      let x_103 = textureSample(pressureTex, pressureSmp, x_102);
      pC = x_103.x;
      let x_112 = uv;
      let x_113 = textureSample(gradientObstacleOffsetTex, gradientObstacleOffsetSmp, x_112);
      oN = x_113;
      pU = mix(pU, pC, oN.x);
      pD = mix(pD, pC, oN.y);
      pR = mix(pR, pC, oN.z);
      pL = mix(pL, pC, oN.w);
      let x_142 = uv;
      let x_143 = textureSample(velocityTex, velocitySmp, x_142);
      velocity = x_143.xy;
      velocity = (velocity - (vec2f((pR - pL), (pD - pU)) * x_13.options.w));
      frag_color = vec4f(velocity.x, velocity.y, 0.0f, 1.0f);
      return;
    }

    struct main_out {
      @location(0)
      frag_color_1 : vec4f,
    }

    @fragment
    fn main(@location(0) uv_param : vec2f) -> main_out {
      uv = uv_param;
      main_1();
      return main_out(frag_color);
    }
*/
static const uint8_t fs_gradient_subtract_source_wgsl[2489] = {
    0x64,0x69,0x61,0x67,0x6e,0x6f,0x73,0x74,0x69,0x63,0x28,0x6f,0x66,0x66,0x2c,0x20,
    0x64,0x65,0x72,0x69,0x76,0x61,0x74,0x69,0x76,0x65,0x5f,0x75,0x6e,0x69,0x66,0x6f,
    0x72,0x6d,0x69,0x74,0x79,0x29,0x3b,0x0a,0x0a,0x73,0x74,0x72,0x75,0x63,0x74,0x20,
    0x66,0x6c,0x6f,0x77,0x5f,0x70,0x61,0x72,0x61,0x6d,0x73,0x20,0x7b,0x0a,0x20,0x20,
    0x2f,0x2a,0x20,0x40,0x6f,0x66,0x66,0x73,0x65,0x74,0x28,0x30,0x29,0x20,0x2a,0x2f,
    0x0a,0x20,0x20,0x63,0x6f,0x6c,0x6f,0x72,0x20,0x3a,0x20,0x76,0x65,0x63,0x34,0x66,
    0x2c,0x0a,0x20,0x20,0x2f,0x2a,0x20,0x40,0x6f,0x66,0x66,0x73,0x65,0x74,0x28,0x31,
    0x36,0x29,0x20,0x2a,0x2f,0x0a,0x20,0x20,0x72,0x65,0x73,0x6f,0x6c,0x75,0x74,0x69,
    0x6f,0x6e,0x20,0x3a,0x20,0x76,0x65,0x63,0x34,0x66,0x2c,0x0a,0x20,0x20,0x2f,0x2a,
    0x20,0x40,0x6f,0x66,0x66,0x73,0x65,0x74,0x28,0x33,0x32,0x29,0x20,0x2a,0x2f,0x0a,
    0x20,0x20,0x74,0x65,0x78,0x65,0x6c,0x20,0x3a,0x20,0x76,0x65,0x63,0x34,0x66,0x2c,
    0x0a,0x20,0x20,0x2f,0x2a,0x20,0x40,0x6f,0x66,0x66,0x73,0x65,0x74,0x28,0x34,0x38,
    0x29,0x20,0x2a,0x2f,0x0a,0x20,0x20,0x6f,0x70,0x74,0x69,0x6f,0x6e,0x73,0x20,0x3a,
    0x20,0x76,0x65,0x63,0x34,0x66,0x2c,0x0a,0x7d,0x0a,0x0a,0x40,0x62,0x69,0x6e,0x64,
    0x69,0x6e,0x67,0x28,0x30,0x29,0x20,0x40,0x67,0x72,0x6f,0x75,0x70,0x28,0x30,0x29,
    0x20,0x76,0x61,0x72,0x3c,0x75,0x6e,0x69,0x66,0x6f,0x72,0x6d,0x3e,0x20,0x78,0x5f,
    0x31,0x33,0x20,0x3a,0x20,0x66,0x6c,0x6f,0x77,0x5f,0x70,0x61,0x72,0x61,0x6d,0x73,
    0x3b,0x0a,0x0a,0x40,0x62,0x69,0x6e,0x64,0x69,0x6e,0x67,0x28,0x32,0x29,0x20,0x40,
    0x67,0x72,0x6f,0x75,0x70,0x28,0x31,0x29,0x20,0x76,0x61,0x72,0x20,0x67,0x72,0x61,
    0x64,0x69,0x65,0x6e,0x74,0x4f,0x62,0x73,0x74,0x61,0x63,0x6c,0x65,0x54,0x65,0x78,
    0x20,0x3a,0x20,0x74,0x65,0x78,0x74,0x75,0x72,0x65,0x5f,0x32,0x64,0x3c,0x66,0x33,
    0x32,0x3e,0x3b,0x0a,0x0a,0x40,0x62,0x69,0x6e,0x64,0x69,0x6e,0x67,0x28,0x33,0x34,
    0x29,0x20,0x40,0x67,0x72,0x6f,0x75,0x70,0x28,0x31,0x29,0x20,0x76,0x61,0x72,0x20,
    0x67,0x72,0x61,0x64,0x69,0x65,0x6e,0x74,0x4f,0x62,0x73,0x74,0x61,0x63,0x6c,0x65,
    0x53,0x6d,0x70,0x20,0x3a,0x20,0x73,0x61,0x6d,0x70,0x6c,0x65,0x72,0x3b,0x0a,0x0a,
    0x76,0x61,0x72,0x3c,0x70,0x72,0x69,0x76,0x61,0x74,0x65,0x3e,0x20,0x75,0x76,0x20,
    0x3a,0x20,0x76,0x65,0x63,0x32,0x66,0x3b,0x0a,0x0a,0x76,0x61,0x72,0x3c,0x70,0x72,
    0x69,0x76,0x61,0x74,0x65,0x3e,0x20,0x66,0x72,0x61,0x67,0x5f,0x63,0x6f,0x6c,0x6f,
    0x72,0x20,0x3a,0x20,0x76,0x65,0x63,0x34,0x66,0x3b,0x0a,0x0a,0x40,0x62,0x69,0x6e,
    0x64,0x69,0x6e,0x67,0x28,0x31,0x29,0x20,0x40,0x67,0x72,0x6f,0x75,0x70,0x28,0x31,
    0x29,0x20,0x76,0x61,0x72,0x20,0x70,0x72,0x65,0x73,0x73,0x75,0x72,0x65,0x54,0x65,
    0x78,0x20,0x3a,0x20,0x74,0x65,0x78,0x74,0x75,0x72,0x65,0x5f,0x32,0x64,0x3c,0x66,
    0x33,0x32,0x3e,0x3b,0x0a,0x0a,0x40,0x62,0x69,0x6e,0x64,0x69,0x6e,0x67,0x28,0x33,
    0x33,0x29,0x20,0x40,0x67,0x72,0x6f,0x75,0x70,0x28,0x31,0x29,0x20,0x76,0x61,0x72,
    0x20,0x70,0x72,0x65,0x73,0x73,0x75,0x72,0x65,0x53,0x6d,0x70,0x20,0x3a,0x20,0x73,
    0x61,0x6d,0x70,0x6c,0x65,0x72,0x3b,0x0a,0x0a,0x40,0x62,0x69,0x6e,0x64,0x69,0x6e,
    0x67,0x28,0x33,0x29,0x20,0x40,0x67,0x72,0x6f,0x75,0x70,0x28,0x31,0x29,0x20,0x76,
    0x61,0x72,0x20,0x67,0x72,0x61,0x64,0x69,0x65,0x6e,0x74,0x4f,0x62,0x73,0x74,0x61,
    0x63,0x6c,0x65,0x4f,0x66,0x66,0x73,0x65,0x74,0x54,0x65,0x78,0x20,0x3a,0x20,0x74,
    0x65,0x78,0x74,0x75,0x72,0x65,0x5f,0x32,0x64,0x3c,0x66,0x33,0x32,0x3e,0x3b,0x0a,
    0x0a,0x40,0x62,0x69,0x6e,0x64,0x69,0x6e,0x67,0x28,0x33,0x35,0x29,0x20,0x40,0x67,
    0x72,0x6f,0x75,0x70,0x28,0x31,0x29,0x20,0x76,0x61,0x72,0x20,0x67,0x72,0x61,0x64,
    0x69,0x65,0x6e,0x74,0x4f,0x62,0x73,0x74,0x61,0x63,0x6c,0x65,0x4f,0x66,0x66,0x73,
    0x65,0x74,0x53,0x6d,0x70,0x20,0x3a,0x20,0x73,0x61,0x6d,0x70,0x6c,0x65,0x72,0x3b,
    0x0a,0x0a,0x40,0x62,0x69,0x6e,0x64,0x69,0x6e,0x67,0x28,0x30,0x29,0x20,0x40,0x67,
    0x72,0x6f,0x75,0x70,0x28,0x31,0x29,0x20,0x76,0x61,0x72,0x20,0x76,0x65,0x6c,0x6f,
    0x63,0x69,0x74,0x79,0x54,0x65,0x78,0x20,0x3a,0x20,0x74,0x65,0x78,0x74,0x75,0x72,
    0x65,0x5f,0x32,0x64,0x3c,0x66,0x33,0x32,0x3e,0x3b,0x0a,0x0a,0x40,0x62,0x69,0x6e,
    0x64,0x69,0x6e,0x67,0x28,0x33,0x32,0x29,0x20,0x40,0x67,0x72,0x6f,0x75,0x70,0x28,
    0x31,0x29,0x20,0x76,0x61,0x72,0x20,0x76,0x65,0x6c,0x6f,0x63,0x69,0x74,0x79,0x53,
    0x6d,0x70,0x20,0x3a,0x20,0x73,0x61,0x6d,0x70,0x6c,0x65,0x72,0x3b,0x0a,0x0a,0x66,
    0x6e,0x20,0x6d,0x61,0x69,0x6e,0x5f,0x31,0x28,0x29,0x20,0x7b,0x0a,0x20,0x20,0x76,
    0x61,0x72,0x20,0x70,0x78,0x20,0x3a,0x20,0x76,0x65,0x63,0x32,0x66,0x3b,0x0a,0x20,
    0x20,0x76,0x61,0x72,0x20,0x6f,0x43,0x20,0x3a,0x20,0x66,0x33,0x32,0x3b,0x0a,0x20,
    0x20,0x76,0x61,0x72,0x20,0x70,0x4c,0x20,0x3a,0x20,0x66,0x33,0x32,0x3b,0x0a,0x20,
    0x20,0x76,0x61,0x72,0x20,0x70,0x52,0x20,0x3a,0x20,0x66,0x33,0x32,0x3b,0x0a,0x20,
    0x20,0x76,0x61,0x72,0x20,0x70,0x55,0x20,0x3a,0x20,0x66,0x33,0x32,0x3b,0x0a,0x20,
    0x20,0x76,0x61,0x72,0x20,0x70,0x44,0x20,0x3a,0x20,0x66,0x33,0x32,0x3b,0x0a,0x20,
    0x20,0x76,0x61,0x72,0x20,0x70,0x43,0x20,0x3a,0x20,0x66,0x33,0x32,0x3b,0x0a,0x20,
    0x20,0x76,0x61,0x72,0x20,0x6f,0x4e,0x20,0x3a,0x20,0x76,0x65,0x63,0x34,0x66,0x3b,
    0x0a,0x20,0x20,0x76,0x61,0x72,0x20,0x76,0x65,0x6c,0x6f,0x63,0x69,0x74,0x79,0x20,
    0x3a,0x20,0x76,0x65,0x63,0x32,0x66,0x3b,0x0a,0x20,0x20,0x70,0x78,0x20,0x3d,0x20,
    0x78,0x5f,0x31,0x33,0x2e,0x74,0x65,0x78,0x65,0x6c,0x2e,0x78,0x79,0x3b,0x0a,0x20,
    0x20,0x6c,0x65,0x74,0x20,0x78,0x5f,0x33,0x34,0x20,0x3d,0x20,0x75,0x76,0x3b,0x0a,
    0x20,0x20,0x6c,0x65,0x74,0x20,0x78,0x5f,0x33,0x35,0x20,0x3d,0x20,0x74,0x65,0x78,
    0x74,0x75,0x72,0x65,0x53,0x61,0x6d,0x70,0x6c,0x65,0x28,0x67,0x72,0x61,0x64,0x69,
    0x65,0x6e,0x74,0x4f,0x62,0x73,0x74,0x61,0x63,0x6c,0x65,0x54,0x65,0x78,0x2c,0x20,
    0x67,0x72,0x61,0x64,0x69,0x65,0x6e,0x74,0x4f,0x62,0x73,0x74,0x61,0x63,0x6c,0x65,
    0x53,0x6d,0x70,0x2c,0x20,0x78,0x5f,0x33,0x34,0x29,0x3b,0x0a,0x20,0x20,0x6f,0x43,
    0x20,0x3d,0x20,0x78,0x5f,0x33,0x35,0x2e,0x78,0x3b,0x0a,0x20,0x20,0x69,0x66,0x20,
    0x28,0x28,0x6f,0x43,0x20,0x3e,0x3d,0x20,0x30,0x2e,0x35,0x66,0x29,0x29,0x20,0x7b,
    0x0a,0x20,0x20,0x20,0x20,0x66,0x72,0x61,0x67,0x5f,0x63,0x6f,0x6c,0x6f,0x72,0x20,
    0x3d,0x20,0x76,0x65,0x63,0x34,0x66,0x28,0x30,0x2e,0x30,0x66,0x2c,0x20,0x30,0x2e,
    0x30,0x66,0x2c,0x20,0x30,0x2e,0x30,0x66,0x2c,0x20,0x31,0x2e,0x30,0x66,0x29,0x3b,
    0x0a,0x20,0x20,0x20,0x20,0x72,0x65,0x74,0x75,0x72,0x6e,0x3b,0x0a,0x20,0x20,0x7d,
    0x0a,0x20,0x20,0x6c,0x65,0x74,0x20,0x78,0x5f,0x35,0x37,0x20,0x3d,0x20,0x75,0x76,
    0x3b,0x0a,0x20,0x20,0x6c,0x65,0x74,0x20,0x78,0x5f,0x35,0x39,0x20,0x3d,0x20,0x70,
    0x78,0x2e,0x78,0x3b,0x0a,0x20,0x20,0x6c,0x65,0x74,0x20,0x78,0x5f,0x36,0x32,0x20,
    0x3d,0x20,0x74,0x65,0x78,0x74,0x75,0x72,0x65,0x53,0x61,0x6d,0x70,0x6c,0x65,0x28,
    0x70,0x72,0x65,0x73,0x73,0x75,0x72,0x65,0x54,0x65,0x78,0x2c,0x20,0x70,0x72,0x65,
    0x73,0x73,0x75,0x72,0x65,0x53,0x6d,0x70,0x2c,0x20,0x28,0x78,0x5f,0x35,0x37,0x20,
    0x2d,0x20,0x76,0x65,0x63,0x32,0x66,0x28,0x78,0x5f,0x35,0x39,0x2c,0x20,0x30,0x2e,
    0x30,0x66,0x29,0x29,0x29,0x3b,0x0a,0x20,0x20,0x70,0x4c,0x20,0x3d,0x20,0x78,0x5f,
    0x36,0x32,0x2e,0x78,0x3b,0x0a,0x20,0x20,0x6c,0x65,0x74,0x20,0x78,0x5f,0x36,0x38,
    0x20,0x3d,0x20,0x75,0x76,0x3b,0x0a,0x20,0x20,0x6c,0x65,0x74,0x20,0x78,0x5f,0x37,
    0x30,0x20,0x3d,0x20,0x70,0x78,0x2e,0x78,0x3b,0x0a,0x20,0x20,0x6c,0x65,0x74,0x20,
    0x78,0x5f,0x37,0x33,0x20,0x3d,0x20,0x74,0x65,0x78,0x74,0x75,0x72,0x65,0x53,0x61,
    0x6d,0x70,0x6c,0x65,0x28,0x70,0x72,0x65,0x73,0x73,0x75,0x72,0x65,0x54,0x65,0x78,
    0x2c,0x20,0x70,0x72,0x65,0x73,0x73,0x75,0x72,0x65,0x53,0x6d,0x70,0x2c,0x20,0x28,
    0x78,0x5f,0x36,0x38,0x20,0x2b,0x20,0x76,0x65,0x63,0x32,0x66,0x28,0x78,0x5f,0x37,
    0x30,0x2c,0x20,0x30,0x2e,0x30,0x66,0x29,0x29,0x29,0x3b,0x0a,0x20,0x20,0x70,0x52,
    0x20,0x3d,0x20,0x78,0x5f,0x37,0x33,0x2e,0x78,0x3b,0x0a,0x20,0x20,0x6c,0x65,0x74,
    0x20,0x78,0x5f,0x37,0x39,0x20,0x3d,0x20,0x75,0x76,0x3b,0x0a,0x20,0x20,0x6c,0x65,
    0x74,0x20,0x78,0x5f,0x38,0x32,0x20,0x3d,0x20,0x70,0x78,0x2e,0x79,0x3b,0x0a,0x20,
    0x20,0x6c,0x65,0x74,0x20,0x78,0x5f,0x38,0x35,0x20,0x3d,0x20,0x74,0x65,0x78,0x74,
    0x75,0x72,0x65,0x53,0x61,0x6d,0x70,0x6c,0x65,0x28,0x70,0x72,0x65,0x73,0x73,0x75,
    0x72,0x65,0x54,0x65,0x78,0x2c,0x20,0x70,0x72,0x65,0x73,0x73,0x75,0x72,0x65,0x53,
    0x6d,0x70,0x2c,0x20,0x28,0x78,0x5f,0x37,0x39,0x20,0x2d,0x20,0x76,0x65,0x63,0x32,
    0x66,0x28,0x30,0x2e,0x30,0x66,0x2c,0x20,0x78,0x5f,0x38,0x32,0x29,0x29,0x29,0x3b,
    0x0a,0x20,0x20,0x70,0x55,0x20,0x3d,0x20,0x78,0x5f,0x38,0x35,0x2e,0x78,0x3b,0x0a,
    0x20,0x20,0x6c,0x65,0x74,0x20,0x78,0x5f,0x39,0x31,0x20,0x3d,0x20,0x75,0x76,0x3b,
    0x0a,0x20,0x20,0x6c,0x65,0x74,0x20,0x78,0x5f,0x39,0x33,0x20,0x3d,0x20,0x70,0x78,
    0x2e,0x79,0x3b,0x0a,0x20,0x20,0x6c,0x65,0x74,0x20,0x78,0x5f,0x39,0x36,0x20,0x3d,
    0x20,0x74,0x65,0x78,0x74,0x75,0x72,0x65,0x53,0x61,0x6d,0x70,0x6c,0x65,0x28,0x70,
    0x72,0x65,0x73,0x73,0x75,0x72,0x65,0x54,0x65,0x78,0x2c,0x20,0x70,0x72,0x65,0x73,
    0x73,0x75,0x72,0x65,0x53,0x6d,0x70,0x2c,0x20,0x28,0x78,0x5f,0x39,0x31,0x20,0x2b,
    0x20,0x76,0x65,0x63,0x32,0x66,0x28,0x30,0x2e,0x30,0x66,0x2c,0x20,0x78,0x5f,0x39,
    0x33,0x29,0x29,0x29,0x3b,0x0a,0x20,0x20,0x70,0x44,0x20,0x3d,0x20,0x78,0x5f,0x39,
    0x36,0x2e,0x78,0x3b,0x0a,0x20,0x20,0x6c,0x65,0x74,0x20,0x78,0x5f,0x31,0x30,0x32,
    0x20,0x3d,0x20,0x75,0x76,0x3b,0x0a,0x20,0x20,0x6c,0x65,0x74,0x20,0x78,0x5f,0x31,
    0x30,0x33,0x20,0x3d,0x20,0x74,0x65,0x78,0x74,0x75,0x72,0x65,0x53,0x61,0x6d,0x70,
    0x6c,0x65,0x28,0x70,0x72,0x65,0x73,0x73,0x75,0x72,0x65,0x54,0x65,0x78,0x2c,0x20,
    0x70,0x72,0x65,0x73,0x73,0x75,0x72,0x65,0x53,0x6d,0x70,0x2c,0x20,0x78,0x5f,0x31,
    0x30,0x32,0x29,0x3b,0x0a,0x20,0x20,0x70,0x43,0x20,0x3d,0x20,0x78,0x5f,0x31,0x30,
    0x33,0x2e,0x78,0x3b,0x0a,0x20,0x20,0x6c,0x65,0x74,0x20,0x78,0x5f,0x31,0x31,0x32,
    0x20,0x3d,0x20,0x75,0x76,0x3b,0x0a,0x20,0x20,0x6c,0x65,0x74,0x20,0x78,0x5f,0x31,
    0x31,0x33,0x20,0x3d,0x20,0x74,0x65,0x78,0x74,0x75,0x72,0x65,0x53,0x61,0x6d,0x70,
    0x6c,0x65,0x28,0x67,0x72,0x61,0x64,0x69,0x65,0x6e,0x74,0x4f,0x62,0x73,0x74,0x61,
    0x63,0x6c,0x65,0x4f,0x66,0x66,0x73,0x65,0x74,0x54,0x65,0x78,0x2c,0x20,0x67,0x72,
    0x61,0x64,0x69,0x65,0x6e,0x74,0x4f,0x62,0x73,0x74,0x61,0x63,0x6c,0x65,0x4f,0x66,
    0x66,0x73,0x65,0x74,0x53,0x6d,0x70,0x2c,0x20,0x78,0x5f,0x31,0x31,0x32,0x29,0x3b,
    0x0a,0x20,0x20,0x6f,0x4e,0x20,0x3d,0x20,0x78,0x5f,0x31,0x31,0x33,0x3b,0x0a,0x20,
    0x20,0x70,0x55,0x20,0x3d,0x20,0x6d,0x69,0x78,0x28,0x70,0x55,0x2c,0x20,0x70,0x43,
    0x2c,0x20,0x6f,0x4e,0x2e,0x78,0x29,0x3b,0x0a,0x20,0x20,0x70,0x44,0x20,0x3d,0x20,
    0x6d,0x69,0x78,0x28,0x70,0x44,0x2c,0x20,0x70,0x43,0x2c,0x20,0x6f,0x4e,0x2e,0x79,
    0x29,0x3b,0x0a,0x20,0x20,0x70,0x52,0x20,0x3d,0x20,0x6d,0x69,0x78,0x28,0x70,0x52,
    0x2c,0x20,0x70,0x43,0x2c,0x20,0x6f,0x4e,0x2e,0x7a,0x29,0x3b,0x0a,0x20,0x20,0x70,
    0x4c,0x20,0x3d,0x20,0x6d,0x69,0x78,0x28,0x70,0x4c,0x2c,0x20,0x70,0x43,0x2c,0x20,
    0x6f,0x4e,0x2e,0x77,0x29,0x3b,0x0a,0x20,0x20,0x6c,0x65,0x74,0x20,0x78,0x5f,0x31,
    0x34,0x32,0x20,0x3d,0x20,0x75,0x76,0x3b,0x0a,0x20,0x20,0x6c,0x65,0x74,0x20,0x78,
    0x5f,0x31,0x34,0x33,0x20,0x3d,0x20,0x74,0x65,0x78,0x74,0x75,0x72,0x65,0x53,0x61,
    0x6d,0x70,0x6c,0x65,0x28,0x76,0x65,0x6c,0x6f,0x63,0x69,0x74,0x79,0x54,0x65,0x78,
    0x2c,0x20,0x76,0x65,0x6c,0x6f,0x63,0x69,0x74,0x79,0x53,0x6d,0x70,0x2c,0x20,0x78,
    0x5f,0x31,0x34,0x32,0x29,0x3b,0x0a,0x20,0x20,0x76,0x65,0x6c,0x6f,0x63,0x69,0x74,
    0x79,0x20,0x3d,0x20,0x78,0x5f,0x31,0x34,0x33,0x2e,0x78,0x79,0x3b,0x0a,0x20,0x20,
    0x76,0x65,0x6c,0x6f,0x63,0x69,0x74,0x79,0x20,0x3d,0x20,0x28,0x76,0x65,0x6c,0x6f,
    0x63,0x69,0x74,0x79,0x20,0x2d,0x20,0x28,0x76,0x65,0x63,0x32,0x66,0x28,0x28,0x70,
    0x52,0x20,0x2d,0x20,0x70,0x4c,0x29,0x2c,0x20,0x28,0x70,0x44,0x20,0x2d,0x20,0x70,
    0x55,0x29,0x29,0x20,0x2a,0x20,0x78,0x5f,0x31,0x33,0x2e,0x6f,0x70,0x74,0x69,0x6f,
    0x6e,0x73,0x2e,0x77,0x29,0x29,0x3b,0x0a,0x20,0x20,0x66,0x72,0x61,0x67,0x5f,0x63,
    0x6f,0x6c,0x6f,0x72,0x20,0x3d,0x20,0x76,0x65,0x63,0x34,0x66,0x28,0x76,0x65,0x6c,
    0x6f,0x63,0x69,0x74,0x79,0x2e,0x78,0x2c,0x20,0x76,0x65,0x6c,0x6f,0x63,0x69,0x74,
    0x79,0x2e,0x79,0x2c,0x20,0x30,0x2e,0x30,0x66,0x2c,0x20,0x31,0x2e,0x30,0x66,0x29,
    0x3b,0x0a,0x20,0x20,0x72,0x65,0x74,0x75,0x72,0x6e,0x3b,0x0a,0x7d,0x0a,0x0a,0x73,
    0x74,0x72,0x75,0x63,0x74,0x20,0x6d,0x61,0x69,0x6e,0x5f,0x6f,0x75,0x74,0x20,0x7b,
    0x0a,0x20,0x20,0x40,0x6c,0x6f,0x63,0x61,0x74,0x69,0x6f,0x6e,0x28,0x30,0x29,0x0a,
    0x20,0x20,0x66,0x72,0x61,0x67,0x5f,0x63,0x6f,0x6c,0x6f,0x72,0x5f,0x31,0x20,0x3a,
    0x20,0x76,0x65,0x63,0x34,0x66,0x2c,0x0a,0x7d,0x0a,0x0a,0x40,0x66,0x72,0x61,0x67,
    0x6d,0x65,0x6e,0x74,0x0a,0x66,0x6e,0x20,0x6d,0x61,0x69,0x6e,0x28,0x40,0x6c,0x6f,
    0x63,0x61,0x74,0x69,0x6f,0x6e,0x28,0x30,0x29,0x20,0x75,0x76,0x5f,0x70,0x61,0x72,
    0x61,0x6d,0x20,0x3a,0x20,0x76,0x65,0x63,0x32,0x66,0x29,0x20,0x2d,0x3e,0x20,0x6d,
    0x61,0x69,0x6e,0x5f,0x6f,0x75,0x74,0x20,0x7b,0x0a,0x20,0x20,0x75,0x76,0x20,0x3d,
    0x20,0x75,0x76,0x5f,0x70,0x61,0x72,0x61,0x6d,0x3b,0x0a,0x20,0x20,0x6d,0x61,0x69,
    0x6e,0x5f,0x31,0x28,0x29,0x3b,0x0a,0x20,0x20,0x72,0x65,0x74,0x75,0x72,0x6e,0x20,
    0x6d,0x61,0x69,0x6e,0x5f,0x6f,0x75,0x74,0x28,0x66,0x72,0x61,0x67,0x5f,0x63,0x6f,
    0x6c,0x6f,0x72,0x29,0x3b,0x0a,0x7d,0x0a,0x00,
};
/*
    diagnostic(off, derivative_uniformity);

    struct flow_params {
      /_ @offset(0) _/
      color : vec4f,
      /_ @offset(16) _/
      resolution : vec4f,
      /_ @offset(32) _/
      texel : vec4f,
      /_ @offset(48) _/
      options : vec4f,
    }

    @binding(0) @group(0) var<uniform> x_13 : flow_params;

    @binding(0) @group(1) var velocityTex : texture_2d<f32>;

    @binding(32) @group(1) var velocitySmp : sampler;

    var<private> uv : vec2f;

    var<private> frag_color : vec4f;

    fn main_1() {
      var px : vec2f;
      var vL : f32;
      var vR : f32;
      var vU : f32;
      var vD : f32;
      var curl : f32;
      px = x_13.texel.xy;
      let x_34 = uv;
      let x_38 = px.x;
      let x_42 = textureSample(velocityTex, velocitySmp, (x_34 - vec2f(x_38, 0.0f)));
      vL = x_42.y;
      let x_49 = uv;
      let x_51 = px.x;
      let x_54 = textureSample(velocityTex, velocitySmp, (x_49 + vec2f(x_51, 0.0f)));
      vR = x_54.y;
      let x_60 = uv;
      let x_62 = px.y;
      let x_65 = textureSample(velocityTex, velocitySmp, (x_60 - vec2f(0.0f, x_62)));
      vU = x_65.x;
      let x_71 = uv;
      let x_73 = px.y;
      let x_76 = textureSample(velocityTex, velocitySmp, (x_71 + vec2f(0.0f, x_73)));
      vD = x_76.x;
      curl = (x_13.options.w * ((vD - vU) - (vR - vL)));
      frag_color = vec4f(curl, curl, curl, 1.0f);
      return;
    }

    struct main_out {
      @location(0)
      frag_color_1 : vec4f,
    }

    @fragment
    fn main(@location(0) uv_param : vec2f) -> main_out {
      uv = uv_param;
      main_1();
      return main_out(frag_color);
    }
*/
static const uint8_t fs_vorticity_curl_source_wgsl[1410] = {
    0x64,0x69,0x61,0x67,0x6e,0x6f,0x73,0x74,0x69,0x63,0x28,0x6f,0x66,0x66,0x2c,0x20,
    0x64,0x65,0x72,0x69,0x76,0x61,0x74,0x69,0x76,0x65,0x5f,0x75,0x6e,0x69,0x66,0x6f,
    0x72,0x6d,0x69,0x74,0x79,0x29,0x3b,0x0a,0x0a,0x73,0x74,0x72,0x75,0x63,0x74,0x20,
    0x66,0x6c,0x6f,0x77,0x5f,0x70,0x61,0x72,0x61,0x6d,0x73,0x20,0x7b,0x0a,0x20,0x20,
    0x2f,0x2a,0x20,0x40,0x6f,0x66,0x66,0x73,0x65,0x74,0x28,0x30,0x29,0x20,0x2a,0x2f,
    0x0a,0x20,0x20,0x63,0x6f,0x6c,0x6f,0x72,0x20,0x3a,0x20,0x76,0x65,0x63,0x34,0x66,
    0x2c,0x0a,0x20,0x20,0x2f,0x2a,0x20,0x40,0x6f,0x66,0x66,0x73,0x65,0x74,0x28,0x31,
    0x36,0x29,0x20,0x2a,0x2f,0x0a,0x20,0x20,0x72,0x65,0x73,0x6f,0x6c,0x75,0x74,0x69,
    0x6f,0x6e,0x20,0x3a,0x20,0x76,0x65,0x63,0x34,0x66,0x2c,0x0a,0x20,0x20,0x2f,0x2a,
    0x20,0x40,0x6f,0x66,0x66,0x73,0x65,0x74,0x28,0x33,0x32,0x29,0x20,0x2a,0x2f,0x0a,
    0x20,0x20,0x74,0x65,0x78,0x65,0x6c,0x20,0x3a,0x20,0x76,0x65,0x63,0x34,0x66,0x2c,
    0x0a,0x20,0x20,0x2f,0x2a,0x20,0x40,0x6f,0x66,0x66,0x73,0x65,0x74,0x28,0x34,0x38,
    0x29,0x20,0x2a,0x2f,0x0a,0x20,0x20,0x6f,0x70,0x74,0x69,0x6f,0x6e,0x73,0x20,0x3a,
    0x20,0x76,0x65,0x63,0x34,0x66,0x2c,0x0a,0x7d,0x0a,0x0a,0x40,0x62,0x69,0x6e,0x64,
    0x69,0x6e,0x67,0x28,0x30,0x29,0x20,0x40,0x67,0x72,0x6f,0x75,0x70,0x28,0x30,0x29,
    0x20,0x76,0x61,0x72,0x3c,0x75,0x6e,0x69,0x66,0x6f,0x72,0x6d,0x3e,0x20,0x78,0x5f,
    0x31,0x33,0x20,0x3a,0x20,0x66,0x6c,0x6f,0x77,0x5f,0x70,0x61,0x72,0x61,0x6d,0x73,
    0x3b,0x0a,0x0a,0x40,0x62,0x69,0x6e,0x64,0x69,0x6e,0x67,0x28,0x30,0x29,0x20,0x40,
    0x67,0x72,0x6f,0x75,0x70,0x28,0x31,0x29,0x20,0x76,0x61,0x72,0x20,0x76,0x65,0x6c,
    0x6f,0x63,0x69,0x74,0x79,0x54,0x65,0x78,0x20,0x3a,0x20,0x74,0x65,0x78,0x74,0x75,
    0x72,0x65,0x5f,0x32,0x64,0x3c,0x66,0x33,0x32,0x3e,0x3b,0x0a,0x0a,0x40,0x62,0x69,
    0x6e,0x64,0x69,0x6e,0x67,0x28,0x33,0x32,0x29,0x20,0x40,0x67,0x72,0x6f,0x75,0x70,
    0x28,0x31,0x29,0x20,0x76,0x61,0x72,0x20,0x76,0x65,0x6c,0x6f,0x63,0x69,0x74,0x79,
    0x53,0x6d,0x70,0x20,0x3a,0x20,0x73,0x61,0x6d,0x70,0x6c,0x65,0x72,0x3b,0x0a,0x0a,
    0x76,0x61,0x72,0x3c,0x70,0x72,0x69,0x76,0x61,0x74,0x65,0x3e,0x20,0x75,0x76,0x20,
    0x3a,0x20,0x76,0x65,0x63,0x32,0x66,0x3b,0x0a,0x0a,0x76,0x61,0x72,0x3c,0x70,0x72,
    0x69,0x76,0x61,0x74,0x65,0x3e,0x20,0x66,0x72,0x61,0x67,0x5f,0x63,0x6f,0x6c,0x6f,
    0x72,0x20,0x3a,0x20,0x76,0x65,0x63,0x34,0x66,0x3b,0x0a,0x0a,0x66,0x6e,0x20,0x6d,
    0x61,0x69,0x6e,0x5f,0x31,0x28,0x29,0x20,0x7b,0x0a,0x20,0x20,0x76,0x61,0x72,0x20,
    0x70,0x78,0x20,0x3a,0x20,0x76,0x65,0x63,0x32,0x66,0x3b,0x0a,0x20,0x20,0x76,0x61,
    0x72,0x20,0x76,0x4c,0x20,0x3a,0x20,0x66,0x33,0x32,0x3b,0x0a,0x20,0x20,0x76,0x61,
    0x72,0x20,0x76,0x52,0x20,0x3a,0x20,0x66,0x33,0x32,0x3b,0x0a,0x20,0x20,0x76,0x61,
    0x72,0x20,0x76,0x55,0x20,0x3a,0x20,0x66,0x33,0x32,0x3b,0x0a,0x20,0x20,0x76,0x61,
    0x72,0x20,0x76,0x44,0x20,0x3a,0x20,0x66,0x33,0x32,0x3b,0x0a,0x20,0x20,0x76,0x61,
    0x72,0x20,0x63,0x75,0x72,0x6c,0x20,0x3a,0x20,0x66,0x33,0x32,0x3b,0x0a,0x20,0x20,
    0x70,0x78,0x20,0x3d,0x20,0x78,0x5f,0x31,0x33,0x2e,0x74,0x65,0x78,0x65,0x6c,0x2e,
    0x78,0x79,0x3b,0x0a,0x20,0x20,0x6c,0x65,0x74,0x20,0x78,0x5f,0x33,0x34,0x20,0x3d,
    0x20,0x75,0x76,0x3b,0x0a,0x20,0x20,0x6c,0x65,0x74,0x20,0x78,0x5f,0x33,0x38,0x20,
    0x3d,0x20,0x70,0x78,0x2e,0x78,0x3b,0x0a,0x20,0x20,0x6c,0x65,0x74,0x20,0x78,0x5f,
    0x34,0x32,0x20,0x3d,0x20,0x74,0x65,0x78,0x74,0x75,0x72,0x65,0x53,0x61,0x6d,0x70,
    0x6c,0x65,0x28,0x76,0x65,0x6c,0x6f,0x63,0x69,0x74,0x79,0x54,0x65,0x78,0x2c,0x20,
    0x76,0x65,0x6c,0x6f,0x63,0x69,0x74,0x79,0x53,0x6d,0x70,0x2c,0x20,0x28,0x78,0x5f,
    0x33,0x34,0x20,0x2d,0x20,0x76,0x65,0x63,0x32,0x66,0x28,0x78,0x5f,0x33,0x38,0x2c,
    0x20,0x30,0x2e,0x30,0x66,0x29,0x29,0x29,0x3b,0x0a,0x20,0x20,0x76,0x4c,0x20,0x3d,
    0x20,0x78,0x5f,0x34,0x32,0x2e,0x79,0x3b,0x0a,0x20,0x20,0x6c,0x65,0x74,0x20,0x78,
    0x5f,0x34,0x39,0x20,0x3d,0x20,0x75,0x76,0x3b,0x0a,0x20,0x20,0x6c,0x65,0x74,0x20,
    0x78,0x5f,0x35,0x31,0x20,0x3d,0x20,0x70,0x78,0x2e,0x78,0x3b,0x0a,0x20,0x20,0x6c,
    0x65,0x74,0x20,0x78,0x5f,0x35,0x34,0x20,0x3d,0x20,0x74,0x65,0x78,0x74,0x75,0x72,
    0x65,0x53,0x61,0x6d,0x70,0x6c,0x65,0x28,0x76,0x65,0x6c,0x6f,0x63,0x69,0x74,0x79,
    0x54,0x65,0x78,0x2c,0x20,0x76,0x65,0x6c,0x6f,0x63,0x69,0x74,0x79,0x53,0x6d,0x70,
    0x2c,0x20,0x28,0x78,0x5f,0x34,0x39,0x20,0x2b,0x20,0x76,0x65,0x63,0x32,0x66,0x28,
    0x78,0x5f,0x35,0x31,0x2c,0x20,0x30,0x2e,0x30,0x66,0x29,0x29,0x29,0x3b,0x0a,0x20,
    0x20,0x76,0x52,0x20,0x3d,0x20,0x78,0x5f,0x35,0x34,0x2e,0x79,0x3b,0x0a,0x20,0x20,
    0x6c,0x65,0x74,0x20,0x78,0x5f,0x36,0x30,0x20,0x3d,0x20,0x75,0x76,0x3b,0x0a,0x20,
    0x20,0x6c,0x65,0x74,0x20,0x78,0x5f,0x36,0x32,0x20,0x3d,0x20,0x70,0x78,0x2e,0x79,
    0x3b,0x0a,0x20,0x20,0x6c,0x65,0x74,0x20,0x78,0x5f,0x36,0x35,0x20,0x3d,0x20,0x74,
    0x65,0x78,0x74,0x75,0x72,0x65,0x53,0x61,0x6d,0x70,0x6c,0x65,0x28,0x76,0x65,0x6c,
    0x6f,0x63,0x69,0x74,0x79,0x54,0x65,0x78,0x2c,0x20,0x76,0x65,0x6c,0x6f,0x63,0x69,
    0x74,0x79,0x53,0x6d,0x70,0x2c,0x20,0x28,0x78,0x5f,0x36,0x30,0x20,0x2d,0x20,0x76,
    0x65,0x63,0x32,0x66,0x28,0x30,0x2e,0x30,0x66,0x2c,0x20,0x78,0x5f,0x36,0x32,0x29,
    0x29,0x29,0x3b,0x0a,0x20,0x20,0x76,0x55,0x20,0x3d,0x20,0x78,0x5f,0x36,0x35,0x2e,
    0x78,0x3b,0x0a,0x20,0x20,0x6c,0x65,0x74,0x20,0x78,0x5f,0x37,0x31,0x20,0x3d,0x20,
    0x75,0x76,0x3b,0x0a,0x20,0x20,0x6c,0x65,0x74,0x20,0x78,0x5f,0x37,0x33,0x20,0x3d,
    0x20,0x70,0x78,0x2e,0x79,0x3b,0x0a,0x20,0x20,0x6c,0x65,0x74,0x20,0x78,0x5f,0x37,
    0x36,0x20,0x3d,0x20,0x74,0x65,0x78,0x74,0x75,0x72,0x65,0x53,0x61,0x6d,0x70,0x6c,
    0x65,0x28,0x76,0x65,0x6c,0x6f,0x63,0x69,0x74,0x79,0x54,0x65,0x78,0x2c,0x20,0x76,
    0x65,0x6c,0x6f,0x63,0x69,0x74,0x79,0x53,0x6d,0x70,0x2c,0x20,0x28,0x78,0x5f,0x37,
    0x31,0x20,0x2b,0x20,0x76,0x65,0x63,0x32,0x66,0x28,0x30,0x2e,0x30,0x66,0x2c,0x20,
    0x78,0x5f,0x37,0x33,0x29,0x29,0x29,0x3b,0x0a,0x20,0x20,0x76,0x44,0x20,0x3d,0x20,
    0x78,0x5f,0x37,0x36,0x2e,0x78,0x3b,0x0a,0x20,0x20,0x63,0x75,0x72,0x6c,0x20,0x3d,
    0x20,0x28,0x78,0x5f,0x31,0x33,0x2e,0x6f,0x70,0x74,0x69,0x6f,0x6e,0x73,0x2e,0x77,
    0x20,0x2a,0x20,0x28,0x28,0x76,0x44,0x20,0x2d,0x20,0x76,0x55,0x29,0x20,0x2d,0x20,
    0x28,0x76,0x52,0x20,0x2d,0x20,0x76,0x4c,0x29,0x29,0x29,0x3b,0x0a,0x20,0x20,0x66,
    0x72,0x61,0x67,0x5f,0x63,0x6f,0x6c,0x6f,0x72,0x20,0x3d,0x20,0x76,0x65,0x63,0x34,
    0x66,0x28,0x63,0x75,0x72,0x6c,0x2c,0x20,0x63,0x75,0x72,0x6c,0x2c,0x20,0x63,0x75,
    0x72,0x6c,0x2c,0x20,0x31,0x2e,0x30,0x66,0x29,0x3b,0x0a,0x20,0x20,0x72,0x65,0x74,
    0x75,0x72,0x6e,0x3b,0x0a,0x7d,0x0a,0x0a,0x73,0x74,0x72,0x75,0x63,0x74,0x20,0x6d,
    0x61,0x69,0x6e,0x5f,0x6f,0x75,0x74,0x20,0x7b,0x0a,0x20,0x20,0x40,0x6c,0x6f,0x63,
    0x61,0x74,0x69,0x6f,0x6e,0x28,0x30,0x29,0x0a,0x20,0x20,0x66,0x72,0x61,0x67,0x5f,
    0x63,0x6f,0x6c,0x6f,0x72,0x5f,0x31,0x20,0x3a,0x20,0x76,0x65,0x63,0x34,0x66,0x2c,
    0x0a,0x7d,0x0a,0x0a,0x40,0x66,0x72,0x61,0x67,0x6d,0x65,0x6e,0x74,0x0a,0x66,0x6e,
    0x20,0x6d,0x61,0x69,0x6e,0x28,0x40,0x6c,0x6f,0x63,0x61,0x74,0x69,0x6f,0x6e,0x28,
    0x30,0x29,0x20,0x75,0x76,0x5f,0x70,0x61,0x72,0x61,0x6d,0x20,0x3a,0x20,0x76,0x65,
    0x63,0x32,0x66,0x29,0x20,0x2d,0x3e,0x20,0x6d,0x61,0x69,0x6e,0x5f,0x6f,0x75,0x74,
    0x20,0x7b,0x0a,0x20,0x20,0x75,0x76,0x20,0x3d,0x20,0x75,0x76,0x5f,0x70,0x61,0x72,
    0x61,0x6d,0x3b,0x0a,0x20,0x20,0x6d,0x61,0x69,0x6e,0x5f,0x31,0x28,0x29,0x3b,0x0a,
    0x20,0x20,0x72,0x65,0x74,0x75,0x72,0x6e,0x20,0x6d,0x61,0x69,0x6e,0x5f,0x6f,0x75,
    0x74,0x28,0x66,0x72,0x61,0x67,0x5f,0x63,0x6f,0x6c,0x6f,0x72,0x29,0x3b,0x0a,0x7d,
    0x0a,0x00,
};
/*
    diagnostic(off, derivative_uniformity);

    struct flow_params {
      /_ @offset(0) _/
      color : vec4f,
      /_ @offset(16) _/
      resolution : vec4f,
      /_ @offset(32) _/
      texel : vec4f,
      /_ @offset(48) _/
      options : vec4f,
    }

    @binding(0) @group(0) var<uniform> x_13 : flow_params;

    @binding(1) @group(1) var curlTex : texture_2d<f32>;

    @binding(33) @group(1) var curlSmp : sampler;

    var<private> uv : vec2f;

    @binding(0) @group(1) var velocityTex : texture_2d<f32>;

    @binding(32) @group(1) var velocitySmp : sampler;

    var<private> frag_color : vec4f;

    fn main_1() {
      var px : vec2f;
      var cL : f32;
      var cR : f32;
      var cU : f32;
      var cD : f32;
      var cC : f32;
      var direction : vec2f;
      var velocity : vec2f;
      px = x_13.texel.xy;
      let x_34 = uv;
      let x_38 = px.x;
      let x_42 = textureSample(curlTex, curlSmp, (x_34 - vec2f(x_38, 0.0f)));
      cL = abs(x_42.x);
      let x_49 = uv;
      let x_51 = px.x;
      let x_54 = textureSample(curlTex, curlSmp, (x_49 + vec2f(x_51, 0.0f)));
      cR = abs(x_54.x);
      let x_61 = uv;
      let x_64 = px.y;
      let x_67 = textureSample(curlTex, curlSmp, (x_61 - vec2f(0.0f, x_64)));
      cU = abs(x_67.x);
      let x_74 = uv;
      let x_76 = px.y;
      let x_79 = textureSample(curlTex, curlSmp, (x_74 + vec2f(0.0f, x_76)));
      cD = abs(x_79.x);
      let x_86 = uv;
      let x_87 = textureSample(curlTex, curlSmp, x_86);
      cC = x_87.x;
      direction = (normalize((vec2f((cD - cU), (cR - cL)) + vec2f(0.00000099999999747524f))) * vec2f(-1.0f, 1.0f));
      let x_111 = uv;
      let x_112 = textureSample(velocityTex, velocitySmp, x_111);
      velocity = x_112.xy;
      velocity = (velocity + (((direction * cC) * x_13.options.x) * x_13.options.y));
      frag_color = vec4f(velocity.x, velocity.y, 0.0f, 1.0f);
      return;
    }

    struct main_out {
      @location(0)
      frag_color_1 : vec4f,
    }

    @fragment
    fn main(@location(0) uv_param : vec2f) -> main_out {
      uv = uv_param;
      main_1();
      return main_out(frag_color);
    }
*/
static const uint8_t fs_vorticity_force_source_wgsl[1886] = {
    0x64,0x69,0x61,0x67,0x6e,0x6f,0x73,0x74,0x69,0x63,0x28,0x6f,0x66,0x66,0x2c,0x20,
    0x64,0x65,0x72,0x69,0x76,0x61,0x74,0x69,0x76,0x65,0x5f,0x75,0x6e,0x69,0x66,0x6f,
    0x72,0x6d,0x69,0x74,0x79,0x29,0x3b,0x0a,0x0a,0x73,0x74,0x72,0x75,0x63,0x74,0x20,
    0x66,0x6c,0x6f,0x77,0x5f,0x70,0x61,0x72,0x61,0x6d,0x73,0x20,0x7b,0x0a,0x20,0x20,
    0x2f,0x2a,0x20,0x40,0x6f,0x66,0x66,0x73,0x65,0x74,0x28,0x30,0x29,0x20,0x2a,0x2f,
    0x0a,0x20,0x20,0x63,0x6f,0x6c,0x6f,0x72,0x20,0x3a,0x20,0x76,0x65,0x63,0x34,0x66,
    0x2c,0x0a,0x20,0x20,0x2f,0x2a,0x20,0x40,0x6f,0x66,0x66,0x73,0x65,0x74,0x28,0x31,
    0x36,0x29,0x20,0x2a,0x2f,0x0a,0x20,0x20,0x72,0x65,0x73,0x6f,0x6c,0x75,0x74,0x69,
    0x6f,0x6e,0x20,0x3a,0x20,0x76,0x65,0x63,0x34,0x66,0x2c,0x0a,0x20,0x20,0x2f,0x2a,
    0x20,0x40,0x6f,0x66,0x66,0x73,0x65,0x74,0x28,0x33,0x32,0x29,0x20,0x2a,0x2f,0x0a,
    0x20,0x20,0x74,0x65,0x78,0x65,0x6c,0x20,0x3a,0x20,0x76,0x65,0x63,0x34,0x66,0x2c,
    0x0a,0x20,0x20,0x2f,0x2a,0x20,0x40,0x6f,0x66,0x66,0x73,0x65,0x74,0x28,0x34,0x38,
    0x29,0x20,0x2a,0x2f,0x0a,0x20,0x20,0x6f,0x70,0x74,0x69,0x6f,0x6e,0x73,0x20,0x3a,
    0x20,0x76,0x65,0x63,0x34,0x66,0x2c,0x0a,0x7d,0x0a,0x0a,0x40,0x62,0x69,0x6e,0x64,
    0x69,0x6e,0x67,0x28,0x30,0x29,0x20,0x40,0x67,0x72,0x6f,0x75,0x70,0x28,0x30,0x29,
    0x20,0x76,0x61,0x72,0x3c,0x75,0x6e,0x69,0x66,0x6f,0x72,0x6d,0x3e,0x20,0x78,0x5f,
    0x31,0x33,0x20,0x3a,0x20,0x66,0x6c,0x6f,0x77,0x5f,0x70,0x61,0x72,0x61,0x6d,0x73,
    0x3b,0x0a,0x0a,0x40,0x62,0x69,0x6e,0x64,0x69,0x6e,0x67,0x28,0x31,0x29,0x20,0x40,
    0x67,0x72,0x6f,0x75,0x70,0x28,0x31,0x29,0x20,0x76,0x61,0x72,0x20,0x63,0x75,0x72,
    0x6c,0x54,0x65,0x78,0x20,0x3a,0x20,0x74,0x65,0x78,0x74,0x75,0x72,0x65,0x5f,0x32,
    0x64,0x3c,0x66,0x33,0x32,0x3e,0x3b,0x0a,0x0a,0x40,0x62,0x69,0x6e,0x64,0x69,0x6e,
    0x67,0x28,0x33,0x33,0x29,0x20,0x40,0x67,0x72,0x6f,0x75,0x70,0x28,0x31,0x29,0x20,
    0x76,0x61,0x72,0x20,0x63,0x75,0x72,0x6c,0x53,0x6d,0x70,0x20,0x3a,0x20,0x73,0x61,
    0x6d,0x70,0x6c,0x65,0x72,0x3b,0x0a,0x0a,0x76,0x61,0x72,0x3c,0x70,0x72,0x69,0x76,
    0x61,0x74,0x65,0x3e,0x20,0x75,0x76,0x20,0x3a,0x20,0x76,0x65,0x63,0x32,0x66,0x3b,
    0x0a,0x0a,0x40,0x62,0x69,0x6e,0x64,0x69,0x6e,0x67,0x28,0x30,0x29,0x20,0x40,0x67,
    0x72,0x6f,0x75,0x70,0x28,0x31,0x29,0x20,0x76,0x61,0x72,0x20,0x76,0x65,0x6c,0x6f,
    0x63,0x69,0x74,0x79,0x54,0x65,0x78,0x20,0x3a,0x20,0x74,0x65,0x78,0x74,0x75,0x72,
    0x65,0x5f,0x32,0x64,0x3c,0x66,0x33,0x32,0x3e,0x3b,0x0a,0x0a,0x40,0x62,0x69,0x6e,
    0x64,0x69,0x6e,0x67,0x28,0x33,0x32,0x29,0x20,0x40,0x67,0x72,0x6f,0x75,0x70,0x28,
    0x31,0x29,0x20,0x76,0x61,0x72,0x20,0x76,0x65,0x6c,0x6f,0x63,0x69,0x74,0x79,0x53,
    0x6d,0x70,0x20,0x3a,0x20,0x73,0x61,0x6d,0x70,0x6c,0x65,0x72,0x3b,0x0a,0x0a,0x76,
    0x61,0x72,0x3c,0x70,0x72,0x69,0x76,0x61,0x74,0x65,0x3e,0x20,0x66,0x72,0x61,0x67,
    0x5f,0x63,0x6f,0x6c,0x6f,0x72,0x20,0x3a,0x20,0x76,0x65,0x63,0x34,0x66,0x3b,0x0a,
    0x0a,0x66,0x6e,0x20,0x6d,0x61,0x69,0x6e,0x5f,0x31,0x28,0x29,0x20,0x7b,0x0a,0x20,
    0x20,0x76,0x61,0x72,0x20,0x70,0x78,0x20,0x3a,0x20,0x76,0x65,0x63,0x32,0x66,0x3b,
    0x0a,0x20,0x20,0x76,0x61,0x72,0x20,0x63,0x4c,0x20,0x3a,0x20,0x66,0x33,0x32,0x3b,
    0x0a,0x20,0x20,0x76,0x61,0x72,0x20,0x63,0x52,0x20,0x3a,0x20,0x66,0x33,0x32,0x3b,
    0x0a,0x20,0x20,0x76,0x61,0x72,0x20,0x63,0x55,0x20,0x3a,0x20,0x66,0x33,0x32,0x3b,
    0x0a,0x20,0x20,0x76,0x61,0x72,0x20,0x63,0x44,0x20,0x3a,0x20,0x66,0x33,0x32,0x3b,
    0x0a,0x20,0x20,0x76,0x61,0x72,0x20,0x63,0x43,0x20,0x3a,0x20,0x66,0x33,0x32,0x3b,
    0x0a,0x20,0x20,0x76,0x61,0x72,0x20,0x64,0x69,0x72,0x65,0x63,0x74,0x69,0x6f,0x6e,
    0x20,0x3a,0x20,0x76,0x65,0x63,0x32,0x66,0x3b,0x0a,0x20,0x20,0x76,0x61,0x72,0x20,
    0x76,0x65,0x6c,0x6f,0x63,0x69,0x74,0x79,0x20,0x3a,0x20,0x76,0x65,0x63,0x32,0x66,
    0x3b,0x0a,0x20,0x20,0x70,0x78,0x20,0x3d,0x20,0x78,0x5f,0x31,0x33,0x2e,0x74,0x65,
    0x78,0x65,0x6c,0x2e,0x78,0x79,0x3b,0x0a,0x20,0x20,0x6c,0x65,0x74,0x20,0x78,0x5f,
    0x33,0x34,0x20,0x3d,0x20,0x75,0x76,0x3b,0x0a,0x20,0x20,0x6c,0x65,0x74,0x20,0x78,
    0x5f,0x33,0x38,0x20,0x3d,0x20,0x70,0x78,0x2e,0x78,0x3b,0x0a,0x20,0x20,0x6c,0x65,
    0x74,0x20,0x78,0x5f,0x34,0x32,0x20,0x3d,0x20,0x74,0x65,0x78,0x74,0x75,0x72,0x65,
    0x53,0x61,0x6d,0x70,0x6c,0x65,0x28,0x63,0x75,0x72,0x6c,0x54,0x65,0x78,0x2c,0x20,
    0x63,0x75,0x72,0x6c,0x53,0x6d,0x70,0x2c,0x20,0x28,0x78,0x5f,0x33,0x34,0x20,0x2d,
    0x20,0x76,0x65,0x63,0x32,0x66,0x28,0x78,0x5f,0x33,0x38,0x2c,0x20,0x30,0x2e,0x30,
    0x66,0x29,0x29,0x29,0x3b,0x0a,0x20,0x20,0x63,0x4c,0x20,0x3d,0x20,0x61,0x62,0x73,
    0x28,0x78,0x5f,0x34,0x32,0x2e,0x78,0x29,0x3b,0x0a,0x20,0x20,0x6c,0x65,0x74,0x20,
    0x78,0x5f,0x34,0x39,0x20,0x3d,0x20,0x75,0x76,0x3b,0x0a,0x20,0x20,0x6c,0x65,0x74,
    0x20,0x78,0x5f,0x35,0x31,0x20,0x3d,0x20,0x70,0x78,0x2e,0x78,0x3b,0x0a,0x20,0x20,
    0x6c,0x65,0x74,0x20,0x78,0x5f,0x35,0x34,0x20,0x3d,0x20,0x74,0x65,0x78,0x74,0x75,
    0x72,0x65,0x53,0x61,0x6d,0x70,0x6c,0x65,0x28,0x63,0x75,0x72,0x6c,0x54,0x65,0x78,
    0x2c,0x20,0x63,0x75,0x72,0x6c,0x53,0x6d,0x70,0x2c,0x20,0x28,0x78,0x5f,0x34,0x39,
    0x20,0x2b,0x20,0x76,0x65,0x63,0x32,0x66,0x28,0x78,0x5f,0x35,0x31,0x2c,0x20,0x30,
    0x2e,0x30,0x66,0x29,0x29,0x29,0x3b,0x0a,0x20,0x20,0x63,0x52,0x20,0x3d,0x20,0x61,
    0x62,0x73,0x28,0x78,0x5f,0x35,0x34,0x2e,0x78,0x29,0x3b,0x0a,0x20,0x20,0x6c,0x65,
    0x74,0x20,0x78,0x5f,0x36,0x31,0x20,0x3d,0x20,0x75,0x76,0x3b,0x0a,0x20,0x20,0x6c,
    0x65,0x74,0x20,0x78,0x5f,0x36,0x34,0x20,0x3d,0x20,0x70,0x78,0x2e,0x79,0x3b,0x0a,
    0x20,0x20,0x6c,0x65,0x74,0x20,0x78,0x5f,0x36,0x37,0x20,0x3d,0x20,0x74,0x65,0x78,
    0x74,0x75,0x72,0x65,0x53,0x61,0x6d,0x70,0x6c,0x65,0x28,0x63,0x75,0x72,0x6c,0x54,
    0x65,0x78,0x2c,0x20,0x63,0x75,0x72,0x6c,0x53,0x6d,0x70,0x2c,0x20,0x28,0x78,0x5f,
    0x36,0x31,0x20,0x2d,0x20,0x76,0x65,0x63,0x32,0x66,0x28,0x30,0x2e,0x30,0x66,0x2c,
    0x20,0x78,0x5f,0x36,0x34,0x29,0x29,0x29,0x3b,0x0a,0x20,0x20,0x63,0x55,0x20,0x3d,
    0x20,0x61,0x62,0x73,0x28,0x78,0x5f,0x36,0x37,0x2e,0x78,0x29,0x3b,0x0a,0x20,0x20,
    0x6c,0x65,0x74,0x20,0x78,0x5f,0x37,0x34,0x20,0x3d,0x20,0x75,0x76,0x3b,0x0a,0x20,
    0x20,0x6c,0x65,0x74,0x20,0x78,0x5f,0x37,0x36,0x20,0x3d,0x20,0x70,0x78,0x2e,0x79,
    0x3b,0x0a,0x20,0x20,0x6c,0x65,0x74,0x20,0x78,0x5f,0x37,0x39,0x20,0x3d,0x20,0x74,
    0x65,0x78,0x74,0x75,0x72,0x65,0x53,0x61,0x6d,0x70,0x6c,0x65,0x28,0x63,0x75,0x72,
    0x6c,0x54,0x65,0x78,0x2c,0x20,0x63,0x75,0x72,0x6c,0x53,0x6d,0x70,0x2c,0x20,0x28,
    0x78,0x5f,0x37,0x34,0x20,0x2b,0x20,0x76,0x65,0x63,0x32,0x66,0x28,0x30,0x2e,0x30,
    0x66,0x2c,0x20,0x78,0x5f,0x37,0x36,0x29,0x29,0x29,0x3b,0x0a,0x20,0x20,0x63,0x44,
    0x20,0x3d,0x20,0x61,0x62,0x73,0x28,0x78,0x5f,0x37,0x39,0x2e,0x78,0x29,0x3b,0x0a,
    0x20,0x20,0x6c,0x65,0x74,0x20,0x78,0x5f,0x38,0x36,0x20,0x3d,0x20,0x75,0x76,0x3b,
    0x0a,0x20,0x20,0x6c,0x65,0x74,0x20,0x78,0x5f,0x38,0x37,0x20,0x3d,0x20,0x74,0x65,
    0x78,0x74,0x75,0x72,0x65,0x53,0x61,0x6d,0x70,0x6c,0x65,0x28,0x63,0x75,0x72,0x6c,
    0x54,0x65,0x78,0x2c,0x20,0x63,0x75,0x72,0x6c,0x53,0x6d,0x70,0x2c,0x20,0x78,0x5f,
    0x38,0x36,0x29,0x3b,0x0a,0x20,0x20,0x63,0x43,0x20,0x3d,0x20,0x78,0x5f,0x38,0x37,
    0x2e,0x78,0x3b,0x0a,0x20,0x20,0x64,0x69,0x72,0x65,0x63,0x74,0x69,0x6f,0x6e,0x20,
    0x3d,0x20,0x28,0x6e,0x6f,0x72,0x6d,0x61,0x6c,0x69,0x7a,0x65,0x28,0x28,0x76,0x65,
    0x63,0x32,0x66,0x28,0x28,0x63,0x44,0x20,0x2d,0x20,0x63,0x55,0x29,0x2c,0x20,0x28,
    0x63,0x52,0x20,0x2d,0x20,0x63,0x4c,0x29,0x29,0x20,0x2b,0x20,0x76,0x65,0x63,0x32,
    0x66,0x28,0x30,0x2e,0x30,0x30,0x30,0x30,0x30,0x30,0x39,0x39,0x39,0x39,0x39,0x39,
    0x39,0x39,0x37,0x34,0x37,0x35,0x32,0x34,0x66,0x29,0x29,0x29,0x20,0x2a,0x20,0x76,
    0x65,0x63,0x32,0x66,0x28,0x2d,0x31,0x2e,0x30,0x66,0x2c,0x20,0x31,0x2e,0x30,0x66,
    0x29,0x29,0x3b,0x0a,0x20,0x20,0x6c,0x65,0x74,0x20,0x78,0x5f,0x31,0x31,0x31,0x20,
    0x3d,0x20,0x75,0x76,0x3b,0x0a,0x20,0x20,0x6c,0x65,0x74,0x20,0x78,0x5f,0x31,0x31,
    0x32,0x20,0x3d,0x20,0x74,0x65,0x78,0x74,0x75,0x72,0x65,0x53,0x61,0x6d,0x70,0x6c,
    0x65,0x28,0x76,0x65,0x6c,0x6f,0x63,0x69,0x74,0x79,0x54,0x65,0x78,0x2c,0x20,0x76,
    0x65,0x6c,0x6f,0x63,0x69,0x74,0x79,0x53,0x6d,0x70,0x2c,0x20,0x78,0x5f,0x31,0x31,
    0x31,0x29,0x3b,0x0a,0x20,0x20,0x76,0x65,0x6c,0x6f,0x63,0x69,0x74,0x79,0x20,0x3d,
    0x20,0x78,0x5f,0x31,0x31,0x32,0x2e,0x78,0x79,0x3b,0x0a,0x20,0x20,0x76,0x65,0x6c,
    0x6f,0x63,0x69,0x74,0x79,0x20,0x3d,0x20,0x28,0x76,0x65,0x6c,0x6f,0x63,0x69,0x74,
    0x79,0x20,0x2b,0x20,0x28,0x28,0x28,0x64,0x69,0x72,0x65,0x63,0x74,0x69,0x6f,0x6e,
    0x20,0x2a,0x20,0x63,0x43,0x29,0x20,0x2a,0x20,0x78,0x5f,0x31,0x33,0x2e,0x6f,0x70,
    0x74,0x69,0x6f,0x6e,0x73,0x2e,0x78,0x29,0x20,0x2a,0x20,0x78,0x5f,0x31,0x33,0x2e,
    0x6f,0x70,0x74,0x69,0x6f,0x6e,0x73,0x2e,0x79,0x29,0x29,0x3b,0x0a,0x20,0x20,0x66,
    0x72,0x61,0x67,0x5f,0x63,0x6f,0x6c,0x6f,0x72,0x20,0x3d,0x20,0x76,0x65,0x63,0x34,
    0x66,0x28,0x76,0x65,0x6c,0x6f,0x63,0x69,0x74,0x79,0x2e,0x78,0x2c,0x20,0x76,0x65,
    0x6c,0x6f,0x63,0x69,0x74,0x79,0x2e,0x79,0x2c,0x20,0x30,0x2e,0x30,0x66,0x2c,0x20,
    0x31,0x2e,0x30,0x66,0x29,0x3b,0x0a,0x20,0x20,0x72,0x65,0x74,0x75,0x72,0x6e,0x3b,
    0x0a,0x7d,0x0a,0x0a,0x73,0x74,0x72,0x75,0x63,0x74,0x20,0x6d,0x61,0x69,0x6e,0x5f,
    0x6f,0x75,0x74,0x20,0x7b,0x0a,0x20,0x20,0x40,0x6c,0x6f,0x63,0x61,0x74,0x69,0x6f,
    0x6e,0x28,0x30,0x29,0x0a,0x20,0x20,0x66,0x72,0x61,0x67,0x5f,0x63,0x6f,0x6c,0x6f,
    0x72,0x5f,0x31,0x20,0x3a,0x20,0x76,0x65,0x63,0x34,0x66,0x2c,0x0a,0x7d,0x0a,0x0a,
    0x40,0x66,0x72,0x61,0x67,0x6d,0x65,0x6e,0x74,0x0a,0x66,0x6e,0x20,0x6d,0x61,0x69,
    0x6e,0x28,0x40,0x6c,0x6f,0x63,0x61,0x74,0x69,0x6f,0x6e,0x28,0x30,0x29,0x20,0x75,
    0x76,0x5f,0x70,0x61,0x72,0x61,0x6d,0x20,0x3a,0x20,0x76,0x65,0x63,0x32,0x66,0x29,
    0x20,0x2d,0x3e,0x20,0x6d,0x61,0x69,0x6e,0x5f,0x6f,0x75,0x74,0x20,0x7b,0x0a,0x20,
    0x20,0x75,0x76,0x20,0x3d,0x20,0x75,0x76,0x5f,0x70,0x61,0x72,0x61,0x6d,0x3b,0x0a,
    0x20,0x20,0x6d,0x61,0x69,0x6e,0x5f,0x31,0x28,0x29,0x3b,0x0a,0x20,0x20,0x72,0x65,
    0x74,0x75,0x72,0x6e,0x20,0x6d,0x61,0x69,0x6e,0x5f,0x6f,0x75,0x74,0x28,0x66,0x72,
    0x61,0x67,0x5f,0x63,0x6f,0x6c,0x6f,0x72,0x29,0x3b,0x0a,0x7d,0x0a,0x00,
};
/*
    diagnostic(off, derivative_uniformity);

    struct flow_params {
      /_ @offset(0) _/
      color : vec4f,
      /_ @offset(16) _/
      resolution : vec4f,
      /_ @offset(32) _/
      texel : vec4f,
      /_ @offset(48) _/
      options : vec4f,
    }

    @binding(0) @group(1) var velocityTex : texture_2d<f32>;

    @binding(32) @group(1) var velocitySmp : sampler;

    var<private> uv : vec2f;

    @binding(1) @group(1) var temperatureTex : texture_2d<f32>;

    @binding(33) @group(1) var temperatureSmp : sampler;

    @binding(2) @group(1) var densityTex : texture_2d<f32>;

    @binding(34) @group(1) var densitySmp : sampler;

    @binding(0) @group(0) var<uniform> x_52 : flow_params;

    var<private> frag_color : vec4f;

    fn main_1() {
      var velocity : vec2f;
      var temperature : f32;
      var density : f32;
      var lift : f32;
      let x_22 = uv;
      let x_24 = textureSample(velocityTex, velocitySmp, x_22);
      velocity = x_24.xy;
      let x_33 = uv;
      let x_34 = textureSample(temperatureTex, temperatureSmp, x_33);
      temperature = x_34.x;
      let x_44 = uv;
      let x_45 = textureSample(densityTex, densitySmp, x_44);
      density = x_45.w;
      lift = ((temperature * x_52.options.y) - (density * x_52.options.z));
      velocity.y = (velocity.y - (lift * x_52.options.x));
      frag_color = vec4f(velocity.x, velocity.y, 0.0f, 1.0f);
      return;
    }

    struct main_out {
      @location(0)
      frag_color_1 : vec4f,
    }

    @fragment
    fn main(@location(0) uv_param : vec2f) -> main_out {
      uv = uv_param;
      main_1();
      return main_out(frag_color);
    }
*/
static const uint8_t fs_buoyancy_source_wgsl[1453] = {
    0x64,0x69,0x61,0x67,0x6e,0x6f,0x73,0x74,0x69,0x63,0x28,0x6f,0x66,0x66,0x2c,0x20,
    0x64,0x65,0x72,0x69,0x76,0x61,0x74,0x69,0x76,0x65,0x5f,0x75,0x6e,0x69,0x66,0x6f,
    0x72,0x6d,0x69,0x74,0x79,0x29,0x3b,0x0a,0x0a,0x73,0x74,0x72,0x75,0x63,0x74,0x20,
    0x66,0x6c,0x6f,0x77,0x5f,0x70,0x61,0x72,0x61,0x6d,0x73,0x20,0x7b,0x0a,0x20,0x20,
    0x2f,0x2a,0x20,0x40,0x6f,0x66,0x66,0x73,0x65,0x74,0x28,0x30,0x29,0x20,0x2a,0x2f,
    0x0a,0x20,0x20,0x63,0x6f,0x6c,0x6f,0x72,0x20,0x3a,0x20,0x76,0x65,0x63,0x34,0x66,
    0x2c,0x0a,0x20,0x20,0x2f,0x2a,0x20,0x40,0x6f,0x66,0x66,0x73,0x65,0x74,0x28,0x31,
    0x36,0x29,0x20,0x2a,0x2f,0x0a,0x20,0x20,0x72,0x65,0x73,0x6f,0x6c,0x75,0x74,0x69,
    0x6f,0x6e,0x20,0x3a,0x20,0x76,0x65,0x63,0x34,0x66,0x2c,0x0a,0x20,0x20,0x2f,0x2a,
    0x20,0x40,0x6f,0x66,0x66,0x73,0x65,0x74,0x28,0x33,0x32,0x29,0x20,0x2a,0x2f,0x0a,
    0x20,0x20,0x74,0x65,0x78,0x65,0x6c,0x20,0x3a,0x20,0x76,0x65,0x63,0x34,0x66,0x2c,
    0x0a,0x20,0x20,0x2f,0x2a,0x20,0x40,0x6f,0x66,0x66,0x73,0x65,0x74,0x28,0x34,0x38,
    0x29,0x20,0x2a,0x2f,0x0a,0x20,0x20,0x6f,0x70,0x74,0x69,0x6f,0x6e,0x73,0x20,0x3a,
    0x20,0x76,0x65,0x63,0x34,0x66,0x2c,0x0a,0x7d,0x0a,0x0a,0x40,0x62,0x69,0x6e,0x64,
    0x69,0x6e,0x67,0x28,0x30,0x29,0x20,0x40,0x67,0x72,0x6f,0x75,0x70,0x28,0x31,0x29,
    0x20,0x76,0x61,0x72,0x20,0x76,0x65,0x6c,0x6f,0x63,0x69,0x74,0x79,0x54,0x65,0x78,
    0x20,0x3a,0x20,0x74,0x65,0x78,0x74,0x75,0x72,0x65,0x5f,0x32,0x64,0x3c,0x66,0x33,
    0x32,0x3e,0x3b,0x0a,0x0a,0x40,0x62,0x69,0x6e,0x64,0x69,0x6e,0x67,0x28,0x33,0x32,
    0x29,0x20,0x40,0x67,0x72,0x6f,0x75,0x70,0x28,0x31,0x29,0x20,0x76,0x61,0x72,0x20,
    0x76,0x65,0x6c,0x6f,0x63,0x69,0x74,0x79,0x53,0x6d,0x70,0x20,0x3a,0x20,0x73,0x61,
    0x6d,0x70,0x6c,0x65,0x72,0x3b,0x0a,0x0a,0x76,0x61,0x72,0x3c,0x70,0x72,0x69,0x76,
    0x61,0x74,0x65,0x3e,0x20,0x75,0x76,0x20,0x3a,0x20,0x76,0x65,0x63,0x32,0x66,0x3b,
    0x0a,0x0a,0x40,0x62,0x69,0x6e,0x64,0x69,0x6e,0x67,0x28,0x31,0x29,0x20,0x40,0x67,
    0x72,0x6f,0x75,0x70,0x28,0x31,0x29,0x20,0x76,0x61,0x72,0x20,0x74,0x65,0x6d,0x70,
    0x65,0x72,0x61,0x74,0x75,0x72,0x65,0x54,0x65,0x78,0x20,0x3a,0x20,0x74,0x65,0x78,
    0x74,0x75,0x72,0x65,0x5f,0x32,0x64,0x3c,0x66,0x33,0x32,0x3e,0x3b,0x0a,0x0a,0x40,
    0x62,0x69,0x6e,0x64,0x69,0x6e,0x67,0x28,0x33,0x33,0x29,0x20,0x40,0x67,0x72,0x6f,
    0x75,0x70,0x28,0x31,0x29,0x20,0x76,0x61,0x72,0x20,0x74,0x65,0x6d,0x70,0x65,0x72,
    0x61,0x74,0x75,0x72,0x65,0x53,0x6d,0x70,0x20,0x3a,0x20,0x73,0x61,0x6d,0x70,0x6c,
    0x65,0x72,0x3b,0x0a,0x0a,0x40,0x62,0x69,0x6e,0x64,0x69,0x6e,0x67,0x28,0x32,0x29,
    0x20,0x40,0x67,0x72,0x6f,0x75,0x70,0x28,0x31,0x29,0x20,0x76,0x61,0x72,0x20,0x64,
    0x65,0x6e,0x73,0x69,0x74,0x79,0x54,0x65,0x78,0x20,0x3a,0x20,0x74,0x65,0x78,0x74,
    0x75,0x72,0x65,0x5f,0x32,0x64,0x3c,0x66,0x33,0x32,0x3e,0x3b,0x0a,0x0a,0x40,0x62,
    0x69,0x6e,0x64,0x69,0x6e,0x67,0x28,0x33,0x34,0x29,0x20,0x40,0x67,0x72,0x6f,0x75,
    0x70,0x28,0x31,0x29,0x20,0x76,0x61,0x72,0x20,0x64,0x65,0x6e,0x73,0x69,0x74,0x79,
    0x53,0x6d,0x70,0x20,0x3a,0x20,0x73,0x61,0x6d,0x70,0x6c,0x65,0x72,0x3b,0x0a,0x0a,
    0x40,0x62,0x69,0x6e,0x64,0x69,0x6e,0x67,0x28,0x30,0x29,0x20,0x40,0x67,0x72,0x6f,
    0x75,0x70,0x28,0x30,0x29,0x20,0x76,0x61,0x72,0x3c,0x75,0x6e,0x69,0x66,0x6f,0x72,
    0x6d,0x3e,0x20,0x78,0x5f,0x35,0x32,0x20,0x3a,0x20,0x66,0x6c,0x6f,0x77,0x5f,0x70,
    0x61,0x72,0x61,0x6d,0x73,0x3b,0x0a,0x0a,0x76,0x61,0x72,0x3c,0x70,0x72,0x69,0x76,
    0x61,0x74,0x65,0x3e,0x20,0x66,0x72,0x61,0x67,0x5f,0x63,0x6f,0x6c,0x6f,0x72,0x20,
    0x3a,0x20,0x76,0x65,0x63,0x34,0x66,0x3b,0x0a,0x0a,0x66,0x6e,0x20,0x6d,0x61,0x69,
    0x6e,0x5f,0x31,0x28,0x29,0x20,0x7b,0x0a,0x20,0x20,0x76,0x61,0x72,0x20,0x76,0x65,
    0x6c,0x6f,0x63,0x69,0x74,0x79,0x20,0x3a,0x20,0x76,0x65,0x63,0x32,0x66,0x3b,0x0a,
    0x20,0x20,0x76,0x61,0x72,0x20,0x74,0x65,0x6d,0x70,0x65,0x72,0x61,0x74,0x75,0x72,
    0x65,0x20,0x3a,0x20,0x66,0x33,0x32,0x3b,0x0a,0x20,0x20,0x76,0x61,0x72,0x20,0x64,
    0x65,0x6e,0x73,0x69,0x74,0x79,0x20,0x3a,0x20,0x66,0x33,0x32,0x3b,0x0a,0x20,0x20,
    0x76,0x61,0x72,0x20,0x6c,0x69,0x66,0x74,0x20,0x3a,0x20,0x66,0x33,0x32,0x3b,0x0a,
    0x20,0x20,0x6c,0x65,0x74,0x20,0x78,0x5f,0x32,0x32,0x20,0x3d,0x20,0x75,0x76,0x3b,
    0x0a,0x20,0x20,0x6c,0x65,0x74,0x20,0x78,0x5f,0x32,0x34,0x20,0x3d,0x20,0x74,0x65,
    0x78,0x74,0x75,0x72,0x65,0x53,0x61,0x6d,0x70,0x6c,0x65,0x28,0x76,0x65,0x6c,0x6f,
    0x63,0x69,0x74,0x79,0x54,0x65,0x78,0x2c,0x20,0x76,0x65,0x6c,0x6f,0x63,0x69,0x74,
    0x79,0x53,0x6d,0x70,0x2c,0x20,0x78,0x5f,0x32,0x32,0x29,0x3b,0x0a,0x20,0x20,0x76,
    0x65,0x6c,0x6f,0x63,0x69,0x74,0x79,0x20,0x3d,0x20,0x78,0x5f,0x32,0x34,0x2e,0x78,
    0x79,0x3b,0x0a,0x20,0x20,0x6c,0x65,0x74,0x20,0x78,0x5f,0x33,0x33,0x20,0x3d,0x20,
    0x75,0x76,0x3b,0x0a,0x20,0x20,0x6c,0x65,0x74,0x20,0x78,0x5f,0x33,0x34,0x20,0x3d,
    0x20,0x74,0x65,0x78,0x74,0x75,0x72,0x65,0x53,0x61,0x6d,0x70,0x6c,0x65,0x28,0x74,
    0x65,0x6d,0x70,0x65,0x72,0x61,0x74,0x75,0x72,0x65,0x54,0x65,0x78,0x2c,0x20,0x74,
    0x65,0x6d,0x70,0x65,0x72,0x61,0x74,0x75,0x72,0x65,0x53,0x6d,0x70,0x2c,0x20,0x78,
    0x5f,0x33,0x33,0x29,0x3b,0x0a,0x20,0x20,0x74,0x65,0x6d,0x70,0x65,0x72,0x61,0x74,
    0x75,0x72,0x65,0x20,0x3d,0x20,0x78,0x5f,0x33,0x34,0x2e,0x78,0x3b,0x0a,0x20,0x20,
    0x6c,0x65,0x74,0x20,0x78,0x5f,0x34,0x34,0x20,0x3d,0x20,0x75,0x76,0x3b,0x0a,0x20,
    0x20,0x6c,0x65,0x74,0x20,0x78,0x5f,0x34,0x35,0x20,0x3d,0x20,0x74,0x65,0x78,0x74,
    0x75,0x72,0x65,0x53,0x61,0x6d,0x70,0x6c,0x65,0x28,0x64,0x65,0x6e,0x73,0x69,0x74,
    0x79,0x54,0x65,0x78,0x2c,0x20,0x64,0x65,0x6e,0x73,0x69,0x74,0x79,0x53,0x6d,0x70,
    0x2c,0x20,0x78,0x5f,0x34,0x34,0x29,0x3b,0x0a,0x20,0x20,0x64,0x65,0x6e,0x73,0x69,
    0x74,0x79,0x20,0x3d,0x20,0x78,0x5f,0x34,0x35,0x2e,0x77,0x3b,0x0a,0x20,0x20,0x6c,
    0x69,0x66,0x74,0x20,0x3d,0x20,0x28,0x28,0x74,0x65,0x6d,0x70,0x65,0x72,0x61,0x74,
    0x75,0x72,0x65,0x20,0x2a,0x20,0x78,0x5f,0x35,0x32,0x2e,0x6f,0x70,0x74,0x69,0x6f,
    0x6e,0x73,0x2e,0x79,0x29,0x20,0x2d,0x20,0x28,0x64,0x65,0x6e,0x73,0x69,0x74,0x79,
    0x20,0x2a,0x20,0x78,0x5f,0x35,0x32,0x2e,0x6f,0x70,0x74,0x69,0x6f,0x6e,0x73,0x2e,
    0x7a,0x29,0x29,0x3b,0x0a,0x20,0x20,0x76,0x65,0x6c,0x6f,0x63,0x69,0x74,0x79,0x2e,
    0x79,0x20,0x3d,0x20,0x28,0x76,0x65,0x6c,0x6f,0x63,0x69,0x74,0x79,0x2e,0x79,0x20,
    0x2d,0x20,0x28,0x6c,0x69,0x66,0x74,0x20,0x2a,0x20,0x78,0x5f,0x35,0x32,0x2e,0x6f,
    0x70,0x74,0x69,0x6f,0x6e,0x73,0x2e,0x78,0x29,0x29,0x3b,0x0a,0x20,0x20,0x66,0x72,
    0x61,0x67,0x5f,0x63,0x6f,0x6c,0x6f,0x72,0x20,0x3d,0x20,0x76,0x65,0x63,0x34,0x66,
    0x28,0x76,0x65,0x6c,0x6f,0x63,0x69,0x74,0x79,0x2e,0x78,0x2c,0x20,0x76,0x65,0x6c,
    0x6f,0x63,0x69,0x74,0x79,0x2e,0x79,0x2c,0x20,0x30,0x2e,0x30,0x66,0x2c,0x20,0x31,
    0x2e,0x30,0x66,0x29,0x3b,0x0a,0x20,0x20,0x72,0x65,0x74,0x75,0x72,0x6e,0x3b,0x0a,
    0x7d,0x0a,0x0a,0x73,0x74,0x72,0x75,0x63,0x74,0x20,0x6d,0x61,0x69,0x6e,0x5f,0x6f,
    0x75,0x74,0x20,0x7b,0x0a,0x20,0x20,0x40,0x6c,0x6f,0x63,0x61,0x74,0x69,0x6f,0x6e,
    0x28,0x30,0x29,0x0a,0x20,0x20,0x66,0x72,0x61,0x67,0x5f,0x63,0x6f,0x6c,0x6f,0x72,
    0x5f,0x31,0x20,0x3a,0x20,0x76,0x65,0x63,0x34,0x66,0x2c,0x0a,0x7d,0x0a,0x0a,0x40,
    0x66,0x72,0x61,0x67,0x6d,0x65,0x6e,0x74,0x0a,0x66,0x6e,0x20,0x6d,0x61,0x69,0x6e,
    0x28,0x40,0x6c,0x6f,0x63,0x61,0x74,0x69,0x6f,0x6e,0x28,0x30,0x29,0x20,0x75,0x76,
    0x5f,0x70,0x61,0x72,0x61,0x6d,0x20,0x3a,0x20,0x76,0x65,0x63,0x32,0x66,0x29,0x20,
    0x2d,0x3e,0x20,0x6d,0x61,0x69,0x6e,0x5f,0x6f,0x75,0x74,0x20,0x7b,0x0a,0x20,0x20,
    0x75,0x76,0x20,0x3d,0x20,0x75,0x76,0x5f,0x70,0x61,0x72,0x61,0x6d,0x3b,0x0a,0x20,
    0x20,0x6d,0x61,0x69,0x6e,0x5f,0x31,0x28,0x29,0x3b,0x0a,0x20,0x20,0x72,0x65,0x74,
    0x75,0x72,0x6e,0x20,0x6d,0x61,0x69,0x6e,0x5f,0x6f,0x75,0x74,0x28,0x66,0x72,0x61,
    0x67,0x5f,0x63,0x6f,0x6c,0x6f,0x72,0x29,0x3b,0x0a,0x7d,0x0a,0x00,
};
/*
    diagnostic(off, derivative_uniformity);

    struct flow_params {
      /_ @offset(0) _/
      color : vec4f,
      /_ @offset(16) _/
      resolution : vec4f,
      /_ @offset(32) _/
      texel : vec4f,
      /_ @offset(48) _/
      options : vec4f,
    }

    @binding(1) @group(1) var fluidSourceTex : texture_2d<f32>;

    @binding(33) @group(1) var fluidSourceSmp : sampler;

    var<private> uv : vec2f;

    @binding(0) @group(0) var<uniform> x_30 : flow_params;

    var<private> frag_color : vec4f;

    fn main_1() {
      var base : vec4f;
      var p : vec2f;
      var d : f32;
      var mask : f32;
      var value : f32;
      let x_23 = uv;
      let x_24 = textureSample(fluidSourceTex, fluidSourceSmp, x_23);
      base = x_24;
      p = (uv * x_30.resolution.xy);
      d = (length((p - x_30.texel.zw)) / max(x_30.options.z, 1.0f));
      mask = smoothstep(1.0f, 0.0f, d);
      value = max(base.x, (mask * x_30.options.x));
      frag_color = vec4f(value);
      return;
    }

    struct main_out {
      @location(0)
      frag_color_1 : vec4f,
    }

    @fragment
    fn main(@location(0) uv_param : vec2f) -> main_out {
      uv = uv_param;
      main_1();
      return main_out(frag_color);
    }
*/
static const uint8_t fs_obstacle_splat_source_wgsl[1061] = {
    0x64,0x69,0x61,0x67,0x6e,0x6f,0x73,0x74,0x69,0x63,0x28,0x6f,0x66,0x66,0x2c,0x20,
    0x64,0x65,0x72,0x69,0x76,0x61,0x74,0x69,0x76,0x65,0x5f,0x75,0x6e,0x69,0x66,0x6f,
    0x72,0x6d,0x69,0x74,0x79,0x29,0x3b,0x0a,0x0a,0x73,0x74,0x72,0x75,0x63,0x74,0x20,
    0x66,0x6c,0x6f,0x77,0x5f,0x70,0x61,0x72,0x61,0x6d,0x73,0x20,0x7b,0x0a,0x20,0x20,
    0x2f,0x2a,0x20,0x40,0x6f,0x66,0x66,0x73,0x65,0x74,0x28,0x30,0x29,0x20,0x2a,0x2f,
    0x0a,0x20,0x20,0x63,0x6f,0x6c,0x6f,0x72,0x20,0x3a,0x20,0x76,0x65,0x63,0x34,0x66,
    0x2c,0x0a,0x20,0x20,0x2f,0x2a,0x20,0x40,0x6f,0x66,0x66,0x73,0x65,0x74,0x28,0x31,
    0x36,0x29,0x20,0x2a,0x2f,0x0a,0x20,0x20,0x72,0x65,0x73,0x6f,0x6c,0x75,0x74,0x69,
    0x6f,0x6e,0x20,0x3a,0x20,0x76,0x65,0x63,0x34,0x66,0x2c,0x0a,0x20,0x20,0x2f,0x2a,
    0x20,0x40,0x6f,0x66,0x66,0x73,0x65,0x74,0x28,0x33,0x32,0x29,0x20,0x2a,0x2f,0x0a,
    0x20,0x20,0x74,0x65,0x78,0x65,0x6c,0x20,0x3a,0x20,0x76,0x65,0x63,0x34,0x66,0x2c,
    0x0a,0x20,0x20,0x2f,0x2a,0x20,0x40,0x6f,0x66,0x66,0x73,0x65,0x74,0x28,0x34,0x38,
    0x29,0x20,0x2a,0x2f,0x0a,0x20,0x20,0x6f,0x70,0x74,0x69,0x6f,0x6e,0x73,0x20,0x3a,
    0x20,0x76,0x65,0x63,0x34,0x66,0x2c,0x0a,0x7d,0x0a,0x0a,0x40,0x62,0x69,0x6e,0x64,
    0x69,0x6e,0x67,0x28,0x31,0x29,0x20,0x40,0x67,0x72,0x6f,0x75,0x70,0x28,0x31,0x29,
    0x20,0x76,0x61,0x72,0x20,0x66,0x6c,0x75,0x69,0x64,0x53,0x6f,0x75,0x72,0x63,0x65,
    0x54,0x65,0x78,0x20,0x3a,0x20,0x74,0x65,0x78,0x74,0x75,0x72,0x65,0x5f,0x32,0x64,
    0x3c,0x66,0x33,0x32,0x3e,0x3b,0x0a,0x0a,0x40,0x62,0x69,0x6e,0x64,0x69,0x6e,0x67,
    0x28,0x33,0x33,0x29,0x20,0x40,0x67,0x72,0x6f,0x75,0x70,0x28,0x31,0x29,0x20,0x76,
    0x61,0x72,0x20,0x66,0x6c,0x75,0x69,0x64,0x53,0x6f,0x75,0x72,0x63,0x65,0x53,0x6d,
    0x70,0x20,0x3a,0x20,0x73,0x61,0x6d,0x70,0x6c,0x65,0x72,0x3b,0x0a,0x0a,0x76,0x61,
    0x72,0x3c,0x70,0x72,0x69,0x76,0x61,0x74,0x65,0x3e,0x20,0x75,0x76,0x20,0x3a,0x20,
    0x76,0x65,0x63,0x32,0x66,0x3b,0x0a,0x0a,0x40,0x62,0x69,0x6e,0x64,0x69,0x6e,0x67,
    0x28,0x30,0x29,0x20,0x40,0x67,0x72,0x6f,0x75,0x70,0x28,0x30,0x29,0x20,0x76,0x61,
    0x72,0x3c,0x75,0x6e,0x69,0x66,0x6f,0x72,0x6d,0x3e,0x20,0x78,0x5f,0x33,0x30,0x20,
    0x3a,0x20,0x66,0x6c,0x6f,0x77,0x5f,0x70,0x61,0x72,0x61,0x6d,0x73,0x3b,0x0a,0x0a,
    0x76,0x61,0x72,0x3c,0x70,0x72,0x69,0x76,0x61,0x74,0x65,0x3e,0x20,0x66,0x72,0x61,
    0x67,0x5f,0x63,0x6f,0x6c,0x6f,0x72,0x20,0x3a,0x20,0x76,0x65,0x63,0x34,0x66,0x3b,
    0x0a,0x0a,0x66,0x6e,0x20,0x6d,0x61,0x69,0x6e,0x5f,0x31,0x28,0x29,0x20,0x7b,0x0a,
    0x20,0x20,0x76,0x61,0x72,0x20,0x62,0x61,0x73,0x65,0x20,0x3a,0x20,0x76,0x65,0x63,
    0x34,0x66,0x3b,0x0a,0x20,0x20,0x76,0x61,0x72,0x20,0x70,0x20,0x3a,0x20,0x76,0x65,
    0x63,0x32,0x66,0x3b,0x0a,0x20,0x20,0x76,0x61,0x72,0x20,0x64,0x20,0x3a,0x20,0x66,
    0x33,0x32,0x3b,0x0a,0x20,0x20,0x76,0x61,0x72,0x20,0x6d,0x61,0x73,0x6b,0x20,0x3a,
    0x20,0x66,0x33,0x32,0x3b,0x0a,0x20,0x20,0x76,0x61,0x72,0x20,0x76,0x61,0x6c,0x75,
    0x65,0x20,0x3a,0x20,0x66,0x33,0x32,0x3b,0x0a,0x20,0x20,0x6c,0x65,0x74,0x20,0x78,
    0x5f,0x32,0x33,0x20,0x3d,0x20,0x75,0x76,0x3b,0x0a,0x20,0x20,0x6c,0x65,0x74,0x20,
    0x78,0x5f,0x32,0x34,0x20,0x3d,0x20,0x74,0x65,0x78,0x74,0x75,0x72,0x65,0x53,0x61,
    0x6d,0x70,0x6c,0x65,0x28,0x66,0x6c,0x75,0x69,0x64,0x53,0x6f,0x75,0x72,0x63,0x65,
    0x54,0x65,0x78,0x2c,0x20,0x66,0x6c,0x75,0x69,0x64,0x53,0x6f,0x75,0x72,0x63,0x65,
    0x53,0x6d,0x70,0x2c,0x20,0x78,0x5f,0x32,0x33,0x29,0x3b,0x0a,0x20,0x20,0x62,0x61,
    0x73,0x65,0x20,0x3d,0x20,0x78,0x5f,0x32,0x34,0x3b,0x0a,0x20,0x20,0x70,0x20,0x3d,
    0x20,0x28,0x75,0x76,0x20,0x2a,0x20,0x78,0x5f,0x33,0x30,0x2e,0x72,0x65,0x73,0x6f,
    0x6c,0x75,0x74,0x69,0x6f,0x6e,0x2e,0x78,0x79,0x29,0x3b,0x0a,0x20,0x20,0x64,0x20,
    0x3d,0x20,0x28,0x6c,0x65,0x6e,0x67,0x74,0x68,0x28,0x28,0x70,0x20,0x2d,0x20,0x78,
    0x5f,0x33,0x30,0x2e,0x74,0x65,0x78,0x65,0x6c,0x2e,0x7a,0x77,0x29,0x29,0x20,0x2f,
    0x20,0x6d,0x61,0x78,0x28,0x78,0x5f,0x33,0x30,0x2e,0x6f,0x70,0x74,0x69,0x6f,0x6e,
    0x73,0x2e,0x7a,0x2c,0x20,0x31,0x2e,0x30,0x66,0x29,0x29,0x3b,0x0a,0x20,0x20,0x6d,
    0x61,0x73,0x6b,0x20,0x3d,0x20,0x73,0x6d,0x6f,0x6f,0x74,0x68,0x73,0x74,0x65,0x70,
    0x28,0x31,0x2e,0x30,0x66,0x2c,0x20,0x30,0x2e,0x30,0x66,0x2c,0x20,0x64,0x29,0x3b,
    0x0a,0x20,0x20,0x76,0x61,0x6c,0x75,0x65,0x20,0x3d,0x20,0x6d,0x61,0x78,0x28,0x62,
    0x61,0x73,0x65,0x2e,0x78,0x2c,0x20,0x28,0x6d,0x61,0x73,0x6b,0x20,0x2a,0x20,0x78,
    0x5f,0x33,0x30,0x2e,0x6f,0x70,0x74,0x69,0x6f,0x6e,0x73,0x2e,0x78,0x29,0x29,0x3b,
    0x0a,0x20,0x20,0x66,0x72,0x61,0x67,0x5f,0x63,0x6f,0x6c,0x6f,0x72,0x20,0x3d,0x20,
    0x76,0x65,0x63,0x34,0x66,0x28,0x76,0x61,0x6c,0x75,0x65,0x29,0x3b,0x0a,0x20,0x20,
    0x72,0x65,0x74,0x75,0x72,0x6e,0x3b,0x0a,0x7d,0x0a,0x0a,0x73,0x74,0x72,0x75,0x63,
    0x74,0x20,0x6d,0x61,0x69,0x6e,0x5f,0x6f,0x75,0x74,0x20,0x7b,0x0a,0x20,0x20,0x40,
    0x6c,0x6f,0x63,0x61,0x74,0x69,0x6f,0x6e,0x28,0x30,0x29,0x0a,0x20,0x20,0x66,0x72,
    0x61,0x67,0x5f,0x63,0x6f,0x6c,0x6f,0x72,0x5f,0x31,0x20,0x3a,0x20,0x76,0x65,0x63,
    0x34,0x66,0x2c,0x0a,0x7d,0x0a,0x0a,0x40,0x66,0x72,0x61,0x67,0x6d,0x65,0x6e,0x74,
    0x0a,0x66,0x6e,0x20,0x6d,0x61,0x69,0x6e,0x28,0x40,0x6c,0x6f,0x63,0x61,0x74,0x69,
    0x6f,0x6e,0x28,0x30,0x29,0x20,0x75,0x76,0x5f,0x70,0x61,0x72,0x61,0x6d,0x20,0x3a,
    0x20,0x76,0x65,0x63,0x32,0x66,0x29,0x20,0x2d,0x3e,0x20,0x6d,0x61,0x69,0x6e,0x5f,
    0x6f,0x75,0x74,0x20,0x7b,0x0a,0x20,0x20,0x75,0x76,0x20,0x3d,0x20,0x75,0x76,0x5f,
    0x70,0x61,0x72,0x61,0x6d,0x3b,0x0a,0x20,0x20,0x6d,0x61,0x69,0x6e,0x5f,0x31,0x28,
    0x29,0x3b,0x0a,0x20,0x20,0x72,0x65,0x74,0x75,0x72,0x6e,0x20,0x6d,0x61,0x69,0x6e,
    0x5f,0x6f,0x75,0x74,0x28,0x66,0x72,0x61,0x67,0x5f,0x63,0x6f,0x6c,0x6f,0x72,0x29,
    0x3b,0x0a,0x7d,0x0a,0x00,
};
/*
    diagnostic(off, derivative_uniformity);

    struct flow_params {
      /_ @offset(0) _/
      color : vec4f,
      /_ @offset(16) _/
      resolution : vec4f,
      /_ @offset(32) _/
      texel : vec4f,
      /_ @offset(48) _/
      options : vec4f,
    }

    @binding(0) @group(0) var<uniform> x_13 : flow_params;

    @binding(0) @group(1) var obstacleOffsetSourceTex : texture_2d<f32>;

    @binding(32) @group(1) var obstacleOffsetSourceSmp : sampler;

    var<private> uv : vec2f;

    var<private> frag_color : vec4f;

    fn main_1() {
      var px : vec2f;
      var oU : f32;
      var oD : f32;
      var oR : f32;
      var oL : f32;
      px = x_13.texel.xy;
      let x_34 = uv;
      let x_39 = px.y;
      let x_42 = textureSample(obstacleOffsetSourceTex, obstacleOffsetSourceSmp, (x_34 - vec2f(0.0f, x_39)));
      oU = x_42.x;
      let x_49 = uv;
      let x_51 = px.y;
      let x_54 = textureSample(obstacleOffsetSourceTex, obstacleOffsetSourceSmp, (x_49 + vec2f(0.0f, x_51)));
      oD = x_54.x;
      let x_60 = uv;
      let x_62 = px.x;
      let x_65 = textureSample(obstacleOffsetSourceTex, obstacleOffsetSourceSmp, (x_60 + vec2f(x_62, 0.0f)));
      oR = x_65.x;
      let x_71 = uv;
      let x_73 = px.x;
      let x_76 = textureSample(obstacleOffsetSourceTex, obstacleOffsetSourceSmp, (x_71 - vec2f(x_73, 0.0f)));
      oL = x_76.x;
      frag_color = step(vec4f(x_13.options.y), vec4f(oU, oD, oR, oL));
      return;
    }

    struct main_out {
      @location(0)
      frag_color_1 : vec4f,
    }

    @fragment
    fn main(@location(0) uv_param : vec2f) -> main_out {
      uv = uv_param;
      main_1();
      return main_out(frag_color);
    }
*/
static const uint8_t fs_obstacle_offset_source_wgsl[1480] = {
    0x64,0x69,0x61,0x67,0x6e,0x6f,0x73,0x74,0x69,0x63,0x28,0x6f,0x66,0x66,0x2c,0x20,
    0x64,0x65,0x72,0x69,0x76,0x61,0x74,0x69,0x76,0x65,0x5f,0x75,0x6e,0x69,0x66,0x6f,
    0x72,0x6d,0x69,0x74,0x79,0x29,0x3b,0x0a,0x0a,0x73,0x74,0x72,0x75,0x63,0x74,0x20,
    0x66,0x6c,0x6f,0x77,0x5f,0x70,0x61,0x72,0x61,0x6d,0x73,0x20,0x7b,0x0a,0x20,0x20,
    0x2f,0x2a,0x20,0x40,0x6f,0x66,0x66,0x73,0x65,0x74,0x28,0x30,0x29,0x20,0x2a,0x2f,
    0x0a,0x20,0x20,0x63,0x6f,0x6c,0x6f,0x72,0x20,0x3a,0x20,0x76,0x65,0x63,0x34,0x66,
    0x2c,0x0a,0x20,0x20,0x2f,0x2a,0x20,0x40,0x6f,0x66,0x66,0x73,0x65,0x74,0x28,0x31,
    0x36,0x29,0x20,0x2a,0x2f,0x0a,0x20,0x20,0x72,0x65,0x73,0x6f,0x6c,0x75,0x74,0x69,
    0x6f,0x6e,0x20,0x3a,0x20,0x76,0x65,0x63,0x34,0x66,0x2c,0x0a,0x20,0x20,0x2f,0x2a,
    0x20,0x40,0x6f,0x66,0x66,0x73,0x65,0x74,0x28,0x33,0x32,0x29,0x20,0x2a,0x2f,0x0a,
    0x20,0x20,0x74,0x65,0x78,0x65,0x6c,0x20,0x3a,0x20,0x76,0x65,0x63,0x34,0x66,0x2c,
    0x0a,0x20,0x20,0x2f,0x2a,0x20,0x40,0x6f,0x66,0x66,0x73,0x65,0x74,0x28,0x34,0x38,
    0x29,0x20,0x2a,0x2f,0x0a,0x20,0x20,0x6f,0x70,0x74,0x69,0x6f,0x6e,0x73,0x20,0x3a,
    0x20,0x76,0x65,0x63,0x34,0x66,0x2c,0x0a,0x7d,0x0a,0x0a,0x40,0x62,0x69,0x6e,0x64,
    0x69,0x6e,0x67,0x28,0x30,0x29,0x20,0x40,0x67,0x72,0x6f,0x75,0x70,0x28,0x30,0x29,
    0x20,0x76,0x61,0x72,0x3c,0x75,0x6e,0x69,0x66,0x6f,0x72,0x6d,0x3e,0x20,0x78,0x5f,
    0x31,0x33,0x20,0x3a,0x20,0x66,0x6c,0x6f,0x77,0x5f,0x70,0x61,0x72,0x61,0x6d,0x73,
    0x3b,0x0a,0x0a,0x40,0x62,0x69,0x6e,0x64,0x69,0x6e,0x67,0x28,0x30,0x29,0x20,0x40,
    0x67,0x72,0x6f,0x75,0x70,0x28,0x31,0x29,0x20,0x76,0x61,0x72,0x20,0x6f,0x62,0x73,
    0x74,0x61,0x63,0x6c,0x65,0x4f,0x66,0x66,0x73,0x65,0x74,0x53,0x6f,0x75,0x72,0x63,
    0x65,0x54,0x65,0x78,0x20,0x3a,0x20,0x74,0x65,0x78,0x74,0x75,0x72,0x65,0x5f,0x32,
    0x64,0x3c,0x66,0x33,0x32,0x3e,0x3b,0x0a,0x0a,0x40,0x62,0x69,0x6e,0x64,0x69,0x6e,
    0x67,0x28,0x33,0x32,0x29,0x20,0x40,0x67,0x72,0x6f,0x75,0x70,0x28,0x31,0x29,0x20,
    0x76,0x61,0x72,0x20,0x6f,0x62,0x73,0x74,0x61,0x63,0x6c,0x65,0x4f,0x66,0x66,0x73,
    0x65,0x74,0x53,0x6f,0x75,0x72,0x63,0x65,0x53,0x6d,0x70,0x20,0x3a,0x20,0x73,0x61,
    0x6d,0x70,0x6c,0x65,0x72,0x3b,0x0a,0x0a,0x76,0x61,0x72,0x3c,0x70,0x72,0x69,0x76,
    0x61,0x74,0x65,0x3e,0x20,0x75,0x76,0x20,0x3a,0x20,0x76,0x65,0x63,0x32,0x66,0x3b,
    0x0a,0x0a,0x76,0x61,0x72,0x3c,0x70,0x72,0x69,0x76,0x61,0x74,0x65,0x3e,0x20,0x66,
    0x72,0x61,0x67,0x5f,0x63,0x6f,0x6c,0x6f,0x72,0x20,0x3a,0x20,0x76,0x65,0x63,0x34,
    0x66,0x3b,0x0a,0x0a,0x66,0x6e,0x20,0x6d,0x61,0x69,0x6e,0x5f,0x31,0x28,0x29,0x20,
    0x7b,0x0a,0x20,0x20,0x76,0x61,0x72,0x20,0x70,0x78,0x20,0x3a,0x20,0x76,0x65,0x63,
    0x32,0x66,0x3b,0x0a,0x20,0x20,0x76,0x61,0x72,0x20,0x6f,0x55,0x20,0x3a,0x20,0x66,
    0x33,0x32,0x3b,0x0a,0x20,0x20,0x76,0x61,0x72,0x20,0x6f,0x44,0x20,0x3a,0x20,0x66,
    0x33,0x32,0x3b,0x0a,0x20,0x20,0x76,0x61,0x72,0x20,0x6f,0x52,0x20,0x3a,0x20,0x66,
    0x33,0x32,0x3b,0x0a,0x20,0x20,0x76,0x61,0x72,0x20,0x6f,0x4c,0x20,0x3a,0x20,0x66,
    0x33,0x32,0x3b,0x0a,0x20,0x20,0x70,0x78,0x20,0x3d,0x20,0x78,0x5f,0x31,0x33,0x2e,
    0x74,0x65,0x78,0x65,0x6c,0x2e,0x78,0x79,0x3b,0x0a,0x20,0x20,0x6c,0x65,0x74,0x20,
    0x78,0x5f,0x33,0x34,0x20,0x3d,0x20,0x75,0x76,0x3b,0x0a,0x20,0x20,0x6c,0x65,0x74,
    0x20,0x78,0x5f,0x33,0x39,0x20,0x3d,0x20,0x70,0x78,0x2e,0x79,0x3b,0x0a,0x20,0x20,
    0x6c,0x65,0x74,0x20,0x78,0x5f,0x34,0x32,0x20,0x3d,0x20,0x74,0x65,0x78,0x74,0x75,
    0x72,0x65,0x53,0x61,0x6d,0x70,0x6c,0x65,0x28,0x6f,0x62,0x73,0x74,0x61,0x63,0x6c,
    0x65,0x4f,0x66,0x66,0x73,0x65,0x74,0x53,0x6f,0x75,0x72,0x63,0x65,0x54,0x65,0x78,
    0x2c,0x20,0x6f,0x62,0x73,0x74,0x61,0x63,0x6c,0x65,0x4f,0x66,0x66,0x73,0x65,0x74,
    0x53,0x6f,0x75,0x72,0x63,0x65,0x53,0x6d,0x70,0x2c,0x20,0x28,0x78,0x5f,0x33,0x34,
    0x20,0x2d,0x20,0x76,0x65,0x63,0x32,0x66,0x28,0x30,0x2e,0x30,0x66,0x2c,0x20,0x78,
    0x5f,0x33,0x39,0x29,0x29,0x29,0x3b,0x0a,0x20,0x20,0x6f,0x55,0x20,0x3d,0x20,0x78,
    0x5f,0x34,0x32,0x2e,0x78,0x3b,0x0a,0x20,0x20,0x6c,0x65,0x74,0x20,0x78,0x5f,0x34,
    0x39,0x20,0x3d,0x20,0x75,0x76,0x3b,0x0a,0x20,0x20,0x6c,0x65,0x74,0x20,0x78,0x5f,
    0x35,0x31,0x20,0x3d,0x20,0x70,0x78,0x2e,0x79,0x3b,0x0a,0x20,0x20,0x6c,0x65,0x74,
    0x20,0x78,0x5f,0x35,0x34,0x20,0x3d,0x20,0x74,0x65,0x78,0x74,0x75,0x72,0x65,0x53,
    0x61,0x6d,0x70,0x6c,0x65,0x28,0x6f,0x62,0x73,0x74,0x61,0x63,0x6c,0x65,0x4f,0x66,
    0x66,0x73,0x65,0x74,0x53,0x6f,0x75,0x72,0x63,0x65,0x54,0x65,0x78,0x2c,0x20,0x6f,
    0x62,0x73,0x74,0x61,0x63,0x6c,0x65,0x4f,0x66,0x66,0x73,0x65,0x74,0x53,0x6f,0x75,
    0x72,0x63,0x65,0x53,0x6d,0x70,0x2c,0x20,0x28,0x78,0x5f,0x34,0x39,0x20,0x2b,0x20,
    0x76,0x65,0x63,0x32,0x66,0x28,0x30,0x2e,0x30,0x66,0x2c,0x20,0x78,0x5f,0x35,0x31,
    0x29,0x29,0x29,0x3b,0x0a,0x20,0x20,0x6f,0x44,0x20,0x3d,0x20,0x78,0x5f,0x35,0x34,
    0x2e,0x78,0x3b,0x0a,0x20,0x20,0x6c,0x65,0x74,0x20,0x78,0x5f,0x36,0x30,0x20,0x3d,
    0x20,0x75,0x76,0x3b,0x0a,0x20,0x20,0x6c,0x65,0x74,0x20,0x78,0x5f,0x36,0x32,0x20,
    0x3d,0x20,0x70,0x78,0x2e,0x78,0x3b,0x0a,0x20,0x20,0x6c,0x65,0x74,0x20,0x78,0x5f,
    0x36,0x35,0x20,0x3d,0x20,0x74,0x65,0x78,0x74,0x75,0x72,0x65,0x53,0x61,0x6d,0x70,
    0x6c,0x65,0x28,0x6f,0x62,0x73,0x74,0x61,0x63,0x6c,0x65,0x4f,0x66,0x66,0x73,0x65,
    0x74,0x53,0x6f,0x75,0x72,0x63,0x65,0x54,0x65,0x78,0x2c,0x20,0x6f,0x62,0x73,0x74,
    0x61,0x63,0x6c,0x65,0x4f,0x66,0x66,0x73,0x65,0x74,0x53,0x6f,0x75,0x72,0x63,0x65,
    0x53,0x6d,0x70,0x2c,0x20,0x28,0x78,0x5f,0x36,0x30,0x20,0x2b,0x20,0x76,0x65,0x63,
    0x32,0x66,0x28,0x78,0x5f,0x36,0x32,0x2c,0x20,0x30,0x2e,0x30,0x66,0x29,0x29,0x29,
    0x3b,0x0a,0x20,0x20,0x6f,0x52,0x20,0x3d,0x20,0x78,0x5f,0x36,0x35,0x2e,0x78,0x3b,
    0x0a,0x20,0x20,0x6c,0x65,0x74,0x20,0x78,0x5f,0x37,0x31,0x20,0x3d,0x20,0x75,0x76,
    0x3b,0x0a,0x20,0x20,0x6c,0x65,0x74,0x20,0x78,0x5f,0x37,0x33,0x20,0x3d,0x20,0x70,
    0x78,0x2e,0x78,0x3b,0x0a,0x20,0x20,0x6c,0x65,0x74,0x20,0x78,0x5f,0x37,0x36,0x20,
    0x3d,0x20,0x74,0x65,0x78,0x74,0x75,0x72,0x65,0x53,0x61,0x6d,0x70,0x6c,0x65,0x28,
    0x6f,0x62,0x73,0x74,0x61,0x63,0x6c,0x65,0x4f,0x66,0x66,0x73,0x65,0x74,0x53,0x6f,
    0x75,0x72,0x63,0x65,0x54,0x65,0x78,0x2c,0x20,0x6f,0x62,0x73,0x74,0x61,0x63,0x6c,
    0x65,0x4f,0x66,0x66,0x73,0x65,0x74,0x53,0x6f,0x75,0x72,0x63,0x65,0x53,0x6d,0x70,
    0x2c,0x20,0x28,0x78,0x5f,0x37,0x31,0x20,0x2d,0x20,0x76,0x65,0x63,0x32,0x66,0x28,
    0x78,0x5f,0x37,0x33,0x2c,0x20,0x30,0x2e,0x30,0x66,0x29,0x29,0x29,0x3b,0x0a,0x20,
    0x20,0x6f,0x4c,0x20,0x3d,0x20,0x78,0x5f,0x37,0x36,0x2e,0x78,0x3b,0x0a,0x20,0x20,
    0x66,0x72,0x61,0x67,0x5f,0x63,0x6f,0x6c,0x6f,0x72,0x20,0x3d,0x20,0x73,0x74,0x65,
    0x70,0x28,0x76,0x65,0x63,0x34,0x66,0x28,0x78,0x5f,0x31,0x33,0x2e,0x6f,0x70,0x74,
    0x69,0x6f,0x6e,0x73,0x2e,0x79,0x29,0x2c,0x20,0x76,0x65,0x63,0x34,0x66,0x28,0x6f,
    0x55,0x2c,0x20,0x6f,0x44,0x2c,0x20,0x6f,0x52,0x2c,0x20,0x6f,0x4c,0x29,0x29,0x3b,
    0x0a,0x20,0x20,0x72,0x65,0x74,0x75,0x72,0x6e,0x3b,0x0a,0x7d,0x0a,0x0a,0x73,0x74,
    0x72,0x75,0x63,0x74,0x20,0x6d,0x61,0x69,0x6e,0x5f,0x6f,0x75,0x74,0x20,0x7b,0x0a,
    0x20,0x20,0x40,0x6c,0x6f,0x63,0x61,0x74,0x69,0x6f,0x6e,0x28,0x30,0x29,0x0a,0x20,
    0x20,0x66,0x72,0x61,0x67,0x5f,0x63,0x6f,0x6c,0x6f,0x72,0x5f,0x31,0x20,0x3a,0x20,
    0x76,0x65,0x63,0x34,0x66,0x2c,0x0a,0x7d,0x0a,0x0a,0x40,0x66,0x72,0x61,0x67,0x6d,
    0x65,0x6e,0x74,0x0a,0x66,0x6e,0x20,0x6d,0x61,0x69,0x6e,0x28,0x40,0x6c,0x6f,0x63,
    0x61,0x74,0x69,0x6f,0x6e,0x28,0x30,0x29,0x20,0x75,0x76,0x5f,0x70,0x61,0x72,0x61,
    0x6d,0x20,0x3a,0x20,0x76,0x65,0x63,0x32,0x66,0x29,0x20,0x2d,0x3e,0x20,0x6d,0x61,
    0x69,0x6e,0x5f,0x6f,0x75,0x74,0x20,0x7b,0x0a,0x20,0x20,0x75,0x76,0x20,0x3d,0x20,
    0x75,0x76,0x5f,0x70,0x61,0x72,0x61,0x6d,0x3b,0x0a,0x20,0x20,0x6d,0x61,0x69,0x6e,
    0x5f,0x31,0x28,0x29,0x3b,0x0a,0x20,0x20,0x72,0x65,0x74,0x75,0x72,0x6e,0x20,0x6d,
    0x61,0x69,0x6e,0x5f,0x6f,0x75,0x74,0x28,0x66,0x72,0x61,0x67,0x5f,0x63,0x6f,0x6c,
    0x6f,0x72,0x29,0x3b,0x0a,0x7d,0x0a,0x00,
};
/*
    diagnostic(off, derivative_uniformity);

    struct flow_params {
      /_ @offset(0) _/
      color : vec4f,
      /_ @offset(16) _/
      resolution : vec4f,
      /_ @offset(32) _/
      texel : vec4f,
      /_ @offset(48) _/
      options : vec4f,
    }

    @binding(0) @group(1) var obstacleApplySourceTex : texture_2d<f32>;

    @binding(32) @group(1) var obstacleApplySourceSmp : sampler;

    var<private> uv : vec2f;

    @binding(1) @group(1) var obstacleTex : texture_2d<f32>;

    @binding(33) @group(1) var obstacleSmp : sampler;

    @binding(0) @group(0) var<uniform> x_41 : flow_params;

    var<private> frag_color : vec4f;

    fn main_1() {
      var value : vec4f;
      var obstacle : f32;
      var keep : f32;
      let x_23 = uv;
      let x_24 = textureSample(obstacleApplySourceTex, obstacleApplySourceSmp, x_23);
      value = x_24;
      let x_32 = uv;
      let x_33 = textureSample(obstacleTex, obstacleSmp, x_32);
      obstacle = x_33.x;
      keep = (1.0f - step(x_41.options.y, obstacle));
      frag_color = (value * keep);
      return;
    }

    struct main_out {
      @location(0)
      frag_color_1 : vec4f,
    }

    @fragment
    fn main(@location(0) uv_param : vec2f) -> main_out {
      uv = uv_param;
      main_1();
      return main_out(frag_color);
    }
*/
static const uint8_t fs_apply_obstacle_source_wgsl[1143] = {
    0x64,0x69,0x61,0x67,0x6e,0x6f,0x73,0x74,0x69,0x63,0x28,0x6f,0x66,0x66,0x2c,0x20,
    0x64,0x65,0x72,0x69,0x76,0x61,0x74,0x69,0x76,0x65,0x5f,0x75,0x6e,0x69,0x66,0x6f,
    0x72,0x6d,0x69,0x74,0x79,0x29,0x3b,0x0a,0x0a,0x73,0x74,0x72,0x75,0x63,0x74,0x20,
    0x66,0x6c,0x6f,0x77,0x5f,0x70,0x61,0x72,0x61,0x6d,0x73,0x20,0x7b,0x0a,0x20,0x20,
    0x2f,0x2a,0x20,0x40,0x6f,0x66,0x66,0x73,0x65,0x74,0x28,0x30,0x29,0x20,0x2a,0x2f,
    0x0a,0x20,0x20,0x63,0x6f,0x6c,0x6f,0x72,0x20,0x3a,0x20,0x76,0x65,0x63,0x34,0x66,
    0x2c,0x0a,0x20,0x20,0x2f,0x2a,0x20,0x40,0x6f,0x66,0x66,0x73,0x65,0x74,0x28,0x31,
    0x36,0x29,0x20,0x2a,0x2f,0x0a,0x20,0x20,0x72,0x65,0x73,0x6f,0x6c,0x75,0x74,0x69,
    0x6f,0x6e,0x20,0x3a,0x20,0x76,0x65,0x63,0x34,0x66,0x2c,0x0a,0x20,0x20,0x2f,0x2a,
    0x20,0x40,0x6f,0x66,0x66,0x73,0x65,0x74,0x28,0x33,0x32,0x29,0x20,0x2a,0x2f,0x0a,
    0x20,0x20,0x74,0x65,0x78,0x65,0x6c,0x20,0x3a,0x20,0x76,0x65,0x63,0x34,0x66,0x2c,
    0x0a,0x20,0x20,0x2f,0x2a,0x20,0x40,0x6f,0x66,0x66,0x73,0x65,0x74,0x28,0x34,0x38,
    0x29,0x20,0x2a,0x2f,0x0a,0x20,0x20,0x6f,0x70,0x74,0x69,0x6f,0x6e,0x73,0x20,0x3a,
    0x20,0x76,0x65,0x63,0x34,0x66,0x2c,0x0a,0x7d,0x0a,0x0a,0x40,0x62,0x69,0x6e,0x64,
    0x69,0x6e,0x67,0x28,0x30,0x29,0x20,0x40,0x67,0x72,0x6f,0x75,0x70,0x28,0x31,0x29,
    0x20,0x76,0x61,0x72,0x20,0x6f,0x62,0x73,0x74,0x61,0x63,0x6c,0x65,0x41,0x70,0x70,
    0x6c,0x79,0x53,0x6f,0x75,0x72,0x63,0x65,0x54,0x65,0x78,0x20,0x3a,0x20,0x74,0x65,
    0x78,0x74,0x75,0x72,0x65,0x5f,0x32,0x64,0x3c,0x66,0x33,0x32,0x3e,0x3b,0x0a,0x0a,
    0x40,0x62,0x69,0x6e,0x64,0x69,0x6e,0x67,0x28,0x33,0x32,0x29,0x20,0x40,0x67,0x72,
    0x6f,0x75,0x70,0x28,0x31,0x29,0x20,0x76,0x61,0x72,0x20,0x6f,0x62,0x73,0x74,0x61,
    0x63,0x6c,0x65,0x41,0x70,0x70,0x6c,0x79,0x53,0x6f,0x75,0x72,0x63,0x65,0x53,0x6d,
    0x70,0x20,0x3a,0x20,0x73,0x61,0x6d,0x70,0x6c,0x65,0x72,0x3b,0x0a,0x0a,0x76,0x61,
    0x72,0x3c,0x70,0x72,0x69,0x76,0x61,0x74,0x65,0x3e,0x20,0x75,0x76,0x20,0x3a,0x20,
    0x76,0x65,0x63,0x32,0x66,0x3b,0x0a,0x0a,0x40,0x62,0x69,0x6e,0x64,0x69,0x6e,0x67,
    0x28,0x31,0x29,0x20,0x40,0x67,0x72,0x6f,0x75,0x70,0x28,0x31,0x29,0x20,0x76,0x61,
    0x72,0x20,0x6f,0x62,0x73,0x74,0x61,0x63,0x6c,0x65,0x54,0x65,0x78,0x20,0x3a,0x20,
    0x74,0x65,0x78,0x74,0x75,0x72,0x65,0x5f,0x32,0x64,0x3c,0x66,0x33,0x32,0x3e,0x3b,
    0x0a,0x0a,0x40,0x62,0x69,0x6e,0x64,0x69,0x6e,0x67,0x28,0x33,0x33,0x29,0x20,0x40,
    0x67,0x72,0x6f,0x75,0x70,0x28,0x31,0x29,0x20,0x76,0x61,0x72,0x20,0x6f,0x62,0x73,
    0x74,0x61,0x63,0x6c,0x65,0x53,0x6d,0x70,0x20,0x3a,0x20,0x73,0x61,0x6d,0x70,0x6c,
    0x65,0x72,0x3b,0x0a,0x0a,0x40,0x62,0x69,0x6e,0x64,0x69,0x6e,0x67,0x28,0x30,0x29,
    0x20,0x40,0x67,0x72,0x6f,0x75,0x70,0x28,0x30,0x29,0x20,0x76,0x61,0x72,0x3c,0x75,
    0x6e,0x69,0x66,0x6f,0x72,0x6d,0x3e,0x20,0x78,0x5f,0x34,0x31,0x20,0x3a,0x20,0x66,
    0x6c,0x6f,0x77,0x5f,0x70,0x61,0x72,0x61,0x6d,0x73,0x3b,0x0a,0x0a,0x76,0x61,0x72,
    0x3c,0x70,0x72,0x69,0x76,0x61,0x74,0x65,0x3e,0x20,0x66,0x72,0x61,0x67,0x5f,0x63,
    0x6f,0x6c,0x6f,0x72,0x20,0x3a,0x20,0x76,0x65,0x63,0x34,0x66,0x3b,0x0a,0x0a,0x66,
    0x6e,0x20,0x6d,0x61,0x69,0x6e,0x5f,0x31,0x28,0x29,0x20,0x7b,0x0a,0x20,0x20,0x76,
    0x61,0x72,0x20,0x76,0x61,0x6c,0x75,0x65,0x20,0x3a,0x20,0x76,0x65,0x63,0x34,0x66,
    0x3b,0x0a,0x20,0x20,0x76,0x61,0x72,0x20,0x6f,0x62,0x73,0x74,0x61,0x63,0x6c,0x65,
    0x20,0x3a,0x20,0x66,0x33,0x32,0x3b,0x0a,0x20,0x20,0x76,0x61,0x72,0x20,0x6b,0x65,
    0x65,0x70,0x20,0x3a,0x20,0x66,0x33,0x32,0x3b,0x0a,0x20,0x20,0x6c,0x65,0x74,0x20,
    0x78,0x5f,0x32,0x33,0x20,0x3d,0x20,0x75,0x76,0x3b,0x0a,0x20,0x20,0x6c,0x65,0x74,
    0x20,0x78,0x5f,0x32,0x34,0x20,0x3d,0x20,0x74,0x65,0x78,0x74,0x75,0x72,0x65,0x53,
    0x61,0x6d,0x70,0x6c,0x65,0x28,0x6f,0x62,0x73,0x74,0x61,0x63,0x6c,0x65,0x41,0x70,
    0x70,0x6c,0x79,0x53,0x6f,0x75,0x72,0x63,0x65,0x54,0x65,0x78,0x2c,0x20,0x6f,0x62,
    0x73,0x74,0x61,0x63,0x6c,0x65,0x41,0x70,0x70,0x6c,0x79,0x53,0x6f,0x75,0x72,0x63,
    0x65,0x53,0x6d,0x70,0x2c,0x20,0x78,0x5f,0x32,0x33,0x29,0x3b,0x0a,0x20,0x20,0x76,
    0x61,0x6c,0x75,0x65,0x20,0x3d,0x20,0x78,0x5f,0x32,0x34,0x3b,0x0a,0x20,0x20,0x6c,
    0x65,0x74,0x20,0x78,0x5f,0x33,0x32,0x20,0x3d,0x20,0x75,0x76,0x3b,0x0a,0x20,0x20,
    0x6c,0x65,0x74,0x20,0x78,0x5f,0x33,0x33,0x20,0x3d,0x20,0x74,0x65,0x78,0x74,0x75,
    0x72,0x65,0x53,0x61,0x6d,0x70,0x6c,0x65,0x28,0x6f,0x62,0x73,0x74,0x61,0x63,0x6c,
    0x65,0x54,0x65,0x78,0x2c,0x20,0x6f,0x62,0x73,0x74,0x61,0x63,0x6c,0x65,0x53,0x6d,
    0x70,0x2c,0x20,0x78,0x5f,0x33,0x32,0x29,0x3b,0x0a,0x20,0x20,0x6f,0x62,0x73,0x74,
    0x61,0x63,0x6c,0x65,0x20,0x3d,0x20,0x78,0x5f,0x33,0x33,0x2e,0x78,0x3b,0x0a,0x20,
    0x20,0x6b,0x65,0x65,0x70,0x20,0x3d,0x20,0x28,0x31,0x2e,0x30,0x66,0x20,0x2d,0x20,
    0x73,0x74,0x65,0x70,0x28,0x78,0x5f,0x34,0x31,0x2e,0x6f,0x70,0x74,0x69,0x6f,0x6e,
    0x73,0x2e,0x79,0x2c,0x20,0x6f,0x62,0x73,0x74,0x61,0x63,0x6c,0x65,0x29,0x29,0x3b,
    0x0a,0x20,0x20,0x66,0x72,0x61,0x67,0x5f,0x63,0x6f,0x6c,0x6f,0x72,0x20,0x3d,0x20,
    0x28,0x76,0x61,0x6c,0x75,0x65,0x20,0x2a,0x20,0x6b,0x65,0x65,0x70,0x29,0x3b,0x0a,
    0x20,0x20,0x72,0x65,0x74,0x75,0x72,0x6e,0x3b,0x0a,0x7d,0x0a,0x0a,0x73,0x74,0x72,
    0x75,0x63,0x74,0x20,0x6d,0x61,0x69,0x6e,0x5f,0x6f,0x75,0x74,0x20,0x7b,0x0a,0x20,
    0x20,0x40,0x6c,0x6f,0x63,0x61,0x74,0x69,0x6f,0x6e,0x28,0x30,0x29,0x0a,0x20,0x20,
    0x66,0x72,0x61,0x67,0x5f,0x63,0x6f,0x6c,0x6f,0x72,0x5f,0x31,0x20,0x3a,0x20,0x76,
    0x65,0x63,0x34,0x66,0x2c,0x0a,0x7d,0x0a,0x0a,0x40,0x66,0x72,0x61,0x67,0x6d,0x65,
    0x6e,0x74,0x0a,0x66,0x6e,0x20,0x6d,0x61,0x69,0x6e,0x28,0x40,0x6c,0x6f,0x63,0x61,
    0x74,0x69,0x6f,0x6e,0x28,0x30,0x29,0x20,0x75,0x76,0x5f,0x70,0x61,0x72,0x61,0x6d,
    0x20,0x3a,0x20,0x76,0x65,0x63,0x32,0x66,0x29,0x20,0x2d,0x3e,0x20,0x6d,0x61,0x69,
    0x6e,0x5f,0x6f,0x75,0x74,0x20,0x7b,0x0a,0x20,0x20,0x75,0x76,0x20,0x3d,0x20,0x75,
    0x76,0x5f,0x70,0x61,0x72,0x61,0x6d,0x3b,0x0a,0x20,0x20,0x6d,0x61,0x69,0x6e,0x5f,
    0x31,0x28,0x29,0x3b,0x0a,0x20,0x20,0x72,0x65,0x74,0x75,0x72,0x6e,0x20,0x6d,0x61,
    0x69,0x6e,0x5f,0x6f,0x75,0x74,0x28,0x66,0x72,0x61,0x67,0x5f,0x63,0x6f,0x6c,0x6f,
    0x72,0x29,0x3b,0x0a,0x7d,0x0a,0x00,
};
static inline const sg_shader_desc* tcx_flow_fluid_add_density_texture_shader_desc(sg_backend backend) {
    if (backend == SG_BACKEND_GLES3) {
        static sg_shader_desc desc;
        static bool valid;
        if (!valid) {
            valid = true;
            desc.vertex_func.source = (const char*)fluid_vs_source_glsl300es;
            desc.vertex_func.entry = "main";
            desc.fragment_func.source = (const char*)fs_add_density_texture_source_glsl300es;
            desc.fragment_func.entry = "main";
            desc.attrs[0].base_type = SG_SHADERATTRBASETYPE_FLOAT;
            desc.attrs[0].glsl_name = "position";
            desc.attrs[1].base_type = SG_SHADERATTRBASETYPE_FLOAT;
            desc.attrs[1].glsl_name = "texcoord0";
            desc.uniform_blocks[0].stage = SG_SHADERSTAGE_FRAGMENT;
            desc.uniform_blocks[0].layout = SG_UNIFORMLAYOUT_STD140;
            desc.uniform_blocks[0].size = 64;
            desc.uniform_blocks[0].glsl_uniforms[0].type = SG_UNIFORMTYPE_FLOAT4;
            desc.uniform_blocks[0].glsl_uniforms[0].array_count = 4;
            desc.uniform_blocks[0].glsl_uniforms[0].glsl_name = "flow_params";
            desc.views[0].texture.stage = SG_SHADERSTAGE_FRAGMENT;
            desc.views[0].texture.image_type = SG_IMAGETYPE_2D;
            desc.views[0].texture.sample_type = SG_IMAGESAMPLETYPE_FLOAT;
            desc.views[0].texture.multisampled = false;
            desc.views[1].texture.stage = SG_SHADERSTAGE_FRAGMENT;
            desc.views[1].texture.image_type = SG_IMAGETYPE_2D;
            desc.views[1].texture.sample_type = SG_IMAGESAMPLETYPE_FLOAT;
            desc.views[1].texture.multisampled = false;
            desc.samplers[0].stage = SG_SHADERSTAGE_FRAGMENT;
            desc.samplers[0].sampler_type = SG_SAMPLERTYPE_FILTERING;
            desc.samplers[1].stage = SG_SHADERSTAGE_FRAGMENT;
            desc.samplers[1].sampler_type = SG_SAMPLERTYPE_FILTERING;
            desc.texture_sampler_pairs[0].stage = SG_SHADERSTAGE_FRAGMENT;
            desc.texture_sampler_pairs[0].view_slot = 0;
            desc.texture_sampler_pairs[0].sampler_slot = 0;
            desc.texture_sampler_pairs[0].glsl_name = "densityAddBaseTex_densityAddBaseSmp";
            desc.texture_sampler_pairs[1].stage = SG_SHADERSTAGE_FRAGMENT;
            desc.texture_sampler_pairs[1].view_slot = 1;
            desc.texture_sampler_pairs[1].sampler_slot = 1;
            desc.texture_sampler_pairs[1].glsl_name = "externalDensityTex_externalDensitySmp";
            desc.label = "tcx_flow_fluid_add_density_texture_shader";
        }
        return &desc;
    }
    if (backend == SG_BACKEND_D3D11) {
        static sg_shader_desc desc;
        static bool valid;
        if (!valid) {
            valid = true;
            desc.vertex_func.source = (const char*)fluid_vs_source_hlsl5;
            desc.vertex_func.d3d11_target = "vs_5_0";
            desc.vertex_func.entry = "main";
            desc.fragment_func.source = (const char*)fs_add_density_texture_source_hlsl5;
            desc.fragment_func.d3d11_target = "ps_5_0";
            desc.fragment_func.entry = "main";
            desc.attrs[0].base_type = SG_SHADERATTRBASETYPE_FLOAT;
            desc.attrs[0].hlsl_sem_name = "TEXCOORD";
            desc.attrs[0].hlsl_sem_index = 0;
            desc.attrs[1].base_type = SG_SHADERATTRBASETYPE_FLOAT;
            desc.attrs[1].hlsl_sem_name = "TEXCOORD";
            desc.attrs[1].hlsl_sem_index = 1;
            desc.uniform_blocks[0].stage = SG_SHADERSTAGE_FRAGMENT;
            desc.uniform_blocks[0].layout = SG_UNIFORMLAYOUT_STD140;
            desc.uniform_blocks[0].size = 64;
            desc.uniform_blocks[0].hlsl_register_b_n = 0;
            desc.views[0].texture.stage = SG_SHADERSTAGE_FRAGMENT;
            desc.views[0].texture.image_type = SG_IMAGETYPE_2D;
            desc.views[0].texture.sample_type = SG_IMAGESAMPLETYPE_FLOAT;
            desc.views[0].texture.multisampled = false;
            desc.views[0].texture.hlsl_register_t_n = 0;
            desc.views[1].texture.stage = SG_SHADERSTAGE_FRAGMENT;
            desc.views[1].texture.image_type = SG_IMAGETYPE_2D;
            desc.views[1].texture.sample_type = SG_IMAGESAMPLETYPE_FLOAT;
            desc.views[1].texture.multisampled = false;
            desc.views[1].texture.hlsl_register_t_n = 1;
            desc.samplers[0].stage = SG_SHADERSTAGE_FRAGMENT;
            desc.samplers[0].sampler_type = SG_SAMPLERTYPE_FILTERING;
            desc.samplers[0].hlsl_register_s_n = 0;
            desc.samplers[1].stage = SG_SHADERSTAGE_FRAGMENT;
            desc.samplers[1].sampler_type = SG_SAMPLERTYPE_FILTERING;
            desc.samplers[1].hlsl_register_s_n = 1;
            desc.texture_sampler_pairs[0].stage = SG_SHADERSTAGE_FRAGMENT;
            desc.texture_sampler_pairs[0].view_slot = 0;
            desc.texture_sampler_pairs[0].sampler_slot = 0;
            desc.texture_sampler_pairs[1].stage = SG_SHADERSTAGE_FRAGMENT;
            desc.texture_sampler_pairs[1].view_slot = 1;
            desc.texture_sampler_pairs[1].sampler_slot = 1;
            desc.label = "tcx_flow_fluid_add_density_texture_shader";
        }
        return &desc;
    }
    if (backend == SG_BACKEND_METAL_MACOS) {
        static sg_shader_desc desc;
        static bool valid;
        if (!valid) {
            valid = true;
            desc.vertex_func.source = (const char*)fluid_vs_source_metal_macos;
            desc.vertex_func.entry = "main0";
            desc.fragment_func.source = (const char*)fs_add_density_texture_source_metal_macos;
            desc.fragment_func.entry = "main0";
            desc.attrs[0].base_type = SG_SHADERATTRBASETYPE_FLOAT;
            desc.attrs[1].base_type = SG_SHADERATTRBASETYPE_FLOAT;
            desc.uniform_blocks[0].stage = SG_SHADERSTAGE_FRAGMENT;
            desc.uniform_blocks[0].layout = SG_UNIFORMLAYOUT_STD140;
            desc.uniform_blocks[0].size = 64;
            desc.uniform_blocks[0].msl_buffer_n = 0;
            desc.views[0].texture.stage = SG_SHADERSTAGE_FRAGMENT;
            desc.views[0].texture.image_type = SG_IMAGETYPE_2D;
            desc.views[0].texture.sample_type = SG_IMAGESAMPLETYPE_FLOAT;
            desc.views[0].texture.multisampled = false;
            desc.views[0].texture.msl_texture_n = 0;
            desc.views[1].texture.stage = SG_SHADERSTAGE_FRAGMENT;
            desc.views[1].texture.image_type = SG_IMAGETYPE_2D;
            desc.views[1].texture.sample_type = SG_IMAGESAMPLETYPE_FLOAT;
            desc.views[1].texture.multisampled = false;
            desc.views[1].texture.msl_texture_n = 1;
            desc.samplers[0].stage = SG_SHADERSTAGE_FRAGMENT;
            desc.samplers[0].sampler_type = SG_SAMPLERTYPE_FILTERING;
            desc.samplers[0].msl_sampler_n = 0;
            desc.samplers[1].stage = SG_SHADERSTAGE_FRAGMENT;
            desc.samplers[1].sampler_type = SG_SAMPLERTYPE_FILTERING;
            desc.samplers[1].msl_sampler_n = 1;
            desc.texture_sampler_pairs[0].stage = SG_SHADERSTAGE_FRAGMENT;
            desc.texture_sampler_pairs[0].view_slot = 0;
            desc.texture_sampler_pairs[0].sampler_slot = 0;
            desc.texture_sampler_pairs[1].stage = SG_SHADERSTAGE_FRAGMENT;
            desc.texture_sampler_pairs[1].view_slot = 1;
            desc.texture_sampler_pairs[1].sampler_slot = 1;
            desc.label = "tcx_flow_fluid_add_density_texture_shader";
        }
        return &desc;
    }
    if (backend == SG_BACKEND_WGPU) {
        static sg_shader_desc desc;
        static bool valid;
        if (!valid) {
            valid = true;
            desc.vertex_func.source = (const char*)fluid_vs_source_wgsl;
            desc.vertex_func.entry = "main";
            desc.fragment_func.source = (const char*)fs_add_density_texture_source_wgsl;
            desc.fragment_func.entry = "main";
            desc.attrs[0].base_type = SG_SHADERATTRBASETYPE_FLOAT;
            desc.attrs[1].base_type = SG_SHADERATTRBASETYPE_FLOAT;
            desc.uniform_blocks[0].stage = SG_SHADERSTAGE_FRAGMENT;
            desc.uniform_blocks[0].layout = SG_UNIFORMLAYOUT_STD140;
            desc.uniform_blocks[0].size = 64;
            desc.uniform_blocks[0].wgsl_group0_binding_n = 0;
            desc.views[0].texture.stage = SG_SHADERSTAGE_FRAGMENT;
            desc.views[0].texture.image_type = SG_IMAGETYPE_2D;
            desc.views[0].texture.sample_type = SG_IMAGESAMPLETYPE_FLOAT;
            desc.views[0].texture.multisampled = false;
            desc.views[0].texture.wgsl_group1_binding_n = 0;
            desc.views[1].texture.stage = SG_SHADERSTAGE_FRAGMENT;
            desc.views[1].texture.image_type = SG_IMAGETYPE_2D;
            desc.views[1].texture.sample_type = SG_IMAGESAMPLETYPE_FLOAT;
            desc.views[1].texture.multisampled = false;
            desc.views[1].texture.wgsl_group1_binding_n = 1;
            desc.samplers[0].stage = SG_SHADERSTAGE_FRAGMENT;
            desc.samplers[0].sampler_type = SG_SAMPLERTYPE_FILTERING;
            desc.samplers[0].wgsl_group1_binding_n = 32;
            desc.samplers[1].stage = SG_SHADERSTAGE_FRAGMENT;
            desc.samplers[1].sampler_type = SG_SAMPLERTYPE_FILTERING;
            desc.samplers[1].wgsl_group1_binding_n = 33;
            desc.texture_sampler_pairs[0].stage = SG_SHADERSTAGE_FRAGMENT;
            desc.texture_sampler_pairs[0].view_slot = 0;
            desc.texture_sampler_pairs[0].sampler_slot = 0;
            desc.texture_sampler_pairs[1].stage = SG_SHADERSTAGE_FRAGMENT;
            desc.texture_sampler_pairs[1].view_slot = 1;
            desc.texture_sampler_pairs[1].sampler_slot = 1;
            desc.label = "tcx_flow_fluid_add_density_texture_shader";
        }
        return &desc;
    }
    return 0;
}
static inline const sg_shader_desc* tcx_flow_fluid_add_temperature_texture_shader_desc(sg_backend backend) {
    if (backend == SG_BACKEND_GLES3) {
        static sg_shader_desc desc;
        static bool valid;
        if (!valid) {
            valid = true;
            desc.vertex_func.source = (const char*)fluid_vs_source_glsl300es;
            desc.vertex_func.entry = "main";
            desc.fragment_func.source = (const char*)fs_add_temperature_texture_source_glsl300es;
            desc.fragment_func.entry = "main";
            desc.attrs[0].base_type = SG_SHADERATTRBASETYPE_FLOAT;
            desc.attrs[0].glsl_name = "position";
            desc.attrs[1].base_type = SG_SHADERATTRBASETYPE_FLOAT;
            desc.attrs[1].glsl_name = "texcoord0";
            desc.uniform_blocks[0].stage = SG_SHADERSTAGE_FRAGMENT;
            desc.uniform_blocks[0].layout = SG_UNIFORMLAYOUT_STD140;
            desc.uniform_blocks[0].size = 64;
            desc.uniform_blocks[0].glsl_uniforms[0].type = SG_UNIFORMTYPE_FLOAT4;
            desc.uniform_blocks[0].glsl_uniforms[0].array_count = 4;
            desc.uniform_blocks[0].glsl_uniforms[0].glsl_name = "flow_params";
            desc.views[0].texture.stage = SG_SHADERSTAGE_FRAGMENT;
            desc.views[0].texture.image_type = SG_IMAGETYPE_2D;
            desc.views[0].texture.sample_type = SG_IMAGESAMPLETYPE_FLOAT;
            desc.views[0].texture.multisampled = false;
            desc.views[1].texture.stage = SG_SHADERSTAGE_FRAGMENT;
            desc.views[1].texture.image_type = SG_IMAGETYPE_2D;
            desc.views[1].texture.sample_type = SG_IMAGESAMPLETYPE_FLOAT;
            desc.views[1].texture.multisampled = false;
            desc.samplers[0].stage = SG_SHADERSTAGE_FRAGMENT;
            desc.samplers[0].sampler_type = SG_SAMPLERTYPE_FILTERING;
            desc.samplers[1].stage = SG_SHADERSTAGE_FRAGMENT;
            desc.samplers[1].sampler_type = SG_SAMPLERTYPE_FILTERING;
            desc.texture_sampler_pairs[0].stage = SG_SHADERSTAGE_FRAGMENT;
            desc.texture_sampler_pairs[0].view_slot = 0;
            desc.texture_sampler_pairs[0].sampler_slot = 0;
            desc.texture_sampler_pairs[0].glsl_name = "temperatureAddBaseTex_temperatureAddBaseSmp";
            desc.texture_sampler_pairs[1].stage = SG_SHADERSTAGE_FRAGMENT;
            desc.texture_sampler_pairs[1].view_slot = 1;
            desc.texture_sampler_pairs[1].sampler_slot = 1;
            desc.texture_sampler_pairs[1].glsl_name = "externalTemperatureTex_externalTemperatureSmp";
            desc.label = "tcx_flow_fluid_add_temperature_texture_shader";
        }
        return &desc;
    }
    if (backend == SG_BACKEND_D3D11) {
        static sg_shader_desc desc;
        static bool valid;
        if (!valid) {
            valid = true;
            desc.vertex_func.source = (const char*)fluid_vs_source_hlsl5;
            desc.vertex_func.d3d11_target = "vs_5_0";
            desc.vertex_func.entry = "main";
            desc.fragment_func.source = (const char*)fs_add_temperature_texture_source_hlsl5;
            desc.fragment_func.d3d11_target = "ps_5_0";
            desc.fragment_func.entry = "main";
            desc.attrs[0].base_type = SG_SHADERATTRBASETYPE_FLOAT;
            desc.attrs[0].hlsl_sem_name = "TEXCOORD";
            desc.attrs[0].hlsl_sem_index = 0;
            desc.attrs[1].base_type = SG_SHADERATTRBASETYPE_FLOAT;
            desc.attrs[1].hlsl_sem_name = "TEXCOORD";
            desc.attrs[1].hlsl_sem_index = 1;
            desc.uniform_blocks[0].stage = SG_SHADERSTAGE_FRAGMENT;
            desc.uniform_blocks[0].layout = SG_UNIFORMLAYOUT_STD140;
            desc.uniform_blocks[0].size = 64;
            desc.uniform_blocks[0].hlsl_register_b_n = 0;
            desc.views[0].texture.stage = SG_SHADERSTAGE_FRAGMENT;
            desc.views[0].texture.image_type = SG_IMAGETYPE_2D;
            desc.views[0].texture.sample_type = SG_IMAGESAMPLETYPE_FLOAT;
            desc.views[0].texture.multisampled = false;
            desc.views[0].texture.hlsl_register_t_n = 0;
            desc.views[1].texture.stage = SG_SHADERSTAGE_FRAGMENT;
            desc.views[1].texture.image_type = SG_IMAGETYPE_2D;
            desc.views[1].texture.sample_type = SG_IMAGESAMPLETYPE_FLOAT;
            desc.views[1].texture.multisampled = false;
            desc.views[1].texture.hlsl_register_t_n = 1;
            desc.samplers[0].stage = SG_SHADERSTAGE_FRAGMENT;
            desc.samplers[0].sampler_type = SG_SAMPLERTYPE_FILTERING;
            desc.samplers[0].hlsl_register_s_n = 0;
            desc.samplers[1].stage = SG_SHADERSTAGE_FRAGMENT;
            desc.samplers[1].sampler_type = SG_SAMPLERTYPE_FILTERING;
            desc.samplers[1].hlsl_register_s_n = 1;
            desc.texture_sampler_pairs[0].stage = SG_SHADERSTAGE_FRAGMENT;
            desc.texture_sampler_pairs[0].view_slot = 0;
            desc.texture_sampler_pairs[0].sampler_slot = 0;
            desc.texture_sampler_pairs[1].stage = SG_SHADERSTAGE_FRAGMENT;
            desc.texture_sampler_pairs[1].view_slot = 1;
            desc.texture_sampler_pairs[1].sampler_slot = 1;
            desc.label = "tcx_flow_fluid_add_temperature_texture_shader";
        }
        return &desc;
    }
    if (backend == SG_BACKEND_METAL_MACOS) {
        static sg_shader_desc desc;
        static bool valid;
        if (!valid) {
            valid = true;
            desc.vertex_func.source = (const char*)fluid_vs_source_metal_macos;
            desc.vertex_func.entry = "main0";
            desc.fragment_func.source = (const char*)fs_add_temperature_texture_source_metal_macos;
            desc.fragment_func.entry = "main0";
            desc.attrs[0].base_type = SG_SHADERATTRBASETYPE_FLOAT;
            desc.attrs[1].base_type = SG_SHADERATTRBASETYPE_FLOAT;
            desc.uniform_blocks[0].stage = SG_SHADERSTAGE_FRAGMENT;
            desc.uniform_blocks[0].layout = SG_UNIFORMLAYOUT_STD140;
            desc.uniform_blocks[0].size = 64;
            desc.uniform_blocks[0].msl_buffer_n = 0;
            desc.views[0].texture.stage = SG_SHADERSTAGE_FRAGMENT;
            desc.views[0].texture.image_type = SG_IMAGETYPE_2D;
            desc.views[0].texture.sample_type = SG_IMAGESAMPLETYPE_FLOAT;
            desc.views[0].texture.multisampled = false;
            desc.views[0].texture.msl_texture_n = 0;
            desc.views[1].texture.stage = SG_SHADERSTAGE_FRAGMENT;
            desc.views[1].texture.image_type = SG_IMAGETYPE_2D;
            desc.views[1].texture.sample_type = SG_IMAGESAMPLETYPE_FLOAT;
            desc.views[1].texture.multisampled = false;
            desc.views[1].texture.msl_texture_n = 1;
            desc.samplers[0].stage = SG_SHADERSTAGE_FRAGMENT;
            desc.samplers[0].sampler_type = SG_SAMPLERTYPE_FILTERING;
            desc.samplers[0].msl_sampler_n = 0;
            desc.samplers[1].stage = SG_SHADERSTAGE_FRAGMENT;
            desc.samplers[1].sampler_type = SG_SAMPLERTYPE_FILTERING;
            desc.samplers[1].msl_sampler_n = 1;
            desc.texture_sampler_pairs[0].stage = SG_SHADERSTAGE_FRAGMENT;
            desc.texture_sampler_pairs[0].view_slot = 0;
            desc.texture_sampler_pairs[0].sampler_slot = 0;
            desc.texture_sampler_pairs[1].stage = SG_SHADERSTAGE_FRAGMENT;
            desc.texture_sampler_pairs[1].view_slot = 1;
            desc.texture_sampler_pairs[1].sampler_slot = 1;
            desc.label = "tcx_flow_fluid_add_temperature_texture_shader";
        }
        return &desc;
    }
    if (backend == SG_BACKEND_WGPU) {
        static sg_shader_desc desc;
        static bool valid;
        if (!valid) {
            valid = true;
            desc.vertex_func.source = (const char*)fluid_vs_source_wgsl;
            desc.vertex_func.entry = "main";
            desc.fragment_func.source = (const char*)fs_add_temperature_texture_source_wgsl;
            desc.fragment_func.entry = "main";
            desc.attrs[0].base_type = SG_SHADERATTRBASETYPE_FLOAT;
            desc.attrs[1].base_type = SG_SHADERATTRBASETYPE_FLOAT;
            desc.uniform_blocks[0].stage = SG_SHADERSTAGE_FRAGMENT;
            desc.uniform_blocks[0].layout = SG_UNIFORMLAYOUT_STD140;
            desc.uniform_blocks[0].size = 64;
            desc.uniform_blocks[0].wgsl_group0_binding_n = 0;
            desc.views[0].texture.stage = SG_SHADERSTAGE_FRAGMENT;
            desc.views[0].texture.image_type = SG_IMAGETYPE_2D;
            desc.views[0].texture.sample_type = SG_IMAGESAMPLETYPE_FLOAT;
            desc.views[0].texture.multisampled = false;
            desc.views[0].texture.wgsl_group1_binding_n = 0;
            desc.views[1].texture.stage = SG_SHADERSTAGE_FRAGMENT;
            desc.views[1].texture.image_type = SG_IMAGETYPE_2D;
            desc.views[1].texture.sample_type = SG_IMAGESAMPLETYPE_FLOAT;
            desc.views[1].texture.multisampled = false;
            desc.views[1].texture.wgsl_group1_binding_n = 1;
            desc.samplers[0].stage = SG_SHADERSTAGE_FRAGMENT;
            desc.samplers[0].sampler_type = SG_SAMPLERTYPE_FILTERING;
            desc.samplers[0].wgsl_group1_binding_n = 32;
            desc.samplers[1].stage = SG_SHADERSTAGE_FRAGMENT;
            desc.samplers[1].sampler_type = SG_SAMPLERTYPE_FILTERING;
            desc.samplers[1].wgsl_group1_binding_n = 33;
            desc.texture_sampler_pairs[0].stage = SG_SHADERSTAGE_FRAGMENT;
            desc.texture_sampler_pairs[0].view_slot = 0;
            desc.texture_sampler_pairs[0].sampler_slot = 0;
            desc.texture_sampler_pairs[1].stage = SG_SHADERSTAGE_FRAGMENT;
            desc.texture_sampler_pairs[1].view_slot = 1;
            desc.texture_sampler_pairs[1].sampler_slot = 1;
            desc.label = "tcx_flow_fluid_add_temperature_texture_shader";
        }
        return &desc;
    }
    return 0;
}
static inline const sg_shader_desc* tcx_flow_fluid_add_velocity_shader_desc(sg_backend backend) {
    if (backend == SG_BACKEND_GLES3) {
        static sg_shader_desc desc;
        static bool valid;
        if (!valid) {
            valid = true;
            desc.vertex_func.source = (const char*)fluid_vs_source_glsl300es;
            desc.vertex_func.entry = "main";
            desc.fragment_func.source = (const char*)fs_add_velocity_source_glsl300es;
            desc.fragment_func.entry = "main";
            desc.attrs[0].base_type = SG_SHADERATTRBASETYPE_FLOAT;
            desc.attrs[0].glsl_name = "position";
            desc.attrs[1].base_type = SG_SHADERATTRBASETYPE_FLOAT;
            desc.attrs[1].glsl_name = "texcoord0";
            desc.uniform_blocks[0].stage = SG_SHADERSTAGE_FRAGMENT;
            desc.uniform_blocks[0].layout = SG_UNIFORMLAYOUT_STD140;
            desc.uniform_blocks[0].size = 64;
            desc.uniform_blocks[0].glsl_uniforms[0].type = SG_UNIFORMTYPE_FLOAT4;
            desc.uniform_blocks[0].glsl_uniforms[0].array_count = 4;
            desc.uniform_blocks[0].glsl_uniforms[0].glsl_name = "flow_params";
            desc.views[0].texture.stage = SG_SHADERSTAGE_FRAGMENT;
            desc.views[0].texture.image_type = SG_IMAGETYPE_2D;
            desc.views[0].texture.sample_type = SG_IMAGESAMPLETYPE_FLOAT;
            desc.views[0].texture.multisampled = false;
            desc.views[1].texture.stage = SG_SHADERSTAGE_FRAGMENT;
            desc.views[1].texture.image_type = SG_IMAGETYPE_2D;
            desc.views[1].texture.sample_type = SG_IMAGESAMPLETYPE_FLOAT;
            desc.views[1].texture.multisampled = false;
            desc.samplers[0].stage = SG_SHADERSTAGE_FRAGMENT;
            desc.samplers[0].sampler_type = SG_SAMPLERTYPE_FILTERING;
            desc.samplers[1].stage = SG_SHADERSTAGE_FRAGMENT;
            desc.samplers[1].sampler_type = SG_SAMPLERTYPE_FILTERING;
            desc.texture_sampler_pairs[0].stage = SG_SHADERSTAGE_FRAGMENT;
            desc.texture_sampler_pairs[0].view_slot = 0;
            desc.texture_sampler_pairs[0].sampler_slot = 0;
            desc.texture_sampler_pairs[0].glsl_name = "velocityTex_velocitySmp";
            desc.texture_sampler_pairs[1].stage = SG_SHADERSTAGE_FRAGMENT;
            desc.texture_sampler_pairs[1].view_slot = 1;
            desc.texture_sampler_pairs[1].sampler_slot = 1;
            desc.texture_sampler_pairs[1].glsl_name = "externalVelocityTex_externalVelocitySmp";
            desc.label = "tcx_flow_fluid_add_velocity_shader";
        }
        return &desc;
    }
    if (backend == SG_BACKEND_D3D11) {
        static sg_shader_desc desc;
        static bool valid;
        if (!valid) {
            valid = true;
            desc.vertex_func.source = (const char*)fluid_vs_source_hlsl5;
            desc.vertex_func.d3d11_target = "vs_5_0";
            desc.vertex_func.entry = "main";
            desc.fragment_func.source = (const char*)fs_add_velocity_source_hlsl5;
            desc.fragment_func.d3d11_target = "ps_5_0";
            desc.fragment_func.entry = "main";
            desc.attrs[0].base_type = SG_SHADERATTRBASETYPE_FLOAT;
            desc.attrs[0].hlsl_sem_name = "TEXCOORD";
            desc.attrs[0].hlsl_sem_index = 0;
            desc.attrs[1].base_type = SG_SHADERATTRBASETYPE_FLOAT;
            desc.attrs[1].hlsl_sem_name = "TEXCOORD";
            desc.attrs[1].hlsl_sem_index = 1;
            desc.uniform_blocks[0].stage = SG_SHADERSTAGE_FRAGMENT;
            desc.uniform_blocks[0].layout = SG_UNIFORMLAYOUT_STD140;
            desc.uniform_blocks[0].size = 64;
            desc.uniform_blocks[0].hlsl_register_b_n = 0;
            desc.views[0].texture.stage = SG_SHADERSTAGE_FRAGMENT;
            desc.views[0].texture.image_type = SG_IMAGETYPE_2D;
            desc.views[0].texture.sample_type = SG_IMAGESAMPLETYPE_FLOAT;
            desc.views[0].texture.multisampled = false;
            desc.views[0].texture.hlsl_register_t_n = 0;
            desc.views[1].texture.stage = SG_SHADERSTAGE_FRAGMENT;
            desc.views[1].texture.image_type = SG_IMAGETYPE_2D;
            desc.views[1].texture.sample_type = SG_IMAGESAMPLETYPE_FLOAT;
            desc.views[1].texture.multisampled = false;
            desc.views[1].texture.hlsl_register_t_n = 1;
            desc.samplers[0].stage = SG_SHADERSTAGE_FRAGMENT;
            desc.samplers[0].sampler_type = SG_SAMPLERTYPE_FILTERING;
            desc.samplers[0].hlsl_register_s_n = 0;
            desc.samplers[1].stage = SG_SHADERSTAGE_FRAGMENT;
            desc.samplers[1].sampler_type = SG_SAMPLERTYPE_FILTERING;
            desc.samplers[1].hlsl_register_s_n = 1;
            desc.texture_sampler_pairs[0].stage = SG_SHADERSTAGE_FRAGMENT;
            desc.texture_sampler_pairs[0].view_slot = 0;
            desc.texture_sampler_pairs[0].sampler_slot = 0;
            desc.texture_sampler_pairs[1].stage = SG_SHADERSTAGE_FRAGMENT;
            desc.texture_sampler_pairs[1].view_slot = 1;
            desc.texture_sampler_pairs[1].sampler_slot = 1;
            desc.label = "tcx_flow_fluid_add_velocity_shader";
        }
        return &desc;
    }
    if (backend == SG_BACKEND_METAL_MACOS) {
        static sg_shader_desc desc;
        static bool valid;
        if (!valid) {
            valid = true;
            desc.vertex_func.source = (const char*)fluid_vs_source_metal_macos;
            desc.vertex_func.entry = "main0";
            desc.fragment_func.source = (const char*)fs_add_velocity_source_metal_macos;
            desc.fragment_func.entry = "main0";
            desc.attrs[0].base_type = SG_SHADERATTRBASETYPE_FLOAT;
            desc.attrs[1].base_type = SG_SHADERATTRBASETYPE_FLOAT;
            desc.uniform_blocks[0].stage = SG_SHADERSTAGE_FRAGMENT;
            desc.uniform_blocks[0].layout = SG_UNIFORMLAYOUT_STD140;
            desc.uniform_blocks[0].size = 64;
            desc.uniform_blocks[0].msl_buffer_n = 0;
            desc.views[0].texture.stage = SG_SHADERSTAGE_FRAGMENT;
            desc.views[0].texture.image_type = SG_IMAGETYPE_2D;
            desc.views[0].texture.sample_type = SG_IMAGESAMPLETYPE_FLOAT;
            desc.views[0].texture.multisampled = false;
            desc.views[0].texture.msl_texture_n = 0;
            desc.views[1].texture.stage = SG_SHADERSTAGE_FRAGMENT;
            desc.views[1].texture.image_type = SG_IMAGETYPE_2D;
            desc.views[1].texture.sample_type = SG_IMAGESAMPLETYPE_FLOAT;
            desc.views[1].texture.multisampled = false;
            desc.views[1].texture.msl_texture_n = 1;
            desc.samplers[0].stage = SG_SHADERSTAGE_FRAGMENT;
            desc.samplers[0].sampler_type = SG_SAMPLERTYPE_FILTERING;
            desc.samplers[0].msl_sampler_n = 0;
            desc.samplers[1].stage = SG_SHADERSTAGE_FRAGMENT;
            desc.samplers[1].sampler_type = SG_SAMPLERTYPE_FILTERING;
            desc.samplers[1].msl_sampler_n = 1;
            desc.texture_sampler_pairs[0].stage = SG_SHADERSTAGE_FRAGMENT;
            desc.texture_sampler_pairs[0].view_slot = 0;
            desc.texture_sampler_pairs[0].sampler_slot = 0;
            desc.texture_sampler_pairs[1].stage = SG_SHADERSTAGE_FRAGMENT;
            desc.texture_sampler_pairs[1].view_slot = 1;
            desc.texture_sampler_pairs[1].sampler_slot = 1;
            desc.label = "tcx_flow_fluid_add_velocity_shader";
        }
        return &desc;
    }
    if (backend == SG_BACKEND_WGPU) {
        static sg_shader_desc desc;
        static bool valid;
        if (!valid) {
            valid = true;
            desc.vertex_func.source = (const char*)fluid_vs_source_wgsl;
            desc.vertex_func.entry = "main";
            desc.fragment_func.source = (const char*)fs_add_velocity_source_wgsl;
            desc.fragment_func.entry = "main";
            desc.attrs[0].base_type = SG_SHADERATTRBASETYPE_FLOAT;
            desc.attrs[1].base_type = SG_SHADERATTRBASETYPE_FLOAT;
            desc.uniform_blocks[0].stage = SG_SHADERSTAGE_FRAGMENT;
            desc.uniform_blocks[0].layout = SG_UNIFORMLAYOUT_STD140;
            desc.uniform_blocks[0].size = 64;
            desc.uniform_blocks[0].wgsl_group0_binding_n = 0;
            desc.views[0].texture.stage = SG_SHADERSTAGE_FRAGMENT;
            desc.views[0].texture.image_type = SG_IMAGETYPE_2D;
            desc.views[0].texture.sample_type = SG_IMAGESAMPLETYPE_FLOAT;
            desc.views[0].texture.multisampled = false;
            desc.views[0].texture.wgsl_group1_binding_n = 0;
            desc.views[1].texture.stage = SG_SHADERSTAGE_FRAGMENT;
            desc.views[1].texture.image_type = SG_IMAGETYPE_2D;
            desc.views[1].texture.sample_type = SG_IMAGESAMPLETYPE_FLOAT;
            desc.views[1].texture.multisampled = false;
            desc.views[1].texture.wgsl_group1_binding_n = 1;
            desc.samplers[0].stage = SG_SHADERSTAGE_FRAGMENT;
            desc.samplers[0].sampler_type = SG_SAMPLERTYPE_FILTERING;
            desc.samplers[0].wgsl_group1_binding_n = 32;
            desc.samplers[1].stage = SG_SHADERSTAGE_FRAGMENT;
            desc.samplers[1].sampler_type = SG_SAMPLERTYPE_FILTERING;
            desc.samplers[1].wgsl_group1_binding_n = 33;
            desc.texture_sampler_pairs[0].stage = SG_SHADERSTAGE_FRAGMENT;
            desc.texture_sampler_pairs[0].view_slot = 0;
            desc.texture_sampler_pairs[0].sampler_slot = 0;
            desc.texture_sampler_pairs[1].stage = SG_SHADERSTAGE_FRAGMENT;
            desc.texture_sampler_pairs[1].view_slot = 1;
            desc.texture_sampler_pairs[1].sampler_slot = 1;
            desc.label = "tcx_flow_fluid_add_velocity_shader";
        }
        return &desc;
    }
    return 0;
}
static inline const sg_shader_desc* tcx_flow_fluid_advect_shader_desc(sg_backend backend) {
    if (backend == SG_BACKEND_GLES3) {
        static sg_shader_desc desc;
        static bool valid;
        if (!valid) {
            valid = true;
            desc.vertex_func.source = (const char*)fluid_vs_source_glsl300es;
            desc.vertex_func.entry = "main";
            desc.fragment_func.source = (const char*)fs_advect_source_glsl300es;
            desc.fragment_func.entry = "main";
            desc.attrs[0].base_type = SG_SHADERATTRBASETYPE_FLOAT;
            desc.attrs[0].glsl_name = "position";
            desc.attrs[1].base_type = SG_SHADERATTRBASETYPE_FLOAT;
            desc.attrs[1].glsl_name = "texcoord0";
            desc.uniform_blocks[0].stage = SG_SHADERSTAGE_FRAGMENT;
            desc.uniform_blocks[0].layout = SG_UNIFORMLAYOUT_STD140;
            desc.uniform_blocks[0].size = 64;
            desc.uniform_blocks[0].glsl_uniforms[0].type = SG_UNIFORMTYPE_FLOAT4;
            desc.uniform_blocks[0].glsl_uniforms[0].array_count = 4;
            desc.uniform_blocks[0].glsl_uniforms[0].glsl_name = "flow_params";
            desc.views[0].texture.stage = SG_SHADERSTAGE_FRAGMENT;
            desc.views[0].texture.image_type = SG_IMAGETYPE_2D;
            desc.views[0].texture.sample_type = SG_IMAGESAMPLETYPE_FLOAT;
            desc.views[0].texture.multisampled = false;
            desc.views[1].texture.stage = SG_SHADERSTAGE_FRAGMENT;
            desc.views[1].texture.image_type = SG_IMAGETYPE_2D;
            desc.views[1].texture.sample_type = SG_IMAGESAMPLETYPE_FLOAT;
            desc.views[1].texture.multisampled = false;
            desc.samplers[0].stage = SG_SHADERSTAGE_FRAGMENT;
            desc.samplers[0].sampler_type = SG_SAMPLERTYPE_FILTERING;
            desc.samplers[1].stage = SG_SHADERSTAGE_FRAGMENT;
            desc.samplers[1].sampler_type = SG_SAMPLERTYPE_FILTERING;
            desc.texture_sampler_pairs[0].stage = SG_SHADERSTAGE_FRAGMENT;
            desc.texture_sampler_pairs[0].view_slot = 0;
            desc.texture_sampler_pairs[0].sampler_slot = 0;
            desc.texture_sampler_pairs[0].glsl_name = "velocityTex_velocitySmp";
            desc.texture_sampler_pairs[1].stage = SG_SHADERSTAGE_FRAGMENT;
            desc.texture_sampler_pairs[1].view_slot = 1;
            desc.texture_sampler_pairs[1].sampler_slot = 1;
            desc.texture_sampler_pairs[1].glsl_name = "fluidSourceTex_fluidSourceSmp";
            desc.label = "tcx_flow_fluid_advect_shader";
        }
        return &desc;
    }
    if (backend == SG_BACKEND_D3D11) {
        static sg_shader_desc desc;
        static bool valid;
        if (!valid) {
            valid = true;
            desc.vertex_func.source = (const char*)fluid_vs_source_hlsl5;
            desc.vertex_func.d3d11_target = "vs_5_0";
            desc.vertex_func.entry = "main";
            desc.fragment_func.source = (const char*)fs_advect_source_hlsl5;
            desc.fragment_func.d3d11_target = "ps_5_0";
            desc.fragment_func.entry = "main";
            desc.attrs[0].base_type = SG_SHADERATTRBASETYPE_FLOAT;
            desc.attrs[0].hlsl_sem_name = "TEXCOORD";
            desc.attrs[0].hlsl_sem_index = 0;
            desc.attrs[1].base_type = SG_SHADERATTRBASETYPE_FLOAT;
            desc.attrs[1].hlsl_sem_name = "TEXCOORD";
            desc.attrs[1].hlsl_sem_index = 1;
            desc.uniform_blocks[0].stage = SG_SHADERSTAGE_FRAGMENT;
            desc.uniform_blocks[0].layout = SG_UNIFORMLAYOUT_STD140;
            desc.uniform_blocks[0].size = 64;
            desc.uniform_blocks[0].hlsl_register_b_n = 0;
            desc.views[0].texture.stage = SG_SHADERSTAGE_FRAGMENT;
            desc.views[0].texture.image_type = SG_IMAGETYPE_2D;
            desc.views[0].texture.sample_type = SG_IMAGESAMPLETYPE_FLOAT;
            desc.views[0].texture.multisampled = false;
            desc.views[0].texture.hlsl_register_t_n = 0;
            desc.views[1].texture.stage = SG_SHADERSTAGE_FRAGMENT;
            desc.views[1].texture.image_type = SG_IMAGETYPE_2D;
            desc.views[1].texture.sample_type = SG_IMAGESAMPLETYPE_FLOAT;
            desc.views[1].texture.multisampled = false;
            desc.views[1].texture.hlsl_register_t_n = 1;
            desc.samplers[0].stage = SG_SHADERSTAGE_FRAGMENT;
            desc.samplers[0].sampler_type = SG_SAMPLERTYPE_FILTERING;
            desc.samplers[0].hlsl_register_s_n = 0;
            desc.samplers[1].stage = SG_SHADERSTAGE_FRAGMENT;
            desc.samplers[1].sampler_type = SG_SAMPLERTYPE_FILTERING;
            desc.samplers[1].hlsl_register_s_n = 1;
            desc.texture_sampler_pairs[0].stage = SG_SHADERSTAGE_FRAGMENT;
            desc.texture_sampler_pairs[0].view_slot = 0;
            desc.texture_sampler_pairs[0].sampler_slot = 0;
            desc.texture_sampler_pairs[1].stage = SG_SHADERSTAGE_FRAGMENT;
            desc.texture_sampler_pairs[1].view_slot = 1;
            desc.texture_sampler_pairs[1].sampler_slot = 1;
            desc.label = "tcx_flow_fluid_advect_shader";
        }
        return &desc;
    }
    if (backend == SG_BACKEND_METAL_MACOS) {
        static sg_shader_desc desc;
        static bool valid;
        if (!valid) {
            valid = true;
            desc.vertex_func.source = (const char*)fluid_vs_source_metal_macos;
            desc.vertex_func.entry = "main0";
            desc.fragment_func.source = (const char*)fs_advect_source_metal_macos;
            desc.fragment_func.entry = "main0";
            desc.attrs[0].base_type = SG_SHADERATTRBASETYPE_FLOAT;
            desc.attrs[1].base_type = SG_SHADERATTRBASETYPE_FLOAT;
            desc.uniform_blocks[0].stage = SG_SHADERSTAGE_FRAGMENT;
            desc.uniform_blocks[0].layout = SG_UNIFORMLAYOUT_STD140;
            desc.uniform_blocks[0].size = 64;
            desc.uniform_blocks[0].msl_buffer_n = 0;
            desc.views[0].texture.stage = SG_SHADERSTAGE_FRAGMENT;
            desc.views[0].texture.image_type = SG_IMAGETYPE_2D;
            desc.views[0].texture.sample_type = SG_IMAGESAMPLETYPE_FLOAT;
            desc.views[0].texture.multisampled = false;
            desc.views[0].texture.msl_texture_n = 0;
            desc.views[1].texture.stage = SG_SHADERSTAGE_FRAGMENT;
            desc.views[1].texture.image_type = SG_IMAGETYPE_2D;
            desc.views[1].texture.sample_type = SG_IMAGESAMPLETYPE_FLOAT;
            desc.views[1].texture.multisampled = false;
            desc.views[1].texture.msl_texture_n = 1;
            desc.samplers[0].stage = SG_SHADERSTAGE_FRAGMENT;
            desc.samplers[0].sampler_type = SG_SAMPLERTYPE_FILTERING;
            desc.samplers[0].msl_sampler_n = 0;
            desc.samplers[1].stage = SG_SHADERSTAGE_FRAGMENT;
            desc.samplers[1].sampler_type = SG_SAMPLERTYPE_FILTERING;
            desc.samplers[1].msl_sampler_n = 1;
            desc.texture_sampler_pairs[0].stage = SG_SHADERSTAGE_FRAGMENT;
            desc.texture_sampler_pairs[0].view_slot = 0;
            desc.texture_sampler_pairs[0].sampler_slot = 0;
            desc.texture_sampler_pairs[1].stage = SG_SHADERSTAGE_FRAGMENT;
            desc.texture_sampler_pairs[1].view_slot = 1;
            desc.texture_sampler_pairs[1].sampler_slot = 1;
            desc.label = "tcx_flow_fluid_advect_shader";
        }
        return &desc;
    }
    if (backend == SG_BACKEND_WGPU) {
        static sg_shader_desc desc;
        static bool valid;
        if (!valid) {
            valid = true;
            desc.vertex_func.source = (const char*)fluid_vs_source_wgsl;
            desc.vertex_func.entry = "main";
            desc.fragment_func.source = (const char*)fs_advect_source_wgsl;
            desc.fragment_func.entry = "main";
            desc.attrs[0].base_type = SG_SHADERATTRBASETYPE_FLOAT;
            desc.attrs[1].base_type = SG_SHADERATTRBASETYPE_FLOAT;
            desc.uniform_blocks[0].stage = SG_SHADERSTAGE_FRAGMENT;
            desc.uniform_blocks[0].layout = SG_UNIFORMLAYOUT_STD140;
            desc.uniform_blocks[0].size = 64;
            desc.uniform_blocks[0].wgsl_group0_binding_n = 0;
            desc.views[0].texture.stage = SG_SHADERSTAGE_FRAGMENT;
            desc.views[0].texture.image_type = SG_IMAGETYPE_2D;
            desc.views[0].texture.sample_type = SG_IMAGESAMPLETYPE_FLOAT;
            desc.views[0].texture.multisampled = false;
            desc.views[0].texture.wgsl_group1_binding_n = 0;
            desc.views[1].texture.stage = SG_SHADERSTAGE_FRAGMENT;
            desc.views[1].texture.image_type = SG_IMAGETYPE_2D;
            desc.views[1].texture.sample_type = SG_IMAGESAMPLETYPE_FLOAT;
            desc.views[1].texture.multisampled = false;
            desc.views[1].texture.wgsl_group1_binding_n = 1;
            desc.samplers[0].stage = SG_SHADERSTAGE_FRAGMENT;
            desc.samplers[0].sampler_type = SG_SAMPLERTYPE_FILTERING;
            desc.samplers[0].wgsl_group1_binding_n = 32;
            desc.samplers[1].stage = SG_SHADERSTAGE_FRAGMENT;
            desc.samplers[1].sampler_type = SG_SAMPLERTYPE_FILTERING;
            desc.samplers[1].wgsl_group1_binding_n = 33;
            desc.texture_sampler_pairs[0].stage = SG_SHADERSTAGE_FRAGMENT;
            desc.texture_sampler_pairs[0].view_slot = 0;
            desc.texture_sampler_pairs[0].sampler_slot = 0;
            desc.texture_sampler_pairs[1].stage = SG_SHADERSTAGE_FRAGMENT;
            desc.texture_sampler_pairs[1].view_slot = 1;
            desc.texture_sampler_pairs[1].sampler_slot = 1;
            desc.label = "tcx_flow_fluid_advect_shader";
        }
        return &desc;
    }
    return 0;
}
static inline const sg_shader_desc* tcx_flow_fluid_apply_obstacle_shader_desc(sg_backend backend) {
    if (backend == SG_BACKEND_GLES3) {
        static sg_shader_desc desc;
        static bool valid;
        if (!valid) {
            valid = true;
            desc.vertex_func.source = (const char*)fluid_vs_source_glsl300es;
            desc.vertex_func.entry = "main";
            desc.fragment_func.source = (const char*)fs_apply_obstacle_source_glsl300es;
            desc.fragment_func.entry = "main";
            desc.attrs[0].base_type = SG_SHADERATTRBASETYPE_FLOAT;
            desc.attrs[0].glsl_name = "position";
            desc.attrs[1].base_type = SG_SHADERATTRBASETYPE_FLOAT;
            desc.attrs[1].glsl_name = "texcoord0";
            desc.uniform_blocks[0].stage = SG_SHADERSTAGE_FRAGMENT;
            desc.uniform_blocks[0].layout = SG_UNIFORMLAYOUT_STD140;
            desc.uniform_blocks[0].size = 64;
            desc.uniform_blocks[0].glsl_uniforms[0].type = SG_UNIFORMTYPE_FLOAT4;
            desc.uniform_blocks[0].glsl_uniforms[0].array_count = 4;
            desc.uniform_blocks[0].glsl_uniforms[0].glsl_name = "flow_params";
            desc.views[0].texture.stage = SG_SHADERSTAGE_FRAGMENT;
            desc.views[0].texture.image_type = SG_IMAGETYPE_2D;
            desc.views[0].texture.sample_type = SG_IMAGESAMPLETYPE_FLOAT;
            desc.views[0].texture.multisampled = false;
            desc.views[1].texture.stage = SG_SHADERSTAGE_FRAGMENT;
            desc.views[1].texture.image_type = SG_IMAGETYPE_2D;
            desc.views[1].texture.sample_type = SG_IMAGESAMPLETYPE_FLOAT;
            desc.views[1].texture.multisampled = false;
            desc.samplers[0].stage = SG_SHADERSTAGE_FRAGMENT;
            desc.samplers[0].sampler_type = SG_SAMPLERTYPE_FILTERING;
            desc.samplers[1].stage = SG_SHADERSTAGE_FRAGMENT;
            desc.samplers[1].sampler_type = SG_SAMPLERTYPE_FILTERING;
            desc.texture_sampler_pairs[0].stage = SG_SHADERSTAGE_FRAGMENT;
            desc.texture_sampler_pairs[0].view_slot = 0;
            desc.texture_sampler_pairs[0].sampler_slot = 0;
            desc.texture_sampler_pairs[0].glsl_name = "obstacleApplySourceTex_obstacleApplySourceSmp";
            desc.texture_sampler_pairs[1].stage = SG_SHADERSTAGE_FRAGMENT;
            desc.texture_sampler_pairs[1].view_slot = 1;
            desc.texture_sampler_pairs[1].sampler_slot = 1;
            desc.texture_sampler_pairs[1].glsl_name = "obstacleTex_obstacleSmp";
            desc.label = "tcx_flow_fluid_apply_obstacle_shader";
        }
        return &desc;
    }
    if (backend == SG_BACKEND_D3D11) {
        static sg_shader_desc desc;
        static bool valid;
        if (!valid) {
            valid = true;
            desc.vertex_func.source = (const char*)fluid_vs_source_hlsl5;
            desc.vertex_func.d3d11_target = "vs_5_0";
            desc.vertex_func.entry = "main";
            desc.fragment_func.source = (const char*)fs_apply_obstacle_source_hlsl5;
            desc.fragment_func.d3d11_target = "ps_5_0";
            desc.fragment_func.entry = "main";
            desc.attrs[0].base_type = SG_SHADERATTRBASETYPE_FLOAT;
            desc.attrs[0].hlsl_sem_name = "TEXCOORD";
            desc.attrs[0].hlsl_sem_index = 0;
            desc.attrs[1].base_type = SG_SHADERATTRBASETYPE_FLOAT;
            desc.attrs[1].hlsl_sem_name = "TEXCOORD";
            desc.attrs[1].hlsl_sem_index = 1;
            desc.uniform_blocks[0].stage = SG_SHADERSTAGE_FRAGMENT;
            desc.uniform_blocks[0].layout = SG_UNIFORMLAYOUT_STD140;
            desc.uniform_blocks[0].size = 64;
            desc.uniform_blocks[0].hlsl_register_b_n = 0;
            desc.views[0].texture.stage = SG_SHADERSTAGE_FRAGMENT;
            desc.views[0].texture.image_type = SG_IMAGETYPE_2D;
            desc.views[0].texture.sample_type = SG_IMAGESAMPLETYPE_FLOAT;
            desc.views[0].texture.multisampled = false;
            desc.views[0].texture.hlsl_register_t_n = 0;
            desc.views[1].texture.stage = SG_SHADERSTAGE_FRAGMENT;
            desc.views[1].texture.image_type = SG_IMAGETYPE_2D;
            desc.views[1].texture.sample_type = SG_IMAGESAMPLETYPE_FLOAT;
            desc.views[1].texture.multisampled = false;
            desc.views[1].texture.hlsl_register_t_n = 1;
            desc.samplers[0].stage = SG_SHADERSTAGE_FRAGMENT;
            desc.samplers[0].sampler_type = SG_SAMPLERTYPE_FILTERING;
            desc.samplers[0].hlsl_register_s_n = 0;
            desc.samplers[1].stage = SG_SHADERSTAGE_FRAGMENT;
            desc.samplers[1].sampler_type = SG_SAMPLERTYPE_FILTERING;
            desc.samplers[1].hlsl_register_s_n = 1;
            desc.texture_sampler_pairs[0].stage = SG_SHADERSTAGE_FRAGMENT;
            desc.texture_sampler_pairs[0].view_slot = 0;
            desc.texture_sampler_pairs[0].sampler_slot = 0;
            desc.texture_sampler_pairs[1].stage = SG_SHADERSTAGE_FRAGMENT;
            desc.texture_sampler_pairs[1].view_slot = 1;
            desc.texture_sampler_pairs[1].sampler_slot = 1;
            desc.label = "tcx_flow_fluid_apply_obstacle_shader";
        }
        return &desc;
    }
    if (backend == SG_BACKEND_METAL_MACOS) {
        static sg_shader_desc desc;
        static bool valid;
        if (!valid) {
            valid = true;
            desc.vertex_func.source = (const char*)fluid_vs_source_metal_macos;
            desc.vertex_func.entry = "main0";
            desc.fragment_func.source = (const char*)fs_apply_obstacle_source_metal_macos;
            desc.fragment_func.entry = "main0";
            desc.attrs[0].base_type = SG_SHADERATTRBASETYPE_FLOAT;
            desc.attrs[1].base_type = SG_SHADERATTRBASETYPE_FLOAT;
            desc.uniform_blocks[0].stage = SG_SHADERSTAGE_FRAGMENT;
            desc.uniform_blocks[0].layout = SG_UNIFORMLAYOUT_STD140;
            desc.uniform_blocks[0].size = 64;
            desc.uniform_blocks[0].msl_buffer_n = 0;
            desc.views[0].texture.stage = SG_SHADERSTAGE_FRAGMENT;
            desc.views[0].texture.image_type = SG_IMAGETYPE_2D;
            desc.views[0].texture.sample_type = SG_IMAGESAMPLETYPE_FLOAT;
            desc.views[0].texture.multisampled = false;
            desc.views[0].texture.msl_texture_n = 0;
            desc.views[1].texture.stage = SG_SHADERSTAGE_FRAGMENT;
            desc.views[1].texture.image_type = SG_IMAGETYPE_2D;
            desc.views[1].texture.sample_type = SG_IMAGESAMPLETYPE_FLOAT;
            desc.views[1].texture.multisampled = false;
            desc.views[1].texture.msl_texture_n = 1;
            desc.samplers[0].stage = SG_SHADERSTAGE_FRAGMENT;
            desc.samplers[0].sampler_type = SG_SAMPLERTYPE_FILTERING;
            desc.samplers[0].msl_sampler_n = 0;
            desc.samplers[1].stage = SG_SHADERSTAGE_FRAGMENT;
            desc.samplers[1].sampler_type = SG_SAMPLERTYPE_FILTERING;
            desc.samplers[1].msl_sampler_n = 1;
            desc.texture_sampler_pairs[0].stage = SG_SHADERSTAGE_FRAGMENT;
            desc.texture_sampler_pairs[0].view_slot = 0;
            desc.texture_sampler_pairs[0].sampler_slot = 0;
            desc.texture_sampler_pairs[1].stage = SG_SHADERSTAGE_FRAGMENT;
            desc.texture_sampler_pairs[1].view_slot = 1;
            desc.texture_sampler_pairs[1].sampler_slot = 1;
            desc.label = "tcx_flow_fluid_apply_obstacle_shader";
        }
        return &desc;
    }
    if (backend == SG_BACKEND_WGPU) {
        static sg_shader_desc desc;
        static bool valid;
        if (!valid) {
            valid = true;
            desc.vertex_func.source = (const char*)fluid_vs_source_wgsl;
            desc.vertex_func.entry = "main";
            desc.fragment_func.source = (const char*)fs_apply_obstacle_source_wgsl;
            desc.fragment_func.entry = "main";
            desc.attrs[0].base_type = SG_SHADERATTRBASETYPE_FLOAT;
            desc.attrs[1].base_type = SG_SHADERATTRBASETYPE_FLOAT;
            desc.uniform_blocks[0].stage = SG_SHADERSTAGE_FRAGMENT;
            desc.uniform_blocks[0].layout = SG_UNIFORMLAYOUT_STD140;
            desc.uniform_blocks[0].size = 64;
            desc.uniform_blocks[0].wgsl_group0_binding_n = 0;
            desc.views[0].texture.stage = SG_SHADERSTAGE_FRAGMENT;
            desc.views[0].texture.image_type = SG_IMAGETYPE_2D;
            desc.views[0].texture.sample_type = SG_IMAGESAMPLETYPE_FLOAT;
            desc.views[0].texture.multisampled = false;
            desc.views[0].texture.wgsl_group1_binding_n = 0;
            desc.views[1].texture.stage = SG_SHADERSTAGE_FRAGMENT;
            desc.views[1].texture.image_type = SG_IMAGETYPE_2D;
            desc.views[1].texture.sample_type = SG_IMAGESAMPLETYPE_FLOAT;
            desc.views[1].texture.multisampled = false;
            desc.views[1].texture.wgsl_group1_binding_n = 1;
            desc.samplers[0].stage = SG_SHADERSTAGE_FRAGMENT;
            desc.samplers[0].sampler_type = SG_SAMPLERTYPE_FILTERING;
            desc.samplers[0].wgsl_group1_binding_n = 32;
            desc.samplers[1].stage = SG_SHADERSTAGE_FRAGMENT;
            desc.samplers[1].sampler_type = SG_SAMPLERTYPE_FILTERING;
            desc.samplers[1].wgsl_group1_binding_n = 33;
            desc.texture_sampler_pairs[0].stage = SG_SHADERSTAGE_FRAGMENT;
            desc.texture_sampler_pairs[0].view_slot = 0;
            desc.texture_sampler_pairs[0].sampler_slot = 0;
            desc.texture_sampler_pairs[1].stage = SG_SHADERSTAGE_FRAGMENT;
            desc.texture_sampler_pairs[1].view_slot = 1;
            desc.texture_sampler_pairs[1].sampler_slot = 1;
            desc.label = "tcx_flow_fluid_apply_obstacle_shader";
        }
        return &desc;
    }
    return 0;
}
static inline const sg_shader_desc* tcx_flow_fluid_buoyancy_shader_desc(sg_backend backend) {
    if (backend == SG_BACKEND_GLES3) {
        static sg_shader_desc desc;
        static bool valid;
        if (!valid) {
            valid = true;
            desc.vertex_func.source = (const char*)fluid_vs_source_glsl300es;
            desc.vertex_func.entry = "main";
            desc.fragment_func.source = (const char*)fs_buoyancy_source_glsl300es;
            desc.fragment_func.entry = "main";
            desc.attrs[0].base_type = SG_SHADERATTRBASETYPE_FLOAT;
            desc.attrs[0].glsl_name = "position";
            desc.attrs[1].base_type = SG_SHADERATTRBASETYPE_FLOAT;
            desc.attrs[1].glsl_name = "texcoord0";
            desc.uniform_blocks[0].stage = SG_SHADERSTAGE_FRAGMENT;
            desc.uniform_blocks[0].layout = SG_UNIFORMLAYOUT_STD140;
            desc.uniform_blocks[0].size = 64;
            desc.uniform_blocks[0].glsl_uniforms[0].type = SG_UNIFORMTYPE_FLOAT4;
            desc.uniform_blocks[0].glsl_uniforms[0].array_count = 4;
            desc.uniform_blocks[0].glsl_uniforms[0].glsl_name = "flow_params";
            desc.views[0].texture.stage = SG_SHADERSTAGE_FRAGMENT;
            desc.views[0].texture.image_type = SG_IMAGETYPE_2D;
            desc.views[0].texture.sample_type = SG_IMAGESAMPLETYPE_FLOAT;
            desc.views[0].texture.multisampled = false;
            desc.views[1].texture.stage = SG_SHADERSTAGE_FRAGMENT;
            desc.views[1].texture.image_type = SG_IMAGETYPE_2D;
            desc.views[1].texture.sample_type = SG_IMAGESAMPLETYPE_FLOAT;
            desc.views[1].texture.multisampled = false;
            desc.views[2].texture.stage = SG_SHADERSTAGE_FRAGMENT;
            desc.views[2].texture.image_type = SG_IMAGETYPE_2D;
            desc.views[2].texture.sample_type = SG_IMAGESAMPLETYPE_FLOAT;
            desc.views[2].texture.multisampled = false;
            desc.samplers[0].stage = SG_SHADERSTAGE_FRAGMENT;
            desc.samplers[0].sampler_type = SG_SAMPLERTYPE_FILTERING;
            desc.samplers[1].stage = SG_SHADERSTAGE_FRAGMENT;
            desc.samplers[1].sampler_type = SG_SAMPLERTYPE_FILTERING;
            desc.samplers[2].stage = SG_SHADERSTAGE_FRAGMENT;
            desc.samplers[2].sampler_type = SG_SAMPLERTYPE_FILTERING;
            desc.texture_sampler_pairs[0].stage = SG_SHADERSTAGE_FRAGMENT;
            desc.texture_sampler_pairs[0].view_slot = 0;
            desc.texture_sampler_pairs[0].sampler_slot = 0;
            desc.texture_sampler_pairs[0].glsl_name = "velocityTex_velocitySmp";
            desc.texture_sampler_pairs[1].stage = SG_SHADERSTAGE_FRAGMENT;
            desc.texture_sampler_pairs[1].view_slot = 1;
            desc.texture_sampler_pairs[1].sampler_slot = 1;
            desc.texture_sampler_pairs[1].glsl_name = "temperatureTex_temperatureSmp";
            desc.texture_sampler_pairs[2].stage = SG_SHADERSTAGE_FRAGMENT;
            desc.texture_sampler_pairs[2].view_slot = 2;
            desc.texture_sampler_pairs[2].sampler_slot = 2;
            desc.texture_sampler_pairs[2].glsl_name = "densityTex_densitySmp";
            desc.label = "tcx_flow_fluid_buoyancy_shader";
        }
        return &desc;
    }
    if (backend == SG_BACKEND_D3D11) {
        static sg_shader_desc desc;
        static bool valid;
        if (!valid) {
            valid = true;
            desc.vertex_func.source = (const char*)fluid_vs_source_hlsl5;
            desc.vertex_func.d3d11_target = "vs_5_0";
            desc.vertex_func.entry = "main";
            desc.fragment_func.source = (const char*)fs_buoyancy_source_hlsl5;
            desc.fragment_func.d3d11_target = "ps_5_0";
            desc.fragment_func.entry = "main";
            desc.attrs[0].base_type = SG_SHADERATTRBASETYPE_FLOAT;
            desc.attrs[0].hlsl_sem_name = "TEXCOORD";
            desc.attrs[0].hlsl_sem_index = 0;
            desc.attrs[1].base_type = SG_SHADERATTRBASETYPE_FLOAT;
            desc.attrs[1].hlsl_sem_name = "TEXCOORD";
            desc.attrs[1].hlsl_sem_index = 1;
            desc.uniform_blocks[0].stage = SG_SHADERSTAGE_FRAGMENT;
            desc.uniform_blocks[0].layout = SG_UNIFORMLAYOUT_STD140;
            desc.uniform_blocks[0].size = 64;
            desc.uniform_blocks[0].hlsl_register_b_n = 0;
            desc.views[0].texture.stage = SG_SHADERSTAGE_FRAGMENT;
            desc.views[0].texture.image_type = SG_IMAGETYPE_2D;
            desc.views[0].texture.sample_type = SG_IMAGESAMPLETYPE_FLOAT;
            desc.views[0].texture.multisampled = false;
            desc.views[0].texture.hlsl_register_t_n = 0;
            desc.views[1].texture.stage = SG_SHADERSTAGE_FRAGMENT;
            desc.views[1].texture.image_type = SG_IMAGETYPE_2D;
            desc.views[1].texture.sample_type = SG_IMAGESAMPLETYPE_FLOAT;
            desc.views[1].texture.multisampled = false;
            desc.views[1].texture.hlsl_register_t_n = 1;
            desc.views[2].texture.stage = SG_SHADERSTAGE_FRAGMENT;
            desc.views[2].texture.image_type = SG_IMAGETYPE_2D;
            desc.views[2].texture.sample_type = SG_IMAGESAMPLETYPE_FLOAT;
            desc.views[2].texture.multisampled = false;
            desc.views[2].texture.hlsl_register_t_n = 2;
            desc.samplers[0].stage = SG_SHADERSTAGE_FRAGMENT;
            desc.samplers[0].sampler_type = SG_SAMPLERTYPE_FILTERING;
            desc.samplers[0].hlsl_register_s_n = 0;
            desc.samplers[1].stage = SG_SHADERSTAGE_FRAGMENT;
            desc.samplers[1].sampler_type = SG_SAMPLERTYPE_FILTERING;
            desc.samplers[1].hlsl_register_s_n = 1;
            desc.samplers[2].stage = SG_SHADERSTAGE_FRAGMENT;
            desc.samplers[2].sampler_type = SG_SAMPLERTYPE_FILTERING;
            desc.samplers[2].hlsl_register_s_n = 2;
            desc.texture_sampler_pairs[0].stage = SG_SHADERSTAGE_FRAGMENT;
            desc.texture_sampler_pairs[0].view_slot = 0;
            desc.texture_sampler_pairs[0].sampler_slot = 0;
            desc.texture_sampler_pairs[1].stage = SG_SHADERSTAGE_FRAGMENT;
            desc.texture_sampler_pairs[1].view_slot = 1;
            desc.texture_sampler_pairs[1].sampler_slot = 1;
            desc.texture_sampler_pairs[2].stage = SG_SHADERSTAGE_FRAGMENT;
            desc.texture_sampler_pairs[2].view_slot = 2;
            desc.texture_sampler_pairs[2].sampler_slot = 2;
            desc.label = "tcx_flow_fluid_buoyancy_shader";
        }
        return &desc;
    }
    if (backend == SG_BACKEND_METAL_MACOS) {
        static sg_shader_desc desc;
        static bool valid;
        if (!valid) {
            valid = true;
            desc.vertex_func.source = (const char*)fluid_vs_source_metal_macos;
            desc.vertex_func.entry = "main0";
            desc.fragment_func.source = (const char*)fs_buoyancy_source_metal_macos;
            desc.fragment_func.entry = "main0";
            desc.attrs[0].base_type = SG_SHADERATTRBASETYPE_FLOAT;
            desc.attrs[1].base_type = SG_SHADERATTRBASETYPE_FLOAT;
            desc.uniform_blocks[0].stage = SG_SHADERSTAGE_FRAGMENT;
            desc.uniform_blocks[0].layout = SG_UNIFORMLAYOUT_STD140;
            desc.uniform_blocks[0].size = 64;
            desc.uniform_blocks[0].msl_buffer_n = 0;
            desc.views[0].texture.stage = SG_SHADERSTAGE_FRAGMENT;
            desc.views[0].texture.image_type = SG_IMAGETYPE_2D;
            desc.views[0].texture.sample_type = SG_IMAGESAMPLETYPE_FLOAT;
            desc.views[0].texture.multisampled = false;
            desc.views[0].texture.msl_texture_n = 0;
            desc.views[1].texture.stage = SG_SHADERSTAGE_FRAGMENT;
            desc.views[1].texture.image_type = SG_IMAGETYPE_2D;
            desc.views[1].texture.sample_type = SG_IMAGESAMPLETYPE_FLOAT;
            desc.views[1].texture.multisampled = false;
            desc.views[1].texture.msl_texture_n = 1;
            desc.views[2].texture.stage = SG_SHADERSTAGE_FRAGMENT;
            desc.views[2].texture.image_type = SG_IMAGETYPE_2D;
            desc.views[2].texture.sample_type = SG_IMAGESAMPLETYPE_FLOAT;
            desc.views[2].texture.multisampled = false;
            desc.views[2].texture.msl_texture_n = 2;
            desc.samplers[0].stage = SG_SHADERSTAGE_FRAGMENT;
            desc.samplers[0].sampler_type = SG_SAMPLERTYPE_FILTERING;
            desc.samplers[0].msl_sampler_n = 0;
            desc.samplers[1].stage = SG_SHADERSTAGE_FRAGMENT;
            desc.samplers[1].sampler_type = SG_SAMPLERTYPE_FILTERING;
            desc.samplers[1].msl_sampler_n = 1;
            desc.samplers[2].stage = SG_SHADERSTAGE_FRAGMENT;
            desc.samplers[2].sampler_type = SG_SAMPLERTYPE_FILTERING;
            desc.samplers[2].msl_sampler_n = 2;
            desc.texture_sampler_pairs[0].stage = SG_SHADERSTAGE_FRAGMENT;
            desc.texture_sampler_pairs[0].view_slot = 0;
            desc.texture_sampler_pairs[0].sampler_slot = 0;
            desc.texture_sampler_pairs[1].stage = SG_SHADERSTAGE_FRAGMENT;
            desc.texture_sampler_pairs[1].view_slot = 1;
            desc.texture_sampler_pairs[1].sampler_slot = 1;
            desc.texture_sampler_pairs[2].stage = SG_SHADERSTAGE_FRAGMENT;
            desc.texture_sampler_pairs[2].view_slot = 2;
            desc.texture_sampler_pairs[2].sampler_slot = 2;
            desc.label = "tcx_flow_fluid_buoyancy_shader";
        }
        return &desc;
    }
    if (backend == SG_BACKEND_WGPU) {
        static sg_shader_desc desc;
        static bool valid;
        if (!valid) {
            valid = true;
            desc.vertex_func.source = (const char*)fluid_vs_source_wgsl;
            desc.vertex_func.entry = "main";
            desc.fragment_func.source = (const char*)fs_buoyancy_source_wgsl;
            desc.fragment_func.entry = "main";
            desc.attrs[0].base_type = SG_SHADERATTRBASETYPE_FLOAT;
            desc.attrs[1].base_type = SG_SHADERATTRBASETYPE_FLOAT;
            desc.uniform_blocks[0].stage = SG_SHADERSTAGE_FRAGMENT;
            desc.uniform_blocks[0].layout = SG_UNIFORMLAYOUT_STD140;
            desc.uniform_blocks[0].size = 64;
            desc.uniform_blocks[0].wgsl_group0_binding_n = 0;
            desc.views[0].texture.stage = SG_SHADERSTAGE_FRAGMENT;
            desc.views[0].texture.image_type = SG_IMAGETYPE_2D;
            desc.views[0].texture.sample_type = SG_IMAGESAMPLETYPE_FLOAT;
            desc.views[0].texture.multisampled = false;
            desc.views[0].texture.wgsl_group1_binding_n = 0;
            desc.views[1].texture.stage = SG_SHADERSTAGE_FRAGMENT;
            desc.views[1].texture.image_type = SG_IMAGETYPE_2D;
            desc.views[1].texture.sample_type = SG_IMAGESAMPLETYPE_FLOAT;
            desc.views[1].texture.multisampled = false;
            desc.views[1].texture.wgsl_group1_binding_n = 1;
            desc.views[2].texture.stage = SG_SHADERSTAGE_FRAGMENT;
            desc.views[2].texture.image_type = SG_IMAGETYPE_2D;
            desc.views[2].texture.sample_type = SG_IMAGESAMPLETYPE_FLOAT;
            desc.views[2].texture.multisampled = false;
            desc.views[2].texture.wgsl_group1_binding_n = 2;
            desc.samplers[0].stage = SG_SHADERSTAGE_FRAGMENT;
            desc.samplers[0].sampler_type = SG_SAMPLERTYPE_FILTERING;
            desc.samplers[0].wgsl_group1_binding_n = 32;
            desc.samplers[1].stage = SG_SHADERSTAGE_FRAGMENT;
            desc.samplers[1].sampler_type = SG_SAMPLERTYPE_FILTERING;
            desc.samplers[1].wgsl_group1_binding_n = 33;
            desc.samplers[2].stage = SG_SHADERSTAGE_FRAGMENT;
            desc.samplers[2].sampler_type = SG_SAMPLERTYPE_FILTERING;
            desc.samplers[2].wgsl_group1_binding_n = 34;
            desc.texture_sampler_pairs[0].stage = SG_SHADERSTAGE_FRAGMENT;
            desc.texture_sampler_pairs[0].view_slot = 0;
            desc.texture_sampler_pairs[0].sampler_slot = 0;
            desc.texture_sampler_pairs[1].stage = SG_SHADERSTAGE_FRAGMENT;
            desc.texture_sampler_pairs[1].view_slot = 1;
            desc.texture_sampler_pairs[1].sampler_slot = 1;
            desc.texture_sampler_pairs[2].stage = SG_SHADERSTAGE_FRAGMENT;
            desc.texture_sampler_pairs[2].view_slot = 2;
            desc.texture_sampler_pairs[2].sampler_slot = 2;
            desc.label = "tcx_flow_fluid_buoyancy_shader";
        }
        return &desc;
    }
    return 0;
}
static inline const sg_shader_desc* tcx_flow_fluid_diffuse_shader_desc(sg_backend backend) {
    if (backend == SG_BACKEND_GLES3) {
        static sg_shader_desc desc;
        static bool valid;
        if (!valid) {
            valid = true;
            desc.vertex_func.source = (const char*)fluid_vs_source_glsl300es;
            desc.vertex_func.entry = "main";
            desc.fragment_func.source = (const char*)fs_diffuse_source_glsl300es;
            desc.fragment_func.entry = "main";
            desc.attrs[0].base_type = SG_SHADERATTRBASETYPE_FLOAT;
            desc.attrs[0].glsl_name = "position";
            desc.attrs[1].base_type = SG_SHADERATTRBASETYPE_FLOAT;
            desc.attrs[1].glsl_name = "texcoord0";
            desc.uniform_blocks[0].stage = SG_SHADERSTAGE_FRAGMENT;
            desc.uniform_blocks[0].layout = SG_UNIFORMLAYOUT_STD140;
            desc.uniform_blocks[0].size = 64;
            desc.uniform_blocks[0].glsl_uniforms[0].type = SG_UNIFORMTYPE_FLOAT4;
            desc.uniform_blocks[0].glsl_uniforms[0].array_count = 4;
            desc.uniform_blocks[0].glsl_uniforms[0].glsl_name = "flow_params";
            desc.views[0].texture.stage = SG_SHADERSTAGE_FRAGMENT;
            desc.views[0].texture.image_type = SG_IMAGETYPE_2D;
            desc.views[0].texture.sample_type = SG_IMAGESAMPLETYPE_FLOAT;
            desc.views[0].texture.multisampled = false;
            desc.samplers[0].stage = SG_SHADERSTAGE_FRAGMENT;
            desc.samplers[0].sampler_type = SG_SAMPLERTYPE_FILTERING;
            desc.texture_sampler_pairs[0].stage = SG_SHADERSTAGE_FRAGMENT;
            desc.texture_sampler_pairs[0].view_slot = 0;
            desc.texture_sampler_pairs[0].sampler_slot = 0;
            desc.texture_sampler_pairs[0].glsl_name = "diffuseSourceTex_diffuseSourceSmp";
            desc.label = "tcx_flow_fluid_diffuse_shader";
        }
        return &desc;
    }
    if (backend == SG_BACKEND_D3D11) {
        static sg_shader_desc desc;
        static bool valid;
        if (!valid) {
            valid = true;
            desc.vertex_func.source = (const char*)fluid_vs_source_hlsl5;
            desc.vertex_func.d3d11_target = "vs_5_0";
            desc.vertex_func.entry = "main";
            desc.fragment_func.source = (const char*)fs_diffuse_source_hlsl5;
            desc.fragment_func.d3d11_target = "ps_5_0";
            desc.fragment_func.entry = "main";
            desc.attrs[0].base_type = SG_SHADERATTRBASETYPE_FLOAT;
            desc.attrs[0].hlsl_sem_name = "TEXCOORD";
            desc.attrs[0].hlsl_sem_index = 0;
            desc.attrs[1].base_type = SG_SHADERATTRBASETYPE_FLOAT;
            desc.attrs[1].hlsl_sem_name = "TEXCOORD";
            desc.attrs[1].hlsl_sem_index = 1;
            desc.uniform_blocks[0].stage = SG_SHADERSTAGE_FRAGMENT;
            desc.uniform_blocks[0].layout = SG_UNIFORMLAYOUT_STD140;
            desc.uniform_blocks[0].size = 64;
            desc.uniform_blocks[0].hlsl_register_b_n = 0;
            desc.views[0].texture.stage = SG_SHADERSTAGE_FRAGMENT;
            desc.views[0].texture.image_type = SG_IMAGETYPE_2D;
            desc.views[0].texture.sample_type = SG_IMAGESAMPLETYPE_FLOAT;
            desc.views[0].texture.multisampled = false;
            desc.views[0].texture.hlsl_register_t_n = 0;
            desc.samplers[0].stage = SG_SHADERSTAGE_FRAGMENT;
            desc.samplers[0].sampler_type = SG_SAMPLERTYPE_FILTERING;
            desc.samplers[0].hlsl_register_s_n = 0;
            desc.texture_sampler_pairs[0].stage = SG_SHADERSTAGE_FRAGMENT;
            desc.texture_sampler_pairs[0].view_slot = 0;
            desc.texture_sampler_pairs[0].sampler_slot = 0;
            desc.label = "tcx_flow_fluid_diffuse_shader";
        }
        return &desc;
    }
    if (backend == SG_BACKEND_METAL_MACOS) {
        static sg_shader_desc desc;
        static bool valid;
        if (!valid) {
            valid = true;
            desc.vertex_func.source = (const char*)fluid_vs_source_metal_macos;
            desc.vertex_func.entry = "main0";
            desc.fragment_func.source = (const char*)fs_diffuse_source_metal_macos;
            desc.fragment_func.entry = "main0";
            desc.attrs[0].base_type = SG_SHADERATTRBASETYPE_FLOAT;
            desc.attrs[1].base_type = SG_SHADERATTRBASETYPE_FLOAT;
            desc.uniform_blocks[0].stage = SG_SHADERSTAGE_FRAGMENT;
            desc.uniform_blocks[0].layout = SG_UNIFORMLAYOUT_STD140;
            desc.uniform_blocks[0].size = 64;
            desc.uniform_blocks[0].msl_buffer_n = 0;
            desc.views[0].texture.stage = SG_SHADERSTAGE_FRAGMENT;
            desc.views[0].texture.image_type = SG_IMAGETYPE_2D;
            desc.views[0].texture.sample_type = SG_IMAGESAMPLETYPE_FLOAT;
            desc.views[0].texture.multisampled = false;
            desc.views[0].texture.msl_texture_n = 0;
            desc.samplers[0].stage = SG_SHADERSTAGE_FRAGMENT;
            desc.samplers[0].sampler_type = SG_SAMPLERTYPE_FILTERING;
            desc.samplers[0].msl_sampler_n = 0;
            desc.texture_sampler_pairs[0].stage = SG_SHADERSTAGE_FRAGMENT;
            desc.texture_sampler_pairs[0].view_slot = 0;
            desc.texture_sampler_pairs[0].sampler_slot = 0;
            desc.label = "tcx_flow_fluid_diffuse_shader";
        }
        return &desc;
    }
    if (backend == SG_BACKEND_WGPU) {
        static sg_shader_desc desc;
        static bool valid;
        if (!valid) {
            valid = true;
            desc.vertex_func.source = (const char*)fluid_vs_source_wgsl;
            desc.vertex_func.entry = "main";
            desc.fragment_func.source = (const char*)fs_diffuse_source_wgsl;
            desc.fragment_func.entry = "main";
            desc.attrs[0].base_type = SG_SHADERATTRBASETYPE_FLOAT;
            desc.attrs[1].base_type = SG_SHADERATTRBASETYPE_FLOAT;
            desc.uniform_blocks[0].stage = SG_SHADERSTAGE_FRAGMENT;
            desc.uniform_blocks[0].layout = SG_UNIFORMLAYOUT_STD140;
            desc.uniform_blocks[0].size = 64;
            desc.uniform_blocks[0].wgsl_group0_binding_n = 0;
            desc.views[0].texture.stage = SG_SHADERSTAGE_FRAGMENT;
            desc.views[0].texture.image_type = SG_IMAGETYPE_2D;
            desc.views[0].texture.sample_type = SG_IMAGESAMPLETYPE_FLOAT;
            desc.views[0].texture.multisampled = false;
            desc.views[0].texture.wgsl_group1_binding_n = 0;
            desc.samplers[0].stage = SG_SHADERSTAGE_FRAGMENT;
            desc.samplers[0].sampler_type = SG_SAMPLERTYPE_FILTERING;
            desc.samplers[0].wgsl_group1_binding_n = 32;
            desc.texture_sampler_pairs[0].stage = SG_SHADERSTAGE_FRAGMENT;
            desc.texture_sampler_pairs[0].view_slot = 0;
            desc.texture_sampler_pairs[0].sampler_slot = 0;
            desc.label = "tcx_flow_fluid_diffuse_shader";
        }
        return &desc;
    }
    return 0;
}
static inline const sg_shader_desc* tcx_flow_fluid_divergence_shader_desc(sg_backend backend) {
    if (backend == SG_BACKEND_GLES3) {
        static sg_shader_desc desc;
        static bool valid;
        if (!valid) {
            valid = true;
            desc.vertex_func.source = (const char*)fluid_vs_source_glsl300es;
            desc.vertex_func.entry = "main";
            desc.fragment_func.source = (const char*)fs_divergence_source_glsl300es;
            desc.fragment_func.entry = "main";
            desc.attrs[0].base_type = SG_SHADERATTRBASETYPE_FLOAT;
            desc.attrs[0].glsl_name = "position";
            desc.attrs[1].base_type = SG_SHADERATTRBASETYPE_FLOAT;
            desc.attrs[1].glsl_name = "texcoord0";
            desc.uniform_blocks[0].stage = SG_SHADERSTAGE_FRAGMENT;
            desc.uniform_blocks[0].layout = SG_UNIFORMLAYOUT_STD140;
            desc.uniform_blocks[0].size = 64;
            desc.uniform_blocks[0].glsl_uniforms[0].type = SG_UNIFORMTYPE_FLOAT4;
            desc.uniform_blocks[0].glsl_uniforms[0].array_count = 4;
            desc.uniform_blocks[0].glsl_uniforms[0].glsl_name = "flow_params";
            desc.views[0].texture.stage = SG_SHADERSTAGE_FRAGMENT;
            desc.views[0].texture.image_type = SG_IMAGETYPE_2D;
            desc.views[0].texture.sample_type = SG_IMAGESAMPLETYPE_FLOAT;
            desc.views[0].texture.multisampled = false;
            desc.views[1].texture.stage = SG_SHADERSTAGE_FRAGMENT;
            desc.views[1].texture.image_type = SG_IMAGETYPE_2D;
            desc.views[1].texture.sample_type = SG_IMAGESAMPLETYPE_FLOAT;
            desc.views[1].texture.multisampled = false;
            desc.views[2].texture.stage = SG_SHADERSTAGE_FRAGMENT;
            desc.views[2].texture.image_type = SG_IMAGETYPE_2D;
            desc.views[2].texture.sample_type = SG_IMAGESAMPLETYPE_FLOAT;
            desc.views[2].texture.multisampled = false;
            desc.samplers[0].stage = SG_SHADERSTAGE_FRAGMENT;
            desc.samplers[0].sampler_type = SG_SAMPLERTYPE_FILTERING;
            desc.samplers[1].stage = SG_SHADERSTAGE_FRAGMENT;
            desc.samplers[1].sampler_type = SG_SAMPLERTYPE_FILTERING;
            desc.samplers[2].stage = SG_SHADERSTAGE_FRAGMENT;
            desc.samplers[2].sampler_type = SG_SAMPLERTYPE_FILTERING;
            desc.texture_sampler_pairs[0].stage = SG_SHADERSTAGE_FRAGMENT;
            desc.texture_sampler_pairs[0].view_slot = 1;
            desc.texture_sampler_pairs[0].sampler_slot = 1;
            desc.texture_sampler_pairs[0].glsl_name = "obstacleTex_obstacleSmp";
            desc.texture_sampler_pairs[1].stage = SG_SHADERSTAGE_FRAGMENT;
            desc.texture_sampler_pairs[1].view_slot = 0;
            desc.texture_sampler_pairs[1].sampler_slot = 0;
            desc.texture_sampler_pairs[1].glsl_name = "velocityTex_velocitySmp";
            desc.texture_sampler_pairs[2].stage = SG_SHADERSTAGE_FRAGMENT;
            desc.texture_sampler_pairs[2].view_slot = 2;
            desc.texture_sampler_pairs[2].sampler_slot = 2;
            desc.texture_sampler_pairs[2].glsl_name = "obstacleOffsetTex_obstacleOffsetSmp";
            desc.label = "tcx_flow_fluid_divergence_shader";
        }
        return &desc;
    }
    if (backend == SG_BACKEND_D3D11) {
        static sg_shader_desc desc;
        static bool valid;
        if (!valid) {
            valid = true;
            desc.vertex_func.source = (const char*)fluid_vs_source_hlsl5;
            desc.vertex_func.d3d11_target = "vs_5_0";
            desc.vertex_func.entry = "main";
            desc.fragment_func.source = (const char*)fs_divergence_source_hlsl5;
            desc.fragment_func.d3d11_target = "ps_5_0";
            desc.fragment_func.entry = "main";
            desc.attrs[0].base_type = SG_SHADERATTRBASETYPE_FLOAT;
            desc.attrs[0].hlsl_sem_name = "TEXCOORD";
            desc.attrs[0].hlsl_sem_index = 0;
            desc.attrs[1].base_type = SG_SHADERATTRBASETYPE_FLOAT;
            desc.attrs[1].hlsl_sem_name = "TEXCOORD";
            desc.attrs[1].hlsl_sem_index = 1;
            desc.uniform_blocks[0].stage = SG_SHADERSTAGE_FRAGMENT;
            desc.uniform_blocks[0].layout = SG_UNIFORMLAYOUT_STD140;
            desc.uniform_blocks[0].size = 64;
            desc.uniform_blocks[0].hlsl_register_b_n = 0;
            desc.views[0].texture.stage = SG_SHADERSTAGE_FRAGMENT;
            desc.views[0].texture.image_type = SG_IMAGETYPE_2D;
            desc.views[0].texture.sample_type = SG_IMAGESAMPLETYPE_FLOAT;
            desc.views[0].texture.multisampled = false;
            desc.views[0].texture.hlsl_register_t_n = 0;
            desc.views[1].texture.stage = SG_SHADERSTAGE_FRAGMENT;
            desc.views[1].texture.image_type = SG_IMAGETYPE_2D;
            desc.views[1].texture.sample_type = SG_IMAGESAMPLETYPE_FLOAT;
            desc.views[1].texture.multisampled = false;
            desc.views[1].texture.hlsl_register_t_n = 1;
            desc.views[2].texture.stage = SG_SHADERSTAGE_FRAGMENT;
            desc.views[2].texture.image_type = SG_IMAGETYPE_2D;
            desc.views[2].texture.sample_type = SG_IMAGESAMPLETYPE_FLOAT;
            desc.views[2].texture.multisampled = false;
            desc.views[2].texture.hlsl_register_t_n = 2;
            desc.samplers[0].stage = SG_SHADERSTAGE_FRAGMENT;
            desc.samplers[0].sampler_type = SG_SAMPLERTYPE_FILTERING;
            desc.samplers[0].hlsl_register_s_n = 0;
            desc.samplers[1].stage = SG_SHADERSTAGE_FRAGMENT;
            desc.samplers[1].sampler_type = SG_SAMPLERTYPE_FILTERING;
            desc.samplers[1].hlsl_register_s_n = 1;
            desc.samplers[2].stage = SG_SHADERSTAGE_FRAGMENT;
            desc.samplers[2].sampler_type = SG_SAMPLERTYPE_FILTERING;
            desc.samplers[2].hlsl_register_s_n = 2;
            desc.texture_sampler_pairs[0].stage = SG_SHADERSTAGE_FRAGMENT;
            desc.texture_sampler_pairs[0].view_slot = 1;
            desc.texture_sampler_pairs[0].sampler_slot = 1;
            desc.texture_sampler_pairs[1].stage = SG_SHADERSTAGE_FRAGMENT;
            desc.texture_sampler_pairs[1].view_slot = 0;
            desc.texture_sampler_pairs[1].sampler_slot = 0;
            desc.texture_sampler_pairs[2].stage = SG_SHADERSTAGE_FRAGMENT;
            desc.texture_sampler_pairs[2].view_slot = 2;
            desc.texture_sampler_pairs[2].sampler_slot = 2;
            desc.label = "tcx_flow_fluid_divergence_shader";
        }
        return &desc;
    }
    if (backend == SG_BACKEND_METAL_MACOS) {
        static sg_shader_desc desc;
        static bool valid;
        if (!valid) {
            valid = true;
            desc.vertex_func.source = (const char*)fluid_vs_source_metal_macos;
            desc.vertex_func.entry = "main0";
            desc.fragment_func.source = (const char*)fs_divergence_source_metal_macos;
            desc.fragment_func.entry = "main0";
            desc.attrs[0].base_type = SG_SHADERATTRBASETYPE_FLOAT;
            desc.attrs[1].base_type = SG_SHADERATTRBASETYPE_FLOAT;
            desc.uniform_blocks[0].stage = SG_SHADERSTAGE_FRAGMENT;
            desc.uniform_blocks[0].layout = SG_UNIFORMLAYOUT_STD140;
            desc.uniform_blocks[0].size = 64;
            desc.uniform_blocks[0].msl_buffer_n = 0;
            desc.views[0].texture.stage = SG_SHADERSTAGE_FRAGMENT;
            desc.views[0].texture.image_type = SG_IMAGETYPE_2D;
            desc.views[0].texture.sample_type = SG_IMAGESAMPLETYPE_FLOAT;
            desc.views[0].texture.multisampled = false;
            desc.views[0].texture.msl_texture_n = 0;
            desc.views[1].texture.stage = SG_SHADERSTAGE_FRAGMENT;
            desc.views[1].texture.image_type = SG_IMAGETYPE_2D;
            desc.views[1].texture.sample_type = SG_IMAGESAMPLETYPE_FLOAT;
            desc.views[1].texture.multisampled = false;
            desc.views[1].texture.msl_texture_n = 1;
            desc.views[2].texture.stage = SG_SHADERSTAGE_FRAGMENT;
            desc.views[2].texture.image_type = SG_IMAGETYPE_2D;
            desc.views[2].texture.sample_type = SG_IMAGESAMPLETYPE_FLOAT;
            desc.views[2].texture.multisampled = false;
            desc.views[2].texture.msl_texture_n = 2;
            desc.samplers[0].stage = SG_SHADERSTAGE_FRAGMENT;
            desc.samplers[0].sampler_type = SG_SAMPLERTYPE_FILTERING;
            desc.samplers[0].msl_sampler_n = 0;
            desc.samplers[1].stage = SG_SHADERSTAGE_FRAGMENT;
            desc.samplers[1].sampler_type = SG_SAMPLERTYPE_FILTERING;
            desc.samplers[1].msl_sampler_n = 1;
            desc.samplers[2].stage = SG_SHADERSTAGE_FRAGMENT;
            desc.samplers[2].sampler_type = SG_SAMPLERTYPE_FILTERING;
            desc.samplers[2].msl_sampler_n = 2;
            desc.texture_sampler_pairs[0].stage = SG_SHADERSTAGE_FRAGMENT;
            desc.texture_sampler_pairs[0].view_slot = 1;
            desc.texture_sampler_pairs[0].sampler_slot = 1;
            desc.texture_sampler_pairs[1].stage = SG_SHADERSTAGE_FRAGMENT;
            desc.texture_sampler_pairs[1].view_slot = 0;
            desc.texture_sampler_pairs[1].sampler_slot = 0;
            desc.texture_sampler_pairs[2].stage = SG_SHADERSTAGE_FRAGMENT;
            desc.texture_sampler_pairs[2].view_slot = 2;
            desc.texture_sampler_pairs[2].sampler_slot = 2;
            desc.label = "tcx_flow_fluid_divergence_shader";
        }
        return &desc;
    }
    if (backend == SG_BACKEND_WGPU) {
        static sg_shader_desc desc;
        static bool valid;
        if (!valid) {
            valid = true;
            desc.vertex_func.source = (const char*)fluid_vs_source_wgsl;
            desc.vertex_func.entry = "main";
            desc.fragment_func.source = (const char*)fs_divergence_source_wgsl;
            desc.fragment_func.entry = "main";
            desc.attrs[0].base_type = SG_SHADERATTRBASETYPE_FLOAT;
            desc.attrs[1].base_type = SG_SHADERATTRBASETYPE_FLOAT;
            desc.uniform_blocks[0].stage = SG_SHADERSTAGE_FRAGMENT;
            desc.uniform_blocks[0].layout = SG_UNIFORMLAYOUT_STD140;
            desc.uniform_blocks[0].size = 64;
            desc.uniform_blocks[0].wgsl_group0_binding_n = 0;
            desc.views[0].texture.stage = SG_SHADERSTAGE_FRAGMENT;
            desc.views[0].texture.image_type = SG_IMAGETYPE_2D;
            desc.views[0].texture.sample_type = SG_IMAGESAMPLETYPE_FLOAT;
            desc.views[0].texture.multisampled = false;
            desc.views[0].texture.wgsl_group1_binding_n = 0;
            desc.views[1].texture.stage = SG_SHADERSTAGE_FRAGMENT;
            desc.views[1].texture.image_type = SG_IMAGETYPE_2D;
            desc.views[1].texture.sample_type = SG_IMAGESAMPLETYPE_FLOAT;
            desc.views[1].texture.multisampled = false;
            desc.views[1].texture.wgsl_group1_binding_n = 1;
            desc.views[2].texture.stage = SG_SHADERSTAGE_FRAGMENT;
            desc.views[2].texture.image_type = SG_IMAGETYPE_2D;
            desc.views[2].texture.sample_type = SG_IMAGESAMPLETYPE_FLOAT;
            desc.views[2].texture.multisampled = false;
            desc.views[2].texture.wgsl_group1_binding_n = 2;
            desc.samplers[0].stage = SG_SHADERSTAGE_FRAGMENT;
            desc.samplers[0].sampler_type = SG_SAMPLERTYPE_FILTERING;
            desc.samplers[0].wgsl_group1_binding_n = 32;
            desc.samplers[1].stage = SG_SHADERSTAGE_FRAGMENT;
            desc.samplers[1].sampler_type = SG_SAMPLERTYPE_FILTERING;
            desc.samplers[1].wgsl_group1_binding_n = 33;
            desc.samplers[2].stage = SG_SHADERSTAGE_FRAGMENT;
            desc.samplers[2].sampler_type = SG_SAMPLERTYPE_FILTERING;
            desc.samplers[2].wgsl_group1_binding_n = 34;
            desc.texture_sampler_pairs[0].stage = SG_SHADERSTAGE_FRAGMENT;
            desc.texture_sampler_pairs[0].view_slot = 1;
            desc.texture_sampler_pairs[0].sampler_slot = 1;
            desc.texture_sampler_pairs[1].stage = SG_SHADERSTAGE_FRAGMENT;
            desc.texture_sampler_pairs[1].view_slot = 0;
            desc.texture_sampler_pairs[1].sampler_slot = 0;
            desc.texture_sampler_pairs[2].stage = SG_SHADERSTAGE_FRAGMENT;
            desc.texture_sampler_pairs[2].view_slot = 2;
            desc.texture_sampler_pairs[2].sampler_slot = 2;
            desc.label = "tcx_flow_fluid_divergence_shader";
        }
        return &desc;
    }
    return 0;
}
static inline const sg_shader_desc* tcx_flow_fluid_gradient_subtract_shader_desc(sg_backend backend) {
    if (backend == SG_BACKEND_GLES3) {
        static sg_shader_desc desc;
        static bool valid;
        if (!valid) {
            valid = true;
            desc.vertex_func.source = (const char*)fluid_vs_source_glsl300es;
            desc.vertex_func.entry = "main";
            desc.fragment_func.source = (const char*)fs_gradient_subtract_source_glsl300es;
            desc.fragment_func.entry = "main";
            desc.attrs[0].base_type = SG_SHADERATTRBASETYPE_FLOAT;
            desc.attrs[0].glsl_name = "position";
            desc.attrs[1].base_type = SG_SHADERATTRBASETYPE_FLOAT;
            desc.attrs[1].glsl_name = "texcoord0";
            desc.uniform_blocks[0].stage = SG_SHADERSTAGE_FRAGMENT;
            desc.uniform_blocks[0].layout = SG_UNIFORMLAYOUT_STD140;
            desc.uniform_blocks[0].size = 64;
            desc.uniform_blocks[0].glsl_uniforms[0].type = SG_UNIFORMTYPE_FLOAT4;
            desc.uniform_blocks[0].glsl_uniforms[0].array_count = 4;
            desc.uniform_blocks[0].glsl_uniforms[0].glsl_name = "flow_params";
            desc.views[0].texture.stage = SG_SHADERSTAGE_FRAGMENT;
            desc.views[0].texture.image_type = SG_IMAGETYPE_2D;
            desc.views[0].texture.sample_type = SG_IMAGESAMPLETYPE_FLOAT;
            desc.views[0].texture.multisampled = false;
            desc.views[1].texture.stage = SG_SHADERSTAGE_FRAGMENT;
            desc.views[1].texture.image_type = SG_IMAGETYPE_2D;
            desc.views[1].texture.sample_type = SG_IMAGESAMPLETYPE_FLOAT;
            desc.views[1].texture.multisampled = false;
            desc.views[2].texture.stage = SG_SHADERSTAGE_FRAGMENT;
            desc.views[2].texture.image_type = SG_IMAGETYPE_2D;
            desc.views[2].texture.sample_type = SG_IMAGESAMPLETYPE_FLOAT;
            desc.views[2].texture.multisampled = false;
            desc.views[3].texture.stage = SG_SHADERSTAGE_FRAGMENT;
            desc.views[3].texture.image_type = SG_IMAGETYPE_2D;
            desc.views[3].texture.sample_type = SG_IMAGESAMPLETYPE_FLOAT;
            desc.views[3].texture.multisampled = false;
            desc.samplers[0].stage = SG_SHADERSTAGE_FRAGMENT;
            desc.samplers[0].sampler_type = SG_SAMPLERTYPE_FILTERING;
            desc.samplers[1].stage = SG_SHADERSTAGE_FRAGMENT;
            desc.samplers[1].sampler_type = SG_SAMPLERTYPE_FILTERING;
            desc.samplers[2].stage = SG_SHADERSTAGE_FRAGMENT;
            desc.samplers[2].sampler_type = SG_SAMPLERTYPE_FILTERING;
            desc.samplers[3].stage = SG_SHADERSTAGE_FRAGMENT;
            desc.samplers[3].sampler_type = SG_SAMPLERTYPE_FILTERING;
            desc.texture_sampler_pairs[0].stage = SG_SHADERSTAGE_FRAGMENT;
            desc.texture_sampler_pairs[0].view_slot = 2;
            desc.texture_sampler_pairs[0].sampler_slot = 2;
            desc.texture_sampler_pairs[0].glsl_name = "gradientObstacleTex_gradientObstacleSmp";
            desc.texture_sampler_pairs[1].stage = SG_SHADERSTAGE_FRAGMENT;
            desc.texture_sampler_pairs[1].view_slot = 1;
            desc.texture_sampler_pairs[1].sampler_slot = 1;
            desc.texture_sampler_pairs[1].glsl_name = "pressureTex_pressureSmp";
            desc.texture_sampler_pairs[2].stage = SG_SHADERSTAGE_FRAGMENT;
            desc.texture_sampler_pairs[2].view_slot = 3;
            desc.texture_sampler_pairs[2].sampler_slot = 3;
            desc.texture_sampler_pairs[2].glsl_name = "gradientObstacleOffsetTex_gradientObstacleOffsetSmp";
            desc.texture_sampler_pairs[3].stage = SG_SHADERSTAGE_FRAGMENT;
            desc.texture_sampler_pairs[3].view_slot = 0;
            desc.texture_sampler_pairs[3].sampler_slot = 0;
            desc.texture_sampler_pairs[3].glsl_name = "velocityTex_velocitySmp";
            desc.label = "tcx_flow_fluid_gradient_subtract_shader";
        }
        return &desc;
    }
    if (backend == SG_BACKEND_D3D11) {
        static sg_shader_desc desc;
        static bool valid;
        if (!valid) {
            valid = true;
            desc.vertex_func.source = (const char*)fluid_vs_source_hlsl5;
            desc.vertex_func.d3d11_target = "vs_5_0";
            desc.vertex_func.entry = "main";
            desc.fragment_func.source = (const char*)fs_gradient_subtract_source_hlsl5;
            desc.fragment_func.d3d11_target = "ps_5_0";
            desc.fragment_func.entry = "main";
            desc.attrs[0].base_type = SG_SHADERATTRBASETYPE_FLOAT;
            desc.attrs[0].hlsl_sem_name = "TEXCOORD";
            desc.attrs[0].hlsl_sem_index = 0;
            desc.attrs[1].base_type = SG_SHADERATTRBASETYPE_FLOAT;
            desc.attrs[1].hlsl_sem_name = "TEXCOORD";
            desc.attrs[1].hlsl_sem_index = 1;
            desc.uniform_blocks[0].stage = SG_SHADERSTAGE_FRAGMENT;
            desc.uniform_blocks[0].layout = SG_UNIFORMLAYOUT_STD140;
            desc.uniform_blocks[0].size = 64;
            desc.uniform_blocks[0].hlsl_register_b_n = 0;
            desc.views[0].texture.stage = SG_SHADERSTAGE_FRAGMENT;
            desc.views[0].texture.image_type = SG_IMAGETYPE_2D;
            desc.views[0].texture.sample_type = SG_IMAGESAMPLETYPE_FLOAT;
            desc.views[0].texture.multisampled = false;
            desc.views[0].texture.hlsl_register_t_n = 0;
            desc.views[1].texture.stage = SG_SHADERSTAGE_FRAGMENT;
            desc.views[1].texture.image_type = SG_IMAGETYPE_2D;
            desc.views[1].texture.sample_type = SG_IMAGESAMPLETYPE_FLOAT;
            desc.views[1].texture.multisampled = false;
            desc.views[1].texture.hlsl_register_t_n = 1;
            desc.views[2].texture.stage = SG_SHADERSTAGE_FRAGMENT;
            desc.views[2].texture.image_type = SG_IMAGETYPE_2D;
            desc.views[2].texture.sample_type = SG_IMAGESAMPLETYPE_FLOAT;
            desc.views[2].texture.multisampled = false;
            desc.views[2].texture.hlsl_register_t_n = 2;
            desc.views[3].texture.stage = SG_SHADERSTAGE_FRAGMENT;
            desc.views[3].texture.image_type = SG_IMAGETYPE_2D;
            desc.views[3].texture.sample_type = SG_IMAGESAMPLETYPE_FLOAT;
            desc.views[3].texture.multisampled = false;
            desc.views[3].texture.hlsl_register_t_n = 3;
            desc.samplers[0].stage = SG_SHADERSTAGE_FRAGMENT;
            desc.samplers[0].sampler_type = SG_SAMPLERTYPE_FILTERING;
            desc.samplers[0].hlsl_register_s_n = 0;
            desc.samplers[1].stage = SG_SHADERSTAGE_FRAGMENT;
            desc.samplers[1].sampler_type = SG_SAMPLERTYPE_FILTERING;
            desc.samplers[1].hlsl_register_s_n = 1;
            desc.samplers[2].stage = SG_SHADERSTAGE_FRAGMENT;
            desc.samplers[2].sampler_type = SG_SAMPLERTYPE_FILTERING;
            desc.samplers[2].hlsl_register_s_n = 2;
            desc.samplers[3].stage = SG_SHADERSTAGE_FRAGMENT;
            desc.samplers[3].sampler_type = SG_SAMPLERTYPE_FILTERING;
            desc.samplers[3].hlsl_register_s_n = 3;
            desc.texture_sampler_pairs[0].stage = SG_SHADERSTAGE_FRAGMENT;
            desc.texture_sampler_pairs[0].view_slot = 2;
            desc.texture_sampler_pairs[0].sampler_slot = 2;
            desc.texture_sampler_pairs[1].stage = SG_SHADERSTAGE_FRAGMENT;
            desc.texture_sampler_pairs[1].view_slot = 1;
            desc.texture_sampler_pairs[1].sampler_slot = 1;
            desc.texture_sampler_pairs[2].stage = SG_SHADERSTAGE_FRAGMENT;
            desc.texture_sampler_pairs[2].view_slot = 3;
            desc.texture_sampler_pairs[2].sampler_slot = 3;
            desc.texture_sampler_pairs[3].stage = SG_SHADERSTAGE_FRAGMENT;
            desc.texture_sampler_pairs[3].view_slot = 0;
            desc.texture_sampler_pairs[3].sampler_slot = 0;
            desc.label = "tcx_flow_fluid_gradient_subtract_shader";
        }
        return &desc;
    }
    if (backend == SG_BACKEND_METAL_MACOS) {
        static sg_shader_desc desc;
        static bool valid;
        if (!valid) {
            valid = true;
            desc.vertex_func.source = (const char*)fluid_vs_source_metal_macos;
            desc.vertex_func.entry = "main0";
            desc.fragment_func.source = (const char*)fs_gradient_subtract_source_metal_macos;
            desc.fragment_func.entry = "main0";
            desc.attrs[0].base_type = SG_SHADERATTRBASETYPE_FLOAT;
            desc.attrs[1].base_type = SG_SHADERATTRBASETYPE_FLOAT;
            desc.uniform_blocks[0].stage = SG_SHADERSTAGE_FRAGMENT;
            desc.uniform_blocks[0].layout = SG_UNIFORMLAYOUT_STD140;
            desc.uniform_blocks[0].size = 64;
            desc.uniform_blocks[0].msl_buffer_n = 0;
            desc.views[0].texture.stage = SG_SHADERSTAGE_FRAGMENT;
            desc.views[0].texture.image_type = SG_IMAGETYPE_2D;
            desc.views[0].texture.sample_type = SG_IMAGESAMPLETYPE_FLOAT;
            desc.views[0].texture.multisampled = false;
            desc.views[0].texture.msl_texture_n = 0;
            desc.views[1].texture.stage = SG_SHADERSTAGE_FRAGMENT;
            desc.views[1].texture.image_type = SG_IMAGETYPE_2D;
            desc.views[1].texture.sample_type = SG_IMAGESAMPLETYPE_FLOAT;
            desc.views[1].texture.multisampled = false;
            desc.views[1].texture.msl_texture_n = 1;
            desc.views[2].texture.stage = SG_SHADERSTAGE_FRAGMENT;
            desc.views[2].texture.image_type = SG_IMAGETYPE_2D;
            desc.views[2].texture.sample_type = SG_IMAGESAMPLETYPE_FLOAT;
            desc.views[2].texture.multisampled = false;
            desc.views[2].texture.msl_texture_n = 2;
            desc.views[3].texture.stage = SG_SHADERSTAGE_FRAGMENT;
            desc.views[3].texture.image_type = SG_IMAGETYPE_2D;
            desc.views[3].texture.sample_type = SG_IMAGESAMPLETYPE_FLOAT;
            desc.views[3].texture.multisampled = false;
            desc.views[3].texture.msl_texture_n = 3;
            desc.samplers[0].stage = SG_SHADERSTAGE_FRAGMENT;
            desc.samplers[0].sampler_type = SG_SAMPLERTYPE_FILTERING;
            desc.samplers[0].msl_sampler_n = 0;
            desc.samplers[1].stage = SG_SHADERSTAGE_FRAGMENT;
            desc.samplers[1].sampler_type = SG_SAMPLERTYPE_FILTERING;
            desc.samplers[1].msl_sampler_n = 1;
            desc.samplers[2].stage = SG_SHADERSTAGE_FRAGMENT;
            desc.samplers[2].sampler_type = SG_SAMPLERTYPE_FILTERING;
            desc.samplers[2].msl_sampler_n = 2;
            desc.samplers[3].stage = SG_SHADERSTAGE_FRAGMENT;
            desc.samplers[3].sampler_type = SG_SAMPLERTYPE_FILTERING;
            desc.samplers[3].msl_sampler_n = 3;
            desc.texture_sampler_pairs[0].stage = SG_SHADERSTAGE_FRAGMENT;
            desc.texture_sampler_pairs[0].view_slot = 2;
            desc.texture_sampler_pairs[0].sampler_slot = 2;
            desc.texture_sampler_pairs[1].stage = SG_SHADERSTAGE_FRAGMENT;
            desc.texture_sampler_pairs[1].view_slot = 1;
            desc.texture_sampler_pairs[1].sampler_slot = 1;
            desc.texture_sampler_pairs[2].stage = SG_SHADERSTAGE_FRAGMENT;
            desc.texture_sampler_pairs[2].view_slot = 3;
            desc.texture_sampler_pairs[2].sampler_slot = 3;
            desc.texture_sampler_pairs[3].stage = SG_SHADERSTAGE_FRAGMENT;
            desc.texture_sampler_pairs[3].view_slot = 0;
            desc.texture_sampler_pairs[3].sampler_slot = 0;
            desc.label = "tcx_flow_fluid_gradient_subtract_shader";
        }
        return &desc;
    }
    if (backend == SG_BACKEND_WGPU) {
        static sg_shader_desc desc;
        static bool valid;
        if (!valid) {
            valid = true;
            desc.vertex_func.source = (const char*)fluid_vs_source_wgsl;
            desc.vertex_func.entry = "main";
            desc.fragment_func.source = (const char*)fs_gradient_subtract_source_wgsl;
            desc.fragment_func.entry = "main";
            desc.attrs[0].base_type = SG_SHADERATTRBASETYPE_FLOAT;
            desc.attrs[1].base_type = SG_SHADERATTRBASETYPE_FLOAT;
            desc.uniform_blocks[0].stage = SG_SHADERSTAGE_FRAGMENT;
            desc.uniform_blocks[0].layout = SG_UNIFORMLAYOUT_STD140;
            desc.uniform_blocks[0].size = 64;
            desc.uniform_blocks[0].wgsl_group0_binding_n = 0;
            desc.views[0].texture.stage = SG_SHADERSTAGE_FRAGMENT;
            desc.views[0].texture.image_type = SG_IMAGETYPE_2D;
            desc.views[0].texture.sample_type = SG_IMAGESAMPLETYPE_FLOAT;
            desc.views[0].texture.multisampled = false;
            desc.views[0].texture.wgsl_group1_binding_n = 0;
            desc.views[1].texture.stage = SG_SHADERSTAGE_FRAGMENT;
            desc.views[1].texture.image_type = SG_IMAGETYPE_2D;
            desc.views[1].texture.sample_type = SG_IMAGESAMPLETYPE_FLOAT;
            desc.views[1].texture.multisampled = false;
            desc.views[1].texture.wgsl_group1_binding_n = 1;
            desc.views[2].texture.stage = SG_SHADERSTAGE_FRAGMENT;
            desc.views[2].texture.image_type = SG_IMAGETYPE_2D;
            desc.views[2].texture.sample_type = SG_IMAGESAMPLETYPE_FLOAT;
            desc.views[2].texture.multisampled = false;
            desc.views[2].texture.wgsl_group1_binding_n = 2;
            desc.views[3].texture.stage = SG_SHADERSTAGE_FRAGMENT;
            desc.views[3].texture.image_type = SG_IMAGETYPE_2D;
            desc.views[3].texture.sample_type = SG_IMAGESAMPLETYPE_FLOAT;
            desc.views[3].texture.multisampled = false;
            desc.views[3].texture.wgsl_group1_binding_n = 3;
            desc.samplers[0].stage = SG_SHADERSTAGE_FRAGMENT;
            desc.samplers[0].sampler_type = SG_SAMPLERTYPE_FILTERING;
            desc.samplers[0].wgsl_group1_binding_n = 32;
            desc.samplers[1].stage = SG_SHADERSTAGE_FRAGMENT;
            desc.samplers[1].sampler_type = SG_SAMPLERTYPE_FILTERING;
            desc.samplers[1].wgsl_group1_binding_n = 33;
            desc.samplers[2].stage = SG_SHADERSTAGE_FRAGMENT;
            desc.samplers[2].sampler_type = SG_SAMPLERTYPE_FILTERING;
            desc.samplers[2].wgsl_group1_binding_n = 34;
            desc.samplers[3].stage = SG_SHADERSTAGE_FRAGMENT;
            desc.samplers[3].sampler_type = SG_SAMPLERTYPE_FILTERING;
            desc.samplers[3].wgsl_group1_binding_n = 35;
            desc.texture_sampler_pairs[0].stage = SG_SHADERSTAGE_FRAGMENT;
            desc.texture_sampler_pairs[0].view_slot = 2;
            desc.texture_sampler_pairs[0].sampler_slot = 2;
            desc.texture_sampler_pairs[1].stage = SG_SHADERSTAGE_FRAGMENT;
            desc.texture_sampler_pairs[1].view_slot = 1;
            desc.texture_sampler_pairs[1].sampler_slot = 1;
            desc.texture_sampler_pairs[2].stage = SG_SHADERSTAGE_FRAGMENT;
            desc.texture_sampler_pairs[2].view_slot = 3;
            desc.texture_sampler_pairs[2].sampler_slot = 3;
            desc.texture_sampler_pairs[3].stage = SG_SHADERSTAGE_FRAGMENT;
            desc.texture_sampler_pairs[3].view_slot = 0;
            desc.texture_sampler_pairs[3].sampler_slot = 0;
            desc.label = "tcx_flow_fluid_gradient_subtract_shader";
        }
        return &desc;
    }
    return 0;
}
static inline const sg_shader_desc* tcx_flow_fluid_jacobi_pressure_shader_desc(sg_backend backend) {
    if (backend == SG_BACKEND_GLES3) {
        static sg_shader_desc desc;
        static bool valid;
        if (!valid) {
            valid = true;
            desc.vertex_func.source = (const char*)fluid_vs_source_glsl300es;
            desc.vertex_func.entry = "main";
            desc.fragment_func.source = (const char*)fs_jacobi_pressure_source_glsl300es;
            desc.fragment_func.entry = "main";
            desc.attrs[0].base_type = SG_SHADERATTRBASETYPE_FLOAT;
            desc.attrs[0].glsl_name = "position";
            desc.attrs[1].base_type = SG_SHADERATTRBASETYPE_FLOAT;
            desc.attrs[1].glsl_name = "texcoord0";
            desc.uniform_blocks[0].stage = SG_SHADERSTAGE_FRAGMENT;
            desc.uniform_blocks[0].layout = SG_UNIFORMLAYOUT_STD140;
            desc.uniform_blocks[0].size = 64;
            desc.uniform_blocks[0].glsl_uniforms[0].type = SG_UNIFORMTYPE_FLOAT4;
            desc.uniform_blocks[0].glsl_uniforms[0].array_count = 4;
            desc.uniform_blocks[0].glsl_uniforms[0].glsl_name = "flow_params";
            desc.views[0].texture.stage = SG_SHADERSTAGE_FRAGMENT;
            desc.views[0].texture.image_type = SG_IMAGETYPE_2D;
            desc.views[0].texture.sample_type = SG_IMAGESAMPLETYPE_FLOAT;
            desc.views[0].texture.multisampled = false;
            desc.views[1].texture.stage = SG_SHADERSTAGE_FRAGMENT;
            desc.views[1].texture.image_type = SG_IMAGETYPE_2D;
            desc.views[1].texture.sample_type = SG_IMAGESAMPLETYPE_FLOAT;
            desc.views[1].texture.multisampled = false;
            desc.views[2].texture.stage = SG_SHADERSTAGE_FRAGMENT;
            desc.views[2].texture.image_type = SG_IMAGETYPE_2D;
            desc.views[2].texture.sample_type = SG_IMAGESAMPLETYPE_FLOAT;
            desc.views[2].texture.multisampled = false;
            desc.views[3].texture.stage = SG_SHADERSTAGE_FRAGMENT;
            desc.views[3].texture.image_type = SG_IMAGETYPE_2D;
            desc.views[3].texture.sample_type = SG_IMAGESAMPLETYPE_FLOAT;
            desc.views[3].texture.multisampled = false;
            desc.samplers[0].stage = SG_SHADERSTAGE_FRAGMENT;
            desc.samplers[0].sampler_type = SG_SAMPLERTYPE_FILTERING;
            desc.samplers[1].stage = SG_SHADERSTAGE_FRAGMENT;
            desc.samplers[1].sampler_type = SG_SAMPLERTYPE_FILTERING;
            desc.samplers[2].stage = SG_SHADERSTAGE_FRAGMENT;
            desc.samplers[2].sampler_type = SG_SAMPLERTYPE_FILTERING;
            desc.samplers[3].stage = SG_SHADERSTAGE_FRAGMENT;
            desc.samplers[3].sampler_type = SG_SAMPLERTYPE_FILTERING;
            desc.texture_sampler_pairs[0].stage = SG_SHADERSTAGE_FRAGMENT;
            desc.texture_sampler_pairs[0].view_slot = 2;
            desc.texture_sampler_pairs[0].sampler_slot = 2;
            desc.texture_sampler_pairs[0].glsl_name = "pressureObstacleTex_pressureObstacleSmp";
            desc.texture_sampler_pairs[1].stage = SG_SHADERSTAGE_FRAGMENT;
            desc.texture_sampler_pairs[1].view_slot = 0;
            desc.texture_sampler_pairs[1].sampler_slot = 0;
            desc.texture_sampler_pairs[1].glsl_name = "pressureSrcTex_pressureSrcSmp";
            desc.texture_sampler_pairs[2].stage = SG_SHADERSTAGE_FRAGMENT;
            desc.texture_sampler_pairs[2].view_slot = 3;
            desc.texture_sampler_pairs[2].sampler_slot = 3;
            desc.texture_sampler_pairs[2].glsl_name = "pressureObstacleOffsetTex_pressureObstacleOffsetSmp";
            desc.texture_sampler_pairs[3].stage = SG_SHADERSTAGE_FRAGMENT;
            desc.texture_sampler_pairs[3].view_slot = 1;
            desc.texture_sampler_pairs[3].sampler_slot = 1;
            desc.texture_sampler_pairs[3].glsl_name = "divergenceTex_divergenceSmp";
            desc.label = "tcx_flow_fluid_jacobi_pressure_shader";
        }
        return &desc;
    }
    if (backend == SG_BACKEND_D3D11) {
        static sg_shader_desc desc;
        static bool valid;
        if (!valid) {
            valid = true;
            desc.vertex_func.source = (const char*)fluid_vs_source_hlsl5;
            desc.vertex_func.d3d11_target = "vs_5_0";
            desc.vertex_func.entry = "main";
            desc.fragment_func.source = (const char*)fs_jacobi_pressure_source_hlsl5;
            desc.fragment_func.d3d11_target = "ps_5_0";
            desc.fragment_func.entry = "main";
            desc.attrs[0].base_type = SG_SHADERATTRBASETYPE_FLOAT;
            desc.attrs[0].hlsl_sem_name = "TEXCOORD";
            desc.attrs[0].hlsl_sem_index = 0;
            desc.attrs[1].base_type = SG_SHADERATTRBASETYPE_FLOAT;
            desc.attrs[1].hlsl_sem_name = "TEXCOORD";
            desc.attrs[1].hlsl_sem_index = 1;
            desc.uniform_blocks[0].stage = SG_SHADERSTAGE_FRAGMENT;
            desc.uniform_blocks[0].layout = SG_UNIFORMLAYOUT_STD140;
            desc.uniform_blocks[0].size = 64;
            desc.uniform_blocks[0].hlsl_register_b_n = 0;
            desc.views[0].texture.stage = SG_SHADERSTAGE_FRAGMENT;
            desc.views[0].texture.image_type = SG_IMAGETYPE_2D;
            desc.views[0].texture.sample_type = SG_IMAGESAMPLETYPE_FLOAT;
            desc.views[0].texture.multisampled = false;
            desc.views[0].texture.hlsl_register_t_n = 0;
            desc.views[1].texture.stage = SG_SHADERSTAGE_FRAGMENT;
            desc.views[1].texture.image_type = SG_IMAGETYPE_2D;
            desc.views[1].texture.sample_type = SG_IMAGESAMPLETYPE_FLOAT;
            desc.views[1].texture.multisampled = false;
            desc.views[1].texture.hlsl_register_t_n = 1;
            desc.views[2].texture.stage = SG_SHADERSTAGE_FRAGMENT;
            desc.views[2].texture.image_type = SG_IMAGETYPE_2D;
            desc.views[2].texture.sample_type = SG_IMAGESAMPLETYPE_FLOAT;
            desc.views[2].texture.multisampled = false;
            desc.views[2].texture.hlsl_register_t_n = 2;
            desc.views[3].texture.stage = SG_SHADERSTAGE_FRAGMENT;
            desc.views[3].texture.image_type = SG_IMAGETYPE_2D;
            desc.views[3].texture.sample_type = SG_IMAGESAMPLETYPE_FLOAT;
            desc.views[3].texture.multisampled = false;
            desc.views[3].texture.hlsl_register_t_n = 3;
            desc.samplers[0].stage = SG_SHADERSTAGE_FRAGMENT;
            desc.samplers[0].sampler_type = SG_SAMPLERTYPE_FILTERING;
            desc.samplers[0].hlsl_register_s_n = 0;
            desc.samplers[1].stage = SG_SHADERSTAGE_FRAGMENT;
            desc.samplers[1].sampler_type = SG_SAMPLERTYPE_FILTERING;
            desc.samplers[1].hlsl_register_s_n = 1;
            desc.samplers[2].stage = SG_SHADERSTAGE_FRAGMENT;
            desc.samplers[2].sampler_type = SG_SAMPLERTYPE_FILTERING;
            desc.samplers[2].hlsl_register_s_n = 2;
            desc.samplers[3].stage = SG_SHADERSTAGE_FRAGMENT;
            desc.samplers[3].sampler_type = SG_SAMPLERTYPE_FILTERING;
            desc.samplers[3].hlsl_register_s_n = 3;
            desc.texture_sampler_pairs[0].stage = SG_SHADERSTAGE_FRAGMENT;
            desc.texture_sampler_pairs[0].view_slot = 2;
            desc.texture_sampler_pairs[0].sampler_slot = 2;
            desc.texture_sampler_pairs[1].stage = SG_SHADERSTAGE_FRAGMENT;
            desc.texture_sampler_pairs[1].view_slot = 0;
            desc.texture_sampler_pairs[1].sampler_slot = 0;
            desc.texture_sampler_pairs[2].stage = SG_SHADERSTAGE_FRAGMENT;
            desc.texture_sampler_pairs[2].view_slot = 3;
            desc.texture_sampler_pairs[2].sampler_slot = 3;
            desc.texture_sampler_pairs[3].stage = SG_SHADERSTAGE_FRAGMENT;
            desc.texture_sampler_pairs[3].view_slot = 1;
            desc.texture_sampler_pairs[3].sampler_slot = 1;
            desc.label = "tcx_flow_fluid_jacobi_pressure_shader";
        }
        return &desc;
    }
    if (backend == SG_BACKEND_METAL_MACOS) {
        static sg_shader_desc desc;
        static bool valid;
        if (!valid) {
            valid = true;
            desc.vertex_func.source = (const char*)fluid_vs_source_metal_macos;
            desc.vertex_func.entry = "main0";
            desc.fragment_func.source = (const char*)fs_jacobi_pressure_source_metal_macos;
            desc.fragment_func.entry = "main0";
            desc.attrs[0].base_type = SG_SHADERATTRBASETYPE_FLOAT;
            desc.attrs[1].base_type = SG_SHADERATTRBASETYPE_FLOAT;
            desc.uniform_blocks[0].stage = SG_SHADERSTAGE_FRAGMENT;
            desc.uniform_blocks[0].layout = SG_UNIFORMLAYOUT_STD140;
            desc.uniform_blocks[0].size = 64;
            desc.uniform_blocks[0].msl_buffer_n = 0;
            desc.views[0].texture.stage = SG_SHADERSTAGE_FRAGMENT;
            desc.views[0].texture.image_type = SG_IMAGETYPE_2D;
            desc.views[0].texture.sample_type = SG_IMAGESAMPLETYPE_FLOAT;
            desc.views[0].texture.multisampled = false;
            desc.views[0].texture.msl_texture_n = 0;
            desc.views[1].texture.stage = SG_SHADERSTAGE_FRAGMENT;
            desc.views[1].texture.image_type = SG_IMAGETYPE_2D;
            desc.views[1].texture.sample_type = SG_IMAGESAMPLETYPE_FLOAT;
            desc.views[1].texture.multisampled = false;
            desc.views[1].texture.msl_texture_n = 1;
            desc.views[2].texture.stage = SG_SHADERSTAGE_FRAGMENT;
            desc.views[2].texture.image_type = SG_IMAGETYPE_2D;
            desc.views[2].texture.sample_type = SG_IMAGESAMPLETYPE_FLOAT;
            desc.views[2].texture.multisampled = false;
            desc.views[2].texture.msl_texture_n = 2;
            desc.views[3].texture.stage = SG_SHADERSTAGE_FRAGMENT;
            desc.views[3].texture.image_type = SG_IMAGETYPE_2D;
            desc.views[3].texture.sample_type = SG_IMAGESAMPLETYPE_FLOAT;
            desc.views[3].texture.multisampled = false;
            desc.views[3].texture.msl_texture_n = 3;
            desc.samplers[0].stage = SG_SHADERSTAGE_FRAGMENT;
            desc.samplers[0].sampler_type = SG_SAMPLERTYPE_FILTERING;
            desc.samplers[0].msl_sampler_n = 0;
            desc.samplers[1].stage = SG_SHADERSTAGE_FRAGMENT;
            desc.samplers[1].sampler_type = SG_SAMPLERTYPE_FILTERING;
            desc.samplers[1].msl_sampler_n = 1;
            desc.samplers[2].stage = SG_SHADERSTAGE_FRAGMENT;
            desc.samplers[2].sampler_type = SG_SAMPLERTYPE_FILTERING;
            desc.samplers[2].msl_sampler_n = 2;
            desc.samplers[3].stage = SG_SHADERSTAGE_FRAGMENT;
            desc.samplers[3].sampler_type = SG_SAMPLERTYPE_FILTERING;
            desc.samplers[3].msl_sampler_n = 3;
            desc.texture_sampler_pairs[0].stage = SG_SHADERSTAGE_FRAGMENT;
            desc.texture_sampler_pairs[0].view_slot = 2;
            desc.texture_sampler_pairs[0].sampler_slot = 2;
            desc.texture_sampler_pairs[1].stage = SG_SHADERSTAGE_FRAGMENT;
            desc.texture_sampler_pairs[1].view_slot = 0;
            desc.texture_sampler_pairs[1].sampler_slot = 0;
            desc.texture_sampler_pairs[2].stage = SG_SHADERSTAGE_FRAGMENT;
            desc.texture_sampler_pairs[2].view_slot = 3;
            desc.texture_sampler_pairs[2].sampler_slot = 3;
            desc.texture_sampler_pairs[3].stage = SG_SHADERSTAGE_FRAGMENT;
            desc.texture_sampler_pairs[3].view_slot = 1;
            desc.texture_sampler_pairs[3].sampler_slot = 1;
            desc.label = "tcx_flow_fluid_jacobi_pressure_shader";
        }
        return &desc;
    }
    if (backend == SG_BACKEND_WGPU) {
        static sg_shader_desc desc;
        static bool valid;
        if (!valid) {
            valid = true;
            desc.vertex_func.source = (const char*)fluid_vs_source_wgsl;
            desc.vertex_func.entry = "main";
            desc.fragment_func.source = (const char*)fs_jacobi_pressure_source_wgsl;
            desc.fragment_func.entry = "main";
            desc.attrs[0].base_type = SG_SHADERATTRBASETYPE_FLOAT;
            desc.attrs[1].base_type = SG_SHADERATTRBASETYPE_FLOAT;
            desc.uniform_blocks[0].stage = SG_SHADERSTAGE_FRAGMENT;
            desc.uniform_blocks[0].layout = SG_UNIFORMLAYOUT_STD140;
            desc.uniform_blocks[0].size = 64;
            desc.uniform_blocks[0].wgsl_group0_binding_n = 0;
            desc.views[0].texture.stage = SG_SHADERSTAGE_FRAGMENT;
            desc.views[0].texture.image_type = SG_IMAGETYPE_2D;
            desc.views[0].texture.sample_type = SG_IMAGESAMPLETYPE_FLOAT;
            desc.views[0].texture.multisampled = false;
            desc.views[0].texture.wgsl_group1_binding_n = 0;
            desc.views[1].texture.stage = SG_SHADERSTAGE_FRAGMENT;
            desc.views[1].texture.image_type = SG_IMAGETYPE_2D;
            desc.views[1].texture.sample_type = SG_IMAGESAMPLETYPE_FLOAT;
            desc.views[1].texture.multisampled = false;
            desc.views[1].texture.wgsl_group1_binding_n = 1;
            desc.views[2].texture.stage = SG_SHADERSTAGE_FRAGMENT;
            desc.views[2].texture.image_type = SG_IMAGETYPE_2D;
            desc.views[2].texture.sample_type = SG_IMAGESAMPLETYPE_FLOAT;
            desc.views[2].texture.multisampled = false;
            desc.views[2].texture.wgsl_group1_binding_n = 2;
            desc.views[3].texture.stage = SG_SHADERSTAGE_FRAGMENT;
            desc.views[3].texture.image_type = SG_IMAGETYPE_2D;
            desc.views[3].texture.sample_type = SG_IMAGESAMPLETYPE_FLOAT;
            desc.views[3].texture.multisampled = false;
            desc.views[3].texture.wgsl_group1_binding_n = 3;
            desc.samplers[0].stage = SG_SHADERSTAGE_FRAGMENT;
            desc.samplers[0].sampler_type = SG_SAMPLERTYPE_FILTERING;
            desc.samplers[0].wgsl_group1_binding_n = 32;
            desc.samplers[1].stage = SG_SHADERSTAGE_FRAGMENT;
            desc.samplers[1].sampler_type = SG_SAMPLERTYPE_FILTERING;
            desc.samplers[1].wgsl_group1_binding_n = 33;
            desc.samplers[2].stage = SG_SHADERSTAGE_FRAGMENT;
            desc.samplers[2].sampler_type = SG_SAMPLERTYPE_FILTERING;
            desc.samplers[2].wgsl_group1_binding_n = 34;
            desc.samplers[3].stage = SG_SHADERSTAGE_FRAGMENT;
            desc.samplers[3].sampler_type = SG_SAMPLERTYPE_FILTERING;
            desc.samplers[3].wgsl_group1_binding_n = 35;
            desc.texture_sampler_pairs[0].stage = SG_SHADERSTAGE_FRAGMENT;
            desc.texture_sampler_pairs[0].view_slot = 2;
            desc.texture_sampler_pairs[0].sampler_slot = 2;
            desc.texture_sampler_pairs[1].stage = SG_SHADERSTAGE_FRAGMENT;
            desc.texture_sampler_pairs[1].view_slot = 0;
            desc.texture_sampler_pairs[1].sampler_slot = 0;
            desc.texture_sampler_pairs[2].stage = SG_SHADERSTAGE_FRAGMENT;
            desc.texture_sampler_pairs[2].view_slot = 3;
            desc.texture_sampler_pairs[2].sampler_slot = 3;
            desc.texture_sampler_pairs[3].stage = SG_SHADERSTAGE_FRAGMENT;
            desc.texture_sampler_pairs[3].view_slot = 1;
            desc.texture_sampler_pairs[3].sampler_slot = 1;
            desc.label = "tcx_flow_fluid_jacobi_pressure_shader";
        }
        return &desc;
    }
    return 0;
}
static inline const sg_shader_desc* tcx_flow_fluid_obstacle_offset_shader_desc(sg_backend backend) {
    if (backend == SG_BACKEND_GLES3) {
        static sg_shader_desc desc;
        static bool valid;
        if (!valid) {
            valid = true;
            desc.vertex_func.source = (const char*)fluid_vs_source_glsl300es;
            desc.vertex_func.entry = "main";
            desc.fragment_func.source = (const char*)fs_obstacle_offset_source_glsl300es;
            desc.fragment_func.entry = "main";
            desc.attrs[0].base_type = SG_SHADERATTRBASETYPE_FLOAT;
            desc.attrs[0].glsl_name = "position";
            desc.attrs[1].base_type = SG_SHADERATTRBASETYPE_FLOAT;
            desc.attrs[1].glsl_name = "texcoord0";
            desc.uniform_blocks[0].stage = SG_SHADERSTAGE_FRAGMENT;
            desc.uniform_blocks[0].layout = SG_UNIFORMLAYOUT_STD140;
            desc.uniform_blocks[0].size = 64;
            desc.uniform_blocks[0].glsl_uniforms[0].type = SG_UNIFORMTYPE_FLOAT4;
            desc.uniform_blocks[0].glsl_uniforms[0].array_count = 4;
            desc.uniform_blocks[0].glsl_uniforms[0].glsl_name = "flow_params";
            desc.views[0].texture.stage = SG_SHADERSTAGE_FRAGMENT;
            desc.views[0].texture.image_type = SG_IMAGETYPE_2D;
            desc.views[0].texture.sample_type = SG_IMAGESAMPLETYPE_FLOAT;
            desc.views[0].texture.multisampled = false;
            desc.samplers[0].stage = SG_SHADERSTAGE_FRAGMENT;
            desc.samplers[0].sampler_type = SG_SAMPLERTYPE_FILTERING;
            desc.texture_sampler_pairs[0].stage = SG_SHADERSTAGE_FRAGMENT;
            desc.texture_sampler_pairs[0].view_slot = 0;
            desc.texture_sampler_pairs[0].sampler_slot = 0;
            desc.texture_sampler_pairs[0].glsl_name = "obstacleOffsetSourceTex_obstacleOffsetSourceSmp";
            desc.label = "tcx_flow_fluid_obstacle_offset_shader";
        }
        return &desc;
    }
    if (backend == SG_BACKEND_D3D11) {
        static sg_shader_desc desc;
        static bool valid;
        if (!valid) {
            valid = true;
            desc.vertex_func.source = (const char*)fluid_vs_source_hlsl5;
            desc.vertex_func.d3d11_target = "vs_5_0";
            desc.vertex_func.entry = "main";
            desc.fragment_func.source = (const char*)fs_obstacle_offset_source_hlsl5;
            desc.fragment_func.d3d11_target = "ps_5_0";
            desc.fragment_func.entry = "main";
            desc.attrs[0].base_type = SG_SHADERATTRBASETYPE_FLOAT;
            desc.attrs[0].hlsl_sem_name = "TEXCOORD";
            desc.attrs[0].hlsl_sem_index = 0;
            desc.attrs[1].base_type = SG_SHADERATTRBASETYPE_FLOAT;
            desc.attrs[1].hlsl_sem_name = "TEXCOORD";
            desc.attrs[1].hlsl_sem_index = 1;
            desc.uniform_blocks[0].stage = SG_SHADERSTAGE_FRAGMENT;
            desc.uniform_blocks[0].layout = SG_UNIFORMLAYOUT_STD140;
            desc.uniform_blocks[0].size = 64;
            desc.uniform_blocks[0].hlsl_register_b_n = 0;
            desc.views[0].texture.stage = SG_SHADERSTAGE_FRAGMENT;
            desc.views[0].texture.image_type = SG_IMAGETYPE_2D;
            desc.views[0].texture.sample_type = SG_IMAGESAMPLETYPE_FLOAT;
            desc.views[0].texture.multisampled = false;
            desc.views[0].texture.hlsl_register_t_n = 0;
            desc.samplers[0].stage = SG_SHADERSTAGE_FRAGMENT;
            desc.samplers[0].sampler_type = SG_SAMPLERTYPE_FILTERING;
            desc.samplers[0].hlsl_register_s_n = 0;
            desc.texture_sampler_pairs[0].stage = SG_SHADERSTAGE_FRAGMENT;
            desc.texture_sampler_pairs[0].view_slot = 0;
            desc.texture_sampler_pairs[0].sampler_slot = 0;
            desc.label = "tcx_flow_fluid_obstacle_offset_shader";
        }
        return &desc;
    }
    if (backend == SG_BACKEND_METAL_MACOS) {
        static sg_shader_desc desc;
        static bool valid;
        if (!valid) {
            valid = true;
            desc.vertex_func.source = (const char*)fluid_vs_source_metal_macos;
            desc.vertex_func.entry = "main0";
            desc.fragment_func.source = (const char*)fs_obstacle_offset_source_metal_macos;
            desc.fragment_func.entry = "main0";
            desc.attrs[0].base_type = SG_SHADERATTRBASETYPE_FLOAT;
            desc.attrs[1].base_type = SG_SHADERATTRBASETYPE_FLOAT;
            desc.uniform_blocks[0].stage = SG_SHADERSTAGE_FRAGMENT;
            desc.uniform_blocks[0].layout = SG_UNIFORMLAYOUT_STD140;
            desc.uniform_blocks[0].size = 64;
            desc.uniform_blocks[0].msl_buffer_n = 0;
            desc.views[0].texture.stage = SG_SHADERSTAGE_FRAGMENT;
            desc.views[0].texture.image_type = SG_IMAGETYPE_2D;
            desc.views[0].texture.sample_type = SG_IMAGESAMPLETYPE_FLOAT;
            desc.views[0].texture.multisampled = false;
            desc.views[0].texture.msl_texture_n = 0;
            desc.samplers[0].stage = SG_SHADERSTAGE_FRAGMENT;
            desc.samplers[0].sampler_type = SG_SAMPLERTYPE_FILTERING;
            desc.samplers[0].msl_sampler_n = 0;
            desc.texture_sampler_pairs[0].stage = SG_SHADERSTAGE_FRAGMENT;
            desc.texture_sampler_pairs[0].view_slot = 0;
            desc.texture_sampler_pairs[0].sampler_slot = 0;
            desc.label = "tcx_flow_fluid_obstacle_offset_shader";
        }
        return &desc;
    }
    if (backend == SG_BACKEND_WGPU) {
        static sg_shader_desc desc;
        static bool valid;
        if (!valid) {
            valid = true;
            desc.vertex_func.source = (const char*)fluid_vs_source_wgsl;
            desc.vertex_func.entry = "main";
            desc.fragment_func.source = (const char*)fs_obstacle_offset_source_wgsl;
            desc.fragment_func.entry = "main";
            desc.attrs[0].base_type = SG_SHADERATTRBASETYPE_FLOAT;
            desc.attrs[1].base_type = SG_SHADERATTRBASETYPE_FLOAT;
            desc.uniform_blocks[0].stage = SG_SHADERSTAGE_FRAGMENT;
            desc.uniform_blocks[0].layout = SG_UNIFORMLAYOUT_STD140;
            desc.uniform_blocks[0].size = 64;
            desc.uniform_blocks[0].wgsl_group0_binding_n = 0;
            desc.views[0].texture.stage = SG_SHADERSTAGE_FRAGMENT;
            desc.views[0].texture.image_type = SG_IMAGETYPE_2D;
            desc.views[0].texture.sample_type = SG_IMAGESAMPLETYPE_FLOAT;
            desc.views[0].texture.multisampled = false;
            desc.views[0].texture.wgsl_group1_binding_n = 0;
            desc.samplers[0].stage = SG_SHADERSTAGE_FRAGMENT;
            desc.samplers[0].sampler_type = SG_SAMPLERTYPE_FILTERING;
            desc.samplers[0].wgsl_group1_binding_n = 32;
            desc.texture_sampler_pairs[0].stage = SG_SHADERSTAGE_FRAGMENT;
            desc.texture_sampler_pairs[0].view_slot = 0;
            desc.texture_sampler_pairs[0].sampler_slot = 0;
            desc.label = "tcx_flow_fluid_obstacle_offset_shader";
        }
        return &desc;
    }
    return 0;
}
static inline const sg_shader_desc* tcx_flow_fluid_obstacle_splat_shader_desc(sg_backend backend) {
    if (backend == SG_BACKEND_GLES3) {
        static sg_shader_desc desc;
        static bool valid;
        if (!valid) {
            valid = true;
            desc.vertex_func.source = (const char*)fluid_vs_source_glsl300es;
            desc.vertex_func.entry = "main";
            desc.fragment_func.source = (const char*)fs_obstacle_splat_source_glsl300es;
            desc.fragment_func.entry = "main";
            desc.attrs[0].base_type = SG_SHADERATTRBASETYPE_FLOAT;
            desc.attrs[0].glsl_name = "position";
            desc.attrs[1].base_type = SG_SHADERATTRBASETYPE_FLOAT;
            desc.attrs[1].glsl_name = "texcoord0";
            desc.uniform_blocks[0].stage = SG_SHADERSTAGE_FRAGMENT;
            desc.uniform_blocks[0].layout = SG_UNIFORMLAYOUT_STD140;
            desc.uniform_blocks[0].size = 64;
            desc.uniform_blocks[0].glsl_uniforms[0].type = SG_UNIFORMTYPE_FLOAT4;
            desc.uniform_blocks[0].glsl_uniforms[0].array_count = 4;
            desc.uniform_blocks[0].glsl_uniforms[0].glsl_name = "flow_params";
            desc.views[1].texture.stage = SG_SHADERSTAGE_FRAGMENT;
            desc.views[1].texture.image_type = SG_IMAGETYPE_2D;
            desc.views[1].texture.sample_type = SG_IMAGESAMPLETYPE_FLOAT;
            desc.views[1].texture.multisampled = false;
            desc.samplers[1].stage = SG_SHADERSTAGE_FRAGMENT;
            desc.samplers[1].sampler_type = SG_SAMPLERTYPE_FILTERING;
            desc.texture_sampler_pairs[0].stage = SG_SHADERSTAGE_FRAGMENT;
            desc.texture_sampler_pairs[0].view_slot = 1;
            desc.texture_sampler_pairs[0].sampler_slot = 1;
            desc.texture_sampler_pairs[0].glsl_name = "fluidSourceTex_fluidSourceSmp";
            desc.label = "tcx_flow_fluid_obstacle_splat_shader";
        }
        return &desc;
    }
    if (backend == SG_BACKEND_D3D11) {
        static sg_shader_desc desc;
        static bool valid;
        if (!valid) {
            valid = true;
            desc.vertex_func.source = (const char*)fluid_vs_source_hlsl5;
            desc.vertex_func.d3d11_target = "vs_5_0";
            desc.vertex_func.entry = "main";
            desc.fragment_func.source = (const char*)fs_obstacle_splat_source_hlsl5;
            desc.fragment_func.d3d11_target = "ps_5_0";
            desc.fragment_func.entry = "main";
            desc.attrs[0].base_type = SG_SHADERATTRBASETYPE_FLOAT;
            desc.attrs[0].hlsl_sem_name = "TEXCOORD";
            desc.attrs[0].hlsl_sem_index = 0;
            desc.attrs[1].base_type = SG_SHADERATTRBASETYPE_FLOAT;
            desc.attrs[1].hlsl_sem_name = "TEXCOORD";
            desc.attrs[1].hlsl_sem_index = 1;
            desc.uniform_blocks[0].stage = SG_SHADERSTAGE_FRAGMENT;
            desc.uniform_blocks[0].layout = SG_UNIFORMLAYOUT_STD140;
            desc.uniform_blocks[0].size = 64;
            desc.uniform_blocks[0].hlsl_register_b_n = 0;
            desc.views[1].texture.stage = SG_SHADERSTAGE_FRAGMENT;
            desc.views[1].texture.image_type = SG_IMAGETYPE_2D;
            desc.views[1].texture.sample_type = SG_IMAGESAMPLETYPE_FLOAT;
            desc.views[1].texture.multisampled = false;
            desc.views[1].texture.hlsl_register_t_n = 0;
            desc.samplers[1].stage = SG_SHADERSTAGE_FRAGMENT;
            desc.samplers[1].sampler_type = SG_SAMPLERTYPE_FILTERING;
            desc.samplers[1].hlsl_register_s_n = 1;
            desc.texture_sampler_pairs[0].stage = SG_SHADERSTAGE_FRAGMENT;
            desc.texture_sampler_pairs[0].view_slot = 1;
            desc.texture_sampler_pairs[0].sampler_slot = 1;
            desc.label = "tcx_flow_fluid_obstacle_splat_shader";
        }
        return &desc;
    }
    if (backend == SG_BACKEND_METAL_MACOS) {
        static sg_shader_desc desc;
        static bool valid;
        if (!valid) {
            valid = true;
            desc.vertex_func.source = (const char*)fluid_vs_source_metal_macos;
            desc.vertex_func.entry = "main0";
            desc.fragment_func.source = (const char*)fs_obstacle_splat_source_metal_macos;
            desc.fragment_func.entry = "main0";
            desc.attrs[0].base_type = SG_SHADERATTRBASETYPE_FLOAT;
            desc.attrs[1].base_type = SG_SHADERATTRBASETYPE_FLOAT;
            desc.uniform_blocks[0].stage = SG_SHADERSTAGE_FRAGMENT;
            desc.uniform_blocks[0].layout = SG_UNIFORMLAYOUT_STD140;
            desc.uniform_blocks[0].size = 64;
            desc.uniform_blocks[0].msl_buffer_n = 0;
            desc.views[1].texture.stage = SG_SHADERSTAGE_FRAGMENT;
            desc.views[1].texture.image_type = SG_IMAGETYPE_2D;
            desc.views[1].texture.sample_type = SG_IMAGESAMPLETYPE_FLOAT;
            desc.views[1].texture.multisampled = false;
            desc.views[1].texture.msl_texture_n = 0;
            desc.samplers[1].stage = SG_SHADERSTAGE_FRAGMENT;
            desc.samplers[1].sampler_type = SG_SAMPLERTYPE_FILTERING;
            desc.samplers[1].msl_sampler_n = 1;
            desc.texture_sampler_pairs[0].stage = SG_SHADERSTAGE_FRAGMENT;
            desc.texture_sampler_pairs[0].view_slot = 1;
            desc.texture_sampler_pairs[0].sampler_slot = 1;
            desc.label = "tcx_flow_fluid_obstacle_splat_shader";
        }
        return &desc;
    }
    if (backend == SG_BACKEND_WGPU) {
        static sg_shader_desc desc;
        static bool valid;
        if (!valid) {
            valid = true;
            desc.vertex_func.source = (const char*)fluid_vs_source_wgsl;
            desc.vertex_func.entry = "main";
            desc.fragment_func.source = (const char*)fs_obstacle_splat_source_wgsl;
            desc.fragment_func.entry = "main";
            desc.attrs[0].base_type = SG_SHADERATTRBASETYPE_FLOAT;
            desc.attrs[1].base_type = SG_SHADERATTRBASETYPE_FLOAT;
            desc.uniform_blocks[0].stage = SG_SHADERSTAGE_FRAGMENT;
            desc.uniform_blocks[0].layout = SG_UNIFORMLAYOUT_STD140;
            desc.uniform_blocks[0].size = 64;
            desc.uniform_blocks[0].wgsl_group0_binding_n = 0;
            desc.views[1].texture.stage = SG_SHADERSTAGE_FRAGMENT;
            desc.views[1].texture.image_type = SG_IMAGETYPE_2D;
            desc.views[1].texture.sample_type = SG_IMAGESAMPLETYPE_FLOAT;
            desc.views[1].texture.multisampled = false;
            desc.views[1].texture.wgsl_group1_binding_n = 1;
            desc.samplers[1].stage = SG_SHADERSTAGE_FRAGMENT;
            desc.samplers[1].sampler_type = SG_SAMPLERTYPE_FILTERING;
            desc.samplers[1].wgsl_group1_binding_n = 33;
            desc.texture_sampler_pairs[0].stage = SG_SHADERSTAGE_FRAGMENT;
            desc.texture_sampler_pairs[0].view_slot = 1;
            desc.texture_sampler_pairs[0].sampler_slot = 1;
            desc.label = "tcx_flow_fluid_obstacle_splat_shader";
        }
        return &desc;
    }
    return 0;
}
static inline const sg_shader_desc* tcx_flow_fluid_splat_shader_desc(sg_backend backend) {
    if (backend == SG_BACKEND_GLES3) {
        static sg_shader_desc desc;
        static bool valid;
        if (!valid) {
            valid = true;
            desc.vertex_func.source = (const char*)fluid_vs_source_glsl300es;
            desc.vertex_func.entry = "main";
            desc.fragment_func.source = (const char*)fs_splat_source_glsl300es;
            desc.fragment_func.entry = "main";
            desc.attrs[0].base_type = SG_SHADERATTRBASETYPE_FLOAT;
            desc.attrs[0].glsl_name = "position";
            desc.attrs[1].base_type = SG_SHADERATTRBASETYPE_FLOAT;
            desc.attrs[1].glsl_name = "texcoord0";
            desc.uniform_blocks[0].stage = SG_SHADERSTAGE_FRAGMENT;
            desc.uniform_blocks[0].layout = SG_UNIFORMLAYOUT_STD140;
            desc.uniform_blocks[0].size = 64;
            desc.uniform_blocks[0].glsl_uniforms[0].type = SG_UNIFORMTYPE_FLOAT4;
            desc.uniform_blocks[0].glsl_uniforms[0].array_count = 4;
            desc.uniform_blocks[0].glsl_uniforms[0].glsl_name = "flow_params";
            desc.views[1].texture.stage = SG_SHADERSTAGE_FRAGMENT;
            desc.views[1].texture.image_type = SG_IMAGETYPE_2D;
            desc.views[1].texture.sample_type = SG_IMAGESAMPLETYPE_FLOAT;
            desc.views[1].texture.multisampled = false;
            desc.samplers[1].stage = SG_SHADERSTAGE_FRAGMENT;
            desc.samplers[1].sampler_type = SG_SAMPLERTYPE_FILTERING;
            desc.texture_sampler_pairs[0].stage = SG_SHADERSTAGE_FRAGMENT;
            desc.texture_sampler_pairs[0].view_slot = 1;
            desc.texture_sampler_pairs[0].sampler_slot = 1;
            desc.texture_sampler_pairs[0].glsl_name = "fluidSourceTex_fluidSourceSmp";
            desc.label = "tcx_flow_fluid_splat_shader";
        }
        return &desc;
    }
    if (backend == SG_BACKEND_D3D11) {
        static sg_shader_desc desc;
        static bool valid;
        if (!valid) {
            valid = true;
            desc.vertex_func.source = (const char*)fluid_vs_source_hlsl5;
            desc.vertex_func.d3d11_target = "vs_5_0";
            desc.vertex_func.entry = "main";
            desc.fragment_func.source = (const char*)fs_splat_source_hlsl5;
            desc.fragment_func.d3d11_target = "ps_5_0";
            desc.fragment_func.entry = "main";
            desc.attrs[0].base_type = SG_SHADERATTRBASETYPE_FLOAT;
            desc.attrs[0].hlsl_sem_name = "TEXCOORD";
            desc.attrs[0].hlsl_sem_index = 0;
            desc.attrs[1].base_type = SG_SHADERATTRBASETYPE_FLOAT;
            desc.attrs[1].hlsl_sem_name = "TEXCOORD";
            desc.attrs[1].hlsl_sem_index = 1;
            desc.uniform_blocks[0].stage = SG_SHADERSTAGE_FRAGMENT;
            desc.uniform_blocks[0].layout = SG_UNIFORMLAYOUT_STD140;
            desc.uniform_blocks[0].size = 64;
            desc.uniform_blocks[0].hlsl_register_b_n = 0;
            desc.views[1].texture.stage = SG_SHADERSTAGE_FRAGMENT;
            desc.views[1].texture.image_type = SG_IMAGETYPE_2D;
            desc.views[1].texture.sample_type = SG_IMAGESAMPLETYPE_FLOAT;
            desc.views[1].texture.multisampled = false;
            desc.views[1].texture.hlsl_register_t_n = 0;
            desc.samplers[1].stage = SG_SHADERSTAGE_FRAGMENT;
            desc.samplers[1].sampler_type = SG_SAMPLERTYPE_FILTERING;
            desc.samplers[1].hlsl_register_s_n = 1;
            desc.texture_sampler_pairs[0].stage = SG_SHADERSTAGE_FRAGMENT;
            desc.texture_sampler_pairs[0].view_slot = 1;
            desc.texture_sampler_pairs[0].sampler_slot = 1;
            desc.label = "tcx_flow_fluid_splat_shader";
        }
        return &desc;
    }
    if (backend == SG_BACKEND_METAL_MACOS) {
        static sg_shader_desc desc;
        static bool valid;
        if (!valid) {
            valid = true;
            desc.vertex_func.source = (const char*)fluid_vs_source_metal_macos;
            desc.vertex_func.entry = "main0";
            desc.fragment_func.source = (const char*)fs_splat_source_metal_macos;
            desc.fragment_func.entry = "main0";
            desc.attrs[0].base_type = SG_SHADERATTRBASETYPE_FLOAT;
            desc.attrs[1].base_type = SG_SHADERATTRBASETYPE_FLOAT;
            desc.uniform_blocks[0].stage = SG_SHADERSTAGE_FRAGMENT;
            desc.uniform_blocks[0].layout = SG_UNIFORMLAYOUT_STD140;
            desc.uniform_blocks[0].size = 64;
            desc.uniform_blocks[0].msl_buffer_n = 0;
            desc.views[1].texture.stage = SG_SHADERSTAGE_FRAGMENT;
            desc.views[1].texture.image_type = SG_IMAGETYPE_2D;
            desc.views[1].texture.sample_type = SG_IMAGESAMPLETYPE_FLOAT;
            desc.views[1].texture.multisampled = false;
            desc.views[1].texture.msl_texture_n = 0;
            desc.samplers[1].stage = SG_SHADERSTAGE_FRAGMENT;
            desc.samplers[1].sampler_type = SG_SAMPLERTYPE_FILTERING;
            desc.samplers[1].msl_sampler_n = 1;
            desc.texture_sampler_pairs[0].stage = SG_SHADERSTAGE_FRAGMENT;
            desc.texture_sampler_pairs[0].view_slot = 1;
            desc.texture_sampler_pairs[0].sampler_slot = 1;
            desc.label = "tcx_flow_fluid_splat_shader";
        }
        return &desc;
    }
    if (backend == SG_BACKEND_WGPU) {
        static sg_shader_desc desc;
        static bool valid;
        if (!valid) {
            valid = true;
            desc.vertex_func.source = (const char*)fluid_vs_source_wgsl;
            desc.vertex_func.entry = "main";
            desc.fragment_func.source = (const char*)fs_splat_source_wgsl;
            desc.fragment_func.entry = "main";
            desc.attrs[0].base_type = SG_SHADERATTRBASETYPE_FLOAT;
            desc.attrs[1].base_type = SG_SHADERATTRBASETYPE_FLOAT;
            desc.uniform_blocks[0].stage = SG_SHADERSTAGE_FRAGMENT;
            desc.uniform_blocks[0].layout = SG_UNIFORMLAYOUT_STD140;
            desc.uniform_blocks[0].size = 64;
            desc.uniform_blocks[0].wgsl_group0_binding_n = 0;
            desc.views[1].texture.stage = SG_SHADERSTAGE_FRAGMENT;
            desc.views[1].texture.image_type = SG_IMAGETYPE_2D;
            desc.views[1].texture.sample_type = SG_IMAGESAMPLETYPE_FLOAT;
            desc.views[1].texture.multisampled = false;
            desc.views[1].texture.wgsl_group1_binding_n = 1;
            desc.samplers[1].stage = SG_SHADERSTAGE_FRAGMENT;
            desc.samplers[1].sampler_type = SG_SAMPLERTYPE_FILTERING;
            desc.samplers[1].wgsl_group1_binding_n = 33;
            desc.texture_sampler_pairs[0].stage = SG_SHADERSTAGE_FRAGMENT;
            desc.texture_sampler_pairs[0].view_slot = 1;
            desc.texture_sampler_pairs[0].sampler_slot = 1;
            desc.label = "tcx_flow_fluid_splat_shader";
        }
        return &desc;
    }
    return 0;
}
static inline const sg_shader_desc* tcx_flow_fluid_vorticity_curl_shader_desc(sg_backend backend) {
    if (backend == SG_BACKEND_GLES3) {
        static sg_shader_desc desc;
        static bool valid;
        if (!valid) {
            valid = true;
            desc.vertex_func.source = (const char*)fluid_vs_source_glsl300es;
            desc.vertex_func.entry = "main";
            desc.fragment_func.source = (const char*)fs_vorticity_curl_source_glsl300es;
            desc.fragment_func.entry = "main";
            desc.attrs[0].base_type = SG_SHADERATTRBASETYPE_FLOAT;
            desc.attrs[0].glsl_name = "position";
            desc.attrs[1].base_type = SG_SHADERATTRBASETYPE_FLOAT;
            desc.attrs[1].glsl_name = "texcoord0";
            desc.uniform_blocks[0].stage = SG_SHADERSTAGE_FRAGMENT;
            desc.uniform_blocks[0].layout = SG_UNIFORMLAYOUT_STD140;
            desc.uniform_blocks[0].size = 64;
            desc.uniform_blocks[0].glsl_uniforms[0].type = SG_UNIFORMTYPE_FLOAT4;
            desc.uniform_blocks[0].glsl_uniforms[0].array_count = 4;
            desc.uniform_blocks[0].glsl_uniforms[0].glsl_name = "flow_params";
            desc.views[0].texture.stage = SG_SHADERSTAGE_FRAGMENT;
            desc.views[0].texture.image_type = SG_IMAGETYPE_2D;
            desc.views[0].texture.sample_type = SG_IMAGESAMPLETYPE_FLOAT;
            desc.views[0].texture.multisampled = false;
            desc.samplers[0].stage = SG_SHADERSTAGE_FRAGMENT;
            desc.samplers[0].sampler_type = SG_SAMPLERTYPE_FILTERING;
            desc.texture_sampler_pairs[0].stage = SG_SHADERSTAGE_FRAGMENT;
            desc.texture_sampler_pairs[0].view_slot = 0;
            desc.texture_sampler_pairs[0].sampler_slot = 0;
            desc.texture_sampler_pairs[0].glsl_name = "velocityTex_velocitySmp";
            desc.label = "tcx_flow_fluid_vorticity_curl_shader";
        }
        return &desc;
    }
    if (backend == SG_BACKEND_D3D11) {
        static sg_shader_desc desc;
        static bool valid;
        if (!valid) {
            valid = true;
            desc.vertex_func.source = (const char*)fluid_vs_source_hlsl5;
            desc.vertex_func.d3d11_target = "vs_5_0";
            desc.vertex_func.entry = "main";
            desc.fragment_func.source = (const char*)fs_vorticity_curl_source_hlsl5;
            desc.fragment_func.d3d11_target = "ps_5_0";
            desc.fragment_func.entry = "main";
            desc.attrs[0].base_type = SG_SHADERATTRBASETYPE_FLOAT;
            desc.attrs[0].hlsl_sem_name = "TEXCOORD";
            desc.attrs[0].hlsl_sem_index = 0;
            desc.attrs[1].base_type = SG_SHADERATTRBASETYPE_FLOAT;
            desc.attrs[1].hlsl_sem_name = "TEXCOORD";
            desc.attrs[1].hlsl_sem_index = 1;
            desc.uniform_blocks[0].stage = SG_SHADERSTAGE_FRAGMENT;
            desc.uniform_blocks[0].layout = SG_UNIFORMLAYOUT_STD140;
            desc.uniform_blocks[0].size = 64;
            desc.uniform_blocks[0].hlsl_register_b_n = 0;
            desc.views[0].texture.stage = SG_SHADERSTAGE_FRAGMENT;
            desc.views[0].texture.image_type = SG_IMAGETYPE_2D;
            desc.views[0].texture.sample_type = SG_IMAGESAMPLETYPE_FLOAT;
            desc.views[0].texture.multisampled = false;
            desc.views[0].texture.hlsl_register_t_n = 0;
            desc.samplers[0].stage = SG_SHADERSTAGE_FRAGMENT;
            desc.samplers[0].sampler_type = SG_SAMPLERTYPE_FILTERING;
            desc.samplers[0].hlsl_register_s_n = 0;
            desc.texture_sampler_pairs[0].stage = SG_SHADERSTAGE_FRAGMENT;
            desc.texture_sampler_pairs[0].view_slot = 0;
            desc.texture_sampler_pairs[0].sampler_slot = 0;
            desc.label = "tcx_flow_fluid_vorticity_curl_shader";
        }
        return &desc;
    }
    if (backend == SG_BACKEND_METAL_MACOS) {
        static sg_shader_desc desc;
        static bool valid;
        if (!valid) {
            valid = true;
            desc.vertex_func.source = (const char*)fluid_vs_source_metal_macos;
            desc.vertex_func.entry = "main0";
            desc.fragment_func.source = (const char*)fs_vorticity_curl_source_metal_macos;
            desc.fragment_func.entry = "main0";
            desc.attrs[0].base_type = SG_SHADERATTRBASETYPE_FLOAT;
            desc.attrs[1].base_type = SG_SHADERATTRBASETYPE_FLOAT;
            desc.uniform_blocks[0].stage = SG_SHADERSTAGE_FRAGMENT;
            desc.uniform_blocks[0].layout = SG_UNIFORMLAYOUT_STD140;
            desc.uniform_blocks[0].size = 64;
            desc.uniform_blocks[0].msl_buffer_n = 0;
            desc.views[0].texture.stage = SG_SHADERSTAGE_FRAGMENT;
            desc.views[0].texture.image_type = SG_IMAGETYPE_2D;
            desc.views[0].texture.sample_type = SG_IMAGESAMPLETYPE_FLOAT;
            desc.views[0].texture.multisampled = false;
            desc.views[0].texture.msl_texture_n = 0;
            desc.samplers[0].stage = SG_SHADERSTAGE_FRAGMENT;
            desc.samplers[0].sampler_type = SG_SAMPLERTYPE_FILTERING;
            desc.samplers[0].msl_sampler_n = 0;
            desc.texture_sampler_pairs[0].stage = SG_SHADERSTAGE_FRAGMENT;
            desc.texture_sampler_pairs[0].view_slot = 0;
            desc.texture_sampler_pairs[0].sampler_slot = 0;
            desc.label = "tcx_flow_fluid_vorticity_curl_shader";
        }
        return &desc;
    }
    if (backend == SG_BACKEND_WGPU) {
        static sg_shader_desc desc;
        static bool valid;
        if (!valid) {
            valid = true;
            desc.vertex_func.source = (const char*)fluid_vs_source_wgsl;
            desc.vertex_func.entry = "main";
            desc.fragment_func.source = (const char*)fs_vorticity_curl_source_wgsl;
            desc.fragment_func.entry = "main";
            desc.attrs[0].base_type = SG_SHADERATTRBASETYPE_FLOAT;
            desc.attrs[1].base_type = SG_SHADERATTRBASETYPE_FLOAT;
            desc.uniform_blocks[0].stage = SG_SHADERSTAGE_FRAGMENT;
            desc.uniform_blocks[0].layout = SG_UNIFORMLAYOUT_STD140;
            desc.uniform_blocks[0].size = 64;
            desc.uniform_blocks[0].wgsl_group0_binding_n = 0;
            desc.views[0].texture.stage = SG_SHADERSTAGE_FRAGMENT;
            desc.views[0].texture.image_type = SG_IMAGETYPE_2D;
            desc.views[0].texture.sample_type = SG_IMAGESAMPLETYPE_FLOAT;
            desc.views[0].texture.multisampled = false;
            desc.views[0].texture.wgsl_group1_binding_n = 0;
            desc.samplers[0].stage = SG_SHADERSTAGE_FRAGMENT;
            desc.samplers[0].sampler_type = SG_SAMPLERTYPE_FILTERING;
            desc.samplers[0].wgsl_group1_binding_n = 32;
            desc.texture_sampler_pairs[0].stage = SG_SHADERSTAGE_FRAGMENT;
            desc.texture_sampler_pairs[0].view_slot = 0;
            desc.texture_sampler_pairs[0].sampler_slot = 0;
            desc.label = "tcx_flow_fluid_vorticity_curl_shader";
        }
        return &desc;
    }
    return 0;
}
static inline const sg_shader_desc* tcx_flow_fluid_vorticity_force_shader_desc(sg_backend backend) {
    if (backend == SG_BACKEND_GLES3) {
        static sg_shader_desc desc;
        static bool valid;
        if (!valid) {
            valid = true;
            desc.vertex_func.source = (const char*)fluid_vs_source_glsl300es;
            desc.vertex_func.entry = "main";
            desc.fragment_func.source = (const char*)fs_vorticity_force_source_glsl300es;
            desc.fragment_func.entry = "main";
            desc.attrs[0].base_type = SG_SHADERATTRBASETYPE_FLOAT;
            desc.attrs[0].glsl_name = "position";
            desc.attrs[1].base_type = SG_SHADERATTRBASETYPE_FLOAT;
            desc.attrs[1].glsl_name = "texcoord0";
            desc.uniform_blocks[0].stage = SG_SHADERSTAGE_FRAGMENT;
            desc.uniform_blocks[0].layout = SG_UNIFORMLAYOUT_STD140;
            desc.uniform_blocks[0].size = 64;
            desc.uniform_blocks[0].glsl_uniforms[0].type = SG_UNIFORMTYPE_FLOAT4;
            desc.uniform_blocks[0].glsl_uniforms[0].array_count = 4;
            desc.uniform_blocks[0].glsl_uniforms[0].glsl_name = "flow_params";
            desc.views[0].texture.stage = SG_SHADERSTAGE_FRAGMENT;
            desc.views[0].texture.image_type = SG_IMAGETYPE_2D;
            desc.views[0].texture.sample_type = SG_IMAGESAMPLETYPE_FLOAT;
            desc.views[0].texture.multisampled = false;
            desc.views[1].texture.stage = SG_SHADERSTAGE_FRAGMENT;
            desc.views[1].texture.image_type = SG_IMAGETYPE_2D;
            desc.views[1].texture.sample_type = SG_IMAGESAMPLETYPE_FLOAT;
            desc.views[1].texture.multisampled = false;
            desc.samplers[0].stage = SG_SHADERSTAGE_FRAGMENT;
            desc.samplers[0].sampler_type = SG_SAMPLERTYPE_FILTERING;
            desc.samplers[1].stage = SG_SHADERSTAGE_FRAGMENT;
            desc.samplers[1].sampler_type = SG_SAMPLERTYPE_FILTERING;
            desc.texture_sampler_pairs[0].stage = SG_SHADERSTAGE_FRAGMENT;
            desc.texture_sampler_pairs[0].view_slot = 1;
            desc.texture_sampler_pairs[0].sampler_slot = 1;
            desc.texture_sampler_pairs[0].glsl_name = "curlTex_curlSmp";
            desc.texture_sampler_pairs[1].stage = SG_SHADERSTAGE_FRAGMENT;
            desc.texture_sampler_pairs[1].view_slot = 0;
            desc.texture_sampler_pairs[1].sampler_slot = 0;
            desc.texture_sampler_pairs[1].glsl_name = "velocityTex_velocitySmp";
            desc.label = "tcx_flow_fluid_vorticity_force_shader";
        }
        return &desc;
    }
    if (backend == SG_BACKEND_D3D11) {
        static sg_shader_desc desc;
        static bool valid;
        if (!valid) {
            valid = true;
            desc.vertex_func.source = (const char*)fluid_vs_source_hlsl5;
            desc.vertex_func.d3d11_target = "vs_5_0";
            desc.vertex_func.entry = "main";
            desc.fragment_func.source = (const char*)fs_vorticity_force_source_hlsl5;
            desc.fragment_func.d3d11_target = "ps_5_0";
            desc.fragment_func.entry = "main";
            desc.attrs[0].base_type = SG_SHADERATTRBASETYPE_FLOAT;
            desc.attrs[0].hlsl_sem_name = "TEXCOORD";
            desc.attrs[0].hlsl_sem_index = 0;
            desc.attrs[1].base_type = SG_SHADERATTRBASETYPE_FLOAT;
            desc.attrs[1].hlsl_sem_name = "TEXCOORD";
            desc.attrs[1].hlsl_sem_index = 1;
            desc.uniform_blocks[0].stage = SG_SHADERSTAGE_FRAGMENT;
            desc.uniform_blocks[0].layout = SG_UNIFORMLAYOUT_STD140;
            desc.uniform_blocks[0].size = 64;
            desc.uniform_blocks[0].hlsl_register_b_n = 0;
            desc.views[0].texture.stage = SG_SHADERSTAGE_FRAGMENT;
            desc.views[0].texture.image_type = SG_IMAGETYPE_2D;
            desc.views[0].texture.sample_type = SG_IMAGESAMPLETYPE_FLOAT;
            desc.views[0].texture.multisampled = false;
            desc.views[0].texture.hlsl_register_t_n = 0;
            desc.views[1].texture.stage = SG_SHADERSTAGE_FRAGMENT;
            desc.views[1].texture.image_type = SG_IMAGETYPE_2D;
            desc.views[1].texture.sample_type = SG_IMAGESAMPLETYPE_FLOAT;
            desc.views[1].texture.multisampled = false;
            desc.views[1].texture.hlsl_register_t_n = 1;
            desc.samplers[0].stage = SG_SHADERSTAGE_FRAGMENT;
            desc.samplers[0].sampler_type = SG_SAMPLERTYPE_FILTERING;
            desc.samplers[0].hlsl_register_s_n = 0;
            desc.samplers[1].stage = SG_SHADERSTAGE_FRAGMENT;
            desc.samplers[1].sampler_type = SG_SAMPLERTYPE_FILTERING;
            desc.samplers[1].hlsl_register_s_n = 1;
            desc.texture_sampler_pairs[0].stage = SG_SHADERSTAGE_FRAGMENT;
            desc.texture_sampler_pairs[0].view_slot = 1;
            desc.texture_sampler_pairs[0].sampler_slot = 1;
            desc.texture_sampler_pairs[1].stage = SG_SHADERSTAGE_FRAGMENT;
            desc.texture_sampler_pairs[1].view_slot = 0;
            desc.texture_sampler_pairs[1].sampler_slot = 0;
            desc.label = "tcx_flow_fluid_vorticity_force_shader";
        }
        return &desc;
    }
    if (backend == SG_BACKEND_METAL_MACOS) {
        static sg_shader_desc desc;
        static bool valid;
        if (!valid) {
            valid = true;
            desc.vertex_func.source = (const char*)fluid_vs_source_metal_macos;
            desc.vertex_func.entry = "main0";
            desc.fragment_func.source = (const char*)fs_vorticity_force_source_metal_macos;
            desc.fragment_func.entry = "main0";
            desc.attrs[0].base_type = SG_SHADERATTRBASETYPE_FLOAT;
            desc.attrs[1].base_type = SG_SHADERATTRBASETYPE_FLOAT;
            desc.uniform_blocks[0].stage = SG_SHADERSTAGE_FRAGMENT;
            desc.uniform_blocks[0].layout = SG_UNIFORMLAYOUT_STD140;
            desc.uniform_blocks[0].size = 64;
            desc.uniform_blocks[0].msl_buffer_n = 0;
            desc.views[0].texture.stage = SG_SHADERSTAGE_FRAGMENT;
            desc.views[0].texture.image_type = SG_IMAGETYPE_2D;
            desc.views[0].texture.sample_type = SG_IMAGESAMPLETYPE_FLOAT;
            desc.views[0].texture.multisampled = false;
            desc.views[0].texture.msl_texture_n = 0;
            desc.views[1].texture.stage = SG_SHADERSTAGE_FRAGMENT;
            desc.views[1].texture.image_type = SG_IMAGETYPE_2D;
            desc.views[1].texture.sample_type = SG_IMAGESAMPLETYPE_FLOAT;
            desc.views[1].texture.multisampled = false;
            desc.views[1].texture.msl_texture_n = 1;
            desc.samplers[0].stage = SG_SHADERSTAGE_FRAGMENT;
            desc.samplers[0].sampler_type = SG_SAMPLERTYPE_FILTERING;
            desc.samplers[0].msl_sampler_n = 0;
            desc.samplers[1].stage = SG_SHADERSTAGE_FRAGMENT;
            desc.samplers[1].sampler_type = SG_SAMPLERTYPE_FILTERING;
            desc.samplers[1].msl_sampler_n = 1;
            desc.texture_sampler_pairs[0].stage = SG_SHADERSTAGE_FRAGMENT;
            desc.texture_sampler_pairs[0].view_slot = 1;
            desc.texture_sampler_pairs[0].sampler_slot = 1;
            desc.texture_sampler_pairs[1].stage = SG_SHADERSTAGE_FRAGMENT;
            desc.texture_sampler_pairs[1].view_slot = 0;
            desc.texture_sampler_pairs[1].sampler_slot = 0;
            desc.label = "tcx_flow_fluid_vorticity_force_shader";
        }
        return &desc;
    }
    if (backend == SG_BACKEND_WGPU) {
        static sg_shader_desc desc;
        static bool valid;
        if (!valid) {
            valid = true;
            desc.vertex_func.source = (const char*)fluid_vs_source_wgsl;
            desc.vertex_func.entry = "main";
            desc.fragment_func.source = (const char*)fs_vorticity_force_source_wgsl;
            desc.fragment_func.entry = "main";
            desc.attrs[0].base_type = SG_SHADERATTRBASETYPE_FLOAT;
            desc.attrs[1].base_type = SG_SHADERATTRBASETYPE_FLOAT;
            desc.uniform_blocks[0].stage = SG_SHADERSTAGE_FRAGMENT;
            desc.uniform_blocks[0].layout = SG_UNIFORMLAYOUT_STD140;
            desc.uniform_blocks[0].size = 64;
            desc.uniform_blocks[0].wgsl_group0_binding_n = 0;
            desc.views[0].texture.stage = SG_SHADERSTAGE_FRAGMENT;
            desc.views[0].texture.image_type = SG_IMAGETYPE_2D;
            desc.views[0].texture.sample_type = SG_IMAGESAMPLETYPE_FLOAT;
            desc.views[0].texture.multisampled = false;
            desc.views[0].texture.wgsl_group1_binding_n = 0;
            desc.views[1].texture.stage = SG_SHADERSTAGE_FRAGMENT;
            desc.views[1].texture.image_type = SG_IMAGETYPE_2D;
            desc.views[1].texture.sample_type = SG_IMAGESAMPLETYPE_FLOAT;
            desc.views[1].texture.multisampled = false;
            desc.views[1].texture.wgsl_group1_binding_n = 1;
            desc.samplers[0].stage = SG_SHADERSTAGE_FRAGMENT;
            desc.samplers[0].sampler_type = SG_SAMPLERTYPE_FILTERING;
            desc.samplers[0].wgsl_group1_binding_n = 32;
            desc.samplers[1].stage = SG_SHADERSTAGE_FRAGMENT;
            desc.samplers[1].sampler_type = SG_SAMPLERTYPE_FILTERING;
            desc.samplers[1].wgsl_group1_binding_n = 33;
            desc.texture_sampler_pairs[0].stage = SG_SHADERSTAGE_FRAGMENT;
            desc.texture_sampler_pairs[0].view_slot = 1;
            desc.texture_sampler_pairs[0].sampler_slot = 1;
            desc.texture_sampler_pairs[1].stage = SG_SHADERSTAGE_FRAGMENT;
            desc.texture_sampler_pairs[1].view_slot = 0;
            desc.texture_sampler_pairs[1].sampler_slot = 0;
            desc.label = "tcx_flow_fluid_vorticity_force_shader";
        }
        return &desc;
    }
    return 0;
}
