#pragma once
/*
    #version:1# (machine generated, don't edit!)

    Generated by sokol-shdc (https://github.com/floooh/sokol-tools)

    Cmdline:
        sokol-shdc --input /Users/mac/Desktop/TrussC/addons/tcxFlowTools/shaders/opticalflow/opticalflow.glsl --output /Users/mac/Desktop/TrussC/addons/tcxFlowTools/shaders/opticalflow/opticalflow.glsl.h --slang metal_macos:hlsl5:glsl300es:wgsl --format sokol

    Overview:
    =========
    Shader program: 'tcx_flow_optical_difference':
        Get shader desc: tcx_flow_optical_difference_shader_desc(sg_query_backend());
        Vertex Shader: optical_vs
        Fragment Shader: fs_optical_difference
        Attributes:
            ATTR_tcx_flow_optical_difference_position => 0
            ATTR_tcx_flow_optical_difference_texcoord0 => 1
    Shader program: 'tcx_flow_optical_flow':
        Get shader desc: tcx_flow_optical_flow_shader_desc(sg_query_backend());
        Vertex Shader: optical_vs
        Fragment Shader: fs_optical_flow
        Attributes:
            ATTR_tcx_flow_optical_flow_position => 0
            ATTR_tcx_flow_optical_flow_texcoord0 => 1
    Shader program: 'tcx_flow_optical_gradient':
        Get shader desc: tcx_flow_optical_gradient_shader_desc(sg_query_backend());
        Vertex Shader: optical_vs
        Fragment Shader: fs_optical_gradient
        Attributes:
            ATTR_tcx_flow_optical_gradient_position => 0
            ATTR_tcx_flow_optical_gradient_texcoord0 => 1
    Shader program: 'tcx_flow_optical_luminance':
        Get shader desc: tcx_flow_optical_luminance_shader_desc(sg_query_backend());
        Vertex Shader: optical_vs
        Fragment Shader: fs_optical_luminance
        Attributes:
            ATTR_tcx_flow_optical_luminance_position => 0
            ATTR_tcx_flow_optical_luminance_texcoord0 => 1
    Shader program: 'tcx_flow_optical_temporal_smooth':
        Get shader desc: tcx_flow_optical_temporal_smooth_shader_desc(sg_query_backend());
        Vertex Shader: optical_vs
        Fragment Shader: fs_optical_temporal_smooth
        Attributes:
            ATTR_tcx_flow_optical_temporal_smooth_position => 0
            ATTR_tcx_flow_optical_temporal_smooth_texcoord0 => 1
    Shader program: 'tcx_flow_optical_visualize':
        Get shader desc: tcx_flow_optical_visualize_shader_desc(sg_query_backend());
        Vertex Shader: optical_vs
        Fragment Shader: fs_optical_visualize
        Attributes:
            ATTR_tcx_flow_optical_visualize_position => 0
            ATTR_tcx_flow_optical_visualize_texcoord0 => 1
    Bindings:
        Uniform block 'optical_params':
            C struct: optical_params_t
            Bind slot: UB_optical_params => 0
        Texture 'oflowCurrentTex':
            Image type: SG_IMAGETYPE_2D
            Sample type: SG_IMAGESAMPLETYPE_FLOAT
            Multisampled: false
            Bind slot: VIEW_oflowCurrentTex => 0
        Texture 'oflowPreviousTex':
            Image type: SG_IMAGETYPE_2D
            Sample type: SG_IMAGESAMPLETYPE_FLOAT
            Multisampled: false
            Bind slot: VIEW_oflowPreviousTex => 1
        Texture 'oflowColorTex':
            Image type: SG_IMAGETYPE_2D
            Sample type: SG_IMAGESAMPLETYPE_FLOAT
            Multisampled: false
            Bind slot: VIEW_oflowColorTex => 0
        Texture 'oflowCurrentFlowTex':
            Image type: SG_IMAGETYPE_2D
            Sample type: SG_IMAGESAMPLETYPE_FLOAT
            Multisampled: false
            Bind slot: VIEW_oflowCurrentFlowTex => 0
        Texture 'oflowPreviousFlowTex':
            Image type: SG_IMAGETYPE_2D
            Sample type: SG_IMAGESAMPLETYPE_FLOAT
            Multisampled: false
            Bind slot: VIEW_oflowPreviousFlowTex => 1
        Sampler 'oflowCurrentSmp':
            Type: SG_SAMPLERTYPE_FILTERING
            Bind slot: SMP_oflowCurrentSmp => 0
        Sampler 'oflowPreviousSmp':
            Type: SG_SAMPLERTYPE_FILTERING
            Bind slot: SMP_oflowPreviousSmp => 1
        Sampler 'oflowColorSmp':
            Type: SG_SAMPLERTYPE_FILTERING
            Bind slot: SMP_oflowColorSmp => 0
        Sampler 'oflowCurrentFlowSmp':
            Type: SG_SAMPLERTYPE_FILTERING
            Bind slot: SMP_oflowCurrentFlowSmp => 0
        Sampler 'oflowPreviousFlowSmp':
            Type: SG_SAMPLERTYPE_FILTERING
            Bind slot: SMP_oflowPreviousFlowSmp => 1
*/
#if !defined(SOKOL_GFX_INCLUDED)
#error "Please include sokol_gfx.h before opticalflow.glsl.h"
#endif
#if !defined(SOKOL_SHDC_ALIGN)
#if defined(_MSC_VER)
#define SOKOL_SHDC_ALIGN(a) __declspec(align(a))
#else
#define SOKOL_SHDC_ALIGN(a) __attribute__((aligned(a)))
#endif
#endif
#define ATTR_tcx_flow_optical_difference_position (0)
#define ATTR_tcx_flow_optical_difference_texcoord0 (1)
#define ATTR_tcx_flow_optical_flow_position (0)
#define ATTR_tcx_flow_optical_flow_texcoord0 (1)
#define ATTR_tcx_flow_optical_gradient_position (0)
#define ATTR_tcx_flow_optical_gradient_texcoord0 (1)
#define ATTR_tcx_flow_optical_luminance_position (0)
#define ATTR_tcx_flow_optical_luminance_texcoord0 (1)
#define ATTR_tcx_flow_optical_temporal_smooth_position (0)
#define ATTR_tcx_flow_optical_temporal_smooth_texcoord0 (1)
#define ATTR_tcx_flow_optical_visualize_position (0)
#define ATTR_tcx_flow_optical_visualize_texcoord0 (1)
#define UB_optical_params (0)
#define VIEW_oflowCurrentTex (0)
#define VIEW_oflowPreviousTex (1)
#define VIEW_oflowColorTex (0)
#define VIEW_oflowCurrentFlowTex (0)
#define VIEW_oflowPreviousFlowTex (1)
#define SMP_oflowCurrentSmp (0)
#define SMP_oflowPreviousSmp (1)
#define SMP_oflowColorSmp (0)
#define SMP_oflowCurrentFlowSmp (0)
#define SMP_oflowPreviousFlowSmp (1)
#pragma pack(push,1)
SOKOL_SHDC_ALIGN(16) typedef struct optical_params_t {
    float color[4];
    float resolution[4];
    float texel[4];
    float options[4];
} optical_params_t;
#pragma pack(pop)
/*
    #version 300 es

    layout(location = 0) in vec2 position;
    out vec2 uv;
    layout(location = 1) in vec2 texcoord0;

    void main()
    {
        gl_Position = vec4(position, 0.0, 1.0);
        uv = texcoord0;
    }

*/
static const uint8_t optical_vs_source_glsl300es[192] = {
    0x23,0x76,0x65,0x72,0x73,0x69,0x6f,0x6e,0x20,0x33,0x30,0x30,0x20,0x65,0x73,0x0a,
    0x0a,0x6c,0x61,0x79,0x6f,0x75,0x74,0x28,0x6c,0x6f,0x63,0x61,0x74,0x69,0x6f,0x6e,
    0x20,0x3d,0x20,0x30,0x29,0x20,0x69,0x6e,0x20,0x76,0x65,0x63,0x32,0x20,0x70,0x6f,
    0x73,0x69,0x74,0x69,0x6f,0x6e,0x3b,0x0a,0x6f,0x75,0x74,0x20,0x76,0x65,0x63,0x32,
    0x20,0x75,0x76,0x3b,0x0a,0x6c,0x61,0x79,0x6f,0x75,0x74,0x28,0x6c,0x6f,0x63,0x61,
    0x74,0x69,0x6f,0x6e,0x20,0x3d,0x20,0x31,0x29,0x20,0x69,0x6e,0x20,0x76,0x65,0x63,
    0x32,0x20,0x74,0x65,0x78,0x63,0x6f,0x6f,0x72,0x64,0x30,0x3b,0x0a,0x0a,0x76,0x6f,
    0x69,0x64,0x20,0x6d,0x61,0x69,0x6e,0x28,0x29,0x0a,0x7b,0x0a,0x20,0x20,0x20,0x20,
    0x67,0x6c,0x5f,0x50,0x6f,0x73,0x69,0x74,0x69,0x6f,0x6e,0x20,0x3d,0x20,0x76,0x65,
    0x63,0x34,0x28,0x70,0x6f,0x73,0x69,0x74,0x69,0x6f,0x6e,0x2c,0x20,0x30,0x2e,0x30,
    0x2c,0x20,0x31,0x2e,0x30,0x29,0x3b,0x0a,0x20,0x20,0x20,0x20,0x75,0x76,0x20,0x3d,
    0x20,0x74,0x65,0x78,0x63,0x6f,0x6f,0x72,0x64,0x30,0x3b,0x0a,0x7d,0x0a,0x0a,0x00,

};
/*
    #version 300 es
    precision mediump float;
    precision highp int;

    uniform highp vec4 optical_params[4];
    uniform highp sampler2D oflowColorTex_oflowColorSmp;

    in highp vec2 uv;
    layout(location = 0) out highp vec4 frag_color;

    void main()
    {
        highp vec4 _24 = texture(oflowColorTex_oflowColorSmp, uv);
        highp float _34 = dot(_24.xyz, vec3(0.2125999927520751953125, 0.715200006961822509765625, 0.072200000286102294921875));
        frag_color = vec4(_34, _34, _34, _24.w) * optical_params[0];
    }

*/
static const uint8_t fs_optical_luminance_source_glsl300es[492] = {
    0x23,0x76,0x65,0x72,0x73,0x69,0x6f,0x6e,0x20,0x33,0x30,0x30,0x20,0x65,0x73,0x0a,
    0x70,0x72,0x65,0x63,0x69,0x73,0x69,0x6f,0x6e,0x20,0x6d,0x65,0x64,0x69,0x75,0x6d,
    0x70,0x20,0x66,0x6c,0x6f,0x61,0x74,0x3b,0x0a,0x70,0x72,0x65,0x63,0x69,0x73,0x69,
    0x6f,0x6e,0x20,0x68,0x69,0x67,0x68,0x70,0x20,0x69,0x6e,0x74,0x3b,0x0a,0x0a,0x75,
    0x6e,0x69,0x66,0x6f,0x72,0x6d,0x20,0x68,0x69,0x67,0x68,0x70,0x20,0x76,0x65,0x63,
    0x34,0x20,0x6f,0x70,0x74,0x69,0x63,0x61,0x6c,0x5f,0x70,0x61,0x72,0x61,0x6d,0x73,
    0x5b,0x34,0x5d,0x3b,0x0a,0x75,0x6e,0x69,0x66,0x6f,0x72,0x6d,0x20,0x68,0x69,0x67,
    0x68,0x70,0x20,0x73,0x61,0x6d,0x70,0x6c,0x65,0x72,0x32,0x44,0x20,0x6f,0x66,0x6c,
    0x6f,0x77,0x43,0x6f,0x6c,0x6f,0x72,0x54,0x65,0x78,0x5f,0x6f,0x66,0x6c,0x6f,0x77,
    0x43,0x6f,0x6c,0x6f,0x72,0x53,0x6d,0x70,0x3b,0x0a,0x0a,0x69,0x6e,0x20,0x68,0x69,
    0x67,0x68,0x70,0x20,0x76,0x65,0x63,0x32,0x20,0x75,0x76,0x3b,0x0a,0x6c,0x61,0x79,
    0x6f,0x75,0x74,0x28,0x6c,0x6f,0x63,0x61,0x74,0x69,0x6f,0x6e,0x20,0x3d,0x20,0x30,
    0x29,0x20,0x6f,0x75,0x74,0x20,0x68,0x69,0x67,0x68,0x70,0x20,0x76,0x65,0x63,0x34,
    0x20,0x66,0x72,0x61,0x67,0x5f,0x63,0x6f,0x6c,0x6f,0x72,0x3b,0x0a,0x0a,0x76,0x6f,
    0x69,0x64,0x20,0x6d,0x61,0x69,0x6e,0x28,0x29,0x0a,0x7b,0x0a,0x20,0x20,0x20,0x20,
    0x68,0x69,0x67,0x68,0x70,0x20,0x76,0x65,0x63,0x34,0x20,0x5f,0x32,0x34,0x20,0x3d,
    0x20,0x74,0x65,0x78,0x74,0x75,0x72,0x65,0x28,0x6f,0x66,0x6c,0x6f,0x77,0x43,0x6f,
    0x6c,0x6f,0x72,0x54,0x65,0x78,0x5f,0x6f,0x66,0x6c,0x6f,0x77,0x43,0x6f,0x6c,0x6f,
    0x72,0x53,0x6d,0x70,0x2c,0x20,0x75,0x76,0x29,0x3b,0x0a,0x20,0x20,0x20,0x20,0x68,
    0x69,0x67,0x68,0x70,0x20,0x66,0x6c,0x6f,0x61,0x74,0x20,0x5f,0x33,0x34,0x20,0x3d,
    0x20,0x64,0x6f,0x74,0x28,0x5f,0x32,0x34,0x2e,0x78,0x79,0x7a,0x2c,0x20,0x76,0x65,
    0x63,0x33,0x28,0x30,0x2e,0x32,0x31,0x32,0x35,0x39,0x39,0x39,0x39,0x32,0x37,0x35,
    0x32,0x30,0x37,0x35,0x31,0x39,0x35,0x33,0x31,0x32,0x35,0x2c,0x20,0x30,0x2e,0x37,
    0x31,0x35,0x32,0x30,0x30,0x30,0x30,0x36,0x39,0x36,0x31,0x38,0x32,0x32,0x35,0x30,
    0x39,0x37,0x36,0x35,0x36,0x32,0x35,0x2c,0x20,0x30,0x2e,0x30,0x37,0x32,0x32,0x30,
    0x30,0x30,0x30,0x30,0x32,0x38,0x36,0x31,0x30,0x32,0x32,0x39,0x34,0x39,0x32,0x31,
    0x38,0x37,0x35,0x29,0x29,0x3b,0x0a,0x20,0x20,0x20,0x20,0x66,0x72,0x61,0x67,0x5f,
    0x63,0x6f,0x6c,0x6f,0x72,0x20,0x3d,0x20,0x76,0x65,0x63,0x34,0x28,0x5f,0x33,0x34,
    0x2c,0x20,0x5f,0x33,0x34,0x2c,0x20,0x5f,0x33,0x34,0x2c,0x20,0x5f,0x32,0x34,0x2e,
    0x77,0x29,0x20,0x2a,0x20,0x6f,0x70,0x74,0x69,0x63,0x61,0x6c,0x5f,0x70,0x61,0x72,
    0x61,0x6d,0x73,0x5b,0x30,0x5d,0x3b,0x0a,0x7d,0x0a,0x0a,0x00,
};
/*
    #version 300 es
    precision mediump float;
    precision highp int;

    uniform highp vec4 optical_params[4];
    uniform highp sampler2D oflowCurrentTex_oflowCurrentSmp;
    uniform highp sampler2D oflowPreviousTex_oflowPreviousSmp;

    in highp vec2 uv;
    layout(location = 0) out highp vec4 frag_color;

    void main()
    {
        highp float _40 = texture(oflowCurrentTex_oflowCurrentSmp, uv).x - texture(oflowPreviousTex_oflowPreviousSmp, uv).x;
        frag_color = vec4(_40, abs(_40), 0.0, 1.0) * optical_params[0];
    }

*/
static const uint8_t fs_optical_difference_source_glsl300es[492] = {
    0x23,0x76,0x65,0x72,0x73,0x69,0x6f,0x6e,0x20,0x33,0x30,0x30,0x20,0x65,0x73,0x0a,
    0x70,0x72,0x65,0x63,0x69,0x73,0x69,0x6f,0x6e,0x20,0x6d,0x65,0x64,0x69,0x75,0x6d,
    0x70,0x20,0x66,0x6c,0x6f,0x61,0x74,0x3b,0x0a,0x70,0x72,0x65,0x63,0x69,0x73,0x69,
    0x6f,0x6e,0x20,0x68,0x69,0x67,0x68,0x70,0x20,0x69,0x6e,0x74,0x3b,0x0a,0x0a,0x75,
    0x6e,0x69,0x66,0x6f,0x72,0x6d,0x20,0x68,0x69,0x67,0x68,0x70,0x20,0x76,0x65,0x63,
    0x34,0x20,0x6f,0x70,0x74,0x69,0x63,0x61,0x6c,0x5f,0x70,0x61,0x72,0x61,0x6d,0x73,
    0x5b,0x34,0x5d,0x3b,0x0a,0x75,0x6e,0x69,0x66,0x6f,0x72,0x6d,0x20,0x68,0x69,0x67,
    0x68,0x70,0x20,0x73,0x61,0x6d,0x70,0x6c,0x65,0x72,0x32,0x44,0x20,0x6f,0x66,0x6c,
    0x6f,0x77,0x43,0x75,0x72,0x72,0x65,0x6e,0x74,0x54,0x65,0x78,0x5f,0x6f,0x66,0x6c,
    0x6f,0x77,0x43,0x75,0x72,0x72,0x65,0x6e,0x74,0x53,0x6d,0x70,0x3b,0x0a,0x75,0x6e,
    0x69,0x66,0x6f,0x72,0x6d,0x20,0x68,0x69,0x67,0x68,0x70,0x20,0x73,0x61,0x6d,0x70,
    0x6c,0x65,0x72,0x32,0x44,0x20,0x6f,0x66,0x6c,0x6f,0x77,0x50,0x72,0x65,0x76,0x69,
    0x6f,0x75,0x73,0x54,0x65,0x78,0x5f,0x6f,0x66,0x6c,0x6f,0x77,0x50,0x72,0x65,0x76,
    0x69,0x6f,0x75,0x73,0x53,0x6d,0x70,0x3b,0x0a,0x0a,0x69,0x6e,0x20,0x68,0x69,0x67,
    0x68,0x70,0x20,0x76,0x65,0x63,0x32,0x20,0x75,0x76,0x3b,0x0a,0x6c,0x61,0x79,0x6f,
    0x75,0x74,0x28,0x6c,0x6f,0x63,0x61,0x74,0x69,0x6f,0x6e,0x20,0x3d,0x20,0x30,0x29,
    0x20,0x6f,0x75,0x74,0x20,0x68,0x69,0x67,0x68,0x70,0x20,0x76,0x65,0x63,0x34,0x20,
    0x66,0x72,0x61,0x67,0x5f,0x63,0x6f,0x6c,0x6f,0x72,0x3b,0x0a,0x0a,0x76,0x6f,0x69,
    0x64,0x20,0x6d,0x61,0x69,0x6e,0x28,0x29,0x0a,0x7b,0x0a,0x20,0x20,0x20,0x20,0x68,
    0x69,0x67,0x68,0x70,0x20,0x66,0x6c,0x6f,0x61,0x74,0x20,0x5f,0x34,0x30,0x20,0x3d,
    0x20,0x74,0x65,0x78,0x74,0x75,0x72,0x65,0x28,0x6f,0x66,0x6c,0x6f,0x77,0x43,0x75,
    0x72,0x72,0x65,0x6e,0x74,0x54,0x65,0x78,0x5f,0x6f,0x66,0x6c,0x6f,0x77,0x43,0x75,
    0x72,0x72,0x65,0x6e,0x74,0x53,0x6d,0x70,0x2c,0x20,0x75,0x76,0x29,0x2e,0x78,0x20,
    0x2d,0x20,0x74,0x65,0x78,0x74,0x75,0x72,0x65,0x28,0x6f,0x66,0x6c,0x6f,0x77,0x50,
    0x72,0x65,0x76,0x69,0x6f,0x75,0x73,0x54,0x65,0x78,0x5f,0x6f,0x66,0x6c,0x6f,0x77,
    0x50,0x72,0x65,0x76,0x69,0x6f,0x75,0x73,0x53,0x6d,0x70,0x2c,0x20,0x75,0x76,0x29,
    0x2e,0x78,0x3b,0x0a,0x20,0x20,0x20,0x20,0x66,0x72,0x61,0x67,0x5f,0x63,0x6f,0x6c,
    0x6f,0x72,0x20,0x3d,0x20,0x76,0x65,0x63,0x34,0x28,0x5f,0x34,0x30,0x2c,0x20,0x61,
    0x62,0x73,0x28,0x5f,0x34,0x30,0x29,0x2c,0x20,0x30,0x2e,0x30,0x2c,0x20,0x31,0x2e,
    0x30,0x29,0x20,0x2a,0x20,0x6f,0x70,0x74,0x69,0x63,0x61,0x6c,0x5f,0x70,0x61,0x72,
    0x61,0x6d,0x73,0x5b,0x30,0x5d,0x3b,0x0a,0x7d,0x0a,0x0a,0x00,
};
/*
    #version 300 es
    precision mediump float;
    precision highp int;

    uniform highp vec4 optical_params[4];
    uniform highp sampler2D oflowCurrentTex_oflowCurrentSmp;

    in highp vec2 uv;
    layout(location = 0) out highp vec4 frag_color;

    void main()
    {
        highp vec2 _28 = optical_params[2].xy * max(optical_params[3].y, 1.0);
        highp vec2 _48 = vec2(_28.x, 0.0);
        highp vec2 _70 = vec2(0.0, _28.y);
        frag_color = vec4((texture(oflowCurrentTex_oflowCurrentSmp, uv + _48).x - texture(oflowCurrentTex_oflowCurrentSmp, uv - _48).x) * 0.5, (texture(oflowCurrentTex_oflowCurrentSmp, uv + _70).x - texture(oflowCurrentTex_oflowCurrentSmp, uv - _70).x) * 0.5, 0.0, 1.0);
    }

*/
static const uint8_t fs_optical_gradient_source_glsl300es[664] = {
    0x23,0x76,0x65,0x72,0x73,0x69,0x6f,0x6e,0x20,0x33,0x30,0x30,0x20,0x65,0x73,0x0a,
    0x70,0x72,0x65,0x63,0x69,0x73,0x69,0x6f,0x6e,0x20,0x6d,0x65,0x64,0x69,0x75,0x6d,
    0x70,0x20,0x66,0x6c,0x6f,0x61,0x74,0x3b,0x0a,0x70,0x72,0x65,0x63,0x69,0x73,0x69,
    0x6f,0x6e,0x20,0x68,0x69,0x67,0x68,0x70,0x20,0x69,0x6e,0x74,0x3b,0x0a,0x0a,0x75,
    0x6e,0x69,0x66,0x6f,0x72,0x6d,0x20,0x68,0x69,0x67,0x68,0x70,0x20,0x76,0x65,0x63,
    0x34,0x20,0x6f,0x70,0x74,0x69,0x63,0x61,0x6c,0x5f,0x70,0x61,0x72,0x61,0x6d,0x73,
    0x5b,0x34,0x5d,0x3b,0x0a,0x75,0x6e,0x69,0x66,0x6f,0x72,0x6d,0x20,0x68,0x69,0x67,
    0x68,0x70,0x20,0x73,0x61,0x6d,0x70,0x6c,0x65,0x72,0x32,0x44,0x20,0x6f,0x66,0x6c,
    0x6f,0x77,0x43,0x75,0x72,0x72,0x65,0x6e,0x74,0x54,0x65,0x78,0x5f,0x6f,0x66,0x6c,
    0x6f,0x77,0x43,0x75,0x72,0x72,0x65,0x6e,0x74,0x53,0x6d,0x70,0x3b,0x0a,0x0a,0x69,
    0x6e,0x20,0x68,0x69,0x67,0x68,0x70,0x20,0x76,0x65,0x63,0x32,0x20,0x75,0x76,0x3b,
    0x0a,0x6c,0x61,0x79,0x6f,0x75,0x74,0x28,0x6c,0x6f,0x63,0x61,0x74,0x69,0x6f,0x6e,
    0x20,0x3d,0x20,0x30,0x29,0x20,0x6f,0x75,0x74,0x20,0x68,0x69,0x67,0x68,0x70,0x20,
    0x76,0x65,0x63,0x34,0x20,0x66,0x72,0x61,0x67,0x5f,0x63,0x6f,0x6c,0x6f,0x72,0x3b,
    0x0a,0x0a,0x76,0x6f,0x69,0x64,0x20,0x6d,0x61,0x69,0x6e,0x28,0x29,0x0a,0x7b,0x0a,
    0x20,0x20,0x20,0x20,0x68,0x69,0x67,0x68,0x70,0x20,0x76,0x65,0x63,0x32,0x20,0x5f,
    0x32,0x38,0x20,0x3d,0x20,0x6f,0x70,0x74,0x69,0x63,0x61,0x6c,0x5f,0x70,0x61,0x72,
    0x61,0x6d,0x73,0x5b,0x32,0x5d,0x2e,0x78,0x79,0x20,0x2a,0x20,0x6d,0x61,0x78,0x28,
    0x6f,0x70,0x74,0x69,0x63,0x61,0x6c,0x5f,0x70,0x61,0x72,0x61,0x6d,0x73,0x5b,0x33,
    0x5d,0x2e,0x79,0x2c,0x20,0x31,0x2e,0x30,0x29,0x3b,0x0a,0x20,0x20,0x20,0x20,0x68,
    0x69,0x67,0x68,0x70,0x20,0x76,0x65,0x63,0x32,0x20,0x5f,0x34,0x38,0x20,0x3d,0x20,
    0x76,0x65,0x63,0x32,0x28,0x5f,0x32,0x38,0x2e,0x78,0x2c,0x20,0x30,0x2e,0x30,0x29,
    0x3b,0x0a,0x20,0x20,0x20,0x20,0x68,0x69,0x67,0x68,0x70,0x20,0x76,0x65,0x63,0x32,
    0x20,0x5f,0x37,0x30,0x20,0x3d,0x20,0x76,0x65,0x63,0x32,0x28,0x30,0x2e,0x30,0x2c,
    0x20,0x5f,0x32,0x38,0x2e,0x79,0x29,0x3b,0x0a,0x20,0x20,0x20,0x20,0x66,0x72,0x61,
    0x67,0x5f,0x63,0x6f,0x6c,0x6f,0x72,0x20,0x3d,0x20,0x76,0x65,0x63,0x34,0x28,0x28,
    0x74,0x65,0x78,0x74,0x75,0x72,0x65,0x28,0x6f,0x66,0x6c,0x6f,0x77,0x43,0x75,0x72,
    0x72,0x65,0x6e,0x74,0x54,0x65,0x78,0x5f,0x6f,0x66,0x6c,0x6f,0x77,0x43,0x75,0x72,
    0x72,0x65,0x6e,0x74,0x53,0x6d,0x70,0x2c,0x20,0x75,0x76,0x20,0x2b,0x20,0x5f,0x34,
    0x38,0x29,0x2e,0x78,0x20,0x2d,0x20,0x74,0x65,0x78,0x74,0x75,0x72,0x65,0x28,0x6f,
    0x66,0x6c,0x6f,0x77,0x43,0x75,0x72,0x72,0x65,0x6e,0x74,0x54,0x65,0x78,0x5f,0x6f,
    0x66,0x6c,0x6f,0x77,0x43,0x75,0x72,0x72,0x65,0x6e,0x74,0x53,0x6d,0x70,0x2c,0x20,
    0x75,0x76,0x20,0x2d,0x20,0x5f,0x34,0x38,0x29,0x2e,0x78,0x29,0x20,0x2a,0x20,0x30,
    0x2e,0x35,0x2c,0x20,0x28,0x74,0x65,0x78,0x74,0x75,0x72,0x65,0x28,0x6f,0x66,0x6c,
    0x6f,0x77,0x43,0x75,0x72,0x72,0x65,0x6e,0x74,0x54,0x65,0x78,0x5f,0x6f,0x66,0x6c,
    0x6f,0x77,0x43,0x75,0x72,0x72,0x65,0x6e,0x74,0x53,0x6d,0x70,0x2c,0x20,0x75,0x76,
    0x20,0x2b,0x20,0x5f,0x37,0x30,0x29,0x2e,0x78,0x20,0x2d,0x20,0x74,0x65,0x78,0x74,
    0x75,0x72,0x65,0x28,0x6f,0x66,0x6c,0x6f,0x77,0x43,0x75,0x72,0x72,0x65,0x6e,0x74,
    0x54,0x65,0x78,0x5f,0x6f,0x66,0x6c,0x6f,0x77,0x43,0x75,0x72,0x72,0x65,0x6e,0x74,
    0x53,0x6d,0x70,0x2c,0x20,0x75,0x76,0x20,0x2d,0x20,0x5f,0x37,0x30,0x29,0x2e,0x78,
    0x29,0x20,0x2a,0x20,0x30,0x2e,0x35,0x2c,0x20,0x30,0x2e,0x30,0x2c,0x20,0x31,0x2e,
    0x30,0x29,0x3b,0x0a,0x7d,0x0a,0x0a,0x00,
};
/*
    #version 300 es
    precision mediump float;
    precision highp int;

    uniform highp vec4 optical_params[4];
    uniform highp sampler2D oflowCurrentTex_oflowCurrentSmp;
    uniform highp sampler2D oflowPreviousTex_oflowPreviousSmp;

    in highp vec2 uv;
    layout(location = 0) out highp vec4 frag_color;

    void main()
    {
        highp vec2 _28 = optical_params[2].xy * max(optical_params[3].y, 1.0);
        highp vec4 _44 = texture(oflowCurrentTex_oflowCurrentSmp, uv);
        highp vec4 _54 = texture(oflowPreviousTex_oflowPreviousSmp, uv);
        highp vec2 _64 = vec2(_28.x, 0.0);
        highp vec4 _66 = texture(oflowCurrentTex_oflowCurrentSmp, uv - _64);
        highp vec4 _77 = texture(oflowCurrentTex_oflowCurrentSmp, uv + _64);
        highp vec2 _86 = vec2(0.0, _28.y);
        highp vec4 _88 = texture(oflowCurrentTex_oflowCurrentSmp, uv - _86);
        highp vec4 _99 = texture(oflowCurrentTex_oflowCurrentSmp, uv + _86);
        highp vec2 _111 = vec2((_77.x - _66.x) * 0.5, (_99.x - _88.x) * 0.5);
        highp vec2 _142 = ((_111 * (-(_44.x - _54.x))) / vec2(max(dot(_111, _111) + optical_params[3].z, 9.9999999747524270787835121154785e-07))) * (optical_params[0].xy * optical_params[3].x);
        highp vec2 flow = _142;
        highp float _145 = length(_142);
        if (_145 > 9.9999999747524270787835121154785e-07)
        {
            flow *= (max(_145 - optical_params[3].w, 0.0) / _145);
        }
        else
        {
            flow = vec2(0.0);
        }
        frag_color = vec4(flow, 0.0, 1.0);
    }

*/
static const uint8_t fs_optical_flow_source_glsl300es[1428] = {
    0x23,0x76,0x65,0x72,0x73,0x69,0x6f,0x6e,0x20,0x33,0x30,0x30,0x20,0x65,0x73,0x0a,
    0x70,0x72,0x65,0x63,0x69,0x73,0x69,0x6f,0x6e,0x20,0x6d,0x65,0x64,0x69,0x75,0x6d,
    0x70,0x20,0x66,0x6c,0x6f,0x61,0x74,0x3b,0x0a,0x70,0x72,0x65,0x63,0x69,0x73,0x69,
    0x6f,0x6e,0x20,0x68,0x69,0x67,0x68,0x70,0x20,0x69,0x6e,0x74,0x3b,0x0a,0x0a,0x75,
    0x6e,0x69,0x66,0x6f,0x72,0x6d,0x20,0x68,0x69,0x67,0x68,0x70,0x20,0x76,0x65,0x63,
    0x34,0x20,0x6f,0x70,0x74,0x69,0x63,0x61,0x6c,0x5f,0x70,0x61,0x72,0x61,0x6d,0x73,
    0x5b,0x34,0x5d,0x3b,0x0a,0x75,0x6e,0x69,0x66,0x6f,0x72,0x6d,0x20,0x68,0x69,0x67,
    0x68,0x70,0x20,0x73,0x61,0x6d,0x70,0x6c,0x65,0x72,0x32,0x44,0x20,0x6f,0x66,0x6c,
    0x6f,0x77,0x43,0x75,0x72,0x72,0x65,0x6e,0x74,0x54,0x65,0x78,0x5f,0x6f,0x66,0x6c,
    0x6f,0x77,0x43,0x75,0x72,0x72,0x65,0x6e,0x74,0x53,0x6d,0x70,0x3b,0x0a,0x75,0x6e,
    0x69,0x66,0x6f,0x72,0x6d,0x20,0x68,0x69,0x67,0x68,0x70,0x20,0x73,0x61,0x6d,0x70,
    0x6c,0x65,0x72,0x32,0x44,0x20,0x6f,0x66,0x6c,0x6f,0x77,0x50,0x72,0x65,0x76,0x69,
    0x6f,0x75,0x73,0x54,0x65,0x78,0x5f,0x6f,0x66,0x6c,0x6f,0x77,0x50,0x72,0x65,0x76,
    0x69,0x6f,0x75,0x73,0x53,0x6d,0x70,0x3b,0x0a,0x0a,0x69,0x6e,0x20,0x68,0x69,0x67,
    0x68,0x70,0x20,0x76,0x65,0x63,0x32,0x20,0x75,0x76,0x3b,0x0a,0x6c,0x61,0x79,0x6f,
    0x75,0x74,0x28,0x6c,0x6f,0x63,0x61,0x74,0x69,0x6f,0x6e,0x20,0x3d,0x20,0x30,0x29,
    0x20,0x6f,0x75,0x74,0x20,0x68,0x69,0x67,0x68,0x70,0x20,0x76,0x65,0x63,0x34,0x20,
    0x66,0x72,0x61,0x67,0x5f,0x63,0x6f,0x6c,0x6f,0x72,0x3b,0x0a,0x0a,0x76,0x6f,0x69,
    0x64,0x20,0x6d,0x61,0x69,0x6e,0x28,0x29,0x0a,0x7b,0x0a,0x20,0x20,0x20,0x20,0x68,
    0x69,0x67,0x68,0x70,0x20,0x76,0x65,0x63,0x32,0x20,0x5f,0x32,0x38,0x20,0x3d,0x20,
    0x6f,0x70,0x74,0x69,0x63,0x61,0x6c,0x5f,0x70,0x61,0x72,0x61,0x6d,0x73,0x5b,0x32,
    0x5d,0x2e,0x78,0x79,0x20,0x2a,0x20,0x6d,0x61,0x78,0x28,0x6f,0x70,0x74,0x69,0x63,
    0x61,0x6c,0x5f,0x70,0x61,0x72,0x61,0x6d,0x73,0x5b,0x33,0x5d,0x2e,0x79,0x2c,0x20,
    0x31,0x2e,0x30,0x29,0x3b,0x0a,0x20,0x20,0x20,0x20,0x68,0x69,0x67,0x68,0x70,0x20,
    0x76,0x65,0x63,0x34,0x20,0x5f,0x34,0x34,0x20,0x3d,0x20,0x74,0x65,0x78,0x74,0x75,
    0x72,0x65,0x28,0x6f,0x66,0x6c,0x6f,0x77,0x43,0x75,0x72,0x72,0x65,0x6e,0x74,0x54,
    0x65,0x78,0x5f,0x6f,0x66,0x6c,0x6f,0x77,0x43,0x75,0x72,0x72,0x65,0x6e,0x74,0x53,
    0x6d,0x70,0x2c,0x20,0x75,0x76,0x29,0x3b,0x0a,0x20,0x20,0x20,0x20,0x68,0x69,0x67,
    0x68,0x70,0x20,0x76,0x65,0x63,0x34,0x20,0x5f,0x35,0x34,0x20,0x3d,0x20,0x74,0x65,
    0x78,0x74,0x75,0x72,0x65,0x28,0x6f,0x66,0x6c,0x6f,0x77,0x50,0x72,0x65,0x76,0x69,
    0x6f,0x75,0x73,0x54,0x65,0x78,0x5f,0x6f,0x66,0x6c,0x6f,0x77,0x50,0x72,0x65,0x76,
    0x69,0x6f,0x75,0x73,0x53,0x6d,0x70,0x2c,0x20,0x75,0x76,0x29,0x3b,0x0a,0x20,0x20,
    0x20,0x20,0x68,0x69,0x67,0x68,0x70,0x20,0x76,0x65,0x63,0x32,0x20,0x5f,0x36,0x34,
    0x20,0x3d,0x20,0x76,0x65,0x63,0x32,0x28,0x5f,0x32,0x38,0x2e,0x78,0x2c,0x20,0x30,
    0x2e,0x30,0x29,0x3b,0x0a,0x20,0x20,0x20,0x20,0x68,0x69,0x67,0x68,0x70,0x20,0x76,
    0x65,0x63,0x34,0x20,0x5f,0x36,0x36,0x20,0x3d,0x20,0x74,0x65,0x78,0x74,0x75,0x72,
    0x65,0x28,0x6f,0x66,0x6c,0x6f,0x77,0x43,0x75,0x72,0x72,0x65,0x6e,0x74,0x54,0x65,
    0x78,0x5f,0x6f,0x66,0x6c,0x6f,0x77,0x43,0x75,0x72,0x72,0x65,0x6e,0x74,0x53,0x6d,
    0x70,0x2c,0x20,0x75,0x76,0x20,0x2d,0x20,0x5f,0x36,0x34,0x29,0x3b,0x0a,0x20,0x20,
    0x20,0x20,0x68,0x69,0x67,0x68,0x70,0x20,0x76,0x65,0x63,0x34,0x20,0x5f,0x37,0x37,
    0x20,0x3d,0x20,0x74,0x65,0x78,0x74,0x75,0x72,0x65,0x28,0x6f,0x66,0x6c,0x6f,0x77,
    0x43,0x75,0x72,0x72,0x65,0x6e,0x74,0x54,0x65,0x78,0x5f,0x6f,0x66,0x6c,0x6f,0x77,
    0x43,0x75,0x72,0x72,0x65,0x6e,0x74,0x53,0x6d,0x70,0x2c,0x20,0x75,0x76,0x20,0x2b,
    0x20,0x5f,0x36,0x34,0x29,0x3b,0x0a,0x20,0x20,0x20,0x20,0x68,0x69,0x67,0x68,0x70,
    0x20,0x76,0x65,0x63,0x32,0x20,0x5f,0x38,0x36,0x20,0x3d,0x20,0x76,0x65,0x63,0x32,
    0x28,0x30,0x2e,0x30,0x2c,0x20,0x5f,0x32,0x38,0x2e,0x79,0x29,0x3b,0x0a,0x20,0x20,
    0x20,0x20,0x68,0x69,0x67,0x68,0x70,0x20,0x76,0x65,0x63,0x34,0x20,0x5f,0x38,0x38,
    0x20,0x3d,0x20,0x74,0x65,0x78,0x74,0x75,0x72,0x65,0x28,0x6f,0x66,0x6c,0x6f,0x77,
    0x43,0x75,0x72,0x72,0x65,0x6e,0x74,0x54,0x65,0x78,0x5f,0x6f,0x66,0x6c,0x6f,0x77,
    0x43,0x75,0x72,0x72,0x65,0x6e,0x74,0x53,0x6d,0x70,0x2c,0x20,0x75,0x76,0x20,0x2d,
    0x20,0x5f,0x38,0x36,0x29,0x3b,0x0a,0x20,0x20,0x20,0x20,0x68,0x69,0x67,0x68,0x70,
    0x20,0x76,0x65,0x63,0x34,0x20,0x5f,0x39,0x39,0x20,0x3d,0x20,0x74,0x65,0x78,0x74,
    0x75,0x72,0x65,0x28,0x6f,0x66,0x6c,0x6f,0x77,0x43,0x75,0x72,0x72,0x65,0x6e,0x74,
    0x54,0x65,0x78,0x5f,0x6f,0x66,0x6c,0x6f,0x77,0x43,0x75,0x72,0x72,0x65,0x6e,0x74,
    0x53,0x6d,0x70,0x2c,0x20,0x75,0x76,0x20,0x2b,0x20,0x5f,0x38,0x36,0x29,0x3b,0x0a,
    0x20,0x20,0x20,0x20,0x68,0x69,0x67,0x68,0x70,0x20,0x76,0x65,0x63,0x32,0x20,0x5f,
    0x31,0x31,0x31,0x20,0x3d,0x20,0x76,0x65,0x63,0x32,0x28,0x28,0x5f,0x37,0x37,0x2e,
    0x78,0x20,0x2d,0x20,0x5f,0x36,0x36,0x2e,0x78,0x29,0x20,0x2a,0x20,0x30,0x2e,0x35,
    0x2c,0x20,0x28,0x5f,0x39,0x39,0x2e,0x78,0x20,0x2d,0x20,0x5f,0x38,0x38,0x2e,0x78,
    0x29,0x20,0x2a,0x20,0x30,0x2e,0x35,0x29,0x3b,0x0a,0x20,0x20,0x20,0x20,0x68,0x69,
    0x67,0x68,0x70,0x20,0x76,0x65,0x63,0x32,0x20,0x5f,0x31,0x34,0x32,0x20,0x3d,0x20,
    0x28,0x28,0x5f,0x31,0x31,0x31,0x20,0x2a,0x20,0x28,0x2d,0x28,0x5f,0x34,0x34,0x2e,
    0x78,0x20,0x2d,0x20,0x5f,0x35,0x34,0x2e,0x78,0x29,0x29,0x29,0x20,0x2f,0x20,0x76,
    0x65,0x63,0x32,0x28,0x6d,0x61,0x78,0x28,0x64,0x6f,0x74,0x28,0x5f,0x31,0x31,0x31,
    0x2c,0x20,0x5f,0x31,0x31,0x31,0x29,0x20,0x2b,0x20,0x6f,0x70,0x74,0x69,0x63,0x61,
    0x6c,0x5f,0x70,0x61,0x72,0x61,0x6d,0x73,0x5b,0x33,0x5d,0x2e,0x7a,0x2c,0x20,0x39,
    0x2e,0x39,0x39,0x39,0x39,0x39,0x39,0x39,0x37,0x34,0x37,0x35,0x32,0x34,0x32,0x37,
    0x30,0x37,0x38,0x37,0x38,0x33,0x35,0x31,0x32,0x31,0x31,0x35,0x34,0x37,0x38,0x35,
    0x65,0x2d,0x30,0x37,0x29,0x29,0x29,0x20,0x2a,0x20,0x28,0x6f,0x70,0x74,0x69,0x63,
    0x61,0x6c,0x5f,0x70,0x61,0x72,0x61,0x6d,0x73,0x5b,0x30,0x5d,0x2e,0x78,0x79,0x20,
    0x2a,0x20,0x6f,0x70,0x74,0x69,0x63,0x61,0x6c,0x5f,0x70,0x61,0x72,0x61,0x6d,0x73,
    0x5b,0x33,0x5d,0x2e,0x78,0x29,0x3b,0x0a,0x20,0x20,0x20,0x20,0x68,0x69,0x67,0x68,
    0x70,0x20,0x76,0x65,0x63,0x32,0x20,0x66,0x6c,0x6f,0x77,0x20,0x3d,0x20,0x5f,0x31,
    0x34,0x32,0x3b,0x0a,0x20,0x20,0x20,0x20,0x68,0x69,0x67,0x68,0x70,0x20,0x66,0x6c,
    0x6f,0x61,0x74,0x20,0x5f,0x31,0x34,0x35,0x20,0x3d,0x20,0x6c,0x65,0x6e,0x67,0x74,
    0x68,0x28,0x5f,0x31,0x34,0x32,0x29,0x3b,0x0a,0x20,0x20,0x20,0x20,0x69,0x66,0x20,
    0x28,0x5f,0x31,0x34,0x35,0x20,0x3e,0x20,0x39,0x2e,0x39,0x39,0x39,0x39,0x39,0x39,
    0x39,0x37,0x34,0x37,0x35,0x32,0x34,0x32,0x37,0x30,0x37,0x38,0x37,0x38,0x33,0x35,
    0x31,0x32,0x31,0x31,0x35,0x34,0x37,0x38,0x35,0x65,0x2d,0x30,0x37,0x29,0x0a,0x20,
    0x20,0x20,0x20,0x7b,0x0a,0x20,0x20,0x20,0x20,0x20,0x20,0x20,0x20,0x66,0x6c,0x6f,
    0x77,0x20,0x2a,0x3d,0x20,0x28,0x6d,0x61,0x78,0x28,0x5f,0x31,0x34,0x35,0x20,0x2d,
    0x20,0x6f,0x70,0x74,0x69,0x63,0x61,0x6c,0x5f,0x70,0x61,0x72,0x61,0x6d,0x73,0x5b,
    0x33,0x5d,0x2e,0x77,0x2c,0x20,0x30,0x2e,0x30,0x29,0x20,0x2f,0x20,0x5f,0x31,0x34,
    0x35,0x29,0x3b,0x0a,0x20,0x20,0x20,0x20,0x7d,0x0a,0x20,0x20,0x20,0x20,0x65,0x6c,
    0x73,0x65,0x0a,0x20,0x20,0x20,0x20,0x7b,0x0a,0x20,0x20,0x20,0x20,0x20,0x20,0x20,
    0x20,0x66,0x6c,0x6f,0x77,0x20,0x3d,0x20,0x76,0x65,0x63,0x32,0x28,0x30,0x2e,0x30,
    0x29,0x3b,0x0a,0x20,0x20,0x20,0x20,0x7d,0x0a,0x20,0x20,0x20,0x20,0x66,0x72,0x61,
    0x67,0x5f,0x63,0x6f,0x6c,0x6f,0x72,0x20,0x3d,0x20,0x76,0x65,0x63,0x34,0x28,0x66,
    0x6c,0x6f,0x77,0x2c,0x20,0x30,0x2e,0x30,0x2c,0x20,0x31,0x2e,0x30,0x29,0x3b,0x0a,
    0x7d,0x0a,0x0a,0x00,
};
/*
    #version 300 es
    precision mediump float;
    precision highp int;

    uniform highp vec4 optical_params[4];
    uniform highp sampler2D oflowCurrentFlowTex_oflowCurrentFlowSmp;
    uniform highp sampler2D oflowPreviousFlowTex_oflowPreviousFlowSmp;

    in highp vec2 uv;
    layout(location = 0) out highp vec4 frag_color;

    void main()
    {
        frag_color = vec4(mix(texture(oflowCurrentFlowTex_oflowCurrentFlowSmp, uv).xy, texture(oflowPreviousFlowTex_oflowPreviousFlowSmp, uv).xy, vec2(clamp(optical_params[3].y, 0.0, 1.0))) * optical_params[3].z, 0.0, 1.0);
    }

*/
static const uint8_t fs_optical_temporal_smooth_source_glsl300es[539] = {
    0x23,0x76,0x65,0x72,0x73,0x69,0x6f,0x6e,0x20,0x33,0x30,0x30,0x20,0x65,0x73,0x0a,
    0x70,0x72,0x65,0x63,0x69,0x73,0x69,0x6f,0x6e,0x20,0x6d,0x65,0x64,0x69,0x75,0x6d,
    0x70,0x20,0x66,0x6c,0x6f,0x61,0x74,0x3b,0x0a,0x70,0x72,0x65,0x63,0x69,0x73,0x69,
    0x6f,0x6e,0x20,0x68,0x69,0x67,0x68,0x70,0x20,0x69,0x6e,0x74,0x3b,0x0a,0x0a,0x75,
    0x6e,0x69,0x66,0x6f,0x72,0x6d,0x20,0x68,0x69,0x67,0x68,0x70,0x20,0x76,0x65,0x63,
    0x34,0x20,0x6f,0x70,0x74,0x69,0x63,0x61,0x6c,0x5f,0x70,0x61,0x72,0x61,0x6d,0x73,
    0x5b,0x34,0x5d,0x3b,0x0a,0x75,0x6e,0x69,0x66,0x6f,0x72,0x6d,0x20,0x68,0x69,0x67,
    0x68,0x70,0x20,0x73,0x61,0x6d,0x70,0x6c,0x65,0x72,0x32,0x44,0x20,0x6f,0x66,0x6c,
    0x6f,0x77,0x43,0x75,0x72,0x72,0x65,0x6e,0x74,0x46,0x6c,0x6f,0x77,0x54,0x65,0x78,
    0x5f,0x6f,0x66,0x6c,0x6f,0x77,0x43,0x75,0x72,0x72,0x65,0x6e,0x74,0x46,0x6c,0x6f,
    0x77,0x53,0x6d,0x70,0x3b,0x0a,0x75,0x6e,0x69,0x66,0x6f,0x72,0x6d,0x20,0x68,0x69,
    0x67,0x68,0x70,0x20,0x73,0x61,0x6d,0x70,0x6c,0x65,0x72,0x32,0x44,0x20,0x6f,0x66,
    0x6c,0x6f,0x77,0x50,0x72,0x65,0x76,0x69,0x6f,0x75,0x73,0x46,0x6c,0x6f,0x77,0x54,
    0x65,0x78,0x5f,0x6f,0x66,0x6c,0x6f,0x77,0x50,0x72,0x65,0x76,0x69,0x6f,0x75,0x73,
    0x46,0x6c,0x6f,0x77,0x53,0x6d,0x70,0x3b,0x0a,0x0a,0x69,0x6e,0x20,0x68,0x69,0x67,
    0x68,0x70,0x20,0x76,0x65,0x63,0x32,0x20,0x75,0x76,0x3b,0x0a,0x6c,0x61,0x79,0x6f,
    0x75,0x74,0x28,0x6c,0x6f,0x63,0x61,0x74,0x69,0x6f,0x6e,0x20,0x3d,0x20,0x30,0x29,
    0x20,0x6f,0x75,0x74,0x20,0x68,0x69,0x67,0x68,0x70,0x20,0x76,0x65,0x63,0x34,0x20,
    0x66,0x72,0x61,0x67,0x5f,0x63,0x6f,0x6c,0x6f,0x72,0x3b,0x0a,0x0a,0x76,0x6f,0x69,
    0x64,0x20,0x6d,0x61,0x69,0x6e,0x28,0x29,0x0a,0x7b,0x0a,0x20,0x20,0x20,0x20,0x66,
    0x72,0x61,0x67,0x5f,0x63,0x6f,0x6c,0x6f,0x72,0x20,0x3d,0x20,0x76,0x65,0x63,0x34,
    0x28,0x6d,0x69,0x78,0x28,0x74,0x65,0x78,0x74,0x75,0x72,0x65,0x28,0x6f,0x66,0x6c,
    0x6f,0x77,0x43,0x75,0x72,0x72,0x65,0x6e,0x74,0x46,0x6c,0x6f,0x77,0x54,0x65,0x78,
    0x5f,0x6f,0x66,0x6c,0x6f,0x77,0x43,0x75,0x72,0x72,0x65,0x6e,0x74,0x46,0x6c,0x6f,
    0x77,0x53,0x6d,0x70,0x2c,0x20,0x75,0x76,0x29,0x2e,0x78,0x79,0x2c,0x20,0x74,0x65,
    0x78,0x74,0x75,0x72,0x65,0x28,0x6f,0x66,0x6c,0x6f,0x77,0x50,0x72,0x65,0x76,0x69,
    0x6f,0x75,0x73,0x46,0x6c,0x6f,0x77,0x54,0x65,0x78,0x5f,0x6f,0x66,0x6c,0x6f,0x77,
    0x50,0x72,0x65,0x76,0x69,0x6f,0x75,0x73,0x46,0x6c,0x6f,0x77,0x53,0x6d,0x70,0x2c,
    0x20,0x75,0x76,0x29,0x2e,0x78,0x79,0x2c,0x20,0x76,0x65,0x63,0x32,0x28,0x63,0x6c,
    0x61,0x6d,0x70,0x28,0x6f,0x70,0x74,0x69,0x63,0x61,0x6c,0x5f,0x70,0x61,0x72,0x61,
    0x6d,0x73,0x5b,0x33,0x5d,0x2e,0x79,0x2c,0x20,0x30,0x2e,0x30,0x2c,0x20,0x31,0x2e,
    0x30,0x29,0x29,0x29,0x20,0x2a,0x20,0x6f,0x70,0x74,0x69,0x63,0x61,0x6c,0x5f,0x70,
    0x61,0x72,0x61,0x6d,0x73,0x5b,0x33,0x5d,0x2e,0x7a,0x2c,0x20,0x30,0x2e,0x30,0x2c,
    0x20,0x31,0x2e,0x30,0x29,0x3b,0x0a,0x7d,0x0a,0x0a,0x00,
};
/*
    #version 300 es
    precision mediump float;
    precision highp int;

    uniform highp vec4 optical_params[4];
    uniform highp sampler2D oflowCurrentFlowTex_oflowCurrentFlowSmp;

    in highp vec2 uv;
    layout(location = 0) out highp vec4 frag_color;

    void main()
    {
        highp vec2 _36 = texture(oflowCurrentFlowTex_oflowCurrentFlowSmp, uv).xy * optical_params[3].x;
        highp float _48 = _36.x;
        highp float _52 = _36.y;
        frag_color = vec4(vec3(max(_48, 0.0), max(_52, 0.0), max((-_48) - _52, 0.0)) + vec3(clamp(length(_36), 0.0, 1.0) * 0.1500000059604644775390625), 1.0);
    }

*/
static const uint8_t fs_optical_visualize_source_glsl300es[565] = {
    0x23,0x76,0x65,0x72,0x73,0x69,0x6f,0x6e,0x20,0x33,0x30,0x30,0x20,0x65,0x73,0x0a,
    0x70,0x72,0x65,0x63,0x69,0x73,0x69,0x6f,0x6e,0x20,0x6d,0x65,0x64,0x69,0x75,0x6d,
    0x70,0x20,0x66,0x6c,0x6f,0x61,0x74,0x3b,0x0a,0x70,0x72,0x65,0x63,0x69,0x73,0x69,
    0x6f,0x6e,0x20,0x68,0x69,0x67,0x68,0x70,0x20,0x69,0x6e,0x74,0x3b,0x0a,0x0a,0x75,
    0x6e,0x69,0x66,0x6f,0x72,0x6d,0x20,0x68,0x69,0x67,0x68,0x70,0x20,0x76,0x65,0x63,
    0x34,0x20,0x6f,0x70,0x74,0x69,0x63,0x61,0x6c,0x5f,0x70,0x61,0x72,0x61,0x6d,0x73,
    0x5b,0x34,0x5d,0x3b,0x0a,0x75,0x6e,0x69,0x66,0x6f,0x72,0x6d,0x20,0x68,0x69,0x67,
    0x68,0x70,0x20,0x73,0x61,0x6d,0x70,0x6c,0x65,0x72,0x32,0x44,0x20,0x6f,0x66,0x6c,
    0x6f,0x77,0x43,0x75,0x72,0x72,0x65,0x6e,0x74,0x46,0x6c,0x6f,0x77,0x54,0x65,0x78,
    0x5f,0x6f,0x66,0x6c,0x6f,0x77,0x43,0x75,0x72,0x72,0x65,0x6e,0x74,0x46,0x6c,0x6f,
    0x77,0x53,0x6d,0x70,0x3b,0x0a,0x0a,0x69,0x6e,0x20,0x68,0x69,0x67,0x68,0x70,0x20,
    0x76,0x65,0x63,0x32,0x20,0x75,0x76,0x3b,0x0a,0x6c,0x61,0x79,0x6f,0x75,0x74,0x28,
    0x6c,0x6f,0x63,0x61,0x74,0x69,0x6f,0x6e,0x20,0x3d,0x20,0x30,0x29,0x20,0x6f,0x75,
    0x74,0x20,0x68,0x69,0x67,0x68,0x70,0x20,0x76,0x65,0x63,0x34,0x20,0x66,0x72,0x61,
    0x67,0x5f,0x63,0x6f,0x6c,0x6f,0x72,0x3b,0x0a,0x0a,0x76,0x6f,0x69,0x64,0x20,0x6d,
    0x61,0x69,0x6e,0x28,0x29,0x0a,0x7b,0x0a,0x20,0x20,0x20,0x20,0x68,0x69,0x67,0x68,
    0x70,0x20,0x76,0x65,0x63,0x32,0x20,0x5f,0x33,0x36,0x20,0x3d,0x20,0x74,0x65,0x78,
    0x74,0x75,0x72,0x65,0x28,0x6f,0x66,0x6c,0x6f,0x77,0x43,0x75,0x72,0x72,0x65,0x6e,
    0x74,0x46,0x6c,0x6f,0x77,0x54,0x65,0x78,0x5f,0x6f,0x66,0x6c,0x6f,0x77,0x43,0x75,
    0x72,0x72,0x65,0x6e,0x74,0x46,0x6c,0x6f,0x77,0x53,0x6d,0x70,0x2c,0x20,0x75,0x76,
    0x29,0x2e,0x78,0x79,0x20,0x2a,0x20,0x6f,0x70,0x74,0x69,0x63,0x61,0x6c,0x5f,0x70,
    0x61,0x72,0x61,0x6d,0x73,0x5b,0x33,0x5d,0x2e,0x78,0x3b,0x0a,0x20,0x20,0x20,0x20,
    0x68,0x69,0x67,0x68,0x70,0x20,0x66,0x6c,0x6f,0x61,0x74,0x20,0x5f,0x34,0x38,0x20,
    0x3d,0x20,0x5f,0x33,0x36,0x2e,0x78,0x3b,0x0a,0x20,0x20,0x20,0x20,0x68,0x69,0x67,
    0x68,0x70,0x20,0x66,0x6c,0x6f,0x61,0x74,0x20,0x5f,0x35,0x32,0x20,0x3d,0x20,0x5f,
    0x33,0x36,0x2e,0x79,0x3b,0x0a,0x20,0x20,0x20,0x20,0x66,0x72,0x61,0x67,0x5f,0x63,
    0x6f,0x6c,0x6f,0x72,0x20,0x3d,0x20,0x76,0x65,0x63,0x34,0x28,0x76,0x65,0x63,0x33,
    0x28,0x6d,0x61,0x78,0x28,0x5f,0x34,0x38,0x2c,0x20,0x30,0x2e,0x30,0x29,0x2c,0x20,
    0x6d,0x61,0x78,0x28,0x5f,0x35,0x32,0x2c,0x20,0x30,0x2e,0x30,0x29,0x2c,0x20,0x6d,
    0x61,0x78,0x28,0x28,0x2d,0x5f,0x34,0x38,0x29,0x20,0x2d,0x20,0x5f,0x35,0x32,0x2c,
    0x20,0x30,0x2e,0x30,0x29,0x29,0x20,0x2b,0x20,0x76,0x65,0x63,0x33,0x28,0x63,0x6c,
    0x61,0x6d,0x70,0x28,0x6c,0x65,0x6e,0x67,0x74,0x68,0x28,0x5f,0x33,0x36,0x29,0x2c,
    0x20,0x30,0x2e,0x30,0x2c,0x20,0x31,0x2e,0x30,0x29,0x20,0x2a,0x20,0x30,0x2e,0x31,
    0x35,0x30,0x30,0x30,0x30,0x30,0x30,0x35,0x39,0x36,0x30,0x34,0x36,0x34,0x34,0x37,
    0x37,0x35,0x33,0x39,0x30,0x36,0x32,0x35,0x29,0x2c,0x20,0x31,0x2e,0x30,0x29,0x3b,
    0x0a,0x7d,0x0a,0x0a,0x00,
};
/*
    static float4 gl_Position;
    static float2 position;
    static float2 uv;
    static float2 texcoord0;

    struct SPIRV_Cross_Input
    {
        float2 position : TEXCOORD0;
        float2 texcoord0 : TEXCOORD1;
    };

    struct SPIRV_Cross_Output
    {
        float2 uv : TEXCOORD0;
        float4 gl_Position : SV_Position;
    };

    void vert_main()
    {
        gl_Position = float4(position, 0.0f, 1.0f);
        uv = texcoord0;
    }

    SPIRV_Cross_Output main(SPIRV_Cross_Input stage_input)
    {
        position = stage_input.position;
        texcoord0 = stage_input.texcoord0;
        vert_main();
        SPIRV_Cross_Output stage_output;
        stage_output.gl_Position = gl_Position;
        stage_output.uv = uv;
        return stage_output;
    }
*/
static const uint8_t optical_vs_source_hlsl5[665] = {
    0x73,0x74,0x61,0x74,0x69,0x63,0x20,0x66,0x6c,0x6f,0x61,0x74,0x34,0x20,0x67,0x6c,
    0x5f,0x50,0x6f,0x73,0x69,0x74,0x69,0x6f,0x6e,0x3b,0x0a,0x73,0x74,0x61,0x74,0x69,
    0x63,0x20,0x66,0x6c,0x6f,0x61,0x74,0x32,0x20,0x70,0x6f,0x73,0x69,0x74,0x69,0x6f,
    0x6e,0x3b,0x0a,0x73,0x74,0x61,0x74,0x69,0x63,0x20,0x66,0x6c,0x6f,0x61,0x74,0x32,
    0x20,0x75,0x76,0x3b,0x0a,0x73,0x74,0x61,0x74,0x69,0x63,0x20,0x66,0x6c,0x6f,0x61,
    0x74,0x32,0x20,0x74,0x65,0x78,0x63,0x6f,0x6f,0x72,0x64,0x30,0x3b,0x0a,0x0a,0x73,
    0x74,0x72,0x75,0x63,0x74,0x20,0x53,0x50,0x49,0x52,0x56,0x5f,0x43,0x72,0x6f,0x73,
    0x73,0x5f,0x49,0x6e,0x70,0x75,0x74,0x0a,0x7b,0x0a,0x20,0x20,0x20,0x20,0x66,0x6c,
    0x6f,0x61,0x74,0x32,0x20,0x70,0x6f,0x73,0x69,0x74,0x69,0x6f,0x6e,0x20,0x3a,0x20,
    0x54,0x45,0x58,0x43,0x4f,0x4f,0x52,0x44,0x30,0x3b,0x0a,0x20,0x20,0x20,0x20,0x66,
    0x6c,0x6f,0x61,0x74,0x32,0x20,0x74,0x65,0x78,0x63,0x6f,0x6f,0x72,0x64,0x30,0x20,
    0x3a,0x20,0x54,0x45,0x58,0x43,0x4f,0x4f,0x52,0x44,0x31,0x3b,0x0a,0x7d,0x3b,0x0a,
    0x0a,0x73,0x74,0x72,0x75,0x63,0x74,0x20,0x53,0x50,0x49,0x52,0x56,0x5f,0x43,0x72,
    0x6f,0x73,0x73,0x5f,0x4f,0x75,0x74,0x70,0x75,0x74,0x0a,0x7b,0x0a,0x20,0x20,0x20,
    0x20,0x66,0x6c,0x6f,0x61,0x74,0x32,0x20,0x75,0x76,0x20,0x3a,0x20,0x54,0x45,0x58,
    0x43,0x4f,0x4f,0x52,0x44,0x30,0x3b,0x0a,0x20,0x20,0x20,0x20,0x66,0x6c,0x6f,0x61,
    0x74,0x34,0x20,0x67,0x6c,0x5f,0x50,0x6f,0x73,0x69,0x74,0x69,0x6f,0x6e,0x20,0x3a,
    0x20,0x53,0x56,0x5f,0x50,0x6f,0x73,0x69,0x74,0x69,0x6f,0x6e,0x3b,0x0a,0x7d,0x3b,
    0x0a,0x0a,0x76,0x6f,0x69,0x64,0x20,0x76,0x65,0x72,0x74,0x5f,0x6d,0x61,0x69,0x6e,
    0x28,0x29,0x0a,0x7b,0x0a,0x20,0x20,0x20,0x20,0x67,0x6c,0x5f,0x50,0x6f,0x73,0x69,
    0x74,0x69,0x6f,0x6e,0x20,0x3d,0x20,0x66,0x6c,0x6f,0x61,0x74,0x34,0x28,0x70,0x6f,
    0x73,0x69,0x74,0x69,0x6f,0x6e,0x2c,0x20,0x30,0x2e,0x30,0x66,0x2c,0x20,0x31,0x2e,
    0x30,0x66,0x29,0x3b,0x0a,0x20,0x20,0x20,0x20,0x75,0x76,0x20,0x3d,0x20,0x74,0x65,
    0x78,0x63,0x6f,0x6f,0x72,0x64,0x30,0x3b,0x0a,0x7d,0x0a,0x0a,0x53,0x50,0x49,0x52,
    0x56,0x5f,0x43,0x72,0x6f,0x73,0x73,0x5f,0x4f,0x75,0x74,0x70,0x75,0x74,0x20,0x6d,
    0x61,0x69,0x6e,0x28,0x53,0x50,0x49,0x52,0x56,0x5f,0x43,0x72,0x6f,0x73,0x73,0x5f,
    0x49,0x6e,0x70,0x75,0x74,0x20,0x73,0x74,0x61,0x67,0x65,0x5f,0x69,0x6e,0x70,0x75,
    0x74,0x29,0x0a,0x7b,0x0a,0x20,0x20,0x20,0x20,0x70,0x6f,0x73,0x69,0x74,0x69,0x6f,
    0x6e,0x20,0x3d,0x20,0x73,0x74,0x61,0x67,0x65,0x5f,0x69,0x6e,0x70,0x75,0x74,0x2e,
    0x70,0x6f,0x73,0x69,0x74,0x69,0x6f,0x6e,0x3b,0x0a,0x20,0x20,0x20,0x20,0x74,0x65,
    0x78,0x63,0x6f,0x6f,0x72,0x64,0x30,0x20,0x3d,0x20,0x73,0x74,0x61,0x67,0x65,0x5f,
    0x69,0x6e,0x70,0x75,0x74,0x2e,0x74,0x65,0x78,0x63,0x6f,0x6f,0x72,0x64,0x30,0x3b,
    0x0a,0x20,0x20,0x20,0x20,0x76,0x65,0x72,0x74,0x5f,0x6d,0x61,0x69,0x6e,0x28,0x29,
    0x3b,0x0a,0x20,0x20,0x20,0x20,0x53,0x50,0x49,0x52,0x56,0x5f,0x43,0x72,0x6f,0x73,
    0x73,0x5f,0x4f,0x75,0x74,0x70,0x75,0x74,0x20,0x73,0x74,0x61,0x67,0x65,0x5f,0x6f,
    0x75,0x74,0x70,0x75,0x74,0x3b,0x0a,0x20,0x20,0x20,0x20,0x73,0x74,0x61,0x67,0x65,
    0x5f,0x6f,0x75,0x74,0x70,0x75,0x74,0x2e,0x67,0x6c,0x5f,0x50,0x6f,0x73,0x69,0x74,
    0x69,0x6f,0x6e,0x20,0x3d,0x20,0x67,0x6c,0x5f,0x50,0x6f,0x73,0x69,0x74,0x69,0x6f,
    0x6e,0x3b,0x0a,0x20,0x20,0x20,0x20,0x73,0x74,0x61,0x67,0x65,0x5f,0x6f,0x75,0x74,
    0x70,0x75,0x74,0x2e,0x75,0x76,0x20,0x3d,0x20,0x75,0x76,0x3b,0x0a,0x20,0x20,0x20,
    0x20,0x72,0x65,0x74,0x75,0x72,0x6e,0x20,0x73,0x74,0x61,0x67,0x65,0x5f,0x6f,0x75,
    0x74,0x70,0x75,0x74,0x3b,0x0a,0x7d,0x0a,0x00,
};
/*
    cbuffer optical_params : register(b0)
    {
        float4 _45_color : packoffset(c0);
        float4 _45_resolution : packoffset(c1);
        float4 _45_texel : packoffset(c2);
        float4 _45_options : packoffset(c3);
    };

    Texture2D<float4> oflowColorTex : register(t0);
    SamplerState oflowColorSmp : register(s0);

    static float2 uv;
    static float4 frag_color;

    struct SPIRV_Cross_Input
    {
        float2 uv : TEXCOORD0;
    };

    struct SPIRV_Cross_Output
    {
        float4 frag_color : SV_Target0;
    };

    void frag_main()
    {
        float4 _24 = oflowColorTex.Sample(oflowColorSmp, uv);
        float _34 = dot(_24.xyz, float3(0.2125999927520751953125f, 0.715200006961822509765625f, 0.072200000286102294921875f));
        frag_color = float4(_34, _34, _34, _24.w) * _45_color;
    }

    SPIRV_Cross_Output main(SPIRV_Cross_Input stage_input)
    {
        uv = stage_input.uv;
        frag_main();
        SPIRV_Cross_Output stage_output;
        stage_output.frag_color = frag_color;
        return stage_output;
    }
*/
static const uint8_t fs_optical_luminance_source_hlsl5[938] = {
    0x63,0x62,0x75,0x66,0x66,0x65,0x72,0x20,0x6f,0x70,0x74,0x69,0x63,0x61,0x6c,0x5f,
    0x70,0x61,0x72,0x61,0x6d,0x73,0x20,0x3a,0x20,0x72,0x65,0x67,0x69,0x73,0x74,0x65,
    0x72,0x28,0x62,0x30,0x29,0x0a,0x7b,0x0a,0x20,0x20,0x20,0x20,0x66,0x6c,0x6f,0x61,
    0x74,0x34,0x20,0x5f,0x34,0x35,0x5f,0x63,0x6f,0x6c,0x6f,0x72,0x20,0x3a,0x20,0x70,
    0x61,0x63,0x6b,0x6f,0x66,0x66,0x73,0x65,0x74,0x28,0x63,0x30,0x29,0x3b,0x0a,0x20,
    0x20,0x20,0x20,0x66,0x6c,0x6f,0x61,0x74,0x34,0x20,0x5f,0x34,0x35,0x5f,0x72,0x65,
    0x73,0x6f,0x6c,0x75,0x74,0x69,0x6f,0x6e,0x20,0x3a,0x20,0x70,0x61,0x63,0x6b,0x6f,
    0x66,0x66,0x73,0x65,0x74,0x28,0x63,0x31,0x29,0x3b,0x0a,0x20,0x20,0x20,0x20,0x66,
    0x6c,0x6f,0x61,0x74,0x34,0x20,0x5f,0x34,0x35,0x5f,0x74,0x65,0x78,0x65,0x6c,0x20,
    0x3a,0x20,0x70,0x61,0x63,0x6b,0x6f,0x66,0x66,0x73,0x65,0x74,0x28,0x63,0x32,0x29,
    0x3b,0x0a,0x20,0x20,0x20,0x20,0x66,0x6c,0x6f,0x61,0x74,0x34,0x20,0x5f,0x34,0x35,
    0x5f,0x6f,0x70,0x74,0x69,0x6f,0x6e,0x73,0x20,0x3a,0x20,0x70,0x61,0x63,0x6b,0x6f,
    0x66,0x66,0x73,0x65,0x74,0x28,0x63,0x33,0x29,0x3b,0x0a,0x7d,0x3b,0x0a,0x0a,0x54,
    0x65,0x78,0x74,0x75,0x72,0x65,0x32,0x44,0x3c,0x66,0x6c,0x6f,0x61,0x74,0x34,0x3e,
    0x20,0x6f,0x66,0x6c,0x6f,0x77,0x43,0x6f,0x6c,0x6f,0x72,0x54,0x65,0x78,0x20,0x3a,
    0x20,0x72,0x65,0x67,0x69,0x73,0x74,0x65,0x72,0x28,0x74,0x30,0x29,0x3b,0x0a,0x53,
    0x61,0x6d,0x70,0x6c,0x65,0x72,0x53,0x74,0x61,0x74,0x65,0x20,0x6f,0x66,0x6c,0x6f,
    0x77,0x43,0x6f,0x6c,0x6f,0x72,0x53,0x6d,0x70,0x20,0x3a,0x20,0x72,0x65,0x67,0x69,
    0x73,0x74,0x65,0x72,0x28,0x73,0x30,0x29,0x3b,0x0a,0x0a,0x73,0x74,0x61,0x74,0x69,
    0x63,0x20,0x66,0x6c,0x6f,0x61,0x74,0x32,0x20,0x75,0x76,0x3b,0x0a,0x73,0x74,0x61,
    0x74,0x69,0x63,0x20,0x66,0x6c,0x6f,0x61,0x74,0x34,0x20,0x66,0x72,0x61,0x67,0x5f,
    0x63,0x6f,0x6c,0x6f,0x72,0x3b,0x0a,0x0a,0x73,0x74,0x72,0x75,0x63,0x74,0x20,0x53,
    0x50,0x49,0x52,0x56,0x5f,0x43,0x72,0x6f,0x73,0x73,0x5f,0x49,0x6e,0x70,0x75,0x74,
    0x0a,0x7b,0x0a,0x20,0x20,0x20,0x20,0x66,0x6c,0x6f,0x61,0x74,0x32,0x20,0x75,0x76,
    0x20,0x3a,0x20,0x54,0x45,0x58,0x43,0x4f,0x4f,0x52,0x44,0x30,0x3b,0x0a,0x7d,0x3b,
    0x0a,0x0a,0x73,0x74,0x72,0x75,0x63,0x74,0x20,0x53,0x50,0x49,0x52,0x56,0x5f,0x43,
    0x72,0x6f,0x73,0x73,0x5f,0x4f,0x75,0x74,0x70,0x75,0x74,0x0a,0x7b,0x0a,0x20,0x20,
    0x20,0x20,0x66,0x6c,0x6f,0x61,0x74,0x34,0x20,0x66,0x72,0x61,0x67,0x5f,0x63,0x6f,
    0x6c,0x6f,0x72,0x20,0x3a,0x20,0x53,0x56,0x5f,0x54,0x61,0x72,0x67,0x65,0x74,0x30,
    0x3b,0x0a,0x7d,0x3b,0x0a,0x0a,0x76,0x6f,0x69,0x64,0x20,0x66,0x72,0x61,0x67,0x5f,
    0x6d,0x61,0x69,0x6e,0x28,0x29,0x0a,0x7b,0x0a,0x20,0x20,0x20,0x20,0x66,0x6c,0x6f,
    0x61,0x74,0x34,0x20,0x5f,0x32,0x34,0x20,0x3d,0x20,0x6f,0x66,0x6c,0x6f,0x77,0x43,
    0x6f,0x6c,0x6f,0x72,0x54,0x65,0x78,0x2e,0x53,0x61,0x6d,0x70,0x6c,0x65,0x28,0x6f,
    0x66,0x6c,0x6f,0x77,0x43,0x6f,0x6c,0x6f,0x72,0x53,0x6d,0x70,0x2c,0x20,0x75,0x76,
    0x29,0x3b,0x0a,0x20,0x20,0x20,0x20,0x66,0x6c,0x6f,0x61,0x74,0x20,0x5f,0x33,0x34,
    0x20,0x3d,0x20,0x64,0x6f,0x74,0x28,0x5f,0x32,0x34,0x2e,0x78,0x79,0x7a,0x2c,0x20,
    0x66,0x6c,0x6f,0x61,0x74,0x33,0x28,0x30,0x2e,0x32,0x31,0x32,0x35,0x39,0x39,0x39,
    0x39,0x32,0x37,0x35,0x32,0x30,0x37,0x35,0x31,0x39,0x35,0x33,0x31,0x32,0x35,0x66,
    0x2c,0x20,0x30,0x2e,0x37,0x31,0x35,0x32,0x30,0x30,0x30,0x30,0x36,0x39,0x36,0x31,
    0x38,0x32,0x32,0x35,0x30,0x39,0x37,0x36,0x35,0x36,0x32,0x35,0x66,0x2c,0x20,0x30,
    0x2e,0x30,0x37,0x32,0x32,0x30,0x30,0x30,0x30,0x30,0x32,0x38,0x36,0x31,0x30,0x32,
    0x32,0x39,0x34,0x39,0x32,0x31,0x38,0x37,0x35,0x66,0x29,0x29,0x3b,0x0a,0x20,0x20,
    0x20,0x20,0x66,0x72,0x61,0x67,0x5f,0x63,0x6f,0x6c,0x6f,0x72,0x20,0x3d,0x20,0x66,
    0x6c,0x6f,0x61,0x74,0x34,0x28,0x5f,0x33,0x34,0x2c,0x20,0x5f,0x33,0x34,0x2c,0x20,
    0x5f,0x33,0x34,0x2c,0x20,0x5f,0x32,0x34,0x2e,0x77,0x29,0x20,0x2a,0x20,0x5f,0x34,
    0x35,0x5f,0x63,0x6f,0x6c,0x6f,0x72,0x3b,0x0a,0x7d,0x0a,0x0a,0x53,0x50,0x49,0x52,
    0x56,0x5f,0x43,0x72,0x6f,0x73,0x73,0x5f,0x4f,0x75,0x74,0x70,0x75,0x74,0x20,0x6d,
    0x61,0x69,0x6e,0x28,0x53,0x50,0x49,0x52,0x56,0x5f,0x43,0x72,0x6f,0x73,0x73,0x5f,
    0x49,0x6e,0x70,0x75,0x74,0x20,0x73,0x74,0x61,0x67,0x65,0x5f,0x69,0x6e,0x70,0x75,
    0x74,0x29,0x0a,0x7b,0x0a,0x20,0x20,0x20,0x20,0x75,0x76,0x20,0x3d,0x20,0x73,0x74,
    0x61,0x67,0x65,0x5f,0x69,0x6e,0x70,0x75,0x74,0x2e,0x75,0x76,0x3b,0x0a,0x20,0x20,
    0x20,0x20,0x66,0x72,0x61,0x67,0x5f,0x6d,0x61,0x69,0x6e,0x28,0x29,0x3b,0x0a,0x20,
    0x20,0x20,0x20,0x53,0x50,0x49,0x52,0x56,0x5f,0x43,0x72,0x6f,0x73,0x73,0x5f,0x4f,
    0x75,0x74,0x70,0x75,0x74,0x20,0x73,0x74,0x61,0x67,0x65,0x5f,0x6f,0x75,0x74,0x70,
    0x75,0x74,0x3b,0x0a,0x20,0x20,0x20,0x20,0x73,0x74,0x61,0x67,0x65,0x5f,0x6f,0x75,
    0x74,0x70,0x75,0x74,0x2e,0x66,0x72,0x61,0x67,0x5f,0x63,0x6f,0x6c,0x6f,0x72,0x20,
    0x3d,0x20,0x66,0x72,0x61,0x67,0x5f,0x63,0x6f,0x6c,0x6f,0x72,0x3b,0x0a,0x20,0x20,
    0x20,0x20,0x72,0x65,0x74,0x75,0x72,0x6e,0x20,0x73,0x74,0x61,0x67,0x65,0x5f,0x6f,
    0x75,0x74,0x70,0x75,0x74,0x3b,0x0a,0x7d,0x0a,0x00,
};
/*
    cbuffer optical_params : register(b0)
    {
        float4 _51_color : packoffset(c0);
        float4 _51_resolution : packoffset(c1);
        float4 _51_texel : packoffset(c2);
        float4 _51_options : packoffset(c3);
    };

    Texture2D<float4> oflowCurrentTex : register(t0);
    SamplerState oflowCurrentSmp : register(s0);
    Texture2D<float4> oflowPreviousTex : register(t1);
    SamplerState oflowPreviousSmp : register(s1);

    static float2 uv;
    static float4 frag_color;

    struct SPIRV_Cross_Input
    {
        float2 uv : TEXCOORD0;
    };

    struct SPIRV_Cross_Output
    {
        float4 frag_color : SV_Target0;
    };

    void frag_main()
    {
        float _40 = oflowCurrentTex.Sample(oflowCurrentSmp, uv).x - oflowPreviousTex.Sample(oflowPreviousSmp, uv).x;
        frag_color = float4(_40, abs(_40), 0.0f, 1.0f) * _51_color;
    }

    SPIRV_Cross_Output main(SPIRV_Cross_Input stage_input)
    {
        uv = stage_input.uv;
        frag_main();
        SPIRV_Cross_Output stage_output;
        stage_output.frag_color = frag_color;
        return stage_output;
    }
*/
static const uint8_t fs_optical_difference_source_hlsl5[976] = {
    0x63,0x62,0x75,0x66,0x66,0x65,0x72,0x20,0x6f,0x70,0x74,0x69,0x63,0x61,0x6c,0x5f,
    0x70,0x61,0x72,0x61,0x6d,0x73,0x20,0x3a,0x20,0x72,0x65,0x67,0x69,0x73,0x74,0x65,
    0x72,0x28,0x62,0x30,0x29,0x0a,0x7b,0x0a,0x20,0x20,0x20,0x20,0x66,0x6c,0x6f,0x61,
    0x74,0x34,0x20,0x5f,0x35,0x31,0x5f,0x63,0x6f,0x6c,0x6f,0x72,0x20,0x3a,0x20,0x70,
    0x61,0x63,0x6b,0x6f,0x66,0x66,0x73,0x65,0x74,0x28,0x63,0x30,0x29,0x3b,0x0a,0x20,
    0x20,0x20,0x20,0x66,0x6c,0x6f,0x61,0x74,0x34,0x20,0x5f,0x35,0x31,0x5f,0x72,0x65,
    0x73,0x6f,0x6c,0x75,0x74,0x69,0x6f,0x6e,0x20,0x3a,0x20,0x70,0x61,0x63,0x6b,0x6f,
    0x66,0x66,0x73,0x65,0x74,0x28,0x63,0x31,0x29,0x3b,0x0a,0x20,0x20,0x20,0x20,0x66,
    0x6c,0x6f,0x61,0x74,0x34,0x20,0x5f,0x35,0x31,0x5f,0x74,0x65,0x78,0x65,0x6c,0x20,
    0x3a,0x20,0x70,0x61,0x63,0x6b,0x6f,0x66,0x66,0x73,0x65,0x74,0x28,0x63,0x32,0x29,
    0x3b,0x0a,0x20,0x20,0x20,0x20,0x66,0x6c,0x6f,0x61,0x74,0x34,0x20,0x5f,0x35,0x31,
    0x5f,0x6f,0x70,0x74,0x69,0x6f,0x6e,0x73,0x20,0x3a,0x20,0x70,0x61,0x63,0x6b,0x6f,
    0x66,0x66,0x73,0x65,0x74,0x28,0x63,0x33,0x29,0x3b,0x0a,0x7d,0x3b,0x0a,0x0a,0x54,
    0x65,0x78,0x74,0x75,0x72,0x65,0x32,0x44,0x3c,0x66,0x6c,0x6f,0x61,0x74,0x34,0x3e,
    0x20,0x6f,0x66,0x6c,0x6f,0x77,0x43,0x75,0x72,0x72,0x65,0x6e,0x74,0x54,0x65,0x78,
    0x20,0x3a,0x20,0x72,0x65,0x67,0x69,0x73,0x74,0x65,0x72,0x28,0x74,0x30,0x29,0x3b,
    0x0a,0x53,0x61,0x6d,0x70,0x6c,0x65,0x72,0x53,0x74,0x61,0x74,0x65,0x20,0x6f,0x66,
    0x6c,0x6f,0x77,0x43,0x75,0x72,0x72,0x65,0x6e,0x74,0x53,0x6d,0x70,0x20,0x3a,0x20,
    0x72,0x65,0x67,0x69,0x73,0x74,0x65,0x72,0x28,0x73,0x30,0x29,0x3b,0x0a,0x54,0x65,
    0x78,0x74,0x75,0x72,0x65,0x32,0x44,0x3c,0x66,0x6c,0x6f,0x61,0x74,0x34,0x3e,0x20,
    0x6f,0x66,0x6c,0x6f,0x77,0x50,0x72,0x65,0x76,0x69,0x6f,0x75,0x73,0x54,0x65,0x78,
    0x20,0x3a,0x20,0x72,0x65,0x67,0x69,0x73,0x74,0x65,0x72,0x28,0x74,0x31,0x29,0x3b,
    0x0a,0x53,0x61,0x6d,0x70,0x6c,0x65,0x72,0x53,0x74,0x61,0x74,0x65,0x20,0x6f,0x66,
    0x6c,0x6f,0x77,0x50,0x72,0x65,0x76,0x69,0x6f,0x75,0x73,0x53,0x6d,0x70,0x20,0x3a,
    0x20,0x72,0x65,0x67,0x69,0x73,0x74,0x65,0x72,0x28,0x73,0x31,0x29,0x3b,0x0a,0x0a,
    0x73,0x74,0x61,0x74,0x69,0x63,0x20,0x66,0x6c,0x6f,0x61,0x74,0x32,0x20,0x75,0x76,
    0x3b,0x0a,0x73,0x74,0x61,0x74,0x69,0x63,0x20,0x66,0x6c,0x6f,0x61,0x74,0x34,0x20,
    0x66,0x72,0x61,0x67,0x5f,0x63,0x6f,0x6c,0x6f,0x72,0x3b,0x0a,0x0a,0x73,0x74,0x72,
    0x75,0x63,0x74,0x20,0x53,0x50,0x49,0x52,0x56,0x5f,0x43,0x72,0x6f,0x73,0x73,0x5f,
    0x49,0x6e,0x70,0x75,0x74,0x0a,0x7b,0x0a,0x20,0x20,0x20,0x20,0x66,0x6c,0x6f,0x61,
    0x74,0x32,0x20,0x75,0x76,0x20,0x3a,0x20,0x54,0x45,0x58,0x43,0x4f,0x4f,0x52,0x44,
    0x30,0x3b,0x0a,0x7d,0x3b,0x0a,0x0a,0x73,0x74,0x72,0x75,0x63,0x74,0x20,0x53,0x50,
    0x49,0x52,0x56,0x5f,0x43,0x72,0x6f,0x73,0x73,0x5f,0x4f,0x75,0x74,0x70,0x75,0x74,
    0x0a,0x7b,0x0a,0x20,0x20,0x20,0x20,0x66,0x6c,0x6f,0x61,0x74,0x34,0x20,0x66,0x72,
    0x61,0x67,0x5f,0x63,0x6f,0x6c,0x6f,0x72,0x20,0x3a,0x20,0x53,0x56,0x5f,0x54,0x61,
    0x72,0x67,0x65,0x74,0x30,0x3b,0x0a,0x7d,0x3b,0x0a,0x0a,0x76,0x6f,0x69,0x64,0x20,
    0x66,0x72,0x61,0x67,0x5f,0x6d,0x61,0x69,0x6e,0x28,0x29,0x0a,0x7b,0x0a,0x20,0x20,
    0x20,0x20,0x66,0x6c,0x6f,0x61,0x74,0x20,0x5f,0x34,0x30,0x20,0x3d,0x20,0x6f,0x66,
    0x6c,0x6f,0x77,0x43,0x75,0x72,0x72,0x65,0x6e,0x74,0x54,0x65,0x78,0x2e,0x53,0x61,
    0x6d,0x70,0x6c,0x65,0x28,0x6f,0x66,0x6c,0x6f,0x77,0x43,0x75,0x72,0x72,0x65,0x6e,
    0x74,0x53,0x6d,0x70,0x2c,0x20,0x75,0x76,0x29,0x2e,0x78,0x20,0x2d,0x20,0x6f,0x66,
    0x6c,0x6f,0x77,0x50,0x72,0x65,0x76,0x69,0x6f,0x75,0x73,0x54,0x65,0x78,0x2e,0x53,
    0x61,0x6d,0x70,0x6c,0x65,0x28,0x6f,0x66,0x6c,0x6f,0x77,0x50,0x72,0x65,0x76,0x69,
    0x6f,0x75,0x73,0x53,0x6d,0x70,0x2c,0x20,0x75,0x76,0x29,0x2e,0x78,0x3b,0x0a,0x20,
    0x20,0x20,0x20,0x66,0x72,0x61,0x67,0x5f,0x63,0x6f,0x6c,0x6f,0x72,0x20,0x3d,0x20,
    0x66,0x6c,0x6f,0x61,0x74,0x34,0x28,0x5f,0x34,0x30,0x2c,0x20,0x61,0x62,0x73,0x28,
    0x5f,0x34,0x30,0x29,0x2c,0x20,0x30,0x2e,0x30,0x66,0x2c,0x20,0x31,0x2e,0x30,0x66,
    0x29,0x20,0x2a,0x20,0x5f,0x35,0x31,0x5f,0x63,0x6f,0x6c,0x6f,0x72,0x3b,0x0a,0x7d,
    0x0a,0x0a,0x53,0x50,0x49,0x52,0x56,0x5f,0x43,0x72,0x6f,0x73,0x73,0x5f,0x4f,0x75,
    0x74,0x70,0x75,0x74,0x20,0x6d,0x61,0x69,0x6e,0x28,0x53,0x50,0x49,0x52,0x56,0x5f,
    0x43,0x72,0x6f,0x73,0x73,0x5f,0x49,0x6e,0x70,0x75,0x74,0x20,0x73,0x74,0x61,0x67,
    0x65,0x5f,0x69,0x6e,0x70,0x75,0x74,0x29,0x0a,0x7b,0x0a,0x20,0x20,0x20,0x20,0x75,
    0x76,0x20,0x3d,0x20,0x73,0x74,0x61,0x67,0x65,0x5f,0x69,0x6e,0x70,0x75,0x74,0x2e,
    0x75,0x76,0x3b,0x0a,0x20,0x20,0x20,0x20,0x66,0x72,0x61,0x67,0x5f,0x6d,0x61,0x69,
    0x6e,0x28,0x29,0x3b,0x0a,0x20,0x20,0x20,0x20,0x53,0x50,0x49,0x52,0x56,0x5f,0x43,
    0x72,0x6f,0x73,0x73,0x5f,0x4f,0x75,0x74,0x70,0x75,0x74,0x20,0x73,0x74,0x61,0x67,
    0x65,0x5f,0x6f,0x75,0x74,0x70,0x75,0x74,0x3b,0x0a,0x20,0x20,0x20,0x20,0x73,0x74,
    0x61,0x67,0x65,0x5f,0x6f,0x75,0x74,0x70,0x75,0x74,0x2e,0x66,0x72,0x61,0x67,0x5f,
    0x63,0x6f,0x6c,0x6f,0x72,0x20,0x3d,0x20,0x66,0x72,0x61,0x67,0x5f,0x63,0x6f,0x6c,
    0x6f,0x72,0x3b,0x0a,0x20,0x20,0x20,0x20,0x72,0x65,0x74,0x75,0x72,0x6e,0x20,0x73,
    0x74,0x61,0x67,0x65,0x5f,0x6f,0x75,0x74,0x70,0x75,0x74,0x3b,0x0a,0x7d,0x0a,0x00,

};
/*
    cbuffer optical_params : register(b0)
    {
        float4 _13_color : packoffset(c0);
        float4 _13_resolution : packoffset(c1);
        float4 _13_texel : packoffset(c2);
        float4 _13_options : packoffset(c3);
    };

    Texture2D<float4> oflowCurrentTex : register(t0);
    SamplerState oflowCurrentSmp : register(s0);

    static float2 uv;
    static float4 frag_color;

    struct SPIRV_Cross_Input
    {
        float2 uv : TEXCOORD0;
    };

    struct SPIRV_Cross_Output
    {
        float4 frag_color : SV_Target0;
    };

    void frag_main()
    {
        float2 _28 = _13_texel.xy * max(_13_options.y, 1.0f);
        float2 _48 = float2(_28.x, 0.0f);
        float2 _70 = float2(0.0f, _28.y);
        frag_color = float4((oflowCurrentTex.Sample(oflowCurrentSmp, uv + _48).x - oflowCurrentTex.Sample(oflowCurrentSmp, uv - _48).x) * 0.5f, (oflowCurrentTex.Sample(oflowCurrentSmp, uv + _70).x - oflowCurrentTex.Sample(oflowCurrentSmp, uv - _70).x) * 0.5f, 0.0f, 1.0f);
    }

    SPIRV_Cross_Output main(SPIRV_Cross_Input stage_input)
    {
        uv = stage_input.uv;
        frag_main();
        SPIRV_Cross_Output stage_output;
        stage_output.frag_color = frag_color;
        return stage_output;
    }
*/
static const uint8_t fs_optical_gradient_source_hlsl5[1105] = {
    0x63,0x62,0x75,0x66,0x66,0x65,0x72,0x20,0x6f,0x70,0x74,0x69,0x63,0x61,0x6c,0x5f,
    0x70,0x61,0x72,0x61,0x6d,0x73,0x20,0x3a,0x20,0x72,0x65,0x67,0x69,0x73,0x74,0x65,
    0x72,0x28,0x62,0x30,0x29,0x0a,0x7b,0x0a,0x20,0x20,0x20,0x20,0x66,0x6c,0x6f,0x61,
    0x74,0x34,0x20,0x5f,0x31,0x33,0x5f,0x63,0x6f,0x6c,0x6f,0x72,0x20,0x3a,0x20,0x70,
    0x61,0x63,0x6b,0x6f,0x66,0x66,0x73,0x65,0x74,0x28,0x63,0x30,0x29,0x3b,0x0a,0x20,
    0x20,0x20,0x20,0x66,0x6c,0x6f,0x61,0x74,0x34,0x20,0x5f,0x31,0x33,0x5f,0x72,0x65,
    0x73,0x6f,0x6c,0x75,0x74,0x69,0x6f,0x6e,0x20,0x3a,0x20,0x70,0x61,0x63,0x6b,0x6f,
    0x66,0x66,0x73,0x65,0x74,0x28,0x63,0x31,0x29,0x3b,0x0a,0x20,0x20,0x20,0x20,0x66,
    0x6c,0x6f,0x61,0x74,0x34,0x20,0x5f,0x31,0x33,0x5f,0x74,0x65,0x78,0x65,0x6c,0x20,
    0x3a,0x20,0x70,0x61,0x63,0x6b,0x6f,0x66,0x66,0x73,0x65,0x74,0x28,0x63,0x32,0x29,
    0x3b,0x0a,0x20,0x20,0x20,0x20,0x66,0x6c,0x6f,0x61,0x74,0x34,0x20,0x5f,0x31,0x33,
    0x5f,0x6f,0x70,0x74,0x69,0x6f,0x6e,0x73,0x20,0x3a,0x20,0x70,0x61,0x63,0x6b,0x6f,
    0x66,0x66,0x73,0x65,0x74,0x28,0x63,0x33,0x29,0x3b,0x0a,0x7d,0x3b,0x0a,0x0a,0x54,
    0x65,0x78,0x74,0x75,0x72,0x65,0x32,0x44,0x3c,0x66,0x6c,0x6f,0x61,0x74,0x34,0x3e,
    0x20,0x6f,0x66,0x6c,0x6f,0x77,0x43,0x75,0x72,0x72,0x65,0x6e,0x74,0x54,0x65,0x78,
    0x20,0x3a,0x20,0x72,0x65,0x67,0x69,0x73,0x74,0x65,0x72,0x28,0x74,0x30,0x29,0x3b,
    0x0a,0x53,0x61,0x6d,0x70,0x6c,0x65,0x72,0x53,0x74,0x61,0x74,0x65,0x20,0x6f,0x66,
    0x6c,0x6f,0x77,0x43,0x75,0x72,0x72,0x65,0x6e,0x74,0x53,0x6d,0x70,0x20,0x3a,0x20,
    0x72,0x65,0x67,0x69,0x73,0x74,0x65,0x72,0x28,0x73,0x30,0x29,0x3b,0x0a,0x0a,0x73,
    0x74,0x61,0x74,0x69,0x63,0x20,0x66,0x6c,0x6f,0x61,0x74,0x32,0x20,0x75,0x76,0x3b,
    0x0a,0x73,0x74,0x61,0x74,0x69,0x63,0x20,0x66,0x6c,0x6f,0x61,0x74,0x34,0x20,0x66,
    0x72,0x61,0x67,0x5f,0x63,0x6f,0x6c,0x6f,0x72,0x3b,0x0a,0x0a,0x73,0x74,0x72,0x75,
    0x63,0x74,0x20,0x53,0x50,0x49,0x52,0x56,0x5f,0x43,0x72,0x6f,0x73,0x73,0x5f,0x49,
    0x6e,0x70,0x75,0x74,0x0a,0x7b,0x0a,0x20,0x20,0x20,0x20,0x66,0x6c,0x6f,0x61,0x74,
    0x32,0x20,0x75,0x76,0x20,0x3a,0x20,0x54,0x45,0x58,0x43,0x4f,0x4f,0x52,0x44,0x30,
    0x3b,0x0a,0x7d,0x3b,0x0a,0x0a,0x73,0x74,0x72,0x75,0x63,0x74,0x20,0x53,0x50,0x49,
    0x52,0x56,0x5f,0x43,0x72,0x6f,0x73,0x73,0x5f,0x4f,0x75,0x74,0x70,0x75,0x74,0x0a,
    0x7b,0x0a,0x20,0x20,0x20,0x20,0x66,0x6c,0x6f,0x61,0x74,0x34,0x20,0x66,0x72,0x61,
    0x67,0x5f,0x63,0x6f,0x6c,0x6f,0x72,0x20,0x3a,0x20,0x53,0x56,0x5f,0x54,0x61,0x72,
    0x67,0x65,0x74,0x30,0x3b,0x0a,0x7d,0x3b,0x0a,0x0a,0x76,0x6f,0x69,0x64,0x20,0x66,
    0x72,0x61,0x67,0x5f,0x6d,0x61,0x69,0x6e,0x28,0x29,0x0a,0x7b,0x0a,0x20,0x20,0x20,
    0x20,0x66,0x6c,0x6f,0x61,0x74,0x32,0x20,0x5f,0x32,0x38,0x20,0x3d,0x20,0x5f,0x31,
    0x33,0x5f,0x74,0x65,0x78,0x65,0x6c,0x2e,0x78,0x79,0x20,0x2a,0x20,0x6d,0x61,0x78,
    0x28,0x5f,0x31,0x33,0x5f,0x6f,0x70,0x74,0x69,0x6f,0x6e,0x73,0x2e,0x79,0x2c,0x20,
    0x31,0x2e,0x30,0x66,0x29,0x3b,0x0a,0x20,0x20,0x20,0x20,0x66,0x6c,0x6f,0x61,0x74,
    0x32,0x20,0x5f,0x34,0x38,0x20,0x3d,0x20,0x66,0x6c,0x6f,0x61,0x74,0x32,0x28,0x5f,
    0x32,0x38,0x2e,0x78,0x2c,0x20,0x30,0x2e,0x30,0x66,0x29,0x3b,0x0a,0x20,0x20,0x20,
    0x20,0x66,0x6c,0x6f,0x61,0x74,0x32,0x20,0x5f,0x37,0x30,0x20,0x3d,0x20,0x66,0x6c,
    0x6f,0x61,0x74,0x32,0x28,0x30,0x2e,0x30,0x66,0x2c,0x20,0x5f,0x32,0x38,0x2e,0x79,
    0x29,0x3b,0x0a,0x20,0x20,0x20,0x20,0x66,0x72,0x61,0x67,0x5f,0x63,0x6f,0x6c,0x6f,
    0x72,0x20,0x3d,0x20,0x66,0x6c,0x6f,0x61,0x74,0x34,0x28,0x28,0x6f,0x66,0x6c,0x6f,
    0x77,0x43,0x75,0x72,0x72,0x65,0x6e,0x74,0x54,0x65,0x78,0x2e,0x53,0x61,0x6d,0x70,
    0x6c,0x65,0x28,0x6f,0x66,0x6c,0x6f,0x77,0x43,0x75,0x72,0x72,0x65,0x6e,0x74,0x53,
    0x6d,0x70,0x2c,0x20,0x75,0x76,0x20,0x2b,0x20,0x5f,0x34,0x38,0x29,0x2e,0x78,0x20,
    0x2d,0x20,0x6f,0x66,0x6c,0x6f,0x77,0x43,0x75,0x72,0x72,0x65,0x6e,0x74,0x54,0x65,
    0x78,0x2e,0x53,0x61,0x6d,0x70,0x6c,0x65,0x28,0x6f,0x66,0x6c,0x6f,0x77,0x43,0x75,
    0x72,0x72,0x65,0x6e,0x74,0x53,0x6d,0x70,0x2c,0x20,0x75,0x76,0x20,0x2d,0x20,0x5f,
    0x34,0x38,0x29,0x2e,0x78,0x29,0x20,0x2a,0x20,0x30,0x2e,0x35,0x66,0x2c,0x20,0x28,
    0x6f,0x66,0x6c,0x6f,0x77,0x43,0x75,0x72,0x72,0x65,0x6e,0x74,0x54,0x65,0x78,0x2e,
    0x53,0x61,0x6d,0x70,0x6c,0x65,0x28,0x6f,0x66,0x6c,0x6f,0x77,0x43,0x75,0x72,0x72,
    0x65,0x6e,0x74,0x53,0x6d,0x70,0x2c,0x20,0x75,0x76,0x20,0x2b,0x20,0x5f,0x37,0x30,
    0x29,0x2e,0x78,0x20,0x2d,0x20,0x6f,0x66,0x6c,0x6f,0x77,0x43,0x75,0x72,0x72,0x65,
    0x6e,0x74,0x54,0x65,0x78,0x2e,0x53,0x61,0x6d,0x70,0x6c,0x65,0x28,0x6f,0x66,0x6c,
    0x6f,0x77,0x43,0x75,0x72,0x72,0x65,0x6e,0x74,0x53,0x6d,0x70,0x2c,0x20,0x75,0x76,
    0x20,0x2d,0x20,0x5f,0x37,0x30,0x29,0x2e,0x78,0x29,0x20,0x2a,0x20,0x30,0x2e,0x35,
    0x66,0x2c,0x20,0x30,0x2e,0x30,0x66,0x2c,0x20,0x31,0x2e,0x30,0x66,0x29,0x3b,0x0a,
    0x7d,0x0a,0x0a,0x53,0x50,0x49,0x52,0x56,0x5f,0x43,0x72,0x6f,0x73,0x73,0x5f,0x4f,
    0x75,0x74,0x70,0x75,0x74,0x20,0x6d,0x61,0x69,0x6e,0x28,0x53,0x50,0x49,0x52,0x56,
    0x5f,0x43,0x72,0x6f,0x73,0x73,0x5f,0x49,0x6e,0x70,0x75,0x74,0x20,0x73,0x74,0x61,
    0x67,0x65,0x5f,0x69,0x6e,0x70,0x75,0x74,0x29,0x0a,0x7b,0x0a,0x20,0x20,0x20,0x20,
    0x75,0x76,0x20,0x3d,0x20,0x73,0x74,0x61,0x67,0x65,0x5f,0x69,0x6e,0x70,0x75,0x74,
    0x2e,0x75,0x76,0x3b,0x0a,0x20,0x20,0x20,0x20,0x66,0x72,0x61,0x67,0x5f,0x6d,0x61,
    0x69,0x6e,0x28,0x29,0x3b,0x0a,0x20,0x20,0x20,0x20,0x53,0x50,0x49,0x52,0x56,0x5f,
    0x43,0x72,0x6f,0x73,0x73,0x5f,0x4f,0x75,0x74,0x70,0x75,0x74,0x20,0x73,0x74,0x61,
    0x67,0x65,0x5f,0x6f,0x75,0x74,0x70,0x75,0x74,0x3b,0x0a,0x20,0x20,0x20,0x20,0x73,
    0x74,0x61,0x67,0x65,0x5f,0x6f,0x75,0x74,0x70,0x75,0x74,0x2e,0x66,0x72,0x61,0x67,
    0x5f,0x63,0x6f,0x6c,0x6f,0x72,0x20,0x3d,0x20,0x66,0x72,0x61,0x67,0x5f,0x63,0x6f,
    0x6c,0x6f,0x72,0x3b,0x0a,0x20,0x20,0x20,0x20,0x72,0x65,0x74,0x75,0x72,0x6e,0x20,
    0x73,0x74,0x61,0x67,0x65,0x5f,0x6f,0x75,0x74,0x70,0x75,0x74,0x3b,0x0a,0x7d,0x0a,
    0x00,
};
/*
    cbuffer optical_params : register(b0)
    {
        float4 _13_color : packoffset(c0);
        float4 _13_resolution : packoffset(c1);
        float4 _13_texel : packoffset(c2);
        float4 _13_options : packoffset(c3);
    };

    Texture2D<float4> oflowCurrentTex : register(t0);
    SamplerState oflowCurrentSmp : register(s0);
    Texture2D<float4> oflowPreviousTex : register(t1);
    SamplerState oflowPreviousSmp : register(s1);

    static float2 uv;
    static float4 frag_color;

    struct SPIRV_Cross_Input
    {
        float2 uv : TEXCOORD0;
    };

    struct SPIRV_Cross_Output
    {
        float4 frag_color : SV_Target0;
    };

    void frag_main()
    {
        float2 _28 = _13_texel.xy * max(_13_options.y, 1.0f);
        float4 _44 = oflowCurrentTex.Sample(oflowCurrentSmp, uv);
        float4 _54 = oflowPreviousTex.Sample(oflowPreviousSmp, uv);
        float2 _64 = float2(_28.x, 0.0f);
        float4 _66 = oflowCurrentTex.Sample(oflowCurrentSmp, uv - _64);
        float4 _77 = oflowCurrentTex.Sample(oflowCurrentSmp, uv + _64);
        float2 _86 = float2(0.0f, _28.y);
        float4 _88 = oflowCurrentTex.Sample(oflowCurrentSmp, uv - _86);
        float4 _99 = oflowCurrentTex.Sample(oflowCurrentSmp, uv + _86);
        float2 _111 = float2((_77.x - _66.x) * 0.5f, (_99.x - _88.x) * 0.5f);
        float2 _142 = ((_111 * (-(_44.x - _54.x))) / max(dot(_111, _111) + _13_options.z, 9.9999999747524270787835121154785e-07f).xx) * (_13_color.xy * _13_options.x);
        float2 flow = _142;
        float _145 = length(_142);
        if (_145 > 9.9999999747524270787835121154785e-07f)
        {
            flow *= (max(_145 - _13_options.w, 0.0f) / _145);
        }
        else
        {
            flow = 0.0f.xx;
        }
        frag_color = float4(flow, 0.0f, 1.0f);
    }

    SPIRV_Cross_Output main(SPIRV_Cross_Input stage_input)
    {
        uv = stage_input.uv;
        frag_main();
        SPIRV_Cross_Output stage_output;
        stage_output.frag_color = frag_color;
        return stage_output;
    }
*/
static const uint8_t fs_optical_flow_source_hlsl5[1837] = {
    0x63,0x62,0x75,0x66,0x66,0x65,0x72,0x20,0x6f,0x70,0x74,0x69,0x63,0x61,0x6c,0x5f,
    0x70,0x61,0x72,0x61,0x6d,0x73,0x20,0x3a,0x20,0x72,0x65,0x67,0x69,0x73,0x74,0x65,
    0x72,0x28,0x62,0x30,0x29,0x0a,0x7b,0x0a,0x20,0x20,0x20,0x20,0x66,0x6c,0x6f,0x61,
    0x74,0x34,0x20,0x5f,0x31,0x33,0x5f,0x63,0x6f,0x6c,0x6f,0x72,0x20,0x3a,0x20,0x70,
    0x61,0x63,0x6b,0x6f,0x66,0x66,0x73,0x65,0x74,0x28,0x63,0x30,0x29,0x3b,0x0a,0x20,
    0x20,0x20,0x20,0x66,0x6c,0x6f,0x61,0x74,0x34,0x20,0x5f,0x31,0x33,0x5f,0x72,0x65,
    0x73,0x6f,0x6c,0x75,0x74,0x69,0x6f,0x6e,0x20,0x3a,0x20,0x70,0x61,0x63,0x6b,0x6f,
    0x66,0x66,0x73,0x65,0x74,0x28,0x63,0x31,0x29,0x3b,0x0a,0x20,0x20,0x20,0x20,0x66,
    0x6c,0x6f,0x61,0x74,0x34,0x20,0x5f,0x31,0x33,0x5f,0x74,0x65,0x78,0x65,0x6c,0x20,
    0x3a,0x20,0x70,0x61,0x63,0x6b,0x6f,0x66,0x66,0x73,0x65,0x74,0x28,0x63,0x32,0x29,
    0x3b,0x0a,0x20,0x20,0x20,0x20,0x66,0x6c,0x6f,0x61,0x74,0x34,0x20,0x5f,0x31,0x33,
    0x5f,0x6f,0x70,0x74,0x69,0x6f,0x6e,0x73,0x20,0x3a,0x20,0x70,0x61,0x63,0x6b,0x6f,
    0x66,0x66,0x73,0x65,0x74,0x28,0x63,0x33,0x29,0x3b,0x0a,0x7d,0x3b,0x0a,0x0a,0x54,
    0x65,0x78,0x74,0x75,0x72,0x65,0x32,0x44,0x3c,0x66,0x6c,0x6f,0x61,0x74,0x34,0x3e,
    0x20,0x6f,0x66,0x6c,0x6f,0x77,0x43,0x75,0x72,0x72,0x65,0x6e,0x74,0x54,0x65,0x78,
    0x20,0x3a,0x20,0x72,0x65,0x67,0x69,0x73,0x74,0x65,0x72,0x28,0x74,0x30,0x29,0x3b,
    0x0a,0x53,0x61,0x6d,0x70,0x6c,0x65,0x72,0x53,0x74,0x61,0x74,0x65,0x20,0x6f,0x66,
    0x6c,0x6f,0x77,0x43,0x75,0x72,0x72,0x65,0x6e,0x74,0x53,0x6d,0x70,0x20,0x3a,0x20,
    0x72,0x65,0x67,0x69,0x73,0x74,0x65,0x72,0x28,0x73,0x30,0x29,0x3b,0x0a,0x54,0x65,
    0x78,0x74,0x75,0x72,0x65,0x32,0x44,0x3c,0x66,0x6c,0x6f,0x61,0x74,0x34,0x3e,0x20,
    0x6f,0x66,0x6c,0x6f,0x77,0x50,0x72,0x65,0x76,0x69,0x6f,0x75,0x73,0x54,0x65,0x78,
    0x20,0x3a,0x20,0x72,0x65,0x67,0x69,0x73,0x74,0x65,0x72,0x28,0x74,0x31,0x29,0x3b,
    0x0a,0x53,0x61,0x6d,0x70,0x6c,0x65,0x72,0x53,0x74,0x61,0x74,0x65,0x20,0x6f,0x66,
    0x6c,0x6f,0x77,0x50,0x72,0x65,0x76,0x69,0x6f,0x75,0x73,0x53,0x6d,0x70,0x20,0x3a,
    0x20,0x72,0x65,0x67,0x69,0x73,0x74,0x65,0x72,0x28,0x73,0x31,0x29,0x3b,0x0a,0x0a,
    0x73,0x74,0x61,0x74,0x69,0x63,0x20,0x66,0x6c,0x6f,0x61,0x74,0x32,0x20,0x75,0x76,
    0x3b,0x0a,0x73,0x74,0x61,0x74,0x69,0x63,0x20,0x66,0x6c,0x6f,0x61,0x74,0x34,0x20,
    0x66,0x72,0x61,0x67,0x5f,0x63,0x6f,0x6c,0x6f,0x72,0x3b,0x0a,0x0a,0x73,0x74,0x72,
    0x75,0x63,0x74,0x20,0x53,0x50,0x49,0x52,0x56,0x5f,0x43,0x72,0x6f,0x73,0x73,0x5f,
    0x49,0x6e,0x70,0x75,0x74,0x0a,0x7b,0x0a,0x20,0x20,0x20,0x20,0x66,0x6c,0x6f,0x61,
    0x74,0x32,0x20,0x75,0x76,0x20,0x3a,0x20,0x54,0x45,0x58,0x43,0x4f,0x4f,0x52,0x44,
    0x30,0x3b,0x0a,0x7d,0x3b,0x0a,0x0a,0x73,0x74,0x72,0x75,0x63,0x74,0x20,0x53,0x50,
    0x49,0x52,0x56,0x5f,0x43,0x72,0x6f,0x73,0x73,0x5f,0x4f,0x75,0x74,0x70,0x75,0x74,
    0x0a,0x7b,0x0a,0x20,0x20,0x20,0x20,0x66,0x6c,0x6f,0x61,0x74,0x34,0x20,0x66,0x72,
    0x61,0x67,0x5f,0x63,0x6f,0x6c,0x6f,0x72,0x20,0x3a,0x20,0x53,0x56,0x5f,0x54,0x61,
    0x72,0x67,0x65,0x74,0x30,0x3b,0x0a,0x7d,0x3b,0x0a,0x0a,0x76,0x6f,0x69,0x64,0x20,
    0x66,0x72,0x61,0x67,0x5f,0x6d,0x61,0x69,0x6e,0x28,0x29,0x0a,0x7b,0x0a,0x20,0x20,
    0x20,0x20,0x66,0x6c,0x6f,0x61,0x74,0x32,0x20,0x5f,0x32,0x38,0x20,0x3d,0x20,0x5f,
    0x31,0x33,0x5f,0x74,0x65,0x78,0x65,0x6c,0x2e,0x78,0x79,0x20,0x2a,0x20,0x6d,0x61,
    0x78,0x28,0x5f,0x31,0x33,0x5f,0x6f,0x70,0x74,0x69,0x6f,0x6e,0x73,0x2e,0x79,0x2c,
    0x20,0x31,0x2e,0x30,0x66,0x29,0x3b,0x0a,0x20,0x20,0x20,0x20,0x66,0x6c,0x6f,0x61,
    0x74,0x34,0x20,0x5f,0x34,0x34,0x20,0x3d,0x20,0x6f,0x66,0x6c,0x6f,0x77,0x43,0x75,
    0x72,0x72,0x65,0x6e,0x74,0x54,0x65,0x78,0x2e,0x53,0x61,0x6d,0x70,0x6c,0x65,0x28,
    0x6f,0x66,0x6c,0x6f,0x77,0x43,0x75,0x72,0x72,0x65,0x6e,0x74,0x53,0x6d,0x70,0x2c,
    0x20,0x75,0x76,0x29,0x3b,0x0a,0x20,0x20,0x20,0x20,0x66,0x6c,0x6f,0x61,0x74,0x34,
    0x20,0x5f,0x35,0x34,0x20,0x3d,0x20,0x6f,0x66,0x6c,0x6f,0x77,0x50,0x72,0x65,0x76,
    0x69,0x6f,0x75,0x73,0x54,0x65,0x78,0x2e,0x53,0x61,0x6d,0x70,0x6c,0x65,0x28,0x6f,
    0x66,0x6c,0x6f,0x77,0x50,0x72,0x65,0x76,0x69,0x6f,0x75,0x73,0x53,0x6d,0x70,0x2c,
    0x20,0x75,0x76,0x29,0x3b,0x0a,0x20,0x20,0x20,0x20,0x66,0x6c,0x6f,0x61,0x74,0x32,
    0x20,0x5f,0x36,0x34,0x20,0x3d,0x20,0x66,0x6c,0x6f,0x61,0x74,0x32,0x28,0x5f,0x32,
    0x38,0x2e,0x78,0x2c,0x20,0x30,0x2e,0x30,0x66,0x29,0x3b,0x0a,0x20,0x20,0x20,0x20,
    0x66,0x6c,0x6f,0x61,0x74,0x34,0x20,0x5f,0x36,0x36,0x20,0x3d,0x20,0x6f,0x66,0x6c,
    0x6f,0x77,0x43,0x75,0x72,0x72,0x65,0x6e,0x74,0x54,0x65,0x78,0x2e,0x53,0x61,0x6d,
    0x70,0x6c,0x65,0x28,0x6f,0x66,0x6c,0x6f,0x77,0x43,0x75,0x72,0x72,0x65,0x6e,0x74,
    0x53,0x6d,0x70,0x2c,0x20,0x75,0x76,0x20,0x2d,0x20,0x5f,0x36,0x34,0x29,0x3b,0x0a,
    0x20,0x20,0x20,0x20,0x66,0x6c,0x6f,0x61,0x74,0x34,0x20,0x5f,0x37,0x37,0x20,0x3d,
    0x20,0x6f,0x66,0x6c,0x6f,0x77,0x43,0x75,0x72,0x72,0x65,0x6e,0x74,0x54,0x65,0x78,
    0x2e,0x53,0x61,0x6d,0x70,0x6c,0x65,0x28,0x6f,0x66,0x6c,0x6f,0x77,0x43,0x75,0x72,
    0x72,0x65,0x6e,0x74,0x53,0x6d,0x70,0x2c,0x20,0x75,0x76,0x20,0x2b,0x20,0x5f,0x36,
    0x34,0x29,0x3b,0x0a,0x20,0x20,0x20,0x20,0x66,0x6c,0x6f,0x61,0x74,0x32,0x20,0x5f,
    0x38,0x36,0x20,0x3d,0x20,0x66,0x6c,0x6f,0x61,0x74,0x32,0x28,0x30,0x2e,0x30,0x66,
    0x2c,0x20,0x5f,0x32,0x38,0x2e,0x79,0x29,0x3b,0x0a,0x20,0x20,0x20,0x20,0x66,0x6c,
    0x6f,0x61,0x74,0x34,0x20,0x5f,0x38,0x38,0x20,0x3d,0x20,0x6f,0x66,0x6c,0x6f,0x77,
    0x43,0x75,0x72,0x72,0x65,0x6e,0x74,0x54,0x65,0x78,0x2e,0x53,0x61,0x6d,0x70,0x6c,
    0x65,0x28,0x6f,0x66,0x6c,0x6f,0x77,0x43,0x75,0x72,0x72,0x65,0x6e,0x74,0x53,0x6d,
    0x70,0x2c,0x20,0x75,0x76,0x20,0x2d,0x20,0x5f,0x38,0x36,0x29,0x3b,0x0a,0x20,0x20,
    0x20,0x20,0x66,0x6c,0x6f,0x61,0x74,0x34,0x20,0x5f,0x39,0x39,0x20,0x3d,0x20,0x6f,
    0x66,0x6c,0x6f,0x77,0x43,0x75,0x72,0x72,0x65,0x6e,0x74,0x54,0x65,0x78,0x2e,0x53,
    0x61,0x6d,0x70,0x6c,0x65,0x28,0x6f,0x66,0x6c,0x6f,0x77,0x43,0x75,0x72,0x72,0x65,
    0x6e,0x74,0x53,0x6d,0x70,0x2c,0x20,0x75,0x76,0x20,0x2b,0x20,0x5f,0x38,0x36,0x29,
    0x3b,0x0a,0x20,0x20,0x20,0x20,0x66,0x6c,0x6f,0x61,0x74,0x32,0x20,0x5f,0x31,0x31,
    0x31,0x20,0x3d,0x20,0x66,0x6c,0x6f,0x61,0x74,0x32,0x28,0x28,0x5f,0x37,0x37,0x2e,
    0x78,0x20,0x2d,0x20,0x5f,0x36,0x36,0x2e,0x78,0x29,0x20,0x2a,0x20,0x30,0x2e,0x35,
    0x66,0x2c,0x20,0x28,0x5f,0x39,0x39,0x2e,0x78,0x20,0x2d,0x20,0x5f,0x38,0x38,0x2e,
    0x78,0x29,0x20,0x2a,0x20,0x30,0x2e,0x35,0x66,0x29,0x3b,0x0a,0x20,0x20,0x20,0x20,
    0x66,0x6c,0x6f,0x61,0x74,0x32,0x20,0x5f,0x31,0x34,0x32,0x20,0x3d,0x20,0x28,0x28,
    0x5f,0x31,0x31,0x31,0x20,0x2a,0x20,0x28,0x2d,0x28,0x5f,0x34,0x34,0x2e,0x78,0x20,
    0x2d,0x20,0x5f,0x35,0x34,0x2e,0x78,0x29,0x29,0x29,0x20,0x2f,0x20,0x6d,0x61,0x78,
    0x28,0x64,0x6f,0x74,0x28,0x5f,0x31,0x31,0x31,0x2c,0x20,0x5f,0x31,0x31,0x31,0x29,
    0x20,0x2b,0x20,0x5f,0x31,0x33,0x5f,0x6f,0x70,0x74,0x69,0x6f,0x6e,0x73,0x2e,0x7a,
    0x2c,0x20,0x39,0x2e,0x39,0x39,0x39,0x39,0x39,0x39,0x39,0x37,0x34,0x37,0x35,0x32,
    0x34,0x32,0x37,0x30,0x37,0x38,0x37,0x38,0x33,0x35,0x31,0x32,0x31,0x31,0x35,0x34,
    0x37,0x38,0x35,0x65,0x2d,0x30,0x37,0x66,0x29,0x2e,0x78,0x78,0x29,0x20,0x2a,0x20,
    0x28,0x5f,0x31,0x33,0x5f,0x63,0x6f,0x6c,0x6f,0x72,0x2e,0x78,0x79,0x20,0x2a,0x20,
    0x5f,0x31,0x33,0x5f,0x6f,0x70,0x74,0x69,0x6f,0x6e,0x73,0x2e,0x78,0x29,0x3b,0x0a,
    0x20,0x20,0x20,0x20,0x66,0x6c,0x6f,0x61,0x74,0x32,0x20,0x66,0x6c,0x6f,0x77,0x20,
    0x3d,0x20,0x5f,0x31,0x34,0x32,0x3b,0x0a,0x20,0x20,0x20,0x20,0x66,0x6c,0x6f,0x61,
    0x74,0x20,0x5f,0x31,0x34,0x35,0x20,0x3d,0x20,0x6c,0x65,0x6e,0x67,0x74,0x68,0x28,
    0x5f,0x31,0x34,0x32,0x29,0x3b,0x0a,0x20,0x20,0x20,0x20,0x69,0x66,0x20,0x28,0x5f,
    0x31,0x34,0x35,0x20,0x3e,0x20,0x39,0x2e,0x39,0x39,0x39,0x39,0x39,0x39,0x39,0x37,
    0x34,0x37,0x35,0x32,0x34,0x32,0x37,0x30,0x37,0x38,0x37,0x38,0x33,0x35,0x31,0x32,
    0x31,0x31,0x35,0x34,0x37,0x38,0x35,0x65,0x2d,0x30,0x37,0x66,0x29,0x0a,0x20,0x20,
    0x20,0x20,0x7b,0x0a,0x20,0x20,0x20,0x20,0x20,0x20,0x20,0x20,0x66,0x6c,0x6f,0x77,
    0x20,0x2a,0x3d,0x20,0x28,0x6d,0x61,0x78,0x28,0x5f,0x31,0x34,0x35,0x20,0x2d,0x20,
    0x5f,0x31,0x33,0x5f,0x6f,0x70,0x74,0x69,0x6f,0x6e,0x73,0x2e,0x77,0x2c,0x20,0x30,
    0x2e,0x30,0x66,0x29,0x20,0x2f,0x20,0x5f,0x31,0x34,0x35,0x29,0x3b,0x0a,0x20,0x20,
    0x20,0x20,0x7d,0x0a,0x20,0x20,0x20,0x20,0x65,0x6c,0x73,0x65,0x0a,0x20,0x20,0x20,
    0x20,0x7b,0x0a,0x20,0x20,0x20,0x20,0x20,0x20,0x20,0x20,0x66,0x6c,0x6f,0x77,0x20,
    0x3d,0x20,0x30,0x2e,0x30,0x66,0x2e,0x78,0x78,0x3b,0x0a,0x20,0x20,0x20,0x20,0x7d,
    0x0a,0x20,0x20,0x20,0x20,0x66,0x72,0x61,0x67,0x5f,0x63,0x6f,0x6c,0x6f,0x72,0x20,
    0x3d,0x20,0x66,0x6c,0x6f,0x61,0x74,0x34,0x28,0x66,0x6c,0x6f,0x77,0x2c,0x20,0x30,
    0x2e,0x30,0x66,0x2c,0x20,0x31,0x2e,0x30,0x66,0x29,0x3b,0x0a,0x7d,0x0a,0x0a,0x53,
    0x50,0x49,0x52,0x56,0x5f,0x43,0x72,0x6f,0x73,0x73,0x5f,0x4f,0x75,0x74,0x70,0x75,
    0x74,0x20,0x6d,0x61,0x69,0x6e,0x28,0x53,0x50,0x49,0x52,0x56,0x5f,0x43,0x72,0x6f,
    0x73,0x73,0x5f,0x49,0x6e,0x70,0x75,0x74,0x20,0x73,0x74,0x61,0x67,0x65,0x5f,0x69,
    0x6e,0x70,0x75,0x74,0x29,0x0a,0x7b,0x0a,0x20,0x20,0x20,0x20,0x75,0x76,0x20,0x3d,
    0x20,0x73,0x74,0x61,0x67,0x65,0x5f,0x69,0x6e,0x70,0x75,0x74,0x2e,0x75,0x76,0x3b,
    0x0a,0x20,0x20,0x20,0x20,0x66,0x72,0x61,0x67,0x5f,0x6d,0x61,0x69,0x6e,0x28,0x29,
    0x3b,0x0a,0x20,0x20,0x20,0x20,0x53,0x50,0x49,0x52,0x56,0x5f,0x43,0x72,0x6f,0x73,
    0x73,0x5f,0x4f,0x75,0x74,0x70,0x75,0x74,0x20,0x73,0x74,0x61,0x67,0x65,0x5f,0x6f,
    0x75,0x74,0x70,0x75,0x74,0x3b,0x0a,0x20,0x20,0x20,0x20,0x73,0x74,0x61,0x67,0x65,
    0x5f,0x6f,0x75,0x74,0x70,0x75,0x74,0x2e,0x66,0x72,0x61,0x67,0x5f,0x63,0x6f,0x6c,
    0x6f,0x72,0x20,0x3d,0x20,0x66,0x72,0x61,0x67,0x5f,0x63,0x6f,0x6c,0x6f,0x72,0x3b,
    0x0a,0x20,0x20,0x20,0x20,0x72,0x65,0x74,0x75,0x72,0x6e,0x20,0x73,0x74,0x61,0x67,
    0x65,0x5f,0x6f,0x75,0x74,0x70,0x75,0x74,0x3b,0x0a,0x7d,0x0a,0x00,
};
/*
    cbuffer optical_params : register(b0)
    {
        float4 _40_color : packoffset(c0);
        float4 _40_resolution : packoffset(c1);
        float4 _40_texel : packoffset(c2);
        float4 _40_options : packoffset(c3);
    };

    Texture2D<float4> oflowCurrentFlowTex : register(t0);
    SamplerState oflowCurrentFlowSmp : register(s0);
    Texture2D<float4> oflowPreviousFlowTex : register(t1);
    SamplerState oflowPreviousFlowSmp : register(s1);

    static float2 uv;
    static float4 frag_color;

    struct SPIRV_Cross_Input
    {
        float2 uv : TEXCOORD0;
    };

    struct SPIRV_Cross_Output
    {
        float4 frag_color : SV_Target0;
    };

    void frag_main()
    {
        frag_color = float4(lerp(oflowCurrentFlowTex.Sample(oflowCurrentFlowSmp, uv).xy, oflowPreviousFlowTex.Sample(oflowPreviousFlowSmp, uv).xy, clamp(_40_options.y, 0.0f, 1.0f).xx) * _40_options.z, 0.0f, 1.0f);
    }

    SPIRV_Cross_Output main(SPIRV_Cross_Input stage_input)
    {
        uv = stage_input.uv;
        frag_main();
        SPIRV_Cross_Output stage_output;
        stage_output.frag_color = frag_color;
        return stage_output;
    }
*/
static const uint8_t fs_optical_temporal_smooth_source_hlsl5[1025] = {
    0x63,0x62,0x75,0x66,0x66,0x65,0x72,0x20,0x6f,0x70,0x74,0x69,0x63,0x61,0x6c,0x5f,
    0x70,0x61,0x72,0x61,0x6d,0x73,0x20,0x3a,0x20,0x72,0x65,0x67,0x69,0x73,0x74,0x65,
    0x72,0x28,0x62,0x30,0x29,0x0a,0x7b,0x0a,0x20,0x20,0x20,0x20,0x66,0x6c,0x6f,0x61,
    0x74,0x34,0x20,0x5f,0x34,0x30,0x5f,0x63,0x6f,0x6c,0x6f,0x72,0x20,0x3a,0x20,0x70,
    0x61,0x63,0x6b,0x6f,0x66,0x66,0x73,0x65,0x74,0x28,0x63,0x30,0x29,0x3b,0x0a,0x20,
    0x20,0x20,0x20,0x66,0x6c,0x6f,0x61,0x74,0x34,0x20,0x5f,0x34,0x30,0x5f,0x72,0x65,
    0x73,0x6f,0x6c,0x75,0x74,0x69,0x6f,0x6e,0x20,0x3a,0x20,0x70,0x61,0x63,0x6b,0x6f,
    0x66,0x66,0x73,0x65,0x74,0x28,0x63,0x31,0x29,0x3b,0x0a,0x20,0x20,0x20,0x20,0x66,
    0x6c,0x6f,0x61,0x74,0x34,0x20,0x5f,0x34,0x30,0x5f,0x74,0x65,0x78,0x65,0x6c,0x20,
    0x3a,0x20,0x70,0x61,0x63,0x6b,0x6f,0x66,0x66,0x73,0x65,0x74,0x28,0x63,0x32,0x29,
    0x3b,0x0a,0x20,0x20,0x20,0x20,0x66,0x6c,0x6f,0x61,0x74,0x34,0x20,0x5f,0x34,0x30,
    0x5f,0x6f,0x70,0x74,0x69,0x6f,0x6e,0x73,0x20,0x3a,0x20,0x70,0x61,0x63,0x6b,0x6f,
    0x66,0x66,0x73,0x65,0x74,0x28,0x63,0x33,0x29,0x3b,0x0a,0x7d,0x3b,0x0a,0x0a,0x54,
    0x65,0x78,0x74,0x75,0x72,0x65,0x32,0x44,0x3c,0x66,0x6c,0x6f,0x61,0x74,0x34,0x3e,
    0x20,0x6f,0x66,0x6c,0x6f,0x77,0x43,0x75,0x72,0x72,0x65,0x6e,0x74,0x46,0x6c,0x6f,
    0x77,0x54,0x65,0x78,0x20,0x3a,0x20,0x72,0x65,0x67,0x69,0x73,0x74,0x65,0x72,0x28,
    0x74,0x30,0x29,0x3b,0x0a,0x53,0x61,0x6d,0x70,0x6c,0x65,0x72,0x53,0x74,0x61,0x74,
    0x65,0x20,0x6f,0x66,0x6c,0x6f,0x77,0x43,0x75,0x72,0x72,0x65,0x6e,0x74,0x46,0x6c,
    0x6f,0x77,0x53,0x6d,0x70,0x20,0x3a,0x20,0x72,0x65,0x67,0x69,0x73,0x74,0x65,0x72,
    0x28,0x73,0x30,0x29,0x3b,0x0a,0x54,0x65,0x78,0x74,0x75,0x72,0x65,0x32,0x44,0x3c,
    0x66,0x6c,0x6f,0x61,0x74,0x34,0x3e,0x20,0x6f,0x66,0x6c,0x6f,0x77,0x50,0x72,0x65,
    0x76,0x69,0x6f,0x75,0x73,0x46,0x6c,0x6f,0x77,0x54,0x65,0x78,0x20,0x3a,0x20,0x72,
    0x65,0x67,0x69,0x73,0x74,0x65,0x72,0x28,0x74,0x31,0x29,0x3b,0x0a,0x53,0x61,0x6d,
    0x70,0x6c,0x65,0x72,0x53,0x74,0x61,0x74,0x65,0x20,0x6f,0x66,0x6c,0x6f,0x77,0x50,
    0x72,0x65,0x76,0x69,0x6f,0x75,0x73,0x46,0x6c,0x6f,0x77,0x53,0x6d,0x70,0x20,0x3a,
    0x20,0x72,0x65,0x67,0x69,0x73,0x74,0x65,0x72,0x28,0x73,0x31,0x29,0x3b,0x0a,0x0a,
    0x73,0x74,0x61,0x74,0x69,0x63,0x20,0x66,0x6c,0x6f,0x61,0x74,0x32,0x20,0x75,0x76,
    0x3b,0x0a,0x73,0x74,0x61,0x74,0x69,0x63,0x20,0x66,0x6c,0x6f,0x61,0x74,0x34,0x20,
    0x66,0x72,0x61,0x67,0x5f,0x63,0x6f,0x6c,0x6f,0x72,0x3b,0x0a,0x0a,0x73,0x74,0x72,
    0x75,0x63,0x74,0x20,0x53,0x50,0x49,0x52,0x56,0x5f,0x43,0x72,0x6f,0x73,0x73,0x5f,
    0x49,0x6e,0x70,0x75,0x74,0x0a,0x7b,0x0a,0x20,0x20,0x20,0x20,0x66,0x6c,0x6f,0x61,
    0x74,0x32,0x20,0x75,0x76,0x20,0x3a,0x20,0x54,0x45,0x58,0x43,0x4f,0x4f,0x52,0x44,
    0x30,0x3b,0x0a,0x7d,0x3b,0x0a,0x0a,0x73,0x74,0x72,0x75,0x63,0x74,0x20,0x53,0x50,
    0x49,0x52,0x56,0x5f,0x43,0x72,0x6f,0x73,0x73,0x5f,0x4f,0x75,0x74,0x70,0x75,0x74,
    0x0a,0x7b,0x0a,0x20,0x20,0x20,0x20,0x66,0x6c,0x6f,0x61,0x74,0x34,0x20,0x66,0x72,
    0x61,0x67,0x5f,0x63,0x6f,0x6c,0x6f,0x72,0x20,0x3a,0x20,0x53,0x56,0x5f,0x54,0x61,
    0x72,0x67,0x65,0x74,0x30,0x3b,0x0a,0x7d,0x3b,0x0a,0x0a,0x76,0x6f,0x69,0x64,0x20,
    0x66,0x72,0x61,0x67,0x5f,0x6d,0x61,0x69,0x6e,0x28,0x29,0x0a,0x7b,0x0a,0x20,0x20,
    0x20,0x20,0x66,0x72,0x61,0x67,0x5f,0x63,0x6f,0x6c,0x6f,0x72,0x20,0x3d,0x20,0x66,
    0x6c,0x6f,0x61,0x74,0x34,0x28,0x6c,0x65,0x72,0x70,0x28,0x6f,0x66,0x6c,0x6f,0x77,
    0x43,0x75,0x72,0x72,0x65,0x6e,0x74,0x46,0x6c,0x6f,0x77,0x54,0x65,0x78,0x2e,0x53,
    0x61,0x6d,0x70,0x6c,0x65,0x28,0x6f,0x66,0x6c,0x6f,0x77,0x43,0x75,0x72,0x72,0x65,
    0x6e,0x74,0x46,0x6c,0x6f,0x77,0x53,0x6d,0x70,0x2c,0x20,0x75,0x76,0x29,0x2e,0x78,
    0x79,0x2c,0x20,0x6f,0x66,0x6c,0x6f,0x77,0x50,0x72,0x65,0x76,0x69,0x6f,0x75,0x73,
    0x46,0x6c,0x6f,0x77,0x54,0x65,0x78,0x2e,0x53,0x61,0x6d,0x70,0x6c,0x65,0x28,0x6f,
    0x66,0x6c,0x6f,0x77,0x50,0x72,0x65,0x76,0x69,0x6f,0x75,0x73,0x46,0x6c,0x6f,0x77,
    0x53,0x6d,0x70,0x2c,0x20,0x75,0x76,0x29,0x2e,0x78,0x79,0x2c,0x20,0x63,0x6c,0x61,
    0x6d,0x70,0x28,0x5f,0x34,0x30,0x5f,0x6f,0x70,0x74,0x69,0x6f,0x6e,0x73,0x2e,0x79,
    0x2c,0x20,0x30,0x2e,0x30,0x66,0x2c,0x20,0x31,0x2e,0x30,0x66,0x29,0x2e,0x78,0x78,
    0x29,0x20,0x2a,0x20,0x5f,0x34,0x30,0x5f,0x6f,0x70,0x74,0x69,0x6f,0x6e,0x73,0x2e,
    0x7a,0x2c,0x20,0x30,0x2e,0x30,0x66,0x2c,0x20,0x31,0x2e,0x30,0x66,0x29,0x3b,0x0a,
    0x7d,0x0a,0x0a,0x53,0x50,0x49,0x52,0x56,0x5f,0x43,0x72,0x6f,0x73,0x73,0x5f,0x4f,
    0x75,0x74,0x70,0x75,0x74,0x20,0x6d,0x61,0x69,0x6e,0x28,0x53,0x50,0x49,0x52,0x56,
    0x5f,0x43,0x72,0x6f,0x73,0x73,0x5f,0x49,0x6e,0x70,0x75,0x74,0x20,0x73,0x74,0x61,
    0x67,0x65,0x5f,0x69,0x6e,0x70,0x75,0x74,0x29,0x0a,0x7b,0x0a,0x20,0x20,0x20,0x20,
    0x75,0x76,0x20,0x3d,0x20,0x73,0x74,0x61,0x67,0x65,0x5f,0x69,0x6e,0x70,0x75,0x74,
    0x2e,0x75,0x76,0x3b,0x0a,0x20,0x20,0x20,0x20,0x66,0x72,0x61,0x67,0x5f,0x6d,0x61,
    0x69,0x6e,0x28,0x29,0x3b,0x0a,0x20,0x20,0x20,0x20,0x53,0x50,0x49,0x52,0x56,0x5f,
    0x43,0x72,0x6f,0x73,0x73,0x5f,0x4f,0x75,0x74,0x70,0x75,0x74,0x20,0x73,0x74,0x61,
    0x67,0x65,0x5f,0x6f,0x75,0x74,0x70,0x75,0x74,0x3b,0x0a,0x20,0x20,0x20,0x20,0x73,
    0x74,0x61,0x67,0x65,0x5f,0x6f,0x75,0x74,0x70,0x75,0x74,0x2e,0x66,0x72,0x61,0x67,
    0x5f,0x63,0x6f,0x6c,0x6f,0x72,0x20,0x3d,0x20,0x66,0x72,0x61,0x67,0x5f,0x63,0x6f,
    0x6c,0x6f,0x72,0x3b,0x0a,0x20,0x20,0x20,0x20,0x72,0x65,0x74,0x75,0x72,0x6e,0x20,
    0x73,0x74,0x61,0x67,0x65,0x5f,0x6f,0x75,0x74,0x70,0x75,0x74,0x3b,0x0a,0x7d,0x0a,
    0x00,
};
/*
    cbuffer optical_params : register(b0)
    {
        float4 _28_color : packoffset(c0);
        float4 _28_resolution : packoffset(c1);
        float4 _28_texel : packoffset(c2);
        float4 _28_options : packoffset(c3);
    };

    Texture2D<float4> oflowCurrentFlowTex : register(t0);
    SamplerState oflowCurrentFlowSmp : register(s0);

    static float2 uv;
    static float4 frag_color;

    struct SPIRV_Cross_Input
    {
        float2 uv : TEXCOORD0;
    };

    struct SPIRV_Cross_Output
    {
        float4 frag_color : SV_Target0;
    };

    void frag_main()
    {
        float2 _36 = oflowCurrentFlowTex.Sample(oflowCurrentFlowSmp, uv).xy * _28_options.x;
        float _48 = _36.x;
        float _52 = _36.y;
        frag_color = float4(float3(max(_48, 0.0f), max(_52, 0.0f), max((-_48) - _52, 0.0f)) + (clamp(length(_36), 0.0f, 1.0f) * 0.1500000059604644775390625f).xxx, 1.0f);
    }

    SPIRV_Cross_Output main(SPIRV_Cross_Input stage_input)
    {
        uv = stage_input.uv;
        frag_main();
        SPIRV_Cross_Output stage_output;
        stage_output.frag_color = frag_color;
        return stage_output;
    }
*/
static const uint8_t fs_optical_visualize_source_hlsl5[1011] = {
    0x63,0x62,0x75,0x66,0x66,0x65,0x72,0x20,0x6f,0x70,0x74,0x69,0x63,0x61,0x6c,0x5f,
    0x70,0x61,0x72,0x61,0x6d,0x73,0x20,0x3a,0x20,0x72,0x65,0x67,0x69,0x73,0x74,0x65,
    0x72,0x28,0x62,0x30,0x29,0x0a,0x7b,0x0a,0x20,0x20,0x20,0x20,0x66,0x6c,0x6f,0x61,
    0x74,0x34,0x20,0x5f,0x32,0x38,0x5f,0x63,0x6f,0x6c,0x6f,0x72,0x20,0x3a,0x20,0x70,
    0x61,0x63,0x6b,0x6f,0x66,0x66,0x73,0x65,0x74,0x28,0x63,0x30,0x29,0x3b,0x0a,0x20,
    0x20,0x20,0x20,0x66,0x6c,0x6f,0x61,0x74,0x34,0x20,0x5f,0x32,0x38,0x5f,0x72,0x65,
    0x73,0x6f,0x6c,0x75,0x74,0x69,0x6f,0x6e,0x20,0x3a,0x20,0x70,0x61,0x63,0x6b,0x6f,
    0x66,0x66,0x73,0x65,0x74,0x28,0x63,0x31,0x29,0x3b,0x0a,0x20,0x20,0x20,0x20,0x66,
    0x6c,0x6f,0x61,0x74,0x34,0x20,0x5f,0x32,0x38,0x5f,0x74,0x65,0x78,0x65,0x6c,0x20,
    0x3a,0x20,0x70,0x61,0x63,0x6b,0x6f,0x66,0x66,0x73,0x65,0x74,0x28,0x63,0x32,0x29,
    0x3b,0x0a,0x20,0x20,0x20,0x20,0x66,0x6c,0x6f,0x61,0x74,0x34,0x20,0x5f,0x32,0x38,
    0x5f,0x6f,0x70,0x74,0x69,0x6f,0x6e,0x73,0x20,0x3a,0x20,0x70,0x61,0x63,0x6b,0x6f,
    0x66,0x66,0x73,0x65,0x74,0x28,0x63,0x33,0x29,0x3b,0x0a,0x7d,0x3b,0x0a,0x0a,0x54,
    0x65,0x78,0x74,0x75,0x72,0x65,0x32,0x44,0x3c,0x66,0x6c,0x6f,0x61,0x74,0x34,0x3e,
    0x20,0x6f,0x66,0x6c,0x6f,0x77,0x43,0x75,0x72,0x72,0x65,0x6e,0x74,0x46,0x6c,0x6f,
    0x77,0x54,0x65,0x78,0x20,0x3a,0x20,0x72,0x65,0x67,0x69,0x73,0x74,0x65,0x72,0x28,
    0x74,0x30,0x29,0x3b,0x0a,0x53,0x61,0x6d,0x70,0x6c,0x65,0x72,0x53,0x74,0x61,0x74,
    0x65,0x20,0x6f,0x66,0x6c,0x6f,0x77,0x43,0x75,0x72,0x72,0x65,0x6e,0x74,0x46,0x6c,
    0x6f,0x77,0x53,0x6d,0x70,0x20,0x3a,0x20,0x72,0x65,0x67,0x69,0x73,0x74,0x65,0x72,
    0x28,0x73,0x30,0x29,0x3b,0x0a,0x0a,0x73,0x74,0x61,0x74,0x69,0x63,0x20,0x66,0x6c,
    0x6f,0x61,0x74,0x32,0x20,0x75,0x76,0x3b,0x0a,0x73,0x74,0x61,0x74,0x69,0x63,0x20,
    0x66,0x6c,0x6f,0x61,0x74,0x34,0x20,0x66,0x72,0x61,0x67,0x5f,0x63,0x6f,0x6c,0x6f,
    0x72,0x3b,0x0a,0x0a,0x73,0x74,0x72,0x75,0x63,0x74,0x20,0x53,0x50,0x49,0x52,0x56,
    0x5f,0x43,0x72,0x6f,0x73,0x73,0x5f,0x49,0x6e,0x70,0x75,0x74,0x0a,0x7b,0x0a,0x20,
    0x20,0x20,0x20,0x66,0x6c,0x6f,0x61,0x74,0x32,0x20,0x75,0x76,0x20,0x3a,0x20,0x54,
    0x45,0x58,0x43,0x4f,0x4f,0x52,0x44,0x30,0x3b,0x0a,0x7d,0x3b,0x0a,0x0a,0x73,0x74,
    0x72,0x75,0x63,0x74,0x20,0x53,0x50,0x49,0x52,0x56,0x5f,0x43,0x72,0x6f,0x73,0x73,
    0x5f,0x4f,0x75,0x74,0x70,0x75,0x74,0x0a,0x7b,0x0a,0x20,0x20,0x20,0x20,0x66,0x6c,
    0x6f,0x61,0x74,0x34,0x20,0x66,0x72,0x61,0x67,0x5f,0x63,0x6f,0x6c,0x6f,0x72,0x20,
    0x3a,0x20,0x53,0x56,0x5f,0x54,0x61,0x72,0x67,0x65,0x74,0x30,0x3b,0x0a,0x7d,0x3b,
    0x0a,0x0a,0x76,0x6f,0x69,0x64,0x20,0x66,0x72,0x61,0x67,0x5f,0x6d,0x61,0x69,0x6e,
    0x28,0x29,0x0a,0x7b,0x0a,0x20,0x20,0x20,0x20,0x66,0x6c,0x6f,0x61,0x74,0x32,0x20,
    0x5f,0x33,0x36,0x20,0x3d,0x20,0x6f,0x66,0x6c,0x6f,0x77,0x43,0x75,0x72,0x72,0x65,
    0x6e,0x74,0x46,0x6c,0x6f,0x77,0x54,0x65,0x78,0x2e,0x53,0x61,0x6d,0x70,0x6c,0x65,
    0x28,0x6f,0x66,0x6c,0x6f,0x77,0x43,0x75,0x72,0x72,0x65,0x6e,0x74,0x46,0x6c,0x6f,
    0x77,0x53,0x6d,0x70,0x2c,0x20,0x75,0x76,0x29,0x2e,0x78,0x79,0x20,0x2a,0x20,0x5f,
    0x32,0x38,0x5f,0x6f,0x70,0x74,0x69,0x6f,0x6e,0x73,0x2e,0x78,0x3b,0x0a,0x20,0x20,
    0x20,0x20,0x66,0x6c,0x6f,0x61,0x74,0x20,0x5f,0x34,0x38,0x20,0x3d,0x20,0x5f,0x33,
    0x36,0x2e,0x78,0x3b,0x0a,0x20,0x20,0x20,0x20,0x66,0x6c,0x6f,0x61,0x74,0x20,0x5f,
    0x35,0x32,0x20,0x3d,0x20,0x5f,0x33,0x36,0x2e,0x79,0x3b,0x0a,0x20,0x20,0x20,0x20,
    0x66,0x72,0x61,0x67,0x5f,0x63,0x6f,0x6c,0x6f,0x72,0x20,0x3d,0x20,0x66,0x6c,0x6f,
    0x61,0x74,0x34,0x28,0x66,0x6c,0x6f,0x61,0x74,0x33,0x28,0x6d,0x61,0x78,0x28,0x5f,
    0x34,0x38,0x2c,0x20,0x30,0x2e,0x30,0x66,0x29,0x2c,0x20,0x6d,0x61,0x78,0x28,0x5f,
    0x35,0x32,0x2c,0x20,0x30,0x2e,0x30,0x66,0x29,0x2c,0x20,0x6d,0x61,0x78,0x28,0x28,
    0x2d,0x5f,0x34,0x38,0x29,0x20,0x2d,0x20,0x5f,0x35,0x32,0x2c,0x20,0x30,0x2e,0x30,
    0x66,0x29,0x29,0x20,0x2b,0x20,0x28,0x63,0x6c,0x61,0x6d,0x70,0x28,0x6c,0x65,0x6e,
    0x67,0x74,0x68,0x28,0x5f,0x33,0x36,0x29,0x2c,0x20,0x30,0x2e,0x30,0x66,0x2c,0x20,
    0x31,0x2e,0x30,0x66,0x29,0x20,0x2a,0x20,0x30,0x2e,0x31,0x35,0x30,0x30,0x30,0x30,
    0x30,0x30,0x35,0x39,0x36,0x30,0x34,0x36,0x34,0x34,0x37,0x37,0x35,0x33,0x39,0x30,
    0x36,0x32,0x35,0x66,0x29,0x2e,0x78,0x78,0x78,0x2c,0x20,0x31,0x2e,0x30,0x66,0x29,
    0x3b,0x0a,0x7d,0x0a,0x0a,0x53,0x50,0x49,0x52,0x56,0x5f,0x43,0x72,0x6f,0x73,0x73,
    0x5f,0x4f,0x75,0x74,0x70,0x75,0x74,0x20,0x6d,0x61,0x69,0x6e,0x28,0x53,0x50,0x49,
    0x52,0x56,0x5f,0x43,0x72,0x6f,0x73,0x73,0x5f,0x49,0x6e,0x70,0x75,0x74,0x20,0x73,
    0x74,0x61,0x67,0x65,0x5f,0x69,0x6e,0x70,0x75,0x74,0x29,0x0a,0x7b,0x0a,0x20,0x20,
    0x20,0x20,0x75,0x76,0x20,0x3d,0x20,0x73,0x74,0x61,0x67,0x65,0x5f,0x69,0x6e,0x70,
    0x75,0x74,0x2e,0x75,0x76,0x3b,0x0a,0x20,0x20,0x20,0x20,0x66,0x72,0x61,0x67,0x5f,
    0x6d,0x61,0x69,0x6e,0x28,0x29,0x3b,0x0a,0x20,0x20,0x20,0x20,0x53,0x50,0x49,0x52,
    0x56,0x5f,0x43,0x72,0x6f,0x73,0x73,0x5f,0x4f,0x75,0x74,0x70,0x75,0x74,0x20,0x73,
    0x74,0x61,0x67,0x65,0x5f,0x6f,0x75,0x74,0x70,0x75,0x74,0x3b,0x0a,0x20,0x20,0x20,
    0x20,0x73,0x74,0x61,0x67,0x65,0x5f,0x6f,0x75,0x74,0x70,0x75,0x74,0x2e,0x66,0x72,
    0x61,0x67,0x5f,0x63,0x6f,0x6c,0x6f,0x72,0x20,0x3d,0x20,0x66,0x72,0x61,0x67,0x5f,
    0x63,0x6f,0x6c,0x6f,0x72,0x3b,0x0a,0x20,0x20,0x20,0x20,0x72,0x65,0x74,0x75,0x72,
    0x6e,0x20,0x73,0x74,0x61,0x67,0x65,0x5f,0x6f,0x75,0x74,0x70,0x75,0x74,0x3b,0x0a,
    0x7d,0x0a,0x00,
};
/*
    #include <metal_stdlib>
    #include <simd/simd.h>

    using namespace metal;

    struct main0_out
    {
        float2 uv [[user(locn0)]];
        float4 gl_Position [[position]];
    };

    struct main0_in
    {
        float2 position [[attribute(0)]];
        float2 texcoord0 [[attribute(1)]];
    };

    vertex main0_out main0(main0_in in [[stage_in]])
    {
        main0_out out = {};
        out.gl_Position = float4(in.position, 0.0, 1.0);
        out.uv = in.texcoord0;
        return out;
    }

*/
static const uint8_t optical_vs_source_metal_macos[437] = {
    0x23,0x69,0x6e,0x63,0x6c,0x75,0x64,0x65,0x20,0x3c,0x6d,0x65,0x74,0x61,0x6c,0x5f,
    0x73,0x74,0x64,0x6c,0x69,0x62,0x3e,0x0a,0x23,0x69,0x6e,0x63,0x6c,0x75,0x64,0x65,
    0x20,0x3c,0x73,0x69,0x6d,0x64,0x2f,0x73,0x69,0x6d,0x64,0x2e,0x68,0x3e,0x0a,0x0a,
    0x75,0x73,0x69,0x6e,0x67,0x20,0x6e,0x61,0x6d,0x65,0x73,0x70,0x61,0x63,0x65,0x20,
    0x6d,0x65,0x74,0x61,0x6c,0x3b,0x0a,0x0a,0x73,0x74,0x72,0x75,0x63,0x74,0x20,0x6d,
    0x61,0x69,0x6e,0x30,0x5f,0x6f,0x75,0x74,0x0a,0x7b,0x0a,0x20,0x20,0x20,0x20,0x66,
    0x6c,0x6f,0x61,0x74,0x32,0x20,0x75,0x76,0x20,0x5b,0x5b,0x75,0x73,0x65,0x72,0x28,
    0x6c,0x6f,0x63,0x6e,0x30,0x29,0x5d,0x5d,0x3b,0x0a,0x20,0x20,0x20,0x20,0x66,0x6c,
    0x6f,0x61,0x74,0x34,0x20,0x67,0x6c,0x5f,0x50,0x6f,0x73,0x69,0x74,0x69,0x6f,0x6e,
    0x20,0x5b,0x5b,0x70,0x6f,0x73,0x69,0x74,0x69,0x6f,0x6e,0x5d,0x5d,0x3b,0x0a,0x7d,
    0x3b,0x0a,0x0a,0x73,0x74,0x72,0x75,0x63,0x74,0x20,0x6d,0x61,0x69,0x6e,0x30,0x5f,
    0x69,0x6e,0x0a,0x7b,0x0a,0x20,0x20,0x20,0x20,0x66,0x6c,0x6f,0x61,0x74,0x32,0x20,
    0x70,0x6f,0x73,0x69,0x74,0x69,0x6f,0x6e,0x20,0x5b,0x5b,0x61,0x74,0x74,0x72,0x69,
    0x62,0x75,0x74,0x65,0x28,0x30,0x29,0x5d,0x5d,0x3b,0x0a,0x20,0x20,0x20,0x20,0x66,
    0x6c,0x6f,0x61,0x74,0x32,0x20,0x74,0x65,0x78,0x63,0x6f,0x6f,0x72,0x64,0x30,0x20,
    0x5b,0x5b,0x61,0x74,0x74,0x72,0x69,0x62,0x75,0x74,0x65,0x28,0x31,0x29,0x5d,0x5d,
    0x3b,0x0a,0x7d,0x3b,0x0a,0x0a,0x76,0x65,0x72,0x74,0x65,0x78,0x20,0x6d,0x61,0x69,
    0x6e,0x30,0x5f,0x6f,0x75,0x74,0x20,0x6d,0x61,0x69,0x6e,0x30,0x28,0x6d,0x61,0x69,
    0x6e,0x30,0x5f,0x69,0x6e,0x20,0x69,0x6e,0x20,0x5b,0x5b,0x73,0x74,0x61,0x67,0x65,
    0x5f,0x69,0x6e,0x5d,0x5d,0x29,0x0a,0x7b,0x0a,0x20,0x20,0x20,0x20,0x6d,0x61,0x69,
    0x6e,0x30,0x5f,0x6f,0x75,0x74,0x20,0x6f,0x75,0x74,0x20,0x3d,0x20,0x7b,0x7d,0x3b,
    0x0a,0x20,0x20,0x20,0x20,0x6f,0x75,0x74,0x2e,0x67,0x6c,0x5f,0x50,0x6f,0x73,0x69,
    0x74,0x69,0x6f,0x6e,0x20,0x3d,0x20,0x66,0x6c,0x6f,0x61,0x74,0x34,0x28,0x69,0x6e,
    0x2e,0x70,0x6f,0x73,0x69,0x74,0x69,0x6f,0x6e,0x2c,0x20,0x30,0x2e,0x30,0x2c,0x20,
    0x31,0x2e,0x30,0x29,0x3b,0x0a,0x20,0x20,0x20,0x20,0x6f,0x75,0x74,0x2e,0x75,0x76,
    0x20,0x3d,0x20,0x69,0x6e,0x2e,0x74,0x65,0x78,0x63,0x6f,0x6f,0x72,0x64,0x30,0x3b,
    0x0a,0x20,0x20,0x20,0x20,0x72,0x65,0x74,0x75,0x72,0x6e,0x20,0x6f,0x75,0x74,0x3b,
    0x0a,0x7d,0x0a,0x0a,0x00,
};
/*
    #include <metal_stdlib>
    #include <simd/simd.h>

    using namespace metal;

    struct optical_params
    {
        float4 color;
        float4 resolution;
        float4 texel;
        float4 options;
    };

    struct main0_out
    {
        float4 frag_color [[color(0)]];
    };

    struct main0_in
    {
        float2 uv [[user(locn0)]];
    };

    fragment main0_out main0(main0_in in [[stage_in]], constant optical_params& _45 [[buffer(0)]], texture2d<float> oflowColorTex [[texture(0)]], sampler oflowColorSmp [[sampler(0)]])
    {
        main0_out out = {};
        float4 _24 = oflowColorTex.sample(oflowColorSmp, in.uv);
        float _34 = dot(_24.xyz, float3(0.2125999927520751953125, 0.715200006961822509765625, 0.072200000286102294921875));
        out.frag_color = float4(_34, _34, _34, _24.w) * _45.color;
        return out;
    }

*/
static const uint8_t fs_optical_luminance_source_metal_macos[761] = {
    0x23,0x69,0x6e,0x63,0x6c,0x75,0x64,0x65,0x20,0x3c,0x6d,0x65,0x74,0x61,0x6c,0x5f,
    0x73,0x74,0x64,0x6c,0x69,0x62,0x3e,0x0a,0x23,0x69,0x6e,0x63,0x6c,0x75,0x64,0x65,
    0x20,0x3c,0x73,0x69,0x6d,0x64,0x2f,0x73,0x69,0x6d,0x64,0x2e,0x68,0x3e,0x0a,0x0a,
    0x75,0x73,0x69,0x6e,0x67,0x20,0x6e,0x61,0x6d,0x65,0x73,0x70,0x61,0x63,0x65,0x20,
    0x6d,0x65,0x74,0x61,0x6c,0x3b,0x0a,0x0a,0x73,0x74,0x72,0x75,0x63,0x74,0x20,0x6f,
    0x70,0x74,0x69,0x63,0x61,0x6c,0x5f,0x70,0x61,0x72,0x61,0x6d,0x73,0x0a,0x7b,0x0a,
    0x20,0x20,0x20,0x20,0x66,0x6c,0x6f,0x61,0x74,0x34,0x20,0x63,0x6f,0x6c,0x6f,0x72,
    0x3b,0x0a,0x20,0x20,0x20,0x20,0x66,0x6c,0x6f,0x61,0x74,0x34,0x20,0x72,0x65,0x73,
    0x6f,0x6c,0x75,0x74,0x69,0x6f,0x6e,0x3b,0x0a,0x20,0x20,0x20,0x20,0x66,0x6c,0x6f,
    0x61,0x74,0x34,0x20,0x74,0x65,0x78,0x65,0x6c,0x3b,0x0a,0x20,0x20,0x20,0x20,0x66,
    0x6c,0x6f,0x61,0x74,0x34,0x20,0x6f,0x70,0x74,0x69,0x6f,0x6e,0x73,0x3b,0x0a,0x7d,
    0x3b,0x0a,0x0a,0x73,0x74,0x72,0x75,0x63,0x74,0x20,0x6d,0x61,0x69,0x6e,0x30,0x5f,
    0x6f,0x75,0x74,0x0a,0x7b,0x0a,0x20,0x20,0x20,0x20,0x66,0x6c,0x6f,0x61,0x74,0x34,
    0x20,0x66,0x72,0x61,0x67,0x5f,0x63,0x6f,0x6c,0x6f,0x72,0x20,0x5b,0x5b,0x63,0x6f,
    0x6c,0x6f,0x72,0x28,0x30,0x29,0x5d,0x5d,0x3b,0x0a,0x7d,0x3b,0x0a,0x0a,0x73,0x74,
    0x72,0x75,0x63,0x74,0x20,0x6d,0x61,0x69,0x6e,0x30,0x5f,0x69,0x6e,0x0a,0x7b,0x0a,
    0x20,0x20,0x20,0x20,0x66,0x6c,0x6f,0x61,0x74,0x32,0x20,0x75,0x76,0x20,0x5b,0x5b,
    0x75,0x73,0x65,0x72,0x28,0x6c,0x6f,0x63,0x6e,0x30,0x29,0x5d,0x5d,0x3b,0x0a,0x7d,
    0x3b,0x0a,0x0a,0x66,0x72,0x61,0x67,0x6d,0x65,0x6e,0x74,0x20,0x6d,0x61,0x69,0x6e,
    0x30,0x5f,0x6f,0x75,0x74,0x20,0x6d,0x61,0x69,0x6e,0x30,0x28,0x6d,0x61,0x69,0x6e,
    0x30,0x5f,0x69,0x6e,0x20,0x69,0x6e,0x20,0x5b,0x5b,0x73,0x74,0x61,0x67,0x65,0x5f,
    0x69,0x6e,0x5d,0x5d,0x2c,0x20,0x63,0x6f,0x6e,0x73,0x74,0x61,0x6e,0x74,0x20,0x6f,
    0x70,0x74,0x69,0x63,0x61,0x6c,0x5f,0x70,0x61,0x72,0x61,0x6d,0x73,0x26,0x20,0x5f,
    0x34,0x35,0x20,0x5b,0x5b,0x62,0x75,0x66,0x66,0x65,0x72,0x28,0x30,0x29,0x5d,0x5d,
    0x2c,0x20,0x74,0x65,0x78,0x74,0x75,0x72,0x65,0x32,0x64,0x3c,0x66,0x6c,0x6f,0x61,
    0x74,0x3e,0x20,0x6f,0x66,0x6c,0x6f,0x77,0x43,0x6f,0x6c,0x6f,0x72,0x54,0x65,0x78,
    0x20,0x5b,0x5b,0x74,0x65,0x78,0x74,0x75,0x72,0x65,0x28,0x30,0x29,0x5d,0x5d,0x2c,
    0x20,0x73,0x61,0x6d,0x70,0x6c,0x65,0x72,0x20,0x6f,0x66,0x6c,0x6f,0x77,0x43,0x6f,
    0x6c,0x6f,0x72,0x53,0x6d,0x70,0x20,0x5b,0x5b,0x73,0x61,0x6d,0x70,0x6c,0x65,0x72,
    0x28,0x30,0x29,0x5d,0x5d,0x29,0x0a,0x7b,0x0a,0x20,0x20,0x20,0x20,0x6d,0x61,0x69,
    0x6e,0x30,0x5f,0x6f,0x75,0x74,0x20,0x6f,0x75,0x74,0x20,0x3d,0x20,0x7b,0x7d,0x3b,
    0x0a,0x20,0x20,0x20,0x20,0x66,0x6c,0x6f,0x61,0x74,0x34,0x20,0x5f,0x32,0x34,0x20,
    0x3d,0x20,0x6f,0x66,0x6c,0x6f,0x77,0x43,0x6f,0x6c,0x6f,0x72,0x54,0x65,0x78,0x2e,
    0x73,0x61,0x6d,0x70,0x6c,0x65,0x28,0x6f,0x66,0x6c,0x6f,0x77,0x43,0x6f,0x6c,0x6f,
    0x72,0x53,0x6d,0x70,0x2c,0x20,0x69,0x6e,0x2e,0x75,0x76,0x29,0x3b,0x0a,0x20,0x20,
    0x20,0x20,0x66,0x6c,0x6f,0x61,0x74,0x20,0x5f,0x33,0x34,0x20,0x3d,0x20,0x64,0x6f,
    0x74,0x28,0x5f,0x32,0x34,0x2e,0x78,0x79,0x7a,0x2c,0x20,0x66,0x6c,0x6f,0x61,0x74,
    0x33,0x28,0x30,0x2e,0x32,0x31,0x32,0x35,0x39,0x39,0x39,0x39,0x32,0x37,0x35,0x32,
    0x30,0x37,0x35,0x31,0x39,0x35,0x33,0x31,0x32,0x35,0x2c,0x20,0x30,0x2e,0x37,0x31,
    0x35,0x32,0x30,0x30,0x30,0x30,0x36,0x39,0x36,0x31,0x38,0x32,0x32,0x35,0x30,0x39,
    0x37,0x36,0x35,0x36,0x32,0x35,0x2c,0x20,0x30,0x2e,0x30,0x37,0x32,0x32,0x30,0x30,
    0x30,0x30,0x30,0x32,0x38,0x36,0x31,0x30,0x32,0x32,0x39,0x34,0x39,0x32,0x31,0x38,
    0x37,0x35,0x29,0x29,0x3b,0x0a,0x20,0x20,0x20,0x20,0x6f,0x75,0x74,0x2e,0x66,0x72,
    0x61,0x67,0x5f,0x63,0x6f,0x6c,0x6f,0x72,0x20,0x3d,0x20,0x66,0x6c,0x6f,0x61,0x74,
    0x34,0x28,0x5f,0x33,0x34,0x2c,0x20,0x5f,0x33,0x34,0x2c,0x20,0x5f,0x33,0x34,0x2c,
    0x20,0x5f,0x32,0x34,0x2e,0x77,0x29,0x20,0x2a,0x20,0x5f,0x34,0x35,0x2e,0x63,0x6f,
    0x6c,0x6f,0x72,0x3b,0x0a,0x20,0x20,0x20,0x20,0x72,0x65,0x74,0x75,0x72,0x6e,0x20,
    0x6f,0x75,0x74,0x3b,0x0a,0x7d,0x0a,0x0a,0x00,
};
/*
    #include <metal_stdlib>
    #include <simd/simd.h>

    using namespace metal;

    struct optical_params
    {
        float4 color;
        float4 resolution;
        float4 texel;
        float4 options;
    };

    struct main0_out
    {
        float4 frag_color [[color(0)]];
    };

    struct main0_in
    {
        float2 uv [[user(locn0)]];
    };

    fragment main0_out main0(main0_in in [[stage_in]], constant optical_params& _51 [[buffer(0)]], texture2d<float> oflowCurrentTex [[texture(0)]], texture2d<float> oflowPreviousTex [[texture(1)]], sampler oflowCurrentSmp [[sampler(0)]], sampler oflowPreviousSmp [[sampler(1)]])
    {
        main0_out out = {};
        float _40 = oflowCurrentTex.sample(oflowCurrentSmp, in.uv).x - oflowPreviousTex.sample(oflowPreviousSmp, in.uv).x;
        out.frag_color = float4(_40, abs(_40), 0.0, 1.0) * _51.color;
        return out;
    }

*/
static const uint8_t fs_optical_difference_source_metal_macos[797] = {
    0x23,0x69,0x6e,0x63,0x6c,0x75,0x64,0x65,0x20,0x3c,0x6d,0x65,0x74,0x61,0x6c,0x5f,
    0x73,0x74,0x64,0x6c,0x69,0x62,0x3e,0x0a,0x23,0x69,0x6e,0x63,0x6c,0x75,0x64,0x65,
    0x20,0x3c,0x73,0x69,0x6d,0x64,0x2f,0x73,0x69,0x6d,0x64,0x2e,0x68,0x3e,0x0a,0x0a,
    0x75,0x73,0x69,0x6e,0x67,0x20,0x6e,0x61,0x6d,0x65,0x73,0x70,0x61,0x63,0x65,0x20,
    0x6d,0x65,0x74,0x61,0x6c,0x3b,0x0a,0x0a,0x73,0x74,0x72,0x75,0x63,0x74,0x20,0x6f,
    0x70,0x74,0x69,0x63,0x61,0x6c,0x5f,0x70,0x61,0x72,0x61,0x6d,0x73,0x0a,0x7b,0x0a,
    0x20,0x20,0x20,0x20,0x66,0x6c,0x6f,0x61,0x74,0x34,0x20,0x63,0x6f,0x6c,0x6f,0x72,
    0x3b,0x0a,0x20,0x20,0x20,0x20,0x66,0x6c,0x6f,0x61,0x74,0x34,0x20,0x72,0x65,0x73,
    0x6f,0x6c,0x75,0x74,0x69,0x6f,0x6e,0x3b,0x0a,0x20,0x20,0x20,0x20,0x66,0x6c,0x6f,
    0x61,0x74,0x34,0x20,0x74,0x65,0x78,0x65,0x6c,0x3b,0x0a,0x20,0x20,0x20,0x20,0x66,
    0x6c,0x6f,0x61,0x74,0x34,0x20,0x6f,0x70,0x74,0x69,0x6f,0x6e,0x73,0x3b,0x0a,0x7d,
    0x3b,0x0a,0x0a,0x73,0x74,0x72,0x75,0x63,0x74,0x20,0x6d,0x61,0x69,0x6e,0x30,0x5f,
    0x6f,0x75,0x74,0x0a,0x7b,0x0a,0x20,0x20,0x20,0x20,0x66,0x6c,0x6f,0x61,0x74,0x34,
    0x20,0x66,0x72,0x61,0x67,0x5f,0x63,0x6f,0x6c,0x6f,0x72,0x20,0x5b,0x5b,0x63,0x6f,
    0x6c,0x6f,0x72,0x28,0x30,0x29,0x5d,0x5d,0x3b,0x0a,0x7d,0x3b,0x0a,0x0a,0x73,0x74,
    0x72,0x75,0x63,0x74,0x20,0x6d,0x61,0x69,0x6e,0x30,0x5f,0x69,0x6e,0x0a,0x7b,0x0a,
    0x20,0x20,0x20,0x20,0x66,0x6c,0x6f,0x61,0x74,0x32,0x20,0x75,0x76,0x20,0x5b,0x5b,
    0x75,0x73,0x65,0x72,0x28,0x6c,0x6f,0x63,0x6e,0x30,0x29,0x5d,0x5d,0x3b,0x0a,0x7d,
    0x3b,0x0a,0x0a,0x66,0x72,0x61,0x67,0x6d,0x65,0x6e,0x74,0x20,0x6d,0x61,0x69,0x6e,
    0x30,0x5f,0x6f,0x75,0x74,0x20,0x6d,0x61,0x69,0x6e,0x30,0x28,0x6d,0x61,0x69,0x6e,
    0x30,0x5f,0x69,0x6e,0x20,0x69,0x6e,0x20,0x5b,0x5b,0x73,0x74,0x61,0x67,0x65,0x5f,
    0x69,0x6e,0x5d,0x5d,0x2c,0x20,0x63,0x6f,0x6e,0x73,0x74,0x61,0x6e,0x74,0x20,0x6f,
    0x70,0x74,0x69,0x63,0x61,0x6c,0x5f,0x70,0x61,0x72,0x61,0x6d,0x73,0x26,0x20,0x5f,
    0x35,0x31,0x20,0x5b,0x5b,0x62,0x75,0x66,0x66,0x65,0x72,0x28,0x30,0x29,0x5d,0x5d,
    0x2c,0x20,0x74,0x65,0x78,0x74,0x75,0x72,0x65,0x32,0x64,0x3c,0x66,0x6c,0x6f,0x61,
    0x74,0x3e,0x20,0x6f,0x66,0x6c,0x6f,0x77,0x43,0x75,0x72,0x72,0x65,0x6e,0x74,0x54,
    0x65,0x78,0x20,0x5b,0x5b,0x74,0x65,0x78,0x74,0x75,0x72,0x65,0x28,0x30,0x29,0x5d,
    0x5d,0x2c,0x20,0x74,0x65,0x78,0x74,0x75,0x72,0x65,0x32,0x64,0x3c,0x66,0x6c,0x6f,
    0x61,0x74,0x3e,0x20,0x6f,0x66,0x6c,0x6f,0x77,0x50,0x72,0x65,0x76,0x69,0x6f,0x75,
    0x73,0x54,0x65,0x78,0x20,0x5b,0x5b,0x74,0x65,0x78,0x74,0x75,0x72,0x65,0x28,0x31,
    0x29,0x5d,0x5d,0x2c,0x20,0x73,0x61,0x6d,0x70,0x6c,0x65,0x72,0x20,0x6f,0x66,0x6c,
    0x6f,0x77,0x43,0x75,0x72,0x72,0x65,0x6e,0x74,0x53,0x6d,0x70,0x20,0x5b,0x5b,0x73,
    0x61,0x6d,0x70,0x6c,0x65,0x72,0x28,0x30,0x29,0x5d,0x5d,0x2c,0x20,0x73,0x61,0x6d,
    0x70,0x6c,0x65,0x72,0x20,0x6f,0x66,0x6c,0x6f,0x77,0x50,0x72,0x65,0x76,0x69,0x6f,
    0x75,0x73,0x53,0x6d,0x70,0x20,0x5b,0x5b,0x73,0x61,0x6d,0x70,0x6c,0x65,0x72,0x28,
    0x31,0x29,0x5d,0x5d,0x29,0x0a,0x7b,0x0a,0x20,0x20,0x20,0x20,0x6d,0x61,0x69,0x6e,
    0x30,0x5f,0x6f,0x75,0x74,0x20,0x6f,0x75,0x74,0x20,0x3d,0x20,0x7b,0x7d,0x3b,0x0a,
    0x20,0x20,0x20,0x20,0x66,0x6c,0x6f,0x61,0x74,0x20,0x5f,0x34,0x30,0x20,0x3d,0x20,
    0x6f,0x66,0x6c,0x6f,0x77,0x43,0x75,0x72,0x72,0x65,0x6e,0x74,0x54,0x65,0x78,0x2e,
    0x73,0x61,0x6d,0x70,0x6c,0x65,0x28,0x6f,0x66,0x6c,0x6f,0x77,0x43,0x75,0x72,0x72,
    0x65,0x6e,0x74,0x53,0x6d,0x70,0x2c,0x20,0x69,0x6e,0x2e,0x75,0x76,0x29,0x2e,0x78,
    0x20,0x2d,0x20,0x6f,0x66,0x6c,0x6f,0x77,0x50,0x72,0x65,0x76,0x69,0x6f,0x75,0x73,
    0x54,0x65,0x78,0x2e,0x73,0x61,0x6d,0x70,0x6c,0x65,0x28,0x6f,0x66,0x6c,0x6f,0x77,
    0x50,0x72,0x65,0x76,0x69,0x6f,0x75,0x73,0x53,0x6d,0x70,0x2c,0x20,0x69,0x6e,0x2e,
    0x75,0x76,0x29,0x2e,0x78,0x3b,0x0a,0x20,0x20,0x20,0x20,0x6f,0x75,0x74,0x2e,0x66,
    0x72,0x61,0x67,0x5f,0x63,0x6f,0x6c,0x6f,0x72,0x20,0x3d,0x20,0x66,0x6c,0x6f,0x61,
    0x74,0x34,0x28,0x5f,0x34,0x30,0x2c,0x20,0x61,0x62,0x73,0x28,0x5f,0x34,0x30,0x29,
    0x2c,0x20,0x30,0x2e,0x30,0x2c,0x20,0x31,0x2e,0x30,0x29,0x20,0x2a,0x20,0x5f,0x35,
    0x31,0x2e,0x63,0x6f,0x6c,0x6f,0x72,0x3b,0x0a,0x20,0x20,0x20,0x20,0x72,0x65,0x74,
    0x75,0x72,0x6e,0x20,0x6f,0x75,0x74,0x3b,0x0a,0x7d,0x0a,0x0a,0x00,
};
/*
    #include <metal_stdlib>
    #include <simd/simd.h>

    using namespace metal;

    struct optical_params
    {
        float4 color;
        float4 resolution;
        float4 texel;
        float4 options;
    };

    struct main0_out
    {
        float4 frag_color [[color(0)]];
    };

    struct main0_in
    {
        float2 uv [[user(locn0)]];
    };

    fragment main0_out main0(main0_in in [[stage_in]], constant optical_params& _13 [[buffer(0)]], texture2d<float> oflowCurrentTex [[texture(0)]], sampler oflowCurrentSmp [[sampler(0)]])
    {
        main0_out out = {};
        float2 _28 = _13.texel.xy * fast::max(_13.options.y, 1.0);
        float2 _48 = float2(_28.x, 0.0);
        float2 _70 = float2(0.0, _28.y);
        out.frag_color = float4((oflowCurrentTex.sample(oflowCurrentSmp, (in.uv + _48)).x - oflowCurrentTex.sample(oflowCurrentSmp, (in.uv - _48)).x) * 0.5, (oflowCurrentTex.sample(oflowCurrentSmp, (in.uv + _70)).x - oflowCurrentTex.sample(oflowCurrentSmp, (in.uv - _70)).x) * 0.5, 0.0, 1.0);
        return out;
    }

*/
static const uint8_t fs_optical_gradient_source_metal_macos[947] = {
    0x23,0x69,0x6e,0x63,0x6c,0x75,0x64,0x65,0x20,0x3c,0x6d,0x65,0x74,0x61,0x6c,0x5f,
    0x73,0x74,0x64,0x6c,0x69,0x62,0x3e,0x0a,0x23,0x69,0x6e,0x63,0x6c,0x75,0x64,0x65,
    0x20,0x3c,0x73,0x69,0x6d,0x64,0x2f,0x73,0x69,0x6d,0x64,0x2e,0x68,0x3e,0x0a,0x0a,
    0x75,0x73,0x69,0x6e,0x67,0x20,0x6e,0x61,0x6d,0x65,0x73,0x70,0x61,0x63,0x65,0x20,
    0x6d,0x65,0x74,0x61,0x6c,0x3b,0x0a,0x0a,0x73,0x74,0x72,0x75,0x63,0x74,0x20,0x6f,
    0x70,0x74,0x69,0x63,0x61,0x6c,0x5f,0x70,0x61,0x72,0x61,0x6d,0x73,0x0a,0x7b,0x0a,
    0x20,0x20,0x20,0x20,0x66,0x6c,0x6f,0x61,0x74,0x34,0x20,0x63,0x6f,0x6c,0x6f,0x72,
    0x3b,0x0a,0x20,0x20,0x20,0x20,0x66,0x6c,0x6f,0x61,0x74,0x34,0x20,0x72,0x65,0x73,
    0x6f,0x6c,0x75,0x74,0x69,0x6f,0x6e,0x3b,0x0a,0x20,0x20,0x20,0x20,0x66,0x6c,0x6f,
    0x61,0x74,0x34,0x20,0x74,0x65,0x78,0x65,0x6c,0x3b,0x0a,0x20,0x20,0x20,0x20,0x66,
    0x6c,0x6f,0x61,0x74,0x34,0x20,0x6f,0x70,0x74,0x69,0x6f,0x6e,0x73,0x3b,0x0a,0x7d,
    0x3b,0x0a,0x0a,0x73,0x74,0x72,0x75,0x63,0x74,0x20,0x6d,0x61,0x69,0x6e,0x30,0x5f,
    0x6f,0x75,0x74,0x0a,0x7b,0x0a,0x20,0x20,0x20,0x20,0x66,0x6c,0x6f,0x61,0x74,0x34,
    0x20,0x66,0x72,0x61,0x67,0x5f,0x63,0x6f,0x6c,0x6f,0x72,0x20,0x5b,0x5b,0x63,0x6f,
    0x6c,0x6f,0x72,0x28,0x30,0x29,0x5d,0x5d,0x3b,0x0a,0x7d,0x3b,0x0a,0x0a,0x73,0x74,
    0x72,0x75,0x63,0x74,0x20,0x6d,0x61,0x69,0x6e,0x30,0x5f,0x69,0x6e,0x0a,0x7b,0x0a,
    0x20,0x20,0x20,0x20,0x66,0x6c,0x6f,0x61,0x74,0x32,0x20,0x75,0x76,0x20,0x5b,0x5b,
    0x75,0x73,0x65,0x72,0x28,0x6c,0x6f,0x63,0x6e,0x30,0x29,0x5d,0x5d,0x3b,0x0a,0x7d,
    0x3b,0x0a,0x0a,0x66,0x72,0x61,0x67,0x6d,0x65,0x6e,0x74,0x20,0x6d,0x61,0x69,0x6e,
    0x30,0x5f,0x6f,0x75,0x74,0x20,0x6d,0x61,0x69,0x6e,0x30,0x28,0x6d,0x61,0x69,0x6e,
    0x30,0x5f,0x69,0x6e,0x20,0x69,0x6e,0x20,0x5b,0x5b,0x73,0x74,0x61,0x67,0x65,0x5f,
    0x69,0x6e,0x5d,0x5d,0x2c,0x20,0x63,0x6f,0x6e,0x73,0x74,0x61,0x6e,0x74,0x20,0x6f,
    0x70,0x74,0x69,0x63,0x61,0x6c,0x5f,0x70,0x61,0x72,0x61,0x6d,0x73,0x26,0x20,0x5f,
    0x31,0x33,0x20,0x5b,0x5b,0x62,0x75,0x66,0x66,0x65,0x72,0x28,0x30,0x29,0x5d,0x5d,
    0x2c,0x20,0x74,0x65,0x78,0x74,0x75,0x72,0x65,0x32,0x64,0x3c,0x66,0x6c,0x6f,0x61,
    0x74,0x3e,0x20,0x6f,0x66,0x6c,0x6f,0x77,0x43,0x75,0x72,0x72,0x65,0x6e,0x74,0x54,
    0x65,0x78,0x20,0x5b,0x5b,0x74,0x65,0x78,0x74,0x75,0x72,0x65,0x28,0x30,0x29,0x5d,
    0x5d,0x2c,0x20,0x73,0x61,0x6d,0x70,0x6c,0x65,0x72,0x20,0x6f,0x66,0x6c,0x6f,0x77,
    0x43,0x75,0x72,0x72,0x65,0x6e,0x74,0x53,0x6d,0x70,0x20,0x5b,0x5b,0x73,0x61,0x6d,
    0x70,0x6c,0x65,0x72,0x28,0x30,0x29,0x5d,0x5d,0x29,0x0a,0x7b,0x0a,0x20,0x20,0x20,
    0x20,0x6d,0x61,0x69,0x6e,0x30,0x5f,0x6f,0x75,0x74,0x20,0x6f,0x75,0x74,0x20,0x3d,
    0x20,0x7b,0x7d,0x3b,0x0a,0x20,0x20,0x20,0x20,0x66,0x6c,0x6f,0x61,0x74,0x32,0x20,
    0x5f,0x32,0x38,0x20,0x3d,0x20,0x5f,0x31,0x33,0x2e,0x74,0x65,0x78,0x65,0x6c,0x2e,
    0x78,0x79,0x20,0x2a,0x20,0x66,0x61,0x73,0x74,0x3a,0x3a,0x6d,0x61,0x78,0x28,0x5f,
    0x31,0x33,0x2e,0x6f,0x70,0x74,0x69,0x6f,0x6e,0x73,0x2e,0x79,0x2c,0x20,0x31,0x2e,
    0x30,0x29,0x3b,0x0a,0x20,0x20,0x20,0x20,0x66,0x6c,0x6f,0x61,0x74,0x32,0x20,0x5f,
    0x34,0x38,0x20,0x3d,0x20,0x66,0x6c,0x6f,0x61,0x74,0x32,0x28,0x5f,0x32,0x38,0x2e,
    0x78,0x2c,0x20,0x30,0x2e,0x30,0x29,0x3b,0x0a,0x20,0x20,0x20,0x20,0x66,0x6c,0x6f,
    0x61,0x74,0x32,0x20,0x5f,0x37,0x30,0x20,0x3d,0x20,0x66,0x6c,0x6f,0x61,0x74,0x32,
    0x28,0x30,0x2e,0x30,0x2c,0x20,0x5f,0x32,0x38,0x2e,0x79,0x29,0x3b,0x0a,0x20,0x20,
    0x20,0x20,0x6f,0x75,0x74,0x2e,0x66,0x72,0x61,0x67,0x5f,0x63,0x6f,0x6c,0x6f,0x72,
    0x20,0x3d,0x20,0x66,0x6c,0x6f,0x61,0x74,0x34,0x28,0x28,0x6f,0x66,0x6c,0x6f,0x77,
    0x43,0x75,0x72,0x72,0x65,0x6e,0x74,0x54,0x65,0x78,0x2e,0x73,0x61,0x6d,0x70,0x6c,
    0x65,0x28,0x6f,0x66,0x6c,0x6f,0x77,0x43,0x75,0x72,0x72,0x65,0x6e,0x74,0x53,0x6d,
    0x70,0x2c,0x20,0x28,0x69,0x6e,0x2e,0x75,0x76,0x20,0x2b,0x20,0x5f,0x34,0x38,0x29,
    0x29,0x2e,0x78,0x20,0x2d,0x20,0x6f,0x66,0x6c,0x6f,0x77,0x43,0x75,0x72,0x72,0x65,
    0x6e,0x74,0x54,0x65,0x78,0x2e,0x73,0x61,0x6d,0x70,0x6c,0x65,0x28,0x6f,0x66,0x6c,
    0x6f,0x77,0x43,0x75,0x72,0x72,0x65,0x6e,0x74,0x53,0x6d,0x70,0x2c,0x20,0x28,0x69,
    0x6e,0x2e,0x75,0x76,0x20,0x2d,0x20,0x5f,0x34,0x38,0x29,0x29,0x2e,0x78,0x29,0x20,
    0x2a,0x20,0x30,0x2e,0x35,0x2c,0x20,0x28,0x6f,0x66,0x6c,0x6f,0x77,0x43,0x75,0x72,
    0x72,0x65,0x6e,0x74,0x54,0x65,0x78,0x2e,0x73,0x61,0x6d,0x70,0x6c,0x65,0x28,0x6f,
    0x66,0x6c,0x6f,0x77,0x43,0x75,0x72,0x72,0x65,0x6e,0x74,0x53,0x6d,0x70,0x2c,0x20,
    0x28,0x69,0x6e,0x2e,0x75,0x76,0x20,0x2b,0x20,0x5f,0x37,0x30,0x29,0x29,0x2e,0x78,
    0x20,0x2d,0x20,0x6f,0x66,0x6c,0x6f,0x77,0x43,0x75,0x72,0x72,0x65,0x6e,0x74,0x54,
    0x65,0x78,0x2e,0x73,0x61,0x6d,0x70,0x6c,0x65,0x28,0x6f,0x66,0x6c,0x6f,0x77,0x43,
    0x75,0x72,0x72,0x65,0x6e,0x74,0x53,0x6d,0x70,0x2c,0x20,0x28,0x69,0x6e,0x2e,0x75,
    0x76,0x20,0x2d,0x20,0x5f,0x37,0x30,0x29,0x29,0x2e,0x78,0x29,0x20,0x2a,0x20,0x30,
    0x2e,0x35,0x2c,0x20,0x30,0x2e,0x30,0x2c,0x20,0x31,0x2e,0x30,0x29,0x3b,0x0a,0x20,
    0x20,0x20,0x20,0x72,0x65,0x74,0x75,0x72,0x6e,0x20,0x6f,0x75,0x74,0x3b,0x0a,0x7d,
    0x0a,0x0a,0x00,
};
/*
    #include <metal_stdlib>
    #include <simd/simd.h>

    using namespace metal;

    struct optical_params
    {
        float4 color;
        float4 resolution;
        float4 texel;
        float4 options;
    };

    struct main0_out
    {
        float4 frag_color [[color(0)]];
    };

    struct main0_in
    {
        float2 uv [[user(locn0)]];
    };

    fragment main0_out main0(main0_in in [[stage_in]], constant optical_params& _13 [[buffer(0)]], texture2d<float> oflowCurrentTex [[texture(0)]], texture2d<float> oflowPreviousTex [[texture(1)]], sampler oflowCurrentSmp [[sampler(0)]], sampler oflowPreviousSmp [[sampler(1)]])
    {
        main0_out out = {};
        float2 _28 = _13.texel.xy * fast::max(_13.options.y, 1.0);
        float4 _44 = oflowCurrentTex.sample(oflowCurrentSmp, in.uv);
        float4 _54 = oflowPreviousTex.sample(oflowPreviousSmp, in.uv);
        float2 _64 = float2(_28.x, 0.0);
        float4 _66 = oflowCurrentTex.sample(oflowCurrentSmp, (in.uv - _64));
        float4 _77 = oflowCurrentTex.sample(oflowCurrentSmp, (in.uv + _64));
        float2 _86 = float2(0.0, _28.y);
        float4 _88 = oflowCurrentTex.sample(oflowCurrentSmp, (in.uv - _86));
        float4 _99 = oflowCurrentTex.sample(oflowCurrentSmp, (in.uv + _86));
        float2 _111 = float2((_77.x - _66.x) * 0.5, (_99.x - _88.x) * 0.5);
        float2 _142 = ((_111 * (-(_44.x - _54.x))) / float2(fast::max(dot(_111, _111) + _13.options.z, 9.9999999747524270787835121154785e-07))) * (_13.color.xy * _13.options.x);
        float2 flow = _142;
        float _145 = length(_142);
        if (_145 > 9.9999999747524270787835121154785e-07)
        {
            flow *= (fast::max(_145 - _13.options.w, 0.0) / _145);
        }
        else
        {
            flow = float2(0.0);
        }
        out.frag_color = float4(flow, 0.0, 1.0);
        return out;
    }

*/
static const uint8_t fs_optical_flow_source_metal_macos[1697] = {
    0x23,0x69,0x6e,0x63,0x6c,0x75,0x64,0x65,0x20,0x3c,0x6d,0x65,0x74,0x61,0x6c,0x5f,
    0x73,0x74,0x64,0x6c,0x69,0x62,0x3e,0x0a,0x23,0x69,0x6e,0x63,0x6c,0x75,0x64,0x65,
    0x20,0x3c,0x73,0x69,0x6d,0x64,0x2f,0x73,0x69,0x6d,0x64,0x2e,0x68,0x3e,0x0a,0x0a,
    0x75,0x73,0x69,0x6e,0x67,0x20,0x6e,0x61,0x6d,0x65,0x73,0x70,0x61,0x63,0x65,0x20,
    0x6d,0x65,0x74,0x61,0x6c,0x3b,0x0a,0x0a,0x73,0x74,0x72,0x75,0x63,0x74,0x20,0x6f,
    0x70,0x74,0x69,0x63,0x61,0x6c,0x5f,0x70,0x61,0x72,0x61,0x6d,0x73,0x0a,0x7b,0x0a,
    0x20,0x20,0x20,0x20,0x66,0x6c,0x6f,0x61,0x74,0x34,0x20,0x63,0x6f,0x6c,0x6f,0x72,
    0x3b,0x0a,0x20,0x20,0x20,0x20,0x66,0x6c,0x6f,0x61,0x74,0x34,0x20,0x72,0x65,0x73,
    0x6f,0x6c,0x75,0x74,0x69,0x6f,0x6e,0x3b,0x0a,0x20,0x20,0x20,0x20,0x66,0x6c,0x6f,
    0x61,0x74,0x34,0x20,0x74,0x65,0x78,0x65,0x6c,0x3b,0x0a,0x20,0x20,0x20,0x20,0x66,
    0x6c,0x6f,0x61,0x74,0x34,0x20,0x6f,0x70,0x74,0x69,0x6f,0x6e,0x73,0x3b,0x0a,0x7d,
    0x3b,0x0a,0x0a,0x73,0x74,0x72,0x75,0x63,0x74,0x20,0x6d,0x61,0x69,0x6e,0x30,0x5f,
    0x6f,0x75,0x74,0x0a,0x7b,0x0a,0x20,0x20,0x20,0x20,0x66,0x6c,0x6f,0x61,0x74,0x34,
    0x20,0x66,0x72,0x61,0x67,0x5f,0x63,0x6f,0x6c,0x6f,0x72,0x20,0x5b,0x5b,0x63,0x6f,
    0x6c,0x6f,0x72,0x28,0x30,0x29,0x5d,0x5d,0x3b,0x0a,0x7d,0x3b,0x0a,0x0a,0x73,0x74,
    0x72,0x75,0x63,0x74,0x20,0x6d,0x61,0x69,0x6e,0x30,0x5f,0x69,0x6e,0x0a,0x7b,0x0a,
    0x20,0x20,0x20,0x20,0x66,0x6c,0x6f,0x61,0x74,0x32,0x20,0x75,0x76,0x20,0x5b,0x5b,
    0x75,0x73,0x65,0x72,0x28,0x6c,0x6f,0x63,0x6e,0x30,0x29,0x5d,0x5d,0x3b,0x0a,0x7d,
    0x3b,0x0a,0x0a,0x66,0x72,0x61,0x67,0x6d,0x65,0x6e,0x74,0x20,0x6d,0x61,0x69,0x6e,
    0x30,0x5f,0x6f,0x75,0x74,0x20,0x6d,0x61,0x69,0x6e,0x30,0x28,0x6d,0x61,0x69,0x6e,
    0x30,0x5f,0x69,0x6e,0x20,0x69,0x6e,0x20,0x5b,0x5b,0x73,0x74,0x61,0x67,0x65,0x5f,
    0x69,0x6e,0x5d,0x5d,0x2c,0x20,0x63,0x6f,0x6e,0x73,0x74,0x61,0x6e,0x74,0x20,0x6f,
    0x70,0x74,0x69,0x63,0x61,0x6c,0x5f,0x70,0x61,0x72,0x61,0x6d,0x73,0x26,0x20,0x5f,
    0x31,0x33,0x20,0x5b,0x5b,0x62,0x75,0x66,0x66,0x65,0x72,0x28,0x30,0x29,0x5d,0x5d,
    0x2c,0x20,0x74,0x65,0x78,0x74,0x75,0x72,0x65,0x32,0x64,0x3c,0x66,0x6c,0x6f,0x61,
    0x74,0x3e,0x20,0x6f,0x66,0x6c,0x6f,0x77,0x43,0x75,0x72,0x72,0x65,0x6e,0x74,0x54,
    0x65,0x78,0x20,0x5b,0x5b,0x74,0x65,0x78,0x74,0x75,0x72,0x65,0x28,0x30,0x29,0x5d,
    0x5d,0x2c,0x20,0x74,0x65,0x78,0x74,0x75,0x72,0x65,0x32,0x64,0x3c,0x66,0x6c,0x6f,
    0x61,0x74,0x3e,0x20,0x6f,0x66,0x6c,0x6f,0x77,0x50,0x72,0x65,0x76,0x69,0x6f,0x75,
    0x73,0x54,0x65,0x78,0x20,0x5b,0x5b,0x74,0x65,0x78,0x74,0x75,0x72,0x65,0x28,0x31,
    0x29,0x5d,0x5d,0x2c,0x20,0x73,0x61,0x6d,0x70,0x6c,0x65,0x72,0x20,0x6f,0x66,0x6c,
    0x6f,0x77,0x43,0x75,0x72,0x72,0x65,0x6e,0x74,0x53,0x6d,0x70,0x20,0x5b,0x5b,0x73,
    0x61,0x6d,0x70,0x6c,0x65,0x72,0x28,0x30,0x29,0x5d,0x5d,0x2c,0x20,0x73,0x61,0x6d,
    0x70,0x6c,0x65,0x72,0x20,0x6f,0x66,0x6c,0x6f,0x77,0x50,0x72,0x65,0x76,0x69,0x6f,
    0x75,0x73,0x53,0x6d,0x70,0x20,0x5b,0x5b,0x73,0x61,0x6d,0x70,0x6c,0x65,0x72,0x28,
    0x31,0x29,0x5d,0x5d,0x29,0x0a,0x7b,0x0a,0x20,0x20,0x20,0x20,0x6d,0x61,0x69,0x6e,
    0x30,0x5f,0x6f,0x75,0x74,0x20,0x6f,0x75,0x74,0x20,0x3d,0x20,0x7b,0x7d,0x3b,0x0a,
    0x20,0x20,0x20,0x20,0x66,0x6c,0x6f,0x61,0x74,0x32,0x20,0x5f,0x32,0x38,0x20,0x3d,
    0x20,0x5f,0x31,0x33,0x2e,0x74,0x65,0x78,0x65,0x6c,0x2e,0x78,0x79,0x20,0x2a,0x20,
    0x66,0x61,0x73,0x74,0x3a,0x3a,0x6d,0x61,0x78,0x28,0x5f,0x31,0x33,0x2e,0x6f,0x70,
    0x74,0x69,0x6f,0x6e,0x73,0x2e,0x79,0x2c,0x20,0x31,0x2e,0x30,0x29,0x3b,0x0a,0x20,
    0x20,0x20,0x20,0x66,0x6c,0x6f,0x61,0x74,0x34,0x20,0x5f,0x34,0x34,0x20,0x3d,0x20,
    0x6f,0x66,0x6c,0x6f,0x77,0x43,0x75,0x72,0x72,0x65,0x6e,0x74,0x54,0x65,0x78,0x2e,
    0x73,0x61,0x6d,0x70,0x6c,0x65,0x28,0x6f,0x66,0x6c,0x6f,0x77,0x43,0x75,0x72,0x72,
    0x65,0x6e,0x74,0x53,0x6d,0x70,0x2c,0x20,0x69,0x6e,0x2e,0x75,0x76,0x29,0x3b,0x0a,
    0x20,0x20,0x20,0x20,0x66,0x6c,0x6f,0x61,0x74,0x34,0x20,0x5f,0x35,0x34,0x20,0x3d,
    0x20,0x6f,0x66,0x6c,0x6f,0x77,0x50,0x72,0x65,0x76,0x69,0x6f,0x75,0x73,0x54,0x65,
    0x78,0x2e,0x73,0x61,0x6d,0x70,0x6c,0x65,0x28,0x6f,0x66,0x6c,0x6f,0x77,0x50,0x72,
    0x65,0x76,0x69,0x6f,0x75,0x73,0x53,0x6d,0x70,0x2c,0x20,0x69,0x6e,0x2e,0x75,0x76,
    0x29,0x3b,0x0a,0x20,0x20,0x20,0x20,0x66,0x6c,0x6f,0x61,0x74,0x32,0x20,0x5f,0x36,
    0x34,0x20,0x3d,0x20,0x66,0x6c,0x6f,0x61,0x74,0x32,0x28,0x5f,0x32,0x38,0x2e,0x78,
    0x2c,0x20,0x30,0x2e,0x30,0x29,0x3b,0x0a,0x20,0x20,0x20,0x20,0x66,0x6c,0x6f,0x61,
    0x74,0x34,0x20,0x5f,0x36,0x36,0x20,0x3d,0x20,0x6f,0x66,0x6c,0x6f,0x77,0x43,0x75,
    0x72,0x72,0x65,0x6e,0x74,0x54,0x65,0x78,0x2e,0x73,0x61,0x6d,0x70,0x6c,0x65,0x28,
    0x6f,0x66,0x6c,0x6f,0x77,0x43,0x75,0x72,0x72,0x65,0x6e,0x74,0x53,0x6d,0x70,0x2c,
    0x20,0x28,0x69,0x6e,0x2e,0x75,0x76,0x20,0x2d,0x20,0x5f,0x36,0x34,0x29,0x29,0x3b,
    0x0a,0x20,0x20,0x20,0x20,0x66,0x6c,0x6f,0x61,0x74,0x34,0x20,0x5f,0x37,0x37,0x20,
    0x3d,0x20,0x6f,0x66,0x6c,0x6f,0x77,0x43,0x75,0x72,0x72,0x65,0x6e,0x74,0x54,0x65,
    0x78,0x2e,0x73,0x61,0x6d,0x70,0x6c,0x65,0x28,0x6f,0x66,0x6c,0x6f,0x77,0x43,0x75,
    0x72,0x72,0x65,0x6e,0x74,0x53,0x6d,0x70,0x2c,0x20,0x28,0x69,0x6e,0x2e,0x75,0x76,
    0x20,0x2b,0x20,0x5f,0x36,0x34,0x29,0x29,0x3b,0x0a,0x20,0x20,0x20,0x20,0x66,0x6c,
    0x6f,0x61,0x74,0x32,0x20,0x5f,0x38,0x36,0x20,0x3d,0x20,0x66,0x6c,0x6f,0x61,0x74,
    0x32,0x28,0x30,0x2e,0x30,0x2c,0x20,0x5f,0x32,0x38,0x2e,0x79,0x29,0x3b,0x0a,0x20,
    0x20,0x20,0x20,0x66,0x6c,0x6f,0x61,0x74,0x34,0x20,0x5f,0x38,0x38,0x20,0x3d,0x20,
    0x6f,0x66,0x6c,0x6f,0x77,0x43,0x75,0x72,0x72,0x65,0x6e,0x74,0x54,0x65,0x78,0x2e,
    0x73,0x61,0x6d,0x70,0x6c,0x65,0x28,0x6f,0x66,0x6c,0x6f,0x77,0x43,0x75,0x72,0x72,
    0x65,0x6e,0x74,0x53,0x6d,0x70,0x2c,0x20,0x28,0x69,0x6e,0x2e,0x75,0x76,0x20,0x2d,
    0x20,0x5f,0x38,0x36,0x29,0x29,0x3b,0x0a,0x20,0x20,0x20,0x20,0x66,0x6c,0x6f,0x61,
    0x74,0x34,0x20,0x5f,0x39,0x39,0x20,0x3d,0x20,0x6f,0x66,0x6c,0x6f,0x77,0x43,0x75,
    0x72,0x72,0x65,0x6e,0x74,0x54,0x65,0x78,0x2e,0x73,0x61,0x6d,0x70,0x6c,0x65,0x28,
    0x6f,0x66,0x6c,0x6f,0x77,0x43,0x75,0x72,0x72,0x65,0x6e,0x74,0x53,0x6d,0x70,0x2c,
    0x20,0x28,0x69,0x6e,0x2e,0x75,0x76,0x20,0x2b,0x20,0x5f,0x38,0x36,0x29,0x29,0x3b,
    0x0a,0x20,0x20,0x20,0x20,0x66,0x6c,0x6f,0x61,0x74,0x32,0x20,0x5f,0x31,0x31,0x31,
    0x20,0x3d,0x20,0x66,0x6c,0x6f,0x61,0x74,0x32,0x28,0x28,0x5f,0x37,0x37,0x2e,0x78,
    0x20,0x2d,0x20,0x5f,0x36,0x36,0x2e,0x78,0x29,0x20,0x2a,0x20,0x30,0x2e,0x35,0x2c,
    0x20,0x28,0x5f,0x39,0x39,0x2e,0x78,0x20,0x2d,0x20,0x5f,0x38,0x38,0x2e,0x78,0x29,
    0x20,0x2a,0x20,0x30,0x2e,0x35,0x29,0x3b,0x0a,0x20,0x20,0x20,0x20,0x66,0x6c,0x6f,
    0x61,0x74,0x32,0x20,0x5f,0x31,0x34,0x32,0x20,0x3d,0x20,0x28,0x28,0x5f,0x31,0x31,
    0x31,0x20,0x2a,0x20,0x28,0x2d,0x28,0x5f,0x34,0x34,0x2e,0x78,0x20,0x2d,0x20,0x5f,
    0x35,0x34,0x2e,0x78,0x29,0x29,0x29,0x20,0x2f,0x20,0x66,0x6c,0x6f,0x61,0x74,0x32,
    0x28,0x66,0x61,0x73,0x74,0x3a,0x3a,0x6d,0x61,0x78,0x28,0x64,0x6f,0x74,0x28,0x5f,
    0x31,0x31,0x31,0x2c,0x20,0x5f,0x31,0x31,0x31,0x29,0x20,0x2b,0x20,0x5f,0x31,0x33,
    0x2e,0x6f,0x70,0x74,0x69,0x6f,0x6e,0x73,0x2e,0x7a,0x2c,0x20,0x39,0x2e,0x39,0x39,
    0x39,0x39,0x39,0x39,0x39,0x37,0x34,0x37,0x35,0x32,0x34,0x32,0x37,0x30,0x37,0x38,
    0x37,0x38,0x33,0x35,0x31,0x32,0x31,0x31,0x35,0x34,0x37,0x38,0x35,0x65,0x2d,0x30,
    0x37,0x29,0x29,0x29,0x20,0x2a,0x20,0x28,0x5f,0x31,0x33,0x2e,0x63,0x6f,0x6c,0x6f,
    0x72,0x2e,0x78,0x79,0x20,0x2a,0x20,0x5f,0x31,0x33,0x2e,0x6f,0x70,0x74,0x69,0x6f,
    0x6e,0x73,0x2e,0x78,0x29,0x3b,0x0a,0x20,0x20,0x20,0x20,0x66,0x6c,0x6f,0x61,0x74,
    0x32,0x20,0x66,0x6c,0x6f,0x77,0x20,0x3d,0x20,0x5f,0x31,0x34,0x32,0x3b,0x0a,0x20,
    0x20,0x20,0x20,0x66,0x6c,0x6f,0x61,0x74,0x20,0x5f,0x31,0x34,0x35,0x20,0x3d,0x20,
    0x6c,0x65,0x6e,0x67,0x74,0x68,0x28,0x5f,0x31,0x34,0x32,0x29,0x3b,0x0a,0x20,0x20,
    0x20,0x20,0x69,0x66,0x20,0x28,0x5f,0x31,0x34,0x35,0x20,0x3e,0x20,0x39,0x2e,0x39,
    0x39,0x39,0x39,0x39,0x39,0x39,0x37,0x34,0x37,0x35,0x32,0x34,0x32,0x37,0x30,0x37,
    0x38,0x37,0x38,0x33,0x35,0x31,0x32,0x31,0x31,0x35,0x34,0x37,0x38,0x35,0x65,0x2d,
    0x30,0x37,0x29,0x0a,0x20,0x20,0x20,0x20,0x7b,0x0a,0x20,0x20,0x20,0x20,0x20,0x20,
    0x20,0x20,0x66,0x6c,0x6f,0x77,0x20,0x2a,0x3d,0x20,0x28,0x66,0x61,0x73,0x74,0x3a,
    0x3a,0x6d,0x61,0x78,0x28,0x5f,0x31,0x34,0x35,0x20,0x2d,0x20,0x5f,0x31,0x33,0x2e,
    0x6f,0x70,0x74,0x69,0x6f,0x6e,0x73,0x2e,0x77,0x2c,0x20,0x30,0x2e,0x30,0x29,0x20,
    0x2f,0x20,0x5f,0x31,0x34,0x35,0x29,0x3b,0x0a,0x20,0x20,0x20,0x20,0x7d,0x0a,0x20,
    0x20,0x20,0x20,0x65,0x6c,0x73,0x65,0x0a,0x20,0x20,0x20,0x20,0x7b,0x0a,0x20,0x20,
    0x20,0x20,0x20,0x20,0x20,0x20,0x66,0x6c,0x6f,0x77,0x20,0x3d,0x20,0x66,0x6c,0x6f,
    0x61,0x74,0x32,0x28,0x30,0x2e,0x30,0x29,0x3b,0x0a,0x20,0x20,0x20,0x20,0x7d,0x0a,
    0x20,0x20,0x20,0x20,0x6f,0x75,0x74,0x2e,0x66,0x72,0x61,0x67,0x5f,0x63,0x6f,0x6c,
    0x6f,0x72,0x20,0x3d,0x20,0x66,0x6c,0x6f,0x61,0x74,0x34,0x28,0x66,0x6c,0x6f,0x77,
    0x2c,0x20,0x30,0x2e,0x30,0x2c,0x20,0x31,0x2e,0x30,0x29,0x3b,0x0a,0x20,0x20,0x20,
    0x20,0x72,0x65,0x74,0x75,0x72,0x6e,0x20,0x6f,0x75,0x74,0x3b,0x0a,0x7d,0x0a,0x0a,
    0x00,
};
/*
    #include <metal_stdlib>
    #include <simd/simd.h>

    using namespace metal;

    struct optical_params
    {
        float4 color;
        float4 resolution;
        float4 texel;
        float4 options;
    };

    struct main0_out
    {
        float4 frag_color [[color(0)]];
    };

    struct main0_in
    {
        float2 uv [[user(locn0)]];
    };

    fragment main0_out main0(main0_in in [[stage_in]], constant optical_params& _40 [[buffer(0)]], texture2d<float> oflowCurrentFlowTex [[texture(0)]], texture2d<float> oflowPreviousFlowTex [[texture(1)]], sampler oflowCurrentFlowSmp [[sampler(0)]], sampler oflowPreviousFlowSmp [[sampler(1)]])
    {
        main0_out out = {};
        out.frag_color = float4(mix(oflowCurrentFlowTex.sample(oflowCurrentFlowSmp, in.uv).xy, oflowPreviousFlowTex.sample(oflowPreviousFlowSmp, in.uv).xy, float2(fast::clamp(_40.options.y, 0.0, 1.0))) * _40.options.z, 0.0, 1.0);
        return out;
    }

*/
static const uint8_t fs_optical_temporal_smooth_source_metal_macos[854] = {
    0x23,0x69,0x6e,0x63,0x6c,0x75,0x64,0x65,0x20,0x3c,0x6d,0x65,0x74,0x61,0x6c,0x5f,
    0x73,0x74,0x64,0x6c,0x69,0x62,0x3e,0x0a,0x23,0x69,0x6e,0x63,0x6c,0x75,0x64,0x65,
    0x20,0x3c,0x73,0x69,0x6d,0x64,0x2f,0x73,0x69,0x6d,0x64,0x2e,0x68,0x3e,0x0a,0x0a,
    0x75,0x73,0x69,0x6e,0x67,0x20,0x6e,0x61,0x6d,0x65,0x73,0x70,0x61,0x63,0x65,0x20,
    0x6d,0x65,0x74,0x61,0x6c,0x3b,0x0a,0x0a,0x73,0x74,0x72,0x75,0x63,0x74,0x20,0x6f,
    0x70,0x74,0x69,0x63,0x61,0x6c,0x5f,0x70,0x61,0x72,0x61,0x6d,0x73,0x0a,0x7b,0x0a,
    0x20,0x20,0x20,0x20,0x66,0x6c,0x6f,0x61,0x74,0x34,0x20,0x63,0x6f,0x6c,0x6f,0x72,
    0x3b,0x0a,0x20,0x20,0x20,0x20,0x66,0x6c,0x6f,0x61,0x74,0x34,0x20,0x72,0x65,0x73,
    0x6f,0x6c,0x75,0x74,0x69,0x6f,0x6e,0x3b,0x0a,0x20,0x20,0x20,0x20,0x66,0x6c,0x6f,
    0x61,0x74,0x34,0x20,0x74,0x65,0x78,0x65,0x6c,0x3b,0x0a,0x20,0x20,0x20,0x20,0x66,
    0x6c,0x6f,0x61,0x74,0x34,0x20,0x6f,0x70,0x74,0x69,0x6f,0x6e,0x73,0x3b,0x0a,0x7d,
    0x3b,0x0a,0x0a,0x73,0x74,0x72,0x75,0x63,0x74,0x20,0x6d,0x61,0x69,0x6e,0x30,0x5f,
    0x6f,0x75,0x74,0x0a,0x7b,0x0a,0x20,0x20,0x20,0x20,0x66,0x6c,0x6f,0x61,0x74,0x34,
    0x20,0x66,0x72,0x61,0x67,0x5f,0x63,0x6f,0x6c,0x6f,0x72,0x20,0x5b,0x5b,0x63,0x6f,
    0x6c,0x6f,0x72,0x28,0x30,0x29,0x5d,0x5d,0x3b,0x0a,0x7d,0x3b,0x0a,0x0a,0x73,0x74,
    0x72,0x75,0x63,0x74,0x20,0x6d,0x61,0x69,0x6e,0x30,0x5f,0x69,0x6e,0x0a,0x7b,0x0a,
    0x20,0x20,0x20,0x20,0x66,0x6c,0x6f,0x61,0x74,0x32,0x20,0x75,0x76,0x20,0x5b,0x5b,
    0x75,0x73,0x65,0x72,0x28,0x6c,0x6f,0x63,0x6e,0x30,0x29,0x5d,0x5d,0x3b,0x0a,0x7d,
    0x3b,0x0a,0x0a,0x66,0x72,0x61,0x67,0x6d,0x65,0x6e,0x74,0x20,0x6d,0x61,0x69,0x6e,
    0x30,0x5f,0x6f,0x75,0x74,0x20,0x6d,0x61,0x69,0x6e,0x30,0x28,0x6d,0x61,0x69,0x6e,
    0x30,0x5f,0x69,0x6e,0x20,0x69,0x6e,0x20,0x5b,0x5b,0x73,0x74,0x61,0x67,0x65,0x5f,
    0x69,0x6e,0x5d,0x5d,0x2c,0x20,0x63,0x6f,0x6e,0x73,0x74,0x61,0x6e,0x74,0x20,0x6f,
    0x70,0x74,0x69,0x63,0x61,0x6c,0x5f,0x70,0x61,0x72,0x61,0x6d,0x73,0x26,0x20,0x5f,
    0x34,0x30,0x20,0x5b,0x5b,0x62,0x75,0x66,0x66,0x65,0x72,0x28,0x30,0x29,0x5d,0x5d,
    0x2c,0x20,0x74,0x65,0x78,0x74,0x75,0x72,0x65,0x32,0x64,0x3c,0x66,0x6c,0x6f,0x61,
    0x74,0x3e,0x20,0x6f,0x66,0x6c,0x6f,0x77,0x43,0x75,0x72,0x72,0x65,0x6e,0x74,0x46,
    0x6c,0x6f,0x77,0x54,0x65,0x78,0x20,0x5b,0x5b,0x74,0x65,0x78,0x74,0x75,0x72,0x65,
    0x28,0x30,0x29,0x5d,0x5d,0x2c,0x20,0x74,0x65,0x78,0x74,0x75,0x72,0x65,0x32,0x64,
    0x3c,0x66,0x6c,0x6f,0x61,0x74,0x3e,0x20,0x6f,0x66,0x6c,0x6f,0x77,0x50,0x72,0x65,
    0x76,0x69,0x6f,0x75,0x73,0x46,0x6c,0x6f,0x77,0x54,0x65,0x78,0x20,0x5b,0x5b,0x74,
    0x65,0x78,0x74,0x75,0x72,0x65,0x28,0x31,0x29,0x5d,0x5d,0x2c,0x20,0x73,0x61,0x6d,
    0x70,0x6c,0x65,0x72,0x20,0x6f,0x66,0x6c,0x6f,0x77,0x43,0x75,0x72,0x72,0x65,0x6e,
    0x74,0x46,0x6c,0x6f,0x77,0x53,0x6d,0x70,0x20,0x5b,0x5b,0x73,0x61,0x6d,0x70,0x6c,
    0x65,0x72,0x28,0x30,0x29,0x5d,0x5d,0x2c,0x20,0x73,0x61,0x6d,0x70,0x6c,0x65,0x72,
    0x20,0x6f,0x66,0x6c,0x6f,0x77,0x50,0x72,0x65,0x76,0x69,0x6f,0x75,0x73,0x46,0x6c,
    0x6f,0x77,0x53,0x6d,0x70,0x20,0x5b,0x5b,0x73,0x61,0x6d,0x70,0x6c,0x65,0x72,0x28,
    0x31,0x29,0x5d,0x5d,0x29,0x0a,0x7b,0x0a,0x20,0x20,0x20,0x20,0x6d,0x61,0x69,0x6e,
    0x30,0x5f,0x6f,0x75,0x74,0x20,0x6f,0x75,0x74,0x20,0x3d,0x20,0x7b,0x7d,0x3b,0x0a,
    0x20,0x20,0x20,0x20,0x6f,0x75,0x74,0x2e,0x66,0x72,0x61,0x67,0x5f,0x63,0x6f,0x6c,
    0x6f,0x72,0x20,0x3d,0x20,0x66,0x6c,0x6f,0x61,0x74,0x34,0x28,0x6d,0x69,0x78,0x28,
    0x6f,0x66,0x6c,0x6f,0x77,0x43,0x75,0x72,0x72,0x65,0x6e,0x74,0x46,0x6c,0x6f,0x77,
    0x54,0x65,0x78,0x2e,0x73,0x61,0x6d,0x70,0x6c,0x65,0x28,0x6f,0x66,0x6c,0x6f,0x77,
    0x43,0x75,0x72,0x72,0x65,0x6e,0x74,0x46,0x6c,0x6f,0x77,0x53,0x6d,0x70,0x2c,0x20,
    0x69,0x6e,0x2e,0x75,0x76,0x29,0x2e,0x78,0x79,0x2c,0x20,0x6f,0x66,0x6c,0x6f,0x77,
    0x50,0x72,0x65,0x76,0x69,0x6f,0x75,0x73,0x46,0x6c,0x6f,0x77,0x54,0x65,0x78,0x2e,
    0x73,0x61,0x6d,0x70,0x6c,0x65,0x28,0x6f,0x66,0x6c,0x6f,0x77,0x50,0x72,0x65,0x76,
    0x69,0x6f,0x75,0x73,0x46,0x6c,0x6f,0x77,0x53,0x6d,0x70,0x2c,0x20,0x69,0x6e,0x2e,
    0x75,0x76,0x29,0x2e,0x78,0x79,0x2c,0x20,0x66,0x6c,0x6f,0x61,0x74,0x32,0x28,0x66,
    0x61,0x73,0x74,0x3a,0x3a,0x63,0x6c,0x61,0x6d,0x70,0x28,0x5f,0x34,0x30,0x2e,0x6f,
    0x70,0x74,0x69,0x6f,0x6e,0x73,0x2e,0x79,0x2c,0x20,0x30,0x2e,0x30,0x2c,0x20,0x31,
    0x2e,0x30,0x29,0x29,0x29,0x20,0x2a,0x20,0x5f,0x34,0x30,0x2e,0x6f,0x70,0x74,0x69,
    0x6f,0x6e,0x73,0x2e,0x7a,0x2c,0x20,0x30,0x2e,0x30,0x2c,0x20,0x31,0x2e,0x30,0x29,
    0x3b,0x0a,0x20,0x20,0x20,0x20,0x72,0x65,0x74,0x75,0x72,0x6e,0x20,0x6f,0x75,0x74,
    0x3b,0x0a,0x7d,0x0a,0x0a,0x00,
};
/*
    #include <metal_stdlib>
    #include <simd/simd.h>

    using namespace metal;

    struct optical_params
    {
        float4 color;
        float4 resolution;
        float4 texel;
        float4 options;
    };

    struct main0_out
    {
        float4 frag_color [[color(0)]];
    };

    struct main0_in
    {
        float2 uv [[user(locn0)]];
    };

    fragment main0_out main0(main0_in in [[stage_in]], constant optical_params& _28 [[buffer(0)]], texture2d<float> oflowCurrentFlowTex [[texture(0)]], sampler oflowCurrentFlowSmp [[sampler(0)]])
    {
        main0_out out = {};
        float2 _36 = oflowCurrentFlowTex.sample(oflowCurrentFlowSmp, in.uv).xy * _28.options.x;
        float _48 = _36.x;
        float _52 = _36.y;
        out.frag_color = float4(float3(fast::max(_48, 0.0), fast::max(_52, 0.0), fast::max((-_48) - _52, 0.0)) + float3(fast::clamp(length(_36), 0.0, 1.0) * 0.1500000059604644775390625), 1.0);
        return out;
    }

*/
static const uint8_t fs_optical_visualize_source_metal_macos[856] = {
    0x23,0x69,0x6e,0x63,0x6c,0x75,0x64,0x65,0x20,0x3c,0x6d,0x65,0x74,0x61,0x6c,0x5f,
    0x73,0x74,0x64,0x6c,0x69,0x62,0x3e,0x0a,0x23,0x69,0x6e,0x63,0x6c,0x75,0x64,0x65,
    0x20,0x3c,0x73,0x69,0x6d,0x64,0x2f,0x73,0x69,0x6d,0x64,0x2e,0x68,0x3e,0x0a,0x0a,
    0x75,0x73,0x69,0x6e,0x67,0x20,0x6e,0x61,0x6d,0x65,0x73,0x70,0x61,0x63,0x65,0x20,
    0x6d,0x65,0x74,0x61,0x6c,0x3b,0x0a,0x0a,0x73,0x74,0x72,0x75,0x63,0x74,0x20,0x6f,
    0x70,0x74,0x69,0x63,0x61,0x6c,0x5f,0x70,0x61,0x72,0x61,0x6d,0x73,0x0a,0x7b,0x0a,
    0x20,0x20,0x20,0x20,0x66,0x6c,0x6f,0x61,0x74,0x34,0x20,0x63,0x6f,0x6c,0x6f,0x72,
    0x3b,0x0a,0x20,0x20,0x20,0x20,0x66,0x6c,0x6f,0x61,0x74,0x34,0x20,0x72,0x65,0x73,
    0x6f,0x6c,0x75,0x74,0x69,0x6f,0x6e,0x3b,0x0a,0x20,0x20,0x20,0x20,0x66,0x6c,0x6f,
    0x61,0x74,0x34,0x20,0x74,0x65,0x78,0x65,0x6c,0x3b,0x0a,0x20,0x20,0x20,0x20,0x66,
    0x6c,0x6f,0x61,0x74,0x34,0x20,0x6f,0x70,0x74,0x69,0x6f,0x6e,0x73,0x3b,0x0a,0x7d,
    0x3b,0x0a,0x0a,0x73,0x74,0x72,0x75,0x63,0x74,0x20,0x6d,0x61,0x69,0x6e,0x30,0x5f,
    0x6f,0x75,0x74,0x0a,0x7b,0x0a,0x20,0x20,0x20,0x20,0x66,0x6c,0x6f,0x61,0x74,0x34,
    0x20,0x66,0x72,0x61,0x67,0x5f,0x63,0x6f,0x6c,0x6f,0x72,0x20,0x5b,0x5b,0x63,0x6f,
    0x6c,0x6f,0x72,0x28,0x30,0x29,0x5d,0x5d,0x3b,0x0a,0x7d,0x3b,0x0a,0x0a,0x73,0x74,
    0x72,0x75,0x63,0x74,0x20,0x6d,0x61,0x69,0x6e,0x30,0x5f,0x69,0x6e,0x0a,0x7b,0x0a,
    0x20,0x20,0x20,0x20,0x66,0x6c,0x6f,0x61,0x74,0x32,0x20,0x75,0x76,0x20,0x5b,0x5b,
    0x75,0x73,0x65,0x72,0x28,0x6c,0x6f,0x63,0x6e,0x30,0x29,0x5d,0x5d,0x3b,0x0a,0x7d,
    0x3b,0x0a,0x0a,0x66,0x72,0x61,0x67,0x6d,0x65,0x6e,0x74,0x20,0x6d,0x61,0x69,0x6e,
    0x30,0x5f,0x6f,0x75,0x74,0x20,0x6d,0x61,0x69,0x6e,0x30,0x28,0x6d,0x61,0x69,0x6e,
    0x30,0x5f,0x69,0x6e,0x20,0x69,0x6e,0x20,0x5b,0x5b,0x73,0x74,0x61,0x67,0x65,0x5f,
    0x69,0x6e,0x5d,0x5d,0x2c,0x20,0x63,0x6f,0x6e,0x73,0x74,0x61,0x6e,0x74,0x20,0x6f,
    0x70,0x74,0x69,0x63,0x61,0x6c,0x5f,0x70,0x61,0x72,0x61,0x6d,0x73,0x26,0x20,0x5f,
    0x32,0x38,0x20,0x5b,0x5b,0x62,0x75,0x66,0x66,0x65,0x72,0x28,0x30,0x29,0x5d,0x5d,
    0x2c,0x20,0x74,0x65,0x78,0x74,0x75,0x72,0x65,0x32,0x64,0x3c,0x66,0x6c,0x6f,0x61,
    0x74,0x3e,0x20,0x6f,0x66,0x6c,0x6f,0x77,0x43,0x75,0x72,0x72,0x65,0x6e,0x74,0x46,
    0x6c,0x6f,0x77,0x54,0x65,0x78,0x20,0x5b,0x5b,0x74,0x65,0x78,0x74,0x75,0x72,0x65,
    0x28,0x30,0x29,0x5d,0x5d,0x2c,0x20,0x73,0x61,0x6d,0x70,0x6c,0x65,0x72,0x20,0x6f,
    0x66,0x6c,0x6f,0x77,0x43,0x75,0x72,0x72,0x65,0x6e,0x74,0x46,0x6c,0x6f,0x77,0x53,
    0x6d,0x70,0x20,0x5b,0x5b,0x73,0x61,0x6d,0x70,0x6c,0x65,0x72,0x28,0x30,0x29,0x5d,
    0x5d,0x29,0x0a,0x7b,0x0a,0x20,0x20,0x20,0x20,0x6d,0x61,0x69,0x6e,0x30,0x5f,0x6f,
    0x75,0x74,0x20,0x6f,0x75,0x74,0x20,0x3d,0x20,0x7b,0x7d,0x3b,0x0a,0x20,0x20,0x20,
    0x20,0x66,0x6c,0x6f,0x61,0x74,0x32,0x20,0x5f,0x33,0x36,0x20,0x3d,0x20,0x6f,0x66,
    0x6c,0x6f,0x77,0x43,0x75,0x72,0x72,0x65,0x6e,0x74,0x46,0x6c,0x6f,0x77,0x54,0x65,
    0x78,0x2e,0x73,0x61,0x6d,0x70,0x6c,0x65,0x28,0x6f,0x66,0x6c,0x6f,0x77,0x43,0x75,
    0x72,0x72,0x65,0x6e,0x74,0x46,0x6c,0x6f,0x77,0x53,0x6d,0x70,0x2c,0x20,0x69,0x6e,
    0x2e,0x75,0x76,0x29,0x2e,0x78,0x79,0x20,0x2a,0x20,0x5f,0x32,0x38,0x2e,0x6f,0x70,
    0x74,0x69,0x6f,0x6e,0x73,0x2e,0x78,0x3b,0x0a,0x20,0x20,0x20,0x20,0x66,0x6c,0x6f,
    0x61,0x74,0x20,0x5f,0x34,0x38,0x20,0x3d,0x20,0x5f,0x33,0x36,0x2e,0x78,0x3b,0x0a,
    0x20,0x20,0x20,0x20,0x66,0x6c,0x6f,0x61,0x74,0x20,0x5f,0x35,0x32,0x20,0x3d,0x20,
    0x5f,0x33,0x36,0x2e,0x79,0x3b,0x0a,0x20,0x20,0x20,0x20,0x6f,0x75,0x74,0x2e,0x66,
    0x72,0x61,0x67,0x5f,0x63,0x6f,0x6c,0x6f,0x72,0x20,0x3d,0x20,0x66,0x6c,0x6f,0x61,
    0x74,0x34,0x28,0x66,0x6c,0x6f,0x61,0x74,0x33,0x28,0x66,0x61,0x73,0x74,0x3a,0x3a,
    0x6d,0x61,0x78,0x28,0x5f,0x34,0x38,0x2c,0x20,0x30,0x2e,0x30,0x29,0x2c,0x20,0x66,
    0x61,0x73,0x74,0x3a,0x3a,0x6d,0x61,0x78,0x28,0x5f,0x35,0x32,0x2c,0x20,0x30,0x2e,
    0x30,0x29,0x2c,0x20,0x66,0x61,0x73,0x74,0x3a,0x3a,0x6d,0x61,0x78,0x28,0x28,0x2d,
    0x5f,0x34,0x38,0x29,0x20,0x2d,0x20,0x5f,0x35,0x32,0x2c,0x20,0x30,0x2e,0x30,0x29,
    0x29,0x20,0x2b,0x20,0x66,0x6c,0x6f,0x61,0x74,0x33,0x28,0x66,0x61,0x73,0x74,0x3a,
    0x3a,0x63,0x6c,0x61,0x6d,0x70,0x28,0x6c,0x65,0x6e,0x67,0x74,0x68,0x28,0x5f,0x33,
    0x36,0x29,0x2c,0x20,0x30,0x2e,0x30,0x2c,0x20,0x31,0x2e,0x30,0x29,0x20,0x2a,0x20,
    0x30,0x2e,0x31,0x35,0x30,0x30,0x30,0x30,0x30,0x30,0x35,0x39,0x36,0x30,0x34,0x36,
    0x34,0x34,0x37,0x37,0x35,0x33,0x39,0x30,0x36,0x32,0x35,0x29,0x2c,0x20,0x31,0x2e,
    0x30,0x29,0x3b,0x0a,0x20,0x20,0x20,0x20,0x72,0x65,0x74,0x75,0x72,0x6e,0x20,0x6f,
    0x75,0x74,0x3b,0x0a,0x7d,0x0a,0x0a,0x00,
};
/*
    diagnostic(off, derivative_uniformity);

    var<private> position_1 : vec2f;

    var<private> uv : vec2f;

    var<private> texcoord0 : vec2f;

    var<private> gl_Position : vec4f;

    fn main_1() {
      gl_Position = vec4f(position_1.x, position_1.y, 0.0f, 1.0f);
      uv = texcoord0;
      return;
    }

    struct main_out {
      @builtin(position)
      gl_Position : vec4f,
      @location(0)
      uv_1 : vec2f,
    }

    @vertex
    fn main(@location(0) position_1_param : vec2f, @location(1) texcoord0_param : vec2f) -> main_out {
      position_1 = position_1_param;
      texcoord0 = texcoord0_param;
      main_1();
      return main_out(gl_Position, uv);
    }
*/
static const uint8_t optical_vs_source_wgsl[595] = {
    0x64,0x69,0x61,0x67,0x6e,0x6f,0x73,0x74,0x69,0x63,0x28,0x6f,0x66,0x66,0x2c,0x20,
    0x64,0x65,0x72,0x69,0x76,0x61,0x74,0x69,0x76,0x65,0x5f,0x75,0x6e,0x69,0x66,0x6f,
    0x72,0x6d,0x69,0x74,0x79,0x29,0x3b,0x0a,0x0a,0x76,0x61,0x72,0x3c,0x70,0x72,0x69,
    0x76,0x61,0x74,0x65,0x3e,0x20,0x70,0x6f,0x73,0x69,0x74,0x69,0x6f,0x6e,0x5f,0x31,
    0x20,0x3a,0x20,0x76,0x65,0x63,0x32,0x66,0x3b,0x0a,0x0a,0x76,0x61,0x72,0x3c,0x70,
    0x72,0x69,0x76,0x61,0x74,0x65,0x3e,0x20,0x75,0x76,0x20,0x3a,0x20,0x76,0x65,0x63,
    0x32,0x66,0x3b,0x0a,0x0a,0x76,0x61,0x72,0x3c,0x70,0x72,0x69,0x76,0x61,0x74,0x65,
    0x3e,0x20,0x74,0x65,0x78,0x63,0x6f,0x6f,0x72,0x64,0x30,0x20,0x3a,0x20,0x76,0x65,
    0x63,0x32,0x66,0x3b,0x0a,0x0a,0x76,0x61,0x72,0x3c,0x70,0x72,0x69,0x76,0x61,0x74,
    0x65,0x3e,0x20,0x67,0x6c,0x5f,0x50,0x6f,0x73,0x69,0x74,0x69,0x6f,0x6e,0x20,0x3a,
    0x20,0x76,0x65,0x63,0x34,0x66,0x3b,0x0a,0x0a,0x66,0x6e,0x20,0x6d,0x61,0x69,0x6e,
    0x5f,0x31,0x28,0x29,0x20,0x7b,0x0a,0x20,0x20,0x67,0x6c,0x5f,0x50,0x6f,0x73,0x69,
    0x74,0x69,0x6f,0x6e,0x20,0x3d,0x20,0x76,0x65,0x63,0x34,0x66,0x28,0x70,0x6f,0x73,
    0x69,0x74,0x69,0x6f,0x6e,0x5f,0x31,0x2e,0x78,0x2c,0x20,0x70,0x6f,0x73,0x69,0x74,
    0x69,0x6f,0x6e,0x5f,0x31,0x2e,0x79,0x2c,0x20,0x30,0x2e,0x30,0x66,0x2c,0x20,0x31,
    0x2e,0x30,0x66,0x29,0x3b,0x0a,0x20,0x20,0x75,0x76,0x20,0x3d,0x20,0x74,0x65,0x78,
    0x63,0x6f,0x6f,0x72,0x64,0x30,0x3b,0x0a,0x20,0x20,0x72,0x65,0x74,0x75,0x72,0x6e,
    0x3b,0x0a,0x7d,0x0a,0x0a,0x73,0x74,0x72,0x75,0x63,0x74,0x20,0x6d,0x61,0x69,0x6e,
    0x5f,0x6f,0x75,0x74,0x20,0x7b,0x0a,0x20,0x20,0x40,0x62,0x75,0x69,0x6c,0x74,0x69,
    0x6e,0x28,0x70,0x6f,0x73,0x69,0x74,0x69,0x6f,0x6e,0x29,0x0a,0x20,0x20,0x67,0x6c,
    0x5f,0x50,0x6f,0x73,0x69,0x74,0x69,0x6f,0x6e,0x20,0x3a,0x20,0x76,0x65,0x63,0x34,
    0x66,0x2c,0x0a,0x20,0x20,0x40,0x6c,0x6f,0x63,0x61,0x74,0x69,0x6f,0x6e,0x28,0x30,
    0x29,0x0a,0x20,0x20,0x75,0x76,0x5f,0x31,0x20,0x3a,0x20,0x76,0x65,0x63,0x32,0x66,
    0x2c,0x0a,0x7d,0x0a,0x0a,0x40,0x76,0x65,0x72,0x74,0x65,0x78,0x0a,0x66,0x6e,0x20,
    0x6d,0x61,0x69,0x6e,0x28,0x40,0x6c,0x6f,0x63,0x61,0x74,0x69,0x6f,0x6e,0x28,0x30,
    0x29,0x20,0x70,0x6f,0x73,0x69,0x74,0x69,0x6f,0x6e,0x5f,0x31,0x5f,0x70,0x61,0x72,
    0x61,0x6d,0x20,0x3a,0x20,0x76,0x65,0x63,0x32,0x66,0x2c,0x20,0x40,0x6c,0x6f,0x63,
    0x61,0x74,0x69,0x6f,0x6e,0x28,0x31,0x29,0x20,0x74,0x65,0x78,0x63,0x6f,0x6f,0x72,
    0x64,0x30,0x5f,0x70,0x61,0x72,0x61,0x6d,0x20,0x3a,0x20,0x76,0x65,0x63,0x32,0x66,
    0x29,0x20,0x2d,0x3e,0x20,0x6d,0x61,0x69,0x6e,0x5f,0x6f,0x75,0x74,0x20,0x7b,0x0a,
    0x20,0x20,0x70,0x6f,0x73,0x69,0x74,0x69,0x6f,0x6e,0x5f,0x31,0x20,0x3d,0x20,0x70,
    0x6f,0x73,0x69,0x74,0x69,0x6f,0x6e,0x5f,0x31,0x5f,0x70,0x61,0x72,0x61,0x6d,0x3b,
    0x0a,0x20,0x20,0x74,0x65,0x78,0x63,0x6f,0x6f,0x72,0x64,0x30,0x20,0x3d,0x20,0x74,
    0x65,0x78,0x63,0x6f,0x6f,0x72,0x64,0x30,0x5f,0x70,0x61,0x72,0x61,0x6d,0x3b,0x0a,
    0x20,0x20,0x6d,0x61,0x69,0x6e,0x5f,0x31,0x28,0x29,0x3b,0x0a,0x20,0x20,0x72,0x65,
    0x74,0x75,0x72,0x6e,0x20,0x6d,0x61,0x69,0x6e,0x5f,0x6f,0x75,0x74,0x28,0x67,0x6c,
    0x5f,0x50,0x6f,0x73,0x69,0x74,0x69,0x6f,0x6e,0x2c,0x20,0x75,0x76,0x29,0x3b,0x0a,
    0x7d,0x0a,0x00,
};
/*
    diagnostic(off, derivative_uniformity);

    struct optical_params {
      /_ @offset(0) _/
      color : vec4f,
      /_ @offset(16) _/
      resolution : vec4f,
      /_ @offset(32) _/
      texel : vec4f,
      /_ @offset(48) _/
      options : vec4f,
    }

    @binding(0) @group(1) var oflowColorTex : texture_2d<f32>;

    @binding(32) @group(1) var oflowColorSmp : sampler;

    var<private> uv : vec2f;

    var<private> frag_color : vec4f;

    @binding(0) @group(0) var<uniform> x_45 : optical_params;

    fn main_1() {
      var src : vec4f;
      var y : f32;
      let x_23 = uv;
      let x_24 = textureSample(oflowColorTex, oflowColorSmp, x_23);
      src = x_24;
      y = dot(src.xyz, vec3f(0.21259999275207519531f, 0.71520000696182250977f, 0.07220000028610229492f));
      frag_color = (vec4f(y, y, y, src.w) * x_45.color);
      return;
    }

    struct main_out {
      @location(0)
      frag_color_1 : vec4f,
    }

    @fragment
    fn main(@location(0) uv_param : vec2f) -> main_out {
      uv = uv_param;
      main_1();
      return main_out(frag_color);
    }
*/
static const uint8_t fs_optical_luminance_source_wgsl[951] = {
    0x64,0x69,0x61,0x67,0x6e,0x6f,0x73,0x74,0x69,0x63,0x28,0x6f,0x66,0x66,0x2c,0x20,
    0x64,0x65,0x72,0x69,0x76,0x61,0x74,0x69,0x76,0x65,0x5f,0x75,0x6e,0x69,0x66,0x6f,
    0x72,0x6d,0x69,0x74,0x79,0x29,0x3b,0x0a,0x0a,0x73,0x74,0x72,0x75,0x63,0x74,0x20,
    0x6f,0x70,0x74,0x69,0x63,0x61,0x6c,0x5f,0x70,0x61,0x72,0x61,0x6d,0x73,0x20,0x7b,
    0x0a,0x20,0x20,0x2f,0x2a,0x20,0x40,0x6f,0x66,0x66,0x73,0x65,0x74,0x28,0x30,0x29,
    0x20,0x2a,0x2f,0x0a,0x20,0x20,0x63,0x6f,0x6c,0x6f,0x72,0x20,0x3a,0x20,0x76,0x65,
    0x63,0x34,0x66,0x2c,0x0a,0x20,0x20,0x2f,0x2a,0x20,0x40,0x6f,0x66,0x66,0x73,0x65,
    0x74,0x28,0x31,0x36,0x29,0x20,0x2a,0x2f,0x0a,0x20,0x20,0x72,0x65,0x73,0x6f,0x6c,
    0x75,0x74,0x69,0x6f,0x6e,0x20,0x3a,0x20,0x76,0x65,0x63,0x34,0x66,0x2c,0x0a,0x20,
    0x20,0x2f,0x2a,0x20,0x40,0x6f,0x66,0x66,0x73,0x65,0x74,0x28,0x33,0x32,0x29,0x20,
    0x2a,0x2f,0x0a,0x20,0x20,0x74,0x65,0x78,0x65,0x6c,0x20,0x3a,0x20,0x76,0x65,0x63,
    0x34,0x66,0x2c,0x0a,0x20,0x20,0x2f,0x2a,0x20,0x40,0x6f,0x66,0x66,0x73,0x65,0x74,
    0x28,0x34,0x38,0x29,0x20,0x2a,0x2f,0x0a,0x20,0x20,0x6f,0x70,0x74,0x69,0x6f,0x6e,
    0x73,0x20,0x3a,0x20,0x76,0x65,0x63,0x34,0x66,0x2c,0x0a,0x7d,0x0a,0x0a,0x40,0x62,
    0x69,0x6e,0x64,0x69,0x6e,0x67,0x28,0x30,0x29,0x20,0x40,0x67,0x72,0x6f,0x75,0x70,
    0x28,0x31,0x29,0x20,0x76,0x61,0x72,0x20,0x6f,0x66,0x6c,0x6f,0x77,0x43,0x6f,0x6c,
    0x6f,0x72,0x54,0x65,0x78,0x20,0x3a,0x20,0x74,0x65,0x78,0x74,0x75,0x72,0x65,0x5f,
    0x32,0x64,0x3c,0x66,0x33,0x32,0x3e,0x3b,0x0a,0x0a,0x40,0x62,0x69,0x6e,0x64,0x69,
    0x6e,0x67,0x28,0x33,0x32,0x29,0x20,0x40,0x67,0x72,0x6f,0x75,0x70,0x28,0x31,0x29,
    0x20,0x76,0x61,0x72,0x20,0x6f,0x66,0x6c,0x6f,0x77,0x43,0x6f,0x6c,0x6f,0x72,0x53,
    0x6d,0x70,0x20,0x3a,0x20,0x73,0x61,0x6d,0x70,0x6c,0x65,0x72,0x3b,0x0a,0x0a,0x76,
    0x61,0x72,0x3c,0x70,0x72,0x69,0x76,0x61,0x74,0x65,0x3e,0x20,0x75,0x76,0x20,0x3a,
    0x20,0x76,0x65,0x63,0x32,0x66,0x3b,0x0a,0x0a,0x76,0x61,0x72,0x3c,0x70,0x72,0x69,
    0x76,0x61,0x74,0x65,0x3e,0x20,0x66,0x72,0x61,0x67,0x5f,0x63,0x6f,0x6c,0x6f,0x72,
    0x20,0x3a,0x20,0x76,0x65,0x63,0x34,0x66,0x3b,0x0a,0x0a,0x40,0x62,0x69,0x6e,0x64,
    0x69,0x6e,0x67,0x28,0x30,0x29,0x20,0x40,0x67,0x72,0x6f,0x75,0x70,0x28,0x30,0x29,
    0x20,0x76,0x61,0x72,0x3c,0x75,0x6e,0x69,0x66,0x6f,0x72,0x6d,0x3e,0x20,0x78,0x5f,
    0x34,0x35,0x20,0x3a,0x20,0x6f,0x70,0x74,0x69,0x63,0x61,0x6c,0x5f,0x70,0x61,0x72,
    0x61,0x6d,0x73,0x3b,0x0a,0x0a,0x66,0x6e,0x20,0x6d,0x61,0x69,0x6e,0x5f,0x31,0x28,
    0x29,0x20,0x7b,0x0a,0x20,0x20,0x76,0x61,0x72,0x20,0x73,0x72,0x63,0x20,0x3a,0x20,
    0x76,0x65,0x63,0x34,0x66,0x3b,0x0a,0x20,0x20,0x76,0x61,0x72,0x20,0x79,0x20,0x3a,
    0x20,0x66,0x33,0x32,0x3b,0x0a,0x20,0x20,0x6c,0x65,0x74,0x20,0x78,0x5f,0x32,0x33,
    0x20,0x3d,0x20,0x75,0x76,0x3b,0x0a,0x20,0x20,0x6c,0x65,0x74,0x20,0x78,0x5f,0x32,
    0x34,0x20,0x3d,0x20,0x74,0x65,0x78,0x74,0x75,0x72,0x65,0x53,0x61,0x6d,0x70,0x6c,
    0x65,0x28,0x6f,0x66,0x6c,0x6f,0x77,0x43,0x6f,0x6c,0x6f,0x72,0x54,0x65,0x78,0x2c,
    0x20,0x6f,0x66,0x6c,0x6f,0x77,0x43,0x6f,0x6c,0x6f,0x72,0x53,0x6d,0x70,0x2c,0x20,
    0x78,0x5f,0x32,0x33,0x29,0x3b,0x0a,0x20,0x20,0x73,0x72,0x63,0x20,0x3d,0x20,0x78,
    0x5f,0x32,0x34,0x3b,0x0a,0x20,0x20,0x79,0x20,0x3d,0x20,0x64,0x6f,0x74,0x28,0x73,
    0x72,0x63,0x2e,0x78,0x79,0x7a,0x2c,0x20,0x76,0x65,0x63,0x33,0x66,0x28,0x30,0x2e,
    0x32,0x31,0x32,0x35,0x39,0x39,0x39,0x39,0x32,0x37,0x35,0x32,0x30,0x37,0x35,0x31,
    0x39,0x35,0x33,0x31,0x66,0x2c,0x20,0x30,0x2e,0x37,0x31,0x35,0x32,0x30,0x30,0x30,
    0x30,0x36,0x39,0x36,0x31,0x38,0x32,0x32,0x35,0x30,0x39,0x37,0x37,0x66,0x2c,0x20,
    0x30,0x2e,0x30,0x37,0x32,0x32,0x30,0x30,0x30,0x30,0x30,0x32,0x38,0x36,0x31,0x30,
    0x32,0x32,0x39,0x34,0x39,0x32,0x66,0x29,0x29,0x3b,0x0a,0x20,0x20,0x66,0x72,0x61,
    0x67,0x5f,0x63,0x6f,0x6c,0x6f,0x72,0x20,0x3d,0x20,0x28,0x76,0x65,0x63,0x34,0x66,
    0x28,0x79,0x2c,0x20,0x79,0x2c,0x20,0x79,0x2c,0x20,0x73,0x72,0x63,0x2e,0x77,0x29,
    0x20,0x2a,0x20,0x78,0x5f,0x34,0x35,0x2e,0x63,0x6f,0x6c,0x6f,0x72,0x29,0x3b,0x0a,
    0x20,0x20,0x72,0x65,0x74,0x75,0x72,0x6e,0x3b,0x0a,0x7d,0x0a,0x0a,0x73,0x74,0x72,
    0x75,0x63,0x74,0x20,0x6d,0x61,0x69,0x6e,0x5f,0x6f,0x75,0x74,0x20,0x7b,0x0a,0x20,
    0x20,0x40,0x6c,0x6f,0x63,0x61,0x74,0x69,0x6f,0x6e,0x28,0x30,0x29,0x0a,0x20,0x20,
    0x66,0x72,0x61,0x67,0x5f,0x63,0x6f,0x6c,0x6f,0x72,0x5f,0x31,0x20,0x3a,0x20,0x76,
    0x65,0x63,0x34,0x66,0x2c,0x0a,0x7d,0x0a,0x0a,0x40,0x66,0x72,0x61,0x67,0x6d,0x65,
    0x6e,0x74,0x0a,0x66,0x6e,0x20,0x6d,0x61,0x69,0x6e,0x28,0x40,0x6c,0x6f,0x63,0x61,
    0x74,0x69,0x6f,0x6e,0x28,0x30,0x29,0x20,0x75,0x76,0x5f,0x70,0x61,0x72,0x61,0x6d,
    0x20,0x3a,0x20,0x76,0x65,0x63,0x32,0x66,0x29,0x20,0x2d,0x3e,0x20,0x6d,0x61,0x69,
    0x6e,0x5f,0x6f,0x75,0x74,0x20,0x7b,0x0a,0x20,0x20,0x75,0x76,0x20,0x3d,0x20,0x75,
    0x76,0x5f,0x70,0x61,0x72,0x61,0x6d,0x3b,0x0a,0x20,0x20,0x6d,0x61,0x69,0x6e,0x5f,
    0x31,0x28,0x29,0x3b,0x0a,0x20,0x20,0x72,0x65,0x74,0x75,0x72,0x6e,0x20,0x6d,0x61,
    0x69,0x6e,0x5f,0x6f,0x75,0x74,0x28,0x66,0x72,0x61,0x67,0x5f,0x63,0x6f,0x6c,0x6f,
    0x72,0x29,0x3b,0x0a,0x7d,0x0a,0x00,
};
/*
    diagnostic(off, derivative_uniformity);

    struct optical_params {
      /_ @offset(0) _/
      color : vec4f,
      /_ @offset(16) _/
      resolution : vec4f,
      /_ @offset(32) _/
      texel : vec4f,
      /_ @offset(48) _/
      options : vec4f,
    }

    @binding(0) @group(1) var oflowCurrentTex : texture_2d<f32>;

    @binding(32) @group(1) var oflowCurrentSmp : sampler;

    var<private> uv : vec2f;

    @binding(1) @group(1) var oflowPreviousTex : texture_2d<f32>;

    @binding(33) @group(1) var oflowPreviousSmp : sampler;

    var<private> frag_color : vec4f;

    @binding(0) @group(0) var<uniform> x_51 : optical_params;

    fn main_1() {
      var current : f32;
      var previous : f32;
      var diff : f32;
      let x_22 = uv;
      let x_24 = textureSample(oflowCurrentTex, oflowCurrentSmp, x_22);
      current = x_24.x;
      let x_34 = uv;
      let x_35 = textureSample(oflowPreviousTex, oflowPreviousSmp, x_34);
      previous = x_35.x;
      diff = (current - previous);
      frag_color = (vec4f(diff, abs(diff), 0.0f, 1.0f) * x_51.color);
      return;
    }

    struct main_out {
      @location(0)
      frag_color_1 : vec4f,
    }

    @fragment
    fn main(@location(0) uv_param : vec2f) -> main_out {
      uv = uv_param;
      main_1();
      return main_out(frag_color);
    }
*/
static const uint8_t fs_optical_difference_source_wgsl[1161] = {
    0x64,0x69,0x61,0x67,0x6e,0x6f,0x73,0x74,0x69,0x63,0x28,0x6f,0x66,0x66,0x2c,0x20,
    0x64,0x65,0x72,0x69,0x76,0x61,0x74,0x69,0x76,0x65,0x5f,0x75,0x6e,0x69,0x66,0x6f,
    0x72,0x6d,0x69,0x74,0x79,0x29,0x3b,0x0a,0x0a,0x73,0x74,0x72,0x75,0x63,0x74,0x20,
    0x6f,0x70,0x74,0x69,0x63,0x61,0x6c,0x5f,0x70,0x61,0x72,0x61,0x6d,0x73,0x20,0x7b,
    0x0a,0x20,0x20,0x2f,0x2a,0x20,0x40,0x6f,0x66,0x66,0x73,0x65,0x74,0x28,0x30,0x29,
    0x20,0x2a,0x2f,0x0a,0x20,0x20,0x63,0x6f,0x6c,0x6f,0x72,0x20,0x3a,0x20,0x76,0x65,
    0x63,0x34,0x66,0x2c,0x0a,0x20,0x20,0x2f,0x2a,0x20,0x40,0x6f,0x66,0x66,0x73,0x65,
    0x74,0x28,0x31,0x36,0x29,0x20,0x2a,0x2f,0x0a,0x20,0x20,0x72,0x65,0x73,0x6f,0x6c,
    0x75,0x74,0x69,0x6f,0x6e,0x20,0x3a,0x20,0x76,0x65,0x63,0x34,0x66,0x2c,0x0a,0x20,
    0x20,0x2f,0x2a,0x20,0x40,0x6f,0x66,0x66,0x73,0x65,0x74,0x28,0x33,0x32,0x29,0x20,
    0x2a,0x2f,0x0a,0x20,0x20,0x74,0x65,0x78,0x65,0x6c,0x20,0x3a,0x20,0x76,0x65,0x63,
    0x34,0x66,0x2c,0x0a,0x20,0x20,0x2f,0x2a,0x20,0x40,0x6f,0x66,0x66,0x73,0x65,0x74,
    0x28,0x34,0x38,0x29,0x20,0x2a,0x2f,0x0a,0x20,0x20,0x6f,0x70,0x74,0x69,0x6f,0x6e,
    0x73,0x20,0x3a,0x20,0x76,0x65,0x63,0x34,0x66,0x2c,0x0a,0x7d,0x0a,0x0a,0x40,0x62,
    0x69,0x6e,0x64,0x69,0x6e,0x67,0x28,0x30,0x29,0x20,0x40,0x67,0x72,0x6f,0x75,0x70,
    0x28,0x31,0x29,0x20,0x76,0x61,0x72,0x20,0x6f,0x66,0x6c,0x6f,0x77,0x43,0x75,0x72,
    0x72,0x65,0x6e,0x74,0x54,0x65,0x78,0x20,0x3a,0x20,0x74,0x65,0x78,0x74,0x75,0x72,
    0x65,0x5f,0x32,0x64,0x3c,0x66,0x33,0x32,0x3e,0x3b,0x0a,0x0a,0x40,0x62,0x69,0x6e,
    0x64,0x69,0x6e,0x67,0x28,0x33,0x32,0x29,0x20,0x40,0x67,0x72,0x6f,0x75,0x70,0x28,
    0x31,0x29,0x20,0x76,0x61,0x72,0x20,0x6f,0x66,0x6c,0x6f,0x77,0x43,0x75,0x72,0x72,
    0x65,0x6e,0x74,0x53,0x6d,0x70,0x20,0x3a,0x20,0x73,0x61,0x6d,0x70,0x6c,0x65,0x72,
    0x3b,0x0a,0x0a,0x76,0x61,0x72,0x3c,0x70,0x72,0x69,0x76,0x61,0x74,0x65,0x3e,0x20,
    0x75,0x76,0x20,0x3a,0x20,0x76,0x65,0x63,0x32,0x66,0x3b,0x0a,0x0a,0x40,0x62,0x69,
    0x6e,0x64,0x69,0x6e,0x67,0x28,0x31,0x29,0x20,0x40,0x67,0x72,0x6f,0x75,0x70,0x28,
    0x31,0x29,0x20,0x76,0x61,0x72,0x20,0x6f,0x66,0x6c,0x6f,0x77,0x50,0x72,0x65,0x76,
    0x69,0x6f,0x75,0x73,0x54,0x65,0x78,0x20,0x3a,0x20,0x74,0x65,0x78,0x74,0x75,0x72,
    0x65,0x5f,0x32,0x64,0x3c,0x66,0x33,0x32,0x3e,0x3b,0x0a,0x0a,0x40,0x62,0x69,0x6e,
    0x64,0x69,0x6e,0x67,0x28,0x33,0x33,0x29,0x20,0x40,0x67,0x72,0x6f,0x75,0x70,0x28,
    0x31,0x29,0x20,0x76,0x61,0x72,0x20,0x6f,0x66,0x6c,0x6f,0x77,0x50,0x72,0x65,0x76,
    0x69,0x6f,0x75,0x73,0x53,0x6d,0x70,0x20,0x3a,0x20,0x73,0x61,0x6d,0x70,0x6c,0x65,
    0x72,0x3b,0x0a,0x0a,0x76,0x61,0x72,0x3c,0x70,0x72,0x69,0x76,0x61,0x74,0x65,0x3e,
    0x20,0x66,0x72,0x61,0x67,0x5f,0x63,0x6f,0x6c,0x6f,0x72,0x20,0x3a,0x20,0x76,0x65,
    0x63,0x34,0x66,0x3b,0x0a,0x0a,0x40,0x62,0x69,0x6e,0x64,0x69,0x6e,0x67,0x28,0x30,
    0x29,0x20,0x40,0x67,0x72,0x6f,0x75,0x70,0x28,0x30,0x29,0x20,0x76,0x61,0x72,0x3c,
    0x75,0x6e,0x69,0x66,0x6f,0x72,0x6d,0x3e,0x20,0x78,0x5f,0x35,0x31,0x20,0x3a,0x20,
    0x6f,0x70,0x74,0x69,0x63,0x61,0x6c,0x5f,0x70,0x61,0x72,0x61,0x6d,0x73,0x3b,0x0a,
    0x0a,0x66,0x6e,0x20,0x6d,0x61,0x69,0x6e,0x5f,0x31,0x28,0x29,0x20,0x7b,0x0a,0x20,
    0x20,0x76,0x61,0x72,0x20,0x63,0x75,0x72,0x72,0x65,0x6e,0x74,0x20,0x3a,0x20,0x66,
    0x33,0x32,0x3b,0x0a,0x20,0x20,0x76,0x61,0x72,0x20,0x70,0x72,0x65,0x76,0x69,0x6f,
    0x75,0x73,0x20,0x3a,0x20,0x66,0x33,0x32,0x3b,0x0a,0x20,0x20,0x76,0x61,0x72,0x20,
    0x64,0x69,0x66,0x66,0x20,0x3a,0x20,0x66,0x33,0x32,0x3b,0x0a,0x20,0x20,0x6c,0x65,
    0x74,0x20,0x78,0x5f,0x32,0x32,0x20,0x3d,0x20,0x75,0x76,0x3b,0x0a,0x20,0x20,0x6c,
    0x65,0x74,0x20,0x78,0x5f,0x32,0x34,0x20,0x3d,0x20,0x74,0x65,0x78,0x74,0x75,0x72,
    0x65,0x53,0x61,0x6d,0x70,0x6c,0x65,0x28,0x6f,0x66,0x6c,0x6f,0x77,0x43,0x75,0x72,
    0x72,0x65,0x6e,0x74,0x54,0x65,0x78,0x2c,0x20,0x6f,0x66,0x6c,0x6f,0x77,0x43,0x75,
    0x72,0x72,0x65,0x6e,0x74,0x53,0x6d,0x70,0x2c,0x20,0x78,0x5f,0x32,0x32,0x29,0x3b,
    0x0a,0x20,0x20,0x63,0x75,0x72,0x72,0x65,0x6e,0x74,0x20,0x3d,0x20,0x78,0x5f,0x32,
    0x34,0x2e,0x78,0x3b,0x0a,0x20,0x20,0x6c,0x65,0x74,0x20,0x78,0x5f,0x33,0x34,0x20,
    0x3d,0x20,0x75,0x76,0x3b,0x0a,0x20,0x20,0x6c,0x65,0x74,0x20,0x78,0x5f,0x33,0x35,
    0x20,0x3d,0x20,0x74,0x65,0x78,0x74,0x75,0x72,0x65,0x53,0x61,0x6d,0x70,0x6c,0x65,
    0x28,0x6f,0x66,0x6c,0x6f,0x77,0x50,0x72,0x65,0x76,0x69,0x6f,0x75,0x73,0x54,0x65,
    0x78,0x2c,0x20,0x6f,0x66,0x6c,0x6f,0x77,0x50,0x72,0x65,0x76,0x69,0x6f,0x75,0x73,
    0x53,0x6d,0x70,0x2c,0x20,0x78,0x5f,0x33,0x34,0x29,0x3b,0x0a,0x20,0x20,0x70,0x72,
    0x65,0x76,0x69,0x6f,0x75,0x73,0x20,0x3d,0x20,0x78,0x5f,0x33,0x35,0x2e,0x78,0x3b,
    0x0a,0x20,0x20,0x64,0x69,0x66,0x66,0x20,0x3d,0x20,0x28,0x63,0x75,0x72,0x72,0x65,
    0x6e,0x74,0x20,0x2d,0x20,0x70,0x72,0x65,0x76,0x69,0x6f,0x75,0x73,0x29,0x3b,0x0a,
    0x20,0x20,0x66,0x72,0x61,0x67,0x5f,0x63,0x6f,0x6c,0x6f,0x72,0x20,0x3d,0x20,0x28,
    0x76,0x65,0x63,0x34,0x66,0x28,0x64,0x69,0x66,0x66,0x2c,0x20,0x61,0x62,0x73,0x28,
    0x64,0x69,0x66,0x66,0x29,0x2c,0x20,0x30,0x2e,0x30,0x66,0x2c,0x20,0x31,0x2e,0x30,
    0x66,0x29,0x20,0x2a,0x20,0x78,0x5f,0x35,0x31,0x2e,0x63,0x6f,0x6c,0x6f,0x72,0x29,
    0x3b,0x0a,0x20,0x20,0x72,0x65,0x74,0x75,0x72,0x6e,0x3b,0x0a,0x7d,0x0a,0x0a,0x73,
    0x74,0x72,0x75,0x63,0x74,0x20,0x6d,0x61,0x69,0x6e,0x5f,0x6f,0x75,0x74,0x20,0x7b,
    0x0a,0x20,0x20,0x40,0x6c,0x6f,0x63,0x61,0x74,0x69,0x6f,0x6e,0x28,0x30,0x29,0x0a,
    0x20,0x20,0x66,0x72,0x61,0x67,0x5f,0x63,0x6f,0x6c,0x6f,0x72,0x5f,0x31,0x20,0x3a,
    0x20,0x76,0x65,0x63,0x34,0x66,0x2c,0x0a,0x7d,0x0a,0x0a,0x40,0x66,0x72,0x61,0x67,
    0x6d,0x65,0x6e,0x74,0x0a,0x66,0x6e,0x20,0x6d,0x61,0x69,0x6e,0x28,0x40,0x6c,0x6f,
    0x63,0x61,0x74,0x69,0x6f,0x6e,0x28,0x30,0x29,0x20,0x75,0x76,0x5f,0x70,0x61,0x72,
    0x61,0x6d,0x20,0x3a,0x20,0x76,0x65,0x63,0x32,0x66,0x29,0x20,0x2d,0x3e,0x20,0x6d,
    0x61,0x69,0x6e,0x5f,0x6f,0x75,0x74,0x20,0x7b,0x0a,0x20,0x20,0x75,0x76,0x20,0x3d,
    0x20,0x75,0x76,0x5f,0x70,0x61,0x72,0x61,0x6d,0x3b,0x0a,0x20,0x20,0x6d,0x61,0x69,
    0x6e,0x5f,0x31,0x28,0x29,0x3b,0x0a,0x20,0x20,0x72,0x65,0x74,0x75,0x72,0x6e,0x20,
    0x6d,0x61,0x69,0x6e,0x5f,0x6f,0x75,0x74,0x28,0x66,0x72,0x61,0x67,0x5f,0x63,0x6f,
    0x6c,0x6f,0x72,0x29,0x3b,0x0a,0x7d,0x0a,0x00,
};
/*
    diagnostic(off, derivative_uniformity);

    struct optical_params {
      /_ @offset(0) _/
      color : vec4f,
      /_ @offset(16) _/
      resolution : vec4f,
      /_ @offset(32) _/
      texel : vec4f,
      /_ @offset(48) _/
      options : vec4f,
    }

    @binding(0) @group(0) var<uniform> x_13 : optical_params;

    @binding(0) @group(1) var oflowCurrentTex : texture_2d<f32>;

    @binding(32) @group(1) var oflowCurrentSmp : sampler;

    var<private> uv : vec2f;

    var<private> frag_color : vec4f;

    fn main_1() {
      var px : vec2f;
      var l : f32;
      var r : f32;
      var u : f32;
      var d : f32;
      px = (x_13.texel.xy * max(x_13.options.y, 1.0f));
      let x_43 = uv;
      let x_46 = px.x;
      let x_50 = textureSample(oflowCurrentTex, oflowCurrentSmp, (x_43 - vec2f(x_46, 0.0f)));
      l = x_50.x;
      let x_56 = uv;
      let x_58 = px.x;
      let x_61 = textureSample(oflowCurrentTex, oflowCurrentSmp, (x_56 + vec2f(x_58, 0.0f)));
      r = x_61.x;
      let x_67 = uv;
      let x_69 = px.y;
      let x_72 = textureSample(oflowCurrentTex, oflowCurrentSmp, (x_67 - vec2f(0.0f, x_69)));
      u = x_72.x;
      let x_78 = uv;
      let x_80 = px.y;
      let x_83 = textureSample(oflowCurrentTex, oflowCurrentSmp, (x_78 + vec2f(0.0f, x_80)));
      d = x_83.x;
      frag_color = vec4f(((r - l) * 0.5f), ((d - u) * 0.5f), 0.0f, 1.0f);
      return;
    }

    struct main_out {
      @location(0)
      frag_color_1 : vec4f,
    }

    @fragment
    fn main(@location(0) uv_param : vec2f) -> main_out {
      uv = uv_param;
      main_1();
      return main_out(frag_color);
    }
*/
static const uint8_t fs_optical_gradient_source_wgsl[1431] = {
    0x64,0x69,0x61,0x67,0x6e,0x6f,0x73,0x74,0x69,0x63,0x28,0x6f,0x66,0x66,0x2c,0x20,
    0x64,0x65,0x72,0x69,0x76,0x61,0x74,0x69,0x76,0x65,0x5f,0x75,0x6e,0x69,0x66,0x6f,
    0x72,0x6d,0x69,0x74,0x79,0x29,0x3b,0x0a,0x0a,0x73,0x74,0x72,0x75,0x63,0x74,0x20,
    0x6f,0x70,0x74,0x69,0x63,0x61,0x6c,0x5f,0x70,0x61,0x72,0x61,0x6d,0x73,0x20,0x7b,
    0x0a,0x20,0x20,0x2f,0x2a,0x20,0x40,0x6f,0x66,0x66,0x73,0x65,0x74,0x28,0x30,0x29,
    0x20,0x2a,0x2f,0x0a,0x20,0x20,0x63,0x6f,0x6c,0x6f,0x72,0x20,0x3a,0x20,0x76,0x65,
    0x63,0x34,0x66,0x2c,0x0a,0x20,0x20,0x2f,0x2a,0x20,0x40,0x6f,0x66,0x66,0x73,0x65,
    0x74,0x28,0x31,0x36,0x29,0x20,0x2a,0x2f,0x0a,0x20,0x20,0x72,0x65,0x73,0x6f,0x6c,
    0x75,0x74,0x69,0x6f,0x6e,0x20,0x3a,0x20,0x76,0x65,0x63,0x34,0x66,0x2c,0x0a,0x20,
    0x20,0x2f,0x2a,0x20,0x40,0x6f,0x66,0x66,0x73,0x65,0x74,0x28,0x33,0x32,0x29,0x20,
    0x2a,0x2f,0x0a,0x20,0x20,0x74,0x65,0x78,0x65,0x6c,0x20,0x3a,0x20,0x76,0x65,0x63,
    0x34,0x66,0x2c,0x0a,0x20,0x20,0x2f,0x2a,0x20,0x40,0x6f,0x66,0x66,0x73,0x65,0x74,
    0x28,0x34,0x38,0x29,0x20,0x2a,0x2f,0x0a,0x20,0x20,0x6f,0x70,0x74,0x69,0x6f,0x6e,
    0x73,0x20,0x3a,0x20,0x76,0x65,0x63,0x34,0x66,0x2c,0x0a,0x7d,0x0a,0x0a,0x40,0x62,
    0x69,0x6e,0x64,0x69,0x6e,0x67,0x28,0x30,0x29,0x20,0x40,0x67,0x72,0x6f,0x75,0x70,
    0x28,0x30,0x29,0x20,0x76,0x61,0x72,0x3c,0x75,0x6e,0x69,0x66,0x6f,0x72,0x6d,0x3e,
    0x20,0x78,0x5f,0x31,0x33,0x20,0x3a,0x20,0x6f,0x70,0x74,0x69,0x63,0x61,0x6c,0x5f,
    0x70,0x61,0x72,0x61,0x6d,0x73,0x3b,0x0a,0x0a,0x40,0x62,0x69,0x6e,0x64,0x69,0x6e,
    0x67,0x28,0x30,0x29,0x20,0x40,0x67,0x72,0x6f,0x75,0x70,0x28,0x31,0x29,0x20,0x76,
    0x61,0x72,0x20,0x6f,0x66,0x6c,0x6f,0x77,0x43,0x75,0x72,0x72,0x65,0x6e,0x74,0x54,
    0x65,0x78,0x20,0x3a,0x20,0x74,0x65,0x78,0x74,0x75,0x72,0x65,0x5f,0x32,0x64,0x3c,
    0x66,0x33,0x32,0x3e,0x3b,0x0a,0x0a,0x40,0x62,0x69,0x6e,0x64,0x69,0x6e,0x67,0x28,
    0x33,0x32,0x29,0x20,0x40,0x67,0x72,0x6f,0x75,0x70,0x28,0x31,0x29,0x20,0x76,0x61,
    0x72,0x20,0x6f,0x66,0x6c,0x6f,0x77,0x43,0x75,0x72,0x72,0x65,0x6e,0x74,0x53,0x6d,
    0x70,0x20,0x3a,0x20,0x73,0x61,0x6d,0x70,0x6c,0x65,0x72,0x3b,0x0a,0x0a,0x76,0x61,
    0x72,0x3c,0x70,0x72,0x69,0x76,0x61,0x74,0x65,0x3e,0x20,0x75,0x76,0x20,0x3a,0x20,
    0x76,0x65,0x63,0x32,0x66,0x3b,0x0a,0x0a,0x76,0x61,0x72,0x3c,0x70,0x72,0x69,0x76,
    0x61,0x74,0x65,0x3e,0x20,0x66,0x72,0x61,0x67,0x5f,0x63,0x6f,0x6c,0x6f,0x72,0x20,
    0x3a,0x20,0x76,0x65,0x63,0x34,0x66,0x3b,0x0a,0x0a,0x66,0x6e,0x20,0x6d,0x61,0x69,
    0x6e,0x5f,0x31,0x28,0x29,0x20,0x7b,0x0a,0x20,0x20,0x76,0x61,0x72,0x20,0x70,0x78,
    0x20,0x3a,0x20,0x76,0x65,0x63,0x32,0x66,0x3b,0x0a,0x20,0x20,0x76,0x61,0x72,0x20,
    0x6c,0x20,0x3a,0x20,0x66,0x33,0x32,0x3b,0x0a,0x20,0x20,0x76,0x61,0x72,0x20,0x72,
    0x20,0x3a,0x20,0x66,0x33,0x32,0x3b,0x0a,0x20,0x20,0x76,0x61,0x72,0x20,0x75,0x20,
    0x3a,0x20,0x66,0x33,0x32,0x3b,0x0a,0x20,0x20,0x76,0x61,0x72,0x20,0x64,0x20,0x3a,
    0x20,0x66,0x33,0x32,0x3b,0x0a,0x20,0x20,0x70,0x78,0x20,0x3d,0x20,0x28,0x78,0x5f,
    0x31,0x33,0x2e,0x74,0x65,0x78,0x65,0x6c,0x2e,0x78,0x79,0x20,0x2a,0x20,0x6d,0x61,
    0x78,0x28,0x78,0x5f,0x31,0x33,0x2e,0x6f,0x70,0x74,0x69,0x6f,0x6e,0x73,0x2e,0x79,
    0x2c,0x20,0x31,0x2e,0x30,0x66,0x29,0x29,0x3b,0x0a,0x20,0x20,0x6c,0x65,0x74,0x20,
    0x78,0x5f,0x34,0x33,0x20,0x3d,0x20,0x75,0x76,0x3b,0x0a,0x20,0x20,0x6c,0x65,0x74,
    0x20,0x78,0x5f,0x34,0x36,0x20,0x3d,0x20,0x70,0x78,0x2e,0x78,0x3b,0x0a,0x20,0x20,
    0x6c,0x65,0x74,0x20,0x78,0x5f,0x35,0x30,0x20,0x3d,0x20,0x74,0x65,0x78,0x74,0x75,
    0x72,0x65,0x53,0x61,0x6d,0x70,0x6c,0x65,0x28,0x6f,0x66,0x6c,0x6f,0x77,0x43,0x75,
    0x72,0x72,0x65,0x6e,0x74,0x54,0x65,0x78,0x2c,0x20,0x6f,0x66,0x6c,0x6f,0x77,0x43,
    0x75,0x72,0x72,0x65,0x6e,0x74,0x53,0x6d,0x70,0x2c,0x20,0x28,0x78,0x5f,0x34,0x33,
    0x20,0x2d,0x20,0x76,0x65,0x63,0x32,0x66,0x28,0x78,0x5f,0x34,0x36,0x2c,0x20,0x30,
    0x2e,0x30,0x66,0x29,0x29,0x29,0x3b,0x0a,0x20,0x20,0x6c,0x20,0x3d,0x20,0x78,0x5f,
    0x35,0x30,0x2e,0x78,0x3b,0x0a,0x20,0x20,0x6c,0x65,0x74,0x20,0x78,0x5f,0x35,0x36,
    0x20,0x3d,0x20,0x75,0x76,0x3b,0x0a,0x20,0x20,0x6c,0x65,0x74,0x20,0x78,0x5f,0x35,
    0x38,0x20,0x3d,0x20,0x70,0x78,0x2e,0x78,0x3b,0x0a,0x20,0x20,0x6c,0x65,0x74,0x20,
    0x78,0x5f,0x36,0x31,0x20,0x3d,0x20,0x74,0x65,0x78,0x74,0x75,0x72,0x65,0x53,0x61,
    0x6d,0x70,0x6c,0x65,0x28,0x6f,0x66,0x6c,0x6f,0x77,0x43,0x75,0x72,0x72,0x65,0x6e,
    0x74,0x54,0x65,0x78,0x2c,0x20,0x6f,0x66,0x6c,0x6f,0x77,0x43,0x75,0x72,0x72,0x65,
    0x6e,0x74,0x53,0x6d,0x70,0x2c,0x20,0x28,0x78,0x5f,0x35,0x36,0x20,0x2b,0x20,0x76,
    0x65,0x63,0x32,0x66,0x28,0x78,0x5f,0x35,0x38,0x2c,0x20,0x30,0x2e,0x30,0x66,0x29,
    0x29,0x29,0x3b,0x0a,0x20,0x20,0x72,0x20,0x3d,0x20,0x78,0x5f,0x36,0x31,0x2e,0x78,
    0x3b,0x0a,0x20,0x20,0x6c,0x65,0x74,0x20,0x78,0x5f,0x36,0x37,0x20,0x3d,0x20,0x75,
    0x76,0x3b,0x0a,0x20,0x20,0x6c,0x65,0x74,0x20,0x78,0x5f,0x36,0x39,0x20,0x3d,0x20,
    0x70,0x78,0x2e,0x79,0x3b,0x0a,0x20,0x20,0x6c,0x65,0x74,0x20,0x78,0x5f,0x37,0x32,
    0x20,0x3d,0x20,0x74,0x65,0x78,0x74,0x75,0x72,0x65,0x53,0x61,0x6d,0x70,0x6c,0x65,
    0x28,0x6f,0x66,0x6c,0x6f,0x77,0x43,0x75,0x72,0x72,0x65,0x6e,0x74,0x54,0x65,0x78,
    0x2c,0x20,0x6f,0x66,0x6c,0x6f,0x77,0x43,0x75,0x72,0x72,0x65,0x6e,0x74,0x53,0x6d,
    0x70,0x2c,0x20,0x28,0x78,0x5f,0x36,0x37,0x20,0x2d,0x20,0x76,0x65,0x63,0x32,0x66,
    0x28,0x30,0x2e,0x30,0x66,0x2c,0x20,0x78,0x5f,0x36,0x39,0x29,0x29,0x29,0x3b,0x0a,
    0x20,0x20,0x75,0x20,0x3d,0x20,0x78,0x5f,0x37,0x32,0x2e,0x78,0x3b,0x0a,0x20,0x20,
    0x6c,0x65,0x74,0x20,0x78,0x5f,0x37,0x38,0x20,0x3d,0x20,0x75,0x76,0x3b,0x0a,0x20,
    0x20,0x6c,0x65,0x74,0x20,0x78,0x5f,0x38,0x30,0x20,0x3d,0x20,0x70,0x78,0x2e,0x79,
    0x3b,0x0a,0x20,0x20,0x6c,0x65,0x74,0x20,0x78,0x5f,0x38,0x33,0x20,0x3d,0x20,0x74,
    0x65,0x78,0x74,0x75,0x72,0x65,0x53,0x61,0x6d,0x70,0x6c,0x65,0x28,0x6f,0x66,0x6c,
    0x6f,0x77,0x43,0x75,0x72,0x72,0x65,0x6e,0x74,0x54,0x65,0x78,0x2c,0x20,0x6f,0x66,
    0x6c,0x6f,0x77,0x43,0x75,0x72,0x72,0x65,0x6e,0x74,0x53,0x6d,0x70,0x2c,0x20,0x28,
    0x78,0x5f,0x37,0x38,0x20,0x2b,0x20,0x76,0x65,0x63,0x32,0x66,0x28,0x30,0x2e,0x30,
    0x66,0x2c,0x20,0x78,0x5f,0x38,0x30,0x29,0x29,0x29,0x3b,0x0a,0x20,0x20,0x64,0x20,
    0x3d,0x20,0x78,0x5f,0x38,0x33,0x2e,0x78,0x3b,0x0a,0x20,0x20,0x66,0x72,0x61,0x67,
    0x5f,0x63,0x6f,0x6c,0x6f,0x72,0x20,0x3d,0x20,0x76,0x65,0x63,0x34,0x66,0x28,0x28,
    0x28,0x72,0x20,0x2d,0x20,0x6c,0x29,0x20,0x2a,0x20,0x30,0x2e,0x35,0x66,0x29,0x2c,
    0x20,0x28,0x28,0x64,0x20,0x2d,0x20,0x75,0x29,0x20,0x2a,0x20,0x30,0x2e,0x35,0x66,
    0x29,0x2c,0x20,0x30,0x2e,0x30,0x66,0x2c,0x20,0x31,0x2e,0x30,0x66,0x29,0x3b,0x0a,
    0x20,0x20,0x72,0x65,0x74,0x75,0x72,0x6e,0x3b,0x0a,0x7d,0x0a,0x0a,0x73,0x74,0x72,
    0x75,0x63,0x74,0x20,0x6d,0x61,0x69,0x6e,0x5f,0x6f,0x75,0x74,0x20,0x7b,0x0a,0x20,
    0x20,0x40,0x6c,0x6f,0x63,0x61,0x74,0x69,0x6f,0x6e,0x28,0x30,0x29,0x0a,0x20,0x20,
    0x66,0x72,0x61,0x67,0x5f,0x63,0x6f,0x6c,0x6f,0x72,0x5f,0x31,0x20,0x3a,0x20,0x76,
    0x65,0x63,0x34,0x66,0x2c,0x0a,0x7d,0x0a,0x0a,0x40,0x66,0x72,0x61,0x67,0x6d,0x65,
    0x6e,0x74,0x0a,0x66,0x6e,0x20,0x6d,0x61,0x69,0x6e,0x28,0x40,0x6c,0x6f,0x63,0x61,
    0x74,0x69,0x6f,0x6e,0x28,0x30,0x29,0x20,0x75,0x76,0x5f,0x70,0x61,0x72,0x61,0x6d,
    0x20,0x3a,0x20,0x76,0x65,0x63,0x32,0x66,0x29,0x20,0x2d,0x3e,0x20,0x6d,0x61,0x69,
    0x6e,0x5f,0x6f,0x75,0x74,0x20,0x7b,0x0a,0x20,0x20,0x75,0x76,0x20,0x3d,0x20,0x75,
    0x76,0x5f,0x70,0x61,0x72,0x61,0x6d,0x3b,0x0a,0x20,0x20,0x6d,0x61,0x69,0x6e,0x5f,
    0x31,0x28,0x29,0x3b,0x0a,0x20,0x20,0x72,0x65,0x74,0x75,0x72,0x6e,0x20,0x6d,0x61,
    0x69,0x6e,0x5f,0x6f,0x75,0x74,0x28,0x66,0x72,0x61,0x67,0x5f,0x63,0x6f,0x6c,0x6f,
    0x72,0x29,0x3b,0x0a,0x7d,0x0a,0x00,
};
/*
    diagnostic(off, derivative_uniformity);

    struct optical_params {
      /_ @offset(0) _/
      color : vec4f,
      /_ @offset(16) _/
      resolution : vec4f,
      /_ @offset(32) _/
      texel : vec4f,
      /_ @offset(48) _/
      options : vec4f,
    }

    @binding(0) @group(0) var<uniform> x_13 : optical_params;

    @binding(0) @group(1) var oflowCurrentTex : texture_2d<f32>;

    @binding(32) @group(1) var oflowCurrentSmp : sampler;

    var<private> uv : vec2f;

    @binding(1) @group(1) var oflowPreviousTex : texture_2d<f32>;

    @binding(33) @group(1) var oflowPreviousSmp : sampler;

    var<private> frag_color : vec4f;

    fn main_1() {
      var px : vec2f;
      var current : f32;
      var previous : f32;
      var l : f32;
      var r : f32;
      var u : f32;
      var d : f32;
      var grad : vec2f;
      var dt : f32;
      var denom : f32;
      var flow : vec2f;
      var len : f32;
      var nextLen : f32;
      px = (x_13.texel.xy * max(x_13.options.y, 1.0f));
      let x_43 = uv;
      let x_44 = textureSample(oflowCurrentTex, oflowCurrentSmp, x_43);
      current = x_44.x;
      let x_53 = uv;
      let x_54 = textureSample(oflowPreviousTex, oflowPreviousSmp, x_53);
      previous = x_54.x;
      let x_60 = uv;
      let x_62 = px.x;
      let x_66 = textureSample(oflowCurrentTex, oflowCurrentSmp, (x_60 - vec2f(x_62, 0.0f)));
      l = x_66.x;
      let x_72 = uv;
      let x_74 = px.x;
      let x_77 = textureSample(oflowCurrentTex, oflowCurrentSmp, (x_72 + vec2f(x_74, 0.0f)));
      r = x_77.x;
      let x_83 = uv;
      let x_85 = px.y;
      let x_88 = textureSample(oflowCurrentTex, oflowCurrentSmp, (x_83 - vec2f(0.0f, x_85)));
      u = x_88.x;
      let x_94 = uv;
      let x_96 = px.y;
      let x_99 = textureSample(oflowCurrentTex, oflowCurrentSmp, (x_94 + vec2f(0.0f, x_96)));
      d = x_99.x;
      grad = vec2f(((r - l) * 0.5f), ((d - u) * 0.5f));
      dt = (current - previous);
      denom = max((dot(grad, grad) + x_13.options.z), 0.00000099999999747524f);
      flow = ((grad * -(dt)) / vec2f(denom));
      flow = (flow * (x_13.color.xy * x_13.options.x));
      len = length(flow);
      nextLen = max((len - x_13.options.w), 0.0f);
      if ((len > 0.00000099999999747524f)) {
        flow = (flow * (nextLen / len));
      } else {
        flow = vec2f();
      }
      frag_color = vec4f(flow.x, flow.y, 0.0f, 1.0f);
      return;
    }

    struct main_out {
      @location(0)
      frag_color_1 : vec4f,
    }

    @fragment
    fn main(@location(0) uv_param : vec2f) -> main_out {
      uv = uv_param;
      main_1();
      return main_out(frag_color);
    }
*/
static const uint8_t fs_optical_flow_source_wgsl[2332] = {
    0x64,0x69,0x61,0x67,0x6e,0x6f,0x73,0x74,0x69,0x63,0x28,0x6f,0x66,0x66,0x2c,0x20,
    0x64,0x65,0x72,0x69,0x76,0x61,0x74,0x69,0x76,0x65,0x5f,0x75,0x6e,0x69,0x66,0x6f,
    0x72,0x6d,0x69,0x74,0x79,0x29,0x3b,0x0a,0x0a,0x73,0x74,0x72,0x75,0x63,0x74,0x20,
    0x6f,0x70,0x74,0x69,0x63,0x61,0x6c,0x5f,0x70,0x61,0x72,0x61,0x6d,0x73,0x20,0x7b,
    0x0a,0x20,0x20,0x2f,0x2a,0x20,0x40,0x6f,0x66,0x66,0x73,0x65,0x74,0x28,0x30,0x29,
    0x20,0x2a,0x2f,0x0a,0x20,0x20,0x63,0x6f,0x6c,0x6f,0x72,0x20,0x3a,0x20,0x76,0x65,
    0x63,0x34,0x66,0x2c,0x0a,0x20,0x20,0x2f,0x2a,0x20,0x40,0x6f,0x66,0x66,0x73,0x65,
    0x74,0x28,0x31,0x36,0x29,0x20,0x2a,0x2f,0x0a,0x20,0x20,0x72,0x65,0x73,0x6f,0x6c,
    0x75,0x74,0x69,0x6f,0x6e,0x20,0x3a,0x20,0x76,0x65,0x63,0x34,0x66,0x2c,0x0a,0x20,
    0x20,0x2f,0x2a,0x20,0x40,0x6f,0x66,0x66,0x73,0x65,0x74,0x28,0x33,0x32,0x29,0x20,
    0x2a,0x2f,0x0a,0x20,0x20,0x74,0x65,0x78,0x65,0x6c,0x20,0x3a,0x20,0x76,0x65,0x63,
    0x34,0x66,0x2c,0x0a,0x20,0x20,0x2f,0x2a,0x20,0x40,0x6f,0x66,0x66,0x73,0x65,0x74,
    0x28,0x34,0x38,0x29,0x20,0x2a,0x2f,0x0a,0x20,0x20,0x6f,0x70,0x74,0x69,0x6f,0x6e,
    0x73,0x20,0x3a,0x20,0x76,0x65,0x63,0x34,0x66,0x2c,0x0a,0x7d,0x0a,0x0a,0x40,0x62,
    0x69,0x6e,0x64,0x69,0x6e,0x67,0x28,0x30,0x29,0x20,0x40,0x67,0x72,0x6f,0x75,0x70,
    0x28,0x30,0x29,0x20,0x76,0x61,0x72,0x3c,0x75,0x6e,0x69,0x66,0x6f,0x72,0x6d,0x3e,
    0x20,0x78,0x5f,0x31,0x33,0x20,0x3a,0x20,0x6f,0x70,0x74,0x69,0x63,0x61,0x6c,0x5f,
    0x70,0x61,0x72,0x61,0x6d,0x73,0x3b,0x0a,0x0a,0x40,0x62,0x69,0x6e,0x64,0x69,0x6e,
    0x67,0x28,0x30,0x29,0x20,0x40,0x67,0x72,0x6f,0x75,0x70,0x28,0x31,0x29,0x20,0x76,
    0x61,0x72,0x20,0x6f,0x66,0x6c,0x6f,0x77,0x43,0x75,0x72,0x72,0x65,0x6e,0x74,0x54,
    0x65,0x78,0x20,0x3a,0x20,0x74,0x65,0x78,0x74,0x75,0x72,0x65,0x5f,0x32,0x64,0x3c,
    0x66,0x33,0x32,0x3e,0x3b,0x0a,0x0a,0x40,0x62,0x69,0x6e,0x64,0x69,0x6e,0x67,0x28,
    0x33,0x32,0x29,0x20,0x40,0x67,0x72,0x6f,0x75,0x70,0x28,0x31,0x29,0x20,0x76,0x61,
    0x72,0x20,0x6f,0x66,0x6c,0x6f,0x77,0x43,0x75,0x72,0x72,0x65,0x6e,0x74,0x53,0x6d,
    0x70,0x20,0x3a,0x20,0x73,0x61,0x6d,0x70,0x6c,0x65,0x72,0x3b,0x0a,0x0a,0x76,0x61,
    0x72,0x3c,0x70,0x72,0x69,0x76,0x61,0x74,0x65,0x3e,0x20,0x75,0x76,0x20,0x3a,0x20,
    0x76,0x65,0x63,0x32,0x66,0x3b,0x0a,0x0a,0x40,0x62,0x69,0x6e,0x64,0x69,0x6e,0x67,
    0x28,0x31,0x29,0x20,0x40,0x67,0x72,0x6f,0x75,0x70,0x28,0x31,0x29,0x20,0x76,0x61,
    0x72,0x20,0x6f,0x66,0x6c,0x6f,0x77,0x50,0x72,0x65,0x76,0x69,0x6f,0x75,0x73,0x54,
    0x65,0x78,0x20,0x3a,0x20,0x74,0x65,0x78,0x74,0x75,0x72,0x65,0x5f,0x32,0x64,0x3c,
    0x66,0x33,0x32,0x3e,0x3b,0x0a,0x0a,0x40,0x62,0x69,0x6e,0x64,0x69,0x6e,0x67,0x28,
    0x33,0x33,0x29,0x20,0x40,0x67,0x72,0x6f,0x75,0x70,0x28,0x31,0x29,0x20,0x76,0x61,
    0x72,0x20,0x6f,0x66,0x6c,0x6f,0x77,0x50,0x72,0x65,0x76,0x69,0x6f,0x75,0x73,0x53,
    0x6d,0x70,0x20,0x3a,0x20,0x73,0x61,0x6d,0x70,0x6c,0x65,0x72,0x3b,0x0a,0x0a,0x76,
    0x61,0x72,0x3c,0x70,0x72,0x69,0x76,0x61,0x74,0x65,0x3e,0x20,0x66,0x72,0x61,0x67,
    0x5f,0x63,0x6f,0x6c,0x6f,0x72,0x20,0x3a,0x20,0x76,0x65,0x63,0x34,0x66,0x3b,0x0a,
    0x0a,0x66,0x6e,0x20,0x6d,0x61,0x69,0x6e,0x5f,0x31,0x28,0x29,0x20,0x7b,0x0a,0x20,
    0x20,0x76,0x61,0x72,0x20,0x70,0x78,0x20,0x3a,0x20,0x76,0x65,0x63,0x32,0x66,0x3b,
    0x0a,0x20,0x20,0x76,0x61,0x72,0x20,0x63,0x75,0x72,0x72,0x65,0x6e,0x74,0x20,0x3a,
    0x20,0x66,0x33,0x32,0x3b,0x0a,0x20,0x20,0x76,0x61,0x72,0x20,0x70,0x72,0x65,0x76,
    0x69,0x6f,0x75,0x73,0x20,0x3a,0x20,0x66,0x33,0x32,0x3b,0x0a,0x20,0x20,0x76,0x61,
    0x72,0x20,0x6c,0x20,0x3a,0x20,0x66,0x33,0x32,0x3b,0x0a,0x20,0x20,0x76,0x61,0x72,
    0x20,0x72,0x20,0x3a,0x20,0x66,0x33,0x32,0x3b,0x0a,0x20,0x20,0x76,0x61,0x72,0x20,
    0x75,0x20,0x3a,0x20,0x66,0x33,0x32,0x3b,0x0a,0x20,0x20,0x76,0x61,0x72,0x20,0x64,
    0x20,0x3a,0x20,0x66,0x33,0x32,0x3b,0x0a,0x20,0x20,0x76,0x61,0x72,0x20,0x67,0x72,
    0x61,0x64,0x20,0x3a,0x20,0x76,0x65,0x63,0x32,0x66,0x3b,0x0a,0x20,0x20,0x76,0x61,
    0x72,0x20,0x64,0x74,0x20,0x3a,0x20,0x66,0x33,0x32,0x3b,0x0a,0x20,0x20,0x76,0x61,
    0x72,0x20,0x64,0x65,0x6e,0x6f,0x6d,0x20,0x3a,0x20,0x66,0x33,0x32,0x3b,0x0a,0x20,
    0x20,0x76,0x61,0x72,0x20,0x66,0x6c,0x6f,0x77,0x20,0x3a,0x20,0x76,0x65,0x63,0x32,
    0x66,0x3b,0x0a,0x20,0x20,0x76,0x61,0x72,0x20,0x6c,0x65,0x6e,0x20,0x3a,0x20,0x66,
    0x33,0x32,0x3b,0x0a,0x20,0x20,0x76,0x61,0x72,0x20,0x6e,0x65,0x78,0x74,0x4c,0x65,
    0x6e,0x20,0x3a,0x20,0x66,0x33,0x32,0x3b,0x0a,0x20,0x20,0x70,0x78,0x20,0x3d,0x20,
    0x28,0x78,0x5f,0x31,0x33,0x2e,0x74,0x65,0x78,0x65,0x6c,0x2e,0x78,0x79,0x20,0x2a,
    0x20,0x6d,0x61,0x78,0x28,0x78,0x5f,0x31,0x33,0x2e,0x6f,0x70,0x74,0x69,0x6f,0x6e,
    0x73,0x2e,0x79,0x2c,0x20,0x31,0x2e,0x30,0x66,0x29,0x29,0x3b,0x0a,0x20,0x20,0x6c,
    0x65,0x74,0x20,0x78,0x5f,0x34,0x33,0x20,0x3d,0x20,0x75,0x76,0x3b,0x0a,0x20,0x20,
    0x6c,0x65,0x74,0x20,0x78,0x5f,0x34,0x34,0x20,0x3d,0x20,0x74,0x65,0x78,0x74,0x75,
    0x72,0x65,0x53,0x61,0x6d,0x70,0x6c,0x65,0x28,0x6f,0x66,0x6c,0x6f,0x77,0x43,0x75,
    0x72,0x72,0x65,0x6e,0x74,0x54,0x65,0x78,0x2c,0x20,0x6f,0x66,0x6c,0x6f,0x77,0x43,
    0x75,0x72,0x72,0x65,0x6e,0x74,0x53,0x6d,0x70,0x2c,0x20,0x78,0x5f,0x34,0x33,0x29,
    0x3b,0x0a,0x20,0x20,0x63,0x75,0x72,0x72,0x65,0x6e,0x74,0x20,0x3d,0x20,0x78,0x5f,
    0x34,0x34,0x2e,0x78,0x3b,0x0a,0x20,0x20,0x6c,0x65,0x74,0x20,0x78,0x5f,0x35,0x33,
    0x20,0x3d,0x20,0x75,0x76,0x3b,0x0a,0x20,0x20,0x6c,0x65,0x74,0x20,0x78,0x5f,0x35,
    0x34,0x20,0x3d,0x20,0x74,0x65,0x78,0x74,0x75,0x72,0x65,0x53,0x61,0x6d,0x70,0x6c,
    0x65,0x28,0x6f,0x66,0x6c,0x6f,0x77,0x50,0x72,0x65,0x76,0x69,0x6f,0x75,0x73,0x54,
    0x65,0x78,0x2c,0x20,0x6f,0x66,0x6c,0x6f,0x77,0x50,0x72,0x65,0x76,0x69,0x6f,0x75,
    0x73,0x53,0x6d,0x70,0x2c,0x20,0x78,0x5f,0x35,0x33,0x29,0x3b,0x0a,0x20,0x20,0x70,
    0x72,0x65,0x76,0x69,0x6f,0x75,0x73,0x20,0x3d,0x20,0x78,0x5f,0x35,0x34,0x2e,0x78,
    0x3b,0x0a,0x20,0x20,0x6c,0x65,0x74,0x20,0x78,0x5f,0x36,0x30,0x20,0x3d,0x20,0x75,
    0x76,0x3b,0x0a,0x20,0x20,0x6c,0x65,0x74,0x20,0x78,0x5f,0x36,0x32,0x20,0x3d,0x20,
    0x70,0x78,0x2e,0x78,0x3b,0x0a,0x20,0x20,0x6c,0x65,0x74,0x20,0x78,0x5f,0x36,0x36,
    0x20,0x3d,0x20,0x74,0x65,0x78,0x74,0x75,0x72,0x65,0x53,0x61,0x6d,0x70,0x6c,0x65,
    0x28,0x6f,0x66,0x6c,0x6f,0x77,0x43,0x75,0x72,0x72,0x65,0x6e,0x74,0x54,0x65,0x78,
    0x2c,0x20,0x6f,0x66,0x6c,0x6f,0x77,0x43,0x75,0x72,0x72,0x65,0x6e,0x74,0x53,0x6d,
    0x70,0x2c,0x20,0x28,0x78,0x5f,0x36,0x30,0x20,0x2d,0x20,0x76,0x65,0x63,0x32,0x66,
    0x28,0x78,0x5f,0x36,0x32,0x2c,0x20,0x30,0x2e,0x30,0x66,0x29,0x29,0x29,0x3b,0x0a,
    0x20,0x20,0x6c,0x20,0x3d,0x20,0x78,0x5f,0x36,0x36,0x2e,0x78,0x3b,0x0a,0x20,0x20,
    0x6c,0x65,0x74,0x20,0x78,0x5f,0x37,0x32,0x20,0x3d,0x20,0x75,0x76,0x3b,0x0a,0x20,
    0x20,0x6c,0x65,0x74,0x20,0x78,0x5f,0x37,0x34,0x20,0x3d,0x20,0x70,0x78,0x2e,0x78,
    0x3b,0x0a,0x20,0x20,0x6c,0x65,0x74,0x20,0x78,0x5f,0x37,0x37,0x20,0x3d,0x20,0x74,
    0x65,0x78,0x74,0x75,0x72,0x65,0x53,0x61,0x6d,0x70,0x6c,0x65,0x28,0x6f,0x66,0x6c,
    0x6f,0x77,0x43,0x75,0x72,0x72,0x65,0x6e,0x74,0x54,0x65,0x78,0x2c,0x20,0x6f,0x66,
    0x6c,0x6f,0x77,0x43,0x75,0x72,0x72,0x65,0x6e,0x74,0x53,0x6d,0x70,0x2c,0x20,0x28,
    0x78,0x5f,0x37,0x32,0x20,0x2b,0x20,0x76,0x65,0x63,0x32,0x66,0x28,0x78,0x5f,0x37,
    0x34,0x2c,0x20,0x30,0x2e,0x30,0x66,0x29,0x29,0x29,0x3b,0x0a,0x20,0x20,0x72,0x20,
    0x3d,0x20,0x78,0x5f,0x37,0x37,0x2e,0x78,0x3b,0x0a,0x20,0x20,0x6c,0x65,0x74,0x20,
    0x78,0x5f,0x38,0x33,0x20,0x3d,0x20,0x75,0x76,0x3b,0x0a,0x20,0x20,0x6c,0x65,0x74,
    0x20,0x78,0x5f,0x38,0x35,0x20,0x3d,0x20,0x70,0x78,0x2e,0x79,0x3b,0x0a,0x20,0x20,
    0x6c,0x65,0x74,0x20,0x78,0x5f,0x38,0x38,0x20,0x3d,0x20,0x74,0x65,0x78,0x74,0x75,
    0x72,0x65,0x53,0x61,0x6d,0x70,0x6c,0x65,0x28,0x6f,0x66,0x6c,0x6f,0x77,0x43,0x75,
    0x72,0x72,0x65,0x6e,0x74,0x54,0x65,0x78,0x2c,0x20,0x6f,0x66,0x6c,0x6f,0x77,0x43,
    0x75,0x72,0x72,0x65,0x6e,0x74,0x53,0x6d,0x70,0x2c,0x20,0x28,0x78,0x5f,0x38,0x33,
    0x20,0x2d,0x20,0x76,0x65,0x63,0x32,0x66,0x28,0x30,0x2e,0x30,0x66,0x2c,0x20,0x78,
    0x5f,0x38,0x35,0x29,0x29,0x29,0x3b,0x0a,0x20,0x20,0x75,0x20,0x3d,0x20,0x78,0x5f,
    0x38,0x38,0x2e,0x78,0x3b,0x0a,0x20,0x20,0x6c,0x65,0x74,0x20,0x78,0x5f,0x39,0x34,
    0x20,0x3d,0x20,0x75,0x76,0x3b,0x0a,0x20,0x20,0x6c,0x65,0x74,0x20,0x78,0x5f,0x39,
    0x36,0x20,0x3d,0x20,0x70,0x78,0x2e,0x79,0x3b,0x0a,0x20,0x20,0x6c,0x65,0x74,0x20,
    0x78,0x5f,0x39,0x39,0x20,0x3d,0x20,0x74,0x65,0x78,0x74,0x75,0x72,0x65,0x53,0x61,
    0x6d,0x70,0x6c,0x65,0x28,0x6f,0x66,0x6c,0x6f,0x77,0x43,0x75,0x72,0x72,0x65,0x6e,
    0x74,0x54,0x65,0x78,0x2c,0x20,0x6f,0x66,0x6c,0x6f,0x77,0x43,0x75,0x72,0x72,0x65,
    0x6e,0x74,0x53,0x6d,0x70,0x2c,0x20,0x28,0x78,0x5f,0x39,0x34,0x20,0x2b,0x20,0x76,
    0x65,0x63,0x32,0x66,0x28,0x30,0x2e,0x30,0x66,0x2c,0x20,0x78,0x5f,0x39,0x36,0x29,
    0x29,0x29,0x3b,0x0a,0x20,0x20,0x64,0x20,0x3d,0x20,0x78,0x5f,0x39,0x39,0x2e,0x78,
    0x3b,0x0a,0x20,0x20,0x67,0x72,0x61,0x64,0x20,0x3d,0x20,0x76,0x65,0x63,0x32,0x66,
    0x28,0x28,0x28,0x72,0x20,0x2d,0x20,0x6c,0x29,0x20,0x2a,0x20,0x30,0x2e,0x35,0x66,
    0x29,0x2c,0x20,0x28,0x28,0x64,0x20,0x2d,0x20,0x75,0x29,0x20,0x2a,0x20,0x30,0x2e,
    0x35,0x66,0x29,0x29,0x3b,0x0a,0x20,0x20,0x64,0x74,0x20,0x3d,0x20,0x28,0x63,0x75,
    0x72,0x72,0x65,0x6e,0x74,0x20,0x2d,0x20,0x70,0x72,0x65,0x76,0x69,0x6f,0x75,0x73,
    0x29,0x3b,0x0a,0x20,0x20,0x64,0x65,0x6e,0x6f,0x6d,0x20,0x3d,0x20,0x6d,0x61,0x78,
    0x28,0x28,0x64,0x6f,0x74,0x28,0x67,0x72,0x61,0x64,0x2c,0x20,0x67,0x72,0x61,0x64,
    0x29,0x20,0x2b,0x20,0x78,0x5f,0x31,0x33,0x2e,0x6f,0x70,0x74,0x69,0x6f,0x6e,0x73,
    0x2e,0x7a,0x29,0x2c,0x20,0x30,0x2e,0x30,0x30,0x30,0x30,0x30,0x30,0x39,0x39,0x39,
    0x39,0x39,0x39,0x39,0x39,0x37,0x34,0x37,0x35,0x32,0x34,0x66,0x29,0x3b,0x0a,0x20,
    0x20,0x66,0x6c,0x6f,0x77,0x20,0x3d,0x20,0x28,0x28,0x67,0x72,0x61,0x64,0x20,0x2a,
    0x20,0x2d,0x28,0x64,0x74,0x29,0x29,0x20,0x2f,0x20,0x76,0x65,0x63,0x32,0x66,0x28,
    0x64,0x65,0x6e,0x6f,0x6d,0x29,0x29,0x3b,0x0a,0x20,0x20,0x66,0x6c,0x6f,0x77,0x20,
    0x3d,0x20,0x28,0x66,0x6c,0x6f,0x77,0x20,0x2a,0x20,0x28,0x78,0x5f,0x31,0x33,0x2e,
    0x63,0x6f,0x6c,0x6f,0x72,0x2e,0x78,0x79,0x20,0x2a,0x20,0x78,0x5f,0x31,0x33,0x2e,
    0x6f,0x70,0x74,0x69,0x6f,0x6e,0x73,0x2e,0x78,0x29,0x29,0x3b,0x0a,0x20,0x20,0x6c,
    0x65,0x6e,0x20,0x3d,0x20,0x6c,0x65,0x6e,0x67,0x74,0x68,0x28,0x66,0x6c,0x6f,0x77,
    0x29,0x3b,0x0a,0x20,0x20,0x6e,0x65,0x78,0x74,0x4c,0x65,0x6e,0x20,0x3d,0x20,0x6d,
    0x61,0x78,0x28,0x28,0x6c,0x65,0x6e,0x20,0x2d,0x20,0x78,0x5f,0x31,0x33,0x2e,0x6f,
    0x70,0x74,0x69,0x6f,0x6e,0x73,0x2e,0x77,0x29,0x2c,0x20,0x30,0x2e,0x30,0x66,0x29,
    0x3b,0x0a,0x20,0x20,0x69,0x66,0x20,0x28,0x28,0x6c,0x65,0x6e,0x20,0x3e,0x20,0x30,
    0x2e,0x30,0x30,0x30,0x30,0x30,0x30,0x39,0x39,0x39,0x39,0x39,0x39,0x39,0x39,0x37,
    0x34,0x37,0x35,0x32,0x34,0x66,0x29,0x29,0x20,0x7b,0x0a,0x20,0x20,0x20,0x20,0x66,
    0x6c,0x6f,0x77,0x20,0x3d,0x20,0x28,0x66,0x6c,0x6f,0x77,0x20,0x2a,0x20,0x28,0x6e,
    0x65,0x78,0x74,0x4c,0x65,0x6e,0x20,0x2f,0x20,0x6c,0x65,0x6e,0x29,0x29,0x3b,0x0a,
    0x20,0x20,0x7d,0x20,0x65,0x6c,0x73,0x65,0x20,0x7b,0x0a,0x20,0x20,0x20,0x20,0x66,
    0x6c,0x6f,0x77,0x20,0x3d,0x20,0x76,0x65,0x63,0x32,0x66,0x28,0x29,0x3b,0x0a,0x20,
    0x20,0x7d,0x0a,0x20,0x20,0x66,0x72,0x61,0x67,0x5f,0x63,0x6f,0x6c,0x6f,0x72,0x20,
    0x3d,0x20,0x76,0x65,0x63,0x34,0x66,0x28,0x66,0x6c,0x6f,0x77,0x2e,0x78,0x2c,0x20,
    0x66,0x6c,0x6f,0x77,0x2e,0x79,0x2c,0x20,0x30,0x2e,0x30,0x66,0x2c,0x20,0x31,0x2e,
    0x30,0x66,0x29,0x3b,0x0a,0x20,0x20,0x72,0x65,0x74,0x75,0x72,0x6e,0x3b,0x0a,0x7d,
    0x0a,0x0a,0x73,0x74,0x72,0x75,0x63,0x74,0x20,0x6d,0x61,0x69,0x6e,0x5f,0x6f,0x75,
    0x74,0x20,0x7b,0x0a,0x20,0x20,0x40,0x6c,0x6f,0x63,0x61,0x74,0x69,0x6f,0x6e,0x28,
    0x30,0x29,0x0a,0x20,0x20,0x66,0x72,0x61,0x67,0x5f,0x63,0x6f,0x6c,0x6f,0x72,0x5f,
    0x31,0x20,0x3a,0x20,0x76,0x65,0x63,0x34,0x66,0x2c,0x0a,0x7d,0x0a,0x0a,0x40,0x66,
    0x72,0x61,0x67,0x6d,0x65,0x6e,0x74,0x0a,0x66,0x6e,0x20,0x6d,0x61,0x69,0x6e,0x28,
    0x40,0x6c,0x6f,0x63,0x61,0x74,0x69,0x6f,0x6e,0x28,0x30,0x29,0x20,0x75,0x76,0x5f,
    0x70,0x61,0x72,0x61,0x6d,0x20,0x3a,0x20,0x76,0x65,0x63,0x32,0x66,0x29,0x20,0x2d,
    0x3e,0x20,0x6d,0x61,0x69,0x6e,0x5f,0x6f,0x75,0x74,0x20,0x7b,0x0a,0x20,0x20,0x75,
    0x76,0x20,0x3d,0x20,0x75,0x76,0x5f,0x70,0x61,0x72,0x61,0x6d,0x3b,0x0a,0x20,0x20,
    0x6d,0x61,0x69,0x6e,0x5f,0x31,0x28,0x29,0x3b,0x0a,0x20,0x20,0x72,0x65,0x74,0x75,
    0x72,0x6e,0x20,0x6d,0x61,0x69,0x6e,0x5f,0x6f,0x75,0x74,0x28,0x66,0x72,0x61,0x67,
    0x5f,0x63,0x6f,0x6c,0x6f,0x72,0x29,0x3b,0x0a,0x7d,0x0a,0x00,
};
/*
    diagnostic(off, derivative_uniformity);

    struct optical_params {
      /_ @offset(0) _/
      color : vec4f,
      /_ @offset(16) _/
      resolution : vec4f,
      /_ @offset(32) _/
      texel : vec4f,
      /_ @offset(48) _/
      options : vec4f,
    }

    @binding(0) @group(1) var oflowCurrentFlowTex : texture_2d<f32>;

    @binding(32) @group(1) var oflowCurrentFlowSmp : sampler;

    var<private> uv : vec2f;

    @binding(1) @group(1) var oflowPreviousFlowTex : texture_2d<f32>;

    @binding(33) @group(1) var oflowPreviousFlowSmp : sampler;

    @binding(0) @group(0) var<uniform> x_40 : optical_params;

    var<private> frag_color : vec4f;

    fn main_1() {
      var current : vec2f;
      var previous : vec2f;
      var flow : vec2f;
      let x_22 = uv;
      let x_24 = textureSample(oflowCurrentFlowTex, oflowCurrentFlowSmp, x_22);
      current = x_24.xy;
      let x_32 = uv;
      let x_33 = textureSample(oflowPreviousFlowTex, oflowPreviousFlowSmp, x_32);
      previous = x_33.xy;
      flow = (mix(current, previous, vec2f(clamp(x_40.options.y, 0.0f, 1.0f))) * x_40.options.z);
      frag_color = vec4f(flow.x, flow.y, 0.0f, 1.0f);
      return;
    }

    struct main_out {
      @location(0)
      frag_color_1 : vec4f,
    }

    @fragment
    fn main(@location(0) uv_param : vec2f) -> main_out {
      uv = uv_param;
      main_1();
      return main_out(frag_color);
    }
*/
static const uint8_t fs_optical_temporal_smooth_source_wgsl[1248] = {
    0x64,0x69,0x61,0x67,0x6e,0x6f,0x73,0x74,0x69,0x63,0x28,0x6f,0x66,0x66,0x2c,0x20,
    0x64,0x65,0x72,0x69,0x76,0x61,0x74,0x69,0x76,0x65,0x5f,0x75,0x6e,0x69,0x66,0x6f,
    0x72,0x6d,0x69,0x74,0x79,0x29,0x3b,0x0a,0x0a,0x73,0x74,0x72,0x75,0x63,0x74,0x20,
    0x6f,0x70,0x74,0x69,0x63,0x61,0x6c,0x5f,0x70,0x61,0x72,0x61,0x6d,0x73,0x20,0x7b,
    0x0a,0x20,0x20,0x2f,0x2a,0x20,0x40,0x6f,0x66,0x66,0x73,0x65,0x74,0x28,0x30,0x29,
    0x20,0x2a,0x2f,0x0a,0x20,0x20,0x63,0x6f,0x6c,0x6f,0x72,0x20,0x3a,0x20,0x76,0x65,
    0x63,0x34,0x66,0x2c,0x0a,0x20,0x20,0x2f,0x2a,0x20,0x40,0x6f,0x66,0x66,0x73,0x65,
    0x74,0x28,0x31,0x36,0x29,0x20,0x2a,0x2f,0x0a,0x20,0x20,0x72,0x65,0x73,0x6f,0x6c,
    0x75,0x74,0x69,0x6f,0x6e,0x20,0x3a,0x20,0x76,0x65,0x63,0x34,0x66,0x2c,0x0a,0x20,
    0x20,0x2f,0x2a,0x20,0x40,0x6f,0x66,0x66,0x73,0x65,0x74,0x28,0x33,0x32,0x29,0x20,
    0x2a,0x2f,0x0a,0x20,0x20,0x74,0x65,0x78,0x65,0x6c,0x20,0x3a,0x20,0x76,0x65,0x63,
    0x34,0x66,0x2c,0x0a,0x20,0x20,0x2f,0x2a,0x20,0x40,0x6f,0x66,0x66,0x73,0x65,0x74,
    0x28,0x34,0x38,0x29,0x20,0x2a,0x2f,0x0a,0x20,0x20,0x6f,0x70,0x74,0x69,0x6f,0x6e,
    0x73,0x20,0x3a,0x20,0x76,0x65,0x63,0x34,0x66,0x2c,0x0a,0x7d,0x0a,0x0a,0x40,0x62,
    0x69,0x6e,0x64,0x69,0x6e,0x67,0x28,0x30,0x29,0x20,0x40,0x67,0x72,0x6f,0x75,0x70,
    0x28,0x31,0x29,0x20,0x76,0x61,0x72,0x20,0x6f,0x66,0x6c,0x6f,0x77,0x43,0x75,0x72,
    0x72,0x65,0x6e,0x74,0x46,0x6c,0x6f,0x77,0x54,0x65,0x78,0x20,0x3a,0x20,0x74,0x65,
    0x78,0x74,0x75,0x72,0x65,0x5f,0x32,0x64,0x3c,0x66,0x33,0x32,0x3e,0x3b,0x0a,0x0a,
    0x40,0x62,0x69,0x6e,0x64,0x69,0x6e,0x67,0x28,0x33,0x32,0x29,0x20,0x40,0x67,0x72,
    0x6f,0x75,0x70,0x28,0x31,0x29,0x20,0x76,0x61,0x72,0x20,0x6f,0x66,0x6c,0x6f,0x77,
    0x43,0x75,0x72,0x72,0x65,0x6e,0x74,0x46,0x6c,0x6f,0x77,0x53,0x6d,0x70,0x20,0x3a,
    0x20,0x73,0x61,0x6d,0x70,0x6c,0x65,0x72,0x3b,0x0a,0x0a,0x76,0x61,0x72,0x3c,0x70,
    0x72,0x69,0x76,0x61,0x74,0x65,0x3e,0x20,0x75,0x76,0x20,0x3a,0x20,0x76,0x65,0x63,
    0x32,0x66,0x3b,0x0a,0x0a,0x40,0x62,0x69,0x6e,0x64,0x69,0x6e,0x67,0x28,0x31,0x29,
    0x20,0x40,0x67,0x72,0x6f,0x75,0x70,0x28,0x31,0x29,0x20,0x76,0x61,0x72,0x20,0x6f,
    0x66,0x6c,0x6f,0x77,0x50,0x72,0x65,0x76,0x69,0x6f,0x75,0x73,0x46,0x6c,0x6f,0x77,
    0x54,0x65,0x78,0x20,0x3a,0x20,0x74,0x65,0x78,0x74,0x75,0x72,0x65,0x5f,0x32,0x64,
    0x3c,0x66,0x33,0x32,0x3e,0x3b,0x0a,0x0a,0x40,0x62,0x69,0x6e,0x64,0x69,0x6e,0x67,
    0x28,0x33,0x33,0x29,0x20,0x40,0x67,0x72,0x6f,0x75,0x70,0x28,0x31,0x29,0x20,0x76,
    0x61,0x72,0x20,0x6f,0x66,0x6c,0x6f,0x77,0x50,0x72,0x65,0x76,0x69,0x6f,0x75,0x73,
    0x46,0x6c,0x6f,0x77,0x53,0x6d,0x70,0x20,0x3a,0x20,0x73,0x61,0x6d,0x70,0x6c,0x65,
    0x72,0x3b,0x0a,0x0a,0x40,0x62,0x69,0x6e,0x64,0x69,0x6e,0x67,0x28,0x30,0x29,0x20,
    0x40,0x67,0x72,0x6f,0x75,0x70,0x28,0x30,0x29,0x20,0x76,0x61,0x72,0x3c,0x75,0x6e,
    0x69,0x66,0x6f,0x72,0x6d,0x3e,0x20,0x78,0x5f,0x34,0x30,0x20,0x3a,0x20,0x6f,0x70,
    0x74,0x69,0x63,0x61,0x6c,0x5f,0x70,0x61,0x72,0x61,0x6d,0x73,0x3b,0x0a,0x0a,0x76,
    0x61,0x72,0x3c,0x70,0x72,0x69,0x76,0x61,0x74,0x65,0x3e,0x20,0x66,0x72,0x61,0x67,
    0x5f,0x63,0x6f,0x6c,0x6f,0x72,0x20,0x3a,0x20,0x76,0x65,0x63,0x34,0x66,0x3b,0x0a,
    0x0a,0x66,0x6e,0x20,0x6d,0x61,0x69,0x6e,0x5f,0x31,0x28,0x29,0x20,0x7b,0x0a,0x20,
    0x20,0x76,0x61,0x72,0x20,0x63,0x75,0x72,0x72,0x65,0x6e,0x74,0x20,0x3a,0x20,0x76,
    0x65,0x63,0x32,0x66,0x3b,0x0a,0x20,0x20,0x76,0x61,0x72,0x20,0x70,0x72,0x65,0x76,
    0x69,0x6f,0x75,0x73,0x20,0x3a,0x20,0x76,0x65,0x63,0x32,0x66,0x3b,0x0a,0x20,0x20,
    0x76,0x61,0x72,0x20,0x66,0x6c,0x6f,0x77,0x20,0x3a,0x20,0x76,0x65,0x63,0x32,0x66,
    0x3b,0x0a,0x20,0x20,0x6c,0x65,0x74,0x20,0x78,0x5f,0x32,0x32,0x20,0x3d,0x20,0x75,
    0x76,0x3b,0x0a,0x20,0x20,0x6c,0x65,0x74,0x20,0x78,0x5f,0x32,0x34,0x20,0x3d,0x20,
    0x74,0x65,0x78,0x74,0x75,0x72,0x65,0x53,0x61,0x6d,0x70,0x6c,0x65,0x28,0x6f,0x66,
    0x6c,0x6f,0x77,0x43,0x75,0x72,0x72,0x65,0x6e,0x74,0x46,0x6c,0x6f,0x77,0x54,0x65,
    0x78,0x2c,0x20,0x6f,0x66,0x6c,0x6f,0x77,0x43,0x75,0x72,0x72,0x65,0x6e,0x74,0x46,
    0x6c,0x6f,0x77,0x53,0x6d,0x70,0x2c,0x20,0x78,0x5f,0x32,0x32,0x29,0x3b,0x0a,0x20,
    0x20,0x63,0x75,0x72,0x72,0x65,0x6e,0x74,0x20,0x3d,0x20,0x78,0x5f,0x32,0x34,0x2e,
    0x78,0x79,0x3b,0x0a,0x20,0x20,0x6c,0x65,0x74,0x20,0x78,0x5f,0x33,0x32,0x20,0x3d,
    0x20,0x75,0x76,0x3b,0x0a,0x20,0x20,0x6c,0x65,0x74,0x20,0x78,0x5f,0x33,0x33,0x20,
    0x3d,0x20,0x74,0x65,0x78,0x74,0x75,0x72,0x65,0x53,0x61,0x6d,0x70,0x6c,0x65,0x28,
    0x6f,0x66,0x6c,0x6f,0x77,0x50,0x72,0x65,0x76,0x69,0x6f,0x75,0x73,0x46,0x6c,0x6f,
    0x77,0x54,0x65,0x78,0x2c,0x20,0x6f,0x66,0x6c,0x6f,0x77,0x50,0x72,0x65,0x76,0x69,
    0x6f,0x75,0x73,0x46,0x6c,0x6f,0x77,0x53,0x6d,0x70,0x2c,0x20,0x78,0x5f,0x33,0x32,
    0x29,0x3b,0x0a,0x20,0x20,0x70,0x72,0x65,0x76,0x69,0x6f,0x75,0x73,0x20,0x3d,0x20,
    0x78,0x5f,0x33,0x33,0x2e,0x78,0x79,0x3b,0x0a,0x20,0x20,0x66,0x6c,0x6f,0x77,0x20,
    0x3d,0x20,0x28,0x6d,0x69,0x78,0x28,0x63,0x75,0x72,0x72,0x65,0x6e,0x74,0x2c,0x20,
    0x70,0x72,0x65,0x76,0x69,0x6f,0x75,0x73,0x2c,0x20,0x76,0x65,0x63,0x32,0x66,0x28,
    0x63,0x6c,0x61,0x6d,0x70,0x28,0x78,0x5f,0x34,0x30,0x2e,0x6f,0x70,0x74,0x69,0x6f,
    0x6e,0x73,0x2e,0x79,0x2c,0x20,0x30,0x2e,0x30,0x66,0x2c,0x20,0x31,0x2e,0x30,0x66,
    0x29,0x29,0x29,0x20,0x2a,0x20,0x78,0x5f,0x34,0x30,0x2e,0x6f,0x70,0x74,0x69,0x6f,
    0x6e,0x73,0x2e,0x7a,0x29,0x3b,0x0a,0x20,0x20,0x66,0x72,0x61,0x67,0x5f,0x63,0x6f,
    0x6c,0x6f,0x72,0x20,0x3d,0x20,0x76,0x65,0x63,0x34,0x66,0x28,0x66,0x6c,0x6f,0x77,
    0x2e,0x78,0x2c,0x20,0x66,0x6c,0x6f,0x77,0x2e,0x79,0x2c,0x20,0x30,0x2e,0x30,0x66,
    0x2c,0x20,0x31,0x2e,0x30,0x66,0x29,0x3b,0x0a,0x20,0x20,0x72,0x65,0x74,0x75,0x72,
    0x6e,0x3b,0x0a,0x7d,0x0a,0x0a,0x73,0x74,0x72,0x75,0x63,0x74,0x20,0x6d,0x61,0x69,
    0x6e,0x5f,0x6f,0x75,0x74,0x20,0x7b,0x0a,0x20,0x20,0x40,0x6c,0x6f,0x63,0x61,0x74,
    0x69,0x6f,0x6e,0x28,0x30,0x29,0x0a,0x20,0x20,0x66,0x72,0x61,0x67,0x5f,0x63,0x6f,
    0x6c,0x6f,0x72,0x5f,0x31,0x20,0x3a,0x20,0x76,0x65,0x63,0x34,0x66,0x2c,0x0a,0x7d,
    0x0a,0x0a,0x40,0x66,0x72,0x61,0x67,0x6d,0x65,0x6e,0x74,0x0a,0x66,0x6e,0x20,0x6d,
    0x61,0x69,0x6e,0x28,0x40,0x6c,0x6f,0x63,0x61,0x74,0x69,0x6f,0x6e,0x28,0x30,0x29,
    0x20,0x75,0x76,0x5f,0x70,0x61,0x72,0x61,0x6d,0x20,0x3a,0x20,0x76,0x65,0x63,0x32,
    0x66,0x29,0x20,0x2d,0x3e,0x20,0x6d,0x61,0x69,0x6e,0x5f,0x6f,0x75,0x74,0x20,0x7b,
    0x0a,0x20,0x20,0x75,0x76,0x20,0x3d,0x20,0x75,0x76,0x5f,0x70,0x61,0x72,0x61,0x6d,
    0x3b,0x0a,0x20,0x20,0x6d,0x61,0x69,0x6e,0x5f,0x31,0x28,0x29,0x3b,0x0a,0x20,0x20,
    0x72,0x65,0x74,0x75,0x72,0x6e,0x20,0x6d,0x61,0x69,0x6e,0x5f,0x6f,0x75,0x74,0x28,
    0x66,0x72,0x61,0x67,0x5f,0x63,0x6f,0x6c,0x6f,0x72,0x29,0x3b,0x0a,0x7d,0x0a,0x00,

};
/*
    diagnostic(off, derivative_uniformity);

    struct optical_params {
      /_ @offset(0) _/
      color : vec4f,
      /_ @offset(16) _/
      resolution : vec4f,
      /_ @offset(32) _/
      texel : vec4f,
      /_ @offset(48) _/
      options : vec4f,
    }

    @binding(0) @group(1) var oflowCurrentFlowTex : texture_2d<f32>;

    @binding(32) @group(1) var oflowCurrentFlowSmp : sampler;

    var<private> uv : vec2f;

    @binding(0) @group(0) var<uniform> x_28 : optical_params;

    var<private> frag_color : vec4f;

    fn main_1() {
      var flow : vec2f;
      var mag : f32;
      var color : vec3f;
      let x_22 = uv;
      let x_24 = textureSample(oflowCurrentFlowTex, oflowCurrentFlowSmp, x_22);
      flow = (x_24.xy * x_28.options.x);
      mag = clamp(length(flow), 0.0f, 1.0f);
      color = vec3f(max(flow.x, 0.0f), max(flow.y, 0.0f), max((-(flow.x) - flow.y), 0.0f));
      let x_69 = (color + vec3f((mag * 0.15000000596046447754f)));
      frag_color = vec4f(x_69.x, x_69.y, x_69.z, 1.0f);
      return;
    }

    struct main_out {
      @location(0)
      frag_color_1 : vec4f,
    }

    @fragment
    fn main(@location(0) uv_param : vec2f) -> main_out {
      uv = uv_param;
      main_1();
      return main_out(frag_color);
    }
*/
static const uint8_t fs_optical_visualize_source_wgsl[1111] = {
    0x64,0x69,0x61,0x67,0x6e,0x6f,0x73,0x74,0x69,0x63,0x28,0x6f,0x66,0x66,0x2c,0x20,
    0x64,0x65,0x72,0x69,0x76,0x61,0x74,0x69,0x76,0x65,0x5f,0x75,0x6e,0x69,0x66,0x6f,
    0x72,0x6d,0x69,0x74,0x79,0x29,0x3b,0x0a,0x0a,0x73,0x74,0x72,0x75,0x63,0x74,0x20,
    0x6f,0x70,0x74,0x69,0x63,0x61,0x6c,0x5f,0x70,0x61,0x72,0x61,0x6d,0x73,0x20,0x7b,
    0x0a,0x20,0x20,0x2f,0x2a,0x20,0x40,0x6f,0x66,0x66,0x73,0x65,0x74,0x28,0x30,0x29,
    0x20,0x2a,0x2f,0x0a,0x20,0x20,0x63,0x6f,0x6c,0x6f,0x72,0x20,0x3a,0x20,0x76,0x65,
    0x63,0x34,0x66,0x2c,0x0a,0x20,0x20,0x2f,0x2a,0x20,0x40,0x6f,0x66,0x66,0x73,0x65,
    0x74,0x28,0x31,0x36,0x29,0x20,0x2a,0x2f,0x0a,0x20,0x20,0x72,0x65,0x73,0x6f,0x6c,
    0x75,0x74,0x69,0x6f,0x6e,0x20,0x3a,0x20,0x76,0x65,0x63,0x34,0x66,0x2c,0x0a,0x20,
    0x20,0x2f,0x2a,0x20,0x40,0x6f,0x66,0x66,0x73,0x65,0x74,0x28,0x33,0x32,0x29,0x20,
    0x2a,0x2f,0x0a,0x20,0x20,0x74,0x65,0x78,0x65,0x6c,0x20,0x3a,0x20,0x76,0x65,0x63,
    0x34,0x66,0x2c,0x0a,0x20,0x20,0x2f,0x2a,0x20,0x40,0x6f,0x66,0x66,0x73,0x65,0x74,
    0x28,0x34,0x38,0x29,0x20,0x2a,0x2f,0x0a,0x20,0x20,0x6f,0x70,0x74,0x69,0x6f,0x6e,
    0x73,0x20,0x3a,0x20,0x76,0x65,0x63,0x34,0x66,0x2c,0x0a,0x7d,0x0a,0x0a,0x40,0x62,
    0x69,0x6e,0x64,0x69,0x6e,0x67,0x28,0x30,0x29,0x20,0x40,0x67,0x72,0x6f,0x75,0x70,
    0x28,0x31,0x29,0x20,0x76,0x61,0x72,0x20,0x6f,0x66,0x6c,0x6f,0x77,0x43,0x75,0x72,
    0x72,0x65,0x6e,0x74,0x46,0x6c,0x6f,0x77,0x54,0x65,0x78,0x20,0x3a,0x20,0x74,0x65,
    0x78,0x74,0x75,0x72,0x65,0x5f,0x32,0x64,0x3c,0x66,0x33,0x32,0x3e,0x3b,0x0a,0x0a,
    0x40,0x62,0x69,0x6e,0x64,0x69,0x6e,0x67,0x28,0x33,0x32,0x29,0x20,0x40,0x67,0x72,
    0x6f,0x75,0x70,0x28,0x31,0x29,0x20,0x76,0x61,0x72,0x20,0x6f,0x66,0x6c,0x6f,0x77,
    0x43,0x75,0x72,0x72,0x65,0x6e,0x74,0x46,0x6c,0x6f,0x77,0x53,0x6d,0x70,0x20,0x3a,
    0x20,0x73,0x61,0x6d,0x70,0x6c,0x65,0x72,0x3b,0x0a,0x0a,0x76,0x61,0x72,0x3c,0x70,
    0x72,0x69,0x76,0x61,0x74,0x65,0x3e,0x20,0x75,0x76,0x20,0x3a,0x20,0x76,0x65,0x63,
    0x32,0x66,0x3b,0x0a,0x0a,0x40,0x62,0x69,0x6e,0x64,0x69,0x6e,0x67,0x28,0x30,0x29,
    0x20,0x40,0x67,0x72,0x6f,0x75,0x70,0x28,0x30,0x29,0x20,0x76,0x61,0x72,0x3c,0x75,
    0x6e,0x69,0x66,0x6f,0x72,0x6d,0x3e,0x20,0x78,0x5f,0x32,0x38,0x20,0x3a,0x20,0x6f,
    0x70,0x74,0x69,0x63,0x61,0x6c,0x5f,0x70,0x61,0x72,0x61,0x6d,0x73,0x3b,0x0a,0x0a,
    0x76,0x61,0x72,0x3c,0x70,0x72,0x69,0x76,0x61,0x74,0x65,0x3e,0x20,0x66,0x72,0x61,
    0x67,0x5f,0x63,0x6f,0x6c,0x6f,0x72,0x20,0x3a,0x20,0x76,0x65,0x63,0x34,0x66,0x3b,
    0x0a,0x0a,0x66,0x6e,0x20,0x6d,0x61,0x69,0x6e,0x5f,0x31,0x28,0x29,0x20,0x7b,0x0a,
    0x20,0x20,0x76,0x61,0x72,0x20,0x66,0x6c,0x6f,0x77,0x20,0x3a,0x20,0x76,0x65,0x63,
    0x32,0x66,0x3b,0x0a,0x20,0x20,0x76,0x61,0x72,0x20,0x6d,0x61,0x67,0x20,0x3a,0x20,
    0x66,0x33,0x32,0x3b,0x0a,0x20,0x20,0x76,0x61,0x72,0x20,0x63,0x6f,0x6c,0x6f,0x72,
    0x20,0x3a,0x20,0x76,0x65,0x63,0x33,0x66,0x3b,0x0a,0x20,0x20,0x6c,0x65,0x74,0x20,
    0x78,0x5f,0x32,0x32,0x20,0x3d,0x20,0x75,0x76,0x3b,0x0a,0x20,0x20,0x6c,0x65,0x74,
    0x20,0x78,0x5f,0x32,0x34,0x20,0x3d,0x20,0x74,0x65,0x78,0x74,0x75,0x72,0x65,0x53,
    0x61,0x6d,0x70,0x6c,0x65,0x28,0x6f,0x66,0x6c,0x6f,0x77,0x43,0x75,0x72,0x72,0x65,
    0x6e,0x74,0x46,0x6c,0x6f,0x77,0x54,0x65,0x78,0x2c,0x20,0x6f,0x66,0x6c,0x6f,0x77,
    0x43,0x75,0x72,0x72,0x65,0x6e,0x74,0x46,0x6c,0x6f,0x77,0x53,0x6d,0x70,0x2c,0x20,
    0x78,0x5f,0x32,0x32,0x29,0x3b,0x0a,0x20,0x20,0x66,0x6c,0x6f,0x77,0x20,0x3d,0x20,
    0x28,0x78,0x5f,0x32,0x34,0x2e,0x78,0x79,0x20,0x2a,0x20,0x78,0x5f,0x32,0x38,0x2e,
    0x6f,0x70,0x74,0x69,0x6f,0x6e,0x73,0x2e,0x78,0x29,0x3b,0x0a,0x20,0x20,0x6d,0x61,
    0x67,0x20,0x3d,0x20,0x63,0x6c,0x61,0x6d,0x70,0x28,0x6c,0x65,0x6e,0x67,0x74,0x68,
    0x28,0x66,0x6c,0x6f,0x77,0x29,0x2c,0x20,0x30,0x2e,0x30,0x66,0x2c,0x20,0x31,0x2e,
    0x30,0x66,0x29,0x3b,0x0a,0x20,0x20,0x63,0x6f,0x6c,0x6f,0x72,0x20,0x3d,0x20,0x76,
    0x65,0x63,0x33,0x66,0x28,0x6d,0x61,0x78,0x28,0x66,0x6c,0x6f,0x77,0x2e,0x78,0x2c,
    0x20,0x30,0x2e,0x30,0x66,0x29,0x2c,0x20,0x6d,0x61,0x78,0x28,0x66,0x6c,0x6f,0x77,
    0x2e,0x79,0x2c,0x20,0x30,0x2e,0x30,0x66,0x29,0x2c,0x20,0x6d,0x61,0x78,0x28,0x28,
    0x2d,0x28,0x66,0x6c,0x6f,0x77,0x2e,0x78,0x29,0x20,0x2d,0x20,0x66,0x6c,0x6f,0x77,
    0x2e,0x79,0x29,0x2c,0x20,0x30,0x2e,0x30,0x66,0x29,0x29,0x3b,0x0a,0x20,0x20,0x6c,
    0x65,0x74,0x20,0x78,0x5f,0x36,0x39,0x20,0x3d,0x20,0x28,0x63,0x6f,0x6c,0x6f,0x72,
    0x20,0x2b,0x20,0x76,0x65,0x63,0x33,0x66,0x28,0x28,0x6d,0x61,0x67,0x20,0x2a,0x20,
    0x30,0x2e,0x31,0x35,0x30,0x30,0x30,0x30,0x30,0x30,0x35,0x39,0x36,0x30,0x34,0x36,
    0x34,0x34,0x37,0x37,0x35,0x34,0x66,0x29,0x29,0x29,0x3b,0x0a,0x20,0x20,0x66,0x72,
    0x61,0x67,0x5f,0x63,0x6f,0x6c,0x6f,0x72,0x20,0x3d,0x20,0x76,0x65,0x63,0x34,0x66,
    0x28,0x78,0x5f,0x36,0x39,0x2e,0x78,0x2c,0x20,0x78,0x5f,0x36,0x39,0x2e,0x79,0x2c,
    0x20,0x78,0x5f,0x36,0x39,0x2e,0x7a,0x2c,0x20,0x31,0x2e,0x30,0x66,0x29,0x3b,0x0a,
    0x20,0x20,0x72,0x65,0x74,0x75,0x72,0x6e,0x3b,0x0a,0x7d,0x0a,0x0a,0x73,0x74,0x72,
    0x75,0x63,0x74,0x20,0x6d,0x61,0x69,0x6e,0x5f,0x6f,0x75,0x74,0x20,0x7b,0x0a,0x20,
    0x20,0x40,0x6c,0x6f,0x63,0x61,0x74,0x69,0x6f,0x6e,0x28,0x30,0x29,0x0a,0x20,0x20,
    0x66,0x72,0x61,0x67,0x5f,0x63,0x6f,0x6c,0x6f,0x72,0x5f,0x31,0x20,0x3a,0x20,0x76,
    0x65,0x63,0x34,0x66,0x2c,0x0a,0x7d,0x0a,0x0a,0x40,0x66,0x72,0x61,0x67,0x6d,0x65,
    0x6e,0x74,0x0a,0x66,0x6e,0x20,0x6d,0x61,0x69,0x6e,0x28,0x40,0x6c,0x6f,0x63,0x61,
    0x74,0x69,0x6f,0x6e,0x28,0x30,0x29,0x20,0x75,0x76,0x5f,0x70,0x61,0x72,0x61,0x6d,
    0x20,0x3a,0x20,0x76,0x65,0x63,0x32,0x66,0x29,0x20,0x2d,0x3e,0x20,0x6d,0x61,0x69,
    0x6e,0x5f,0x6f,0x75,0x74,0x20,0x7b,0x0a,0x20,0x20,0x75,0x76,0x20,0x3d,0x20,0x75,
    0x76,0x5f,0x70,0x61,0x72,0x61,0x6d,0x3b,0x0a,0x20,0x20,0x6d,0x61,0x69,0x6e,0x5f,
    0x31,0x28,0x29,0x3b,0x0a,0x20,0x20,0x72,0x65,0x74,0x75,0x72,0x6e,0x20,0x6d,0x61,
    0x69,0x6e,0x5f,0x6f,0x75,0x74,0x28,0x66,0x72,0x61,0x67,0x5f,0x63,0x6f,0x6c,0x6f,
    0x72,0x29,0x3b,0x0a,0x7d,0x0a,0x00,
};
static inline const sg_shader_desc* tcx_flow_optical_difference_shader_desc(sg_backend backend) {
    if (backend == SG_BACKEND_GLES3) {
        static sg_shader_desc desc;
        static bool valid;
        if (!valid) {
            valid = true;
            desc.vertex_func.source = (const char*)optical_vs_source_glsl300es;
            desc.vertex_func.entry = "main";
            desc.fragment_func.source = (const char*)fs_optical_difference_source_glsl300es;
            desc.fragment_func.entry = "main";
            desc.attrs[0].base_type = SG_SHADERATTRBASETYPE_FLOAT;
            desc.attrs[0].glsl_name = "position";
            desc.attrs[1].base_type = SG_SHADERATTRBASETYPE_FLOAT;
            desc.attrs[1].glsl_name = "texcoord0";
            desc.uniform_blocks[0].stage = SG_SHADERSTAGE_FRAGMENT;
            desc.uniform_blocks[0].layout = SG_UNIFORMLAYOUT_STD140;
            desc.uniform_blocks[0].size = 64;
            desc.uniform_blocks[0].glsl_uniforms[0].type = SG_UNIFORMTYPE_FLOAT4;
            desc.uniform_blocks[0].glsl_uniforms[0].array_count = 4;
            desc.uniform_blocks[0].glsl_uniforms[0].glsl_name = "optical_params";
            desc.views[0].texture.stage = SG_SHADERSTAGE_FRAGMENT;
            desc.views[0].texture.image_type = SG_IMAGETYPE_2D;
            desc.views[0].texture.sample_type = SG_IMAGESAMPLETYPE_FLOAT;
            desc.views[0].texture.multisampled = false;
            desc.views[1].texture.stage = SG_SHADERSTAGE_FRAGMENT;
            desc.views[1].texture.image_type = SG_IMAGETYPE_2D;
            desc.views[1].texture.sample_type = SG_IMAGESAMPLETYPE_FLOAT;
            desc.views[1].texture.multisampled = false;
            desc.samplers[0].stage = SG_SHADERSTAGE_FRAGMENT;
            desc.samplers[0].sampler_type = SG_SAMPLERTYPE_FILTERING;
            desc.samplers[1].stage = SG_SHADERSTAGE_FRAGMENT;
            desc.samplers[1].sampler_type = SG_SAMPLERTYPE_FILTERING;
            desc.texture_sampler_pairs[0].stage = SG_SHADERSTAGE_FRAGMENT;
            desc.texture_sampler_pairs[0].view_slot = 0;
            desc.texture_sampler_pairs[0].sampler_slot = 0;
            desc.texture_sampler_pairs[0].glsl_name = "oflowCurrentTex_oflowCurrentSmp";
            desc.texture_sampler_pairs[1].stage = SG_SHADERSTAGE_FRAGMENT;
            desc.texture_sampler_pairs[1].view_slot = 1;
            desc.texture_sampler_pairs[1].sampler_slot = 1;
            desc.texture_sampler_pairs[1].glsl_name = "oflowPreviousTex_oflowPreviousSmp";
            desc.label = "tcx_flow_optical_difference_shader";
        }
        return &desc;
    }
    if (backend == SG_BACKEND_D3D11) {
        static sg_shader_desc desc;
        static bool valid;
        if (!valid) {
            valid = true;
            desc.vertex_func.source = (const char*)optical_vs_source_hlsl5;
            desc.vertex_func.d3d11_target = "vs_5_0";
            desc.vertex_func.entry = "main";
            desc.fragment_func.source = (const char*)fs_optical_difference_source_hlsl5;
            desc.fragment_func.d3d11_target = "ps_5_0";
            desc.fragment_func.entry = "main";
            desc.attrs[0].base_type = SG_SHADERATTRBASETYPE_FLOAT;
            desc.attrs[0].hlsl_sem_name = "TEXCOORD";
            desc.attrs[0].hlsl_sem_index = 0;
            desc.attrs[1].base_type = SG_SHADERATTRBASETYPE_FLOAT;
            desc.attrs[1].hlsl_sem_name = "TEXCOORD";
            desc.attrs[1].hlsl_sem_index = 1;
            desc.uniform_blocks[0].stage = SG_SHADERSTAGE_FRAGMENT;
            desc.uniform_blocks[0].layout = SG_UNIFORMLAYOUT_STD140;
            desc.uniform_blocks[0].size = 64;
            desc.uniform_blocks[0].hlsl_register_b_n = 0;
            desc.views[0].texture.stage = SG_SHADERSTAGE_FRAGMENT;
            desc.views[0].texture.image_type = SG_IMAGETYPE_2D;
            desc.views[0].texture.sample_type = SG_IMAGESAMPLETYPE_FLOAT;
            desc.views[0].texture.multisampled = false;
            desc.views[0].texture.hlsl_register_t_n = 0;
            desc.views[1].texture.stage = SG_SHADERSTAGE_FRAGMENT;
            desc.views[1].texture.image_type = SG_IMAGETYPE_2D;
            desc.views[1].texture.sample_type = SG_IMAGESAMPLETYPE_FLOAT;
            desc.views[1].texture.multisampled = false;
            desc.views[1].texture.hlsl_register_t_n = 1;
            desc.samplers[0].stage = SG_SHADERSTAGE_FRAGMENT;
            desc.samplers[0].sampler_type = SG_SAMPLERTYPE_FILTERING;
            desc.samplers[0].hlsl_register_s_n = 0;
            desc.samplers[1].stage = SG_SHADERSTAGE_FRAGMENT;
            desc.samplers[1].sampler_type = SG_SAMPLERTYPE_FILTERING;
            desc.samplers[1].hlsl_register_s_n = 1;
            desc.texture_sampler_pairs[0].stage = SG_SHADERSTAGE_FRAGMENT;
            desc.texture_sampler_pairs[0].view_slot = 0;
            desc.texture_sampler_pairs[0].sampler_slot = 0;
            desc.texture_sampler_pairs[1].stage = SG_SHADERSTAGE_FRAGMENT;
            desc.texture_sampler_pairs[1].view_slot = 1;
            desc.texture_sampler_pairs[1].sampler_slot = 1;
            desc.label = "tcx_flow_optical_difference_shader";
        }
        return &desc;
    }
    if (backend == SG_BACKEND_METAL_MACOS) {
        static sg_shader_desc desc;
        static bool valid;
        if (!valid) {
            valid = true;
            desc.vertex_func.source = (const char*)optical_vs_source_metal_macos;
            desc.vertex_func.entry = "main0";
            desc.fragment_func.source = (const char*)fs_optical_difference_source_metal_macos;
            desc.fragment_func.entry = "main0";
            desc.attrs[0].base_type = SG_SHADERATTRBASETYPE_FLOAT;
            desc.attrs[1].base_type = SG_SHADERATTRBASETYPE_FLOAT;
            desc.uniform_blocks[0].stage = SG_SHADERSTAGE_FRAGMENT;
            desc.uniform_blocks[0].layout = SG_UNIFORMLAYOUT_STD140;
            desc.uniform_blocks[0].size = 64;
            desc.uniform_blocks[0].msl_buffer_n = 0;
            desc.views[0].texture.stage = SG_SHADERSTAGE_FRAGMENT;
            desc.views[0].texture.image_type = SG_IMAGETYPE_2D;
            desc.views[0].texture.sample_type = SG_IMAGESAMPLETYPE_FLOAT;
            desc.views[0].texture.multisampled = false;
            desc.views[0].texture.msl_texture_n = 0;
            desc.views[1].texture.stage = SG_SHADERSTAGE_FRAGMENT;
            desc.views[1].texture.image_type = SG_IMAGETYPE_2D;
            desc.views[1].texture.sample_type = SG_IMAGESAMPLETYPE_FLOAT;
            desc.views[1].texture.multisampled = false;
            desc.views[1].texture.msl_texture_n = 1;
            desc.samplers[0].stage = SG_SHADERSTAGE_FRAGMENT;
            desc.samplers[0].sampler_type = SG_SAMPLERTYPE_FILTERING;
            desc.samplers[0].msl_sampler_n = 0;
            desc.samplers[1].stage = SG_SHADERSTAGE_FRAGMENT;
            desc.samplers[1].sampler_type = SG_SAMPLERTYPE_FILTERING;
            desc.samplers[1].msl_sampler_n = 1;
            desc.texture_sampler_pairs[0].stage = SG_SHADERSTAGE_FRAGMENT;
            desc.texture_sampler_pairs[0].view_slot = 0;
            desc.texture_sampler_pairs[0].sampler_slot = 0;
            desc.texture_sampler_pairs[1].stage = SG_SHADERSTAGE_FRAGMENT;
            desc.texture_sampler_pairs[1].view_slot = 1;
            desc.texture_sampler_pairs[1].sampler_slot = 1;
            desc.label = "tcx_flow_optical_difference_shader";
        }
        return &desc;
    }
    if (backend == SG_BACKEND_WGPU) {
        static sg_shader_desc desc;
        static bool valid;
        if (!valid) {
            valid = true;
            desc.vertex_func.source = (const char*)optical_vs_source_wgsl;
            desc.vertex_func.entry = "main";
            desc.fragment_func.source = (const char*)fs_optical_difference_source_wgsl;
            desc.fragment_func.entry = "main";
            desc.attrs[0].base_type = SG_SHADERATTRBASETYPE_FLOAT;
            desc.attrs[1].base_type = SG_SHADERATTRBASETYPE_FLOAT;
            desc.uniform_blocks[0].stage = SG_SHADERSTAGE_FRAGMENT;
            desc.uniform_blocks[0].layout = SG_UNIFORMLAYOUT_STD140;
            desc.uniform_blocks[0].size = 64;
            desc.uniform_blocks[0].wgsl_group0_binding_n = 0;
            desc.views[0].texture.stage = SG_SHADERSTAGE_FRAGMENT;
            desc.views[0].texture.image_type = SG_IMAGETYPE_2D;
            desc.views[0].texture.sample_type = SG_IMAGESAMPLETYPE_FLOAT;
            desc.views[0].texture.multisampled = false;
            desc.views[0].texture.wgsl_group1_binding_n = 0;
            desc.views[1].texture.stage = SG_SHADERSTAGE_FRAGMENT;
            desc.views[1].texture.image_type = SG_IMAGETYPE_2D;
            desc.views[1].texture.sample_type = SG_IMAGESAMPLETYPE_FLOAT;
            desc.views[1].texture.multisampled = false;
            desc.views[1].texture.wgsl_group1_binding_n = 1;
            desc.samplers[0].stage = SG_SHADERSTAGE_FRAGMENT;
            desc.samplers[0].sampler_type = SG_SAMPLERTYPE_FILTERING;
            desc.samplers[0].wgsl_group1_binding_n = 32;
            desc.samplers[1].stage = SG_SHADERSTAGE_FRAGMENT;
            desc.samplers[1].sampler_type = SG_SAMPLERTYPE_FILTERING;
            desc.samplers[1].wgsl_group1_binding_n = 33;
            desc.texture_sampler_pairs[0].stage = SG_SHADERSTAGE_FRAGMENT;
            desc.texture_sampler_pairs[0].view_slot = 0;
            desc.texture_sampler_pairs[0].sampler_slot = 0;
            desc.texture_sampler_pairs[1].stage = SG_SHADERSTAGE_FRAGMENT;
            desc.texture_sampler_pairs[1].view_slot = 1;
            desc.texture_sampler_pairs[1].sampler_slot = 1;
            desc.label = "tcx_flow_optical_difference_shader";
        }
        return &desc;
    }
    return 0;
}
static inline const sg_shader_desc* tcx_flow_optical_flow_shader_desc(sg_backend backend) {
    if (backend == SG_BACKEND_GLES3) {
        static sg_shader_desc desc;
        static bool valid;
        if (!valid) {
            valid = true;
            desc.vertex_func.source = (const char*)optical_vs_source_glsl300es;
            desc.vertex_func.entry = "main";
            desc.fragment_func.source = (const char*)fs_optical_flow_source_glsl300es;
            desc.fragment_func.entry = "main";
            desc.attrs[0].base_type = SG_SHADERATTRBASETYPE_FLOAT;
            desc.attrs[0].glsl_name = "position";
            desc.attrs[1].base_type = SG_SHADERATTRBASETYPE_FLOAT;
            desc.attrs[1].glsl_name = "texcoord0";
            desc.uniform_blocks[0].stage = SG_SHADERSTAGE_FRAGMENT;
            desc.uniform_blocks[0].layout = SG_UNIFORMLAYOUT_STD140;
            desc.uniform_blocks[0].size = 64;
            desc.uniform_blocks[0].glsl_uniforms[0].type = SG_UNIFORMTYPE_FLOAT4;
            desc.uniform_blocks[0].glsl_uniforms[0].array_count = 4;
            desc.uniform_blocks[0].glsl_uniforms[0].glsl_name = "optical_params";
            desc.views[0].texture.stage = SG_SHADERSTAGE_FRAGMENT;
            desc.views[0].texture.image_type = SG_IMAGETYPE_2D;
            desc.views[0].texture.sample_type = SG_IMAGESAMPLETYPE_FLOAT;
            desc.views[0].texture.multisampled = false;
            desc.views[1].texture.stage = SG_SHADERSTAGE_FRAGMENT;
            desc.views[1].texture.image_type = SG_IMAGETYPE_2D;
            desc.views[1].texture.sample_type = SG_IMAGESAMPLETYPE_FLOAT;
            desc.views[1].texture.multisampled = false;
            desc.samplers[0].stage = SG_SHADERSTAGE_FRAGMENT;
            desc.samplers[0].sampler_type = SG_SAMPLERTYPE_FILTERING;
            desc.samplers[1].stage = SG_SHADERSTAGE_FRAGMENT;
            desc.samplers[1].sampler_type = SG_SAMPLERTYPE_FILTERING;
            desc.texture_sampler_pairs[0].stage = SG_SHADERSTAGE_FRAGMENT;
            desc.texture_sampler_pairs[0].view_slot = 0;
            desc.texture_sampler_pairs[0].sampler_slot = 0;
            desc.texture_sampler_pairs[0].glsl_name = "oflowCurrentTex_oflowCurrentSmp";
            desc.texture_sampler_pairs[1].stage = SG_SHADERSTAGE_FRAGMENT;
            desc.texture_sampler_pairs[1].view_slot = 1;
            desc.texture_sampler_pairs[1].sampler_slot = 1;
            desc.texture_sampler_pairs[1].glsl_name = "oflowPreviousTex_oflowPreviousSmp";
            desc.label = "tcx_flow_optical_flow_shader";
        }
        return &desc;
    }
    if (backend == SG_BACKEND_D3D11) {
        static sg_shader_desc desc;
        static bool valid;
        if (!valid) {
            valid = true;
            desc.vertex_func.source = (const char*)optical_vs_source_hlsl5;
            desc.vertex_func.d3d11_target = "vs_5_0";
            desc.vertex_func.entry = "main";
            desc.fragment_func.source = (const char*)fs_optical_flow_source_hlsl5;
            desc.fragment_func.d3d11_target = "ps_5_0";
            desc.fragment_func.entry = "main";
            desc.attrs[0].base_type = SG_SHADERATTRBASETYPE_FLOAT;
            desc.attrs[0].hlsl_sem_name = "TEXCOORD";
            desc.attrs[0].hlsl_sem_index = 0;
            desc.attrs[1].base_type = SG_SHADERATTRBASETYPE_FLOAT;
            desc.attrs[1].hlsl_sem_name = "TEXCOORD";
            desc.attrs[1].hlsl_sem_index = 1;
            desc.uniform_blocks[0].stage = SG_SHADERSTAGE_FRAGMENT;
            desc.uniform_blocks[0].layout = SG_UNIFORMLAYOUT_STD140;
            desc.uniform_blocks[0].size = 64;
            desc.uniform_blocks[0].hlsl_register_b_n = 0;
            desc.views[0].texture.stage = SG_SHADERSTAGE_FRAGMENT;
            desc.views[0].texture.image_type = SG_IMAGETYPE_2D;
            desc.views[0].texture.sample_type = SG_IMAGESAMPLETYPE_FLOAT;
            desc.views[0].texture.multisampled = false;
            desc.views[0].texture.hlsl_register_t_n = 0;
            desc.views[1].texture.stage = SG_SHADERSTAGE_FRAGMENT;
            desc.views[1].texture.image_type = SG_IMAGETYPE_2D;
            desc.views[1].texture.sample_type = SG_IMAGESAMPLETYPE_FLOAT;
            desc.views[1].texture.multisampled = false;
            desc.views[1].texture.hlsl_register_t_n = 1;
            desc.samplers[0].stage = SG_SHADERSTAGE_FRAGMENT;
            desc.samplers[0].sampler_type = SG_SAMPLERTYPE_FILTERING;
            desc.samplers[0].hlsl_register_s_n = 0;
            desc.samplers[1].stage = SG_SHADERSTAGE_FRAGMENT;
            desc.samplers[1].sampler_type = SG_SAMPLERTYPE_FILTERING;
            desc.samplers[1].hlsl_register_s_n = 1;
            desc.texture_sampler_pairs[0].stage = SG_SHADERSTAGE_FRAGMENT;
            desc.texture_sampler_pairs[0].view_slot = 0;
            desc.texture_sampler_pairs[0].sampler_slot = 0;
            desc.texture_sampler_pairs[1].stage = SG_SHADERSTAGE_FRAGMENT;
            desc.texture_sampler_pairs[1].view_slot = 1;
            desc.texture_sampler_pairs[1].sampler_slot = 1;
            desc.label = "tcx_flow_optical_flow_shader";
        }
        return &desc;
    }
    if (backend == SG_BACKEND_METAL_MACOS) {
        static sg_shader_desc desc;
        static bool valid;
        if (!valid) {
            valid = true;
            desc.vertex_func.source = (const char*)optical_vs_source_metal_macos;
            desc.vertex_func.entry = "main0";
            desc.fragment_func.source = (const char*)fs_optical_flow_source_metal_macos;
            desc.fragment_func.entry = "main0";
            desc.attrs[0].base_type = SG_SHADERATTRBASETYPE_FLOAT;
            desc.attrs[1].base_type = SG_SHADERATTRBASETYPE_FLOAT;
            desc.uniform_blocks[0].stage = SG_SHADERSTAGE_FRAGMENT;
            desc.uniform_blocks[0].layout = SG_UNIFORMLAYOUT_STD140;
            desc.uniform_blocks[0].size = 64;
            desc.uniform_blocks[0].msl_buffer_n = 0;
            desc.views[0].texture.stage = SG_SHADERSTAGE_FRAGMENT;
            desc.views[0].texture.image_type = SG_IMAGETYPE_2D;
            desc.views[0].texture.sample_type = SG_IMAGESAMPLETYPE_FLOAT;
            desc.views[0].texture.multisampled = false;
            desc.views[0].texture.msl_texture_n = 0;
            desc.views[1].texture.stage = SG_SHADERSTAGE_FRAGMENT;
            desc.views[1].texture.image_type = SG_IMAGETYPE_2D;
            desc.views[1].texture.sample_type = SG_IMAGESAMPLETYPE_FLOAT;
            desc.views[1].texture.multisampled = false;
            desc.views[1].texture.msl_texture_n = 1;
            desc.samplers[0].stage = SG_SHADERSTAGE_FRAGMENT;
            desc.samplers[0].sampler_type = SG_SAMPLERTYPE_FILTERING;
            desc.samplers[0].msl_sampler_n = 0;
            desc.samplers[1].stage = SG_SHADERSTAGE_FRAGMENT;
            desc.samplers[1].sampler_type = SG_SAMPLERTYPE_FILTERING;
            desc.samplers[1].msl_sampler_n = 1;
            desc.texture_sampler_pairs[0].stage = SG_SHADERSTAGE_FRAGMENT;
            desc.texture_sampler_pairs[0].view_slot = 0;
            desc.texture_sampler_pairs[0].sampler_slot = 0;
            desc.texture_sampler_pairs[1].stage = SG_SHADERSTAGE_FRAGMENT;
            desc.texture_sampler_pairs[1].view_slot = 1;
            desc.texture_sampler_pairs[1].sampler_slot = 1;
            desc.label = "tcx_flow_optical_flow_shader";
        }
        return &desc;
    }
    if (backend == SG_BACKEND_WGPU) {
        static sg_shader_desc desc;
        static bool valid;
        if (!valid) {
            valid = true;
            desc.vertex_func.source = (const char*)optical_vs_source_wgsl;
            desc.vertex_func.entry = "main";
            desc.fragment_func.source = (const char*)fs_optical_flow_source_wgsl;
            desc.fragment_func.entry = "main";
            desc.attrs[0].base_type = SG_SHADERATTRBASETYPE_FLOAT;
            desc.attrs[1].base_type = SG_SHADERATTRBASETYPE_FLOAT;
            desc.uniform_blocks[0].stage = SG_SHADERSTAGE_FRAGMENT;
            desc.uniform_blocks[0].layout = SG_UNIFORMLAYOUT_STD140;
            desc.uniform_blocks[0].size = 64;
            desc.uniform_blocks[0].wgsl_group0_binding_n = 0;
            desc.views[0].texture.stage = SG_SHADERSTAGE_FRAGMENT;
            desc.views[0].texture.image_type = SG_IMAGETYPE_2D;
            desc.views[0].texture.sample_type = SG_IMAGESAMPLETYPE_FLOAT;
            desc.views[0].texture.multisampled = false;
            desc.views[0].texture.wgsl_group1_binding_n = 0;
            desc.views[1].texture.stage = SG_SHADERSTAGE_FRAGMENT;
            desc.views[1].texture.image_type = SG_IMAGETYPE_2D;
            desc.views[1].texture.sample_type = SG_IMAGESAMPLETYPE_FLOAT;
            desc.views[1].texture.multisampled = false;
            desc.views[1].texture.wgsl_group1_binding_n = 1;
            desc.samplers[0].stage = SG_SHADERSTAGE_FRAGMENT;
            desc.samplers[0].sampler_type = SG_SAMPLERTYPE_FILTERING;
            desc.samplers[0].wgsl_group1_binding_n = 32;
            desc.samplers[1].stage = SG_SHADERSTAGE_FRAGMENT;
            desc.samplers[1].sampler_type = SG_SAMPLERTYPE_FILTERING;
            desc.samplers[1].wgsl_group1_binding_n = 33;
            desc.texture_sampler_pairs[0].stage = SG_SHADERSTAGE_FRAGMENT;
            desc.texture_sampler_pairs[0].view_slot = 0;
            desc.texture_sampler_pairs[0].sampler_slot = 0;
            desc.texture_sampler_pairs[1].stage = SG_SHADERSTAGE_FRAGMENT;
            desc.texture_sampler_pairs[1].view_slot = 1;
            desc.texture_sampler_pairs[1].sampler_slot = 1;
            desc.label = "tcx_flow_optical_flow_shader";
        }
        return &desc;
    }
    return 0;
}
static inline const sg_shader_desc* tcx_flow_optical_gradient_shader_desc(sg_backend backend) {
    if (backend == SG_BACKEND_GLES3) {
        static sg_shader_desc desc;
        static bool valid;
        if (!valid) {
            valid = true;
            desc.vertex_func.source = (const char*)optical_vs_source_glsl300es;
            desc.vertex_func.entry = "main";
            desc.fragment_func.source = (const char*)fs_optical_gradient_source_glsl300es;
            desc.fragment_func.entry = "main";
            desc.attrs[0].base_type = SG_SHADERATTRBASETYPE_FLOAT;
            desc.attrs[0].glsl_name = "position";
            desc.attrs[1].base_type = SG_SHADERATTRBASETYPE_FLOAT;
            desc.attrs[1].glsl_name = "texcoord0";
            desc.uniform_blocks[0].stage = SG_SHADERSTAGE_FRAGMENT;
            desc.uniform_blocks[0].layout = SG_UNIFORMLAYOUT_STD140;
            desc.uniform_blocks[0].size = 64;
            desc.uniform_blocks[0].glsl_uniforms[0].type = SG_UNIFORMTYPE_FLOAT4;
            desc.uniform_blocks[0].glsl_uniforms[0].array_count = 4;
            desc.uniform_blocks[0].glsl_uniforms[0].glsl_name = "optical_params";
            desc.views[0].texture.stage = SG_SHADERSTAGE_FRAGMENT;
            desc.views[0].texture.image_type = SG_IMAGETYPE_2D;
            desc.views[0].texture.sample_type = SG_IMAGESAMPLETYPE_FLOAT;
            desc.views[0].texture.multisampled = false;
            desc.samplers[0].stage = SG_SHADERSTAGE_FRAGMENT;
            desc.samplers[0].sampler_type = SG_SAMPLERTYPE_FILTERING;
            desc.texture_sampler_pairs[0].stage = SG_SHADERSTAGE_FRAGMENT;
            desc.texture_sampler_pairs[0].view_slot = 0;
            desc.texture_sampler_pairs[0].sampler_slot = 0;
            desc.texture_sampler_pairs[0].glsl_name = "oflowCurrentTex_oflowCurrentSmp";
            desc.label = "tcx_flow_optical_gradient_shader";
        }
        return &desc;
    }
    if (backend == SG_BACKEND_D3D11) {
        static sg_shader_desc desc;
        static bool valid;
        if (!valid) {
            valid = true;
            desc.vertex_func.source = (const char*)optical_vs_source_hlsl5;
            desc.vertex_func.d3d11_target = "vs_5_0";
            desc.vertex_func.entry = "main";
            desc.fragment_func.source = (const char*)fs_optical_gradient_source_hlsl5;
            desc.fragment_func.d3d11_target = "ps_5_0";
            desc.fragment_func.entry = "main";
            desc.attrs[0].base_type = SG_SHADERATTRBASETYPE_FLOAT;
            desc.attrs[0].hlsl_sem_name = "TEXCOORD";
            desc.attrs[0].hlsl_sem_index = 0;
            desc.attrs[1].base_type = SG_SHADERATTRBASETYPE_FLOAT;
            desc.attrs[1].hlsl_sem_name = "TEXCOORD";
            desc.attrs[1].hlsl_sem_index = 1;
            desc.uniform_blocks[0].stage = SG_SHADERSTAGE_FRAGMENT;
            desc.uniform_blocks[0].layout = SG_UNIFORMLAYOUT_STD140;
            desc.uniform_blocks[0].size = 64;
            desc.uniform_blocks[0].hlsl_register_b_n = 0;
            desc.views[0].texture.stage = SG_SHADERSTAGE_FRAGMENT;
            desc.views[0].texture.image_type = SG_IMAGETYPE_2D;
            desc.views[0].texture.sample_type = SG_IMAGESAMPLETYPE_FLOAT;
            desc.views[0].texture.multisampled = false;
            desc.views[0].texture.hlsl_register_t_n = 0;
            desc.samplers[0].stage = SG_SHADERSTAGE_FRAGMENT;
            desc.samplers[0].sampler_type = SG_SAMPLERTYPE_FILTERING;
            desc.samplers[0].hlsl_register_s_n = 0;
            desc.texture_sampler_pairs[0].stage = SG_SHADERSTAGE_FRAGMENT;
            desc.texture_sampler_pairs[0].view_slot = 0;
            desc.texture_sampler_pairs[0].sampler_slot = 0;
            desc.label = "tcx_flow_optical_gradient_shader";
        }
        return &desc;
    }
    if (backend == SG_BACKEND_METAL_MACOS) {
        static sg_shader_desc desc;
        static bool valid;
        if (!valid) {
            valid = true;
            desc.vertex_func.source = (const char*)optical_vs_source_metal_macos;
            desc.vertex_func.entry = "main0";
            desc.fragment_func.source = (const char*)fs_optical_gradient_source_metal_macos;
            desc.fragment_func.entry = "main0";
            desc.attrs[0].base_type = SG_SHADERATTRBASETYPE_FLOAT;
            desc.attrs[1].base_type = SG_SHADERATTRBASETYPE_FLOAT;
            desc.uniform_blocks[0].stage = SG_SHADERSTAGE_FRAGMENT;
            desc.uniform_blocks[0].layout = SG_UNIFORMLAYOUT_STD140;
            desc.uniform_blocks[0].size = 64;
            desc.uniform_blocks[0].msl_buffer_n = 0;
            desc.views[0].texture.stage = SG_SHADERSTAGE_FRAGMENT;
            desc.views[0].texture.image_type = SG_IMAGETYPE_2D;
            desc.views[0].texture.sample_type = SG_IMAGESAMPLETYPE_FLOAT;
            desc.views[0].texture.multisampled = false;
            desc.views[0].texture.msl_texture_n = 0;
            desc.samplers[0].stage = SG_SHADERSTAGE_FRAGMENT;
            desc.samplers[0].sampler_type = SG_SAMPLERTYPE_FILTERING;
            desc.samplers[0].msl_sampler_n = 0;
            desc.texture_sampler_pairs[0].stage = SG_SHADERSTAGE_FRAGMENT;
            desc.texture_sampler_pairs[0].view_slot = 0;
            desc.texture_sampler_pairs[0].sampler_slot = 0;
            desc.label = "tcx_flow_optical_gradient_shader";
        }
        return &desc;
    }
    if (backend == SG_BACKEND_WGPU) {
        static sg_shader_desc desc;
        static bool valid;
        if (!valid) {
            valid = true;
            desc.vertex_func.source = (const char*)optical_vs_source_wgsl;
            desc.vertex_func.entry = "main";
            desc.fragment_func.source = (const char*)fs_optical_gradient_source_wgsl;
            desc.fragment_func.entry = "main";
            desc.attrs[0].base_type = SG_SHADERATTRBASETYPE_FLOAT;
            desc.attrs[1].base_type = SG_SHADERATTRBASETYPE_FLOAT;
            desc.uniform_blocks[0].stage = SG_SHADERSTAGE_FRAGMENT;
            desc.uniform_blocks[0].layout = SG_UNIFORMLAYOUT_STD140;
            desc.uniform_blocks[0].size = 64;
            desc.uniform_blocks[0].wgsl_group0_binding_n = 0;
            desc.views[0].texture.stage = SG_SHADERSTAGE_FRAGMENT;
            desc.views[0].texture.image_type = SG_IMAGETYPE_2D;
            desc.views[0].texture.sample_type = SG_IMAGESAMPLETYPE_FLOAT;
            desc.views[0].texture.multisampled = false;
            desc.views[0].texture.wgsl_group1_binding_n = 0;
            desc.samplers[0].stage = SG_SHADERSTAGE_FRAGMENT;
            desc.samplers[0].sampler_type = SG_SAMPLERTYPE_FILTERING;
            desc.samplers[0].wgsl_group1_binding_n = 32;
            desc.texture_sampler_pairs[0].stage = SG_SHADERSTAGE_FRAGMENT;
            desc.texture_sampler_pairs[0].view_slot = 0;
            desc.texture_sampler_pairs[0].sampler_slot = 0;
            desc.label = "tcx_flow_optical_gradient_shader";
        }
        return &desc;
    }
    return 0;
}
static inline const sg_shader_desc* tcx_flow_optical_luminance_shader_desc(sg_backend backend) {
    if (backend == SG_BACKEND_GLES3) {
        static sg_shader_desc desc;
        static bool valid;
        if (!valid) {
            valid = true;
            desc.vertex_func.source = (const char*)optical_vs_source_glsl300es;
            desc.vertex_func.entry = "main";
            desc.fragment_func.source = (const char*)fs_optical_luminance_source_glsl300es;
            desc.fragment_func.entry = "main";
            desc.attrs[0].base_type = SG_SHADERATTRBASETYPE_FLOAT;
            desc.attrs[0].glsl_name = "position";
            desc.attrs[1].base_type = SG_SHADERATTRBASETYPE_FLOAT;
            desc.attrs[1].glsl_name = "texcoord0";
            desc.uniform_blocks[0].stage = SG_SHADERSTAGE_FRAGMENT;
            desc.uniform_blocks[0].layout = SG_UNIFORMLAYOUT_STD140;
            desc.uniform_blocks[0].size = 64;
            desc.uniform_blocks[0].glsl_uniforms[0].type = SG_UNIFORMTYPE_FLOAT4;
            desc.uniform_blocks[0].glsl_uniforms[0].array_count = 4;
            desc.uniform_blocks[0].glsl_uniforms[0].glsl_name = "optical_params";
            desc.views[0].texture.stage = SG_SHADERSTAGE_FRAGMENT;
            desc.views[0].texture.image_type = SG_IMAGETYPE_2D;
            desc.views[0].texture.sample_type = SG_IMAGESAMPLETYPE_FLOAT;
            desc.views[0].texture.multisampled = false;
            desc.samplers[0].stage = SG_SHADERSTAGE_FRAGMENT;
            desc.samplers[0].sampler_type = SG_SAMPLERTYPE_FILTERING;
            desc.texture_sampler_pairs[0].stage = SG_SHADERSTAGE_FRAGMENT;
            desc.texture_sampler_pairs[0].view_slot = 0;
            desc.texture_sampler_pairs[0].sampler_slot = 0;
            desc.texture_sampler_pairs[0].glsl_name = "oflowColorTex_oflowColorSmp";
            desc.label = "tcx_flow_optical_luminance_shader";
        }
        return &desc;
    }
    if (backend == SG_BACKEND_D3D11) {
        static sg_shader_desc desc;
        static bool valid;
        if (!valid) {
            valid = true;
            desc.vertex_func.source = (const char*)optical_vs_source_hlsl5;
            desc.vertex_func.d3d11_target = "vs_5_0";
            desc.vertex_func.entry = "main";
            desc.fragment_func.source = (const char*)fs_optical_luminance_source_hlsl5;
            desc.fragment_func.d3d11_target = "ps_5_0";
            desc.fragment_func.entry = "main";
            desc.attrs[0].base_type = SG_SHADERATTRBASETYPE_FLOAT;
            desc.attrs[0].hlsl_sem_name = "TEXCOORD";
            desc.attrs[0].hlsl_sem_index = 0;
            desc.attrs[1].base_type = SG_SHADERATTRBASETYPE_FLOAT;
            desc.attrs[1].hlsl_sem_name = "TEXCOORD";
            desc.attrs[1].hlsl_sem_index = 1;
            desc.uniform_blocks[0].stage = SG_SHADERSTAGE_FRAGMENT;
            desc.uniform_blocks[0].layout = SG_UNIFORMLAYOUT_STD140;
            desc.uniform_blocks[0].size = 64;
            desc.uniform_blocks[0].hlsl_register_b_n = 0;
            desc.views[0].texture.stage = SG_SHADERSTAGE_FRAGMENT;
            desc.views[0].texture.image_type = SG_IMAGETYPE_2D;
            desc.views[0].texture.sample_type = SG_IMAGESAMPLETYPE_FLOAT;
            desc.views[0].texture.multisampled = false;
            desc.views[0].texture.hlsl_register_t_n = 0;
            desc.samplers[0].stage = SG_SHADERSTAGE_FRAGMENT;
            desc.samplers[0].sampler_type = SG_SAMPLERTYPE_FILTERING;
            desc.samplers[0].hlsl_register_s_n = 0;
            desc.texture_sampler_pairs[0].stage = SG_SHADERSTAGE_FRAGMENT;
            desc.texture_sampler_pairs[0].view_slot = 0;
            desc.texture_sampler_pairs[0].sampler_slot = 0;
            desc.label = "tcx_flow_optical_luminance_shader";
        }
        return &desc;
    }
    if (backend == SG_BACKEND_METAL_MACOS) {
        static sg_shader_desc desc;
        static bool valid;
        if (!valid) {
            valid = true;
            desc.vertex_func.source = (const char*)optical_vs_source_metal_macos;
            desc.vertex_func.entry = "main0";
            desc.fragment_func.source = (const char*)fs_optical_luminance_source_metal_macos;
            desc.fragment_func.entry = "main0";
            desc.attrs[0].base_type = SG_SHADERATTRBASETYPE_FLOAT;
            desc.attrs[1].base_type = SG_SHADERATTRBASETYPE_FLOAT;
            desc.uniform_blocks[0].stage = SG_SHADERSTAGE_FRAGMENT;
            desc.uniform_blocks[0].layout = SG_UNIFORMLAYOUT_STD140;
            desc.uniform_blocks[0].size = 64;
            desc.uniform_blocks[0].msl_buffer_n = 0;
            desc.views[0].texture.stage = SG_SHADERSTAGE_FRAGMENT;
            desc.views[0].texture.image_type = SG_IMAGETYPE_2D;
            desc.views[0].texture.sample_type = SG_IMAGESAMPLETYPE_FLOAT;
            desc.views[0].texture.multisampled = false;
            desc.views[0].texture.msl_texture_n = 0;
            desc.samplers[0].stage = SG_SHADERSTAGE_FRAGMENT;
            desc.samplers[0].sampler_type = SG_SAMPLERTYPE_FILTERING;
            desc.samplers[0].msl_sampler_n = 0;
            desc.texture_sampler_pairs[0].stage = SG_SHADERSTAGE_FRAGMENT;
            desc.texture_sampler_pairs[0].view_slot = 0;
            desc.texture_sampler_pairs[0].sampler_slot = 0;
            desc.label = "tcx_flow_optical_luminance_shader";
        }
        return &desc;
    }
    if (backend == SG_BACKEND_WGPU) {
        static sg_shader_desc desc;
        static bool valid;
        if (!valid) {
            valid = true;
            desc.vertex_func.source = (const char*)optical_vs_source_wgsl;
            desc.vertex_func.entry = "main";
            desc.fragment_func.source = (const char*)fs_optical_luminance_source_wgsl;
            desc.fragment_func.entry = "main";
            desc.attrs[0].base_type = SG_SHADERATTRBASETYPE_FLOAT;
            desc.attrs[1].base_type = SG_SHADERATTRBASETYPE_FLOAT;
            desc.uniform_blocks[0].stage = SG_SHADERSTAGE_FRAGMENT;
            desc.uniform_blocks[0].layout = SG_UNIFORMLAYOUT_STD140;
            desc.uniform_blocks[0].size = 64;
            desc.uniform_blocks[0].wgsl_group0_binding_n = 0;
            desc.views[0].texture.stage = SG_SHADERSTAGE_FRAGMENT;
            desc.views[0].texture.image_type = SG_IMAGETYPE_2D;
            desc.views[0].texture.sample_type = SG_IMAGESAMPLETYPE_FLOAT;
            desc.views[0].texture.multisampled = false;
            desc.views[0].texture.wgsl_group1_binding_n = 0;
            desc.samplers[0].stage = SG_SHADERSTAGE_FRAGMENT;
            desc.samplers[0].sampler_type = SG_SAMPLERTYPE_FILTERING;
            desc.samplers[0].wgsl_group1_binding_n = 32;
            desc.texture_sampler_pairs[0].stage = SG_SHADERSTAGE_FRAGMENT;
            desc.texture_sampler_pairs[0].view_slot = 0;
            desc.texture_sampler_pairs[0].sampler_slot = 0;
            desc.label = "tcx_flow_optical_luminance_shader";
        }
        return &desc;
    }
    return 0;
}
static inline const sg_shader_desc* tcx_flow_optical_temporal_smooth_shader_desc(sg_backend backend) {
    if (backend == SG_BACKEND_GLES3) {
        static sg_shader_desc desc;
        static bool valid;
        if (!valid) {
            valid = true;
            desc.vertex_func.source = (const char*)optical_vs_source_glsl300es;
            desc.vertex_func.entry = "main";
            desc.fragment_func.source = (const char*)fs_optical_temporal_smooth_source_glsl300es;
            desc.fragment_func.entry = "main";
            desc.attrs[0].base_type = SG_SHADERATTRBASETYPE_FLOAT;
            desc.attrs[0].glsl_name = "position";
            desc.attrs[1].base_type = SG_SHADERATTRBASETYPE_FLOAT;
            desc.attrs[1].glsl_name = "texcoord0";
            desc.uniform_blocks[0].stage = SG_SHADERSTAGE_FRAGMENT;
            desc.uniform_blocks[0].layout = SG_UNIFORMLAYOUT_STD140;
            desc.uniform_blocks[0].size = 64;
            desc.uniform_blocks[0].glsl_uniforms[0].type = SG_UNIFORMTYPE_FLOAT4;
            desc.uniform_blocks[0].glsl_uniforms[0].array_count = 4;
            desc.uniform_blocks[0].glsl_uniforms[0].glsl_name = "optical_params";
            desc.views[0].texture.stage = SG_SHADERSTAGE_FRAGMENT;
            desc.views[0].texture.image_type = SG_IMAGETYPE_2D;
            desc.views[0].texture.sample_type = SG_IMAGESAMPLETYPE_FLOAT;
            desc.views[0].texture.multisampled = false;
            desc.views[1].texture.stage = SG_SHADERSTAGE_FRAGMENT;
            desc.views[1].texture.image_type = SG_IMAGETYPE_2D;
            desc.views[1].texture.sample_type = SG_IMAGESAMPLETYPE_FLOAT;
            desc.views[1].texture.multisampled = false;
            desc.samplers[0].stage = SG_SHADERSTAGE_FRAGMENT;
            desc.samplers[0].sampler_type = SG_SAMPLERTYPE_FILTERING;
            desc.samplers[1].stage = SG_SHADERSTAGE_FRAGMENT;
            desc.samplers[1].sampler_type = SG_SAMPLERTYPE_FILTERING;
            desc.texture_sampler_pairs[0].stage = SG_SHADERSTAGE_FRAGMENT;
            desc.texture_sampler_pairs[0].view_slot = 0;
            desc.texture_sampler_pairs[0].sampler_slot = 0;
            desc.texture_sampler_pairs[0].glsl_name = "oflowCurrentFlowTex_oflowCurrentFlowSmp";
            desc.texture_sampler_pairs[1].stage = SG_SHADERSTAGE_FRAGMENT;
            desc.texture_sampler_pairs[1].view_slot = 1;
            desc.texture_sampler_pairs[1].sampler_slot = 1;
            desc.texture_sampler_pairs[1].glsl_name = "oflowPreviousFlowTex_oflowPreviousFlowSmp";
            desc.label = "tcx_flow_optical_temporal_smooth_shader";
        }
        return &desc;
    }
    if (backend == SG_BACKEND_D3D11) {
        static sg_shader_desc desc;
        static bool valid;
        if (!valid) {
            valid = true;
            desc.vertex_func.source = (const char*)optical_vs_source_hlsl5;
            desc.vertex_func.d3d11_target = "vs_5_0";
            desc.vertex_func.entry = "main";
            desc.fragment_func.source = (const char*)fs_optical_temporal_smooth_source_hlsl5;
            desc.fragment_func.d3d11_target = "ps_5_0";
            desc.fragment_func.entry = "main";
            desc.attrs[0].base_type = SG_SHADERATTRBASETYPE_FLOAT;
            desc.attrs[0].hlsl_sem_name = "TEXCOORD";
            desc.attrs[0].hlsl_sem_index = 0;
            desc.attrs[1].base_type = SG_SHADERATTRBASETYPE_FLOAT;
            desc.attrs[1].hlsl_sem_name = "TEXCOORD";
            desc.attrs[1].hlsl_sem_index = 1;
            desc.uniform_blocks[0].stage = SG_SHADERSTAGE_FRAGMENT;
            desc.uniform_blocks[0].layout = SG_UNIFORMLAYOUT_STD140;
            desc.uniform_blocks[0].size = 64;
            desc.uniform_blocks[0].hlsl_register_b_n = 0;
            desc.views[0].texture.stage = SG_SHADERSTAGE_FRAGMENT;
            desc.views[0].texture.image_type = SG_IMAGETYPE_2D;
            desc.views[0].texture.sample_type = SG_IMAGESAMPLETYPE_FLOAT;
            desc.views[0].texture.multisampled = false;
            desc.views[0].texture.hlsl_register_t_n = 0;
            desc.views[1].texture.stage = SG_SHADERSTAGE_FRAGMENT;
            desc.views[1].texture.image_type = SG_IMAGETYPE_2D;
            desc.views[1].texture.sample_type = SG_IMAGESAMPLETYPE_FLOAT;
            desc.views[1].texture.multisampled = false;
            desc.views[1].texture.hlsl_register_t_n = 1;
            desc.samplers[0].stage = SG_SHADERSTAGE_FRAGMENT;
            desc.samplers[0].sampler_type = SG_SAMPLERTYPE_FILTERING;
            desc.samplers[0].hlsl_register_s_n = 0;
            desc.samplers[1].stage = SG_SHADERSTAGE_FRAGMENT;
            desc.samplers[1].sampler_type = SG_SAMPLERTYPE_FILTERING;
            desc.samplers[1].hlsl_register_s_n = 1;
            desc.texture_sampler_pairs[0].stage = SG_SHADERSTAGE_FRAGMENT;
            desc.texture_sampler_pairs[0].view_slot = 0;
            desc.texture_sampler_pairs[0].sampler_slot = 0;
            desc.texture_sampler_pairs[1].stage = SG_SHADERSTAGE_FRAGMENT;
            desc.texture_sampler_pairs[1].view_slot = 1;
            desc.texture_sampler_pairs[1].sampler_slot = 1;
            desc.label = "tcx_flow_optical_temporal_smooth_shader";
        }
        return &desc;
    }
    if (backend == SG_BACKEND_METAL_MACOS) {
        static sg_shader_desc desc;
        static bool valid;
        if (!valid) {
            valid = true;
            desc.vertex_func.source = (const char*)optical_vs_source_metal_macos;
            desc.vertex_func.entry = "main0";
            desc.fragment_func.source = (const char*)fs_optical_temporal_smooth_source_metal_macos;
            desc.fragment_func.entry = "main0";
            desc.attrs[0].base_type = SG_SHADERATTRBASETYPE_FLOAT;
            desc.attrs[1].base_type = SG_SHADERATTRBASETYPE_FLOAT;
            desc.uniform_blocks[0].stage = SG_SHADERSTAGE_FRAGMENT;
            desc.uniform_blocks[0].layout = SG_UNIFORMLAYOUT_STD140;
            desc.uniform_blocks[0].size = 64;
            desc.uniform_blocks[0].msl_buffer_n = 0;
            desc.views[0].texture.stage = SG_SHADERSTAGE_FRAGMENT;
            desc.views[0].texture.image_type = SG_IMAGETYPE_2D;
            desc.views[0].texture.sample_type = SG_IMAGESAMPLETYPE_FLOAT;
            desc.views[0].texture.multisampled = false;
            desc.views[0].texture.msl_texture_n = 0;
            desc.views[1].texture.stage = SG_SHADERSTAGE_FRAGMENT;
            desc.views[1].texture.image_type = SG_IMAGETYPE_2D;
            desc.views[1].texture.sample_type = SG_IMAGESAMPLETYPE_FLOAT;
            desc.views[1].texture.multisampled = false;
            desc.views[1].texture.msl_texture_n = 1;
            desc.samplers[0].stage = SG_SHADERSTAGE_FRAGMENT;
            desc.samplers[0].sampler_type = SG_SAMPLERTYPE_FILTERING;
            desc.samplers[0].msl_sampler_n = 0;
            desc.samplers[1].stage = SG_SHADERSTAGE_FRAGMENT;
            desc.samplers[1].sampler_type = SG_SAMPLERTYPE_FILTERING;
            desc.samplers[1].msl_sampler_n = 1;
            desc.texture_sampler_pairs[0].stage = SG_SHADERSTAGE_FRAGMENT;
            desc.texture_sampler_pairs[0].view_slot = 0;
            desc.texture_sampler_pairs[0].sampler_slot = 0;
            desc.texture_sampler_pairs[1].stage = SG_SHADERSTAGE_FRAGMENT;
            desc.texture_sampler_pairs[1].view_slot = 1;
            desc.texture_sampler_pairs[1].sampler_slot = 1;
            desc.label = "tcx_flow_optical_temporal_smooth_shader";
        }
        return &desc;
    }
    if (backend == SG_BACKEND_WGPU) {
        static sg_shader_desc desc;
        static bool valid;
        if (!valid) {
            valid = true;
            desc.vertex_func.source = (const char*)optical_vs_source_wgsl;
            desc.vertex_func.entry = "main";
            desc.fragment_func.source = (const char*)fs_optical_temporal_smooth_source_wgsl;
            desc.fragment_func.entry = "main";
            desc.attrs[0].base_type = SG_SHADERATTRBASETYPE_FLOAT;
            desc.attrs[1].base_type = SG_SHADERATTRBASETYPE_FLOAT;
            desc.uniform_blocks[0].stage = SG_SHADERSTAGE_FRAGMENT;
            desc.uniform_blocks[0].layout = SG_UNIFORMLAYOUT_STD140;
            desc.uniform_blocks[0].size = 64;
            desc.uniform_blocks[0].wgsl_group0_binding_n = 0;
            desc.views[0].texture.stage = SG_SHADERSTAGE_FRAGMENT;
            desc.views[0].texture.image_type = SG_IMAGETYPE_2D;
            desc.views[0].texture.sample_type = SG_IMAGESAMPLETYPE_FLOAT;
            desc.views[0].texture.multisampled = false;
            desc.views[0].texture.wgsl_group1_binding_n = 0;
            desc.views[1].texture.stage = SG_SHADERSTAGE_FRAGMENT;
            desc.views[1].texture.image_type = SG_IMAGETYPE_2D;
            desc.views[1].texture.sample_type = SG_IMAGESAMPLETYPE_FLOAT;
            desc.views[1].texture.multisampled = false;
            desc.views[1].texture.wgsl_group1_binding_n = 1;
            desc.samplers[0].stage = SG_SHADERSTAGE_FRAGMENT;
            desc.samplers[0].sampler_type = SG_SAMPLERTYPE_FILTERING;
            desc.samplers[0].wgsl_group1_binding_n = 32;
            desc.samplers[1].stage = SG_SHADERSTAGE_FRAGMENT;
            desc.samplers[1].sampler_type = SG_SAMPLERTYPE_FILTERING;
            desc.samplers[1].wgsl_group1_binding_n = 33;
            desc.texture_sampler_pairs[0].stage = SG_SHADERSTAGE_FRAGMENT;
            desc.texture_sampler_pairs[0].view_slot = 0;
            desc.texture_sampler_pairs[0].sampler_slot = 0;
            desc.texture_sampler_pairs[1].stage = SG_SHADERSTAGE_FRAGMENT;
            desc.texture_sampler_pairs[1].view_slot = 1;
            desc.texture_sampler_pairs[1].sampler_slot = 1;
            desc.label = "tcx_flow_optical_temporal_smooth_shader";
        }
        return &desc;
    }
    return 0;
}
static inline const sg_shader_desc* tcx_flow_optical_visualize_shader_desc(sg_backend backend) {
    if (backend == SG_BACKEND_GLES3) {
        static sg_shader_desc desc;
        static bool valid;
        if (!valid) {
            valid = true;
            desc.vertex_func.source = (const char*)optical_vs_source_glsl300es;
            desc.vertex_func.entry = "main";
            desc.fragment_func.source = (const char*)fs_optical_visualize_source_glsl300es;
            desc.fragment_func.entry = "main";
            desc.attrs[0].base_type = SG_SHADERATTRBASETYPE_FLOAT;
            desc.attrs[0].glsl_name = "position";
            desc.attrs[1].base_type = SG_SHADERATTRBASETYPE_FLOAT;
            desc.attrs[1].glsl_name = "texcoord0";
            desc.uniform_blocks[0].stage = SG_SHADERSTAGE_FRAGMENT;
            desc.uniform_blocks[0].layout = SG_UNIFORMLAYOUT_STD140;
            desc.uniform_blocks[0].size = 64;
            desc.uniform_blocks[0].glsl_uniforms[0].type = SG_UNIFORMTYPE_FLOAT4;
            desc.uniform_blocks[0].glsl_uniforms[0].array_count = 4;
            desc.uniform_blocks[0].glsl_uniforms[0].glsl_name = "optical_params";
            desc.views[0].texture.stage = SG_SHADERSTAGE_FRAGMENT;
            desc.views[0].texture.image_type = SG_IMAGETYPE_2D;
            desc.views[0].texture.sample_type = SG_IMAGESAMPLETYPE_FLOAT;
            desc.views[0].texture.multisampled = false;
            desc.samplers[0].stage = SG_SHADERSTAGE_FRAGMENT;
            desc.samplers[0].sampler_type = SG_SAMPLERTYPE_FILTERING;
            desc.texture_sampler_pairs[0].stage = SG_SHADERSTAGE_FRAGMENT;
            desc.texture_sampler_pairs[0].view_slot = 0;
            desc.texture_sampler_pairs[0].sampler_slot = 0;
            desc.texture_sampler_pairs[0].glsl_name = "oflowCurrentFlowTex_oflowCurrentFlowSmp";
            desc.label = "tcx_flow_optical_visualize_shader";
        }
        return &desc;
    }
    if (backend == SG_BACKEND_D3D11) {
        static sg_shader_desc desc;
        static bool valid;
        if (!valid) {
            valid = true;
            desc.vertex_func.source = (const char*)optical_vs_source_hlsl5;
            desc.vertex_func.d3d11_target = "vs_5_0";
            desc.vertex_func.entry = "main";
            desc.fragment_func.source = (const char*)fs_optical_visualize_source_hlsl5;
            desc.fragment_func.d3d11_target = "ps_5_0";
            desc.fragment_func.entry = "main";
            desc.attrs[0].base_type = SG_SHADERATTRBASETYPE_FLOAT;
            desc.attrs[0].hlsl_sem_name = "TEXCOORD";
            desc.attrs[0].hlsl_sem_index = 0;
            desc.attrs[1].base_type = SG_SHADERATTRBASETYPE_FLOAT;
            desc.attrs[1].hlsl_sem_name = "TEXCOORD";
            desc.attrs[1].hlsl_sem_index = 1;
            desc.uniform_blocks[0].stage = SG_SHADERSTAGE_FRAGMENT;
            desc.uniform_blocks[0].layout = SG_UNIFORMLAYOUT_STD140;
            desc.uniform_blocks[0].size = 64;
            desc.uniform_blocks[0].hlsl_register_b_n = 0;
            desc.views[0].texture.stage = SG_SHADERSTAGE_FRAGMENT;
            desc.views[0].texture.image_type = SG_IMAGETYPE_2D;
            desc.views[0].texture.sample_type = SG_IMAGESAMPLETYPE_FLOAT;
            desc.views[0].texture.multisampled = false;
            desc.views[0].texture.hlsl_register_t_n = 0;
            desc.samplers[0].stage = SG_SHADERSTAGE_FRAGMENT;
            desc.samplers[0].sampler_type = SG_SAMPLERTYPE_FILTERING;
            desc.samplers[0].hlsl_register_s_n = 0;
            desc.texture_sampler_pairs[0].stage = SG_SHADERSTAGE_FRAGMENT;
            desc.texture_sampler_pairs[0].view_slot = 0;
            desc.texture_sampler_pairs[0].sampler_slot = 0;
            desc.label = "tcx_flow_optical_visualize_shader";
        }
        return &desc;
    }
    if (backend == SG_BACKEND_METAL_MACOS) {
        static sg_shader_desc desc;
        static bool valid;
        if (!valid) {
            valid = true;
            desc.vertex_func.source = (const char*)optical_vs_source_metal_macos;
            desc.vertex_func.entry = "main0";
            desc.fragment_func.source = (const char*)fs_optical_visualize_source_metal_macos;
            desc.fragment_func.entry = "main0";
            desc.attrs[0].base_type = SG_SHADERATTRBASETYPE_FLOAT;
            desc.attrs[1].base_type = SG_SHADERATTRBASETYPE_FLOAT;
            desc.uniform_blocks[0].stage = SG_SHADERSTAGE_FRAGMENT;
            desc.uniform_blocks[0].layout = SG_UNIFORMLAYOUT_STD140;
            desc.uniform_blocks[0].size = 64;
            desc.uniform_blocks[0].msl_buffer_n = 0;
            desc.views[0].texture.stage = SG_SHADERSTAGE_FRAGMENT;
            desc.views[0].texture.image_type = SG_IMAGETYPE_2D;
            desc.views[0].texture.sample_type = SG_IMAGESAMPLETYPE_FLOAT;
            desc.views[0].texture.multisampled = false;
            desc.views[0].texture.msl_texture_n = 0;
            desc.samplers[0].stage = SG_SHADERSTAGE_FRAGMENT;
            desc.samplers[0].sampler_type = SG_SAMPLERTYPE_FILTERING;
            desc.samplers[0].msl_sampler_n = 0;
            desc.texture_sampler_pairs[0].stage = SG_SHADERSTAGE_FRAGMENT;
            desc.texture_sampler_pairs[0].view_slot = 0;
            desc.texture_sampler_pairs[0].sampler_slot = 0;
            desc.label = "tcx_flow_optical_visualize_shader";
        }
        return &desc;
    }
    if (backend == SG_BACKEND_WGPU) {
        static sg_shader_desc desc;
        static bool valid;
        if (!valid) {
            valid = true;
            desc.vertex_func.source = (const char*)optical_vs_source_wgsl;
            desc.vertex_func.entry = "main";
            desc.fragment_func.source = (const char*)fs_optical_visualize_source_wgsl;
            desc.fragment_func.entry = "main";
            desc.attrs[0].base_type = SG_SHADERATTRBASETYPE_FLOAT;
            desc.attrs[1].base_type = SG_SHADERATTRBASETYPE_FLOAT;
            desc.uniform_blocks[0].stage = SG_SHADERSTAGE_FRAGMENT;
            desc.uniform_blocks[0].layout = SG_UNIFORMLAYOUT_STD140;
            desc.uniform_blocks[0].size = 64;
            desc.uniform_blocks[0].wgsl_group0_binding_n = 0;
            desc.views[0].texture.stage = SG_SHADERSTAGE_FRAGMENT;
            desc.views[0].texture.image_type = SG_IMAGETYPE_2D;
            desc.views[0].texture.sample_type = SG_IMAGESAMPLETYPE_FLOAT;
            desc.views[0].texture.multisampled = false;
            desc.views[0].texture.wgsl_group1_binding_n = 0;
            desc.samplers[0].stage = SG_SHADERSTAGE_FRAGMENT;
            desc.samplers[0].sampler_type = SG_SAMPLERTYPE_FILTERING;
            desc.samplers[0].wgsl_group1_binding_n = 32;
            desc.texture_sampler_pairs[0].stage = SG_SHADERSTAGE_FRAGMENT;
            desc.texture_sampler_pairs[0].view_slot = 0;
            desc.texture_sampler_pairs[0].sampler_slot = 0;
            desc.label = "tcx_flow_optical_visualize_shader";
        }
        return &desc;
    }
    return 0;
}
