#pragma once
/*
    #version:1# (machine generated, don't edit!)

    Generated by sokol-shdc (https://github.com/floooh/sokol-tools)

    Cmdline:
        sokol-shdc --input /Users/mac/Desktop/TrussC/addons/tcxFlowTools/shaders/physarum/physarum.glsl --output /Users/mac/Desktop/TrussC/addons/tcxFlowTools/shaders/physarum/physarum.glsl.h --slang metal_macos:hlsl5:glsl300es:wgsl --format sokol

    Overview:
    =========
    Shader program: 'tcx_flow_physarum_age_spawn':
        Get shader desc: tcx_flow_physarum_age_spawn_shader_desc(sg_query_backend());
        Vertex Shader: physarum_fullscreen_vs
        Fragment Shader: fs_physarum_age_spawn
        Attributes:
            ATTR_tcx_flow_physarum_age_spawn_position => 0
            ATTR_tcx_flow_physarum_age_spawn_texcoord0 => 1
    Shader program: 'tcx_flow_physarum_age_update':
        Get shader desc: tcx_flow_physarum_age_update_shader_desc(sg_query_backend());
        Vertex Shader: physarum_fullscreen_vs
        Fragment Shader: fs_physarum_age_update
        Attributes:
            ATTR_tcx_flow_physarum_age_update_position => 0
            ATTR_tcx_flow_physarum_age_update_texcoord0 => 1
    Shader program: 'tcx_flow_physarum_deposit':
        Get shader desc: tcx_flow_physarum_deposit_shader_desc(sg_query_backend());
        Vertex Shader: physarum_deposit_vs
        Fragment Shader: fs_physarum_deposit
        Attributes:
            ATTR_tcx_flow_physarum_deposit_lookup => 0
            ATTR_tcx_flow_physarum_deposit_corner => 1
    Shader program: 'tcx_flow_physarum_spawn':
        Get shader desc: tcx_flow_physarum_spawn_shader_desc(sg_query_backend());
        Vertex Shader: physarum_fullscreen_vs
        Fragment Shader: fs_physarum_spawn
        Attributes:
            ATTR_tcx_flow_physarum_spawn_position => 0
            ATTR_tcx_flow_physarum_spawn_texcoord0 => 1
    Shader program: 'tcx_flow_physarum_update':
        Get shader desc: tcx_flow_physarum_update_shader_desc(sg_query_backend());
        Vertex Shader: physarum_fullscreen_vs
        Fragment Shader: fs_physarum_update
        Attributes:
            ATTR_tcx_flow_physarum_update_position => 0
            ATTR_tcx_flow_physarum_update_texcoord0 => 1
    Bindings:
        Uniform block 'physarum_params':
            C struct: physarum_params_t
            Bind slot: UB_physarum_params => 0
        Uniform block 'physarum_point_params':
            C struct: physarum_point_params_t
            Bind slot: UB_physarum_point_params => 0
        Texture 'physarumAgeUpdateTex':
            Image type: SG_IMAGETYPE_2D
            Sample type: SG_IMAGESAMPLETYPE_FLOAT
            Multisampled: false
            Bind slot: VIEW_physarumAgeUpdateTex => 0
        Texture 'physarumPointStateTex':
            Image type: SG_IMAGETYPE_2D
            Sample type: SG_IMAGESAMPLETYPE_FLOAT
            Multisampled: false
            Bind slot: VIEW_physarumPointStateTex => 0
        Texture 'physarumPointVelocityTex':
            Image type: SG_IMAGETYPE_2D
            Sample type: SG_IMAGESAMPLETYPE_FLOAT
            Multisampled: false
            Bind slot: VIEW_physarumPointVelocityTex => 1
        Texture 'physarumPointAgeTex':
            Image type: SG_IMAGETYPE_2D
            Sample type: SG_IMAGESAMPLETYPE_FLOAT
            Multisampled: false
            Bind slot: VIEW_physarumPointAgeTex => 2
        Texture 'physarumStateTex':
            Image type: SG_IMAGETYPE_2D
            Sample type: SG_IMAGESAMPLETYPE_FLOAT
            Multisampled: false
            Bind slot: VIEW_physarumStateTex => 0
        Texture 'physarumVelocityTex':
            Image type: SG_IMAGETYPE_2D
            Sample type: SG_IMAGESAMPLETYPE_FLOAT
            Multisampled: false
            Bind slot: VIEW_physarumVelocityTex => 1
        Texture 'physarumAgeTex':
            Image type: SG_IMAGETYPE_2D
            Sample type: SG_IMAGESAMPLETYPE_FLOAT
            Multisampled: false
            Bind slot: VIEW_physarumAgeTex => 2
        Texture 'physarumInitialTex':
            Image type: SG_IMAGETYPE_2D
            Sample type: SG_IMAGESAMPLETYPE_FLOAT
            Multisampled: false
            Bind slot: VIEW_physarumInitialTex => 3
        Sampler 'physarumAgeUpdateSmp':
            Type: SG_SAMPLERTYPE_FILTERING
            Bind slot: SMP_physarumAgeUpdateSmp => 0
        Sampler 'physarumPointStateSmp':
            Type: SG_SAMPLERTYPE_FILTERING
            Bind slot: SMP_physarumPointStateSmp => 0
        Sampler 'physarumPointVelocitySmp':
            Type: SG_SAMPLERTYPE_FILTERING
            Bind slot: SMP_physarumPointVelocitySmp => 1
        Sampler 'physarumPointAgeSmp':
            Type: SG_SAMPLERTYPE_FILTERING
            Bind slot: SMP_physarumPointAgeSmp => 2
        Sampler 'physarumStateSmp':
            Type: SG_SAMPLERTYPE_FILTERING
            Bind slot: SMP_physarumStateSmp => 0
        Sampler 'physarumVelocitySmp':
            Type: SG_SAMPLERTYPE_FILTERING
            Bind slot: SMP_physarumVelocitySmp => 1
        Sampler 'physarumAgeSmp':
            Type: SG_SAMPLERTYPE_FILTERING
            Bind slot: SMP_physarumAgeSmp => 2
        Sampler 'physarumInitialSmp':
            Type: SG_SAMPLERTYPE_FILTERING
            Bind slot: SMP_physarumInitialSmp => 3
*/
#if !defined(SOKOL_GFX_INCLUDED)
#error "Please include sokol_gfx.h before physarum.glsl.h"
#endif
#if !defined(SOKOL_SHDC_ALIGN)
#if defined(_MSC_VER)
#define SOKOL_SHDC_ALIGN(a) __declspec(align(a))
#else
#define SOKOL_SHDC_ALIGN(a) __attribute__((aligned(a)))
#endif
#endif
#define ATTR_tcx_flow_physarum_age_spawn_position (0)
#define ATTR_tcx_flow_physarum_age_spawn_texcoord0 (1)
#define ATTR_tcx_flow_physarum_age_update_position (0)
#define ATTR_tcx_flow_physarum_age_update_texcoord0 (1)
#define ATTR_tcx_flow_physarum_deposit_lookup (0)
#define ATTR_tcx_flow_physarum_deposit_corner (1)
#define ATTR_tcx_flow_physarum_spawn_position (0)
#define ATTR_tcx_flow_physarum_spawn_texcoord0 (1)
#define ATTR_tcx_flow_physarum_update_position (0)
#define ATTR_tcx_flow_physarum_update_texcoord0 (1)
#define UB_physarum_params (0)
#define UB_physarum_point_params (0)
#define VIEW_physarumAgeUpdateTex (0)
#define VIEW_physarumPointStateTex (0)
#define VIEW_physarumPointVelocityTex (1)
#define VIEW_physarumPointAgeTex (2)
#define VIEW_physarumStateTex (0)
#define VIEW_physarumVelocityTex (1)
#define VIEW_physarumAgeTex (2)
#define VIEW_physarumInitialTex (3)
#define SMP_physarumAgeUpdateSmp (0)
#define SMP_physarumPointStateSmp (0)
#define SMP_physarumPointVelocitySmp (1)
#define SMP_physarumPointAgeSmp (2)
#define SMP_physarumStateSmp (0)
#define SMP_physarumVelocitySmp (1)
#define SMP_physarumAgeSmp (2)
#define SMP_physarumInitialSmp (3)
#pragma pack(push,1)
SOKOL_SHDC_ALIGN(16) typedef struct physarum_params_t {
    float color[4];
    float resolution[4];
    float texel[4];
    float options[4];
} physarum_params_t;
#pragma pack(pop)
#pragma pack(push,1)
SOKOL_SHDC_ALIGN(16) typedef struct physarum_point_params_t {
    float color[4];
    float resolution[4];
    float texel[4];
    float options[4];
} physarum_point_params_t;
#pragma pack(pop)
/*
    #version 300 es

    layout(location = 0) in vec2 position;
    out vec2 uv;
    layout(location = 1) in vec2 texcoord0;

    void main()
    {
        gl_Position = vec4(position, 0.0, 1.0);
        uv = texcoord0;
    }

*/
static const uint8_t physarum_fullscreen_vs_source_glsl300es[192] = {
    0x23,0x76,0x65,0x72,0x73,0x69,0x6f,0x6e,0x20,0x33,0x30,0x30,0x20,0x65,0x73,0x0a,
    0x0a,0x6c,0x61,0x79,0x6f,0x75,0x74,0x28,0x6c,0x6f,0x63,0x61,0x74,0x69,0x6f,0x6e,
    0x20,0x3d,0x20,0x30,0x29,0x20,0x69,0x6e,0x20,0x76,0x65,0x63,0x32,0x20,0x70,0x6f,
    0x73,0x69,0x74,0x69,0x6f,0x6e,0x3b,0x0a,0x6f,0x75,0x74,0x20,0x76,0x65,0x63,0x32,
    0x20,0x75,0x76,0x3b,0x0a,0x6c,0x61,0x79,0x6f,0x75,0x74,0x28,0x6c,0x6f,0x63,0x61,
    0x74,0x69,0x6f,0x6e,0x20,0x3d,0x20,0x31,0x29,0x20,0x69,0x6e,0x20,0x76,0x65,0x63,
    0x32,0x20,0x74,0x65,0x78,0x63,0x6f,0x6f,0x72,0x64,0x30,0x3b,0x0a,0x0a,0x76,0x6f,
    0x69,0x64,0x20,0x6d,0x61,0x69,0x6e,0x28,0x29,0x0a,0x7b,0x0a,0x20,0x20,0x20,0x20,
    0x67,0x6c,0x5f,0x50,0x6f,0x73,0x69,0x74,0x69,0x6f,0x6e,0x20,0x3d,0x20,0x76,0x65,
    0x63,0x34,0x28,0x70,0x6f,0x73,0x69,0x74,0x69,0x6f,0x6e,0x2c,0x20,0x30,0x2e,0x30,
    0x2c,0x20,0x31,0x2e,0x30,0x29,0x3b,0x0a,0x20,0x20,0x20,0x20,0x75,0x76,0x20,0x3d,
    0x20,0x74,0x65,0x78,0x63,0x6f,0x6f,0x72,0x64,0x30,0x3b,0x0a,0x7d,0x0a,0x0a,0x00,

};
/*
    #version 300 es
    precision mediump float;
    precision highp int;

    uniform highp vec4 physarum_params[4];
    in highp vec2 uv;
    layout(location = 0) out highp vec4 frag_color;

    highp float physarum_hash(highp vec2 p)
    {
        return fract(sin(dot(p, vec2(127.09999847412109375, 311.70001220703125))) * 43758.546875);
    }

    highp vec2 physarum_hash2(highp vec2 p)
    {
        highp vec2 param = p;
        highp float _32 = physarum_hash(param);
        highp vec2 param_1 = (p.yx + vec2(_32, 1.0 - _32)) + vec2(19.1900005340576171875);
        return vec2(_32, physarum_hash(param_1));
    }

    void main()
    {
        highp vec2 param = uv + physarum_params[3].zw;
        highp vec2 _74 = physarum_hash2(param);
        highp vec2 param_1 = _74 + (uv * 17.0);
        frag_color = vec4(fract(_74 + (physarum_hash2(param_1) * 0.61803400516510009765625)) * max(physarum_params[3].xy, vec2(1.0)), 0.0, 0.0);
    }

*/
static const uint8_t fs_physarum_spawn_source_glsl300es[855] = {
    0x23,0x76,0x65,0x72,0x73,0x69,0x6f,0x6e,0x20,0x33,0x30,0x30,0x20,0x65,0x73,0x0a,
    0x70,0x72,0x65,0x63,0x69,0x73,0x69,0x6f,0x6e,0x20,0x6d,0x65,0x64,0x69,0x75,0x6d,
    0x70,0x20,0x66,0x6c,0x6f,0x61,0x74,0x3b,0x0a,0x70,0x72,0x65,0x63,0x69,0x73,0x69,
    0x6f,0x6e,0x20,0x68,0x69,0x67,0x68,0x70,0x20,0x69,0x6e,0x74,0x3b,0x0a,0x0a,0x75,
    0x6e,0x69,0x66,0x6f,0x72,0x6d,0x20,0x68,0x69,0x67,0x68,0x70,0x20,0x76,0x65,0x63,
    0x34,0x20,0x70,0x68,0x79,0x73,0x61,0x72,0x75,0x6d,0x5f,0x70,0x61,0x72,0x61,0x6d,
    0x73,0x5b,0x34,0x5d,0x3b,0x0a,0x69,0x6e,0x20,0x68,0x69,0x67,0x68,0x70,0x20,0x76,
    0x65,0x63,0x32,0x20,0x75,0x76,0x3b,0x0a,0x6c,0x61,0x79,0x6f,0x75,0x74,0x28,0x6c,
    0x6f,0x63,0x61,0x74,0x69,0x6f,0x6e,0x20,0x3d,0x20,0x30,0x29,0x20,0x6f,0x75,0x74,
    0x20,0x68,0x69,0x67,0x68,0x70,0x20,0x76,0x65,0x63,0x34,0x20,0x66,0x72,0x61,0x67,
    0x5f,0x63,0x6f,0x6c,0x6f,0x72,0x3b,0x0a,0x0a,0x68,0x69,0x67,0x68,0x70,0x20,0x66,
    0x6c,0x6f,0x61,0x74,0x20,0x70,0x68,0x79,0x73,0x61,0x72,0x75,0x6d,0x5f,0x68,0x61,
    0x73,0x68,0x28,0x68,0x69,0x67,0x68,0x70,0x20,0x76,0x65,0x63,0x32,0x20,0x70,0x29,
    0x0a,0x7b,0x0a,0x20,0x20,0x20,0x20,0x72,0x65,0x74,0x75,0x72,0x6e,0x20,0x66,0x72,
    0x61,0x63,0x74,0x28,0x73,0x69,0x6e,0x28,0x64,0x6f,0x74,0x28,0x70,0x2c,0x20,0x76,
    0x65,0x63,0x32,0x28,0x31,0x32,0x37,0x2e,0x30,0x39,0x39,0x39,0x39,0x38,0x34,0x37,
    0x34,0x31,0x32,0x31,0x30,0x39,0x33,0x37,0x35,0x2c,0x20,0x33,0x31,0x31,0x2e,0x37,
    0x30,0x30,0x30,0x31,0x32,0x32,0x30,0x37,0x30,0x33,0x31,0x32,0x35,0x29,0x29,0x29,
    0x20,0x2a,0x20,0x34,0x33,0x37,0x35,0x38,0x2e,0x35,0x34,0x36,0x38,0x37,0x35,0x29,
    0x3b,0x0a,0x7d,0x0a,0x0a,0x68,0x69,0x67,0x68,0x70,0x20,0x76,0x65,0x63,0x32,0x20,
    0x70,0x68,0x79,0x73,0x61,0x72,0x75,0x6d,0x5f,0x68,0x61,0x73,0x68,0x32,0x28,0x68,
    0x69,0x67,0x68,0x70,0x20,0x76,0x65,0x63,0x32,0x20,0x70,0x29,0x0a,0x7b,0x0a,0x20,
    0x20,0x20,0x20,0x68,0x69,0x67,0x68,0x70,0x20,0x76,0x65,0x63,0x32,0x20,0x70,0x61,
    0x72,0x61,0x6d,0x20,0x3d,0x20,0x70,0x3b,0x0a,0x20,0x20,0x20,0x20,0x68,0x69,0x67,
    0x68,0x70,0x20,0x66,0x6c,0x6f,0x61,0x74,0x20,0x5f,0x33,0x32,0x20,0x3d,0x20,0x70,
    0x68,0x79,0x73,0x61,0x72,0x75,0x6d,0x5f,0x68,0x61,0x73,0x68,0x28,0x70,0x61,0x72,
    0x61,0x6d,0x29,0x3b,0x0a,0x20,0x20,0x20,0x20,0x68,0x69,0x67,0x68,0x70,0x20,0x76,
    0x65,0x63,0x32,0x20,0x70,0x61,0x72,0x61,0x6d,0x5f,0x31,0x20,0x3d,0x20,0x28,0x70,
    0x2e,0x79,0x78,0x20,0x2b,0x20,0x76,0x65,0x63,0x32,0x28,0x5f,0x33,0x32,0x2c,0x20,
    0x31,0x2e,0x30,0x20,0x2d,0x20,0x5f,0x33,0x32,0x29,0x29,0x20,0x2b,0x20,0x76,0x65,
    0x63,0x32,0x28,0x31,0x39,0x2e,0x31,0x39,0x30,0x30,0x30,0x30,0x35,0x33,0x34,0x30,
    0x35,0x37,0x36,0x31,0x37,0x31,0x38,0x37,0x35,0x29,0x3b,0x0a,0x20,0x20,0x20,0x20,
    0x72,0x65,0x74,0x75,0x72,0x6e,0x20,0x76,0x65,0x63,0x32,0x28,0x5f,0x33,0x32,0x2c,
    0x20,0x70,0x68,0x79,0x73,0x61,0x72,0x75,0x6d,0x5f,0x68,0x61,0x73,0x68,0x28,0x70,
    0x61,0x72,0x61,0x6d,0x5f,0x31,0x29,0x29,0x3b,0x0a,0x7d,0x0a,0x0a,0x76,0x6f,0x69,
    0x64,0x20,0x6d,0x61,0x69,0x6e,0x28,0x29,0x0a,0x7b,0x0a,0x20,0x20,0x20,0x20,0x68,
    0x69,0x67,0x68,0x70,0x20,0x76,0x65,0x63,0x32,0x20,0x70,0x61,0x72,0x61,0x6d,0x20,
    0x3d,0x20,0x75,0x76,0x20,0x2b,0x20,0x70,0x68,0x79,0x73,0x61,0x72,0x75,0x6d,0x5f,
    0x70,0x61,0x72,0x61,0x6d,0x73,0x5b,0x33,0x5d,0x2e,0x7a,0x77,0x3b,0x0a,0x20,0x20,
    0x20,0x20,0x68,0x69,0x67,0x68,0x70,0x20,0x76,0x65,0x63,0x32,0x20,0x5f,0x37,0x34,
    0x20,0x3d,0x20,0x70,0x68,0x79,0x73,0x61,0x72,0x75,0x6d,0x5f,0x68,0x61,0x73,0x68,
    0x32,0x28,0x70,0x61,0x72,0x61,0x6d,0x29,0x3b,0x0a,0x20,0x20,0x20,0x20,0x68,0x69,
    0x67,0x68,0x70,0x20,0x76,0x65,0x63,0x32,0x20,0x70,0x61,0x72,0x61,0x6d,0x5f,0x31,
    0x20,0x3d,0x20,0x5f,0x37,0x34,0x20,0x2b,0x20,0x28,0x75,0x76,0x20,0x2a,0x20,0x31,
    0x37,0x2e,0x30,0x29,0x3b,0x0a,0x20,0x20,0x20,0x20,0x66,0x72,0x61,0x67,0x5f,0x63,
    0x6f,0x6c,0x6f,0x72,0x20,0x3d,0x20,0x76,0x65,0x63,0x34,0x28,0x66,0x72,0x61,0x63,
    0x74,0x28,0x5f,0x37,0x34,0x20,0x2b,0x20,0x28,0x70,0x68,0x79,0x73,0x61,0x72,0x75,
    0x6d,0x5f,0x68,0x61,0x73,0x68,0x32,0x28,0x70,0x61,0x72,0x61,0x6d,0x5f,0x31,0x29,
    0x20,0x2a,0x20,0x30,0x2e,0x36,0x31,0x38,0x30,0x33,0x34,0x30,0x30,0x35,0x31,0x36,
    0x35,0x31,0x30,0x30,0x30,0x39,0x37,0x36,0x35,0x36,0x32,0x35,0x29,0x29,0x20,0x2a,
    0x20,0x6d,0x61,0x78,0x28,0x70,0x68,0x79,0x73,0x61,0x72,0x75,0x6d,0x5f,0x70,0x61,
    0x72,0x61,0x6d,0x73,0x5b,0x33,0x5d,0x2e,0x78,0x79,0x2c,0x20,0x76,0x65,0x63,0x32,
    0x28,0x31,0x2e,0x30,0x29,0x29,0x2c,0x20,0x30,0x2e,0x30,0x2c,0x20,0x30,0x2e,0x30,
    0x29,0x3b,0x0a,0x7d,0x0a,0x0a,0x00,
};
/*
    #version 300 es
    precision mediump float;
    precision highp int;

    uniform highp vec4 physarum_params[4];
    in highp vec2 uv;
    layout(location = 0) out highp vec4 frag_color;

    highp float physarum_age_hash(highp vec2 p)
    {
        return fract(sin(dot(p, vec2(127.09999847412109375, 311.70001220703125))) * 43758.546875);
    }

    void main()
    {
        highp vec2 param = uv + physarum_params[3].zw;
        frag_color = vec4(physarum_age_hash(param) * max(physarum_params[3].x, 1.0), 0.0, 0.0, 1.0);
    }

*/
static const uint8_t fs_physarum_age_spawn_source_glsl300es[479] = {
    0x23,0x76,0x65,0x72,0x73,0x69,0x6f,0x6e,0x20,0x33,0x30,0x30,0x20,0x65,0x73,0x0a,
    0x70,0x72,0x65,0x63,0x69,0x73,0x69,0x6f,0x6e,0x20,0x6d,0x65,0x64,0x69,0x75,0x6d,
    0x70,0x20,0x66,0x6c,0x6f,0x61,0x74,0x3b,0x0a,0x70,0x72,0x65,0x63,0x69,0x73,0x69,
    0x6f,0x6e,0x20,0x68,0x69,0x67,0x68,0x70,0x20,0x69,0x6e,0x74,0x3b,0x0a,0x0a,0x75,
    0x6e,0x69,0x66,0x6f,0x72,0x6d,0x20,0x68,0x69,0x67,0x68,0x70,0x20,0x76,0x65,0x63,
    0x34,0x20,0x70,0x68,0x79,0x73,0x61,0x72,0x75,0x6d,0x5f,0x70,0x61,0x72,0x61,0x6d,
    0x73,0x5b,0x34,0x5d,0x3b,0x0a,0x69,0x6e,0x20,0x68,0x69,0x67,0x68,0x70,0x20,0x76,
    0x65,0x63,0x32,0x20,0x75,0x76,0x3b,0x0a,0x6c,0x61,0x79,0x6f,0x75,0x74,0x28,0x6c,
    0x6f,0x63,0x61,0x74,0x69,0x6f,0x6e,0x20,0x3d,0x20,0x30,0x29,0x20,0x6f,0x75,0x74,
    0x20,0x68,0x69,0x67,0x68,0x70,0x20,0x76,0x65,0x63,0x34,0x20,0x66,0x72,0x61,0x67,
    0x5f,0x63,0x6f,0x6c,0x6f,0x72,0x3b,0x0a,0x0a,0x68,0x69,0x67,0x68,0x70,0x20,0x66,
    0x6c,0x6f,0x61,0x74,0x20,0x70,0x68,0x79,0x73,0x61,0x72,0x75,0x6d,0x5f,0x61,0x67,
    0x65,0x5f,0x68,0x61,0x73,0x68,0x28,0x68,0x69,0x67,0x68,0x70,0x20,0x76,0x65,0x63,
    0x32,0x20,0x70,0x29,0x0a,0x7b,0x0a,0x20,0x20,0x20,0x20,0x72,0x65,0x74,0x75,0x72,
    0x6e,0x20,0x66,0x72,0x61,0x63,0x74,0x28,0x73,0x69,0x6e,0x28,0x64,0x6f,0x74,0x28,
    0x70,0x2c,0x20,0x76,0x65,0x63,0x32,0x28,0x31,0x32,0x37,0x2e,0x30,0x39,0x39,0x39,
    0x39,0x38,0x34,0x37,0x34,0x31,0x32,0x31,0x30,0x39,0x33,0x37,0x35,0x2c,0x20,0x33,
    0x31,0x31,0x2e,0x37,0x30,0x30,0x30,0x31,0x32,0x32,0x30,0x37,0x30,0x33,0x31,0x32,
    0x35,0x29,0x29,0x29,0x20,0x2a,0x20,0x34,0x33,0x37,0x35,0x38,0x2e,0x35,0x34,0x36,
    0x38,0x37,0x35,0x29,0x3b,0x0a,0x7d,0x0a,0x0a,0x76,0x6f,0x69,0x64,0x20,0x6d,0x61,
    0x69,0x6e,0x28,0x29,0x0a,0x7b,0x0a,0x20,0x20,0x20,0x20,0x68,0x69,0x67,0x68,0x70,
    0x20,0x76,0x65,0x63,0x32,0x20,0x70,0x61,0x72,0x61,0x6d,0x20,0x3d,0x20,0x75,0x76,
    0x20,0x2b,0x20,0x70,0x68,0x79,0x73,0x61,0x72,0x75,0x6d,0x5f,0x70,0x61,0x72,0x61,
    0x6d,0x73,0x5b,0x33,0x5d,0x2e,0x7a,0x77,0x3b,0x0a,0x20,0x20,0x20,0x20,0x66,0x72,
    0x61,0x67,0x5f,0x63,0x6f,0x6c,0x6f,0x72,0x20,0x3d,0x20,0x76,0x65,0x63,0x34,0x28,
    0x70,0x68,0x79,0x73,0x61,0x72,0x75,0x6d,0x5f,0x61,0x67,0x65,0x5f,0x68,0x61,0x73,
    0x68,0x28,0x70,0x61,0x72,0x61,0x6d,0x29,0x20,0x2a,0x20,0x6d,0x61,0x78,0x28,0x70,
    0x68,0x79,0x73,0x61,0x72,0x75,0x6d,0x5f,0x70,0x61,0x72,0x61,0x6d,0x73,0x5b,0x33,
    0x5d,0x2e,0x78,0x2c,0x20,0x31,0x2e,0x30,0x29,0x2c,0x20,0x30,0x2e,0x30,0x2c,0x20,
    0x30,0x2e,0x30,0x2c,0x20,0x31,0x2e,0x30,0x29,0x3b,0x0a,0x7d,0x0a,0x0a,0x00,
};
/*
    #version 300 es
    precision mediump float;
    precision highp int;

    uniform highp vec4 physarum_params[4];
    uniform highp sampler2D physarumAgeUpdateTex_physarumAgeUpdateSmp;

    in highp vec2 uv;
    layout(location = 0) out highp vec4 frag_color;

    void main()
    {
        highp float _44 = texture(physarumAgeUpdateTex_physarumAgeUpdateSmp, uv).x + max(physarum_params[3].y, 0.0);
        frag_color = vec4((_44 >= max(physarum_params[3].x, 1.0)) ? 0.0 : _44, 0.0, 0.0, 1.0);
    }

*/
static const uint8_t fs_physarum_age_update_source_glsl300es[459] = {
    0x23,0x76,0x65,0x72,0x73,0x69,0x6f,0x6e,0x20,0x33,0x30,0x30,0x20,0x65,0x73,0x0a,
    0x70,0x72,0x65,0x63,0x69,0x73,0x69,0x6f,0x6e,0x20,0x6d,0x65,0x64,0x69,0x75,0x6d,
    0x70,0x20,0x66,0x6c,0x6f,0x61,0x74,0x3b,0x0a,0x70,0x72,0x65,0x63,0x69,0x73,0x69,
    0x6f,0x6e,0x20,0x68,0x69,0x67,0x68,0x70,0x20,0x69,0x6e,0x74,0x3b,0x0a,0x0a,0x75,
    0x6e,0x69,0x66,0x6f,0x72,0x6d,0x20,0x68,0x69,0x67,0x68,0x70,0x20,0x76,0x65,0x63,
    0x34,0x20,0x70,0x68,0x79,0x73,0x61,0x72,0x75,0x6d,0x5f,0x70,0x61,0x72,0x61,0x6d,
    0x73,0x5b,0x34,0x5d,0x3b,0x0a,0x75,0x6e,0x69,0x66,0x6f,0x72,0x6d,0x20,0x68,0x69,
    0x67,0x68,0x70,0x20,0x73,0x61,0x6d,0x70,0x6c,0x65,0x72,0x32,0x44,0x20,0x70,0x68,
    0x79,0x73,0x61,0x72,0x75,0x6d,0x41,0x67,0x65,0x55,0x70,0x64,0x61,0x74,0x65,0x54,
    0x65,0x78,0x5f,0x70,0x68,0x79,0x73,0x61,0x72,0x75,0x6d,0x41,0x67,0x65,0x55,0x70,
    0x64,0x61,0x74,0x65,0x53,0x6d,0x70,0x3b,0x0a,0x0a,0x69,0x6e,0x20,0x68,0x69,0x67,
    0x68,0x70,0x20,0x76,0x65,0x63,0x32,0x20,0x75,0x76,0x3b,0x0a,0x6c,0x61,0x79,0x6f,
    0x75,0x74,0x28,0x6c,0x6f,0x63,0x61,0x74,0x69,0x6f,0x6e,0x20,0x3d,0x20,0x30,0x29,
    0x20,0x6f,0x75,0x74,0x20,0x68,0x69,0x67,0x68,0x70,0x20,0x76,0x65,0x63,0x34,0x20,
    0x66,0x72,0x61,0x67,0x5f,0x63,0x6f,0x6c,0x6f,0x72,0x3b,0x0a,0x0a,0x76,0x6f,0x69,
    0x64,0x20,0x6d,0x61,0x69,0x6e,0x28,0x29,0x0a,0x7b,0x0a,0x20,0x20,0x20,0x20,0x68,
    0x69,0x67,0x68,0x70,0x20,0x66,0x6c,0x6f,0x61,0x74,0x20,0x5f,0x34,0x34,0x20,0x3d,
    0x20,0x74,0x65,0x78,0x74,0x75,0x72,0x65,0x28,0x70,0x68,0x79,0x73,0x61,0x72,0x75,
    0x6d,0x41,0x67,0x65,0x55,0x70,0x64,0x61,0x74,0x65,0x54,0x65,0x78,0x5f,0x70,0x68,
    0x79,0x73,0x61,0x72,0x75,0x6d,0x41,0x67,0x65,0x55,0x70,0x64,0x61,0x74,0x65,0x53,
    0x6d,0x70,0x2c,0x20,0x75,0x76,0x29,0x2e,0x78,0x20,0x2b,0x20,0x6d,0x61,0x78,0x28,
    0x70,0x68,0x79,0x73,0x61,0x72,0x75,0x6d,0x5f,0x70,0x61,0x72,0x61,0x6d,0x73,0x5b,
    0x33,0x5d,0x2e,0x79,0x2c,0x20,0x30,0x2e,0x30,0x29,0x3b,0x0a,0x20,0x20,0x20,0x20,
    0x66,0x72,0x61,0x67,0x5f,0x63,0x6f,0x6c,0x6f,0x72,0x20,0x3d,0x20,0x76,0x65,0x63,
    0x34,0x28,0x28,0x5f,0x34,0x34,0x20,0x3e,0x3d,0x20,0x6d,0x61,0x78,0x28,0x70,0x68,
    0x79,0x73,0x61,0x72,0x75,0x6d,0x5f,0x70,0x61,0x72,0x61,0x6d,0x73,0x5b,0x33,0x5d,
    0x2e,0x78,0x2c,0x20,0x31,0x2e,0x30,0x29,0x29,0x20,0x3f,0x20,0x30,0x2e,0x30,0x20,
    0x3a,0x20,0x5f,0x34,0x34,0x2c,0x20,0x30,0x2e,0x30,0x2c,0x20,0x30,0x2e,0x30,0x2c,
    0x20,0x31,0x2e,0x30,0x29,0x3b,0x0a,0x7d,0x0a,0x0a,0x00,
};
/*
    #version 300 es
    precision mediump float;
    precision highp int;

    uniform highp vec4 physarum_params[4];
    uniform highp sampler2D physarumStateTex_physarumStateSmp;
    uniform highp sampler2D physarumVelocityTex_physarumVelocitySmp;
    uniform highp sampler2D physarumAgeTex_physarumAgeSmp;
    uniform highp sampler2D physarumInitialTex_physarumInitialSmp;

    in highp vec2 uv;
    layout(location = 0) out highp vec4 frag_color;

    void main()
    {
        highp vec2 _22 = max(physarum_params[3].yz, vec2(1.0));
        highp float _31 = max(physarum_params[3].x, 0.0);
        highp float _37 = max(physarum_params[3].w, 0.25);
        highp vec4 _53 = texture(physarumStateTex_physarumStateSmp, uv);
        highp vec2 _56 = _53.xy;
        highp vec2 absolute = _56;
        highp vec2 _59 = _53.zw;
        highp vec2 displacement = _59;
        highp vec2 _63 = _56 + _59;
        highp vec4 _74 = texture(physarumVelocityTex_physarumVelocitySmp, fract(_63 / _22));
        highp vec2 _81 = (_74.xy * _31) * 0.5;
        highp vec2 halfStep = _81;
        highp float _84 = length(_81);
        highp float _87 = _37 * 0.5;
        if (_84 > _87)
        {
            halfStep *= (_87 / _84);
        }
        highp vec4 _108 = texture(physarumVelocityTex_physarumVelocitySmp, fract((_63 + halfStep) / _22));
        highp vec2 _113 = _108.xy * _31;
        highp vec2 stepPx = _113;
        highp float _116 = length(_113);
        if (_116 > _37)
        {
            stepPx *= (_37 / _116);
        }
        highp vec2 _128 = displacement;
        highp vec2 _129 = _128 + stepPx;
        highp float _135 = step(20.0, dot(_129, _129));
        highp vec2 _136 = absolute;
        highp vec2 _144 = mod((_136 + (_129 * _135)) + _22, _22);
        absolute = _144;
        highp vec2 _148 = _129 * (1.0 - _135);
        displacement = _148;
        frag_color = mix(vec4(_144, _148), texture(physarumInitialTex_physarumInitialSmp, uv), vec4(1.0 - step(0.5, texture(physarumAgeTex_physarumAgeSmp, uv).x)));
    }

*/
static const uint8_t fs_physarum_update_source_glsl300es[1859] = {
    0x23,0x76,0x65,0x72,0x73,0x69,0x6f,0x6e,0x20,0x33,0x30,0x30,0x20,0x65,0x73,0x0a,
    0x70,0x72,0x65,0x63,0x69,0x73,0x69,0x6f,0x6e,0x20,0x6d,0x65,0x64,0x69,0x75,0x6d,
    0x70,0x20,0x66,0x6c,0x6f,0x61,0x74,0x3b,0x0a,0x70,0x72,0x65,0x63,0x69,0x73,0x69,
    0x6f,0x6e,0x20,0x68,0x69,0x67,0x68,0x70,0x20,0x69,0x6e,0x74,0x3b,0x0a,0x0a,0x75,
    0x6e,0x69,0x66,0x6f,0x72,0x6d,0x20,0x68,0x69,0x67,0x68,0x70,0x20,0x76,0x65,0x63,
    0x34,0x20,0x70,0x68,0x79,0x73,0x61,0x72,0x75,0x6d,0x5f,0x70,0x61,0x72,0x61,0x6d,
    0x73,0x5b,0x34,0x5d,0x3b,0x0a,0x75,0x6e,0x69,0x66,0x6f,0x72,0x6d,0x20,0x68,0x69,
    0x67,0x68,0x70,0x20,0x73,0x61,0x6d,0x70,0x6c,0x65,0x72,0x32,0x44,0x20,0x70,0x68,
    0x79,0x73,0x61,0x72,0x75,0x6d,0x53,0x74,0x61,0x74,0x65,0x54,0x65,0x78,0x5f,0x70,
    0x68,0x79,0x73,0x61,0x72,0x75,0x6d,0x53,0x74,0x61,0x74,0x65,0x53,0x6d,0x70,0x3b,
    0x0a,0x75,0x6e,0x69,0x66,0x6f,0x72,0x6d,0x20,0x68,0x69,0x67,0x68,0x70,0x20,0x73,
    0x61,0x6d,0x70,0x6c,0x65,0x72,0x32,0x44,0x20,0x70,0x68,0x79,0x73,0x61,0x72,0x75,
    0x6d,0x56,0x65,0x6c,0x6f,0x63,0x69,0x74,0x79,0x54,0x65,0x78,0x5f,0x70,0x68,0x79,
    0x73,0x61,0x72,0x75,0x6d,0x56,0x65,0x6c,0x6f,0x63,0x69,0x74,0x79,0x53,0x6d,0x70,
    0x3b,0x0a,0x75,0x6e,0x69,0x66,0x6f,0x72,0x6d,0x20,0x68,0x69,0x67,0x68,0x70,0x20,
    0x73,0x61,0x6d,0x70,0x6c,0x65,0x72,0x32,0x44,0x20,0x70,0x68,0x79,0x73,0x61,0x72,
    0x75,0x6d,0x41,0x67,0x65,0x54,0x65,0x78,0x5f,0x70,0x68,0x79,0x73,0x61,0x72,0x75,
    0x6d,0x41,0x67,0x65,0x53,0x6d,0x70,0x3b,0x0a,0x75,0x6e,0x69,0x66,0x6f,0x72,0x6d,
    0x20,0x68,0x69,0x67,0x68,0x70,0x20,0x73,0x61,0x6d,0x70,0x6c,0x65,0x72,0x32,0x44,
    0x20,0x70,0x68,0x79,0x73,0x61,0x72,0x75,0x6d,0x49,0x6e,0x69,0x74,0x69,0x61,0x6c,
    0x54,0x65,0x78,0x5f,0x70,0x68,0x79,0x73,0x61,0x72,0x75,0x6d,0x49,0x6e,0x69,0x74,
    0x69,0x61,0x6c,0x53,0x6d,0x70,0x3b,0x0a,0x0a,0x69,0x6e,0x20,0x68,0x69,0x67,0x68,
    0x70,0x20,0x76,0x65,0x63,0x32,0x20,0x75,0x76,0x3b,0x0a,0x6c,0x61,0x79,0x6f,0x75,
    0x74,0x28,0x6c,0x6f,0x63,0x61,0x74,0x69,0x6f,0x6e,0x20,0x3d,0x20,0x30,0x29,0x20,
    0x6f,0x75,0x74,0x20,0x68,0x69,0x67,0x68,0x70,0x20,0x76,0x65,0x63,0x34,0x20,0x66,
    0x72,0x61,0x67,0x5f,0x63,0x6f,0x6c,0x6f,0x72,0x3b,0x0a,0x0a,0x76,0x6f,0x69,0x64,
    0x20,0x6d,0x61,0x69,0x6e,0x28,0x29,0x0a,0x7b,0x0a,0x20,0x20,0x20,0x20,0x68,0x69,
    0x67,0x68,0x70,0x20,0x76,0x65,0x63,0x32,0x20,0x5f,0x32,0x32,0x20,0x3d,0x20,0x6d,
    0x61,0x78,0x28,0x70,0x68,0x79,0x73,0x61,0x72,0x75,0x6d,0x5f,0x70,0x61,0x72,0x61,
    0x6d,0x73,0x5b,0x33,0x5d,0x2e,0x79,0x7a,0x2c,0x20,0x76,0x65,0x63,0x32,0x28,0x31,
    0x2e,0x30,0x29,0x29,0x3b,0x0a,0x20,0x20,0x20,0x20,0x68,0x69,0x67,0x68,0x70,0x20,
    0x66,0x6c,0x6f,0x61,0x74,0x20,0x5f,0x33,0x31,0x20,0x3d,0x20,0x6d,0x61,0x78,0x28,
    0x70,0x68,0x79,0x73,0x61,0x72,0x75,0x6d,0x5f,0x70,0x61,0x72,0x61,0x6d,0x73,0x5b,
    0x33,0x5d,0x2e,0x78,0x2c,0x20,0x30,0x2e,0x30,0x29,0x3b,0x0a,0x20,0x20,0x20,0x20,
    0x68,0x69,0x67,0x68,0x70,0x20,0x66,0x6c,0x6f,0x61,0x74,0x20,0x5f,0x33,0x37,0x20,
    0x3d,0x20,0x6d,0x61,0x78,0x28,0x70,0x68,0x79,0x73,0x61,0x72,0x75,0x6d,0x5f,0x70,
    0x61,0x72,0x61,0x6d,0x73,0x5b,0x33,0x5d,0x2e,0x77,0x2c,0x20,0x30,0x2e,0x32,0x35,
    0x29,0x3b,0x0a,0x20,0x20,0x20,0x20,0x68,0x69,0x67,0x68,0x70,0x20,0x76,0x65,0x63,
    0x34,0x20,0x5f,0x35,0x33,0x20,0x3d,0x20,0x74,0x65,0x78,0x74,0x75,0x72,0x65,0x28,
    0x70,0x68,0x79,0x73,0x61,0x72,0x75,0x6d,0x53,0x74,0x61,0x74,0x65,0x54,0x65,0x78,
    0x5f,0x70,0x68,0x79,0x73,0x61,0x72,0x75,0x6d,0x53,0x74,0x61,0x74,0x65,0x53,0x6d,
    0x70,0x2c,0x20,0x75,0x76,0x29,0x3b,0x0a,0x20,0x20,0x20,0x20,0x68,0x69,0x67,0x68,
    0x70,0x20,0x76,0x65,0x63,0x32,0x20,0x5f,0x35,0x36,0x20,0x3d,0x20,0x5f,0x35,0x33,
    0x2e,0x78,0x79,0x3b,0x0a,0x20,0x20,0x20,0x20,0x68,0x69,0x67,0x68,0x70,0x20,0x76,
    0x65,0x63,0x32,0x20,0x61,0x62,0x73,0x6f,0x6c,0x75,0x74,0x65,0x20,0x3d,0x20,0x5f,
    0x35,0x36,0x3b,0x0a,0x20,0x20,0x20,0x20,0x68,0x69,0x67,0x68,0x70,0x20,0x76,0x65,
    0x63,0x32,0x20,0x5f,0x35,0x39,0x20,0x3d,0x20,0x5f,0x35,0x33,0x2e,0x7a,0x77,0x3b,
    0x0a,0x20,0x20,0x20,0x20,0x68,0x69,0x67,0x68,0x70,0x20,0x76,0x65,0x63,0x32,0x20,
    0x64,0x69,0x73,0x70,0x6c,0x61,0x63,0x65,0x6d,0x65,0x6e,0x74,0x20,0x3d,0x20,0x5f,
    0x35,0x39,0x3b,0x0a,0x20,0x20,0x20,0x20,0x68,0x69,0x67,0x68,0x70,0x20,0x76,0x65,
    0x63,0x32,0x20,0x5f,0x36,0x33,0x20,0x3d,0x20,0x5f,0x35,0x36,0x20,0x2b,0x20,0x5f,
    0x35,0x39,0x3b,0x0a,0x20,0x20,0x20,0x20,0x68,0x69,0x67,0x68,0x70,0x20,0x76,0x65,
    0x63,0x34,0x20,0x5f,0x37,0x34,0x20,0x3d,0x20,0x74,0x65,0x78,0x74,0x75,0x72,0x65,
    0x28,0x70,0x68,0x79,0x73,0x61,0x72,0x75,0x6d,0x56,0x65,0x6c,0x6f,0x63,0x69,0x74,
    0x79,0x54,0x65,0x78,0x5f,0x70,0x68,0x79,0x73,0x61,0x72,0x75,0x6d,0x56,0x65,0x6c,
    0x6f,0x63,0x69,0x74,0x79,0x53,0x6d,0x70,0x2c,0x20,0x66,0x72,0x61,0x63,0x74,0x28,
    0x5f,0x36,0x33,0x20,0x2f,0x20,0x5f,0x32,0x32,0x29,0x29,0x3b,0x0a,0x20,0x20,0x20,
    0x20,0x68,0x69,0x67,0x68,0x70,0x20,0x76,0x65,0x63,0x32,0x20,0x5f,0x38,0x31,0x20,
    0x3d,0x20,0x28,0x5f,0x37,0x34,0x2e,0x78,0x79,0x20,0x2a,0x20,0x5f,0x33,0x31,0x29,
    0x20,0x2a,0x20,0x30,0x2e,0x35,0x3b,0x0a,0x20,0x20,0x20,0x20,0x68,0x69,0x67,0x68,
    0x70,0x20,0x76,0x65,0x63,0x32,0x20,0x68,0x61,0x6c,0x66,0x53,0x74,0x65,0x70,0x20,
    0x3d,0x20,0x5f,0x38,0x31,0x3b,0x0a,0x20,0x20,0x20,0x20,0x68,0x69,0x67,0x68,0x70,
    0x20,0x66,0x6c,0x6f,0x61,0x74,0x20,0x5f,0x38,0x34,0x20,0x3d,0x20,0x6c,0x65,0x6e,
    0x67,0x74,0x68,0x28,0x5f,0x38,0x31,0x29,0x3b,0x0a,0x20,0x20,0x20,0x20,0x68,0x69,
    0x67,0x68,0x70,0x20,0x66,0x6c,0x6f,0x61,0x74,0x20,0x5f,0x38,0x37,0x20,0x3d,0x20,
    0x5f,0x33,0x37,0x20,0x2a,0x20,0x30,0x2e,0x35,0x3b,0x0a,0x20,0x20,0x20,0x20,0x69,
    0x66,0x20,0x28,0x5f,0x38,0x34,0x20,0x3e,0x20,0x5f,0x38,0x37,0x29,0x0a,0x20,0x20,
    0x20,0x20,0x7b,0x0a,0x20,0x20,0x20,0x20,0x20,0x20,0x20,0x20,0x68,0x61,0x6c,0x66,
    0x53,0x74,0x65,0x70,0x20,0x2a,0x3d,0x20,0x28,0x5f,0x38,0x37,0x20,0x2f,0x20,0x5f,
    0x38,0x34,0x29,0x3b,0x0a,0x20,0x20,0x20,0x20,0x7d,0x0a,0x20,0x20,0x20,0x20,0x68,
    0x69,0x67,0x68,0x70,0x20,0x76,0x65,0x63,0x34,0x20,0x5f,0x31,0x30,0x38,0x20,0x3d,
    0x20,0x74,0x65,0x78,0x74,0x75,0x72,0x65,0x28,0x70,0x68,0x79,0x73,0x61,0x72,0x75,
    0x6d,0x56,0x65,0x6c,0x6f,0x63,0x69,0x74,0x79,0x54,0x65,0x78,0x5f,0x70,0x68,0x79,
    0x73,0x61,0x72,0x75,0x6d,0x56,0x65,0x6c,0x6f,0x63,0x69,0x74,0x79,0x53,0x6d,0x70,
    0x2c,0x20,0x66,0x72,0x61,0x63,0x74,0x28,0x28,0x5f,0x36,0x33,0x20,0x2b,0x20,0x68,
    0x61,0x6c,0x66,0x53,0x74,0x65,0x70,0x29,0x20,0x2f,0x20,0x5f,0x32,0x32,0x29,0x29,
    0x3b,0x0a,0x20,0x20,0x20,0x20,0x68,0x69,0x67,0x68,0x70,0x20,0x76,0x65,0x63,0x32,
    0x20,0x5f,0x31,0x31,0x33,0x20,0x3d,0x20,0x5f,0x31,0x30,0x38,0x2e,0x78,0x79,0x20,
    0x2a,0x20,0x5f,0x33,0x31,0x3b,0x0a,0x20,0x20,0x20,0x20,0x68,0x69,0x67,0x68,0x70,
    0x20,0x76,0x65,0x63,0x32,0x20,0x73,0x74,0x65,0x70,0x50,0x78,0x20,0x3d,0x20,0x5f,
    0x31,0x31,0x33,0x3b,0x0a,0x20,0x20,0x20,0x20,0x68,0x69,0x67,0x68,0x70,0x20,0x66,
    0x6c,0x6f,0x61,0x74,0x20,0x5f,0x31,0x31,0x36,0x20,0x3d,0x20,0x6c,0x65,0x6e,0x67,
    0x74,0x68,0x28,0x5f,0x31,0x31,0x33,0x29,0x3b,0x0a,0x20,0x20,0x20,0x20,0x69,0x66,
    0x20,0x28,0x5f,0x31,0x31,0x36,0x20,0x3e,0x20,0x5f,0x33,0x37,0x29,0x0a,0x20,0x20,
    0x20,0x20,0x7b,0x0a,0x20,0x20,0x20,0x20,0x20,0x20,0x20,0x20,0x73,0x74,0x65,0x70,
    0x50,0x78,0x20,0x2a,0x3d,0x20,0x28,0x5f,0x33,0x37,0x20,0x2f,0x20,0x5f,0x31,0x31,
    0x36,0x29,0x3b,0x0a,0x20,0x20,0x20,0x20,0x7d,0x0a,0x20,0x20,0x20,0x20,0x68,0x69,
    0x67,0x68,0x70,0x20,0x76,0x65,0x63,0x32,0x20,0x5f,0x31,0x32,0x38,0x20,0x3d,0x20,
    0x64,0x69,0x73,0x70,0x6c,0x61,0x63,0x65,0x6d,0x65,0x6e,0x74,0x3b,0x0a,0x20,0x20,
    0x20,0x20,0x68,0x69,0x67,0x68,0x70,0x20,0x76,0x65,0x63,0x32,0x20,0x5f,0x31,0x32,
    0x39,0x20,0x3d,0x20,0x5f,0x31,0x32,0x38,0x20,0x2b,0x20,0x73,0x74,0x65,0x70,0x50,
    0x78,0x3b,0x0a,0x20,0x20,0x20,0x20,0x68,0x69,0x67,0x68,0x70,0x20,0x66,0x6c,0x6f,
    0x61,0x74,0x20,0x5f,0x31,0x33,0x35,0x20,0x3d,0x20,0x73,0x74,0x65,0x70,0x28,0x32,
    0x30,0x2e,0x30,0x2c,0x20,0x64,0x6f,0x74,0x28,0x5f,0x31,0x32,0x39,0x2c,0x20,0x5f,
    0x31,0x32,0x39,0x29,0x29,0x3b,0x0a,0x20,0x20,0x20,0x20,0x68,0x69,0x67,0x68,0x70,
    0x20,0x76,0x65,0x63,0x32,0x20,0x5f,0x31,0x33,0x36,0x20,0x3d,0x20,0x61,0x62,0x73,
    0x6f,0x6c,0x75,0x74,0x65,0x3b,0x0a,0x20,0x20,0x20,0x20,0x68,0x69,0x67,0x68,0x70,
    0x20,0x76,0x65,0x63,0x32,0x20,0x5f,0x31,0x34,0x34,0x20,0x3d,0x20,0x6d,0x6f,0x64,
    0x28,0x28,0x5f,0x31,0x33,0x36,0x20,0x2b,0x20,0x28,0x5f,0x31,0x32,0x39,0x20,0x2a,
    0x20,0x5f,0x31,0x33,0x35,0x29,0x29,0x20,0x2b,0x20,0x5f,0x32,0x32,0x2c,0x20,0x5f,
    0x32,0x32,0x29,0x3b,0x0a,0x20,0x20,0x20,0x20,0x61,0x62,0x73,0x6f,0x6c,0x75,0x74,
    0x65,0x20,0x3d,0x20,0x5f,0x31,0x34,0x34,0x3b,0x0a,0x20,0x20,0x20,0x20,0x68,0x69,
    0x67,0x68,0x70,0x20,0x76,0x65,0x63,0x32,0x20,0x5f,0x31,0x34,0x38,0x20,0x3d,0x20,
    0x5f,0x31,0x32,0x39,0x20,0x2a,0x20,0x28,0x31,0x2e,0x30,0x20,0x2d,0x20,0x5f,0x31,
    0x33,0x35,0x29,0x3b,0x0a,0x20,0x20,0x20,0x20,0x64,0x69,0x73,0x70,0x6c,0x61,0x63,
    0x65,0x6d,0x65,0x6e,0x74,0x20,0x3d,0x20,0x5f,0x31,0x34,0x38,0x3b,0x0a,0x20,0x20,
    0x20,0x20,0x66,0x72,0x61,0x67,0x5f,0x63,0x6f,0x6c,0x6f,0x72,0x20,0x3d,0x20,0x6d,
    0x69,0x78,0x28,0x76,0x65,0x63,0x34,0x28,0x5f,0x31,0x34,0x34,0x2c,0x20,0x5f,0x31,
    0x34,0x38,0x29,0x2c,0x20,0x74,0x65,0x78,0x74,0x75,0x72,0x65,0x28,0x70,0x68,0x79,
    0x73,0x61,0x72,0x75,0x6d,0x49,0x6e,0x69,0x74,0x69,0x61,0x6c,0x54,0x65,0x78,0x5f,
    0x70,0x68,0x79,0x73,0x61,0x72,0x75,0x6d,0x49,0x6e,0x69,0x74,0x69,0x61,0x6c,0x53,
    0x6d,0x70,0x2c,0x20,0x75,0x76,0x29,0x2c,0x20,0x76,0x65,0x63,0x34,0x28,0x31,0x2e,
    0x30,0x20,0x2d,0x20,0x73,0x74,0x65,0x70,0x28,0x30,0x2e,0x35,0x2c,0x20,0x74,0x65,
    0x78,0x74,0x75,0x72,0x65,0x28,0x70,0x68,0x79,0x73,0x61,0x72,0x75,0x6d,0x41,0x67,
    0x65,0x54,0x65,0x78,0x5f,0x70,0x68,0x79,0x73,0x61,0x72,0x75,0x6d,0x41,0x67,0x65,
    0x53,0x6d,0x70,0x2c,0x20,0x75,0x76,0x29,0x2e,0x78,0x29,0x29,0x29,0x3b,0x0a,0x7d,
    0x0a,0x0a,0x00,
};
/*
    #version 300 es

    uniform vec4 physarum_point_params[4];
    uniform highp sampler2D physarumPointStateTex_physarumPointStateSmp;
    uniform highp sampler2D physarumPointVelocityTex_physarumPointVelocitySmp;
    uniform highp sampler2D physarumPointAgeTex_physarumPointAgeSmp;

    layout(location = 0) in vec2 lookup;
    layout(location = 1) in vec2 corner;
    out vec3 v_rgb;
    out float v_alpha;

    float physarum_point_hash(vec2 p)
    {
        return fract(sin(dot(p, vec2(127.09999847412109375, 311.70001220703125))) * 43758.546875);
    }

    void main()
    {
        vec4 _41 = textureLod(physarumPointStateTex_physarumPointStateSmp, lookup, 0.0);
        vec2 _54 = max(physarum_point_params[1].xy, vec2(1.0));
        vec2 _65 = fract((_41.xy + _41.zw) / _54);
        vec2 _74 = textureLod(physarumPointVelocityTex_physarumPointVelocitySmp, _65, 0.0).xy;
        vec2 param = lookup + vec2(0.12999999523162841796875, 0.709999978542327880859375);
        vec2 param_1 = lookup + vec2(physarum_point_hash(param), 0.4099999964237213134765625);
        vec2 _173 = ((((_65 * _54) + ((corner * max(physarum_point_params[3].x, 0.75)) * 0.5)) / _54) * 2.0) - vec2(1.0);
        v_rgb = physarum_point_params[0].xyz;
        v_alpha = physarum_point_params[0].w * clamp((((0.064000003039836883544921875 + (0.189999997615814208984375 * clamp((dot(_74, _74) * 0.0500000007450580596923828125) + 0.699999988079071044921875, 0.0, 1.0))) * min(clamp(textureLod(physarumPointAgeTex_physarumPointAgeSmp, lookup, 0.0).x / max(physarum_point_params[3].z, 1.0), 0.0, 1.0) * 10.0, 1.0)) * mix(0.7400000095367431640625, 1.2400000095367431640625, physarum_point_hash(param_1))) * clamp(physarum_point_params[3].y, 0.0, 3.0), 0.0, 0.439999997615814208984375);
        gl_Position = vec4(_173.x, -_173.y, 0.0, 1.0);
    }

*/
static const uint8_t physarum_deposit_vs_source_glsl300es[1724] = {
    0x23,0x76,0x65,0x72,0x73,0x69,0x6f,0x6e,0x20,0x33,0x30,0x30,0x20,0x65,0x73,0x0a,
    0x0a,0x75,0x6e,0x69,0x66,0x6f,0x72,0x6d,0x20,0x76,0x65,0x63,0x34,0x20,0x70,0x68,
    0x79,0x73,0x61,0x72,0x75,0x6d,0x5f,0x70,0x6f,0x69,0x6e,0x74,0x5f,0x70,0x61,0x72,
    0x61,0x6d,0x73,0x5b,0x34,0x5d,0x3b,0x0a,0x75,0x6e,0x69,0x66,0x6f,0x72,0x6d,0x20,
    0x68,0x69,0x67,0x68,0x70,0x20,0x73,0x61,0x6d,0x70,0x6c,0x65,0x72,0x32,0x44,0x20,
    0x70,0x68,0x79,0x73,0x61,0x72,0x75,0x6d,0x50,0x6f,0x69,0x6e,0x74,0x53,0x74,0x61,
    0x74,0x65,0x54,0x65,0x78,0x5f,0x70,0x68,0x79,0x73,0x61,0x72,0x75,0x6d,0x50,0x6f,
    0x69,0x6e,0x74,0x53,0x74,0x61,0x74,0x65,0x53,0x6d,0x70,0x3b,0x0a,0x75,0x6e,0x69,
    0x66,0x6f,0x72,0x6d,0x20,0x68,0x69,0x67,0x68,0x70,0x20,0x73,0x61,0x6d,0x70,0x6c,
    0x65,0x72,0x32,0x44,0x20,0x70,0x68,0x79,0x73,0x61,0x72,0x75,0x6d,0x50,0x6f,0x69,
    0x6e,0x74,0x56,0x65,0x6c,0x6f,0x63,0x69,0x74,0x79,0x54,0x65,0x78,0x5f,0x70,0x68,
    0x79,0x73,0x61,0x72,0x75,0x6d,0x50,0x6f,0x69,0x6e,0x74,0x56,0x65,0x6c,0x6f,0x63,
    0x69,0x74,0x79,0x53,0x6d,0x70,0x3b,0x0a,0x75,0x6e,0x69,0x66,0x6f,0x72,0x6d,0x20,
    0x68,0x69,0x67,0x68,0x70,0x20,0x73,0x61,0x6d,0x70,0x6c,0x65,0x72,0x32,0x44,0x20,
    0x70,0x68,0x79,0x73,0x61,0x72,0x75,0x6d,0x50,0x6f,0x69,0x6e,0x74,0x41,0x67,0x65,
    0x54,0x65,0x78,0x5f,0x70,0x68,0x79,0x73,0x61,0x72,0x75,0x6d,0x50,0x6f,0x69,0x6e,
    0x74,0x41,0x67,0x65,0x53,0x6d,0x70,0x3b,0x0a,0x0a,0x6c,0x61,0x79,0x6f,0x75,0x74,
    0x28,0x6c,0x6f,0x63,0x61,0x74,0x69,0x6f,0x6e,0x20,0x3d,0x20,0x30,0x29,0x20,0x69,
    0x6e,0x20,0x76,0x65,0x63,0x32,0x20,0x6c,0x6f,0x6f,0x6b,0x75,0x70,0x3b,0x0a,0x6c,
    0x61,0x79,0x6f,0x75,0x74,0x28,0x6c,0x6f,0x63,0x61,0x74,0x69,0x6f,0x6e,0x20,0x3d,
    0x20,0x31,0x29,0x20,0x69,0x6e,0x20,0x76,0x65,0x63,0x32,0x20,0x63,0x6f,0x72,0x6e,
    0x65,0x72,0x3b,0x0a,0x6f,0x75,0x74,0x20,0x76,0x65,0x63,0x33,0x20,0x76,0x5f,0x72,
    0x67,0x62,0x3b,0x0a,0x6f,0x75,0x74,0x20,0x66,0x6c,0x6f,0x61,0x74,0x20,0x76,0x5f,
    0x61,0x6c,0x70,0x68,0x61,0x3b,0x0a,0x0a,0x66,0x6c,0x6f,0x61,0x74,0x20,0x70,0x68,
    0x79,0x73,0x61,0x72,0x75,0x6d,0x5f,0x70,0x6f,0x69,0x6e,0x74,0x5f,0x68,0x61,0x73,
    0x68,0x28,0x76,0x65,0x63,0x32,0x20,0x70,0x29,0x0a,0x7b,0x0a,0x20,0x20,0x20,0x20,
    0x72,0x65,0x74,0x75,0x72,0x6e,0x20,0x66,0x72,0x61,0x63,0x74,0x28,0x73,0x69,0x6e,
    0x28,0x64,0x6f,0x74,0x28,0x70,0x2c,0x20,0x76,0x65,0x63,0x32,0x28,0x31,0x32,0x37,
    0x2e,0x30,0x39,0x39,0x39,0x39,0x38,0x34,0x37,0x34,0x31,0x32,0x31,0x30,0x39,0x33,
    0x37,0x35,0x2c,0x20,0x33,0x31,0x31,0x2e,0x37,0x30,0x30,0x30,0x31,0x32,0x32,0x30,
    0x37,0x30,0x33,0x31,0x32,0x35,0x29,0x29,0x29,0x20,0x2a,0x20,0x34,0x33,0x37,0x35,
    0x38,0x2e,0x35,0x34,0x36,0x38,0x37,0x35,0x29,0x3b,0x0a,0x7d,0x0a,0x0a,0x76,0x6f,
    0x69,0x64,0x20,0x6d,0x61,0x69,0x6e,0x28,0x29,0x0a,0x7b,0x0a,0x20,0x20,0x20,0x20,
    0x76,0x65,0x63,0x34,0x20,0x5f,0x34,0x31,0x20,0x3d,0x20,0x74,0x65,0x78,0x74,0x75,
    0x72,0x65,0x4c,0x6f,0x64,0x28,0x70,0x68,0x79,0x73,0x61,0x72,0x75,0x6d,0x50,0x6f,
    0x69,0x6e,0x74,0x53,0x74,0x61,0x74,0x65,0x54,0x65,0x78,0x5f,0x70,0x68,0x79,0x73,
    0x61,0x72,0x75,0x6d,0x50,0x6f,0x69,0x6e,0x74,0x53,0x74,0x61,0x74,0x65,0x53,0x6d,
    0x70,0x2c,0x20,0x6c,0x6f,0x6f,0x6b,0x75,0x70,0x2c,0x20,0x30,0x2e,0x30,0x29,0x3b,
    0x0a,0x20,0x20,0x20,0x20,0x76,0x65,0x63,0x32,0x20,0x5f,0x35,0x34,0x20,0x3d,0x20,
    0x6d,0x61,0x78,0x28,0x70,0x68,0x79,0x73,0x61,0x72,0x75,0x6d,0x5f,0x70,0x6f,0x69,
    0x6e,0x74,0x5f,0x70,0x61,0x72,0x61,0x6d,0x73,0x5b,0x31,0x5d,0x2e,0x78,0x79,0x2c,
    0x20,0x76,0x65,0x63,0x32,0x28,0x31,0x2e,0x30,0x29,0x29,0x3b,0x0a,0x20,0x20,0x20,
    0x20,0x76,0x65,0x63,0x32,0x20,0x5f,0x36,0x35,0x20,0x3d,0x20,0x66,0x72,0x61,0x63,
    0x74,0x28,0x28,0x5f,0x34,0x31,0x2e,0x78,0x79,0x20,0x2b,0x20,0x5f,0x34,0x31,0x2e,
    0x7a,0x77,0x29,0x20,0x2f,0x20,0x5f,0x35,0x34,0x29,0x3b,0x0a,0x20,0x20,0x20,0x20,
    0x76,0x65,0x63,0x32,0x20,0x5f,0x37,0x34,0x20,0x3d,0x20,0x74,0x65,0x78,0x74,0x75,
    0x72,0x65,0x4c,0x6f,0x64,0x28,0x70,0x68,0x79,0x73,0x61,0x72,0x75,0x6d,0x50,0x6f,
    0x69,0x6e,0x74,0x56,0x65,0x6c,0x6f,0x63,0x69,0x74,0x79,0x54,0x65,0x78,0x5f,0x70,
    0x68,0x79,0x73,0x61,0x72,0x75,0x6d,0x50,0x6f,0x69,0x6e,0x74,0x56,0x65,0x6c,0x6f,
    0x63,0x69,0x74,0x79,0x53,0x6d,0x70,0x2c,0x20,0x5f,0x36,0x35,0x2c,0x20,0x30,0x2e,
    0x30,0x29,0x2e,0x78,0x79,0x3b,0x0a,0x20,0x20,0x20,0x20,0x76,0x65,0x63,0x32,0x20,
    0x70,0x61,0x72,0x61,0x6d,0x20,0x3d,0x20,0x6c,0x6f,0x6f,0x6b,0x75,0x70,0x20,0x2b,
    0x20,0x76,0x65,0x63,0x32,0x28,0x30,0x2e,0x31,0x32,0x39,0x39,0x39,0x39,0x39,0x39,
    0x35,0x32,0x33,0x31,0x36,0x32,0x38,0x34,0x31,0x37,0x39,0x36,0x38,0x37,0x35,0x2c,
    0x20,0x30,0x2e,0x37,0x30,0x39,0x39,0x39,0x39,0x39,0x37,0x38,0x35,0x34,0x32,0x33,
    0x32,0x37,0x38,0x38,0x30,0x38,0x35,0x39,0x33,0x37,0x35,0x29,0x3b,0x0a,0x20,0x20,
    0x20,0x20,0x76,0x65,0x63,0x32,0x20,0x70,0x61,0x72,0x61,0x6d,0x5f,0x31,0x20,0x3d,
    0x20,0x6c,0x6f,0x6f,0x6b,0x75,0x70,0x20,0x2b,0x20,0x76,0x65,0x63,0x32,0x28,0x70,
    0x68,0x79,0x73,0x61,0x72,0x75,0x6d,0x5f,0x70,0x6f,0x69,0x6e,0x74,0x5f,0x68,0x61,
    0x73,0x68,0x28,0x70,0x61,0x72,0x61,0x6d,0x29,0x2c,0x20,0x30,0x2e,0x34,0x30,0x39,
    0x39,0x39,0x39,0x39,0x39,0x36,0x34,0x32,0x33,0x37,0x32,0x31,0x33,0x31,0x33,0x34,
    0x37,0x36,0x35,0x36,0x32,0x35,0x29,0x3b,0x0a,0x20,0x20,0x20,0x20,0x76,0x65,0x63,
    0x32,0x20,0x5f,0x31,0x37,0x33,0x20,0x3d,0x20,0x28,0x28,0x28,0x28,0x5f,0x36,0x35,
    0x20,0x2a,0x20,0x5f,0x35,0x34,0x29,0x20,0x2b,0x20,0x28,0x28,0x63,0x6f,0x72,0x6e,
    0x65,0x72,0x20,0x2a,0x20,0x6d,0x61,0x78,0x28,0x70,0x68,0x79,0x73,0x61,0x72,0x75,
    0x6d,0x5f,0x70,0x6f,0x69,0x6e,0x74,0x5f,0x70,0x61,0x72,0x61,0x6d,0x73,0x5b,0x33,
    0x5d,0x2e,0x78,0x2c,0x20,0x30,0x2e,0x37,0x35,0x29,0x29,0x20,0x2a,0x20,0x30,0x2e,
    0x35,0x29,0x29,0x20,0x2f,0x20,0x5f,0x35,0x34,0x29,0x20,0x2a,0x20,0x32,0x2e,0x30,
    0x29,0x20,0x2d,0x20,0x76,0x65,0x63,0x32,0x28,0x31,0x2e,0x30,0x29,0x3b,0x0a,0x20,
    0x20,0x20,0x20,0x76,0x5f,0x72,0x67,0x62,0x20,0x3d,0x20,0x70,0x68,0x79,0x73,0x61,
    0x72,0x75,0x6d,0x5f,0x70,0x6f,0x69,0x6e,0x74,0x5f,0x70,0x61,0x72,0x61,0x6d,0x73,
    0x5b,0x30,0x5d,0x2e,0x78,0x79,0x7a,0x3b,0x0a,0x20,0x20,0x20,0x20,0x76,0x5f,0x61,
    0x6c,0x70,0x68,0x61,0x20,0x3d,0x20,0x70,0x68,0x79,0x73,0x61,0x72,0x75,0x6d,0x5f,
    0x70,0x6f,0x69,0x6e,0x74,0x5f,0x70,0x61,0x72,0x61,0x6d,0x73,0x5b,0x30,0x5d,0x2e,
    0x77,0x20,0x2a,0x20,0x63,0x6c,0x61,0x6d,0x70,0x28,0x28,0x28,0x28,0x30,0x2e,0x30,
    0x36,0x34,0x30,0x30,0x30,0x30,0x30,0x33,0x30,0x33,0x39,0x38,0x33,0x36,0x38,0x38,
    0x33,0x35,0x34,0x34,0x39,0x32,0x31,0x38,0x37,0x35,0x20,0x2b,0x20,0x28,0x30,0x2e,
    0x31,0x38,0x39,0x39,0x39,0x39,0x39,0x39,0x37,0x36,0x31,0x35,0x38,0x31,0x34,0x32,
    0x30,0x38,0x39,0x38,0x34,0x33,0x37,0x35,0x20,0x2a,0x20,0x63,0x6c,0x61,0x6d,0x70,
    0x28,0x28,0x64,0x6f,0x74,0x28,0x5f,0x37,0x34,0x2c,0x20,0x5f,0x37,0x34,0x29,0x20,
    0x2a,0x20,0x30,0x2e,0x30,0x35,0x30,0x30,0x30,0x30,0x30,0x30,0x30,0x37,0x34,0x35,
    0x30,0x35,0x38,0x30,0x35,0x39,0x36,0x39,0x32,0x33,0x38,0x32,0x38,0x31,0x32,0x35,
    0x29,0x20,0x2b,0x20,0x30,0x2e,0x36,0x39,0x39,0x39,0x39,0x39,0x39,0x38,0x38,0x30,
    0x37,0x39,0x30,0x37,0x31,0x30,0x34,0x34,0x39,0x32,0x31,0x38,0x37,0x35,0x2c,0x20,
    0x30,0x2e,0x30,0x2c,0x20,0x31,0x2e,0x30,0x29,0x29,0x29,0x20,0x2a,0x20,0x6d,0x69,
    0x6e,0x28,0x63,0x6c,0x61,0x6d,0x70,0x28,0x74,0x65,0x78,0x74,0x75,0x72,0x65,0x4c,
    0x6f,0x64,0x28,0x70,0x68,0x79,0x73,0x61,0x72,0x75,0x6d,0x50,0x6f,0x69,0x6e,0x74,
    0x41,0x67,0x65,0x54,0x65,0x78,0x5f,0x70,0x68,0x79,0x73,0x61,0x72,0x75,0x6d,0x50,
    0x6f,0x69,0x6e,0x74,0x41,0x67,0x65,0x53,0x6d,0x70,0x2c,0x20,0x6c,0x6f,0x6f,0x6b,
    0x75,0x70,0x2c,0x20,0x30,0x2e,0x30,0x29,0x2e,0x78,0x20,0x2f,0x20,0x6d,0x61,0x78,
    0x28,0x70,0x68,0x79,0x73,0x61,0x72,0x75,0x6d,0x5f,0x70,0x6f,0x69,0x6e,0x74,0x5f,
    0x70,0x61,0x72,0x61,0x6d,0x73,0x5b,0x33,0x5d,0x2e,0x7a,0x2c,0x20,0x31,0x2e,0x30,
    0x29,0x2c,0x20,0x30,0x2e,0x30,0x2c,0x20,0x31,0x2e,0x30,0x29,0x20,0x2a,0x20,0x31,
    0x30,0x2e,0x30,0x2c,0x20,0x31,0x2e,0x30,0x29,0x29,0x20,0x2a,0x20,0x6d,0x69,0x78,
    0x28,0x30,0x2e,0x37,0x34,0x30,0x30,0x30,0x30,0x30,0x30,0x39,0x35,0x33,0x36,0x37,
    0x34,0x33,0x31,0x36,0x34,0x30,0x36,0x32,0x35,0x2c,0x20,0x31,0x2e,0x32,0x34,0x30,
    0x30,0x30,0x30,0x30,0x30,0x39,0x35,0x33,0x36,0x37,0x34,0x33,0x31,0x36,0x34,0x30,
    0x36,0x32,0x35,0x2c,0x20,0x70,0x68,0x79,0x73,0x61,0x72,0x75,0x6d,0x5f,0x70,0x6f,
    0x69,0x6e,0x74,0x5f,0x68,0x61,0x73,0x68,0x28,0x70,0x61,0x72,0x61,0x6d,0x5f,0x31,
    0x29,0x29,0x29,0x20,0x2a,0x20,0x63,0x6c,0x61,0x6d,0x70,0x28,0x70,0x68,0x79,0x73,
    0x61,0x72,0x75,0x6d,0x5f,0x70,0x6f,0x69,0x6e,0x74,0x5f,0x70,0x61,0x72,0x61,0x6d,
    0x73,0x5b,0x33,0x5d,0x2e,0x79,0x2c,0x20,0x30,0x2e,0x30,0x2c,0x20,0x33,0x2e,0x30,
    0x29,0x2c,0x20,0x30,0x2e,0x30,0x2c,0x20,0x30,0x2e,0x34,0x33,0x39,0x39,0x39,0x39,
    0x39,0x39,0x37,0x36,0x31,0x35,0x38,0x31,0x34,0x32,0x30,0x38,0x39,0x38,0x34,0x33,
    0x37,0x35,0x29,0x3b,0x0a,0x20,0x20,0x20,0x20,0x67,0x6c,0x5f,0x50,0x6f,0x73,0x69,
    0x74,0x69,0x6f,0x6e,0x20,0x3d,0x20,0x76,0x65,0x63,0x34,0x28,0x5f,0x31,0x37,0x33,
    0x2e,0x78,0x2c,0x20,0x2d,0x5f,0x31,0x37,0x33,0x2e,0x79,0x2c,0x20,0x30,0x2e,0x30,
    0x2c,0x20,0x31,0x2e,0x30,0x29,0x3b,0x0a,0x7d,0x0a,0x0a,0x00,
};
/*
    #version 300 es
    precision mediump float;
    precision highp int;

    layout(location = 0) out highp vec4 frag_color;
    in highp vec3 v_rgb;
    in highp float v_alpha;

    void main()
    {
        frag_color = vec4(v_rgb, v_alpha);
    }

*/
static const uint8_t fs_physarum_deposit_source_glsl300es[214] = {
    0x23,0x76,0x65,0x72,0x73,0x69,0x6f,0x6e,0x20,0x33,0x30,0x30,0x20,0x65,0x73,0x0a,
    0x70,0x72,0x65,0x63,0x69,0x73,0x69,0x6f,0x6e,0x20,0x6d,0x65,0x64,0x69,0x75,0x6d,
    0x70,0x20,0x66,0x6c,0x6f,0x61,0x74,0x3b,0x0a,0x70,0x72,0x65,0x63,0x69,0x73,0x69,
    0x6f,0x6e,0x20,0x68,0x69,0x67,0x68,0x70,0x20,0x69,0x6e,0x74,0x3b,0x0a,0x0a,0x6c,
    0x61,0x79,0x6f,0x75,0x74,0x28,0x6c,0x6f,0x63,0x61,0x74,0x69,0x6f,0x6e,0x20,0x3d,
    0x20,0x30,0x29,0x20,0x6f,0x75,0x74,0x20,0x68,0x69,0x67,0x68,0x70,0x20,0x76,0x65,
    0x63,0x34,0x20,0x66,0x72,0x61,0x67,0x5f,0x63,0x6f,0x6c,0x6f,0x72,0x3b,0x0a,0x69,
    0x6e,0x20,0x68,0x69,0x67,0x68,0x70,0x20,0x76,0x65,0x63,0x33,0x20,0x76,0x5f,0x72,
    0x67,0x62,0x3b,0x0a,0x69,0x6e,0x20,0x68,0x69,0x67,0x68,0x70,0x20,0x66,0x6c,0x6f,
    0x61,0x74,0x20,0x76,0x5f,0x61,0x6c,0x70,0x68,0x61,0x3b,0x0a,0x0a,0x76,0x6f,0x69,
    0x64,0x20,0x6d,0x61,0x69,0x6e,0x28,0x29,0x0a,0x7b,0x0a,0x20,0x20,0x20,0x20,0x66,
    0x72,0x61,0x67,0x5f,0x63,0x6f,0x6c,0x6f,0x72,0x20,0x3d,0x20,0x76,0x65,0x63,0x34,
    0x28,0x76,0x5f,0x72,0x67,0x62,0x2c,0x20,0x76,0x5f,0x61,0x6c,0x70,0x68,0x61,0x29,
    0x3b,0x0a,0x7d,0x0a,0x0a,0x00,
};
/*
    static float4 gl_Position;
    static float2 position;
    static float2 uv;
    static float2 texcoord0;

    struct SPIRV_Cross_Input
    {
        float2 position : TEXCOORD0;
        float2 texcoord0 : TEXCOORD1;
    };

    struct SPIRV_Cross_Output
    {
        float2 uv : TEXCOORD0;
        float4 gl_Position : SV_Position;
    };

    void vert_main()
    {
        gl_Position = float4(position, 0.0f, 1.0f);
        uv = texcoord0;
    }

    SPIRV_Cross_Output main(SPIRV_Cross_Input stage_input)
    {
        position = stage_input.position;
        texcoord0 = stage_input.texcoord0;
        vert_main();
        SPIRV_Cross_Output stage_output;
        stage_output.gl_Position = gl_Position;
        stage_output.uv = uv;
        return stage_output;
    }
*/
static const uint8_t physarum_fullscreen_vs_source_hlsl5[665] = {
    0x73,0x74,0x61,0x74,0x69,0x63,0x20,0x66,0x6c,0x6f,0x61,0x74,0x34,0x20,0x67,0x6c,
    0x5f,0x50,0x6f,0x73,0x69,0x74,0x69,0x6f,0x6e,0x3b,0x0a,0x73,0x74,0x61,0x74,0x69,
    0x63,0x20,0x66,0x6c,0x6f,0x61,0x74,0x32,0x20,0x70,0x6f,0x73,0x69,0x74,0x69,0x6f,
    0x6e,0x3b,0x0a,0x73,0x74,0x61,0x74,0x69,0x63,0x20,0x66,0x6c,0x6f,0x61,0x74,0x32,
    0x20,0x75,0x76,0x3b,0x0a,0x73,0x74,0x61,0x74,0x69,0x63,0x20,0x66,0x6c,0x6f,0x61,
    0x74,0x32,0x20,0x74,0x65,0x78,0x63,0x6f,0x6f,0x72,0x64,0x30,0x3b,0x0a,0x0a,0x73,
    0x74,0x72,0x75,0x63,0x74,0x20,0x53,0x50,0x49,0x52,0x56,0x5f,0x43,0x72,0x6f,0x73,
    0x73,0x5f,0x49,0x6e,0x70,0x75,0x74,0x0a,0x7b,0x0a,0x20,0x20,0x20,0x20,0x66,0x6c,
    0x6f,0x61,0x74,0x32,0x20,0x70,0x6f,0x73,0x69,0x74,0x69,0x6f,0x6e,0x20,0x3a,0x20,
    0x54,0x45,0x58,0x43,0x4f,0x4f,0x52,0x44,0x30,0x3b,0x0a,0x20,0x20,0x20,0x20,0x66,
    0x6c,0x6f,0x61,0x74,0x32,0x20,0x74,0x65,0x78,0x63,0x6f,0x6f,0x72,0x64,0x30,0x20,
    0x3a,0x20,0x54,0x45,0x58,0x43,0x4f,0x4f,0x52,0x44,0x31,0x3b,0x0a,0x7d,0x3b,0x0a,
    0x0a,0x73,0x74,0x72,0x75,0x63,0x74,0x20,0x53,0x50,0x49,0x52,0x56,0x5f,0x43,0x72,
    0x6f,0x73,0x73,0x5f,0x4f,0x75,0x74,0x70,0x75,0x74,0x0a,0x7b,0x0a,0x20,0x20,0x20,
    0x20,0x66,0x6c,0x6f,0x61,0x74,0x32,0x20,0x75,0x76,0x20,0x3a,0x20,0x54,0x45,0x58,
    0x43,0x4f,0x4f,0x52,0x44,0x30,0x3b,0x0a,0x20,0x20,0x20,0x20,0x66,0x6c,0x6f,0x61,
    0x74,0x34,0x20,0x67,0x6c,0x5f,0x50,0x6f,0x73,0x69,0x74,0x69,0x6f,0x6e,0x20,0x3a,
    0x20,0x53,0x56,0x5f,0x50,0x6f,0x73,0x69,0x74,0x69,0x6f,0x6e,0x3b,0x0a,0x7d,0x3b,
    0x0a,0x0a,0x76,0x6f,0x69,0x64,0x20,0x76,0x65,0x72,0x74,0x5f,0x6d,0x61,0x69,0x6e,
    0x28,0x29,0x0a,0x7b,0x0a,0x20,0x20,0x20,0x20,0x67,0x6c,0x5f,0x50,0x6f,0x73,0x69,
    0x74,0x69,0x6f,0x6e,0x20,0x3d,0x20,0x66,0x6c,0x6f,0x61,0x74,0x34,0x28,0x70,0x6f,
    0x73,0x69,0x74,0x69,0x6f,0x6e,0x2c,0x20,0x30,0x2e,0x30,0x66,0x2c,0x20,0x31,0x2e,
    0x30,0x66,0x29,0x3b,0x0a,0x20,0x20,0x20,0x20,0x75,0x76,0x20,0x3d,0x20,0x74,0x65,
    0x78,0x63,0x6f,0x6f,0x72,0x64,0x30,0x3b,0x0a,0x7d,0x0a,0x0a,0x53,0x50,0x49,0x52,
    0x56,0x5f,0x43,0x72,0x6f,0x73,0x73,0x5f,0x4f,0x75,0x74,0x70,0x75,0x74,0x20,0x6d,
    0x61,0x69,0x6e,0x28,0x53,0x50,0x49,0x52,0x56,0x5f,0x43,0x72,0x6f,0x73,0x73,0x5f,
    0x49,0x6e,0x70,0x75,0x74,0x20,0x73,0x74,0x61,0x67,0x65,0x5f,0x69,0x6e,0x70,0x75,
    0x74,0x29,0x0a,0x7b,0x0a,0x20,0x20,0x20,0x20,0x70,0x6f,0x73,0x69,0x74,0x69,0x6f,
    0x6e,0x20,0x3d,0x20,0x73,0x74,0x61,0x67,0x65,0x5f,0x69,0x6e,0x70,0x75,0x74,0x2e,
    0x70,0x6f,0x73,0x69,0x74,0x69,0x6f,0x6e,0x3b,0x0a,0x20,0x20,0x20,0x20,0x74,0x65,
    0x78,0x63,0x6f,0x6f,0x72,0x64,0x30,0x20,0x3d,0x20,0x73,0x74,0x61,0x67,0x65,0x5f,
    0x69,0x6e,0x70,0x75,0x74,0x2e,0x74,0x65,0x78,0x63,0x6f,0x6f,0x72,0x64,0x30,0x3b,
    0x0a,0x20,0x20,0x20,0x20,0x76,0x65,0x72,0x74,0x5f,0x6d,0x61,0x69,0x6e,0x28,0x29,
    0x3b,0x0a,0x20,0x20,0x20,0x20,0x53,0x50,0x49,0x52,0x56,0x5f,0x43,0x72,0x6f,0x73,
    0x73,0x5f,0x4f,0x75,0x74,0x70,0x75,0x74,0x20,0x73,0x74,0x61,0x67,0x65,0x5f,0x6f,
    0x75,0x74,0x70,0x75,0x74,0x3b,0x0a,0x20,0x20,0x20,0x20,0x73,0x74,0x61,0x67,0x65,
    0x5f,0x6f,0x75,0x74,0x70,0x75,0x74,0x2e,0x67,0x6c,0x5f,0x50,0x6f,0x73,0x69,0x74,
    0x69,0x6f,0x6e,0x20,0x3d,0x20,0x67,0x6c,0x5f,0x50,0x6f,0x73,0x69,0x74,0x69,0x6f,
    0x6e,0x3b,0x0a,0x20,0x20,0x20,0x20,0x73,0x74,0x61,0x67,0x65,0x5f,0x6f,0x75,0x74,
    0x70,0x75,0x74,0x2e,0x75,0x76,0x20,0x3d,0x20,0x75,0x76,0x3b,0x0a,0x20,0x20,0x20,
    0x20,0x72,0x65,0x74,0x75,0x72,0x6e,0x20,0x73,0x74,0x61,0x67,0x65,0x5f,0x6f,0x75,
    0x74,0x70,0x75,0x74,0x3b,0x0a,0x7d,0x0a,0x00,
};
/*
    cbuffer physarum_params : register(b0)
    {
        float4 _56_color : packoffset(c0);
        float4 _56_resolution : packoffset(c1);
        float4 _56_texel : packoffset(c2);
        float4 _56_options : packoffset(c3);
    };


    static float2 uv;
    static float4 frag_color;

    struct SPIRV_Cross_Input
    {
        float2 uv : TEXCOORD0;
    };

    struct SPIRV_Cross_Output
    {
        float4 frag_color : SV_Target0;
    };

    float physarum_hash(float2 p)
    {
        return frac(sin(dot(p, float2(127.09999847412109375f, 311.70001220703125f))) * 43758.546875f);
    }

    float2 physarum_hash2(float2 p)
    {
        float2 param = p;
        float _32 = physarum_hash(param);
        float2 param_1 = (p.yx + float2(_32, 1.0f - _32)) + 19.1900005340576171875f.xx;
        return float2(_32, physarum_hash(param_1));
    }

    void frag_main()
    {
        float2 param = uv + _56_options.zw;
        float2 _74 = physarum_hash2(param);
        float2 param_1 = _74 + (uv * 17.0f);
        frag_color = float4(frac(_74 + (physarum_hash2(param_1) * 0.61803400516510009765625f)) * max(_56_options.xy, 1.0f.xx), 0.0f, 0.0f);
    }

    SPIRV_Cross_Output main(SPIRV_Cross_Input stage_input)
    {
        uv = stage_input.uv;
        frag_main();
        SPIRV_Cross_Output stage_output;
        stage_output.frag_color = frag_color;
        return stage_output;
    }
*/
static const uint8_t fs_physarum_spawn_source_hlsl5[1228] = {
    0x63,0x62,0x75,0x66,0x66,0x65,0x72,0x20,0x70,0x68,0x79,0x73,0x61,0x72,0x75,0x6d,
    0x5f,0x70,0x61,0x72,0x61,0x6d,0x73,0x20,0x3a,0x20,0x72,0x65,0x67,0x69,0x73,0x74,
    0x65,0x72,0x28,0x62,0x30,0x29,0x0a,0x7b,0x0a,0x20,0x20,0x20,0x20,0x66,0x6c,0x6f,
    0x61,0x74,0x34,0x20,0x5f,0x35,0x36,0x5f,0x63,0x6f,0x6c,0x6f,0x72,0x20,0x3a,0x20,
    0x70,0x61,0x63,0x6b,0x6f,0x66,0x66,0x73,0x65,0x74,0x28,0x63,0x30,0x29,0x3b,0x0a,
    0x20,0x20,0x20,0x20,0x66,0x6c,0x6f,0x61,0x74,0x34,0x20,0x5f,0x35,0x36,0x5f,0x72,
    0x65,0x73,0x6f,0x6c,0x75,0x74,0x69,0x6f,0x6e,0x20,0x3a,0x20,0x70,0x61,0x63,0x6b,
    0x6f,0x66,0x66,0x73,0x65,0x74,0x28,0x63,0x31,0x29,0x3b,0x0a,0x20,0x20,0x20,0x20,
    0x66,0x6c,0x6f,0x61,0x74,0x34,0x20,0x5f,0x35,0x36,0x5f,0x74,0x65,0x78,0x65,0x6c,
    0x20,0x3a,0x20,0x70,0x61,0x63,0x6b,0x6f,0x66,0x66,0x73,0x65,0x74,0x28,0x63,0x32,
    0x29,0x3b,0x0a,0x20,0x20,0x20,0x20,0x66,0x6c,0x6f,0x61,0x74,0x34,0x20,0x5f,0x35,
    0x36,0x5f,0x6f,0x70,0x74,0x69,0x6f,0x6e,0x73,0x20,0x3a,0x20,0x70,0x61,0x63,0x6b,
    0x6f,0x66,0x66,0x73,0x65,0x74,0x28,0x63,0x33,0x29,0x3b,0x0a,0x7d,0x3b,0x0a,0x0a,
    0x0a,0x73,0x74,0x61,0x74,0x69,0x63,0x20,0x66,0x6c,0x6f,0x61,0x74,0x32,0x20,0x75,
    0x76,0x3b,0x0a,0x73,0x74,0x61,0x74,0x69,0x63,0x20,0x66,0x6c,0x6f,0x61,0x74,0x34,
    0x20,0x66,0x72,0x61,0x67,0x5f,0x63,0x6f,0x6c,0x6f,0x72,0x3b,0x0a,0x0a,0x73,0x74,
    0x72,0x75,0x63,0x74,0x20,0x53,0x50,0x49,0x52,0x56,0x5f,0x43,0x72,0x6f,0x73,0x73,
    0x5f,0x49,0x6e,0x70,0x75,0x74,0x0a,0x7b,0x0a,0x20,0x20,0x20,0x20,0x66,0x6c,0x6f,
    0x61,0x74,0x32,0x20,0x75,0x76,0x20,0x3a,0x20,0x54,0x45,0x58,0x43,0x4f,0x4f,0x52,
    0x44,0x30,0x3b,0x0a,0x7d,0x3b,0x0a,0x0a,0x73,0x74,0x72,0x75,0x63,0x74,0x20,0x53,
    0x50,0x49,0x52,0x56,0x5f,0x43,0x72,0x6f,0x73,0x73,0x5f,0x4f,0x75,0x74,0x70,0x75,
    0x74,0x0a,0x7b,0x0a,0x20,0x20,0x20,0x20,0x66,0x6c,0x6f,0x61,0x74,0x34,0x20,0x66,
    0x72,0x61,0x67,0x5f,0x63,0x6f,0x6c,0x6f,0x72,0x20,0x3a,0x20,0x53,0x56,0x5f,0x54,
    0x61,0x72,0x67,0x65,0x74,0x30,0x3b,0x0a,0x7d,0x3b,0x0a,0x0a,0x66,0x6c,0x6f,0x61,
    0x74,0x20,0x70,0x68,0x79,0x73,0x61,0x72,0x75,0x6d,0x5f,0x68,0x61,0x73,0x68,0x28,
    0x66,0x6c,0x6f,0x61,0x74,0x32,0x20,0x70,0x29,0x0a,0x7b,0x0a,0x20,0x20,0x20,0x20,
    0x72,0x65,0x74,0x75,0x72,0x6e,0x20,0x66,0x72,0x61,0x63,0x28,0x73,0x69,0x6e,0x28,
    0x64,0x6f,0x74,0x28,0x70,0x2c,0x20,0x66,0x6c,0x6f,0x61,0x74,0x32,0x28,0x31,0x32,
    0x37,0x2e,0x30,0x39,0x39,0x39,0x39,0x38,0x34,0x37,0x34,0x31,0x32,0x31,0x30,0x39,
    0x33,0x37,0x35,0x66,0x2c,0x20,0x33,0x31,0x31,0x2e,0x37,0x30,0x30,0x30,0x31,0x32,
    0x32,0x30,0x37,0x30,0x33,0x31,0x32,0x35,0x66,0x29,0x29,0x29,0x20,0x2a,0x20,0x34,
    0x33,0x37,0x35,0x38,0x2e,0x35,0x34,0x36,0x38,0x37,0x35,0x66,0x29,0x3b,0x0a,0x7d,
    0x0a,0x0a,0x66,0x6c,0x6f,0x61,0x74,0x32,0x20,0x70,0x68,0x79,0x73,0x61,0x72,0x75,
    0x6d,0x5f,0x68,0x61,0x73,0x68,0x32,0x28,0x66,0x6c,0x6f,0x61,0x74,0x32,0x20,0x70,
    0x29,0x0a,0x7b,0x0a,0x20,0x20,0x20,0x20,0x66,0x6c,0x6f,0x61,0x74,0x32,0x20,0x70,
    0x61,0x72,0x61,0x6d,0x20,0x3d,0x20,0x70,0x3b,0x0a,0x20,0x20,0x20,0x20,0x66,0x6c,
    0x6f,0x61,0x74,0x20,0x5f,0x33,0x32,0x20,0x3d,0x20,0x70,0x68,0x79,0x73,0x61,0x72,
    0x75,0x6d,0x5f,0x68,0x61,0x73,0x68,0x28,0x70,0x61,0x72,0x61,0x6d,0x29,0x3b,0x0a,
    0x20,0x20,0x20,0x20,0x66,0x6c,0x6f,0x61,0x74,0x32,0x20,0x70,0x61,0x72,0x61,0x6d,
    0x5f,0x31,0x20,0x3d,0x20,0x28,0x70,0x2e,0x79,0x78,0x20,0x2b,0x20,0x66,0x6c,0x6f,
    0x61,0x74,0x32,0x28,0x5f,0x33,0x32,0x2c,0x20,0x31,0x2e,0x30,0x66,0x20,0x2d,0x20,
    0x5f,0x33,0x32,0x29,0x29,0x20,0x2b,0x20,0x31,0x39,0x2e,0x31,0x39,0x30,0x30,0x30,
    0x30,0x35,0x33,0x34,0x30,0x35,0x37,0x36,0x31,0x37,0x31,0x38,0x37,0x35,0x66,0x2e,
    0x78,0x78,0x3b,0x0a,0x20,0x20,0x20,0x20,0x72,0x65,0x74,0x75,0x72,0x6e,0x20,0x66,
    0x6c,0x6f,0x61,0x74,0x32,0x28,0x5f,0x33,0x32,0x2c,0x20,0x70,0x68,0x79,0x73,0x61,
    0x72,0x75,0x6d,0x5f,0x68,0x61,0x73,0x68,0x28,0x70,0x61,0x72,0x61,0x6d,0x5f,0x31,
    0x29,0x29,0x3b,0x0a,0x7d,0x0a,0x0a,0x76,0x6f,0x69,0x64,0x20,0x66,0x72,0x61,0x67,
    0x5f,0x6d,0x61,0x69,0x6e,0x28,0x29,0x0a,0x7b,0x0a,0x20,0x20,0x20,0x20,0x66,0x6c,
    0x6f,0x61,0x74,0x32,0x20,0x70,0x61,0x72,0x61,0x6d,0x20,0x3d,0x20,0x75,0x76,0x20,
    0x2b,0x20,0x5f,0x35,0x36,0x5f,0x6f,0x70,0x74,0x69,0x6f,0x6e,0x73,0x2e,0x7a,0x77,
    0x3b,0x0a,0x20,0x20,0x20,0x20,0x66,0x6c,0x6f,0x61,0x74,0x32,0x20,0x5f,0x37,0x34,
    0x20,0x3d,0x20,0x70,0x68,0x79,0x73,0x61,0x72,0x75,0x6d,0x5f,0x68,0x61,0x73,0x68,
    0x32,0x28,0x70,0x61,0x72,0x61,0x6d,0x29,0x3b,0x0a,0x20,0x20,0x20,0x20,0x66,0x6c,
    0x6f,0x61,0x74,0x32,0x20,0x70,0x61,0x72,0x61,0x6d,0x5f,0x31,0x20,0x3d,0x20,0x5f,
    0x37,0x34,0x20,0x2b,0x20,0x28,0x75,0x76,0x20,0x2a,0x20,0x31,0x37,0x2e,0x30,0x66,
    0x29,0x3b,0x0a,0x20,0x20,0x20,0x20,0x66,0x72,0x61,0x67,0x5f,0x63,0x6f,0x6c,0x6f,
    0x72,0x20,0x3d,0x20,0x66,0x6c,0x6f,0x61,0x74,0x34,0x28,0x66,0x72,0x61,0x63,0x28,
    0x5f,0x37,0x34,0x20,0x2b,0x20,0x28,0x70,0x68,0x79,0x73,0x61,0x72,0x75,0x6d,0x5f,
    0x68,0x61,0x73,0x68,0x32,0x28,0x70,0x61,0x72,0x61,0x6d,0x5f,0x31,0x29,0x20,0x2a,
    0x20,0x30,0x2e,0x36,0x31,0x38,0x30,0x33,0x34,0x30,0x30,0x35,0x31,0x36,0x35,0x31,
    0x30,0x30,0x30,0x39,0x37,0x36,0x35,0x36,0x32,0x35,0x66,0x29,0x29,0x20,0x2a,0x20,
    0x6d,0x61,0x78,0x28,0x5f,0x35,0x36,0x5f,0x6f,0x70,0x74,0x69,0x6f,0x6e,0x73,0x2e,
    0x78,0x79,0x2c,0x20,0x31,0x2e,0x30,0x66,0x2e,0x78,0x78,0x29,0x2c,0x20,0x30,0x2e,
    0x30,0x66,0x2c,0x20,0x30,0x2e,0x30,0x66,0x29,0x3b,0x0a,0x7d,0x0a,0x0a,0x53,0x50,
    0x49,0x52,0x56,0x5f,0x43,0x72,0x6f,0x73,0x73,0x5f,0x4f,0x75,0x74,0x70,0x75,0x74,
    0x20,0x6d,0x61,0x69,0x6e,0x28,0x53,0x50,0x49,0x52,0x56,0x5f,0x43,0x72,0x6f,0x73,
    0x73,0x5f,0x49,0x6e,0x70,0x75,0x74,0x20,0x73,0x74,0x61,0x67,0x65,0x5f,0x69,0x6e,
    0x70,0x75,0x74,0x29,0x0a,0x7b,0x0a,0x20,0x20,0x20,0x20,0x75,0x76,0x20,0x3d,0x20,
    0x73,0x74,0x61,0x67,0x65,0x5f,0x69,0x6e,0x70,0x75,0x74,0x2e,0x75,0x76,0x3b,0x0a,
    0x20,0x20,0x20,0x20,0x66,0x72,0x61,0x67,0x5f,0x6d,0x61,0x69,0x6e,0x28,0x29,0x3b,
    0x0a,0x20,0x20,0x20,0x20,0x53,0x50,0x49,0x52,0x56,0x5f,0x43,0x72,0x6f,0x73,0x73,
    0x5f,0x4f,0x75,0x74,0x70,0x75,0x74,0x20,0x73,0x74,0x61,0x67,0x65,0x5f,0x6f,0x75,
    0x74,0x70,0x75,0x74,0x3b,0x0a,0x20,0x20,0x20,0x20,0x73,0x74,0x61,0x67,0x65,0x5f,
    0x6f,0x75,0x74,0x70,0x75,0x74,0x2e,0x66,0x72,0x61,0x67,0x5f,0x63,0x6f,0x6c,0x6f,
    0x72,0x20,0x3d,0x20,0x66,0x72,0x61,0x67,0x5f,0x63,0x6f,0x6c,0x6f,0x72,0x3b,0x0a,
    0x20,0x20,0x20,0x20,0x72,0x65,0x74,0x75,0x72,0x6e,0x20,0x73,0x74,0x61,0x67,0x65,
    0x5f,0x6f,0x75,0x74,0x70,0x75,0x74,0x3b,0x0a,0x7d,0x0a,0x00,
};
/*
    cbuffer physarum_params : register(b0)
    {
        float4 _32_color : packoffset(c0);
        float4 _32_resolution : packoffset(c1);
        float4 _32_texel : packoffset(c2);
        float4 _32_options : packoffset(c3);
    };


    static float2 uv;
    static float4 frag_color;

    struct SPIRV_Cross_Input
    {
        float2 uv : TEXCOORD0;
    };

    struct SPIRV_Cross_Output
    {
        float4 frag_color : SV_Target0;
    };

    float physarum_age_hash(float2 p)
    {
        return frac(sin(dot(p, float2(127.09999847412109375f, 311.70001220703125f))) * 43758.546875f);
    }

    void frag_main()
    {
        float2 param = uv + _32_options.zw;
        frag_color = float4(physarum_age_hash(param) * max(_32_options.x, 1.0f), 0.0f, 0.0f, 1.0f);
    }

    SPIRV_Cross_Output main(SPIRV_Cross_Input stage_input)
    {
        uv = stage_input.uv;
        frag_main();
        SPIRV_Cross_Output stage_output;
        stage_output.frag_color = frag_color;
        return stage_output;
    }
*/
static const uint8_t fs_physarum_age_spawn_source_hlsl5[882] = {
    0x63,0x62,0x75,0x66,0x66,0x65,0x72,0x20,0x70,0x68,0x79,0x73,0x61,0x72,0x75,0x6d,
    0x5f,0x70,0x61,0x72,0x61,0x6d,0x73,0x20,0x3a,0x20,0x72,0x65,0x67,0x69,0x73,0x74,
    0x65,0x72,0x28,0x62,0x30,0x29,0x0a,0x7b,0x0a,0x20,0x20,0x20,0x20,0x66,0x6c,0x6f,
    0x61,0x74,0x34,0x20,0x5f,0x33,0x32,0x5f,0x63,0x6f,0x6c,0x6f,0x72,0x20,0x3a,0x20,
    0x70,0x61,0x63,0x6b,0x6f,0x66,0x66,0x73,0x65,0x74,0x28,0x63,0x30,0x29,0x3b,0x0a,
    0x20,0x20,0x20,0x20,0x66,0x6c,0x6f,0x61,0x74,0x34,0x20,0x5f,0x33,0x32,0x5f,0x72,
    0x65,0x73,0x6f,0x6c,0x75,0x74,0x69,0x6f,0x6e,0x20,0x3a,0x20,0x70,0x61,0x63,0x6b,
    0x6f,0x66,0x66,0x73,0x65,0x74,0x28,0x63,0x31,0x29,0x3b,0x0a,0x20,0x20,0x20,0x20,
    0x66,0x6c,0x6f,0x61,0x74,0x34,0x20,0x5f,0x33,0x32,0x5f,0x74,0x65,0x78,0x65,0x6c,
    0x20,0x3a,0x20,0x70,0x61,0x63,0x6b,0x6f,0x66,0x66,0x73,0x65,0x74,0x28,0x63,0x32,
    0x29,0x3b,0x0a,0x20,0x20,0x20,0x20,0x66,0x6c,0x6f,0x61,0x74,0x34,0x20,0x5f,0x33,
    0x32,0x5f,0x6f,0x70,0x74,0x69,0x6f,0x6e,0x73,0x20,0x3a,0x20,0x70,0x61,0x63,0x6b,
    0x6f,0x66,0x66,0x73,0x65,0x74,0x28,0x63,0x33,0x29,0x3b,0x0a,0x7d,0x3b,0x0a,0x0a,
    0x0a,0x73,0x74,0x61,0x74,0x69,0x63,0x20,0x66,0x6c,0x6f,0x61,0x74,0x32,0x20,0x75,
    0x76,0x3b,0x0a,0x73,0x74,0x61,0x74,0x69,0x63,0x20,0x66,0x6c,0x6f,0x61,0x74,0x34,
    0x20,0x66,0x72,0x61,0x67,0x5f,0x63,0x6f,0x6c,0x6f,0x72,0x3b,0x0a,0x0a,0x73,0x74,
    0x72,0x75,0x63,0x74,0x20,0x53,0x50,0x49,0x52,0x56,0x5f,0x43,0x72,0x6f,0x73,0x73,
    0x5f,0x49,0x6e,0x70,0x75,0x74,0x0a,0x7b,0x0a,0x20,0x20,0x20,0x20,0x66,0x6c,0x6f,
    0x61,0x74,0x32,0x20,0x75,0x76,0x20,0x3a,0x20,0x54,0x45,0x58,0x43,0x4f,0x4f,0x52,
    0x44,0x30,0x3b,0x0a,0x7d,0x3b,0x0a,0x0a,0x73,0x74,0x72,0x75,0x63,0x74,0x20,0x53,
    0x50,0x49,0x52,0x56,0x5f,0x43,0x72,0x6f,0x73,0x73,0x5f,0x4f,0x75,0x74,0x70,0x75,
    0x74,0x0a,0x7b,0x0a,0x20,0x20,0x20,0x20,0x66,0x6c,0x6f,0x61,0x74,0x34,0x20,0x66,
    0x72,0x61,0x67,0x5f,0x63,0x6f,0x6c,0x6f,0x72,0x20,0x3a,0x20,0x53,0x56,0x5f,0x54,
    0x61,0x72,0x67,0x65,0x74,0x30,0x3b,0x0a,0x7d,0x3b,0x0a,0x0a,0x66,0x6c,0x6f,0x61,
    0x74,0x20,0x70,0x68,0x79,0x73,0x61,0x72,0x75,0x6d,0x5f,0x61,0x67,0x65,0x5f,0x68,
    0x61,0x73,0x68,0x28,0x66,0x6c,0x6f,0x61,0x74,0x32,0x20,0x70,0x29,0x0a,0x7b,0x0a,
    0x20,0x20,0x20,0x20,0x72,0x65,0x74,0x75,0x72,0x6e,0x20,0x66,0x72,0x61,0x63,0x28,
    0x73,0x69,0x6e,0x28,0x64,0x6f,0x74,0x28,0x70,0x2c,0x20,0x66,0x6c,0x6f,0x61,0x74,
    0x32,0x28,0x31,0x32,0x37,0x2e,0x30,0x39,0x39,0x39,0x39,0x38,0x34,0x37,0x34,0x31,
    0x32,0x31,0x30,0x39,0x33,0x37,0x35,0x66,0x2c,0x20,0x33,0x31,0x31,0x2e,0x37,0x30,
    0x30,0x30,0x31,0x32,0x32,0x30,0x37,0x30,0x33,0x31,0x32,0x35,0x66,0x29,0x29,0x29,
    0x20,0x2a,0x20,0x34,0x33,0x37,0x35,0x38,0x2e,0x35,0x34,0x36,0x38,0x37,0x35,0x66,
    0x29,0x3b,0x0a,0x7d,0x0a,0x0a,0x76,0x6f,0x69,0x64,0x20,0x66,0x72,0x61,0x67,0x5f,
    0x6d,0x61,0x69,0x6e,0x28,0x29,0x0a,0x7b,0x0a,0x20,0x20,0x20,0x20,0x66,0x6c,0x6f,
    0x61,0x74,0x32,0x20,0x70,0x61,0x72,0x61,0x6d,0x20,0x3d,0x20,0x75,0x76,0x20,0x2b,
    0x20,0x5f,0x33,0x32,0x5f,0x6f,0x70,0x74,0x69,0x6f,0x6e,0x73,0x2e,0x7a,0x77,0x3b,
    0x0a,0x20,0x20,0x20,0x20,0x66,0x72,0x61,0x67,0x5f,0x63,0x6f,0x6c,0x6f,0x72,0x20,
    0x3d,0x20,0x66,0x6c,0x6f,0x61,0x74,0x34,0x28,0x70,0x68,0x79,0x73,0x61,0x72,0x75,
    0x6d,0x5f,0x61,0x67,0x65,0x5f,0x68,0x61,0x73,0x68,0x28,0x70,0x61,0x72,0x61,0x6d,
    0x29,0x20,0x2a,0x20,0x6d,0x61,0x78,0x28,0x5f,0x33,0x32,0x5f,0x6f,0x70,0x74,0x69,
    0x6f,0x6e,0x73,0x2e,0x78,0x2c,0x20,0x31,0x2e,0x30,0x66,0x29,0x2c,0x20,0x30,0x2e,
    0x30,0x66,0x2c,0x20,0x30,0x2e,0x30,0x66,0x2c,0x20,0x31,0x2e,0x30,0x66,0x29,0x3b,
    0x0a,0x7d,0x0a,0x0a,0x53,0x50,0x49,0x52,0x56,0x5f,0x43,0x72,0x6f,0x73,0x73,0x5f,
    0x4f,0x75,0x74,0x70,0x75,0x74,0x20,0x6d,0x61,0x69,0x6e,0x28,0x53,0x50,0x49,0x52,
    0x56,0x5f,0x43,0x72,0x6f,0x73,0x73,0x5f,0x49,0x6e,0x70,0x75,0x74,0x20,0x73,0x74,
    0x61,0x67,0x65,0x5f,0x69,0x6e,0x70,0x75,0x74,0x29,0x0a,0x7b,0x0a,0x20,0x20,0x20,
    0x20,0x75,0x76,0x20,0x3d,0x20,0x73,0x74,0x61,0x67,0x65,0x5f,0x69,0x6e,0x70,0x75,
    0x74,0x2e,0x75,0x76,0x3b,0x0a,0x20,0x20,0x20,0x20,0x66,0x72,0x61,0x67,0x5f,0x6d,
    0x61,0x69,0x6e,0x28,0x29,0x3b,0x0a,0x20,0x20,0x20,0x20,0x53,0x50,0x49,0x52,0x56,
    0x5f,0x43,0x72,0x6f,0x73,0x73,0x5f,0x4f,0x75,0x74,0x70,0x75,0x74,0x20,0x73,0x74,
    0x61,0x67,0x65,0x5f,0x6f,0x75,0x74,0x70,0x75,0x74,0x3b,0x0a,0x20,0x20,0x20,0x20,
    0x73,0x74,0x61,0x67,0x65,0x5f,0x6f,0x75,0x74,0x70,0x75,0x74,0x2e,0x66,0x72,0x61,
    0x67,0x5f,0x63,0x6f,0x6c,0x6f,0x72,0x20,0x3d,0x20,0x66,0x72,0x61,0x67,0x5f,0x63,
    0x6f,0x6c,0x6f,0x72,0x3b,0x0a,0x20,0x20,0x20,0x20,0x72,0x65,0x74,0x75,0x72,0x6e,
    0x20,0x73,0x74,0x61,0x67,0x65,0x5f,0x6f,0x75,0x74,0x70,0x75,0x74,0x3b,0x0a,0x7d,
    0x0a,0x00,
};
/*
    cbuffer physarum_params : register(b0)
    {
        float4 _12_color : packoffset(c0);
        float4 _12_resolution : packoffset(c1);
        float4 _12_texel : packoffset(c2);
        float4 _12_options : packoffset(c3);
    };

    Texture2D<float4> physarumAgeUpdateTex : register(t0);
    SamplerState physarumAgeUpdateSmp : register(s0);

    static float2 uv;
    static float4 frag_color;

    struct SPIRV_Cross_Input
    {
        float2 uv : TEXCOORD0;
    };

    struct SPIRV_Cross_Output
    {
        float4 frag_color : SV_Target0;
    };

    void frag_main()
    {
        float _44 = physarumAgeUpdateTex.Sample(physarumAgeUpdateSmp, uv).x + max(_12_options.y, 0.0f);
        frag_color = float4((_44 >= max(_12_options.x, 1.0f)) ? 0.0f : _44, 0.0f, 0.0f, 1.0f);
    }

    SPIRV_Cross_Output main(SPIRV_Cross_Input stage_input)
    {
        uv = stage_input.uv;
        frag_main();
        SPIRV_Cross_Output stage_output;
        stage_output.frag_color = frag_color;
        return stage_output;
    }
*/
static const uint8_t fs_physarum_age_update_source_hlsl5[904] = {
    0x63,0x62,0x75,0x66,0x66,0x65,0x72,0x20,0x70,0x68,0x79,0x73,0x61,0x72,0x75,0x6d,
    0x5f,0x70,0x61,0x72,0x61,0x6d,0x73,0x20,0x3a,0x20,0x72,0x65,0x67,0x69,0x73,0x74,
    0x65,0x72,0x28,0x62,0x30,0x29,0x0a,0x7b,0x0a,0x20,0x20,0x20,0x20,0x66,0x6c,0x6f,
    0x61,0x74,0x34,0x20,0x5f,0x31,0x32,0x5f,0x63,0x6f,0x6c,0x6f,0x72,0x20,0x3a,0x20,
    0x70,0x61,0x63,0x6b,0x6f,0x66,0x66,0x73,0x65,0x74,0x28,0x63,0x30,0x29,0x3b,0x0a,
    0x20,0x20,0x20,0x20,0x66,0x6c,0x6f,0x61,0x74,0x34,0x20,0x5f,0x31,0x32,0x5f,0x72,
    0x65,0x73,0x6f,0x6c,0x75,0x74,0x69,0x6f,0x6e,0x20,0x3a,0x20,0x70,0x61,0x63,0x6b,
    0x6f,0x66,0x66,0x73,0x65,0x74,0x28,0x63,0x31,0x29,0x3b,0x0a,0x20,0x20,0x20,0x20,
    0x66,0x6c,0x6f,0x61,0x74,0x34,0x20,0x5f,0x31,0x32,0x5f,0x74,0x65,0x78,0x65,0x6c,
    0x20,0x3a,0x20,0x70,0x61,0x63,0x6b,0x6f,0x66,0x66,0x73,0x65,0x74,0x28,0x63,0x32,
    0x29,0x3b,0x0a,0x20,0x20,0x20,0x20,0x66,0x6c,0x6f,0x61,0x74,0x34,0x20,0x5f,0x31,
    0x32,0x5f,0x6f,0x70,0x74,0x69,0x6f,0x6e,0x73,0x20,0x3a,0x20,0x70,0x61,0x63,0x6b,
    0x6f,0x66,0x66,0x73,0x65,0x74,0x28,0x63,0x33,0x29,0x3b,0x0a,0x7d,0x3b,0x0a,0x0a,
    0x54,0x65,0x78,0x74,0x75,0x72,0x65,0x32,0x44,0x3c,0x66,0x6c,0x6f,0x61,0x74,0x34,
    0x3e,0x20,0x70,0x68,0x79,0x73,0x61,0x72,0x75,0x6d,0x41,0x67,0x65,0x55,0x70,0x64,
    0x61,0x74,0x65,0x54,0x65,0x78,0x20,0x3a,0x20,0x72,0x65,0x67,0x69,0x73,0x74,0x65,
    0x72,0x28,0x74,0x30,0x29,0x3b,0x0a,0x53,0x61,0x6d,0x70,0x6c,0x65,0x72,0x53,0x74,
    0x61,0x74,0x65,0x20,0x70,0x68,0x79,0x73,0x61,0x72,0x75,0x6d,0x41,0x67,0x65,0x55,
    0x70,0x64,0x61,0x74,0x65,0x53,0x6d,0x70,0x20,0x3a,0x20,0x72,0x65,0x67,0x69,0x73,
    0x74,0x65,0x72,0x28,0x73,0x30,0x29,0x3b,0x0a,0x0a,0x73,0x74,0x61,0x74,0x69,0x63,
    0x20,0x66,0x6c,0x6f,0x61,0x74,0x32,0x20,0x75,0x76,0x3b,0x0a,0x73,0x74,0x61,0x74,
    0x69,0x63,0x20,0x66,0x6c,0x6f,0x61,0x74,0x34,0x20,0x66,0x72,0x61,0x67,0x5f,0x63,
    0x6f,0x6c,0x6f,0x72,0x3b,0x0a,0x0a,0x73,0x74,0x72,0x75,0x63,0x74,0x20,0x53,0x50,
    0x49,0x52,0x56,0x5f,0x43,0x72,0x6f,0x73,0x73,0x5f,0x49,0x6e,0x70,0x75,0x74,0x0a,
    0x7b,0x0a,0x20,0x20,0x20,0x20,0x66,0x6c,0x6f,0x61,0x74,0x32,0x20,0x75,0x76,0x20,
    0x3a,0x20,0x54,0x45,0x58,0x43,0x4f,0x4f,0x52,0x44,0x30,0x3b,0x0a,0x7d,0x3b,0x0a,
    0x0a,0x73,0x74,0x72,0x75,0x63,0x74,0x20,0x53,0x50,0x49,0x52,0x56,0x5f,0x43,0x72,
    0x6f,0x73,0x73,0x5f,0x4f,0x75,0x74,0x70,0x75,0x74,0x0a,0x7b,0x0a,0x20,0x20,0x20,
    0x20,0x66,0x6c,0x6f,0x61,0x74,0x34,0x20,0x66,0x72,0x61,0x67,0x5f,0x63,0x6f,0x6c,
    0x6f,0x72,0x20,0x3a,0x20,0x53,0x56,0x5f,0x54,0x61,0x72,0x67,0x65,0x74,0x30,0x3b,
    0x0a,0x7d,0x3b,0x0a,0x0a,0x76,0x6f,0x69,0x64,0x20,0x66,0x72,0x61,0x67,0x5f,0x6d,
    0x61,0x69,0x6e,0x28,0x29,0x0a,0x7b,0x0a,0x20,0x20,0x20,0x20,0x66,0x6c,0x6f,0x61,
    0x74,0x20,0x5f,0x34,0x34,0x20,0x3d,0x20,0x70,0x68,0x79,0x73,0x61,0x72,0x75,0x6d,
    0x41,0x67,0x65,0x55,0x70,0x64,0x61,0x74,0x65,0x54,0x65,0x78,0x2e,0x53,0x61,0x6d,
    0x70,0x6c,0x65,0x28,0x70,0x68,0x79,0x73,0x61,0x72,0x75,0x6d,0x41,0x67,0x65,0x55,
    0x70,0x64,0x61,0x74,0x65,0x53,0x6d,0x70,0x2c,0x20,0x75,0x76,0x29,0x2e,0x78,0x20,
    0x2b,0x20,0x6d,0x61,0x78,0x28,0x5f,0x31,0x32,0x5f,0x6f,0x70,0x74,0x69,0x6f,0x6e,
    0x73,0x2e,0x79,0x2c,0x20,0x30,0x2e,0x30,0x66,0x29,0x3b,0x0a,0x20,0x20,0x20,0x20,
    0x66,0x72,0x61,0x67,0x5f,0x63,0x6f,0x6c,0x6f,0x72,0x20,0x3d,0x20,0x66,0x6c,0x6f,
    0x61,0x74,0x34,0x28,0x28,0x5f,0x34,0x34,0x20,0x3e,0x3d,0x20,0x6d,0x61,0x78,0x28,
    0x5f,0x31,0x32,0x5f,0x6f,0x70,0x74,0x69,0x6f,0x6e,0x73,0x2e,0x78,0x2c,0x20,0x31,
    0x2e,0x30,0x66,0x29,0x29,0x20,0x3f,0x20,0x30,0x2e,0x30,0x66,0x20,0x3a,0x20,0x5f,
    0x34,0x34,0x2c,0x20,0x30,0x2e,0x30,0x66,0x2c,0x20,0x30,0x2e,0x30,0x66,0x2c,0x20,
    0x31,0x2e,0x30,0x66,0x29,0x3b,0x0a,0x7d,0x0a,0x0a,0x53,0x50,0x49,0x52,0x56,0x5f,
    0x43,0x72,0x6f,0x73,0x73,0x5f,0x4f,0x75,0x74,0x70,0x75,0x74,0x20,0x6d,0x61,0x69,
    0x6e,0x28,0x53,0x50,0x49,0x52,0x56,0x5f,0x43,0x72,0x6f,0x73,0x73,0x5f,0x49,0x6e,
    0x70,0x75,0x74,0x20,0x73,0x74,0x61,0x67,0x65,0x5f,0x69,0x6e,0x70,0x75,0x74,0x29,
    0x0a,0x7b,0x0a,0x20,0x20,0x20,0x20,0x75,0x76,0x20,0x3d,0x20,0x73,0x74,0x61,0x67,
    0x65,0x5f,0x69,0x6e,0x70,0x75,0x74,0x2e,0x75,0x76,0x3b,0x0a,0x20,0x20,0x20,0x20,
    0x66,0x72,0x61,0x67,0x5f,0x6d,0x61,0x69,0x6e,0x28,0x29,0x3b,0x0a,0x20,0x20,0x20,
    0x20,0x53,0x50,0x49,0x52,0x56,0x5f,0x43,0x72,0x6f,0x73,0x73,0x5f,0x4f,0x75,0x74,
    0x70,0x75,0x74,0x20,0x73,0x74,0x61,0x67,0x65,0x5f,0x6f,0x75,0x74,0x70,0x75,0x74,
    0x3b,0x0a,0x20,0x20,0x20,0x20,0x73,0x74,0x61,0x67,0x65,0x5f,0x6f,0x75,0x74,0x70,
    0x75,0x74,0x2e,0x66,0x72,0x61,0x67,0x5f,0x63,0x6f,0x6c,0x6f,0x72,0x20,0x3d,0x20,
    0x66,0x72,0x61,0x67,0x5f,0x63,0x6f,0x6c,0x6f,0x72,0x3b,0x0a,0x20,0x20,0x20,0x20,
    0x72,0x65,0x74,0x75,0x72,0x6e,0x20,0x73,0x74,0x61,0x67,0x65,0x5f,0x6f,0x75,0x74,
    0x70,0x75,0x74,0x3b,0x0a,0x7d,0x0a,0x00,
};
/*
    cbuffer physarum_params : register(b0)
    {
        float4 _13_color : packoffset(c0);
        float4 _13_resolution : packoffset(c1);
        float4 _13_texel : packoffset(c2);
        float4 _13_options : packoffset(c3);
    };

    Texture2D<float4> physarumStateTex : register(t0);
    SamplerState physarumStateSmp : register(s0);
    Texture2D<float4> physarumVelocityTex : register(t1);
    SamplerState physarumVelocitySmp : register(s1);
    Texture2D<float4> physarumAgeTex : register(t2);
    SamplerState physarumAgeSmp : register(s2);
    Texture2D<float4> physarumInitialTex : register(t3);
    SamplerState physarumInitialSmp : register(s3);

    static float2 uv;
    static float4 frag_color;

    struct SPIRV_Cross_Input
    {
        float2 uv : TEXCOORD0;
    };

    struct SPIRV_Cross_Output
    {
        float4 frag_color : SV_Target0;
    };

    float mod(float x, float y)
    {
        return x - y * floor(x / y);
    }

    float2 mod(float2 x, float2 y)
    {
        return x - y * floor(x / y);
    }

    float3 mod(float3 x, float3 y)
    {
        return x - y * floor(x / y);
    }

    float4 mod(float4 x, float4 y)
    {
        return x - y * floor(x / y);
    }

    void frag_main()
    {
        float2 _22 = max(_13_options.yz, 1.0f.xx);
        float _31 = max(_13_options.x, 0.0f);
        float _37 = max(_13_options.w, 0.25f);
        float4 _53 = physarumStateTex.Sample(physarumStateSmp, uv);
        float2 _56 = _53.xy;
        float2 absolute = _56;
        float2 _59 = _53.zw;
        float2 displacement = _59;
        float2 _63 = _56 + _59;
        float4 _74 = physarumVelocityTex.Sample(physarumVelocitySmp, frac(_63 / _22));
        float2 _81 = (_74.xy * _31) * 0.5f;
        float2 halfStep = _81;
        float _84 = length(_81);
        float _87 = _37 * 0.5f;
        if (_84 > _87)
        {
            halfStep *= (_87 / _84);
        }
        float4 _108 = physarumVelocityTex.Sample(physarumVelocitySmp, frac((_63 + halfStep) / _22));
        float2 _113 = _108.xy * _31;
        float2 stepPx = _113;
        float _116 = length(_113);
        if (_116 > _37)
        {
            stepPx *= (_37 / _116);
        }
        float2 _128 = displacement;
        float2 _129 = _128 + stepPx;
        float _135 = step(20.0f, dot(_129, _129));
        float2 _136 = absolute;
        float2 _144 = mod((_136 + (_129 * _135)) + _22, _22);
        absolute = _144;
        float2 _148 = _129 * (1.0f - _135);
        displacement = _148;
        frag_color = lerp(float4(_144, _148), physarumInitialTex.Sample(physarumInitialSmp, uv), (1.0f - step(0.5f, physarumAgeTex.Sample(physarumAgeSmp, uv).x)).xxxx);
    }

    SPIRV_Cross_Output main(SPIRV_Cross_Input stage_input)
    {
        uv = stage_input.uv;
        frag_main();
        SPIRV_Cross_Output stage_output;
        stage_output.frag_color = frag_color;
        return stage_output;
    }
*/
static const uint8_t fs_physarum_update_source_hlsl5[2578] = {
    0x63,0x62,0x75,0x66,0x66,0x65,0x72,0x20,0x70,0x68,0x79,0x73,0x61,0x72,0x75,0x6d,
    0x5f,0x70,0x61,0x72,0x61,0x6d,0x73,0x20,0x3a,0x20,0x72,0x65,0x67,0x69,0x73,0x74,
    0x65,0x72,0x28,0x62,0x30,0x29,0x0a,0x7b,0x0a,0x20,0x20,0x20,0x20,0x66,0x6c,0x6f,
    0x61,0x74,0x34,0x20,0x5f,0x31,0x33,0x5f,0x63,0x6f,0x6c,0x6f,0x72,0x20,0x3a,0x20,
    0x70,0x61,0x63,0x6b,0x6f,0x66,0x66,0x73,0x65,0x74,0x28,0x63,0x30,0x29,0x3b,0x0a,
    0x20,0x20,0x20,0x20,0x66,0x6c,0x6f,0x61,0x74,0x34,0x20,0x5f,0x31,0x33,0x5f,0x72,
    0x65,0x73,0x6f,0x6c,0x75,0x74,0x69,0x6f,0x6e,0x20,0x3a,0x20,0x70,0x61,0x63,0x6b,
    0x6f,0x66,0x66,0x73,0x65,0x74,0x28,0x63,0x31,0x29,0x3b,0x0a,0x20,0x20,0x20,0x20,
    0x66,0x6c,0x6f,0x61,0x74,0x34,0x20,0x5f,0x31,0x33,0x5f,0x74,0x65,0x78,0x65,0x6c,
    0x20,0x3a,0x20,0x70,0x61,0x63,0x6b,0x6f,0x66,0x66,0x73,0x65,0x74,0x28,0x63,0x32,
    0x29,0x3b,0x0a,0x20,0x20,0x20,0x20,0x66,0x6c,0x6f,0x61,0x74,0x34,0x20,0x5f,0x31,
    0x33,0x5f,0x6f,0x70,0x74,0x69,0x6f,0x6e,0x73,0x20,0x3a,0x20,0x70,0x61,0x63,0x6b,
    0x6f,0x66,0x66,0x73,0x65,0x74,0x28,0x63,0x33,0x29,0x3b,0x0a,0x7d,0x3b,0x0a,0x0a,
    0x54,0x65,0x78,0x74,0x75,0x72,0x65,0x32,0x44,0x3c,0x66,0x6c,0x6f,0x61,0x74,0x34,
    0x3e,0x20,0x70,0x68,0x79,0x73,0x61,0x72,0x75,0x6d,0x53,0x74,0x61,0x74,0x65,0x54,
    0x65,0x78,0x20,0x3a,0x20,0x72,0x65,0x67,0x69,0x73,0x74,0x65,0x72,0x28,0x74,0x30,
    0x29,0x3b,0x0a,0x53,0x61,0x6d,0x70,0x6c,0x65,0x72,0x53,0x74,0x61,0x74,0x65,0x20,
    0x70,0x68,0x79,0x73,0x61,0x72,0x75,0x6d,0x53,0x74,0x61,0x74,0x65,0x53,0x6d,0x70,
    0x20,0x3a,0x20,0x72,0x65,0x67,0x69,0x73,0x74,0x65,0x72,0x28,0x73,0x30,0x29,0x3b,
    0x0a,0x54,0x65,0x78,0x74,0x75,0x72,0x65,0x32,0x44,0x3c,0x66,0x6c,0x6f,0x61,0x74,
    0x34,0x3e,0x20,0x70,0x68,0x79,0x73,0x61,0x72,0x75,0x6d,0x56,0x65,0x6c,0x6f,0x63,
    0x69,0x74,0x79,0x54,0x65,0x78,0x20,0x3a,0x20,0x72,0x65,0x67,0x69,0x73,0x74,0x65,
    0x72,0x28,0x74,0x31,0x29,0x3b,0x0a,0x53,0x61,0x6d,0x70,0x6c,0x65,0x72,0x53,0x74,
    0x61,0x74,0x65,0x20,0x70,0x68,0x79,0x73,0x61,0x72,0x75,0x6d,0x56,0x65,0x6c,0x6f,
    0x63,0x69,0x74,0x79,0x53,0x6d,0x70,0x20,0x3a,0x20,0x72,0x65,0x67,0x69,0x73,0x74,
    0x65,0x72,0x28,0x73,0x31,0x29,0x3b,0x0a,0x54,0x65,0x78,0x74,0x75,0x72,0x65,0x32,
    0x44,0x3c,0x66,0x6c,0x6f,0x61,0x74,0x34,0x3e,0x20,0x70,0x68,0x79,0x73,0x61,0x72,
    0x75,0x6d,0x41,0x67,0x65,0x54,0x65,0x78,0x20,0x3a,0x20,0x72,0x65,0x67,0x69,0x73,
    0x74,0x65,0x72,0x28,0x74,0x32,0x29,0x3b,0x0a,0x53,0x61,0x6d,0x70,0x6c,0x65,0x72,
    0x53,0x74,0x61,0x74,0x65,0x20,0x70,0x68,0x79,0x73,0x61,0x72,0x75,0x6d,0x41,0x67,
    0x65,0x53,0x6d,0x70,0x20,0x3a,0x20,0x72,0x65,0x67,0x69,0x73,0x74,0x65,0x72,0x28,
    0x73,0x32,0x29,0x3b,0x0a,0x54,0x65,0x78,0x74,0x75,0x72,0x65,0x32,0x44,0x3c,0x66,
    0x6c,0x6f,0x61,0x74,0x34,0x3e,0x20,0x70,0x68,0x79,0x73,0x61,0x72,0x75,0x6d,0x49,
    0x6e,0x69,0x74,0x69,0x61,0x6c,0x54,0x65,0x78,0x20,0x3a,0x20,0x72,0x65,0x67,0x69,
    0x73,0x74,0x65,0x72,0x28,0x74,0x33,0x29,0x3b,0x0a,0x53,0x61,0x6d,0x70,0x6c,0x65,
    0x72,0x53,0x74,0x61,0x74,0x65,0x20,0x70,0x68,0x79,0x73,0x61,0x72,0x75,0x6d,0x49,
    0x6e,0x69,0x74,0x69,0x61,0x6c,0x53,0x6d,0x70,0x20,0x3a,0x20,0x72,0x65,0x67,0x69,
    0x73,0x74,0x65,0x72,0x28,0x73,0x33,0x29,0x3b,0x0a,0x0a,0x73,0x74,0x61,0x74,0x69,
    0x63,0x20,0x66,0x6c,0x6f,0x61,0x74,0x32,0x20,0x75,0x76,0x3b,0x0a,0x73,0x74,0x61,
    0x74,0x69,0x63,0x20,0x66,0x6c,0x6f,0x61,0x74,0x34,0x20,0x66,0x72,0x61,0x67,0x5f,
    0x63,0x6f,0x6c,0x6f,0x72,0x3b,0x0a,0x0a,0x73,0x74,0x72,0x75,0x63,0x74,0x20,0x53,
    0x50,0x49,0x52,0x56,0x5f,0x43,0x72,0x6f,0x73,0x73,0x5f,0x49,0x6e,0x70,0x75,0x74,
    0x0a,0x7b,0x0a,0x20,0x20,0x20,0x20,0x66,0x6c,0x6f,0x61,0x74,0x32,0x20,0x75,0x76,
    0x20,0x3a,0x20,0x54,0x45,0x58,0x43,0x4f,0x4f,0x52,0x44,0x30,0x3b,0x0a,0x7d,0x3b,
    0x0a,0x0a,0x73,0x74,0x72,0x75,0x63,0x74,0x20,0x53,0x50,0x49,0x52,0x56,0x5f,0x43,
    0x72,0x6f,0x73,0x73,0x5f,0x4f,0x75,0x74,0x70,0x75,0x74,0x0a,0x7b,0x0a,0x20,0x20,
    0x20,0x20,0x66,0x6c,0x6f,0x61,0x74,0x34,0x20,0x66,0x72,0x61,0x67,0x5f,0x63,0x6f,
    0x6c,0x6f,0x72,0x20,0x3a,0x20,0x53,0x56,0x5f,0x54,0x61,0x72,0x67,0x65,0x74,0x30,
    0x3b,0x0a,0x7d,0x3b,0x0a,0x0a,0x66,0x6c,0x6f,0x61,0x74,0x20,0x6d,0x6f,0x64,0x28,
    0x66,0x6c,0x6f,0x61,0x74,0x20,0x78,0x2c,0x20,0x66,0x6c,0x6f,0x61,0x74,0x20,0x79,
    0x29,0x0a,0x7b,0x0a,0x20,0x20,0x20,0x20,0x72,0x65,0x74,0x75,0x72,0x6e,0x20,0x78,
    0x20,0x2d,0x20,0x79,0x20,0x2a,0x20,0x66,0x6c,0x6f,0x6f,0x72,0x28,0x78,0x20,0x2f,
    0x20,0x79,0x29,0x3b,0x0a,0x7d,0x0a,0x0a,0x66,0x6c,0x6f,0x61,0x74,0x32,0x20,0x6d,
    0x6f,0x64,0x28,0x66,0x6c,0x6f,0x61,0x74,0x32,0x20,0x78,0x2c,0x20,0x66,0x6c,0x6f,
    0x61,0x74,0x32,0x20,0x79,0x29,0x0a,0x7b,0x0a,0x20,0x20,0x20,0x20,0x72,0x65,0x74,
    0x75,0x72,0x6e,0x20,0x78,0x20,0x2d,0x20,0x79,0x20,0x2a,0x20,0x66,0x6c,0x6f,0x6f,
    0x72,0x28,0x78,0x20,0x2f,0x20,0x79,0x29,0x3b,0x0a,0x7d,0x0a,0x0a,0x66,0x6c,0x6f,
    0x61,0x74,0x33,0x20,0x6d,0x6f,0x64,0x28,0x66,0x6c,0x6f,0x61,0x74,0x33,0x20,0x78,
    0x2c,0x20,0x66,0x6c,0x6f,0x61,0x74,0x33,0x20,0x79,0x29,0x0a,0x7b,0x0a,0x20,0x20,
    0x20,0x20,0x72,0x65,0x74,0x75,0x72,0x6e,0x20,0x78,0x20,0x2d,0x20,0x79,0x20,0x2a,
    0x20,0x66,0x6c,0x6f,0x6f,0x72,0x28,0x78,0x20,0x2f,0x20,0x79,0x29,0x3b,0x0a,0x7d,
    0x0a,0x0a,0x66,0x6c,0x6f,0x61,0x74,0x34,0x20,0x6d,0x6f,0x64,0x28,0x66,0x6c,0x6f,
    0x61,0x74,0x34,0x20,0x78,0x2c,0x20,0x66,0x6c,0x6f,0x61,0x74,0x34,0x20,0x79,0x29,
    0x0a,0x7b,0x0a,0x20,0x20,0x20,0x20,0x72,0x65,0x74,0x75,0x72,0x6e,0x20,0x78,0x20,
    0x2d,0x20,0x79,0x20,0x2a,0x20,0x66,0x6c,0x6f,0x6f,0x72,0x28,0x78,0x20,0x2f,0x20,
    0x79,0x29,0x3b,0x0a,0x7d,0x0a,0x0a,0x76,0x6f,0x69,0x64,0x20,0x66,0x72,0x61,0x67,
    0x5f,0x6d,0x61,0x69,0x6e,0x28,0x29,0x0a,0x7b,0x0a,0x20,0x20,0x20,0x20,0x66,0x6c,
    0x6f,0x61,0x74,0x32,0x20,0x5f,0x32,0x32,0x20,0x3d,0x20,0x6d,0x61,0x78,0x28,0x5f,
    0x31,0x33,0x5f,0x6f,0x70,0x74,0x69,0x6f,0x6e,0x73,0x2e,0x79,0x7a,0x2c,0x20,0x31,
    0x2e,0x30,0x66,0x2e,0x78,0x78,0x29,0x3b,0x0a,0x20,0x20,0x20,0x20,0x66,0x6c,0x6f,
    0x61,0x74,0x20,0x5f,0x33,0x31,0x20,0x3d,0x20,0x6d,0x61,0x78,0x28,0x5f,0x31,0x33,
    0x5f,0x6f,0x70,0x74,0x69,0x6f,0x6e,0x73,0x2e,0x78,0x2c,0x20,0x30,0x2e,0x30,0x66,
    0x29,0x3b,0x0a,0x20,0x20,0x20,0x20,0x66,0x6c,0x6f,0x61,0x74,0x20,0x5f,0x33,0x37,
    0x20,0x3d,0x20,0x6d,0x61,0x78,0x28,0x5f,0x31,0x33,0x5f,0x6f,0x70,0x74,0x69,0x6f,
    0x6e,0x73,0x2e,0x77,0x2c,0x20,0x30,0x2e,0x32,0x35,0x66,0x29,0x3b,0x0a,0x20,0x20,
    0x20,0x20,0x66,0x6c,0x6f,0x61,0x74,0x34,0x20,0x5f,0x35,0x33,0x20,0x3d,0x20,0x70,
    0x68,0x79,0x73,0x61,0x72,0x75,0x6d,0x53,0x74,0x61,0x74,0x65,0x54,0x65,0x78,0x2e,
    0x53,0x61,0x6d,0x70,0x6c,0x65,0x28,0x70,0x68,0x79,0x73,0x61,0x72,0x75,0x6d,0x53,
    0x74,0x61,0x74,0x65,0x53,0x6d,0x70,0x2c,0x20,0x75,0x76,0x29,0x3b,0x0a,0x20,0x20,
    0x20,0x20,0x66,0x6c,0x6f,0x61,0x74,0x32,0x20,0x5f,0x35,0x36,0x20,0x3d,0x20,0x5f,
    0x35,0x33,0x2e,0x78,0x79,0x3b,0x0a,0x20,0x20,0x20,0x20,0x66,0x6c,0x6f,0x61,0x74,
    0x32,0x20,0x61,0x62,0x73,0x6f,0x6c,0x75,0x74,0x65,0x20,0x3d,0x20,0x5f,0x35,0x36,
    0x3b,0x0a,0x20,0x20,0x20,0x20,0x66,0x6c,0x6f,0x61,0x74,0x32,0x20,0x5f,0x35,0x39,
    0x20,0x3d,0x20,0x5f,0x35,0x33,0x2e,0x7a,0x77,0x3b,0x0a,0x20,0x20,0x20,0x20,0x66,
    0x6c,0x6f,0x61,0x74,0x32,0x20,0x64,0x69,0x73,0x70,0x6c,0x61,0x63,0x65,0x6d,0x65,
    0x6e,0x74,0x20,0x3d,0x20,0x5f,0x35,0x39,0x3b,0x0a,0x20,0x20,0x20,0x20,0x66,0x6c,
    0x6f,0x61,0x74,0x32,0x20,0x5f,0x36,0x33,0x20,0x3d,0x20,0x5f,0x35,0x36,0x20,0x2b,
    0x20,0x5f,0x35,0x39,0x3b,0x0a,0x20,0x20,0x20,0x20,0x66,0x6c,0x6f,0x61,0x74,0x34,
    0x20,0x5f,0x37,0x34,0x20,0x3d,0x20,0x70,0x68,0x79,0x73,0x61,0x72,0x75,0x6d,0x56,
    0x65,0x6c,0x6f,0x63,0x69,0x74,0x79,0x54,0x65,0x78,0x2e,0x53,0x61,0x6d,0x70,0x6c,
    0x65,0x28,0x70,0x68,0x79,0x73,0x61,0x72,0x75,0x6d,0x56,0x65,0x6c,0x6f,0x63,0x69,
    0x74,0x79,0x53,0x6d,0x70,0x2c,0x20,0x66,0x72,0x61,0x63,0x28,0x5f,0x36,0x33,0x20,
    0x2f,0x20,0x5f,0x32,0x32,0x29,0x29,0x3b,0x0a,0x20,0x20,0x20,0x20,0x66,0x6c,0x6f,
    0x61,0x74,0x32,0x20,0x5f,0x38,0x31,0x20,0x3d,0x20,0x28,0x5f,0x37,0x34,0x2e,0x78,
    0x79,0x20,0x2a,0x20,0x5f,0x33,0x31,0x29,0x20,0x2a,0x20,0x30,0x2e,0x35,0x66,0x3b,
    0x0a,0x20,0x20,0x20,0x20,0x66,0x6c,0x6f,0x61,0x74,0x32,0x20,0x68,0x61,0x6c,0x66,
    0x53,0x74,0x65,0x70,0x20,0x3d,0x20,0x5f,0x38,0x31,0x3b,0x0a,0x20,0x20,0x20,0x20,
    0x66,0x6c,0x6f,0x61,0x74,0x20,0x5f,0x38,0x34,0x20,0x3d,0x20,0x6c,0x65,0x6e,0x67,
    0x74,0x68,0x28,0x5f,0x38,0x31,0x29,0x3b,0x0a,0x20,0x20,0x20,0x20,0x66,0x6c,0x6f,
    0x61,0x74,0x20,0x5f,0x38,0x37,0x20,0x3d,0x20,0x5f,0x33,0x37,0x20,0x2a,0x20,0x30,
    0x2e,0x35,0x66,0x3b,0x0a,0x20,0x20,0x20,0x20,0x69,0x66,0x20,0x28,0x5f,0x38,0x34,
    0x20,0x3e,0x20,0x5f,0x38,0x37,0x29,0x0a,0x20,0x20,0x20,0x20,0x7b,0x0a,0x20,0x20,
    0x20,0x20,0x20,0x20,0x20,0x20,0x68,0x61,0x6c,0x66,0x53,0x74,0x65,0x70,0x20,0x2a,
    0x3d,0x20,0x28,0x5f,0x38,0x37,0x20,0x2f,0x20,0x5f,0x38,0x34,0x29,0x3b,0x0a,0x20,
    0x20,0x20,0x20,0x7d,0x0a,0x20,0x20,0x20,0x20,0x66,0x6c,0x6f,0x61,0x74,0x34,0x20,
    0x5f,0x31,0x30,0x38,0x20,0x3d,0x20,0x70,0x68,0x79,0x73,0x61,0x72,0x75,0x6d,0x56,
    0x65,0x6c,0x6f,0x63,0x69,0x74,0x79,0x54,0x65,0x78,0x2e,0x53,0x61,0x6d,0x70,0x6c,
    0x65,0x28,0x70,0x68,0x79,0x73,0x61,0x72,0x75,0x6d,0x56,0x65,0x6c,0x6f,0x63,0x69,
    0x74,0x79,0x53,0x6d,0x70,0x2c,0x20,0x66,0x72,0x61,0x63,0x28,0x28,0x5f,0x36,0x33,
    0x20,0x2b,0x20,0x68,0x61,0x6c,0x66,0x53,0x74,0x65,0x70,0x29,0x20,0x2f,0x20,0x5f,
    0x32,0x32,0x29,0x29,0x3b,0x0a,0x20,0x20,0x20,0x20,0x66,0x6c,0x6f,0x61,0x74,0x32,
    0x20,0x5f,0x31,0x31,0x33,0x20,0x3d,0x20,0x5f,0x31,0x30,0x38,0x2e,0x78,0x79,0x20,
    0x2a,0x20,0x5f,0x33,0x31,0x3b,0x0a,0x20,0x20,0x20,0x20,0x66,0x6c,0x6f,0x61,0x74,
    0x32,0x20,0x73,0x74,0x65,0x70,0x50,0x78,0x20,0x3d,0x20,0x5f,0x31,0x31,0x33,0x3b,
    0x0a,0x20,0x20,0x20,0x20,0x66,0x6c,0x6f,0x61,0x74,0x20,0x5f,0x31,0x31,0x36,0x20,
    0x3d,0x20,0x6c,0x65,0x6e,0x67,0x74,0x68,0x28,0x5f,0x31,0x31,0x33,0x29,0x3b,0x0a,
    0x20,0x20,0x20,0x20,0x69,0x66,0x20,0x28,0x5f,0x31,0x31,0x36,0x20,0x3e,0x20,0x5f,
    0x33,0x37,0x29,0x0a,0x20,0x20,0x20,0x20,0x7b,0x0a,0x20,0x20,0x20,0x20,0x20,0x20,
    0x20,0x20,0x73,0x74,0x65,0x70,0x50,0x78,0x20,0x2a,0x3d,0x20,0x28,0x5f,0x33,0x37,
    0x20,0x2f,0x20,0x5f,0x31,0x31,0x36,0x29,0x3b,0x0a,0x20,0x20,0x20,0x20,0x7d,0x0a,
    0x20,0x20,0x20,0x20,0x66,0x6c,0x6f,0x61,0x74,0x32,0x20,0x5f,0x31,0x32,0x38,0x20,
    0x3d,0x20,0x64,0x69,0x73,0x70,0x6c,0x61,0x63,0x65,0x6d,0x65,0x6e,0x74,0x3b,0x0a,
    0x20,0x20,0x20,0x20,0x66,0x6c,0x6f,0x61,0x74,0x32,0x20,0x5f,0x31,0x32,0x39,0x20,
    0x3d,0x20,0x5f,0x31,0x32,0x38,0x20,0x2b,0x20,0x73,0x74,0x65,0x70,0x50,0x78,0x3b,
    0x0a,0x20,0x20,0x20,0x20,0x66,0x6c,0x6f,0x61,0x74,0x20,0x5f,0x31,0x33,0x35,0x20,
    0x3d,0x20,0x73,0x74,0x65,0x70,0x28,0x32,0x30,0x2e,0x30,0x66,0x2c,0x20,0x64,0x6f,
    0x74,0x28,0x5f,0x31,0x32,0x39,0x2c,0x20,0x5f,0x31,0x32,0x39,0x29,0x29,0x3b,0x0a,
    0x20,0x20,0x20,0x20,0x66,0x6c,0x6f,0x61,0x74,0x32,0x20,0x5f,0x31,0x33,0x36,0x20,
    0x3d,0x20,0x61,0x62,0x73,0x6f,0x6c,0x75,0x74,0x65,0x3b,0x0a,0x20,0x20,0x20,0x20,
    0x66,0x6c,0x6f,0x61,0x74,0x32,0x20,0x5f,0x31,0x34,0x34,0x20,0x3d,0x20,0x6d,0x6f,
    0x64,0x28,0x28,0x5f,0x31,0x33,0x36,0x20,0x2b,0x20,0x28,0x5f,0x31,0x32,0x39,0x20,
    0x2a,0x20,0x5f,0x31,0x33,0x35,0x29,0x29,0x20,0x2b,0x20,0x5f,0x32,0x32,0x2c,0x20,
    0x5f,0x32,0x32,0x29,0x3b,0x0a,0x20,0x20,0x20,0x20,0x61,0x62,0x73,0x6f,0x6c,0x75,
    0x74,0x65,0x20,0x3d,0x20,0x5f,0x31,0x34,0x34,0x3b,0x0a,0x20,0x20,0x20,0x20,0x66,
    0x6c,0x6f,0x61,0x74,0x32,0x20,0x5f,0x31,0x34,0x38,0x20,0x3d,0x20,0x5f,0x31,0x32,
    0x39,0x20,0x2a,0x20,0x28,0x31,0x2e,0x30,0x66,0x20,0x2d,0x20,0x5f,0x31,0x33,0x35,
    0x29,0x3b,0x0a,0x20,0x20,0x20,0x20,0x64,0x69,0x73,0x70,0x6c,0x61,0x63,0x65,0x6d,
    0x65,0x6e,0x74,0x20,0x3d,0x20,0x5f,0x31,0x34,0x38,0x3b,0x0a,0x20,0x20,0x20,0x20,
    0x66,0x72,0x61,0x67,0x5f,0x63,0x6f,0x6c,0x6f,0x72,0x20,0x3d,0x20,0x6c,0x65,0x72,
    0x70,0x28,0x66,0x6c,0x6f,0x61,0x74,0x34,0x28,0x5f,0x31,0x34,0x34,0x2c,0x20,0x5f,
    0x31,0x34,0x38,0x29,0x2c,0x20,0x70,0x68,0x79,0x73,0x61,0x72,0x75,0x6d,0x49,0x6e,
    0x69,0x74,0x69,0x61,0x6c,0x54,0x65,0x78,0x2e,0x53,0x61,0x6d,0x70,0x6c,0x65,0x28,
    0x70,0x68,0x79,0x73,0x61,0x72,0x75,0x6d,0x49,0x6e,0x69,0x74,0x69,0x61,0x6c,0x53,
    0x6d,0x70,0x2c,0x20,0x75,0x76,0x29,0x2c,0x20,0x28,0x31,0x2e,0x30,0x66,0x20,0x2d,
    0x20,0x73,0x74,0x65,0x70,0x28,0x30,0x2e,0x35,0x66,0x2c,0x20,0x70,0x68,0x79,0x73,
    0x61,0x72,0x75,0x6d,0x41,0x67,0x65,0x54,0x65,0x78,0x2e,0x53,0x61,0x6d,0x70,0x6c,
    0x65,0x28,0x70,0x68,0x79,0x73,0x61,0x72,0x75,0x6d,0x41,0x67,0x65,0x53,0x6d,0x70,
    0x2c,0x20,0x75,0x76,0x29,0x2e,0x78,0x29,0x29,0x2e,0x78,0x78,0x78,0x78,0x29,0x3b,
    0x0a,0x7d,0x0a,0x0a,0x53,0x50,0x49,0x52,0x56,0x5f,0x43,0x72,0x6f,0x73,0x73,0x5f,
    0x4f,0x75,0x74,0x70,0x75,0x74,0x20,0x6d,0x61,0x69,0x6e,0x28,0x53,0x50,0x49,0x52,
    0x56,0x5f,0x43,0x72,0x6f,0x73,0x73,0x5f,0x49,0x6e,0x70,0x75,0x74,0x20,0x73,0x74,
    0x61,0x67,0x65,0x5f,0x69,0x6e,0x70,0x75,0x74,0x29,0x0a,0x7b,0x0a,0x20,0x20,0x20,
    0x20,0x75,0x76,0x20,0x3d,0x20,0x73,0x74,0x61,0x67,0x65,0x5f,0x69,0x6e,0x70,0x75,
    0x74,0x2e,0x75,0x76,0x3b,0x0a,0x20,0x20,0x20,0x20,0x66,0x72,0x61,0x67,0x5f,0x6d,
    0x61,0x69,0x6e,0x28,0x29,0x3b,0x0a,0x20,0x20,0x20,0x20,0x53,0x50,0x49,0x52,0x56,
    0x5f,0x43,0x72,0x6f,0x73,0x73,0x5f,0x4f,0x75,0x74,0x70,0x75,0x74,0x20,0x73,0x74,
    0x61,0x67,0x65,0x5f,0x6f,0x75,0x74,0x70,0x75,0x74,0x3b,0x0a,0x20,0x20,0x20,0x20,
    0x73,0x74,0x61,0x67,0x65,0x5f,0x6f,0x75,0x74,0x70,0x75,0x74,0x2e,0x66,0x72,0x61,
    0x67,0x5f,0x63,0x6f,0x6c,0x6f,0x72,0x20,0x3d,0x20,0x66,0x72,0x61,0x67,0x5f,0x63,
    0x6f,0x6c,0x6f,0x72,0x3b,0x0a,0x20,0x20,0x20,0x20,0x72,0x65,0x74,0x75,0x72,0x6e,
    0x20,0x73,0x74,0x61,0x67,0x65,0x5f,0x6f,0x75,0x74,0x70,0x75,0x74,0x3b,0x0a,0x7d,
    0x0a,0x00,
};
/*
    cbuffer physarum_point_params : register(b0)
    {
        float4 _45_color : packoffset(c0);
        float4 _45_resolution : packoffset(c1);
        float4 _45_texel : packoffset(c2);
        float4 _45_options : packoffset(c3);
    };

    Texture2D<float4> physarumPointStateTex : register(t0);
    SamplerState physarumPointStateSmp : register(s0);
    Texture2D<float4> physarumPointVelocityTex : register(t1);
    SamplerState physarumPointVelocitySmp : register(s1);
    Texture2D<float4> physarumPointAgeTex : register(t2);
    SamplerState physarumPointAgeSmp : register(s2);

    static float4 gl_Position;
    static float2 lookup;
    static float2 corner;
    static float3 v_rgb;
    static float v_alpha;

    struct SPIRV_Cross_Input
    {
        float2 lookup : TEXCOORD0;
        float2 corner : TEXCOORD1;
    };

    struct SPIRV_Cross_Output
    {
        float3 v_rgb : TEXCOORD0;
        float v_alpha : TEXCOORD1;
        float4 gl_Position : SV_Position;
    };

    float physarum_point_hash(float2 p)
    {
        return frac(sin(dot(p, float2(127.09999847412109375f, 311.70001220703125f))) * 43758.546875f);
    }

    void vert_main()
    {
        float4 _41 = physarumPointStateTex.SampleLevel(physarumPointStateSmp, lookup, 0.0f);
        float2 _54 = max(_45_resolution.xy, 1.0f.xx);
        float2 _65 = frac((_41.xy + _41.zw) / _54);
        float2 _74 = physarumPointVelocityTex.SampleLevel(physarumPointVelocitySmp, _65, 0.0f).xy;
        float2 param = lookup + float2(0.12999999523162841796875f, 0.709999978542327880859375f);
        float2 param_1 = lookup + float2(physarum_point_hash(param), 0.4099999964237213134765625f);
        float2 _173 = ((((_65 * _54) + ((corner * max(_45_options.x, 0.75f)) * 0.5f)) / _54) * 2.0f) - 1.0f.xx;
        v_rgb = _45_color.xyz;
        v_alpha = _45_color.w * clamp((((0.064000003039836883544921875f + (0.189999997615814208984375f * clamp((dot(_74, _74) * 0.0500000007450580596923828125f) + 0.699999988079071044921875f, 0.0f, 1.0f))) * min(clamp(physarumPointAgeTex.SampleLevel(physarumPointAgeSmp, lookup, 0.0f).x / max(_45_options.z, 1.0f), 0.0f, 1.0f) * 10.0f, 1.0f)) * lerp(0.7400000095367431640625f, 1.2400000095367431640625f, physarum_point_hash(param_1))) * clamp(_45_options.y, 0.0f, 3.0f), 0.0f, 0.439999997615814208984375f);
        gl_Position = float4(_173.x, -_173.y, 0.0f, 1.0f);
    }

    SPIRV_Cross_Output main(SPIRV_Cross_Input stage_input)
    {
        lookup = stage_input.lookup;
        corner = stage_input.corner;
        vert_main();
        SPIRV_Cross_Output stage_output;
        stage_output.gl_Position = gl_Position;
        stage_output.v_rgb = v_rgb;
        stage_output.v_alpha = v_alpha;
        return stage_output;
    }
*/
static const uint8_t physarum_deposit_vs_source_hlsl5[2520] = {
    0x63,0x62,0x75,0x66,0x66,0x65,0x72,0x20,0x70,0x68,0x79,0x73,0x61,0x72,0x75,0x6d,
    0x5f,0x70,0x6f,0x69,0x6e,0x74,0x5f,0x70,0x61,0x72,0x61,0x6d,0x73,0x20,0x3a,0x20,
    0x72,0x65,0x67,0x69,0x73,0x74,0x65,0x72,0x28,0x62,0x30,0x29,0x0a,0x7b,0x0a,0x20,
    0x20,0x20,0x20,0x66,0x6c,0x6f,0x61,0x74,0x34,0x20,0x5f,0x34,0x35,0x5f,0x63,0x6f,
    0x6c,0x6f,0x72,0x20,0x3a,0x20,0x70,0x61,0x63,0x6b,0x6f,0x66,0x66,0x73,0x65,0x74,
    0x28,0x63,0x30,0x29,0x3b,0x0a,0x20,0x20,0x20,0x20,0x66,0x6c,0x6f,0x61,0x74,0x34,
    0x20,0x5f,0x34,0x35,0x5f,0x72,0x65,0x73,0x6f,0x6c,0x75,0x74,0x69,0x6f,0x6e,0x20,
    0x3a,0x20,0x70,0x61,0x63,0x6b,0x6f,0x66,0x66,0x73,0x65,0x74,0x28,0x63,0x31,0x29,
    0x3b,0x0a,0x20,0x20,0x20,0x20,0x66,0x6c,0x6f,0x61,0x74,0x34,0x20,0x5f,0x34,0x35,
    0x5f,0x74,0x65,0x78,0x65,0x6c,0x20,0x3a,0x20,0x70,0x61,0x63,0x6b,0x6f,0x66,0x66,
    0x73,0x65,0x74,0x28,0x63,0x32,0x29,0x3b,0x0a,0x20,0x20,0x20,0x20,0x66,0x6c,0x6f,
    0x61,0x74,0x34,0x20,0x5f,0x34,0x35,0x5f,0x6f,0x70,0x74,0x69,0x6f,0x6e,0x73,0x20,
    0x3a,0x20,0x70,0x61,0x63,0x6b,0x6f,0x66,0x66,0x73,0x65,0x74,0x28,0x63,0x33,0x29,
    0x3b,0x0a,0x7d,0x3b,0x0a,0x0a,0x54,0x65,0x78,0x74,0x75,0x72,0x65,0x32,0x44,0x3c,
    0x66,0x6c,0x6f,0x61,0x74,0x34,0x3e,0x20,0x70,0x68,0x79,0x73,0x61,0x72,0x75,0x6d,
    0x50,0x6f,0x69,0x6e,0x74,0x53,0x74,0x61,0x74,0x65,0x54,0x65,0x78,0x20,0x3a,0x20,
    0x72,0x65,0x67,0x69,0x73,0x74,0x65,0x72,0x28,0x74,0x30,0x29,0x3b,0x0a,0x53,0x61,
    0x6d,0x70,0x6c,0x65,0x72,0x53,0x74,0x61,0x74,0x65,0x20,0x70,0x68,0x79,0x73,0x61,
    0x72,0x75,0x6d,0x50,0x6f,0x69,0x6e,0x74,0x53,0x74,0x61,0x74,0x65,0x53,0x6d,0x70,
    0x20,0x3a,0x20,0x72,0x65,0x67,0x69,0x73,0x74,0x65,0x72,0x28,0x73,0x30,0x29,0x3b,
    0x0a,0x54,0x65,0x78,0x74,0x75,0x72,0x65,0x32,0x44,0x3c,0x66,0x6c,0x6f,0x61,0x74,
    0x34,0x3e,0x20,0x70,0x68,0x79,0x73,0x61,0x72,0x75,0x6d,0x50,0x6f,0x69,0x6e,0x74,
    0x56,0x65,0x6c,0x6f,0x63,0x69,0x74,0x79,0x54,0x65,0x78,0x20,0x3a,0x20,0x72,0x65,
    0x67,0x69,0x73,0x74,0x65,0x72,0x28,0x74,0x31,0x29,0x3b,0x0a,0x53,0x61,0x6d,0x70,
    0x6c,0x65,0x72,0x53,0x74,0x61,0x74,0x65,0x20,0x70,0x68,0x79,0x73,0x61,0x72,0x75,
    0x6d,0x50,0x6f,0x69,0x6e,0x74,0x56,0x65,0x6c,0x6f,0x63,0x69,0x74,0x79,0x53,0x6d,
    0x70,0x20,0x3a,0x20,0x72,0x65,0x67,0x69,0x73,0x74,0x65,0x72,0x28,0x73,0x31,0x29,
    0x3b,0x0a,0x54,0x65,0x78,0x74,0x75,0x72,0x65,0x32,0x44,0x3c,0x66,0x6c,0x6f,0x61,
    0x74,0x34,0x3e,0x20,0x70,0x68,0x79,0x73,0x61,0x72,0x75,0x6d,0x50,0x6f,0x69,0x6e,
    0x74,0x41,0x67,0x65,0x54,0x65,0x78,0x20,0x3a,0x20,0x72,0x65,0x67,0x69,0x73,0x74,
    0x65,0x72,0x28,0x74,0x32,0x29,0x3b,0x0a,0x53,0x61,0x6d,0x70,0x6c,0x65,0x72,0x53,
    0x74,0x61,0x74,0x65,0x20,0x70,0x68,0x79,0x73,0x61,0x72,0x75,0x6d,0x50,0x6f,0x69,
    0x6e,0x74,0x41,0x67,0x65,0x53,0x6d,0x70,0x20,0x3a,0x20,0x72,0x65,0x67,0x69,0x73,
    0x74,0x65,0x72,0x28,0x73,0x32,0x29,0x3b,0x0a,0x0a,0x73,0x74,0x61,0x74,0x69,0x63,
    0x20,0x66,0x6c,0x6f,0x61,0x74,0x34,0x20,0x67,0x6c,0x5f,0x50,0x6f,0x73,0x69,0x74,
    0x69,0x6f,0x6e,0x3b,0x0a,0x73,0x74,0x61,0x74,0x69,0x63,0x20,0x66,0x6c,0x6f,0x61,
    0x74,0x32,0x20,0x6c,0x6f,0x6f,0x6b,0x75,0x70,0x3b,0x0a,0x73,0x74,0x61,0x74,0x69,
    0x63,0x20,0x66,0x6c,0x6f,0x61,0x74,0x32,0x20,0x63,0x6f,0x72,0x6e,0x65,0x72,0x3b,
    0x0a,0x73,0x74,0x61,0x74,0x69,0x63,0x20,0x66,0x6c,0x6f,0x61,0x74,0x33,0x20,0x76,
    0x5f,0x72,0x67,0x62,0x3b,0x0a,0x73,0x74,0x61,0x74,0x69,0x63,0x20,0x66,0x6c,0x6f,
    0x61,0x74,0x20,0x76,0x5f,0x61,0x6c,0x70,0x68,0x61,0x3b,0x0a,0x0a,0x73,0x74,0x72,
    0x75,0x63,0x74,0x20,0x53,0x50,0x49,0x52,0x56,0x5f,0x43,0x72,0x6f,0x73,0x73,0x5f,
    0x49,0x6e,0x70,0x75,0x74,0x0a,0x7b,0x0a,0x20,0x20,0x20,0x20,0x66,0x6c,0x6f,0x61,
    0x74,0x32,0x20,0x6c,0x6f,0x6f,0x6b,0x75,0x70,0x20,0x3a,0x20,0x54,0x45,0x58,0x43,
    0x4f,0x4f,0x52,0x44,0x30,0x3b,0x0a,0x20,0x20,0x20,0x20,0x66,0x6c,0x6f,0x61,0x74,
    0x32,0x20,0x63,0x6f,0x72,0x6e,0x65,0x72,0x20,0x3a,0x20,0x54,0x45,0x58,0x43,0x4f,
    0x4f,0x52,0x44,0x31,0x3b,0x0a,0x7d,0x3b,0x0a,0x0a,0x73,0x74,0x72,0x75,0x63,0x74,
    0x20,0x53,0x50,0x49,0x52,0x56,0x5f,0x43,0x72,0x6f,0x73,0x73,0x5f,0x4f,0x75,0x74,
    0x70,0x75,0x74,0x0a,0x7b,0x0a,0x20,0x20,0x20,0x20,0x66,0x6c,0x6f,0x61,0x74,0x33,
    0x20,0x76,0x5f,0x72,0x67,0x62,0x20,0x3a,0x20,0x54,0x45,0x58,0x43,0x4f,0x4f,0x52,
    0x44,0x30,0x3b,0x0a,0x20,0x20,0x20,0x20,0x66,0x6c,0x6f,0x61,0x74,0x20,0x76,0x5f,
    0x61,0x6c,0x70,0x68,0x61,0x20,0x3a,0x20,0x54,0x45,0x58,0x43,0x4f,0x4f,0x52,0x44,
    0x31,0x3b,0x0a,0x20,0x20,0x20,0x20,0x66,0x6c,0x6f,0x61,0x74,0x34,0x20,0x67,0x6c,
    0x5f,0x50,0x6f,0x73,0x69,0x74,0x69,0x6f,0x6e,0x20,0x3a,0x20,0x53,0x56,0x5f,0x50,
    0x6f,0x73,0x69,0x74,0x69,0x6f,0x6e,0x3b,0x0a,0x7d,0x3b,0x0a,0x0a,0x66,0x6c,0x6f,
    0x61,0x74,0x20,0x70,0x68,0x79,0x73,0x61,0x72,0x75,0x6d,0x5f,0x70,0x6f,0x69,0x6e,
    0x74,0x5f,0x68,0x61,0x73,0x68,0x28,0x66,0x6c,0x6f,0x61,0x74,0x32,0x20,0x70,0x29,
    0x0a,0x7b,0x0a,0x20,0x20,0x20,0x20,0x72,0x65,0x74,0x75,0x72,0x6e,0x20,0x66,0x72,
    0x61,0x63,0x28,0x73,0x69,0x6e,0x28,0x64,0x6f,0x74,0x28,0x70,0x2c,0x20,0x66,0x6c,
    0x6f,0x61,0x74,0x32,0x28,0x31,0x32,0x37,0x2e,0x30,0x39,0x39,0x39,0x39,0x38,0x34,
    0x37,0x34,0x31,0x32,0x31,0x30,0x39,0x33,0x37,0x35,0x66,0x2c,0x20,0x33,0x31,0x31,
    0x2e,0x37,0x30,0x30,0x30,0x31,0x32,0x32,0x30,0x37,0x30,0x33,0x31,0x32,0x35,0x66,
    0x29,0x29,0x29,0x20,0x2a,0x20,0x34,0x33,0x37,0x35,0x38,0x2e,0x35,0x34,0x36,0x38,
    0x37,0x35,0x66,0x29,0x3b,0x0a,0x7d,0x0a,0x0a,0x76,0x6f,0x69,0x64,0x20,0x76,0x65,
    0x72,0x74,0x5f,0x6d,0x61,0x69,0x6e,0x28,0x29,0x0a,0x7b,0x0a,0x20,0x20,0x20,0x20,
    0x66,0x6c,0x6f,0x61,0x74,0x34,0x20,0x5f,0x34,0x31,0x20,0x3d,0x20,0x70,0x68,0x79,
    0x73,0x61,0x72,0x75,0x6d,0x50,0x6f,0x69,0x6e,0x74,0x53,0x74,0x61,0x74,0x65,0x54,
    0x65,0x78,0x2e,0x53,0x61,0x6d,0x70,0x6c,0x65,0x4c,0x65,0x76,0x65,0x6c,0x28,0x70,
    0x68,0x79,0x73,0x61,0x72,0x75,0x6d,0x50,0x6f,0x69,0x6e,0x74,0x53,0x74,0x61,0x74,
    0x65,0x53,0x6d,0x70,0x2c,0x20,0x6c,0x6f,0x6f,0x6b,0x75,0x70,0x2c,0x20,0x30,0x2e,
    0x30,0x66,0x29,0x3b,0x0a,0x20,0x20,0x20,0x20,0x66,0x6c,0x6f,0x61,0x74,0x32,0x20,
    0x5f,0x35,0x34,0x20,0x3d,0x20,0x6d,0x61,0x78,0x28,0x5f,0x34,0x35,0x5f,0x72,0x65,
    0x73,0x6f,0x6c,0x75,0x74,0x69,0x6f,0x6e,0x2e,0x78,0x79,0x2c,0x20,0x31,0x2e,0x30,
    0x66,0x2e,0x78,0x78,0x29,0x3b,0x0a,0x20,0x20,0x20,0x20,0x66,0x6c,0x6f,0x61,0x74,
    0x32,0x20,0x5f,0x36,0x35,0x20,0x3d,0x20,0x66,0x72,0x61,0x63,0x28,0x28,0x5f,0x34,
    0x31,0x2e,0x78,0x79,0x20,0x2b,0x20,0x5f,0x34,0x31,0x2e,0x7a,0x77,0x29,0x20,0x2f,
    0x20,0x5f,0x35,0x34,0x29,0x3b,0x0a,0x20,0x20,0x20,0x20,0x66,0x6c,0x6f,0x61,0x74,
    0x32,0x20,0x5f,0x37,0x34,0x20,0x3d,0x20,0x70,0x68,0x79,0x73,0x61,0x72,0x75,0x6d,
    0x50,0x6f,0x69,0x6e,0x74,0x56,0x65,0x6c,0x6f,0x63,0x69,0x74,0x79,0x54,0x65,0x78,
    0x2e,0x53,0x61,0x6d,0x70,0x6c,0x65,0x4c,0x65,0x76,0x65,0x6c,0x28,0x70,0x68,0x79,
    0x73,0x61,0x72,0x75,0x6d,0x50,0x6f,0x69,0x6e,0x74,0x56,0x65,0x6c,0x6f,0x63,0x69,
    0x74,0x79,0x53,0x6d,0x70,0x2c,0x20,0x5f,0x36,0x35,0x2c,0x20,0x30,0x2e,0x30,0x66,
    0x29,0x2e,0x78,0x79,0x3b,0x0a,0x20,0x20,0x20,0x20,0x66,0x6c,0x6f,0x61,0x74,0x32,
    0x20,0x70,0x61,0x72,0x61,0x6d,0x20,0x3d,0x20,0x6c,0x6f,0x6f,0x6b,0x75,0x70,0x20,
    0x2b,0x20,0x66,0x6c,0x6f,0x61,0x74,0x32,0x28,0x30,0x2e,0x31,0x32,0x39,0x39,0x39,
    0x39,0x39,0x39,0x35,0x32,0x33,0x31,0x36,0x32,0x38,0x34,0x31,0x37,0x39,0x36,0x38,
    0x37,0x35,0x66,0x2c,0x20,0x30,0x2e,0x37,0x30,0x39,0x39,0x39,0x39,0x39,0x37,0x38,
    0x35,0x34,0x32,0x33,0x32,0x37,0x38,0x38,0x30,0x38,0x35,0x39,0x33,0x37,0x35,0x66,
    0x29,0x3b,0x0a,0x20,0x20,0x20,0x20,0x66,0x6c,0x6f,0x61,0x74,0x32,0x20,0x70,0x61,
    0x72,0x61,0x6d,0x5f,0x31,0x20,0x3d,0x20,0x6c,0x6f,0x6f,0x6b,0x75,0x70,0x20,0x2b,
    0x20,0x66,0x6c,0x6f,0x61,0x74,0x32,0x28,0x70,0x68,0x79,0x73,0x61,0x72,0x75,0x6d,
    0x5f,0x70,0x6f,0x69,0x6e,0x74,0x5f,0x68,0x61,0x73,0x68,0x28,0x70,0x61,0x72,0x61,
    0x6d,0x29,0x2c,0x20,0x30,0x2e,0x34,0x30,0x39,0x39,0x39,0x39,0x39,0x39,0x36,0x34,
    0x32,0x33,0x37,0x32,0x31,0x33,0x31,0x33,0x34,0x37,0x36,0x35,0x36,0x32,0x35,0x66,
    0x29,0x3b,0x0a,0x20,0x20,0x20,0x20,0x66,0x6c,0x6f,0x61,0x74,0x32,0x20,0x5f,0x31,
    0x37,0x33,0x20,0x3d,0x20,0x28,0x28,0x28,0x28,0x5f,0x36,0x35,0x20,0x2a,0x20,0x5f,
    0x35,0x34,0x29,0x20,0x2b,0x20,0x28,0x28,0x63,0x6f,0x72,0x6e,0x65,0x72,0x20,0x2a,
    0x20,0x6d,0x61,0x78,0x28,0x5f,0x34,0x35,0x5f,0x6f,0x70,0x74,0x69,0x6f,0x6e,0x73,
    0x2e,0x78,0x2c,0x20,0x30,0x2e,0x37,0x35,0x66,0x29,0x29,0x20,0x2a,0x20,0x30,0x2e,
    0x35,0x66,0x29,0x29,0x20,0x2f,0x20,0x5f,0x35,0x34,0x29,0x20,0x2a,0x20,0x32,0x2e,
    0x30,0x66,0x29,0x20,0x2d,0x20,0x31,0x2e,0x30,0x66,0x2e,0x78,0x78,0x3b,0x0a,0x20,
    0x20,0x20,0x20,0x76,0x5f,0x72,0x67,0x62,0x20,0x3d,0x20,0x5f,0x34,0x35,0x5f,0x63,
    0x6f,0x6c,0x6f,0x72,0x2e,0x78,0x79,0x7a,0x3b,0x0a,0x20,0x20,0x20,0x20,0x76,0x5f,
    0x61,0x6c,0x70,0x68,0x61,0x20,0x3d,0x20,0x5f,0x34,0x35,0x5f,0x63,0x6f,0x6c,0x6f,
    0x72,0x2e,0x77,0x20,0x2a,0x20,0x63,0x6c,0x61,0x6d,0x70,0x28,0x28,0x28,0x28,0x30,
    0x2e,0x30,0x36,0x34,0x30,0x30,0x30,0x30,0x30,0x33,0x30,0x33,0x39,0x38,0x33,0x36,
    0x38,0x38,0x33,0x35,0x34,0x34,0x39,0x32,0x31,0x38,0x37,0x35,0x66,0x20,0x2b,0x20,
    0x28,0x30,0x2e,0x31,0x38,0x39,0x39,0x39,0x39,0x39,0x39,0x37,0x36,0x31,0x35,0x38,
    0x31,0x34,0x32,0x30,0x38,0x39,0x38,0x34,0x33,0x37,0x35,0x66,0x20,0x2a,0x20,0x63,
    0x6c,0x61,0x6d,0x70,0x28,0x28,0x64,0x6f,0x74,0x28,0x5f,0x37,0x34,0x2c,0x20,0x5f,
    0x37,0x34,0x29,0x20,0x2a,0x20,0x30,0x2e,0x30,0x35,0x30,0x30,0x30,0x30,0x30,0x30,
    0x30,0x37,0x34,0x35,0x30,0x35,0x38,0x30,0x35,0x39,0x36,0x39,0x32,0x33,0x38,0x32,
    0x38,0x31,0x32,0x35,0x66,0x29,0x20,0x2b,0x20,0x30,0x2e,0x36,0x39,0x39,0x39,0x39,
    0x39,0x39,0x38,0x38,0x30,0x37,0x39,0x30,0x37,0x31,0x30,0x34,0x34,0x39,0x32,0x31,
    0x38,0x37,0x35,0x66,0x2c,0x20,0x30,0x2e,0x30,0x66,0x2c,0x20,0x31,0x2e,0x30,0x66,
    0x29,0x29,0x29,0x20,0x2a,0x20,0x6d,0x69,0x6e,0x28,0x63,0x6c,0x61,0x6d,0x70,0x28,
    0x70,0x68,0x79,0x73,0x61,0x72,0x75,0x6d,0x50,0x6f,0x69,0x6e,0x74,0x41,0x67,0x65,
    0x54,0x65,0x78,0x2e,0x53,0x61,0x6d,0x70,0x6c,0x65,0x4c,0x65,0x76,0x65,0x6c,0x28,
    0x70,0x68,0x79,0x73,0x61,0x72,0x75,0x6d,0x50,0x6f,0x69,0x6e,0x74,0x41,0x67,0x65,
    0x53,0x6d,0x70,0x2c,0x20,0x6c,0x6f,0x6f,0x6b,0x75,0x70,0x2c,0x20,0x30,0x2e,0x30,
    0x66,0x29,0x2e,0x78,0x20,0x2f,0x20,0x6d,0x61,0x78,0x28,0x5f,0x34,0x35,0x5f,0x6f,
    0x70,0x74,0x69,0x6f,0x6e,0x73,0x2e,0x7a,0x2c,0x20,0x31,0x2e,0x30,0x66,0x29,0x2c,
    0x20,0x30,0x2e,0x30,0x66,0x2c,0x20,0x31,0x2e,0x30,0x66,0x29,0x20,0x2a,0x20,0x31,
    0x30,0x2e,0x30,0x66,0x2c,0x20,0x31,0x2e,0x30,0x66,0x29,0x29,0x20,0x2a,0x20,0x6c,
    0x65,0x72,0x70,0x28,0x30,0x2e,0x37,0x34,0x30,0x30,0x30,0x30,0x30,0x30,0x39,0x35,
    0x33,0x36,0x37,0x34,0x33,0x31,0x36,0x34,0x30,0x36,0x32,0x35,0x66,0x2c,0x20,0x31,
    0x2e,0x32,0x34,0x30,0x30,0x30,0x30,0x30,0x30,0x39,0x35,0x33,0x36,0x37,0x34,0x33,
    0x31,0x36,0x34,0x30,0x36,0x32,0x35,0x66,0x2c,0x20,0x70,0x68,0x79,0x73,0x61,0x72,
    0x75,0x6d,0x5f,0x70,0x6f,0x69,0x6e,0x74,0x5f,0x68,0x61,0x73,0x68,0x28,0x70,0x61,
    0x72,0x61,0x6d,0x5f,0x31,0x29,0x29,0x29,0x20,0x2a,0x20,0x63,0x6c,0x61,0x6d,0x70,
    0x28,0x5f,0x34,0x35,0x5f,0x6f,0x70,0x74,0x69,0x6f,0x6e,0x73,0x2e,0x79,0x2c,0x20,
    0x30,0x2e,0x30,0x66,0x2c,0x20,0x33,0x2e,0x30,0x66,0x29,0x2c,0x20,0x30,0x2e,0x30,
    0x66,0x2c,0x20,0x30,0x2e,0x34,0x33,0x39,0x39,0x39,0x39,0x39,0x39,0x37,0x36,0x31,
    0x35,0x38,0x31,0x34,0x32,0x30,0x38,0x39,0x38,0x34,0x33,0x37,0x35,0x66,0x29,0x3b,
    0x0a,0x20,0x20,0x20,0x20,0x67,0x6c,0x5f,0x50,0x6f,0x73,0x69,0x74,0x69,0x6f,0x6e,
    0x20,0x3d,0x20,0x66,0x6c,0x6f,0x61,0x74,0x34,0x28,0x5f,0x31,0x37,0x33,0x2e,0x78,
    0x2c,0x20,0x2d,0x5f,0x31,0x37,0x33,0x2e,0x79,0x2c,0x20,0x30,0x2e,0x30,0x66,0x2c,
    0x20,0x31,0x2e,0x30,0x66,0x29,0x3b,0x0a,0x7d,0x0a,0x0a,0x53,0x50,0x49,0x52,0x56,
    0x5f,0x43,0x72,0x6f,0x73,0x73,0x5f,0x4f,0x75,0x74,0x70,0x75,0x74,0x20,0x6d,0x61,
    0x69,0x6e,0x28,0x53,0x50,0x49,0x52,0x56,0x5f,0x43,0x72,0x6f,0x73,0x73,0x5f,0x49,
    0x6e,0x70,0x75,0x74,0x20,0x73,0x74,0x61,0x67,0x65,0x5f,0x69,0x6e,0x70,0x75,0x74,
    0x29,0x0a,0x7b,0x0a,0x20,0x20,0x20,0x20,0x6c,0x6f,0x6f,0x6b,0x75,0x70,0x20,0x3d,
    0x20,0x73,0x74,0x61,0x67,0x65,0x5f,0x69,0x6e,0x70,0x75,0x74,0x2e,0x6c,0x6f,0x6f,
    0x6b,0x75,0x70,0x3b,0x0a,0x20,0x20,0x20,0x20,0x63,0x6f,0x72,0x6e,0x65,0x72,0x20,
    0x3d,0x20,0x73,0x74,0x61,0x67,0x65,0x5f,0x69,0x6e,0x70,0x75,0x74,0x2e,0x63,0x6f,
    0x72,0x6e,0x65,0x72,0x3b,0x0a,0x20,0x20,0x20,0x20,0x76,0x65,0x72,0x74,0x5f,0x6d,
    0x61,0x69,0x6e,0x28,0x29,0x3b,0x0a,0x20,0x20,0x20,0x20,0x53,0x50,0x49,0x52,0x56,
    0x5f,0x43,0x72,0x6f,0x73,0x73,0x5f,0x4f,0x75,0x74,0x70,0x75,0x74,0x20,0x73,0x74,
    0x61,0x67,0x65,0x5f,0x6f,0x75,0x74,0x70,0x75,0x74,0x3b,0x0a,0x20,0x20,0x20,0x20,
    0x73,0x74,0x61,0x67,0x65,0x5f,0x6f,0x75,0x74,0x70,0x75,0x74,0x2e,0x67,0x6c,0x5f,
    0x50,0x6f,0x73,0x69,0x74,0x69,0x6f,0x6e,0x20,0x3d,0x20,0x67,0x6c,0x5f,0x50,0x6f,
    0x73,0x69,0x74,0x69,0x6f,0x6e,0x3b,0x0a,0x20,0x20,0x20,0x20,0x73,0x74,0x61,0x67,
    0x65,0x5f,0x6f,0x75,0x74,0x70,0x75,0x74,0x2e,0x76,0x5f,0x72,0x67,0x62,0x20,0x3d,
    0x20,0x76,0x5f,0x72,0x67,0x62,0x3b,0x0a,0x20,0x20,0x20,0x20,0x73,0x74,0x61,0x67,
    0x65,0x5f,0x6f,0x75,0x74,0x70,0x75,0x74,0x2e,0x76,0x5f,0x61,0x6c,0x70,0x68,0x61,
    0x20,0x3d,0x20,0x76,0x5f,0x61,0x6c,0x70,0x68,0x61,0x3b,0x0a,0x20,0x20,0x20,0x20,
    0x72,0x65,0x74,0x75,0x72,0x6e,0x20,0x73,0x74,0x61,0x67,0x65,0x5f,0x6f,0x75,0x74,
    0x70,0x75,0x74,0x3b,0x0a,0x7d,0x0a,0x00,
};
/*
    static float4 frag_color;
    static float3 v_rgb;
    static float v_alpha;

    struct SPIRV_Cross_Input
    {
        float3 v_rgb : TEXCOORD0;
        float v_alpha : TEXCOORD1;
    };

    struct SPIRV_Cross_Output
    {
        float4 frag_color : SV_Target0;
    };

    void frag_main()
    {
        frag_color = float4(v_rgb, v_alpha);
    }

    SPIRV_Cross_Output main(SPIRV_Cross_Input stage_input)
    {
        v_rgb = stage_input.v_rgb;
        v_alpha = stage_input.v_alpha;
        frag_main();
        SPIRV_Cross_Output stage_output;
        stage_output.frag_color = frag_color;
        return stage_output;
    }
*/
static const uint8_t fs_physarum_deposit_source_hlsl5[540] = {
    0x73,0x74,0x61,0x74,0x69,0x63,0x20,0x66,0x6c,0x6f,0x61,0x74,0x34,0x20,0x66,0x72,
    0x61,0x67,0x5f,0x63,0x6f,0x6c,0x6f,0x72,0x3b,0x0a,0x73,0x74,0x61,0x74,0x69,0x63,
    0x20,0x66,0x6c,0x6f,0x61,0x74,0x33,0x20,0x76,0x5f,0x72,0x67,0x62,0x3b,0x0a,0x73,
    0x74,0x61,0x74,0x69,0x63,0x20,0x66,0x6c,0x6f,0x61,0x74,0x20,0x76,0x5f,0x61,0x6c,
    0x70,0x68,0x61,0x3b,0x0a,0x0a,0x73,0x74,0x72,0x75,0x63,0x74,0x20,0x53,0x50,0x49,
    0x52,0x56,0x5f,0x43,0x72,0x6f,0x73,0x73,0x5f,0x49,0x6e,0x70,0x75,0x74,0x0a,0x7b,
    0x0a,0x20,0x20,0x20,0x20,0x66,0x6c,0x6f,0x61,0x74,0x33,0x20,0x76,0x5f,0x72,0x67,
    0x62,0x20,0x3a,0x20,0x54,0x45,0x58,0x43,0x4f,0x4f,0x52,0x44,0x30,0x3b,0x0a,0x20,
    0x20,0x20,0x20,0x66,0x6c,0x6f,0x61,0x74,0x20,0x76,0x5f,0x61,0x6c,0x70,0x68,0x61,
    0x20,0x3a,0x20,0x54,0x45,0x58,0x43,0x4f,0x4f,0x52,0x44,0x31,0x3b,0x0a,0x7d,0x3b,
    0x0a,0x0a,0x73,0x74,0x72,0x75,0x63,0x74,0x20,0x53,0x50,0x49,0x52,0x56,0x5f,0x43,
    0x72,0x6f,0x73,0x73,0x5f,0x4f,0x75,0x74,0x70,0x75,0x74,0x0a,0x7b,0x0a,0x20,0x20,
    0x20,0x20,0x66,0x6c,0x6f,0x61,0x74,0x34,0x20,0x66,0x72,0x61,0x67,0x5f,0x63,0x6f,
    0x6c,0x6f,0x72,0x20,0x3a,0x20,0x53,0x56,0x5f,0x54,0x61,0x72,0x67,0x65,0x74,0x30,
    0x3b,0x0a,0x7d,0x3b,0x0a,0x0a,0x76,0x6f,0x69,0x64,0x20,0x66,0x72,0x61,0x67,0x5f,
    0x6d,0x61,0x69,0x6e,0x28,0x29,0x0a,0x7b,0x0a,0x20,0x20,0x20,0x20,0x66,0x72,0x61,
    0x67,0x5f,0x63,0x6f,0x6c,0x6f,0x72,0x20,0x3d,0x20,0x66,0x6c,0x6f,0x61,0x74,0x34,
    0x28,0x76,0x5f,0x72,0x67,0x62,0x2c,0x20,0x76,0x5f,0x61,0x6c,0x70,0x68,0x61,0x29,
    0x3b,0x0a,0x7d,0x0a,0x0a,0x53,0x50,0x49,0x52,0x56,0x5f,0x43,0x72,0x6f,0x73,0x73,
    0x5f,0x4f,0x75,0x74,0x70,0x75,0x74,0x20,0x6d,0x61,0x69,0x6e,0x28,0x53,0x50,0x49,
    0x52,0x56,0x5f,0x43,0x72,0x6f,0x73,0x73,0x5f,0x49,0x6e,0x70,0x75,0x74,0x20,0x73,
    0x74,0x61,0x67,0x65,0x5f,0x69,0x6e,0x70,0x75,0x74,0x29,0x0a,0x7b,0x0a,0x20,0x20,
    0x20,0x20,0x76,0x5f,0x72,0x67,0x62,0x20,0x3d,0x20,0x73,0x74,0x61,0x67,0x65,0x5f,
    0x69,0x6e,0x70,0x75,0x74,0x2e,0x76,0x5f,0x72,0x67,0x62,0x3b,0x0a,0x20,0x20,0x20,
    0x20,0x76,0x5f,0x61,0x6c,0x70,0x68,0x61,0x20,0x3d,0x20,0x73,0x74,0x61,0x67,0x65,
    0x5f,0x69,0x6e,0x70,0x75,0x74,0x2e,0x76,0x5f,0x61,0x6c,0x70,0x68,0x61,0x3b,0x0a,
    0x20,0x20,0x20,0x20,0x66,0x72,0x61,0x67,0x5f,0x6d,0x61,0x69,0x6e,0x28,0x29,0x3b,
    0x0a,0x20,0x20,0x20,0x20,0x53,0x50,0x49,0x52,0x56,0x5f,0x43,0x72,0x6f,0x73,0x73,
    0x5f,0x4f,0x75,0x74,0x70,0x75,0x74,0x20,0x73,0x74,0x61,0x67,0x65,0x5f,0x6f,0x75,
    0x74,0x70,0x75,0x74,0x3b,0x0a,0x20,0x20,0x20,0x20,0x73,0x74,0x61,0x67,0x65,0x5f,
    0x6f,0x75,0x74,0x70,0x75,0x74,0x2e,0x66,0x72,0x61,0x67,0x5f,0x63,0x6f,0x6c,0x6f,
    0x72,0x20,0x3d,0x20,0x66,0x72,0x61,0x67,0x5f,0x63,0x6f,0x6c,0x6f,0x72,0x3b,0x0a,
    0x20,0x20,0x20,0x20,0x72,0x65,0x74,0x75,0x72,0x6e,0x20,0x73,0x74,0x61,0x67,0x65,
    0x5f,0x6f,0x75,0x74,0x70,0x75,0x74,0x3b,0x0a,0x7d,0x0a,0x00,
};
/*
    #include <metal_stdlib>
    #include <simd/simd.h>

    using namespace metal;

    struct main0_out
    {
        float2 uv [[user(locn0)]];
        float4 gl_Position [[position]];
    };

    struct main0_in
    {
        float2 position [[attribute(0)]];
        float2 texcoord0 [[attribute(1)]];
    };

    vertex main0_out main0(main0_in in [[stage_in]])
    {
        main0_out out = {};
        out.gl_Position = float4(in.position, 0.0, 1.0);
        out.uv = in.texcoord0;
        return out;
    }

*/
static const uint8_t physarum_fullscreen_vs_source_metal_macos[437] = {
    0x23,0x69,0x6e,0x63,0x6c,0x75,0x64,0x65,0x20,0x3c,0x6d,0x65,0x74,0x61,0x6c,0x5f,
    0x73,0x74,0x64,0x6c,0x69,0x62,0x3e,0x0a,0x23,0x69,0x6e,0x63,0x6c,0x75,0x64,0x65,
    0x20,0x3c,0x73,0x69,0x6d,0x64,0x2f,0x73,0x69,0x6d,0x64,0x2e,0x68,0x3e,0x0a,0x0a,
    0x75,0x73,0x69,0x6e,0x67,0x20,0x6e,0x61,0x6d,0x65,0x73,0x70,0x61,0x63,0x65,0x20,
    0x6d,0x65,0x74,0x61,0x6c,0x3b,0x0a,0x0a,0x73,0x74,0x72,0x75,0x63,0x74,0x20,0x6d,
    0x61,0x69,0x6e,0x30,0x5f,0x6f,0x75,0x74,0x0a,0x7b,0x0a,0x20,0x20,0x20,0x20,0x66,
    0x6c,0x6f,0x61,0x74,0x32,0x20,0x75,0x76,0x20,0x5b,0x5b,0x75,0x73,0x65,0x72,0x28,
    0x6c,0x6f,0x63,0x6e,0x30,0x29,0x5d,0x5d,0x3b,0x0a,0x20,0x20,0x20,0x20,0x66,0x6c,
    0x6f,0x61,0x74,0x34,0x20,0x67,0x6c,0x5f,0x50,0x6f,0x73,0x69,0x74,0x69,0x6f,0x6e,
    0x20,0x5b,0x5b,0x70,0x6f,0x73,0x69,0x74,0x69,0x6f,0x6e,0x5d,0x5d,0x3b,0x0a,0x7d,
    0x3b,0x0a,0x0a,0x73,0x74,0x72,0x75,0x63,0x74,0x20,0x6d,0x61,0x69,0x6e,0x30,0x5f,
    0x69,0x6e,0x0a,0x7b,0x0a,0x20,0x20,0x20,0x20,0x66,0x6c,0x6f,0x61,0x74,0x32,0x20,
    0x70,0x6f,0x73,0x69,0x74,0x69,0x6f,0x6e,0x20,0x5b,0x5b,0x61,0x74,0x74,0x72,0x69,
    0x62,0x75,0x74,0x65,0x28,0x30,0x29,0x5d,0x5d,0x3b,0x0a,0x20,0x20,0x20,0x20,0x66,
    0x6c,0x6f,0x61,0x74,0x32,0x20,0x74,0x65,0x78,0x63,0x6f,0x6f,0x72,0x64,0x30,0x20,
    0x5b,0x5b,0x61,0x74,0x74,0x72,0x69,0x62,0x75,0x74,0x65,0x28,0x31,0x29,0x5d,0x5d,
    0x3b,0x0a,0x7d,0x3b,0x0a,0x0a,0x76,0x65,0x72,0x74,0x65,0x78,0x20,0x6d,0x61,0x69,
    0x6e,0x30,0x5f,0x6f,0x75,0x74,0x20,0x6d,0x61,0x69,0x6e,0x30,0x28,0x6d,0x61,0x69,
    0x6e,0x30,0x5f,0x69,0x6e,0x20,0x69,0x6e,0x20,0x5b,0x5b,0x73,0x74,0x61,0x67,0x65,
    0x5f,0x69,0x6e,0x5d,0x5d,0x29,0x0a,0x7b,0x0a,0x20,0x20,0x20,0x20,0x6d,0x61,0x69,
    0x6e,0x30,0x5f,0x6f,0x75,0x74,0x20,0x6f,0x75,0x74,0x20,0x3d,0x20,0x7b,0x7d,0x3b,
    0x0a,0x20,0x20,0x20,0x20,0x6f,0x75,0x74,0x2e,0x67,0x6c,0x5f,0x50,0x6f,0x73,0x69,
    0x74,0x69,0x6f,0x6e,0x20,0x3d,0x20,0x66,0x6c,0x6f,0x61,0x74,0x34,0x28,0x69,0x6e,
    0x2e,0x70,0x6f,0x73,0x69,0x74,0x69,0x6f,0x6e,0x2c,0x20,0x30,0x2e,0x30,0x2c,0x20,
    0x31,0x2e,0x30,0x29,0x3b,0x0a,0x20,0x20,0x20,0x20,0x6f,0x75,0x74,0x2e,0x75,0x76,
    0x20,0x3d,0x20,0x69,0x6e,0x2e,0x74,0x65,0x78,0x63,0x6f,0x6f,0x72,0x64,0x30,0x3b,
    0x0a,0x20,0x20,0x20,0x20,0x72,0x65,0x74,0x75,0x72,0x6e,0x20,0x6f,0x75,0x74,0x3b,
    0x0a,0x7d,0x0a,0x0a,0x00,
};
/*
    #pragma clang diagnostic ignored "-Wmissing-prototypes"

    #include <metal_stdlib>
    #include <simd/simd.h>

    using namespace metal;

    struct physarum_params
    {
        float4 color;
        float4 resolution;
        float4 texel;
        float4 options;
    };

    struct main0_out
    {
        float4 frag_color [[color(0)]];
    };

    struct main0_in
    {
        float2 uv [[user(locn0)]];
    };

    static inline __attribute__((always_inline))
    float physarum_hash(thread const float2& p)
    {
        return fract(sin(dot(p, float2(127.09999847412109375, 311.70001220703125))) * 43758.546875);
    }

    static inline __attribute__((always_inline))
    float2 physarum_hash2(thread const float2& p)
    {
        float2 param = p;
        float _32 = physarum_hash(param);
        float2 param_1 = (p.yx + float2(_32, 1.0 - _32)) + float2(19.1900005340576171875);
        return float2(_32, physarum_hash(param_1));
    }

    fragment main0_out main0(main0_in in [[stage_in]], constant physarum_params& _56 [[buffer(0)]])
    {
        main0_out out = {};
        float2 param = in.uv + _56.options.zw;
        float2 _74 = physarum_hash2(param);
        float2 param_1 = _74 + (in.uv * 17.0);
        out.frag_color = float4(fract(_74 + (physarum_hash2(param_1) * 0.61803400516510009765625)) * fast::max(_56.options.xy, float2(1.0)), 0.0, 0.0);
        return out;
    }

*/
static const uint8_t fs_physarum_spawn_source_metal_macos[1247] = {
    0x23,0x70,0x72,0x61,0x67,0x6d,0x61,0x20,0x63,0x6c,0x61,0x6e,0x67,0x20,0x64,0x69,
    0x61,0x67,0x6e,0x6f,0x73,0x74,0x69,0x63,0x20,0x69,0x67,0x6e,0x6f,0x72,0x65,0x64,
    0x20,0x22,0x2d,0x57,0x6d,0x69,0x73,0x73,0x69,0x6e,0x67,0x2d,0x70,0x72,0x6f,0x74,
    0x6f,0x74,0x79,0x70,0x65,0x73,0x22,0x0a,0x0a,0x23,0x69,0x6e,0x63,0x6c,0x75,0x64,
    0x65,0x20,0x3c,0x6d,0x65,0x74,0x61,0x6c,0x5f,0x73,0x74,0x64,0x6c,0x69,0x62,0x3e,
    0x0a,0x23,0x69,0x6e,0x63,0x6c,0x75,0x64,0x65,0x20,0x3c,0x73,0x69,0x6d,0x64,0x2f,
    0x73,0x69,0x6d,0x64,0x2e,0x68,0x3e,0x0a,0x0a,0x75,0x73,0x69,0x6e,0x67,0x20,0x6e,
    0x61,0x6d,0x65,0x73,0x70,0x61,0x63,0x65,0x20,0x6d,0x65,0x74,0x61,0x6c,0x3b,0x0a,
    0x0a,0x73,0x74,0x72,0x75,0x63,0x74,0x20,0x70,0x68,0x79,0x73,0x61,0x72,0x75,0x6d,
    0x5f,0x70,0x61,0x72,0x61,0x6d,0x73,0x0a,0x7b,0x0a,0x20,0x20,0x20,0x20,0x66,0x6c,
    0x6f,0x61,0x74,0x34,0x20,0x63,0x6f,0x6c,0x6f,0x72,0x3b,0x0a,0x20,0x20,0x20,0x20,
    0x66,0x6c,0x6f,0x61,0x74,0x34,0x20,0x72,0x65,0x73,0x6f,0x6c,0x75,0x74,0x69,0x6f,
    0x6e,0x3b,0x0a,0x20,0x20,0x20,0x20,0x66,0x6c,0x6f,0x61,0x74,0x34,0x20,0x74,0x65,
    0x78,0x65,0x6c,0x3b,0x0a,0x20,0x20,0x20,0x20,0x66,0x6c,0x6f,0x61,0x74,0x34,0x20,
    0x6f,0x70,0x74,0x69,0x6f,0x6e,0x73,0x3b,0x0a,0x7d,0x3b,0x0a,0x0a,0x73,0x74,0x72,
    0x75,0x63,0x74,0x20,0x6d,0x61,0x69,0x6e,0x30,0x5f,0x6f,0x75,0x74,0x0a,0x7b,0x0a,
    0x20,0x20,0x20,0x20,0x66,0x6c,0x6f,0x61,0x74,0x34,0x20,0x66,0x72,0x61,0x67,0x5f,
    0x63,0x6f,0x6c,0x6f,0x72,0x20,0x5b,0x5b,0x63,0x6f,0x6c,0x6f,0x72,0x28,0x30,0x29,
    0x5d,0x5d,0x3b,0x0a,0x7d,0x3b,0x0a,0x0a,0x73,0x74,0x72,0x75,0x63,0x74,0x20,0x6d,
    0x61,0x69,0x6e,0x30,0x5f,0x69,0x6e,0x0a,0x7b,0x0a,0x20,0x20,0x20,0x20,0x66,0x6c,
    0x6f,0x61,0x74,0x32,0x20,0x75,0x76,0x20,0x5b,0x5b,0x75,0x73,0x65,0x72,0x28,0x6c,
    0x6f,0x63,0x6e,0x30,0x29,0x5d,0x5d,0x3b,0x0a,0x7d,0x3b,0x0a,0x0a,0x73,0x74,0x61,
    0x74,0x69,0x63,0x20,0x69,0x6e,0x6c,0x69,0x6e,0x65,0x20,0x5f,0x5f,0x61,0x74,0x74,
    0x72,0x69,0x62,0x75,0x74,0x65,0x5f,0x5f,0x28,0x28,0x61,0x6c,0x77,0x61,0x79,0x73,
    0x5f,0x69,0x6e,0x6c,0x69,0x6e,0x65,0x29,0x29,0x0a,0x66,0x6c,0x6f,0x61,0x74,0x20,
    0x70,0x68,0x79,0x73,0x61,0x72,0x75,0x6d,0x5f,0x68,0x61,0x73,0x68,0x28,0x74,0x68,
    0x72,0x65,0x61,0x64,0x20,0x63,0x6f,0x6e,0x73,0x74,0x20,0x66,0x6c,0x6f,0x61,0x74,
    0x32,0x26,0x20,0x70,0x29,0x0a,0x7b,0x0a,0x20,0x20,0x20,0x20,0x72,0x65,0x74,0x75,
    0x72,0x6e,0x20,0x66,0x72,0x61,0x63,0x74,0x28,0x73,0x69,0x6e,0x28,0x64,0x6f,0x74,
    0x28,0x70,0x2c,0x20,0x66,0x6c,0x6f,0x61,0x74,0x32,0x28,0x31,0x32,0x37,0x2e,0x30,
    0x39,0x39,0x39,0x39,0x38,0x34,0x37,0x34,0x31,0x32,0x31,0x30,0x39,0x33,0x37,0x35,
    0x2c,0x20,0x33,0x31,0x31,0x2e,0x37,0x30,0x30,0x30,0x31,0x32,0x32,0x30,0x37,0x30,
    0x33,0x31,0x32,0x35,0x29,0x29,0x29,0x20,0x2a,0x20,0x34,0x33,0x37,0x35,0x38,0x2e,
    0x35,0x34,0x36,0x38,0x37,0x35,0x29,0x3b,0x0a,0x7d,0x0a,0x0a,0x73,0x74,0x61,0x74,
    0x69,0x63,0x20,0x69,0x6e,0x6c,0x69,0x6e,0x65,0x20,0x5f,0x5f,0x61,0x74,0x74,0x72,
    0x69,0x62,0x75,0x74,0x65,0x5f,0x5f,0x28,0x28,0x61,0x6c,0x77,0x61,0x79,0x73,0x5f,
    0x69,0x6e,0x6c,0x69,0x6e,0x65,0x29,0x29,0x0a,0x66,0x6c,0x6f,0x61,0x74,0x32,0x20,
    0x70,0x68,0x79,0x73,0x61,0x72,0x75,0x6d,0x5f,0x68,0x61,0x73,0x68,0x32,0x28,0x74,
    0x68,0x72,0x65,0x61,0x64,0x20,0x63,0x6f,0x6e,0x73,0x74,0x20,0x66,0x6c,0x6f,0x61,
    0x74,0x32,0x26,0x20,0x70,0x29,0x0a,0x7b,0x0a,0x20,0x20,0x20,0x20,0x66,0x6c,0x6f,
    0x61,0x74,0x32,0x20,0x70,0x61,0x72,0x61,0x6d,0x20,0x3d,0x20,0x70,0x3b,0x0a,0x20,
    0x20,0x20,0x20,0x66,0x6c,0x6f,0x61,0x74,0x20,0x5f,0x33,0x32,0x20,0x3d,0x20,0x70,
    0x68,0x79,0x73,0x61,0x72,0x75,0x6d,0x5f,0x68,0x61,0x73,0x68,0x28,0x70,0x61,0x72,
    0x61,0x6d,0x29,0x3b,0x0a,0x20,0x20,0x20,0x20,0x66,0x6c,0x6f,0x61,0x74,0x32,0x20,
    0x70,0x61,0x72,0x61,0x6d,0x5f,0x31,0x20,0x3d,0x20,0x28,0x70,0x2e,0x79,0x78,0x20,
    0x2b,0x20,0x66,0x6c,0x6f,0x61,0x74,0x32,0x28,0x5f,0x33,0x32,0x2c,0x20,0x31,0x2e,
    0x30,0x20,0x2d,0x20,0x5f,0x33,0x32,0x29,0x29,0x20,0x2b,0x20,0x66,0x6c,0x6f,0x61,
    0x74,0x32,0x28,0x31,0x39,0x2e,0x31,0x39,0x30,0x30,0x30,0x30,0x35,0x33,0x34,0x30,
    0x35,0x37,0x36,0x31,0x37,0x31,0x38,0x37,0x35,0x29,0x3b,0x0a,0x20,0x20,0x20,0x20,
    0x72,0x65,0x74,0x75,0x72,0x6e,0x20,0x66,0x6c,0x6f,0x61,0x74,0x32,0x28,0x5f,0x33,
    0x32,0x2c,0x20,0x70,0x68,0x79,0x73,0x61,0x72,0x75,0x6d,0x5f,0x68,0x61,0x73,0x68,
    0x28,0x70,0x61,0x72,0x61,0x6d,0x5f,0x31,0x29,0x29,0x3b,0x0a,0x7d,0x0a,0x0a,0x66,
    0x72,0x61,0x67,0x6d,0x65,0x6e,0x74,0x20,0x6d,0x61,0x69,0x6e,0x30,0x5f,0x6f,0x75,
    0x74,0x20,0x6d,0x61,0x69,0x6e,0x30,0x28,0x6d,0x61,0x69,0x6e,0x30,0x5f,0x69,0x6e,
    0x20,0x69,0x6e,0x20,0x5b,0x5b,0x73,0x74,0x61,0x67,0x65,0x5f,0x69,0x6e,0x5d,0x5d,
    0x2c,0x20,0x63,0x6f,0x6e,0x73,0x74,0x61,0x6e,0x74,0x20,0x70,0x68,0x79,0x73,0x61,
    0x72,0x75,0x6d,0x5f,0x70,0x61,0x72,0x61,0x6d,0x73,0x26,0x20,0x5f,0x35,0x36,0x20,
    0x5b,0x5b,0x62,0x75,0x66,0x66,0x65,0x72,0x28,0x30,0x29,0x5d,0x5d,0x29,0x0a,0x7b,
    0x0a,0x20,0x20,0x20,0x20,0x6d,0x61,0x69,0x6e,0x30,0x5f,0x6f,0x75,0x74,0x20,0x6f,
    0x75,0x74,0x20,0x3d,0x20,0x7b,0x7d,0x3b,0x0a,0x20,0x20,0x20,0x20,0x66,0x6c,0x6f,
    0x61,0x74,0x32,0x20,0x70,0x61,0x72,0x61,0x6d,0x20,0x3d,0x20,0x69,0x6e,0x2e,0x75,
    0x76,0x20,0x2b,0x20,0x5f,0x35,0x36,0x2e,0x6f,0x70,0x74,0x69,0x6f,0x6e,0x73,0x2e,
    0x7a,0x77,0x3b,0x0a,0x20,0x20,0x20,0x20,0x66,0x6c,0x6f,0x61,0x74,0x32,0x20,0x5f,
    0x37,0x34,0x20,0x3d,0x20,0x70,0x68,0x79,0x73,0x61,0x72,0x75,0x6d,0x5f,0x68,0x61,
    0x73,0x68,0x32,0x28,0x70,0x61,0x72,0x61,0x6d,0x29,0x3b,0x0a,0x20,0x20,0x20,0x20,
    0x66,0x6c,0x6f,0x61,0x74,0x32,0x20,0x70,0x61,0x72,0x61,0x6d,0x5f,0x31,0x20,0x3d,
    0x20,0x5f,0x37,0x34,0x20,0x2b,0x20,0x28,0x69,0x6e,0x2e,0x75,0x76,0x20,0x2a,0x20,
    0x31,0x37,0x2e,0x30,0x29,0x3b,0x0a,0x20,0x20,0x20,0x20,0x6f,0x75,0x74,0x2e,0x66,
    0x72,0x61,0x67,0x5f,0x63,0x6f,0x6c,0x6f,0x72,0x20,0x3d,0x20,0x66,0x6c,0x6f,0x61,
    0x74,0x34,0x28,0x66,0x72,0x61,0x63,0x74,0x28,0x5f,0x37,0x34,0x20,0x2b,0x20,0x28,
    0x70,0x68,0x79,0x73,0x61,0x72,0x75,0x6d,0x5f,0x68,0x61,0x73,0x68,0x32,0x28,0x70,
    0x61,0x72,0x61,0x6d,0x5f,0x31,0x29,0x20,0x2a,0x20,0x30,0x2e,0x36,0x31,0x38,0x30,
    0x33,0x34,0x30,0x30,0x35,0x31,0x36,0x35,0x31,0x30,0x30,0x30,0x39,0x37,0x36,0x35,
    0x36,0x32,0x35,0x29,0x29,0x20,0x2a,0x20,0x66,0x61,0x73,0x74,0x3a,0x3a,0x6d,0x61,
    0x78,0x28,0x5f,0x35,0x36,0x2e,0x6f,0x70,0x74,0x69,0x6f,0x6e,0x73,0x2e,0x78,0x79,
    0x2c,0x20,0x66,0x6c,0x6f,0x61,0x74,0x32,0x28,0x31,0x2e,0x30,0x29,0x29,0x2c,0x20,
    0x30,0x2e,0x30,0x2c,0x20,0x30,0x2e,0x30,0x29,0x3b,0x0a,0x20,0x20,0x20,0x20,0x72,
    0x65,0x74,0x75,0x72,0x6e,0x20,0x6f,0x75,0x74,0x3b,0x0a,0x7d,0x0a,0x0a,0x00,
};
/*
    #pragma clang diagnostic ignored "-Wmissing-prototypes"

    #include <metal_stdlib>
    #include <simd/simd.h>

    using namespace metal;

    struct physarum_params
    {
        float4 color;
        float4 resolution;
        float4 texel;
        float4 options;
    };

    struct main0_out
    {
        float4 frag_color [[color(0)]];
    };

    struct main0_in
    {
        float2 uv [[user(locn0)]];
    };

    static inline __attribute__((always_inline))
    float physarum_age_hash(thread const float2& p)
    {
        return fract(sin(dot(p, float2(127.09999847412109375, 311.70001220703125))) * 43758.546875);
    }

    fragment main0_out main0(main0_in in [[stage_in]], constant physarum_params& _32 [[buffer(0)]])
    {
        main0_out out = {};
        float2 param = in.uv + _32.options.zw;
        out.frag_color = float4(physarum_age_hash(param) * fast::max(_32.options.x, 1.0), 0.0, 0.0, 1.0);
        return out;
    }

*/
static const uint8_t fs_physarum_age_spawn_source_metal_macos[831] = {
    0x23,0x70,0x72,0x61,0x67,0x6d,0x61,0x20,0x63,0x6c,0x61,0x6e,0x67,0x20,0x64,0x69,
    0x61,0x67,0x6e,0x6f,0x73,0x74,0x69,0x63,0x20,0x69,0x67,0x6e,0x6f,0x72,0x65,0x64,
    0x20,0x22,0x2d,0x57,0x6d,0x69,0x73,0x73,0x69,0x6e,0x67,0x2d,0x70,0x72,0x6f,0x74,
    0x6f,0x74,0x79,0x70,0x65,0x73,0x22,0x0a,0x0a,0x23,0x69,0x6e,0x63,0x6c,0x75,0x64,
    0x65,0x20,0x3c,0x6d,0x65,0x74,0x61,0x6c,0x5f,0x73,0x74,0x64,0x6c,0x69,0x62,0x3e,
    0x0a,0x23,0x69,0x6e,0x63,0x6c,0x75,0x64,0x65,0x20,0x3c,0x73,0x69,0x6d,0x64,0x2f,
    0x73,0x69,0x6d,0x64,0x2e,0x68,0x3e,0x0a,0x0a,0x75,0x73,0x69,0x6e,0x67,0x20,0x6e,
    0x61,0x6d,0x65,0x73,0x70,0x61,0x63,0x65,0x20,0x6d,0x65,0x74,0x61,0x6c,0x3b,0x0a,
    0x0a,0x73,0x74,0x72,0x75,0x63,0x74,0x20,0x70,0x68,0x79,0x73,0x61,0x72,0x75,0x6d,
    0x5f,0x70,0x61,0x72,0x61,0x6d,0x73,0x0a,0x7b,0x0a,0x20,0x20,0x20,0x20,0x66,0x6c,
    0x6f,0x61,0x74,0x34,0x20,0x63,0x6f,0x6c,0x6f,0x72,0x3b,0x0a,0x20,0x20,0x20,0x20,
    0x66,0x6c,0x6f,0x61,0x74,0x34,0x20,0x72,0x65,0x73,0x6f,0x6c,0x75,0x74,0x69,0x6f,
    0x6e,0x3b,0x0a,0x20,0x20,0x20,0x20,0x66,0x6c,0x6f,0x61,0x74,0x34,0x20,0x74,0x65,
    0x78,0x65,0x6c,0x3b,0x0a,0x20,0x20,0x20,0x20,0x66,0x6c,0x6f,0x61,0x74,0x34,0x20,
    0x6f,0x70,0x74,0x69,0x6f,0x6e,0x73,0x3b,0x0a,0x7d,0x3b,0x0a,0x0a,0x73,0x74,0x72,
    0x75,0x63,0x74,0x20,0x6d,0x61,0x69,0x6e,0x30,0x5f,0x6f,0x75,0x74,0x0a,0x7b,0x0a,
    0x20,0x20,0x20,0x20,0x66,0x6c,0x6f,0x61,0x74,0x34,0x20,0x66,0x72,0x61,0x67,0x5f,
    0x63,0x6f,0x6c,0x6f,0x72,0x20,0x5b,0x5b,0x63,0x6f,0x6c,0x6f,0x72,0x28,0x30,0x29,
    0x5d,0x5d,0x3b,0x0a,0x7d,0x3b,0x0a,0x0a,0x73,0x74,0x72,0x75,0x63,0x74,0x20,0x6d,
    0x61,0x69,0x6e,0x30,0x5f,0x69,0x6e,0x0a,0x7b,0x0a,0x20,0x20,0x20,0x20,0x66,0x6c,
    0x6f,0x61,0x74,0x32,0x20,0x75,0x76,0x20,0x5b,0x5b,0x75,0x73,0x65,0x72,0x28,0x6c,
    0x6f,0x63,0x6e,0x30,0x29,0x5d,0x5d,0x3b,0x0a,0x7d,0x3b,0x0a,0x0a,0x73,0x74,0x61,
    0x74,0x69,0x63,0x20,0x69,0x6e,0x6c,0x69,0x6e,0x65,0x20,0x5f,0x5f,0x61,0x74,0x74,
    0x72,0x69,0x62,0x75,0x74,0x65,0x5f,0x5f,0x28,0x28,0x61,0x6c,0x77,0x61,0x79,0x73,
    0x5f,0x69,0x6e,0x6c,0x69,0x6e,0x65,0x29,0x29,0x0a,0x66,0x6c,0x6f,0x61,0x74,0x20,
    0x70,0x68,0x79,0x73,0x61,0x72,0x75,0x6d,0x5f,0x61,0x67,0x65,0x5f,0x68,0x61,0x73,
    0x68,0x28,0x74,0x68,0x72,0x65,0x61,0x64,0x20,0x63,0x6f,0x6e,0x73,0x74,0x20,0x66,
    0x6c,0x6f,0x61,0x74,0x32,0x26,0x20,0x70,0x29,0x0a,0x7b,0x0a,0x20,0x20,0x20,0x20,
    0x72,0x65,0x74,0x75,0x72,0x6e,0x20,0x66,0x72,0x61,0x63,0x74,0x28,0x73,0x69,0x6e,
    0x28,0x64,0x6f,0x74,0x28,0x70,0x2c,0x20,0x66,0x6c,0x6f,0x61,0x74,0x32,0x28,0x31,
    0x32,0x37,0x2e,0x30,0x39,0x39,0x39,0x39,0x38,0x34,0x37,0x34,0x31,0x32,0x31,0x30,
    0x39,0x33,0x37,0x35,0x2c,0x20,0x33,0x31,0x31,0x2e,0x37,0x30,0x30,0x30,0x31,0x32,
    0x32,0x30,0x37,0x30,0x33,0x31,0x32,0x35,0x29,0x29,0x29,0x20,0x2a,0x20,0x34,0x33,
    0x37,0x35,0x38,0x2e,0x35,0x34,0x36,0x38,0x37,0x35,0x29,0x3b,0x0a,0x7d,0x0a,0x0a,
    0x66,0x72,0x61,0x67,0x6d,0x65,0x6e,0x74,0x20,0x6d,0x61,0x69,0x6e,0x30,0x5f,0x6f,
    0x75,0x74,0x20,0x6d,0x61,0x69,0x6e,0x30,0x28,0x6d,0x61,0x69,0x6e,0x30,0x5f,0x69,
    0x6e,0x20,0x69,0x6e,0x20,0x5b,0x5b,0x73,0x74,0x61,0x67,0x65,0x5f,0x69,0x6e,0x5d,
    0x5d,0x2c,0x20,0x63,0x6f,0x6e,0x73,0x74,0x61,0x6e,0x74,0x20,0x70,0x68,0x79,0x73,
    0x61,0x72,0x75,0x6d,0x5f,0x70,0x61,0x72,0x61,0x6d,0x73,0x26,0x20,0x5f,0x33,0x32,
    0x20,0x5b,0x5b,0x62,0x75,0x66,0x66,0x65,0x72,0x28,0x30,0x29,0x5d,0x5d,0x29,0x0a,
    0x7b,0x0a,0x20,0x20,0x20,0x20,0x6d,0x61,0x69,0x6e,0x30,0x5f,0x6f,0x75,0x74,0x20,
    0x6f,0x75,0x74,0x20,0x3d,0x20,0x7b,0x7d,0x3b,0x0a,0x20,0x20,0x20,0x20,0x66,0x6c,
    0x6f,0x61,0x74,0x32,0x20,0x70,0x61,0x72,0x61,0x6d,0x20,0x3d,0x20,0x69,0x6e,0x2e,
    0x75,0x76,0x20,0x2b,0x20,0x5f,0x33,0x32,0x2e,0x6f,0x70,0x74,0x69,0x6f,0x6e,0x73,
    0x2e,0x7a,0x77,0x3b,0x0a,0x20,0x20,0x20,0x20,0x6f,0x75,0x74,0x2e,0x66,0x72,0x61,
    0x67,0x5f,0x63,0x6f,0x6c,0x6f,0x72,0x20,0x3d,0x20,0x66,0x6c,0x6f,0x61,0x74,0x34,
    0x28,0x70,0x68,0x79,0x73,0x61,0x72,0x75,0x6d,0x5f,0x61,0x67,0x65,0x5f,0x68,0x61,
    0x73,0x68,0x28,0x70,0x61,0x72,0x61,0x6d,0x29,0x20,0x2a,0x20,0x66,0x61,0x73,0x74,
    0x3a,0x3a,0x6d,0x61,0x78,0x28,0x5f,0x33,0x32,0x2e,0x6f,0x70,0x74,0x69,0x6f,0x6e,
    0x73,0x2e,0x78,0x2c,0x20,0x31,0x2e,0x30,0x29,0x2c,0x20,0x30,0x2e,0x30,0x2c,0x20,
    0x30,0x2e,0x30,0x2c,0x20,0x31,0x2e,0x30,0x29,0x3b,0x0a,0x20,0x20,0x20,0x20,0x72,
    0x65,0x74,0x75,0x72,0x6e,0x20,0x6f,0x75,0x74,0x3b,0x0a,0x7d,0x0a,0x0a,0x00,
};
/*
    #include <metal_stdlib>
    #include <simd/simd.h>

    using namespace metal;

    struct physarum_params
    {
        float4 color;
        float4 resolution;
        float4 texel;
        float4 options;
    };

    struct main0_out
    {
        float4 frag_color [[color(0)]];
    };

    struct main0_in
    {
        float2 uv [[user(locn0)]];
    };

    fragment main0_out main0(main0_in in [[stage_in]], constant physarum_params& _12 [[buffer(0)]], texture2d<float> physarumAgeUpdateTex [[texture(0)]], sampler physarumAgeUpdateSmp [[sampler(0)]])
    {
        main0_out out = {};
        float _44 = physarumAgeUpdateTex.sample(physarumAgeUpdateSmp, in.uv).x + fast::max(_12.options.y, 0.0);
        out.frag_color = float4((_44 >= fast::max(_12.options.x, 1.0)) ? 0.0 : _44, 0.0, 0.0, 1.0);
        return out;
    }

*/
static const uint8_t fs_physarum_age_update_source_metal_macos[737] = {
    0x23,0x69,0x6e,0x63,0x6c,0x75,0x64,0x65,0x20,0x3c,0x6d,0x65,0x74,0x61,0x6c,0x5f,
    0x73,0x74,0x64,0x6c,0x69,0x62,0x3e,0x0a,0x23,0x69,0x6e,0x63,0x6c,0x75,0x64,0x65,
    0x20,0x3c,0x73,0x69,0x6d,0x64,0x2f,0x73,0x69,0x6d,0x64,0x2e,0x68,0x3e,0x0a,0x0a,
    0x75,0x73,0x69,0x6e,0x67,0x20,0x6e,0x61,0x6d,0x65,0x73,0x70,0x61,0x63,0x65,0x20,
    0x6d,0x65,0x74,0x61,0x6c,0x3b,0x0a,0x0a,0x73,0x74,0x72,0x75,0x63,0x74,0x20,0x70,
    0x68,0x79,0x73,0x61,0x72,0x75,0x6d,0x5f,0x70,0x61,0x72,0x61,0x6d,0x73,0x0a,0x7b,
    0x0a,0x20,0x20,0x20,0x20,0x66,0x6c,0x6f,0x61,0x74,0x34,0x20,0x63,0x6f,0x6c,0x6f,
    0x72,0x3b,0x0a,0x20,0x20,0x20,0x20,0x66,0x6c,0x6f,0x61,0x74,0x34,0x20,0x72,0x65,
    0x73,0x6f,0x6c,0x75,0x74,0x69,0x6f,0x6e,0x3b,0x0a,0x20,0x20,0x20,0x20,0x66,0x6c,
    0x6f,0x61,0x74,0x34,0x20,0x74,0x65,0x78,0x65,0x6c,0x3b,0x0a,0x20,0x20,0x20,0x20,
    0x66,0x6c,0x6f,0x61,0x74,0x34,0x20,0x6f,0x70,0x74,0x69,0x6f,0x6e,0x73,0x3b,0x0a,
    0x7d,0x3b,0x0a,0x0a,0x73,0x74,0x72,0x75,0x63,0x74,0x20,0x6d,0x61,0x69,0x6e,0x30,
    0x5f,0x6f,0x75,0x74,0x0a,0x7b,0x0a,0x20,0x20,0x20,0x20,0x66,0x6c,0x6f,0x61,0x74,
    0x34,0x20,0x66,0x72,0x61,0x67,0x5f,0x63,0x6f,0x6c,0x6f,0x72,0x20,0x5b,0x5b,0x63,
    0x6f,0x6c,0x6f,0x72,0x28,0x30,0x29,0x5d,0x5d,0x3b,0x0a,0x7d,0x3b,0x0a,0x0a,0x73,
    0x74,0x72,0x75,0x63,0x74,0x20,0x6d,0x61,0x69,0x6e,0x30,0x5f,0x69,0x6e,0x0a,0x7b,
    0x0a,0x20,0x20,0x20,0x20,0x66,0x6c,0x6f,0x61,0x74,0x32,0x20,0x75,0x76,0x20,0x5b,
    0x5b,0x75,0x73,0x65,0x72,0x28,0x6c,0x6f,0x63,0x6e,0x30,0x29,0x5d,0x5d,0x3b,0x0a,
    0x7d,0x3b,0x0a,0x0a,0x66,0x72,0x61,0x67,0x6d,0x65,0x6e,0x74,0x20,0x6d,0x61,0x69,
    0x6e,0x30,0x5f,0x6f,0x75,0x74,0x20,0x6d,0x61,0x69,0x6e,0x30,0x28,0x6d,0x61,0x69,
    0x6e,0x30,0x5f,0x69,0x6e,0x20,0x69,0x6e,0x20,0x5b,0x5b,0x73,0x74,0x61,0x67,0x65,
    0x5f,0x69,0x6e,0x5d,0x5d,0x2c,0x20,0x63,0x6f,0x6e,0x73,0x74,0x61,0x6e,0x74,0x20,
    0x70,0x68,0x79,0x73,0x61,0x72,0x75,0x6d,0x5f,0x70,0x61,0x72,0x61,0x6d,0x73,0x26,
    0x20,0x5f,0x31,0x32,0x20,0x5b,0x5b,0x62,0x75,0x66,0x66,0x65,0x72,0x28,0x30,0x29,
    0x5d,0x5d,0x2c,0x20,0x74,0x65,0x78,0x74,0x75,0x72,0x65,0x32,0x64,0x3c,0x66,0x6c,
    0x6f,0x61,0x74,0x3e,0x20,0x70,0x68,0x79,0x73,0x61,0x72,0x75,0x6d,0x41,0x67,0x65,
    0x55,0x70,0x64,0x61,0x74,0x65,0x54,0x65,0x78,0x20,0x5b,0x5b,0x74,0x65,0x78,0x74,
    0x75,0x72,0x65,0x28,0x30,0x29,0x5d,0x5d,0x2c,0x20,0x73,0x61,0x6d,0x70,0x6c,0x65,
    0x72,0x20,0x70,0x68,0x79,0x73,0x61,0x72,0x75,0x6d,0x41,0x67,0x65,0x55,0x70,0x64,
    0x61,0x74,0x65,0x53,0x6d,0x70,0x20,0x5b,0x5b,0x73,0x61,0x6d,0x70,0x6c,0x65,0x72,
    0x28,0x30,0x29,0x5d,0x5d,0x29,0x0a,0x7b,0x0a,0x20,0x20,0x20,0x20,0x6d,0x61,0x69,
    0x6e,0x30,0x5f,0x6f,0x75,0x74,0x20,0x6f,0x75,0x74,0x20,0x3d,0x20,0x7b,0x7d,0x3b,
    0x0a,0x20,0x20,0x20,0x20,0x66,0x6c,0x6f,0x61,0x74,0x20,0x5f,0x34,0x34,0x20,0x3d,
    0x20,0x70,0x68,0x79,0x73,0x61,0x72,0x75,0x6d,0x41,0x67,0x65,0x55,0x70,0x64,0x61,
    0x74,0x65,0x54,0x65,0x78,0x2e,0x73,0x61,0x6d,0x70,0x6c,0x65,0x28,0x70,0x68,0x79,
    0x73,0x61,0x72,0x75,0x6d,0x41,0x67,0x65,0x55,0x70,0x64,0x61,0x74,0x65,0x53,0x6d,
    0x70,0x2c,0x20,0x69,0x6e,0x2e,0x75,0x76,0x29,0x2e,0x78,0x20,0x2b,0x20,0x66,0x61,
    0x73,0x74,0x3a,0x3a,0x6d,0x61,0x78,0x28,0x5f,0x31,0x32,0x2e,0x6f,0x70,0x74,0x69,
    0x6f,0x6e,0x73,0x2e,0x79,0x2c,0x20,0x30,0x2e,0x30,0x29,0x3b,0x0a,0x20,0x20,0x20,
    0x20,0x6f,0x75,0x74,0x2e,0x66,0x72,0x61,0x67,0x5f,0x63,0x6f,0x6c,0x6f,0x72,0x20,
    0x3d,0x20,0x66,0x6c,0x6f,0x61,0x74,0x34,0x28,0x28,0x5f,0x34,0x34,0x20,0x3e,0x3d,
    0x20,0x66,0x61,0x73,0x74,0x3a,0x3a,0x6d,0x61,0x78,0x28,0x5f,0x31,0x32,0x2e,0x6f,
    0x70,0x74,0x69,0x6f,0x6e,0x73,0x2e,0x78,0x2c,0x20,0x31,0x2e,0x30,0x29,0x29,0x20,
    0x3f,0x20,0x30,0x2e,0x30,0x20,0x3a,0x20,0x5f,0x34,0x34,0x2c,0x20,0x30,0x2e,0x30,
    0x2c,0x20,0x30,0x2e,0x30,0x2c,0x20,0x31,0x2e,0x30,0x29,0x3b,0x0a,0x20,0x20,0x20,
    0x20,0x72,0x65,0x74,0x75,0x72,0x6e,0x20,0x6f,0x75,0x74,0x3b,0x0a,0x7d,0x0a,0x0a,
    0x00,
};
/*
    #pragma clang diagnostic ignored "-Wmissing-prototypes"

    #include <metal_stdlib>
    #include <simd/simd.h>

    using namespace metal;

    // Implementation of the GLSL mod() function, which is slightly different than Metal fmod()
    template<typename Tx, typename Ty>
    inline Tx mod(Tx x, Ty y)
    {
        return x - y * floor(x / y);
    }

    struct physarum_params
    {
        float4 color;
        float4 resolution;
        float4 texel;
        float4 options;
    };

    struct main0_out
    {
        float4 frag_color [[color(0)]];
    };

    struct main0_in
    {
        float2 uv [[user(locn0)]];
    };

    fragment main0_out main0(main0_in in [[stage_in]], constant physarum_params& _13 [[buffer(0)]], texture2d<float> physarumStateTex [[texture(0)]], texture2d<float> physarumVelocityTex [[texture(1)]], texture2d<float> physarumAgeTex [[texture(2)]], texture2d<float> physarumInitialTex [[texture(3)]], sampler physarumStateSmp [[sampler(0)]], sampler physarumVelocitySmp [[sampler(1)]], sampler physarumAgeSmp [[sampler(2)]], sampler physarumInitialSmp [[sampler(3)]])
    {
        main0_out out = {};
        float2 _22 = fast::max(_13.options.yz, float2(1.0));
        float _31 = fast::max(_13.options.x, 0.0);
        float _37 = fast::max(_13.options.w, 0.25);
        float4 _53 = physarumStateTex.sample(physarumStateSmp, in.uv);
        float2 _56 = _53.xy;
        float2 absolute = _56;
        float2 _59 = _53.zw;
        float2 displacement = _59;
        float2 _63 = _56 + _59;
        float4 _74 = physarumVelocityTex.sample(physarumVelocitySmp, fract(_63 / _22));
        float2 _81 = (_74.xy * _31) * 0.5;
        float2 halfStep = _81;
        float _84 = length(_81);
        float _87 = _37 * 0.5;
        if (_84 > _87)
        {
            halfStep *= (_87 / _84);
        }
        float4 _108 = physarumVelocityTex.sample(physarumVelocitySmp, fract((_63 + halfStep) / _22));
        float2 _113 = _108.xy * _31;
        float2 stepPx = _113;
        float _116 = length(_113);
        if (_116 > _37)
        {
            stepPx *= (_37 / _116);
        }
        float2 _128 = displacement;
        float2 _129 = _128 + stepPx;
        float _135 = step(20.0, dot(_129, _129));
        float2 _136 = absolute;
        float2 _144 = mod((_136 + (_129 * _135)) + _22, _22);
        absolute = _144;
        float2 _148 = _129 * (1.0 - _135);
        displacement = _148;
        out.frag_color = mix(float4(_144, _148), physarumInitialTex.sample(physarumInitialSmp, in.uv), float4(1.0 - step(0.5, physarumAgeTex.sample(physarumAgeSmp, in.uv).x)));
        return out;
    }

*/
static const uint8_t fs_physarum_update_source_metal_macos[2384] = {
    0x23,0x70,0x72,0x61,0x67,0x6d,0x61,0x20,0x63,0x6c,0x61,0x6e,0x67,0x20,0x64,0x69,
    0x61,0x67,0x6e,0x6f,0x73,0x74,0x69,0x63,0x20,0x69,0x67,0x6e,0x6f,0x72,0x65,0x64,
    0x20,0x22,0x2d,0x57,0x6d,0x69,0x73,0x73,0x69,0x6e,0x67,0x2d,0x70,0x72,0x6f,0x74,
    0x6f,0x74,0x79,0x70,0x65,0x73,0x22,0x0a,0x0a,0x23,0x69,0x6e,0x63,0x6c,0x75,0x64,
    0x65,0x20,0x3c,0x6d,0x65,0x74,0x61,0x6c,0x5f,0x73,0x74,0x64,0x6c,0x69,0x62,0x3e,
    0x0a,0x23,0x69,0x6e,0x63,0x6c,0x75,0x64,0x65,0x20,0x3c,0x73,0x69,0x6d,0x64,0x2f,
    0x73,0x69,0x6d,0x64,0x2e,0x68,0x3e,0x0a,0x0a,0x75,0x73,0x69,0x6e,0x67,0x20,0x6e,
    0x61,0x6d,0x65,0x73,0x70,0x61,0x63,0x65,0x20,0x6d,0x65,0x74,0x61,0x6c,0x3b,0x0a,
    0x0a,0x2f,0x2f,0x20,0x49,0x6d,0x70,0x6c,0x65,0x6d,0x65,0x6e,0x74,0x61,0x74,0x69,
    0x6f,0x6e,0x20,0x6f,0x66,0x20,0x74,0x68,0x65,0x20,0x47,0x4c,0x53,0x4c,0x20,0x6d,
    0x6f,0x64,0x28,0x29,0x20,0x66,0x75,0x6e,0x63,0x74,0x69,0x6f,0x6e,0x2c,0x20,0x77,
    0x68,0x69,0x63,0x68,0x20,0x69,0x73,0x20,0x73,0x6c,0x69,0x67,0x68,0x74,0x6c,0x79,
    0x20,0x64,0x69,0x66,0x66,0x65,0x72,0x65,0x6e,0x74,0x20,0x74,0x68,0x61,0x6e,0x20,
    0x4d,0x65,0x74,0x61,0x6c,0x20,0x66,0x6d,0x6f,0x64,0x28,0x29,0x0a,0x74,0x65,0x6d,
    0x70,0x6c,0x61,0x74,0x65,0x3c,0x74,0x79,0x70,0x65,0x6e,0x61,0x6d,0x65,0x20,0x54,
    0x78,0x2c,0x20,0x74,0x79,0x70,0x65,0x6e,0x61,0x6d,0x65,0x20,0x54,0x79,0x3e,0x0a,
    0x69,0x6e,0x6c,0x69,0x6e,0x65,0x20,0x54,0x78,0x20,0x6d,0x6f,0x64,0x28,0x54,0x78,
    0x20,0x78,0x2c,0x20,0x54,0x79,0x20,0x79,0x29,0x0a,0x7b,0x0a,0x20,0x20,0x20,0x20,
    0x72,0x65,0x74,0x75,0x72,0x6e,0x20,0x78,0x20,0x2d,0x20,0x79,0x20,0x2a,0x20,0x66,
    0x6c,0x6f,0x6f,0x72,0x28,0x78,0x20,0x2f,0x20,0x79,0x29,0x3b,0x0a,0x7d,0x0a,0x0a,
    0x73,0x74,0x72,0x75,0x63,0x74,0x20,0x70,0x68,0x79,0x73,0x61,0x72,0x75,0x6d,0x5f,
    0x70,0x61,0x72,0x61,0x6d,0x73,0x0a,0x7b,0x0a,0x20,0x20,0x20,0x20,0x66,0x6c,0x6f,
    0x61,0x74,0x34,0x20,0x63,0x6f,0x6c,0x6f,0x72,0x3b,0x0a,0x20,0x20,0x20,0x20,0x66,
    0x6c,0x6f,0x61,0x74,0x34,0x20,0x72,0x65,0x73,0x6f,0x6c,0x75,0x74,0x69,0x6f,0x6e,
    0x3b,0x0a,0x20,0x20,0x20,0x20,0x66,0x6c,0x6f,0x61,0x74,0x34,0x20,0x74,0x65,0x78,
    0x65,0x6c,0x3b,0x0a,0x20,0x20,0x20,0x20,0x66,0x6c,0x6f,0x61,0x74,0x34,0x20,0x6f,
    0x70,0x74,0x69,0x6f,0x6e,0x73,0x3b,0x0a,0x7d,0x3b,0x0a,0x0a,0x73,0x74,0x72,0x75,
    0x63,0x74,0x20,0x6d,0x61,0x69,0x6e,0x30,0x5f,0x6f,0x75,0x74,0x0a,0x7b,0x0a,0x20,
    0x20,0x20,0x20,0x66,0x6c,0x6f,0x61,0x74,0x34,0x20,0x66,0x72,0x61,0x67,0x5f,0x63,
    0x6f,0x6c,0x6f,0x72,0x20,0x5b,0x5b,0x63,0x6f,0x6c,0x6f,0x72,0x28,0x30,0x29,0x5d,
    0x5d,0x3b,0x0a,0x7d,0x3b,0x0a,0x0a,0x73,0x74,0x72,0x75,0x63,0x74,0x20,0x6d,0x61,
    0x69,0x6e,0x30,0x5f,0x69,0x6e,0x0a,0x7b,0x0a,0x20,0x20,0x20,0x20,0x66,0x6c,0x6f,
    0x61,0x74,0x32,0x20,0x75,0x76,0x20,0x5b,0x5b,0x75,0x73,0x65,0x72,0x28,0x6c,0x6f,
    0x63,0x6e,0x30,0x29,0x5d,0x5d,0x3b,0x0a,0x7d,0x3b,0x0a,0x0a,0x66,0x72,0x61,0x67,
    0x6d,0x65,0x6e,0x74,0x20,0x6d,0x61,0x69,0x6e,0x30,0x5f,0x6f,0x75,0x74,0x20,0x6d,
    0x61,0x69,0x6e,0x30,0x28,0x6d,0x61,0x69,0x6e,0x30,0x5f,0x69,0x6e,0x20,0x69,0x6e,
    0x20,0x5b,0x5b,0x73,0x74,0x61,0x67,0x65,0x5f,0x69,0x6e,0x5d,0x5d,0x2c,0x20,0x63,
    0x6f,0x6e,0x73,0x74,0x61,0x6e,0x74,0x20,0x70,0x68,0x79,0x73,0x61,0x72,0x75,0x6d,
    0x5f,0x70,0x61,0x72,0x61,0x6d,0x73,0x26,0x20,0x5f,0x31,0x33,0x20,0x5b,0x5b,0x62,
    0x75,0x66,0x66,0x65,0x72,0x28,0x30,0x29,0x5d,0x5d,0x2c,0x20,0x74,0x65,0x78,0x74,
    0x75,0x72,0x65,0x32,0x64,0x3c,0x66,0x6c,0x6f,0x61,0x74,0x3e,0x20,0x70,0x68,0x79,
    0x73,0x61,0x72,0x75,0x6d,0x53,0x74,0x61,0x74,0x65,0x54,0x65,0x78,0x20,0x5b,0x5b,
    0x74,0x65,0x78,0x74,0x75,0x72,0x65,0x28,0x30,0x29,0x5d,0x5d,0x2c,0x20,0x74,0x65,
    0x78,0x74,0x75,0x72,0x65,0x32,0x64,0x3c,0x66,0x6c,0x6f,0x61,0x74,0x3e,0x20,0x70,
    0x68,0x79,0x73,0x61,0x72,0x75,0x6d,0x56,0x65,0x6c,0x6f,0x63,0x69,0x74,0x79,0x54,
    0x65,0x78,0x20,0x5b,0x5b,0x74,0x65,0x78,0x74,0x75,0x72,0x65,0x28,0x31,0x29,0x5d,
    0x5d,0x2c,0x20,0x74,0x65,0x78,0x74,0x75,0x72,0x65,0x32,0x64,0x3c,0x66,0x6c,0x6f,
    0x61,0x74,0x3e,0x20,0x70,0x68,0x79,0x73,0x61,0x72,0x75,0x6d,0x41,0x67,0x65,0x54,
    0x65,0x78,0x20,0x5b,0x5b,0x74,0x65,0x78,0x74,0x75,0x72,0x65,0x28,0x32,0x29,0x5d,
    0x5d,0x2c,0x20,0x74,0x65,0x78,0x74,0x75,0x72,0x65,0x32,0x64,0x3c,0x66,0x6c,0x6f,
    0x61,0x74,0x3e,0x20,0x70,0x68,0x79,0x73,0x61,0x72,0x75,0x6d,0x49,0x6e,0x69,0x74,
    0x69,0x61,0x6c,0x54,0x65,0x78,0x20,0x5b,0x5b,0x74,0x65,0x78,0x74,0x75,0x72,0x65,
    0x28,0x33,0x29,0x5d,0x5d,0x2c,0x20,0x73,0x61,0x6d,0x70,0x6c,0x65,0x72,0x20,0x70,
    0x68,0x79,0x73,0x61,0x72,0x75,0x6d,0x53,0x74,0x61,0x74,0x65,0x53,0x6d,0x70,0x20,
    0x5b,0x5b,0x73,0x61,0x6d,0x70,0x6c,0x65,0x72,0x28,0x30,0x29,0x5d,0x5d,0x2c,0x20,
    0x73,0x61,0x6d,0x70,0x6c,0x65,0x72,0x20,0x70,0x68,0x79,0x73,0x61,0x72,0x75,0x6d,
    0x56,0x65,0x6c,0x6f,0x63,0x69,0x74,0x79,0x53,0x6d,0x70,0x20,0x5b,0x5b,0x73,0x61,
    0x6d,0x70,0x6c,0x65,0x72,0x28,0x31,0x29,0x5d,0x5d,0x2c,0x20,0x73,0x61,0x6d,0x70,
    0x6c,0x65,0x72,0x20,0x70,0x68,0x79,0x73,0x61,0x72,0x75,0x6d,0x41,0x67,0x65,0x53,
    0x6d,0x70,0x20,0x5b,0x5b,0x73,0x61,0x6d,0x70,0x6c,0x65,0x72,0x28,0x32,0x29,0x5d,
    0x5d,0x2c,0x20,0x73,0x61,0x6d,0x70,0x6c,0x65,0x72,0x20,0x70,0x68,0x79,0x73,0x61,
    0x72,0x75,0x6d,0x49,0x6e,0x69,0x74,0x69,0x61,0x6c,0x53,0x6d,0x70,0x20,0x5b,0x5b,
    0x73,0x61,0x6d,0x70,0x6c,0x65,0x72,0x28,0x33,0x29,0x5d,0x5d,0x29,0x0a,0x7b,0x0a,
    0x20,0x20,0x20,0x20,0x6d,0x61,0x69,0x6e,0x30,0x5f,0x6f,0x75,0x74,0x20,0x6f,0x75,
    0x74,0x20,0x3d,0x20,0x7b,0x7d,0x3b,0x0a,0x20,0x20,0x20,0x20,0x66,0x6c,0x6f,0x61,
    0x74,0x32,0x20,0x5f,0x32,0x32,0x20,0x3d,0x20,0x66,0x61,0x73,0x74,0x3a,0x3a,0x6d,
    0x61,0x78,0x28,0x5f,0x31,0x33,0x2e,0x6f,0x70,0x74,0x69,0x6f,0x6e,0x73,0x2e,0x79,
    0x7a,0x2c,0x20,0x66,0x6c,0x6f,0x61,0x74,0x32,0x28,0x31,0x2e,0x30,0x29,0x29,0x3b,
    0x0a,0x20,0x20,0x20,0x20,0x66,0x6c,0x6f,0x61,0x74,0x20,0x5f,0x33,0x31,0x20,0x3d,
    0x20,0x66,0x61,0x73,0x74,0x3a,0x3a,0x6d,0x61,0x78,0x28,0x5f,0x31,0x33,0x2e,0x6f,
    0x70,0x74,0x69,0x6f,0x6e,0x73,0x2e,0x78,0x2c,0x20,0x30,0x2e,0x30,0x29,0x3b,0x0a,
    0x20,0x20,0x20,0x20,0x66,0x6c,0x6f,0x61,0x74,0x20,0x5f,0x33,0x37,0x20,0x3d,0x20,
    0x66,0x61,0x73,0x74,0x3a,0x3a,0x6d,0x61,0x78,0x28,0x5f,0x31,0x33,0x2e,0x6f,0x70,
    0x74,0x69,0x6f,0x6e,0x73,0x2e,0x77,0x2c,0x20,0x30,0x2e,0x32,0x35,0x29,0x3b,0x0a,
    0x20,0x20,0x20,0x20,0x66,0x6c,0x6f,0x61,0x74,0x34,0x20,0x5f,0x35,0x33,0x20,0x3d,
    0x20,0x70,0x68,0x79,0x73,0x61,0x72,0x75,0x6d,0x53,0x74,0x61,0x74,0x65,0x54,0x65,
    0x78,0x2e,0x73,0x61,0x6d,0x70,0x6c,0x65,0x28,0x70,0x68,0x79,0x73,0x61,0x72,0x75,
    0x6d,0x53,0x74,0x61,0x74,0x65,0x53,0x6d,0x70,0x2c,0x20,0x69,0x6e,0x2e,0x75,0x76,
    0x29,0x3b,0x0a,0x20,0x20,0x20,0x20,0x66,0x6c,0x6f,0x61,0x74,0x32,0x20,0x5f,0x35,
    0x36,0x20,0x3d,0x20,0x5f,0x35,0x33,0x2e,0x78,0x79,0x3b,0x0a,0x20,0x20,0x20,0x20,
    0x66,0x6c,0x6f,0x61,0x74,0x32,0x20,0x61,0x62,0x73,0x6f,0x6c,0x75,0x74,0x65,0x20,
    0x3d,0x20,0x5f,0x35,0x36,0x3b,0x0a,0x20,0x20,0x20,0x20,0x66,0x6c,0x6f,0x61,0x74,
    0x32,0x20,0x5f,0x35,0x39,0x20,0x3d,0x20,0x5f,0x35,0x33,0x2e,0x7a,0x77,0x3b,0x0a,
    0x20,0x20,0x20,0x20,0x66,0x6c,0x6f,0x61,0x74,0x32,0x20,0x64,0x69,0x73,0x70,0x6c,
    0x61,0x63,0x65,0x6d,0x65,0x6e,0x74,0x20,0x3d,0x20,0x5f,0x35,0x39,0x3b,0x0a,0x20,
    0x20,0x20,0x20,0x66,0x6c,0x6f,0x61,0x74,0x32,0x20,0x5f,0x36,0x33,0x20,0x3d,0x20,
    0x5f,0x35,0x36,0x20,0x2b,0x20,0x5f,0x35,0x39,0x3b,0x0a,0x20,0x20,0x20,0x20,0x66,
    0x6c,0x6f,0x61,0x74,0x34,0x20,0x5f,0x37,0x34,0x20,0x3d,0x20,0x70,0x68,0x79,0x73,
    0x61,0x72,0x75,0x6d,0x56,0x65,0x6c,0x6f,0x63,0x69,0x74,0x79,0x54,0x65,0x78,0x2e,
    0x73,0x61,0x6d,0x70,0x6c,0x65,0x28,0x70,0x68,0x79,0x73,0x61,0x72,0x75,0x6d,0x56,
    0x65,0x6c,0x6f,0x63,0x69,0x74,0x79,0x53,0x6d,0x70,0x2c,0x20,0x66,0x72,0x61,0x63,
    0x74,0x28,0x5f,0x36,0x33,0x20,0x2f,0x20,0x5f,0x32,0x32,0x29,0x29,0x3b,0x0a,0x20,
    0x20,0x20,0x20,0x66,0x6c,0x6f,0x61,0x74,0x32,0x20,0x5f,0x38,0x31,0x20,0x3d,0x20,
    0x28,0x5f,0x37,0x34,0x2e,0x78,0x79,0x20,0x2a,0x20,0x5f,0x33,0x31,0x29,0x20,0x2a,
    0x20,0x30,0x2e,0x35,0x3b,0x0a,0x20,0x20,0x20,0x20,0x66,0x6c,0x6f,0x61,0x74,0x32,
    0x20,0x68,0x61,0x6c,0x66,0x53,0x74,0x65,0x70,0x20,0x3d,0x20,0x5f,0x38,0x31,0x3b,
    0x0a,0x20,0x20,0x20,0x20,0x66,0x6c,0x6f,0x61,0x74,0x20,0x5f,0x38,0x34,0x20,0x3d,
    0x20,0x6c,0x65,0x6e,0x67,0x74,0x68,0x28,0x5f,0x38,0x31,0x29,0x3b,0x0a,0x20,0x20,
    0x20,0x20,0x66,0x6c,0x6f,0x61,0x74,0x20,0x5f,0x38,0x37,0x20,0x3d,0x20,0x5f,0x33,
    0x37,0x20,0x2a,0x20,0x30,0x2e,0x35,0x3b,0x0a,0x20,0x20,0x20,0x20,0x69,0x66,0x20,
    0x28,0x5f,0x38,0x34,0x20,0x3e,0x20,0x5f,0x38,0x37,0x29,0x0a,0x20,0x20,0x20,0x20,
    0x7b,0x0a,0x20,0x20,0x20,0x20,0x20,0x20,0x20,0x20,0x68,0x61,0x6c,0x66,0x53,0x74,
    0x65,0x70,0x20,0x2a,0x3d,0x20,0x28,0x5f,0x38,0x37,0x20,0x2f,0x20,0x5f,0x38,0x34,
    0x29,0x3b,0x0a,0x20,0x20,0x20,0x20,0x7d,0x0a,0x20,0x20,0x20,0x20,0x66,0x6c,0x6f,
    0x61,0x74,0x34,0x20,0x5f,0x31,0x30,0x38,0x20,0x3d,0x20,0x70,0x68,0x79,0x73,0x61,
    0x72,0x75,0x6d,0x56,0x65,0x6c,0x6f,0x63,0x69,0x74,0x79,0x54,0x65,0x78,0x2e,0x73,
    0x61,0x6d,0x70,0x6c,0x65,0x28,0x70,0x68,0x79,0x73,0x61,0x72,0x75,0x6d,0x56,0x65,
    0x6c,0x6f,0x63,0x69,0x74,0x79,0x53,0x6d,0x70,0x2c,0x20,0x66,0x72,0x61,0x63,0x74,
    0x28,0x28,0x5f,0x36,0x33,0x20,0x2b,0x20,0x68,0x61,0x6c,0x66,0x53,0x74,0x65,0x70,
    0x29,0x20,0x2f,0x20,0x5f,0x32,0x32,0x29,0x29,0x3b,0x0a,0x20,0x20,0x20,0x20,0x66,
    0x6c,0x6f,0x61,0x74,0x32,0x20,0x5f,0x31,0x31,0x33,0x20,0x3d,0x20,0x5f,0x31,0x30,
    0x38,0x2e,0x78,0x79,0x20,0x2a,0x20,0x5f,0x33,0x31,0x3b,0x0a,0x20,0x20,0x20,0x20,
    0x66,0x6c,0x6f,0x61,0x74,0x32,0x20,0x73,0x74,0x65,0x70,0x50,0x78,0x20,0x3d,0x20,
    0x5f,0x31,0x31,0x33,0x3b,0x0a,0x20,0x20,0x20,0x20,0x66,0x6c,0x6f,0x61,0x74,0x20,
    0x5f,0x31,0x31,0x36,0x20,0x3d,0x20,0x6c,0x65,0x6e,0x67,0x74,0x68,0x28,0x5f,0x31,
    0x31,0x33,0x29,0x3b,0x0a,0x20,0x20,0x20,0x20,0x69,0x66,0x20,0x28,0x5f,0x31,0x31,
    0x36,0x20,0x3e,0x20,0x5f,0x33,0x37,0x29,0x0a,0x20,0x20,0x20,0x20,0x7b,0x0a,0x20,
    0x20,0x20,0x20,0x20,0x20,0x20,0x20,0x73,0x74,0x65,0x70,0x50,0x78,0x20,0x2a,0x3d,
    0x20,0x28,0x5f,0x33,0x37,0x20,0x2f,0x20,0x5f,0x31,0x31,0x36,0x29,0x3b,0x0a,0x20,
    0x20,0x20,0x20,0x7d,0x0a,0x20,0x20,0x20,0x20,0x66,0x6c,0x6f,0x61,0x74,0x32,0x20,
    0x5f,0x31,0x32,0x38,0x20,0x3d,0x20,0x64,0x69,0x73,0x70,0x6c,0x61,0x63,0x65,0x6d,
    0x65,0x6e,0x74,0x3b,0x0a,0x20,0x20,0x20,0x20,0x66,0x6c,0x6f,0x61,0x74,0x32,0x20,
    0x5f,0x31,0x32,0x39,0x20,0x3d,0x20,0x5f,0x31,0x32,0x38,0x20,0x2b,0x20,0x73,0x74,
    0x65,0x70,0x50,0x78,0x3b,0x0a,0x20,0x20,0x20,0x20,0x66,0x6c,0x6f,0x61,0x74,0x20,
    0x5f,0x31,0x33,0x35,0x20,0x3d,0x20,0x73,0x74,0x65,0x70,0x28,0x32,0x30,0x2e,0x30,
    0x2c,0x20,0x64,0x6f,0x74,0x28,0x5f,0x31,0x32,0x39,0x2c,0x20,0x5f,0x31,0x32,0x39,
    0x29,0x29,0x3b,0x0a,0x20,0x20,0x20,0x20,0x66,0x6c,0x6f,0x61,0x74,0x32,0x20,0x5f,
    0x31,0x33,0x36,0x20,0x3d,0x20,0x61,0x62,0x73,0x6f,0x6c,0x75,0x74,0x65,0x3b,0x0a,
    0x20,0x20,0x20,0x20,0x66,0x6c,0x6f,0x61,0x74,0x32,0x20,0x5f,0x31,0x34,0x34,0x20,
    0x3d,0x20,0x6d,0x6f,0x64,0x28,0x28,0x5f,0x31,0x33,0x36,0x20,0x2b,0x20,0x28,0x5f,
    0x31,0x32,0x39,0x20,0x2a,0x20,0x5f,0x31,0x33,0x35,0x29,0x29,0x20,0x2b,0x20,0x5f,
    0x32,0x32,0x2c,0x20,0x5f,0x32,0x32,0x29,0x3b,0x0a,0x20,0x20,0x20,0x20,0x61,0x62,
    0x73,0x6f,0x6c,0x75,0x74,0x65,0x20,0x3d,0x20,0x5f,0x31,0x34,0x34,0x3b,0x0a,0x20,
    0x20,0x20,0x20,0x66,0x6c,0x6f,0x61,0x74,0x32,0x20,0x5f,0x31,0x34,0x38,0x20,0x3d,
    0x20,0x5f,0x31,0x32,0x39,0x20,0x2a,0x20,0x28,0x31,0x2e,0x30,0x20,0x2d,0x20,0x5f,
    0x31,0x33,0x35,0x29,0x3b,0x0a,0x20,0x20,0x20,0x20,0x64,0x69,0x73,0x70,0x6c,0x61,
    0x63,0x65,0x6d,0x65,0x6e,0x74,0x20,0x3d,0x20,0x5f,0x31,0x34,0x38,0x3b,0x0a,0x20,
    0x20,0x20,0x20,0x6f,0x75,0x74,0x2e,0x66,0x72,0x61,0x67,0x5f,0x63,0x6f,0x6c,0x6f,
    0x72,0x20,0x3d,0x20,0x6d,0x69,0x78,0x28,0x66,0x6c,0x6f,0x61,0x74,0x34,0x28,0x5f,
    0x31,0x34,0x34,0x2c,0x20,0x5f,0x31,0x34,0x38,0x29,0x2c,0x20,0x70,0x68,0x79,0x73,
    0x61,0x72,0x75,0x6d,0x49,0x6e,0x69,0x74,0x69,0x61,0x6c,0x54,0x65,0x78,0x2e,0x73,
    0x61,0x6d,0x70,0x6c,0x65,0x28,0x70,0x68,0x79,0x73,0x61,0x72,0x75,0x6d,0x49,0x6e,
    0x69,0x74,0x69,0x61,0x6c,0x53,0x6d,0x70,0x2c,0x20,0x69,0x6e,0x2e,0x75,0x76,0x29,
    0x2c,0x20,0x66,0x6c,0x6f,0x61,0x74,0x34,0x28,0x31,0x2e,0x30,0x20,0x2d,0x20,0x73,
    0x74,0x65,0x70,0x28,0x30,0x2e,0x35,0x2c,0x20,0x70,0x68,0x79,0x73,0x61,0x72,0x75,
    0x6d,0x41,0x67,0x65,0x54,0x65,0x78,0x2e,0x73,0x61,0x6d,0x70,0x6c,0x65,0x28,0x70,
    0x68,0x79,0x73,0x61,0x72,0x75,0x6d,0x41,0x67,0x65,0x53,0x6d,0x70,0x2c,0x20,0x69,
    0x6e,0x2e,0x75,0x76,0x29,0x2e,0x78,0x29,0x29,0x29,0x3b,0x0a,0x20,0x20,0x20,0x20,
    0x72,0x65,0x74,0x75,0x72,0x6e,0x20,0x6f,0x75,0x74,0x3b,0x0a,0x7d,0x0a,0x0a,0x00,

};
/*
    #pragma clang diagnostic ignored "-Wmissing-prototypes"

    #include <metal_stdlib>
    #include <simd/simd.h>

    using namespace metal;

    struct physarum_point_params
    {
        float4 color;
        float4 resolution;
        float4 texel;
        float4 options;
    };

    struct main0_out
    {
        float3 v_rgb [[user(locn0)]];
        float v_alpha [[user(locn1)]];
        float4 gl_Position [[position]];
    };

    struct main0_in
    {
        float2 lookup [[attribute(0)]];
        float2 corner [[attribute(1)]];
    };

    static inline __attribute__((always_inline))
    float physarum_point_hash(thread const float2& p)
    {
        return fract(sin(dot(p, float2(127.09999847412109375, 311.70001220703125))) * 43758.546875);
    }

    vertex main0_out main0(main0_in in [[stage_in]], constant physarum_point_params& _45 [[buffer(0)]], texture2d<float> physarumPointStateTex [[texture(0)]], texture2d<float> physarumPointVelocityTex [[texture(1)]], texture2d<float> physarumPointAgeTex [[texture(2)]], sampler physarumPointStateSmp [[sampler(0)]], sampler physarumPointVelocitySmp [[sampler(1)]], sampler physarumPointAgeSmp [[sampler(2)]])
    {
        main0_out out = {};
        float4 _41 = physarumPointStateTex.sample(physarumPointStateSmp, in.lookup, level(0.0));
        float2 _54 = fast::max(_45.resolution.xy, float2(1.0));
        float2 _65 = fract((_41.xy + _41.zw) / _54);
        float2 _74 = physarumPointVelocityTex.sample(physarumPointVelocitySmp, _65, level(0.0)).xy;
        float2 param = in.lookup + float2(0.12999999523162841796875, 0.709999978542327880859375);
        float2 param_1 = in.lookup + float2(physarum_point_hash(param), 0.4099999964237213134765625);
        float2 _173 = ((((_65 * _54) + ((in.corner * fast::max(_45.options.x, 0.75)) * 0.5)) / _54) * 2.0) - float2(1.0);
        out.v_rgb = _45.color.xyz;
        out.v_alpha = _45.color.w * fast::clamp((((0.064000003039836883544921875 + (0.189999997615814208984375 * fast::clamp((dot(_74, _74) * 0.0500000007450580596923828125) + 0.699999988079071044921875, 0.0, 1.0))) * fast::min(fast::clamp(physarumPointAgeTex.sample(physarumPointAgeSmp, in.lookup, level(0.0)).x / fast::max(_45.options.z, 1.0), 0.0, 1.0) * 10.0, 1.0)) * mix(0.7400000095367431640625, 1.2400000095367431640625, physarum_point_hash(param_1))) * fast::clamp(_45.options.y, 0.0, 3.0), 0.0, 0.439999997615814208984375);
        out.gl_Position = float4(_173.x, -_173.y, 0.0, 1.0);
        return out;
    }

*/
static const uint8_t physarum_deposit_vs_source_metal_macos[2339] = {
    0x23,0x70,0x72,0x61,0x67,0x6d,0x61,0x20,0x63,0x6c,0x61,0x6e,0x67,0x20,0x64,0x69,
    0x61,0x67,0x6e,0x6f,0x73,0x74,0x69,0x63,0x20,0x69,0x67,0x6e,0x6f,0x72,0x65,0x64,
    0x20,0x22,0x2d,0x57,0x6d,0x69,0x73,0x73,0x69,0x6e,0x67,0x2d,0x70,0x72,0x6f,0x74,
    0x6f,0x74,0x79,0x70,0x65,0x73,0x22,0x0a,0x0a,0x23,0x69,0x6e,0x63,0x6c,0x75,0x64,
    0x65,0x20,0x3c,0x6d,0x65,0x74,0x61,0x6c,0x5f,0x73,0x74,0x64,0x6c,0x69,0x62,0x3e,
    0x0a,0x23,0x69,0x6e,0x63,0x6c,0x75,0x64,0x65,0x20,0x3c,0x73,0x69,0x6d,0x64,0x2f,
    0x73,0x69,0x6d,0x64,0x2e,0x68,0x3e,0x0a,0x0a,0x75,0x73,0x69,0x6e,0x67,0x20,0x6e,
    0x61,0x6d,0x65,0x73,0x70,0x61,0x63,0x65,0x20,0x6d,0x65,0x74,0x61,0x6c,0x3b,0x0a,
    0x0a,0x73,0x74,0x72,0x75,0x63,0x74,0x20,0x70,0x68,0x79,0x73,0x61,0x72,0x75,0x6d,
    0x5f,0x70,0x6f,0x69,0x6e,0x74,0x5f,0x70,0x61,0x72,0x61,0x6d,0x73,0x0a,0x7b,0x0a,
    0x20,0x20,0x20,0x20,0x66,0x6c,0x6f,0x61,0x74,0x34,0x20,0x63,0x6f,0x6c,0x6f,0x72,
    0x3b,0x0a,0x20,0x20,0x20,0x20,0x66,0x6c,0x6f,0x61,0x74,0x34,0x20,0x72,0x65,0x73,
    0x6f,0x6c,0x75,0x74,0x69,0x6f,0x6e,0x3b,0x0a,0x20,0x20,0x20,0x20,0x66,0x6c,0x6f,
    0x61,0x74,0x34,0x20,0x74,0x65,0x78,0x65,0x6c,0x3b,0x0a,0x20,0x20,0x20,0x20,0x66,
    0x6c,0x6f,0x61,0x74,0x34,0x20,0x6f,0x70,0x74,0x69,0x6f,0x6e,0x73,0x3b,0x0a,0x7d,
    0x3b,0x0a,0x0a,0x73,0x74,0x72,0x75,0x63,0x74,0x20,0x6d,0x61,0x69,0x6e,0x30,0x5f,
    0x6f,0x75,0x74,0x0a,0x7b,0x0a,0x20,0x20,0x20,0x20,0x66,0x6c,0x6f,0x61,0x74,0x33,
    0x20,0x76,0x5f,0x72,0x67,0x62,0x20,0x5b,0x5b,0x75,0x73,0x65,0x72,0x28,0x6c,0x6f,
    0x63,0x6e,0x30,0x29,0x5d,0x5d,0x3b,0x0a,0x20,0x20,0x20,0x20,0x66,0x6c,0x6f,0x61,
    0x74,0x20,0x76,0x5f,0x61,0x6c,0x70,0x68,0x61,0x20,0x5b,0x5b,0x75,0x73,0x65,0x72,
    0x28,0x6c,0x6f,0x63,0x6e,0x31,0x29,0x5d,0x5d,0x3b,0x0a,0x20,0x20,0x20,0x20,0x66,
    0x6c,0x6f,0x61,0x74,0x34,0x20,0x67,0x6c,0x5f,0x50,0x6f,0x73,0x69,0x74,0x69,0x6f,
    0x6e,0x20,0x5b,0x5b,0x70,0x6f,0x73,0x69,0x74,0x69,0x6f,0x6e,0x5d,0x5d,0x3b,0x0a,
    0x7d,0x3b,0x0a,0x0a,0x73,0x74,0x72,0x75,0x63,0x74,0x20,0x6d,0x61,0x69,0x6e,0x30,
    0x5f,0x69,0x6e,0x0a,0x7b,0x0a,0x20,0x20,0x20,0x20,0x66,0x6c,0x6f,0x61,0x74,0x32,
    0x20,0x6c,0x6f,0x6f,0x6b,0x75,0x70,0x20,0x5b,0x5b,0x61,0x74,0x74,0x72,0x69,0x62,
    0x75,0x74,0x65,0x28,0x30,0x29,0x5d,0x5d,0x3b,0x0a,0x20,0x20,0x20,0x20,0x66,0x6c,
    0x6f,0x61,0x74,0x32,0x20,0x63,0x6f,0x72,0x6e,0x65,0x72,0x20,0x5b,0x5b,0x61,0x74,
    0x74,0x72,0x69,0x62,0x75,0x74,0x65,0x28,0x31,0x29,0x5d,0x5d,0x3b,0x0a,0x7d,0x3b,
    0x0a,0x0a,0x73,0x74,0x61,0x74,0x69,0x63,0x20,0x69,0x6e,0x6c,0x69,0x6e,0x65,0x20,
    0x5f,0x5f,0x61,0x74,0x74,0x72,0x69,0x62,0x75,0x74,0x65,0x5f,0x5f,0x28,0x28,0x61,
    0x6c,0x77,0x61,0x79,0x73,0x5f,0x69,0x6e,0x6c,0x69,0x6e,0x65,0x29,0x29,0x0a,0x66,
    0x6c,0x6f,0x61,0x74,0x20,0x70,0x68,0x79,0x73,0x61,0x72,0x75,0x6d,0x5f,0x70,0x6f,
    0x69,0x6e,0x74,0x5f,0x68,0x61,0x73,0x68,0x28,0x74,0x68,0x72,0x65,0x61,0x64,0x20,
    0x63,0x6f,0x6e,0x73,0x74,0x20,0x66,0x6c,0x6f,0x61,0x74,0x32,0x26,0x20,0x70,0x29,
    0x0a,0x7b,0x0a,0x20,0x20,0x20,0x20,0x72,0x65,0x74,0x75,0x72,0x6e,0x20,0x66,0x72,
    0x61,0x63,0x74,0x28,0x73,0x69,0x6e,0x28,0x64,0x6f,0x74,0x28,0x70,0x2c,0x20,0x66,
    0x6c,0x6f,0x61,0x74,0x32,0x28,0x31,0x32,0x37,0x2e,0x30,0x39,0x39,0x39,0x39,0x38,
    0x34,0x37,0x34,0x31,0x32,0x31,0x30,0x39,0x33,0x37,0x35,0x2c,0x20,0x33,0x31,0x31,
    0x2e,0x37,0x30,0x30,0x30,0x31,0x32,0x32,0x30,0x37,0x30,0x33,0x31,0x32,0x35,0x29,
    0x29,0x29,0x20,0x2a,0x20,0x34,0x33,0x37,0x35,0x38,0x2e,0x35,0x34,0x36,0x38,0x37,
    0x35,0x29,0x3b,0x0a,0x7d,0x0a,0x0a,0x76,0x65,0x72,0x74,0x65,0x78,0x20,0x6d,0x61,
    0x69,0x6e,0x30,0x5f,0x6f,0x75,0x74,0x20,0x6d,0x61,0x69,0x6e,0x30,0x28,0x6d,0x61,
    0x69,0x6e,0x30,0x5f,0x69,0x6e,0x20,0x69,0x6e,0x20,0x5b,0x5b,0x73,0x74,0x61,0x67,
    0x65,0x5f,0x69,0x6e,0x5d,0x5d,0x2c,0x20,0x63,0x6f,0x6e,0x73,0x74,0x61,0x6e,0x74,
    0x20,0x70,0x68,0x79,0x73,0x61,0x72,0x75,0x6d,0x5f,0x70,0x6f,0x69,0x6e,0x74,0x5f,
    0x70,0x61,0x72,0x61,0x6d,0x73,0x26,0x20,0x5f,0x34,0x35,0x20,0x5b,0x5b,0x62,0x75,
    0x66,0x66,0x65,0x72,0x28,0x30,0x29,0x5d,0x5d,0x2c,0x20,0x74,0x65,0x78,0x74,0x75,
    0x72,0x65,0x32,0x64,0x3c,0x66,0x6c,0x6f,0x61,0x74,0x3e,0x20,0x70,0x68,0x79,0x73,
    0x61,0x72,0x75,0x6d,0x50,0x6f,0x69,0x6e,0x74,0x53,0x74,0x61,0x74,0x65,0x54,0x65,
    0x78,0x20,0x5b,0x5b,0x74,0x65,0x78,0x74,0x75,0x72,0x65,0x28,0x30,0x29,0x5d,0x5d,
    0x2c,0x20,0x74,0x65,0x78,0x74,0x75,0x72,0x65,0x32,0x64,0x3c,0x66,0x6c,0x6f,0x61,
    0x74,0x3e,0x20,0x70,0x68,0x79,0x73,0x61,0x72,0x75,0x6d,0x50,0x6f,0x69,0x6e,0x74,
    0x56,0x65,0x6c,0x6f,0x63,0x69,0x74,0x79,0x54,0x65,0x78,0x20,0x5b,0x5b,0x74,0x65,
    0x78,0x74,0x75,0x72,0x65,0x28,0x31,0x29,0x5d,0x5d,0x2c,0x20,0x74,0x65,0x78,0x74,
    0x75,0x72,0x65,0x32,0x64,0x3c,0x66,0x6c,0x6f,0x61,0x74,0x3e,0x20,0x70,0x68,0x79,
    0x73,0x61,0x72,0x75,0x6d,0x50,0x6f,0x69,0x6e,0x74,0x41,0x67,0x65,0x54,0x65,0x78,
    0x20,0x5b,0x5b,0x74,0x65,0x78,0x74,0x75,0x72,0x65,0x28,0x32,0x29,0x5d,0x5d,0x2c,
    0x20,0x73,0x61,0x6d,0x70,0x6c,0x65,0x72,0x20,0x70,0x68,0x79,0x73,0x61,0x72,0x75,
    0x6d,0x50,0x6f,0x69,0x6e,0x74,0x53,0x74,0x61,0x74,0x65,0x53,0x6d,0x70,0x20,0x5b,
    0x5b,0x73,0x61,0x6d,0x70,0x6c,0x65,0x72,0x28,0x30,0x29,0x5d,0x5d,0x2c,0x20,0x73,
    0x61,0x6d,0x70,0x6c,0x65,0x72,0x20,0x70,0x68,0x79,0x73,0x61,0x72,0x75,0x6d,0x50,
    0x6f,0x69,0x6e,0x74,0x56,0x65,0x6c,0x6f,0x63,0x69,0x74,0x79,0x53,0x6d,0x70,0x20,
    0x5b,0x5b,0x73,0x61,0x6d,0x70,0x6c,0x65,0x72,0x28,0x31,0x29,0x5d,0x5d,0x2c,0x20,
    0x73,0x61,0x6d,0x70,0x6c,0x65,0x72,0x20,0x70,0x68,0x79,0x73,0x61,0x72,0x75,0x6d,
    0x50,0x6f,0x69,0x6e,0x74,0x41,0x67,0x65,0x53,0x6d,0x70,0x20,0x5b,0x5b,0x73,0x61,
    0x6d,0x70,0x6c,0x65,0x72,0x28,0x32,0x29,0x5d,0x5d,0x29,0x0a,0x7b,0x0a,0x20,0x20,
    0x20,0x20,0x6d,0x61,0x69,0x6e,0x30,0x5f,0x6f,0x75,0x74,0x20,0x6f,0x75,0x74,0x20,
    0x3d,0x20,0x7b,0x7d,0x3b,0x0a,0x20,0x20,0x20,0x20,0x66,0x6c,0x6f,0x61,0x74,0x34,
    0x20,0x5f,0x34,0x31,0x20,0x3d,0x20,0x70,0x68,0x79,0x73,0x61,0x72,0x75,0x6d,0x50,
    0x6f,0x69,0x6e,0x74,0x53,0x74,0x61,0x74,0x65,0x54,0x65,0x78,0x2e,0x73,0x61,0x6d,
    0x70,0x6c,0x65,0x28,0x70,0x68,0x79,0x73,0x61,0x72,0x75,0x6d,0x50,0x6f,0x69,0x6e,
    0x74,0x53,0x74,0x61,0x74,0x65,0x53,0x6d,0x70,0x2c,0x20,0x69,0x6e,0x2e,0x6c,0x6f,
    0x6f,0x6b,0x75,0x70,0x2c,0x20,0x6c,0x65,0x76,0x65,0x6c,0x28,0x30,0x2e,0x30,0x29,
    0x29,0x3b,0x0a,0x20,0x20,0x20,0x20,0x66,0x6c,0x6f,0x61,0x74,0x32,0x20,0x5f,0x35,
    0x34,0x20,0x3d,0x20,0x66,0x61,0x73,0x74,0x3a,0x3a,0x6d,0x61,0x78,0x28,0x5f,0x34,
    0x35,0x2e,0x72,0x65,0x73,0x6f,0x6c,0x75,0x74,0x69,0x6f,0x6e,0x2e,0x78,0x79,0x2c,
    0x20,0x66,0x6c,0x6f,0x61,0x74,0x32,0x28,0x31,0x2e,0x30,0x29,0x29,0x3b,0x0a,0x20,
    0x20,0x20,0x20,0x66,0x6c,0x6f,0x61,0x74,0x32,0x20,0x5f,0x36,0x35,0x20,0x3d,0x20,
    0x66,0x72,0x61,0x63,0x74,0x28,0x28,0x5f,0x34,0x31,0x2e,0x78,0x79,0x20,0x2b,0x20,
    0x5f,0x34,0x31,0x2e,0x7a,0x77,0x29,0x20,0x2f,0x20,0x5f,0x35,0x34,0x29,0x3b,0x0a,
    0x20,0x20,0x20,0x20,0x66,0x6c,0x6f,0x61,0x74,0x32,0x20,0x5f,0x37,0x34,0x20,0x3d,
    0x20,0x70,0x68,0x79,0x73,0x61,0x72,0x75,0x6d,0x50,0x6f,0x69,0x6e,0x74,0x56,0x65,
    0x6c,0x6f,0x63,0x69,0x74,0x79,0x54,0x65,0x78,0x2e,0x73,0x61,0x6d,0x70,0x6c,0x65,
    0x28,0x70,0x68,0x79,0x73,0x61,0x72,0x75,0x6d,0x50,0x6f,0x69,0x6e,0x74,0x56,0x65,
    0x6c,0x6f,0x63,0x69,0x74,0x79,0x53,0x6d,0x70,0x2c,0x20,0x5f,0x36,0x35,0x2c,0x20,
    0x6c,0x65,0x76,0x65,0x6c,0x28,0x30,0x2e,0x30,0x29,0x29,0x2e,0x78,0x79,0x3b,0x0a,
    0x20,0x20,0x20,0x20,0x66,0x6c,0x6f,0x61,0x74,0x32,0x20,0x70,0x61,0x72,0x61,0x6d,
    0x20,0x3d,0x20,0x69,0x6e,0x2e,0x6c,0x6f,0x6f,0x6b,0x75,0x70,0x20,0x2b,0x20,0x66,
    0x6c,0x6f,0x61,0x74,0x32,0x28,0x30,0x2e,0x31,0x32,0x39,0x39,0x39,0x39,0x39,0x39,
    0x35,0x32,0x33,0x31,0x36,0x32,0x38,0x34,0x31,0x37,0x39,0x36,0x38,0x37,0x35,0x2c,
    0x20,0x30,0x2e,0x37,0x30,0x39,0x39,0x39,0x39,0x39,0x37,0x38,0x35,0x34,0x32,0x33,
    0x32,0x37,0x38,0x38,0x30,0x38,0x35,0x39,0x33,0x37,0x35,0x29,0x3b,0x0a,0x20,0x20,
    0x20,0x20,0x66,0x6c,0x6f,0x61,0x74,0x32,0x20,0x70,0x61,0x72,0x61,0x6d,0x5f,0x31,
    0x20,0x3d,0x20,0x69,0x6e,0x2e,0x6c,0x6f,0x6f,0x6b,0x75,0x70,0x20,0x2b,0x20,0x66,
    0x6c,0x6f,0x61,0x74,0x32,0x28,0x70,0x68,0x79,0x73,0x61,0x72,0x75,0x6d,0x5f,0x70,
    0x6f,0x69,0x6e,0x74,0x5f,0x68,0x61,0x73,0x68,0x28,0x70,0x61,0x72,0x61,0x6d,0x29,
    0x2c,0x20,0x30,0x2e,0x34,0x30,0x39,0x39,0x39,0x39,0x39,0x39,0x36,0x34,0x32,0x33,
    0x37,0x32,0x31,0x33,0x31,0x33,0x34,0x37,0x36,0x35,0x36,0x32,0x35,0x29,0x3b,0x0a,
    0x20,0x20,0x20,0x20,0x66,0x6c,0x6f,0x61,0x74,0x32,0x20,0x5f,0x31,0x37,0x33,0x20,
    0x3d,0x20,0x28,0x28,0x28,0x28,0x5f,0x36,0x35,0x20,0x2a,0x20,0x5f,0x35,0x34,0x29,
    0x20,0x2b,0x20,0x28,0x28,0x69,0x6e,0x2e,0x63,0x6f,0x72,0x6e,0x65,0x72,0x20,0x2a,
    0x20,0x66,0x61,0x73,0x74,0x3a,0x3a,0x6d,0x61,0x78,0x28,0x5f,0x34,0x35,0x2e,0x6f,
    0x70,0x74,0x69,0x6f,0x6e,0x73,0x2e,0x78,0x2c,0x20,0x30,0x2e,0x37,0x35,0x29,0x29,
    0x20,0x2a,0x20,0x30,0x2e,0x35,0x29,0x29,0x20,0x2f,0x20,0x5f,0x35,0x34,0x29,0x20,
    0x2a,0x20,0x32,0x2e,0x30,0x29,0x20,0x2d,0x20,0x66,0x6c,0x6f,0x61,0x74,0x32,0x28,
    0x31,0x2e,0x30,0x29,0x3b,0x0a,0x20,0x20,0x20,0x20,0x6f,0x75,0x74,0x2e,0x76,0x5f,
    0x72,0x67,0x62,0x20,0x3d,0x20,0x5f,0x34,0x35,0x2e,0x63,0x6f,0x6c,0x6f,0x72,0x2e,
    0x78,0x79,0x7a,0x3b,0x0a,0x20,0x20,0x20,0x20,0x6f,0x75,0x74,0x2e,0x76,0x5f,0x61,
    0x6c,0x70,0x68,0x61,0x20,0x3d,0x20,0x5f,0x34,0x35,0x2e,0x63,0x6f,0x6c,0x6f,0x72,
    0x2e,0x77,0x20,0x2a,0x20,0x66,0x61,0x73,0x74,0x3a,0x3a,0x63,0x6c,0x61,0x6d,0x70,
    0x28,0x28,0x28,0x28,0x30,0x2e,0x30,0x36,0x34,0x30,0x30,0x30,0x30,0x30,0x33,0x30,
    0x33,0x39,0x38,0x33,0x36,0x38,0x38,0x33,0x35,0x34,0x34,0x39,0x32,0x31,0x38,0x37,
    0x35,0x20,0x2b,0x20,0x28,0x30,0x2e,0x31,0x38,0x39,0x39,0x39,0x39,0x39,0x39,0x37,
    0x36,0x31,0x35,0x38,0x31,0x34,0x32,0x30,0x38,0x39,0x38,0x34,0x33,0x37,0x35,0x20,
    0x2a,0x20,0x66,0x61,0x73,0x74,0x3a,0x3a,0x63,0x6c,0x61,0x6d,0x70,0x28,0x28,0x64,
    0x6f,0x74,0x28,0x5f,0x37,0x34,0x2c,0x20,0x5f,0x37,0x34,0x29,0x20,0x2a,0x20,0x30,
    0x2e,0x30,0x35,0x30,0x30,0x30,0x30,0x30,0x30,0x30,0x37,0x34,0x35,0x30,0x35,0x38,
    0x30,0x35,0x39,0x36,0x39,0x32,0x33,0x38,0x32,0x38,0x31,0x32,0x35,0x29,0x20,0x2b,
    0x20,0x30,0x2e,0x36,0x39,0x39,0x39,0x39,0x39,0x39,0x38,0x38,0x30,0x37,0x39,0x30,
    0x37,0x31,0x30,0x34,0x34,0x39,0x32,0x31,0x38,0x37,0x35,0x2c,0x20,0x30,0x2e,0x30,
    0x2c,0x20,0x31,0x2e,0x30,0x29,0x29,0x29,0x20,0x2a,0x20,0x66,0x61,0x73,0x74,0x3a,
    0x3a,0x6d,0x69,0x6e,0x28,0x66,0x61,0x73,0x74,0x3a,0x3a,0x63,0x6c,0x61,0x6d,0x70,
    0x28,0x70,0x68,0x79,0x73,0x61,0x72,0x75,0x6d,0x50,0x6f,0x69,0x6e,0x74,0x41,0x67,
    0x65,0x54,0x65,0x78,0x2e,0x73,0x61,0x6d,0x70,0x6c,0x65,0x28,0x70,0x68,0x79,0x73,
    0x61,0x72,0x75,0x6d,0x50,0x6f,0x69,0x6e,0x74,0x41,0x67,0x65,0x53,0x6d,0x70,0x2c,
    0x20,0x69,0x6e,0x2e,0x6c,0x6f,0x6f,0x6b,0x75,0x70,0x2c,0x20,0x6c,0x65,0x76,0x65,
    0x6c,0x28,0x30,0x2e,0x30,0x29,0x29,0x2e,0x78,0x20,0x2f,0x20,0x66,0x61,0x73,0x74,
    0x3a,0x3a,0x6d,0x61,0x78,0x28,0x5f,0x34,0x35,0x2e,0x6f,0x70,0x74,0x69,0x6f,0x6e,
    0x73,0x2e,0x7a,0x2c,0x20,0x31,0x2e,0x30,0x29,0x2c,0x20,0x30,0x2e,0x30,0x2c,0x20,
    0x31,0x2e,0x30,0x29,0x20,0x2a,0x20,0x31,0x30,0x2e,0x30,0x2c,0x20,0x31,0x2e,0x30,
    0x29,0x29,0x20,0x2a,0x20,0x6d,0x69,0x78,0x28,0x30,0x2e,0x37,0x34,0x30,0x30,0x30,
    0x30,0x30,0x30,0x39,0x35,0x33,0x36,0x37,0x34,0x33,0x31,0x36,0x34,0x30,0x36,0x32,
    0x35,0x2c,0x20,0x31,0x2e,0x32,0x34,0x30,0x30,0x30,0x30,0x30,0x30,0x39,0x35,0x33,
    0x36,0x37,0x34,0x33,0x31,0x36,0x34,0x30,0x36,0x32,0x35,0x2c,0x20,0x70,0x68,0x79,
    0x73,0x61,0x72,0x75,0x6d,0x5f,0x70,0x6f,0x69,0x6e,0x74,0x5f,0x68,0x61,0x73,0x68,
    0x28,0x70,0x61,0x72,0x61,0x6d,0x5f,0x31,0x29,0x29,0x29,0x20,0x2a,0x20,0x66,0x61,
    0x73,0x74,0x3a,0x3a,0x63,0x6c,0x61,0x6d,0x70,0x28,0x5f,0x34,0x35,0x2e,0x6f,0x70,
    0x74,0x69,0x6f,0x6e,0x73,0x2e,0x79,0x2c,0x20,0x30,0x2e,0x30,0x2c,0x20,0x33,0x2e,
    0x30,0x29,0x2c,0x20,0x30,0x2e,0x30,0x2c,0x20,0x30,0x2e,0x34,0x33,0x39,0x39,0x39,
    0x39,0x39,0x39,0x37,0x36,0x31,0x35,0x38,0x31,0x34,0x32,0x30,0x38,0x39,0x38,0x34,
    0x33,0x37,0x35,0x29,0x3b,0x0a,0x20,0x20,0x20,0x20,0x6f,0x75,0x74,0x2e,0x67,0x6c,
    0x5f,0x50,0x6f,0x73,0x69,0x74,0x69,0x6f,0x6e,0x20,0x3d,0x20,0x66,0x6c,0x6f,0x61,
    0x74,0x34,0x28,0x5f,0x31,0x37,0x33,0x2e,0x78,0x2c,0x20,0x2d,0x5f,0x31,0x37,0x33,
    0x2e,0x79,0x2c,0x20,0x30,0x2e,0x30,0x2c,0x20,0x31,0x2e,0x30,0x29,0x3b,0x0a,0x20,
    0x20,0x20,0x20,0x72,0x65,0x74,0x75,0x72,0x6e,0x20,0x6f,0x75,0x74,0x3b,0x0a,0x7d,
    0x0a,0x0a,0x00,
};
/*
    #include <metal_stdlib>
    #include <simd/simd.h>

    using namespace metal;

    struct main0_out
    {
        float4 frag_color [[color(0)]];
    };

    struct main0_in
    {
        float3 v_rgb [[user(locn0)]];
        float v_alpha [[user(locn1)]];
    };

    fragment main0_out main0(main0_in in [[stage_in]])
    {
        main0_out out = {};
        out.frag_color = float4(in.v_rgb, in.v_alpha);
        return out;
    }

*/
static const uint8_t fs_physarum_deposit_source_metal_macos[370] = {
    0x23,0x69,0x6e,0x63,0x6c,0x75,0x64,0x65,0x20,0x3c,0x6d,0x65,0x74,0x61,0x6c,0x5f,
    0x73,0x74,0x64,0x6c,0x69,0x62,0x3e,0x0a,0x23,0x69,0x6e,0x63,0x6c,0x75,0x64,0x65,
    0x20,0x3c,0x73,0x69,0x6d,0x64,0x2f,0x73,0x69,0x6d,0x64,0x2e,0x68,0x3e,0x0a,0x0a,
    0x75,0x73,0x69,0x6e,0x67,0x20,0x6e,0x61,0x6d,0x65,0x73,0x70,0x61,0x63,0x65,0x20,
    0x6d,0x65,0x74,0x61,0x6c,0x3b,0x0a,0x0a,0x73,0x74,0x72,0x75,0x63,0x74,0x20,0x6d,
    0x61,0x69,0x6e,0x30,0x5f,0x6f,0x75,0x74,0x0a,0x7b,0x0a,0x20,0x20,0x20,0x20,0x66,
    0x6c,0x6f,0x61,0x74,0x34,0x20,0x66,0x72,0x61,0x67,0x5f,0x63,0x6f,0x6c,0x6f,0x72,
    0x20,0x5b,0x5b,0x63,0x6f,0x6c,0x6f,0x72,0x28,0x30,0x29,0x5d,0x5d,0x3b,0x0a,0x7d,
    0x3b,0x0a,0x0a,0x73,0x74,0x72,0x75,0x63,0x74,0x20,0x6d,0x61,0x69,0x6e,0x30,0x5f,
    0x69,0x6e,0x0a,0x7b,0x0a,0x20,0x20,0x20,0x20,0x66,0x6c,0x6f,0x61,0x74,0x33,0x20,
    0x76,0x5f,0x72,0x67,0x62,0x20,0x5b,0x5b,0x75,0x73,0x65,0x72,0x28,0x6c,0x6f,0x63,
    0x6e,0x30,0x29,0x5d,0x5d,0x3b,0x0a,0x20,0x20,0x20,0x20,0x66,0x6c,0x6f,0x61,0x74,
    0x20,0x76,0x5f,0x61,0x6c,0x70,0x68,0x61,0x20,0x5b,0x5b,0x75,0x73,0x65,0x72,0x28,
    0x6c,0x6f,0x63,0x6e,0x31,0x29,0x5d,0x5d,0x3b,0x0a,0x7d,0x3b,0x0a,0x0a,0x66,0x72,
    0x61,0x67,0x6d,0x65,0x6e,0x74,0x20,0x6d,0x61,0x69,0x6e,0x30,0x5f,0x6f,0x75,0x74,
    0x20,0x6d,0x61,0x69,0x6e,0x30,0x28,0x6d,0x61,0x69,0x6e,0x30,0x5f,0x69,0x6e,0x20,
    0x69,0x6e,0x20,0x5b,0x5b,0x73,0x74,0x61,0x67,0x65,0x5f,0x69,0x6e,0x5d,0x5d,0x29,
    0x0a,0x7b,0x0a,0x20,0x20,0x20,0x20,0x6d,0x61,0x69,0x6e,0x30,0x5f,0x6f,0x75,0x74,
    0x20,0x6f,0x75,0x74,0x20,0x3d,0x20,0x7b,0x7d,0x3b,0x0a,0x20,0x20,0x20,0x20,0x6f,
    0x75,0x74,0x2e,0x66,0x72,0x61,0x67,0x5f,0x63,0x6f,0x6c,0x6f,0x72,0x20,0x3d,0x20,
    0x66,0x6c,0x6f,0x61,0x74,0x34,0x28,0x69,0x6e,0x2e,0x76,0x5f,0x72,0x67,0x62,0x2c,
    0x20,0x69,0x6e,0x2e,0x76,0x5f,0x61,0x6c,0x70,0x68,0x61,0x29,0x3b,0x0a,0x20,0x20,
    0x20,0x20,0x72,0x65,0x74,0x75,0x72,0x6e,0x20,0x6f,0x75,0x74,0x3b,0x0a,0x7d,0x0a,
    0x0a,0x00,
};
/*
    diagnostic(off, derivative_uniformity);

    var<private> position_1 : vec2f;

    var<private> uv : vec2f;

    var<private> texcoord0 : vec2f;

    var<private> gl_Position : vec4f;

    fn main_1() {
      gl_Position = vec4f(position_1.x, position_1.y, 0.0f, 1.0f);
      uv = texcoord0;
      return;
    }

    struct main_out {
      @builtin(position)
      gl_Position : vec4f,
      @location(0)
      uv_1 : vec2f,
    }

    @vertex
    fn main(@location(0) position_1_param : vec2f, @location(1) texcoord0_param : vec2f) -> main_out {
      position_1 = position_1_param;
      texcoord0 = texcoord0_param;
      main_1();
      return main_out(gl_Position, uv);
    }
*/
static const uint8_t physarum_fullscreen_vs_source_wgsl[595] = {
    0x64,0x69,0x61,0x67,0x6e,0x6f,0x73,0x74,0x69,0x63,0x28,0x6f,0x66,0x66,0x2c,0x20,
    0x64,0x65,0x72,0x69,0x76,0x61,0x74,0x69,0x76,0x65,0x5f,0x75,0x6e,0x69,0x66,0x6f,
    0x72,0x6d,0x69,0x74,0x79,0x29,0x3b,0x0a,0x0a,0x76,0x61,0x72,0x3c,0x70,0x72,0x69,
    0x76,0x61,0x74,0x65,0x3e,0x20,0x70,0x6f,0x73,0x69,0x74,0x69,0x6f,0x6e,0x5f,0x31,
    0x20,0x3a,0x20,0x76,0x65,0x63,0x32,0x66,0x3b,0x0a,0x0a,0x76,0x61,0x72,0x3c,0x70,
    0x72,0x69,0x76,0x61,0x74,0x65,0x3e,0x20,0x75,0x76,0x20,0x3a,0x20,0x76,0x65,0x63,
    0x32,0x66,0x3b,0x0a,0x0a,0x76,0x61,0x72,0x3c,0x70,0x72,0x69,0x76,0x61,0x74,0x65,
    0x3e,0x20,0x74,0x65,0x78,0x63,0x6f,0x6f,0x72,0x64,0x30,0x20,0x3a,0x20,0x76,0x65,
    0x63,0x32,0x66,0x3b,0x0a,0x0a,0x76,0x61,0x72,0x3c,0x70,0x72,0x69,0x76,0x61,0x74,
    0x65,0x3e,0x20,0x67,0x6c,0x5f,0x50,0x6f,0x73,0x69,0x74,0x69,0x6f,0x6e,0x20,0x3a,
    0x20,0x76,0x65,0x63,0x34,0x66,0x3b,0x0a,0x0a,0x66,0x6e,0x20,0x6d,0x61,0x69,0x6e,
    0x5f,0x31,0x28,0x29,0x20,0x7b,0x0a,0x20,0x20,0x67,0x6c,0x5f,0x50,0x6f,0x73,0x69,
    0x74,0x69,0x6f,0x6e,0x20,0x3d,0x20,0x76,0x65,0x63,0x34,0x66,0x28,0x70,0x6f,0x73,
    0x69,0x74,0x69,0x6f,0x6e,0x5f,0x31,0x2e,0x78,0x2c,0x20,0x70,0x6f,0x73,0x69,0x74,
    0x69,0x6f,0x6e,0x5f,0x31,0x2e,0x79,0x2c,0x20,0x30,0x2e,0x30,0x66,0x2c,0x20,0x31,
    0x2e,0x30,0x66,0x29,0x3b,0x0a,0x20,0x20,0x75,0x76,0x20,0x3d,0x20,0x74,0x65,0x78,
    0x63,0x6f,0x6f,0x72,0x64,0x30,0x3b,0x0a,0x20,0x20,0x72,0x65,0x74,0x75,0x72,0x6e,
    0x3b,0x0a,0x7d,0x0a,0x0a,0x73,0x74,0x72,0x75,0x63,0x74,0x20,0x6d,0x61,0x69,0x6e,
    0x5f,0x6f,0x75,0x74,0x20,0x7b,0x0a,0x20,0x20,0x40,0x62,0x75,0x69,0x6c,0x74,0x69,
    0x6e,0x28,0x70,0x6f,0x73,0x69,0x74,0x69,0x6f,0x6e,0x29,0x0a,0x20,0x20,0x67,0x6c,
    0x5f,0x50,0x6f,0x73,0x69,0x74,0x69,0x6f,0x6e,0x20,0x3a,0x20,0x76,0x65,0x63,0x34,
    0x66,0x2c,0x0a,0x20,0x20,0x40,0x6c,0x6f,0x63,0x61,0x74,0x69,0x6f,0x6e,0x28,0x30,
    0x29,0x0a,0x20,0x20,0x75,0x76,0x5f,0x31,0x20,0x3a,0x20,0x76,0x65,0x63,0x32,0x66,
    0x2c,0x0a,0x7d,0x0a,0x0a,0x40,0x76,0x65,0x72,0x74,0x65,0x78,0x0a,0x66,0x6e,0x20,
    0x6d,0x61,0x69,0x6e,0x28,0x40,0x6c,0x6f,0x63,0x61,0x74,0x69,0x6f,0x6e,0x28,0x30,
    0x29,0x20,0x70,0x6f,0x73,0x69,0x74,0x69,0x6f,0x6e,0x5f,0x31,0x5f,0x70,0x61,0x72,
    0x61,0x6d,0x20,0x3a,0x20,0x76,0x65,0x63,0x32,0x66,0x2c,0x20,0x40,0x6c,0x6f,0x63,
    0x61,0x74,0x69,0x6f,0x6e,0x28,0x31,0x29,0x20,0x74,0x65,0x78,0x63,0x6f,0x6f,0x72,
    0x64,0x30,0x5f,0x70,0x61,0x72,0x61,0x6d,0x20,0x3a,0x20,0x76,0x65,0x63,0x32,0x66,
    0x29,0x20,0x2d,0x3e,0x20,0x6d,0x61,0x69,0x6e,0x5f,0x6f,0x75,0x74,0x20,0x7b,0x0a,
    0x20,0x20,0x70,0x6f,0x73,0x69,0x74,0x69,0x6f,0x6e,0x5f,0x31,0x20,0x3d,0x20,0x70,
    0x6f,0x73,0x69,0x74,0x69,0x6f,0x6e,0x5f,0x31,0x5f,0x70,0x61,0x72,0x61,0x6d,0x3b,
    0x0a,0x20,0x20,0x74,0x65,0x78,0x63,0x6f,0x6f,0x72,0x64,0x30,0x20,0x3d,0x20,0x74,
    0x65,0x78,0x63,0x6f,0x6f,0x72,0x64,0x30,0x5f,0x70,0x61,0x72,0x61,0x6d,0x3b,0x0a,
    0x20,0x20,0x6d,0x61,0x69,0x6e,0x5f,0x31,0x28,0x29,0x3b,0x0a,0x20,0x20,0x72,0x65,
    0x74,0x75,0x72,0x6e,0x20,0x6d,0x61,0x69,0x6e,0x5f,0x6f,0x75,0x74,0x28,0x67,0x6c,
    0x5f,0x50,0x6f,0x73,0x69,0x74,0x69,0x6f,0x6e,0x2c,0x20,0x75,0x76,0x29,0x3b,0x0a,
    0x7d,0x0a,0x00,
};
/*
    diagnostic(off, derivative_uniformity);

    struct physarum_params {
      /_ @offset(0) _/
      color : vec4f,
      /_ @offset(16) _/
      resolution : vec4f,
      /_ @offset(32) _/
      texel : vec4f,
      /_ @offset(48) _/
      options : vec4f,
    }

    @binding(0) @group(0) var<uniform> x_56 : physarum_params;

    var<private> uv : vec2f;

    var<private> frag_color : vec4f;

    fn physarum_hash_vf2_(p : ptr<function, vec2f>) -> f32 {
      let x_17 = *(p);
      return fract((sin(dot(x_17, vec2f(127.09999847412109375f, 311.70001220703125f))) * 43758.546875f));
    }

    fn physarum_hash2_vf2_(p_1 : ptr<function, vec2f>) -> vec2f {
      var a : f32;
      var param : vec2f;
      var b : f32;
      var param_1 : vec2f;
      param = *(p_1);
      let x_32 = physarum_hash_vf2_(&(param));
      a = x_32;
      param_1 = (((*(p_1)).yx + vec2f(a, (1.0f - a))) + vec2f(19.1900005340576171875f));
      let x_46 = physarum_hash_vf2_(&(param_1));
      b = x_46;
      let x_47 = a;
      let x_48 = b;
      return vec2f(x_47, x_48);
    }

    fn main_1() {
      var canvas : vec2f;
      var seed : vec2f;
      var param_2 : vec2f;
      var pos : vec2f;
      var param_3 : vec2f;
      canvas = max(x_56.options.xy, vec2f(1.0f));
      param_2 = (uv + x_56.options.zw);
      let x_74 = physarum_hash2_vf2_(&(param_2));
      seed = x_74;
      let x_76 = seed;
      param_3 = (seed + (uv * 17.0f));
      let x_83 = physarum_hash2_vf2_(&(param_3));
      pos = fract((x_76 + (x_83 * 0.61803400516510009766f)));
      let x_92 = (pos * canvas);
      frag_color = vec4f(x_92.x, x_92.y, 0.0f, 0.0f);
      return;
    }

    struct main_out {
      @location(0)
      frag_color_1 : vec4f,
    }

    @fragment
    fn main(@location(0) uv_param : vec2f) -> main_out {
      uv = uv_param;
      main_1();
      return main_out(frag_color);
    }
*/
static const uint8_t fs_physarum_spawn_source_wgsl[1638] = {
    0x64,0x69,0x61,0x67,0x6e,0x6f,0x73,0x74,0x69,0x63,0x28,0x6f,0x66,0x66,0x2c,0x20,
    0x64,0x65,0x72,0x69,0x76,0x61,0x74,0x69,0x76,0x65,0x5f,0x75,0x6e,0x69,0x66,0x6f,
    0x72,0x6d,0x69,0x74,0x79,0x29,0x3b,0x0a,0x0a,0x73,0x74,0x72,0x75,0x63,0x74,0x20,
    0x70,0x68,0x79,0x73,0x61,0x72,0x75,0x6d,0x5f,0x70,0x61,0x72,0x61,0x6d,0x73,0x20,
    0x7b,0x0a,0x20,0x20,0x2f,0x2a,0x20,0x40,0x6f,0x66,0x66,0x73,0x65,0x74,0x28,0x30,
    0x29,0x20,0x2a,0x2f,0x0a,0x20,0x20,0x63,0x6f,0x6c,0x6f,0x72,0x20,0x3a,0x20,0x76,
    0x65,0x63,0x34,0x66,0x2c,0x0a,0x20,0x20,0x2f,0x2a,0x20,0x40,0x6f,0x66,0x66,0x73,
    0x65,0x74,0x28,0x31,0x36,0x29,0x20,0x2a,0x2f,0x0a,0x20,0x20,0x72,0x65,0x73,0x6f,
    0x6c,0x75,0x74,0x69,0x6f,0x6e,0x20,0x3a,0x20,0x76,0x65,0x63,0x34,0x66,0x2c,0x0a,
    0x20,0x20,0x2f,0x2a,0x20,0x40,0x6f,0x66,0x66,0x73,0x65,0x74,0x28,0x33,0x32,0x29,
    0x20,0x2a,0x2f,0x0a,0x20,0x20,0x74,0x65,0x78,0x65,0x6c,0x20,0x3a,0x20,0x76,0x65,
    0x63,0x34,0x66,0x2c,0x0a,0x20,0x20,0x2f,0x2a,0x20,0x40,0x6f,0x66,0x66,0x73,0x65,
    0x74,0x28,0x34,0x38,0x29,0x20,0x2a,0x2f,0x0a,0x20,0x20,0x6f,0x70,0x74,0x69,0x6f,
    0x6e,0x73,0x20,0x3a,0x20,0x76,0x65,0x63,0x34,0x66,0x2c,0x0a,0x7d,0x0a,0x0a,0x40,
    0x62,0x69,0x6e,0x64,0x69,0x6e,0x67,0x28,0x30,0x29,0x20,0x40,0x67,0x72,0x6f,0x75,
    0x70,0x28,0x30,0x29,0x20,0x76,0x61,0x72,0x3c,0x75,0x6e,0x69,0x66,0x6f,0x72,0x6d,
    0x3e,0x20,0x78,0x5f,0x35,0x36,0x20,0x3a,0x20,0x70,0x68,0x79,0x73,0x61,0x72,0x75,
    0x6d,0x5f,0x70,0x61,0x72,0x61,0x6d,0x73,0x3b,0x0a,0x0a,0x76,0x61,0x72,0x3c,0x70,
    0x72,0x69,0x76,0x61,0x74,0x65,0x3e,0x20,0x75,0x76,0x20,0x3a,0x20,0x76,0x65,0x63,
    0x32,0x66,0x3b,0x0a,0x0a,0x76,0x61,0x72,0x3c,0x70,0x72,0x69,0x76,0x61,0x74,0x65,
    0x3e,0x20,0x66,0x72,0x61,0x67,0x5f,0x63,0x6f,0x6c,0x6f,0x72,0x20,0x3a,0x20,0x76,
    0x65,0x63,0x34,0x66,0x3b,0x0a,0x0a,0x66,0x6e,0x20,0x70,0x68,0x79,0x73,0x61,0x72,
    0x75,0x6d,0x5f,0x68,0x61,0x73,0x68,0x5f,0x76,0x66,0x32,0x5f,0x28,0x70,0x20,0x3a,
    0x20,0x70,0x74,0x72,0x3c,0x66,0x75,0x6e,0x63,0x74,0x69,0x6f,0x6e,0x2c,0x20,0x76,
    0x65,0x63,0x32,0x66,0x3e,0x29,0x20,0x2d,0x3e,0x20,0x66,0x33,0x32,0x20,0x7b,0x0a,
    0x20,0x20,0x6c,0x65,0x74,0x20,0x78,0x5f,0x31,0x37,0x20,0x3d,0x20,0x2a,0x28,0x70,
    0x29,0x3b,0x0a,0x20,0x20,0x72,0x65,0x74,0x75,0x72,0x6e,0x20,0x66,0x72,0x61,0x63,
    0x74,0x28,0x28,0x73,0x69,0x6e,0x28,0x64,0x6f,0x74,0x28,0x78,0x5f,0x31,0x37,0x2c,
    0x20,0x76,0x65,0x63,0x32,0x66,0x28,0x31,0x32,0x37,0x2e,0x30,0x39,0x39,0x39,0x39,
    0x38,0x34,0x37,0x34,0x31,0x32,0x31,0x30,0x39,0x33,0x37,0x35,0x66,0x2c,0x20,0x33,
    0x31,0x31,0x2e,0x37,0x30,0x30,0x30,0x31,0x32,0x32,0x30,0x37,0x30,0x33,0x31,0x32,
    0x35,0x66,0x29,0x29,0x29,0x20,0x2a,0x20,0x34,0x33,0x37,0x35,0x38,0x2e,0x35,0x34,
    0x36,0x38,0x37,0x35,0x66,0x29,0x29,0x3b,0x0a,0x7d,0x0a,0x0a,0x66,0x6e,0x20,0x70,
    0x68,0x79,0x73,0x61,0x72,0x75,0x6d,0x5f,0x68,0x61,0x73,0x68,0x32,0x5f,0x76,0x66,
    0x32,0x5f,0x28,0x70,0x5f,0x31,0x20,0x3a,0x20,0x70,0x74,0x72,0x3c,0x66,0x75,0x6e,
    0x63,0x74,0x69,0x6f,0x6e,0x2c,0x20,0x76,0x65,0x63,0x32,0x66,0x3e,0x29,0x20,0x2d,
    0x3e,0x20,0x76,0x65,0x63,0x32,0x66,0x20,0x7b,0x0a,0x20,0x20,0x76,0x61,0x72,0x20,
    0x61,0x20,0x3a,0x20,0x66,0x33,0x32,0x3b,0x0a,0x20,0x20,0x76,0x61,0x72,0x20,0x70,
    0x61,0x72,0x61,0x6d,0x20,0x3a,0x20,0x76,0x65,0x63,0x32,0x66,0x3b,0x0a,0x20,0x20,
    0x76,0x61,0x72,0x20,0x62,0x20,0x3a,0x20,0x66,0x33,0x32,0x3b,0x0a,0x20,0x20,0x76,
    0x61,0x72,0x20,0x70,0x61,0x72,0x61,0x6d,0x5f,0x31,0x20,0x3a,0x20,0x76,0x65,0x63,
    0x32,0x66,0x3b,0x0a,0x20,0x20,0x70,0x61,0x72,0x61,0x6d,0x20,0x3d,0x20,0x2a,0x28,
    0x70,0x5f,0x31,0x29,0x3b,0x0a,0x20,0x20,0x6c,0x65,0x74,0x20,0x78,0x5f,0x33,0x32,
    0x20,0x3d,0x20,0x70,0x68,0x79,0x73,0x61,0x72,0x75,0x6d,0x5f,0x68,0x61,0x73,0x68,
    0x5f,0x76,0x66,0x32,0x5f,0x28,0x26,0x28,0x70,0x61,0x72,0x61,0x6d,0x29,0x29,0x3b,
    0x0a,0x20,0x20,0x61,0x20,0x3d,0x20,0x78,0x5f,0x33,0x32,0x3b,0x0a,0x20,0x20,0x70,
    0x61,0x72,0x61,0x6d,0x5f,0x31,0x20,0x3d,0x20,0x28,0x28,0x28,0x2a,0x28,0x70,0x5f,
    0x31,0x29,0x29,0x2e,0x79,0x78,0x20,0x2b,0x20,0x76,0x65,0x63,0x32,0x66,0x28,0x61,
    0x2c,0x20,0x28,0x31,0x2e,0x30,0x66,0x20,0x2d,0x20,0x61,0x29,0x29,0x29,0x20,0x2b,
    0x20,0x76,0x65,0x63,0x32,0x66,0x28,0x31,0x39,0x2e,0x31,0x39,0x30,0x30,0x30,0x30,
    0x35,0x33,0x34,0x30,0x35,0x37,0x36,0x31,0x37,0x31,0x38,0x37,0x35,0x66,0x29,0x29,
    0x3b,0x0a,0x20,0x20,0x6c,0x65,0x74,0x20,0x78,0x5f,0x34,0x36,0x20,0x3d,0x20,0x70,
    0x68,0x79,0x73,0x61,0x72,0x75,0x6d,0x5f,0x68,0x61,0x73,0x68,0x5f,0x76,0x66,0x32,
    0x5f,0x28,0x26,0x28,0x70,0x61,0x72,0x61,0x6d,0x5f,0x31,0x29,0x29,0x3b,0x0a,0x20,
    0x20,0x62,0x20,0x3d,0x20,0x78,0x5f,0x34,0x36,0x3b,0x0a,0x20,0x20,0x6c,0x65,0x74,
    0x20,0x78,0x5f,0x34,0x37,0x20,0x3d,0x20,0x61,0x3b,0x0a,0x20,0x20,0x6c,0x65,0x74,
    0x20,0x78,0x5f,0x34,0x38,0x20,0x3d,0x20,0x62,0x3b,0x0a,0x20,0x20,0x72,0x65,0x74,
    0x75,0x72,0x6e,0x20,0x76,0x65,0x63,0x32,0x66,0x28,0x78,0x5f,0x34,0x37,0x2c,0x20,
    0x78,0x5f,0x34,0x38,0x29,0x3b,0x0a,0x7d,0x0a,0x0a,0x66,0x6e,0x20,0x6d,0x61,0x69,
    0x6e,0x5f,0x31,0x28,0x29,0x20,0x7b,0x0a,0x20,0x20,0x76,0x61,0x72,0x20,0x63,0x61,
    0x6e,0x76,0x61,0x73,0x20,0x3a,0x20,0x76,0x65,0x63,0x32,0x66,0x3b,0x0a,0x20,0x20,
    0x76,0x61,0x72,0x20,0x73,0x65,0x65,0x64,0x20,0x3a,0x20,0x76,0x65,0x63,0x32,0x66,
    0x3b,0x0a,0x20,0x20,0x76,0x61,0x72,0x20,0x70,0x61,0x72,0x61,0x6d,0x5f,0x32,0x20,
    0x3a,0x20,0x76,0x65,0x63,0x32,0x66,0x3b,0x0a,0x20,0x20,0x76,0x61,0x72,0x20,0x70,
    0x6f,0x73,0x20,0x3a,0x20,0x76,0x65,0x63,0x32,0x66,0x3b,0x0a,0x20,0x20,0x76,0x61,
    0x72,0x20,0x70,0x61,0x72,0x61,0x6d,0x5f,0x33,0x20,0x3a,0x20,0x76,0x65,0x63,0x32,
    0x66,0x3b,0x0a,0x20,0x20,0x63,0x61,0x6e,0x76,0x61,0x73,0x20,0x3d,0x20,0x6d,0x61,
    0x78,0x28,0x78,0x5f,0x35,0x36,0x2e,0x6f,0x70,0x74,0x69,0x6f,0x6e,0x73,0x2e,0x78,
    0x79,0x2c,0x20,0x76,0x65,0x63,0x32,0x66,0x28,0x31,0x2e,0x30,0x66,0x29,0x29,0x3b,
    0x0a,0x20,0x20,0x70,0x61,0x72,0x61,0x6d,0x5f,0x32,0x20,0x3d,0x20,0x28,0x75,0x76,
    0x20,0x2b,0x20,0x78,0x5f,0x35,0x36,0x2e,0x6f,0x70,0x74,0x69,0x6f,0x6e,0x73,0x2e,
    0x7a,0x77,0x29,0x3b,0x0a,0x20,0x20,0x6c,0x65,0x74,0x20,0x78,0x5f,0x37,0x34,0x20,
    0x3d,0x20,0x70,0x68,0x79,0x73,0x61,0x72,0x75,0x6d,0x5f,0x68,0x61,0x73,0x68,0x32,
    0x5f,0x76,0x66,0x32,0x5f,0x28,0x26,0x28,0x70,0x61,0x72,0x61,0x6d,0x5f,0x32,0x29,
    0x29,0x3b,0x0a,0x20,0x20,0x73,0x65,0x65,0x64,0x20,0x3d,0x20,0x78,0x5f,0x37,0x34,
    0x3b,0x0a,0x20,0x20,0x6c,0x65,0x74,0x20,0x78,0x5f,0x37,0x36,0x20,0x3d,0x20,0x73,
    0x65,0x65,0x64,0x3b,0x0a,0x20,0x20,0x70,0x61,0x72,0x61,0x6d,0x5f,0x33,0x20,0x3d,
    0x20,0x28,0x73,0x65,0x65,0x64,0x20,0x2b,0x20,0x28,0x75,0x76,0x20,0x2a,0x20,0x31,
    0x37,0x2e,0x30,0x66,0x29,0x29,0x3b,0x0a,0x20,0x20,0x6c,0x65,0x74,0x20,0x78,0x5f,
    0x38,0x33,0x20,0x3d,0x20,0x70,0x68,0x79,0x73,0x61,0x72,0x75,0x6d,0x5f,0x68,0x61,
    0x73,0x68,0x32,0x5f,0x76,0x66,0x32,0x5f,0x28,0x26,0x28,0x70,0x61,0x72,0x61,0x6d,
    0x5f,0x33,0x29,0x29,0x3b,0x0a,0x20,0x20,0x70,0x6f,0x73,0x20,0x3d,0x20,0x66,0x72,
    0x61,0x63,0x74,0x28,0x28,0x78,0x5f,0x37,0x36,0x20,0x2b,0x20,0x28,0x78,0x5f,0x38,
    0x33,0x20,0x2a,0x20,0x30,0x2e,0x36,0x31,0x38,0x30,0x33,0x34,0x30,0x30,0x35,0x31,
    0x36,0x35,0x31,0x30,0x30,0x30,0x39,0x37,0x36,0x36,0x66,0x29,0x29,0x29,0x3b,0x0a,
    0x20,0x20,0x6c,0x65,0x74,0x20,0x78,0x5f,0x39,0x32,0x20,0x3d,0x20,0x28,0x70,0x6f,
    0x73,0x20,0x2a,0x20,0x63,0x61,0x6e,0x76,0x61,0x73,0x29,0x3b,0x0a,0x20,0x20,0x66,
    0x72,0x61,0x67,0x5f,0x63,0x6f,0x6c,0x6f,0x72,0x20,0x3d,0x20,0x76,0x65,0x63,0x34,
    0x66,0x28,0x78,0x5f,0x39,0x32,0x2e,0x78,0x2c,0x20,0x78,0x5f,0x39,0x32,0x2e,0x79,
    0x2c,0x20,0x30,0x2e,0x30,0x66,0x2c,0x20,0x30,0x2e,0x30,0x66,0x29,0x3b,0x0a,0x20,
    0x20,0x72,0x65,0x74,0x75,0x72,0x6e,0x3b,0x0a,0x7d,0x0a,0x0a,0x73,0x74,0x72,0x75,
    0x63,0x74,0x20,0x6d,0x61,0x69,0x6e,0x5f,0x6f,0x75,0x74,0x20,0x7b,0x0a,0x20,0x20,
    0x40,0x6c,0x6f,0x63,0x61,0x74,0x69,0x6f,0x6e,0x28,0x30,0x29,0x0a,0x20,0x20,0x66,
    0x72,0x61,0x67,0x5f,0x63,0x6f,0x6c,0x6f,0x72,0x5f,0x31,0x20,0x3a,0x20,0x76,0x65,
    0x63,0x34,0x66,0x2c,0x0a,0x7d,0x0a,0x0a,0x40,0x66,0x72,0x61,0x67,0x6d,0x65,0x6e,
    0x74,0x0a,0x66,0x6e,0x20,0x6d,0x61,0x69,0x6e,0x28,0x40,0x6c,0x6f,0x63,0x61,0x74,
    0x69,0x6f,0x6e,0x28,0x30,0x29,0x20,0x75,0x76,0x5f,0x70,0x61,0x72,0x61,0x6d,0x20,
    0x3a,0x20,0x76,0x65,0x63,0x32,0x66,0x29,0x20,0x2d,0x3e,0x20,0x6d,0x61,0x69,0x6e,
    0x5f,0x6f,0x75,0x74,0x20,0x7b,0x0a,0x20,0x20,0x75,0x76,0x20,0x3d,0x20,0x75,0x76,
    0x5f,0x70,0x61,0x72,0x61,0x6d,0x3b,0x0a,0x20,0x20,0x6d,0x61,0x69,0x6e,0x5f,0x31,
    0x28,0x29,0x3b,0x0a,0x20,0x20,0x72,0x65,0x74,0x75,0x72,0x6e,0x20,0x6d,0x61,0x69,
    0x6e,0x5f,0x6f,0x75,0x74,0x28,0x66,0x72,0x61,0x67,0x5f,0x63,0x6f,0x6c,0x6f,0x72,
    0x29,0x3b,0x0a,0x7d,0x0a,0x00,
};
/*
    diagnostic(off, derivative_uniformity);

    struct physarum_params {
      /_ @offset(0) _/
      color : vec4f,
      /_ @offset(16) _/
      resolution : vec4f,
      /_ @offset(32) _/
      texel : vec4f,
      /_ @offset(48) _/
      options : vec4f,
    }

    var<private> uv : vec2f;

    @binding(0) @group(0) var<uniform> x_32 : physarum_params;

    var<private> frag_color : vec4f;

    fn physarum_age_hash_vf2_(p : ptr<function, vec2f>) -> f32 {
      let x_13 = *(p);
      return fract((sin(dot(x_13, vec2f(127.09999847412109375f, 311.70001220703125f))) * 43758.546875f));
    }

    fn main_1() {
      var age : f32;
      var param : vec2f;
      param = (uv + x_32.options.zw);
      let x_41 = physarum_age_hash_vf2_(&(param));
      age = (x_41 * max(x_32.options.x, 1.0f));
      frag_color = vec4f(age, 0.0f, 0.0f, 1.0f);
      return;
    }

    struct main_out {
      @location(0)
      frag_color_1 : vec4f,
    }

    @fragment
    fn main(@location(0) uv_param : vec2f) -> main_out {
      uv = uv_param;
      main_1();
      return main_out(frag_color);
    }
*/
static const uint8_t fs_physarum_age_spawn_source_wgsl[949] = {
    0x64,0x69,0x61,0x67,0x6e,0x6f,0x73,0x74,0x69,0x63,0x28,0x6f,0x66,0x66,0x2c,0x20,
    0x64,0x65,0x72,0x69,0x76,0x61,0x74,0x69,0x76,0x65,0x5f,0x75,0x6e,0x69,0x66,0x6f,
    0x72,0x6d,0x69,0x74,0x79,0x29,0x3b,0x0a,0x0a,0x73,0x74,0x72,0x75,0x63,0x74,0x20,
    0x70,0x68,0x79,0x73,0x61,0x72,0x75,0x6d,0x5f,0x70,0x61,0x72,0x61,0x6d,0x73,0x20,
    0x7b,0x0a,0x20,0x20,0x2f,0x2a,0x20,0x40,0x6f,0x66,0x66,0x73,0x65,0x74,0x28,0x30,
    0x29,0x20,0x2a,0x2f,0x0a,0x20,0x20,0x63,0x6f,0x6c,0x6f,0x72,0x20,0x3a,0x20,0x76,
    0x65,0x63,0x34,0x66,0x2c,0x0a,0x20,0x20,0x2f,0x2a,0x20,0x40,0x6f,0x66,0x66,0x73,
    0x65,0x74,0x28,0x31,0x36,0x29,0x20,0x2a,0x2f,0x0a,0x20,0x20,0x72,0x65,0x73,0x6f,
    0x6c,0x75,0x74,0x69,0x6f,0x6e,0x20,0x3a,0x20,0x76,0x65,0x63,0x34,0x66,0x2c,0x0a,
    0x20,0x20,0x2f,0x2a,0x20,0x40,0x6f,0x66,0x66,0x73,0x65,0x74,0x28,0x33,0x32,0x29,
    0x20,0x2a,0x2f,0x0a,0x20,0x20,0x74,0x65,0x78,0x65,0x6c,0x20,0x3a,0x20,0x76,0x65,
    0x63,0x34,0x66,0x2c,0x0a,0x20,0x20,0x2f,0x2a,0x20,0x40,0x6f,0x66,0x66,0x73,0x65,
    0x74,0x28,0x34,0x38,0x29,0x20,0x2a,0x2f,0x0a,0x20,0x20,0x6f,0x70,0x74,0x69,0x6f,
    0x6e,0x73,0x20,0x3a,0x20,0x76,0x65,0x63,0x34,0x66,0x2c,0x0a,0x7d,0x0a,0x0a,0x76,
    0x61,0x72,0x3c,0x70,0x72,0x69,0x76,0x61,0x74,0x65,0x3e,0x20,0x75,0x76,0x20,0x3a,
    0x20,0x76,0x65,0x63,0x32,0x66,0x3b,0x0a,0x0a,0x40,0x62,0x69,0x6e,0x64,0x69,0x6e,
    0x67,0x28,0x30,0x29,0x20,0x40,0x67,0x72,0x6f,0x75,0x70,0x28,0x30,0x29,0x20,0x76,
    0x61,0x72,0x3c,0x75,0x6e,0x69,0x66,0x6f,0x72,0x6d,0x3e,0x20,0x78,0x5f,0x33,0x32,
    0x20,0x3a,0x20,0x70,0x68,0x79,0x73,0x61,0x72,0x75,0x6d,0x5f,0x70,0x61,0x72,0x61,
    0x6d,0x73,0x3b,0x0a,0x0a,0x76,0x61,0x72,0x3c,0x70,0x72,0x69,0x76,0x61,0x74,0x65,
    0x3e,0x20,0x66,0x72,0x61,0x67,0x5f,0x63,0x6f,0x6c,0x6f,0x72,0x20,0x3a,0x20,0x76,
    0x65,0x63,0x34,0x66,0x3b,0x0a,0x0a,0x66,0x6e,0x20,0x70,0x68,0x79,0x73,0x61,0x72,
    0x75,0x6d,0x5f,0x61,0x67,0x65,0x5f,0x68,0x61,0x73,0x68,0x5f,0x76,0x66,0x32,0x5f,
    0x28,0x70,0x20,0x3a,0x20,0x70,0x74,0x72,0x3c,0x66,0x75,0x6e,0x63,0x74,0x69,0x6f,
    0x6e,0x2c,0x20,0x76,0x65,0x63,0x32,0x66,0x3e,0x29,0x20,0x2d,0x3e,0x20,0x66,0x33,
    0x32,0x20,0x7b,0x0a,0x20,0x20,0x6c,0x65,0x74,0x20,0x78,0x5f,0x31,0x33,0x20,0x3d,
    0x20,0x2a,0x28,0x70,0x29,0x3b,0x0a,0x20,0x20,0x72,0x65,0x74,0x75,0x72,0x6e,0x20,
    0x66,0x72,0x61,0x63,0x74,0x28,0x28,0x73,0x69,0x6e,0x28,0x64,0x6f,0x74,0x28,0x78,
    0x5f,0x31,0x33,0x2c,0x20,0x76,0x65,0x63,0x32,0x66,0x28,0x31,0x32,0x37,0x2e,0x30,
    0x39,0x39,0x39,0x39,0x38,0x34,0x37,0x34,0x31,0x32,0x31,0x30,0x39,0x33,0x37,0x35,
    0x66,0x2c,0x20,0x33,0x31,0x31,0x2e,0x37,0x30,0x30,0x30,0x31,0x32,0x32,0x30,0x37,
    0x30,0x33,0x31,0x32,0x35,0x66,0x29,0x29,0x29,0x20,0x2a,0x20,0x34,0x33,0x37,0x35,
    0x38,0x2e,0x35,0x34,0x36,0x38,0x37,0x35,0x66,0x29,0x29,0x3b,0x0a,0x7d,0x0a,0x0a,
    0x66,0x6e,0x20,0x6d,0x61,0x69,0x6e,0x5f,0x31,0x28,0x29,0x20,0x7b,0x0a,0x20,0x20,
    0x76,0x61,0x72,0x20,0x61,0x67,0x65,0x20,0x3a,0x20,0x66,0x33,0x32,0x3b,0x0a,0x20,
    0x20,0x76,0x61,0x72,0x20,0x70,0x61,0x72,0x61,0x6d,0x20,0x3a,0x20,0x76,0x65,0x63,
    0x32,0x66,0x3b,0x0a,0x20,0x20,0x70,0x61,0x72,0x61,0x6d,0x20,0x3d,0x20,0x28,0x75,
    0x76,0x20,0x2b,0x20,0x78,0x5f,0x33,0x32,0x2e,0x6f,0x70,0x74,0x69,0x6f,0x6e,0x73,
    0x2e,0x7a,0x77,0x29,0x3b,0x0a,0x20,0x20,0x6c,0x65,0x74,0x20,0x78,0x5f,0x34,0x31,
    0x20,0x3d,0x20,0x70,0x68,0x79,0x73,0x61,0x72,0x75,0x6d,0x5f,0x61,0x67,0x65,0x5f,
    0x68,0x61,0x73,0x68,0x5f,0x76,0x66,0x32,0x5f,0x28,0x26,0x28,0x70,0x61,0x72,0x61,
    0x6d,0x29,0x29,0x3b,0x0a,0x20,0x20,0x61,0x67,0x65,0x20,0x3d,0x20,0x28,0x78,0x5f,
    0x34,0x31,0x20,0x2a,0x20,0x6d,0x61,0x78,0x28,0x78,0x5f,0x33,0x32,0x2e,0x6f,0x70,
    0x74,0x69,0x6f,0x6e,0x73,0x2e,0x78,0x2c,0x20,0x31,0x2e,0x30,0x66,0x29,0x29,0x3b,
    0x0a,0x20,0x20,0x66,0x72,0x61,0x67,0x5f,0x63,0x6f,0x6c,0x6f,0x72,0x20,0x3d,0x20,
    0x76,0x65,0x63,0x34,0x66,0x28,0x61,0x67,0x65,0x2c,0x20,0x30,0x2e,0x30,0x66,0x2c,
    0x20,0x30,0x2e,0x30,0x66,0x2c,0x20,0x31,0x2e,0x30,0x66,0x29,0x3b,0x0a,0x20,0x20,
    0x72,0x65,0x74,0x75,0x72,0x6e,0x3b,0x0a,0x7d,0x0a,0x0a,0x73,0x74,0x72,0x75,0x63,
    0x74,0x20,0x6d,0x61,0x69,0x6e,0x5f,0x6f,0x75,0x74,0x20,0x7b,0x0a,0x20,0x20,0x40,
    0x6c,0x6f,0x63,0x61,0x74,0x69,0x6f,0x6e,0x28,0x30,0x29,0x0a,0x20,0x20,0x66,0x72,
    0x61,0x67,0x5f,0x63,0x6f,0x6c,0x6f,0x72,0x5f,0x31,0x20,0x3a,0x20,0x76,0x65,0x63,
    0x34,0x66,0x2c,0x0a,0x7d,0x0a,0x0a,0x40,0x66,0x72,0x61,0x67,0x6d,0x65,0x6e,0x74,
    0x0a,0x66,0x6e,0x20,0x6d,0x61,0x69,0x6e,0x28,0x40,0x6c,0x6f,0x63,0x61,0x74,0x69,
    0x6f,0x6e,0x28,0x30,0x29,0x20,0x75,0x76,0x5f,0x70,0x61,0x72,0x61,0x6d,0x20,0x3a,
    0x20,0x76,0x65,0x63,0x32,0x66,0x29,0x20,0x2d,0x3e,0x20,0x6d,0x61,0x69,0x6e,0x5f,
    0x6f,0x75,0x74,0x20,0x7b,0x0a,0x20,0x20,0x75,0x76,0x20,0x3d,0x20,0x75,0x76,0x5f,
    0x70,0x61,0x72,0x61,0x6d,0x3b,0x0a,0x20,0x20,0x6d,0x61,0x69,0x6e,0x5f,0x31,0x28,
    0x29,0x3b,0x0a,0x20,0x20,0x72,0x65,0x74,0x75,0x72,0x6e,0x20,0x6d,0x61,0x69,0x6e,
    0x5f,0x6f,0x75,0x74,0x28,0x66,0x72,0x61,0x67,0x5f,0x63,0x6f,0x6c,0x6f,0x72,0x29,
    0x3b,0x0a,0x7d,0x0a,0x00,
};
/*
    diagnostic(off, derivative_uniformity);

    struct physarum_params {
      /_ @offset(0) _/
      color : vec4f,
      /_ @offset(16) _/
      resolution : vec4f,
      /_ @offset(32) _/
      texel : vec4f,
      /_ @offset(48) _/
      options : vec4f,
    }

    @binding(0) @group(0) var<uniform> x_12 : physarum_params;

    @binding(0) @group(1) var physarumAgeUpdateTex : texture_2d<f32>;

    @binding(32) @group(1) var physarumAgeUpdateSmp : sampler;

    var<private> uv : vec2f;

    var<private> frag_color : vec4f;

    fn main_1() {
      var lifetime : f32;
      var age : f32;
      lifetime = max(x_12.options.x, 1.0f);
      let x_36 = uv;
      let x_37 = textureSample(physarumAgeUpdateTex, physarumAgeUpdateSmp, x_36);
      age = (x_37.x + max(x_12.options.y, 0.0f));
      frag_color = vec4f(select(age, 0.0f, (age >= lifetime)), 0.0f, 0.0f, 1.0f);
      return;
    }

    struct main_out {
      @location(0)
      frag_color_1 : vec4f,
    }

    @fragment
    fn main(@location(0) uv_param : vec2f) -> main_out {
      uv = uv_param;
      main_1();
      return main_out(frag_color);
    }
*/
static const uint8_t fs_physarum_age_update_source_wgsl[981] = {
    0x64,0x69,0x61,0x67,0x6e,0x6f,0x73,0x74,0x69,0x63,0x28,0x6f,0x66,0x66,0x2c,0x20,
    0x64,0x65,0x72,0x69,0x76,0x61,0x74,0x69,0x76,0x65,0x5f,0x75,0x6e,0x69,0x66,0x6f,
    0x72,0x6d,0x69,0x74,0x79,0x29,0x3b,0x0a,0x0a,0x73,0x74,0x72,0x75,0x63,0x74,0x20,
    0x70,0x68,0x79,0x73,0x61,0x72,0x75,0x6d,0x5f,0x70,0x61,0x72,0x61,0x6d,0x73,0x20,
    0x7b,0x0a,0x20,0x20,0x2f,0x2a,0x20,0x40,0x6f,0x66,0x66,0x73,0x65,0x74,0x28,0x30,
    0x29,0x20,0x2a,0x2f,0x0a,0x20,0x20,0x63,0x6f,0x6c,0x6f,0x72,0x20,0x3a,0x20,0x76,
    0x65,0x63,0x34,0x66,0x2c,0x0a,0x20,0x20,0x2f,0x2a,0x20,0x40,0x6f,0x66,0x66,0x73,
    0x65,0x74,0x28,0x31,0x36,0x29,0x20,0x2a,0x2f,0x0a,0x20,0x20,0x72,0x65,0x73,0x6f,
    0x6c,0x75,0x74,0x69,0x6f,0x6e,0x20,0x3a,0x20,0x76,0x65,0x63,0x34,0x66,0x2c,0x0a,
    0x20,0x20,0x2f,0x2a,0x20,0x40,0x6f,0x66,0x66,0x73,0x65,0x74,0x28,0x33,0x32,0x29,
    0x20,0x2a,0x2f,0x0a,0x20,0x20,0x74,0x65,0x78,0x65,0x6c,0x20,0x3a,0x20,0x76,0x65,
    0x63,0x34,0x66,0x2c,0x0a,0x20,0x20,0x2f,0x2a,0x20,0x40,0x6f,0x66,0x66,0x73,0x65,
    0x74,0x28,0x34,0x38,0x29,0x20,0x2a,0x2f,0x0a,0x20,0x20,0x6f,0x70,0x74,0x69,0x6f,
    0x6e,0x73,0x20,0x3a,0x20,0x76,0x65,0x63,0x34,0x66,0x2c,0x0a,0x7d,0x0a,0x0a,0x40,
    0x62,0x69,0x6e,0x64,0x69,0x6e,0x67,0x28,0x30,0x29,0x20,0x40,0x67,0x72,0x6f,0x75,
    0x70,0x28,0x30,0x29,0x20,0x76,0x61,0x72,0x3c,0x75,0x6e,0x69,0x66,0x6f,0x72,0x6d,
    0x3e,0x20,0x78,0x5f,0x31,0x32,0x20,0x3a,0x20,0x70,0x68,0x79,0x73,0x61,0x72,0x75,
    0x6d,0x5f,0x70,0x61,0x72,0x61,0x6d,0x73,0x3b,0x0a,0x0a,0x40,0x62,0x69,0x6e,0x64,
    0x69,0x6e,0x67,0x28,0x30,0x29,0x20,0x40,0x67,0x72,0x6f,0x75,0x70,0x28,0x31,0x29,
    0x20,0x76,0x61,0x72,0x20,0x70,0x68,0x79,0x73,0x61,0x72,0x75,0x6d,0x41,0x67,0x65,
    0x55,0x70,0x64,0x61,0x74,0x65,0x54,0x65,0x78,0x20,0x3a,0x20,0x74,0x65,0x78,0x74,
    0x75,0x72,0x65,0x5f,0x32,0x64,0x3c,0x66,0x33,0x32,0x3e,0x3b,0x0a,0x0a,0x40,0x62,
    0x69,0x6e,0x64,0x69,0x6e,0x67,0x28,0x33,0x32,0x29,0x20,0x40,0x67,0x72,0x6f,0x75,
    0x70,0x28,0x31,0x29,0x20,0x76,0x61,0x72,0x20,0x70,0x68,0x79,0x73,0x61,0x72,0x75,
    0x6d,0x41,0x67,0x65,0x55,0x70,0x64,0x61,0x74,0x65,0x53,0x6d,0x70,0x20,0x3a,0x20,
    0x73,0x61,0x6d,0x70,0x6c,0x65,0x72,0x3b,0x0a,0x0a,0x76,0x61,0x72,0x3c,0x70,0x72,
    0x69,0x76,0x61,0x74,0x65,0x3e,0x20,0x75,0x76,0x20,0x3a,0x20,0x76,0x65,0x63,0x32,
    0x66,0x3b,0x0a,0x0a,0x76,0x61,0x72,0x3c,0x70,0x72,0x69,0x76,0x61,0x74,0x65,0x3e,
    0x20,0x66,0x72,0x61,0x67,0x5f,0x63,0x6f,0x6c,0x6f,0x72,0x20,0x3a,0x20,0x76,0x65,
    0x63,0x34,0x66,0x3b,0x0a,0x0a,0x66,0x6e,0x20,0x6d,0x61,0x69,0x6e,0x5f,0x31,0x28,
    0x29,0x20,0x7b,0x0a,0x20,0x20,0x76,0x61,0x72,0x20,0x6c,0x69,0x66,0x65,0x74,0x69,
    0x6d,0x65,0x20,0x3a,0x20,0x66,0x33,0x32,0x3b,0x0a,0x20,0x20,0x76,0x61,0x72,0x20,
    0x61,0x67,0x65,0x20,0x3a,0x20,0x66,0x33,0x32,0x3b,0x0a,0x20,0x20,0x6c,0x69,0x66,
    0x65,0x74,0x69,0x6d,0x65,0x20,0x3d,0x20,0x6d,0x61,0x78,0x28,0x78,0x5f,0x31,0x32,
    0x2e,0x6f,0x70,0x74,0x69,0x6f,0x6e,0x73,0x2e,0x78,0x2c,0x20,0x31,0x2e,0x30,0x66,
    0x29,0x3b,0x0a,0x20,0x20,0x6c,0x65,0x74,0x20,0x78,0x5f,0x33,0x36,0x20,0x3d,0x20,
    0x75,0x76,0x3b,0x0a,0x20,0x20,0x6c,0x65,0x74,0x20,0x78,0x5f,0x33,0x37,0x20,0x3d,
    0x20,0x74,0x65,0x78,0x74,0x75,0x72,0x65,0x53,0x61,0x6d,0x70,0x6c,0x65,0x28,0x70,
    0x68,0x79,0x73,0x61,0x72,0x75,0x6d,0x41,0x67,0x65,0x55,0x70,0x64,0x61,0x74,0x65,
    0x54,0x65,0x78,0x2c,0x20,0x70,0x68,0x79,0x73,0x61,0x72,0x75,0x6d,0x41,0x67,0x65,
    0x55,0x70,0x64,0x61,0x74,0x65,0x53,0x6d,0x70,0x2c,0x20,0x78,0x5f,0x33,0x36,0x29,
    0x3b,0x0a,0x20,0x20,0x61,0x67,0x65,0x20,0x3d,0x20,0x28,0x78,0x5f,0x33,0x37,0x2e,
    0x78,0x20,0x2b,0x20,0x6d,0x61,0x78,0x28,0x78,0x5f,0x31,0x32,0x2e,0x6f,0x70,0x74,
    0x69,0x6f,0x6e,0x73,0x2e,0x79,0x2c,0x20,0x30,0x2e,0x30,0x66,0x29,0x29,0x3b,0x0a,
    0x20,0x20,0x66,0x72,0x61,0x67,0x5f,0x63,0x6f,0x6c,0x6f,0x72,0x20,0x3d,0x20,0x76,
    0x65,0x63,0x34,0x66,0x28,0x73,0x65,0x6c,0x65,0x63,0x74,0x28,0x61,0x67,0x65,0x2c,
    0x20,0x30,0x2e,0x30,0x66,0x2c,0x20,0x28,0x61,0x67,0x65,0x20,0x3e,0x3d,0x20,0x6c,
    0x69,0x66,0x65,0x74,0x69,0x6d,0x65,0x29,0x29,0x2c,0x20,0x30,0x2e,0x30,0x66,0x2c,
    0x20,0x30,0x2e,0x30,0x66,0x2c,0x20,0x31,0x2e,0x30,0x66,0x29,0x3b,0x0a,0x20,0x20,
    0x72,0x65,0x74,0x75,0x72,0x6e,0x3b,0x0a,0x7d,0x0a,0x0a,0x73,0x74,0x72,0x75,0x63,
    0x74,0x20,0x6d,0x61,0x69,0x6e,0x5f,0x6f,0x75,0x74,0x20,0x7b,0x0a,0x20,0x20,0x40,
    0x6c,0x6f,0x63,0x61,0x74,0x69,0x6f,0x6e,0x28,0x30,0x29,0x0a,0x20,0x20,0x66,0x72,
    0x61,0x67,0x5f,0x63,0x6f,0x6c,0x6f,0x72,0x5f,0x31,0x20,0x3a,0x20,0x76,0x65,0x63,
    0x34,0x66,0x2c,0x0a,0x7d,0x0a,0x0a,0x40,0x66,0x72,0x61,0x67,0x6d,0x65,0x6e,0x74,
    0x0a,0x66,0x6e,0x20,0x6d,0x61,0x69,0x6e,0x28,0x40,0x6c,0x6f,0x63,0x61,0x74,0x69,
    0x6f,0x6e,0x28,0x30,0x29,0x20,0x75,0x76,0x5f,0x70,0x61,0x72,0x61,0x6d,0x20,0x3a,
    0x20,0x76,0x65,0x63,0x32,0x66,0x29,0x20,0x2d,0x3e,0x20,0x6d,0x61,0x69,0x6e,0x5f,
    0x6f,0x75,0x74,0x20,0x7b,0x0a,0x20,0x20,0x75,0x76,0x20,0x3d,0x20,0x75,0x76,0x5f,
    0x70,0x61,0x72,0x61,0x6d,0x3b,0x0a,0x20,0x20,0x6d,0x61,0x69,0x6e,0x5f,0x31,0x28,
    0x29,0x3b,0x0a,0x20,0x20,0x72,0x65,0x74,0x75,0x72,0x6e,0x20,0x6d,0x61,0x69,0x6e,
    0x5f,0x6f,0x75,0x74,0x28,0x66,0x72,0x61,0x67,0x5f,0x63,0x6f,0x6c,0x6f,0x72,0x29,
    0x3b,0x0a,0x7d,0x0a,0x00,
};
/*
    diagnostic(off, derivative_uniformity);

    struct physarum_params {
      /_ @offset(0) _/
      color : vec4f,
      /_ @offset(16) _/
      resolution : vec4f,
      /_ @offset(32) _/
      texel : vec4f,
      /_ @offset(48) _/
      options : vec4f,
    }

    @binding(0) @group(0) var<uniform> x_13 : physarum_params;

    @binding(0) @group(1) var physarumStateTex : texture_2d<f32>;

    @binding(32) @group(1) var physarumStateSmp : sampler;

    var<private> uv : vec2f;

    @binding(1) @group(1) var physarumVelocityTex : texture_2d<f32>;

    @binding(33) @group(1) var physarumVelocitySmp : sampler;

    @binding(2) @group(1) var physarumAgeTex : texture_2d<f32>;

    @binding(34) @group(1) var physarumAgeSmp : sampler;

    var<private> frag_color : vec4f;

    @binding(3) @group(1) var physarumInitialTex : texture_2d<f32>;

    @binding(35) @group(1) var physarumInitialSmp : sampler;

    fn main_1() {
      var canvas : vec2f;
      var stepScale : f32;
      var maxStep : f32;
      var state : vec4f;
      var absolute : vec2f;
      var displacement : vec2f;
      var position_1 : vec2f;
      var velocity1 : vec2f;
      var halfStep : vec2f;
      var halfLen : f32;
      var velocity2 : vec2f;
      var stepPx : vec2f;
      var stepLen : f32;
      var shouldMerge : f32;
      var advected : vec4f;
      var age : f32;
      var shouldReset : f32;
      canvas = max(x_13.options.yz, vec2f(1.0f));
      stepScale = max(x_13.options.x, 0.0f);
      maxStep = max(x_13.options.w, 0.25f);
      let x_52 = uv;
      let x_53 = textureSample(physarumStateTex, physarumStateSmp, x_52);
      state = x_53;
      absolute = state.xy;
      displacement = state.zw;
      position_1 = (absolute + displacement);
      let x_70 = position_1;
      let x_71 = canvas;
      let x_74 = textureSample(physarumVelocityTex, physarumVelocitySmp, fract((x_70 / x_71)));
      velocity1 = x_74.xy;
      halfStep = ((velocity1 * stepScale) * 0.5f);
      halfLen = length(halfStep);
      if ((halfLen > (maxStep * 0.5f))) {
        halfStep = (halfStep * ((maxStep * 0.5f) / halfLen));
      }
      let x_102 = position_1;
      let x_103 = halfStep;
      let x_105 = canvas;
      let x_108 = textureSample(physarumVelocityTex, physarumVelocitySmp, fract(((x_102 + x_103) / x_105)));
      velocity2 = x_108.xy;
      stepPx = (velocity2 * stepScale);
      stepLen = length(stepPx);
      if ((stepLen > maxStep)) {
        stepPx = (stepPx * (maxStep / stepLen));
      }
      displacement = (displacement + stepPx);
      shouldMerge = step(20.0f, dot(displacement, displacement));
      absolute = (((absolute + (displacement * shouldMerge)) + canvas) - (canvas * floor((((absolute + (displacement * shouldMerge)) + canvas) / canvas))));
      displacement = (displacement * (1.0f - shouldMerge));
      advected = vec4f(absolute.x, absolute.y, displacement.x, displacement.y);
      let x_163 = uv;
      let x_164 = textureSample(physarumAgeTex, physarumAgeSmp, x_163);
      age = x_164.x;
      shouldReset = (1.0f - step(0.5f, age));
      let x_172 = advected;
      let x_178 = uv;
      let x_179 = textureSample(physarumInitialTex, physarumInitialSmp, x_178);
      frag_color = mix(x_172, x_179, vec4f(shouldReset));
      return;
    }

    struct main_out {
      @location(0)
      frag_color_1 : vec4f,
    }

    @fragment
    fn main(@location(0) uv_param : vec2f) -> main_out {
      uv = uv_param;
      main_1();
      return main_out(frag_color);
    }
*/
static const uint8_t fs_physarum_update_source_wgsl[3141] = {
    0x64,0x69,0x61,0x67,0x6e,0x6f,0x73,0x74,0x69,0x63,0x28,0x6f,0x66,0x66,0x2c,0x20,
    0x64,0x65,0x72,0x69,0x76,0x61,0x74,0x69,0x76,0x65,0x5f,0x75,0x6e,0x69,0x66,0x6f,
    0x72,0x6d,0x69,0x74,0x79,0x29,0x3b,0x0a,0x0a,0x73,0x74,0x72,0x75,0x63,0x74,0x20,
    0x70,0x68,0x79,0x73,0x61,0x72,0x75,0x6d,0x5f,0x70,0x61,0x72,0x61,0x6d,0x73,0x20,
    0x7b,0x0a,0x20,0x20,0x2f,0x2a,0x20,0x40,0x6f,0x66,0x66,0x73,0x65,0x74,0x28,0x30,
    0x29,0x20,0x2a,0x2f,0x0a,0x20,0x20,0x63,0x6f,0x6c,0x6f,0x72,0x20,0x3a,0x20,0x76,
    0x65,0x63,0x34,0x66,0x2c,0x0a,0x20,0x20,0x2f,0x2a,0x20,0x40,0x6f,0x66,0x66,0x73,
    0x65,0x74,0x28,0x31,0x36,0x29,0x20,0x2a,0x2f,0x0a,0x20,0x20,0x72,0x65,0x73,0x6f,
    0x6c,0x75,0x74,0x69,0x6f,0x6e,0x20,0x3a,0x20,0x76,0x65,0x63,0x34,0x66,0x2c,0x0a,
    0x20,0x20,0x2f,0x2a,0x20,0x40,0x6f,0x66,0x66,0x73,0x65,0x74,0x28,0x33,0x32,0x29,
    0x20,0x2a,0x2f,0x0a,0x20,0x20,0x74,0x65,0x78,0x65,0x6c,0x20,0x3a,0x20,0x76,0x65,
    0x63,0x34,0x66,0x2c,0x0a,0x20,0x20,0x2f,0x2a,0x20,0x40,0x6f,0x66,0x66,0x73,0x65,
    0x74,0x28,0x34,0x38,0x29,0x20,0x2a,0x2f,0x0a,0x20,0x20,0x6f,0x70,0x74,0x69,0x6f,
    0x6e,0x73,0x20,0x3a,0x20,0x76,0x65,0x63,0x34,0x66,0x2c,0x0a,0x7d,0x0a,0x0a,0x40,
    0x62,0x69,0x6e,0x64,0x69,0x6e,0x67,0x28,0x30,0x29,0x20,0x40,0x67,0x72,0x6f,0x75,
    0x70,0x28,0x30,0x29,0x20,0x76,0x61,0x72,0x3c,0x75,0x6e,0x69,0x66,0x6f,0x72,0x6d,
    0x3e,0x20,0x78,0x5f,0x31,0x33,0x20,0x3a,0x20,0x70,0x68,0x79,0x73,0x61,0x72,0x75,
    0x6d,0x5f,0x70,0x61,0x72,0x61,0x6d,0x73,0x3b,0x0a,0x0a,0x40,0x62,0x69,0x6e,0x64,
    0x69,0x6e,0x67,0x28,0x30,0x29,0x20,0x40,0x67,0x72,0x6f,0x75,0x70,0x28,0x31,0x29,
    0x20,0x76,0x61,0x72,0x20,0x70,0x68,0x79,0x73,0x61,0x72,0x75,0x6d,0x53,0x74,0x61,
    0x74,0x65,0x54,0x65,0x78,0x20,0x3a,0x20,0x74,0x65,0x78,0x74,0x75,0x72,0x65,0x5f,
    0x32,0x64,0x3c,0x66,0x33,0x32,0x3e,0x3b,0x0a,0x0a,0x40,0x62,0x69,0x6e,0x64,0x69,
    0x6e,0x67,0x28,0x33,0x32,0x29,0x20,0x40,0x67,0x72,0x6f,0x75,0x70,0x28,0x31,0x29,
    0x20,0x76,0x61,0x72,0x20,0x70,0x68,0x79,0x73,0x61,0x72,0x75,0x6d,0x53,0x74,0x61,
    0x74,0x65,0x53,0x6d,0x70,0x20,0x3a,0x20,0x73,0x61,0x6d,0x70,0x6c,0x65,0x72,0x3b,
    0x0a,0x0a,0x76,0x61,0x72,0x3c,0x70,0x72,0x69,0x76,0x61,0x74,0x65,0x3e,0x20,0x75,
    0x76,0x20,0x3a,0x20,0x76,0x65,0x63,0x32,0x66,0x3b,0x0a,0x0a,0x40,0x62,0x69,0x6e,
    0x64,0x69,0x6e,0x67,0x28,0x31,0x29,0x20,0x40,0x67,0x72,0x6f,0x75,0x70,0x28,0x31,
    0x29,0x20,0x76,0x61,0x72,0x20,0x70,0x68,0x79,0x73,0x61,0x72,0x75,0x6d,0x56,0x65,
    0x6c,0x6f,0x63,0x69,0x74,0x79,0x54,0x65,0x78,0x20,0x3a,0x20,0x74,0x65,0x78,0x74,
    0x75,0x72,0x65,0x5f,0x32,0x64,0x3c,0x66,0x33,0x32,0x3e,0x3b,0x0a,0x0a,0x40,0x62,
    0x69,0x6e,0x64,0x69,0x6e,0x67,0x28,0x33,0x33,0x29,0x20,0x40,0x67,0x72,0x6f,0x75,
    0x70,0x28,0x31,0x29,0x20,0x76,0x61,0x72,0x20,0x70,0x68,0x79,0x73,0x61,0x72,0x75,
    0x6d,0x56,0x65,0x6c,0x6f,0x63,0x69,0x74,0x79,0x53,0x6d,0x70,0x20,0x3a,0x20,0x73,
    0x61,0x6d,0x70,0x6c,0x65,0x72,0x3b,0x0a,0x0a,0x40,0x62,0x69,0x6e,0x64,0x69,0x6e,
    0x67,0x28,0x32,0x29,0x20,0x40,0x67,0x72,0x6f,0x75,0x70,0x28,0x31,0x29,0x20,0x76,
    0x61,0x72,0x20,0x70,0x68,0x79,0x73,0x61,0x72,0x75,0x6d,0x41,0x67,0x65,0x54,0x65,
    0x78,0x20,0x3a,0x20,0x74,0x65,0x78,0x74,0x75,0x72,0x65,0x5f,0x32,0x64,0x3c,0x66,
    0x33,0x32,0x3e,0x3b,0x0a,0x0a,0x40,0x62,0x69,0x6e,0x64,0x69,0x6e,0x67,0x28,0x33,
    0x34,0x29,0x20,0x40,0x67,0x72,0x6f,0x75,0x70,0x28,0x31,0x29,0x20,0x76,0x61,0x72,
    0x20,0x70,0x68,0x79,0x73,0x61,0x72,0x75,0x6d,0x41,0x67,0x65,0x53,0x6d,0x70,0x20,
    0x3a,0x20,0x73,0x61,0x6d,0x70,0x6c,0x65,0x72,0x3b,0x0a,0x0a,0x76,0x61,0x72,0x3c,
    0x70,0x72,0x69,0x76,0x61,0x74,0x65,0x3e,0x20,0x66,0x72,0x61,0x67,0x5f,0x63,0x6f,
    0x6c,0x6f,0x72,0x20,0x3a,0x20,0x76,0x65,0x63,0x34,0x66,0x3b,0x0a,0x0a,0x40,0x62,
    0x69,0x6e,0x64,0x69,0x6e,0x67,0x28,0x33,0x29,0x20,0x40,0x67,0x72,0x6f,0x75,0x70,
    0x28,0x31,0x29,0x20,0x76,0x61,0x72,0x20,0x70,0x68,0x79,0x73,0x61,0x72,0x75,0x6d,
    0x49,0x6e,0x69,0x74,0x69,0x61,0x6c,0x54,0x65,0x78,0x20,0x3a,0x20,0x74,0x65,0x78,
    0x74,0x75,0x72,0x65,0x5f,0x32,0x64,0x3c,0x66,0x33,0x32,0x3e,0x3b,0x0a,0x0a,0x40,
    0x62,0x69,0x6e,0x64,0x69,0x6e,0x67,0x28,0x33,0x35,0x29,0x20,0x40,0x67,0x72,0x6f,
    0x75,0x70,0x28,0x31,0x29,0x20,0x76,0x61,0x72,0x20,0x70,0x68,0x79,0x73,0x61,0x72,
    0x75,0x6d,0x49,0x6e,0x69,0x74,0x69,0x61,0x6c,0x53,0x6d,0x70,0x20,0x3a,0x20,0x73,
    0x61,0x6d,0x70,0x6c,0x65,0x72,0x3b,0x0a,0x0a,0x66,0x6e,0x20,0x6d,0x61,0x69,0x6e,
    0x5f,0x31,0x28,0x29,0x20,0x7b,0x0a,0x20,0x20,0x76,0x61,0x72,0x20,0x63,0x61,0x6e,
    0x76,0x61,0x73,0x20,0x3a,0x20,0x76,0x65,0x63,0x32,0x66,0x3b,0x0a,0x20,0x20,0x76,
    0x61,0x72,0x20,0x73,0x74,0x65,0x70,0x53,0x63,0x61,0x6c,0x65,0x20,0x3a,0x20,0x66,
    0x33,0x32,0x3b,0x0a,0x20,0x20,0x76,0x61,0x72,0x20,0x6d,0x61,0x78,0x53,0x74,0x65,
    0x70,0x20,0x3a,0x20,0x66,0x33,0x32,0x3b,0x0a,0x20,0x20,0x76,0x61,0x72,0x20,0x73,
    0x74,0x61,0x74,0x65,0x20,0x3a,0x20,0x76,0x65,0x63,0x34,0x66,0x3b,0x0a,0x20,0x20,
    0x76,0x61,0x72,0x20,0x61,0x62,0x73,0x6f,0x6c,0x75,0x74,0x65,0x20,0x3a,0x20,0x76,
    0x65,0x63,0x32,0x66,0x3b,0x0a,0x20,0x20,0x76,0x61,0x72,0x20,0x64,0x69,0x73,0x70,
    0x6c,0x61,0x63,0x65,0x6d,0x65,0x6e,0x74,0x20,0x3a,0x20,0x76,0x65,0x63,0x32,0x66,
    0x3b,0x0a,0x20,0x20,0x76,0x61,0x72,0x20,0x70,0x6f,0x73,0x69,0x74,0x69,0x6f,0x6e,
    0x5f,0x31,0x20,0x3a,0x20,0x76,0x65,0x63,0x32,0x66,0x3b,0x0a,0x20,0x20,0x76,0x61,
    0x72,0x20,0x76,0x65,0x6c,0x6f,0x63,0x69,0x74,0x79,0x31,0x20,0x3a,0x20,0x76,0x65,
    0x63,0x32,0x66,0x3b,0x0a,0x20,0x20,0x76,0x61,0x72,0x20,0x68,0x61,0x6c,0x66,0x53,
    0x74,0x65,0x70,0x20,0x3a,0x20,0x76,0x65,0x63,0x32,0x66,0x3b,0x0a,0x20,0x20,0x76,
    0x61,0x72,0x20,0x68,0x61,0x6c,0x66,0x4c,0x65,0x6e,0x20,0x3a,0x20,0x66,0x33,0x32,
    0x3b,0x0a,0x20,0x20,0x76,0x61,0x72,0x20,0x76,0x65,0x6c,0x6f,0x63,0x69,0x74,0x79,
    0x32,0x20,0x3a,0x20,0x76,0x65,0x63,0x32,0x66,0x3b,0x0a,0x20,0x20,0x76,0x61,0x72,
    0x20,0x73,0x74,0x65,0x70,0x50,0x78,0x20,0x3a,0x20,0x76,0x65,0x63,0x32,0x66,0x3b,
    0x0a,0x20,0x20,0x76,0x61,0x72,0x20,0x73,0x74,0x65,0x70,0x4c,0x65,0x6e,0x20,0x3a,
    0x20,0x66,0x33,0x32,0x3b,0x0a,0x20,0x20,0x76,0x61,0x72,0x20,0x73,0x68,0x6f,0x75,
    0x6c,0x64,0x4d,0x65,0x72,0x67,0x65,0x20,0x3a,0x20,0x66,0x33,0x32,0x3b,0x0a,0x20,
    0x20,0x76,0x61,0x72,0x20,0x61,0x64,0x76,0x65,0x63,0x74,0x65,0x64,0x20,0x3a,0x20,
    0x76,0x65,0x63,0x34,0x66,0x3b,0x0a,0x20,0x20,0x76,0x61,0x72,0x20,0x61,0x67,0x65,
    0x20,0x3a,0x20,0x66,0x33,0x32,0x3b,0x0a,0x20,0x20,0x76,0x61,0x72,0x20,0x73,0x68,
    0x6f,0x75,0x6c,0x64,0x52,0x65,0x73,0x65,0x74,0x20,0x3a,0x20,0x66,0x33,0x32,0x3b,
    0x0a,0x20,0x20,0x63,0x61,0x6e,0x76,0x61,0x73,0x20,0x3d,0x20,0x6d,0x61,0x78,0x28,
    0x78,0x5f,0x31,0x33,0x2e,0x6f,0x70,0x74,0x69,0x6f,0x6e,0x73,0x2e,0x79,0x7a,0x2c,
    0x20,0x76,0x65,0x63,0x32,0x66,0x28,0x31,0x2e,0x30,0x66,0x29,0x29,0x3b,0x0a,0x20,
    0x20,0x73,0x74,0x65,0x70,0x53,0x63,0x61,0x6c,0x65,0x20,0x3d,0x20,0x6d,0x61,0x78,
    0x28,0x78,0x5f,0x31,0x33,0x2e,0x6f,0x70,0x74,0x69,0x6f,0x6e,0x73,0x2e,0x78,0x2c,
    0x20,0x30,0x2e,0x30,0x66,0x29,0x3b,0x0a,0x20,0x20,0x6d,0x61,0x78,0x53,0x74,0x65,
    0x70,0x20,0x3d,0x20,0x6d,0x61,0x78,0x28,0x78,0x5f,0x31,0x33,0x2e,0x6f,0x70,0x74,
    0x69,0x6f,0x6e,0x73,0x2e,0x77,0x2c,0x20,0x30,0x2e,0x32,0x35,0x66,0x29,0x3b,0x0a,
    0x20,0x20,0x6c,0x65,0x74,0x20,0x78,0x5f,0x35,0x32,0x20,0x3d,0x20,0x75,0x76,0x3b,
    0x0a,0x20,0x20,0x6c,0x65,0x74,0x20,0x78,0x5f,0x35,0x33,0x20,0x3d,0x20,0x74,0x65,
    0x78,0x74,0x75,0x72,0x65,0x53,0x61,0x6d,0x70,0x6c,0x65,0x28,0x70,0x68,0x79,0x73,
    0x61,0x72,0x75,0x6d,0x53,0x74,0x61,0x74,0x65,0x54,0x65,0x78,0x2c,0x20,0x70,0x68,
    0x79,0x73,0x61,0x72,0x75,0x6d,0x53,0x74,0x61,0x74,0x65,0x53,0x6d,0x70,0x2c,0x20,
    0x78,0x5f,0x35,0x32,0x29,0x3b,0x0a,0x20,0x20,0x73,0x74,0x61,0x74,0x65,0x20,0x3d,
    0x20,0x78,0x5f,0x35,0x33,0x3b,0x0a,0x20,0x20,0x61,0x62,0x73,0x6f,0x6c,0x75,0x74,
    0x65,0x20,0x3d,0x20,0x73,0x74,0x61,0x74,0x65,0x2e,0x78,0x79,0x3b,0x0a,0x20,0x20,
    0x64,0x69,0x73,0x70,0x6c,0x61,0x63,0x65,0x6d,0x65,0x6e,0x74,0x20,0x3d,0x20,0x73,
    0x74,0x61,0x74,0x65,0x2e,0x7a,0x77,0x3b,0x0a,0x20,0x20,0x70,0x6f,0x73,0x69,0x74,
    0x69,0x6f,0x6e,0x5f,0x31,0x20,0x3d,0x20,0x28,0x61,0x62,0x73,0x6f,0x6c,0x75,0x74,
    0x65,0x20,0x2b,0x20,0x64,0x69,0x73,0x70,0x6c,0x61,0x63,0x65,0x6d,0x65,0x6e,0x74,
    0x29,0x3b,0x0a,0x20,0x20,0x6c,0x65,0x74,0x20,0x78,0x5f,0x37,0x30,0x20,0x3d,0x20,
    0x70,0x6f,0x73,0x69,0x74,0x69,0x6f,0x6e,0x5f,0x31,0x3b,0x0a,0x20,0x20,0x6c,0x65,
    0x74,0x20,0x78,0x5f,0x37,0x31,0x20,0x3d,0x20,0x63,0x61,0x6e,0x76,0x61,0x73,0x3b,
    0x0a,0x20,0x20,0x6c,0x65,0x74,0x20,0x78,0x5f,0x37,0x34,0x20,0x3d,0x20,0x74,0x65,
    0x78,0x74,0x75,0x72,0x65,0x53,0x61,0x6d,0x70,0x6c,0x65,0x28,0x70,0x68,0x79,0x73,
    0x61,0x72,0x75,0x6d,0x56,0x65,0x6c,0x6f,0x63,0x69,0x74,0x79,0x54,0x65,0x78,0x2c,
    0x20,0x70,0x68,0x79,0x73,0x61,0x72,0x75,0x6d,0x56,0x65,0x6c,0x6f,0x63,0x69,0x74,
    0x79,0x53,0x6d,0x70,0x2c,0x20,0x66,0x72,0x61,0x63,0x74,0x28,0x28,0x78,0x5f,0x37,
    0x30,0x20,0x2f,0x20,0x78,0x5f,0x37,0x31,0x29,0x29,0x29,0x3b,0x0a,0x20,0x20,0x76,
    0x65,0x6c,0x6f,0x63,0x69,0x74,0x79,0x31,0x20,0x3d,0x20,0x78,0x5f,0x37,0x34,0x2e,
    0x78,0x79,0x3b,0x0a,0x20,0x20,0x68,0x61,0x6c,0x66,0x53,0x74,0x65,0x70,0x20,0x3d,
    0x20,0x28,0x28,0x76,0x65,0x6c,0x6f,0x63,0x69,0x74,0x79,0x31,0x20,0x2a,0x20,0x73,
    0x74,0x65,0x70,0x53,0x63,0x61,0x6c,0x65,0x29,0x20,0x2a,0x20,0x30,0x2e,0x35,0x66,
    0x29,0x3b,0x0a,0x20,0x20,0x68,0x61,0x6c,0x66,0x4c,0x65,0x6e,0x20,0x3d,0x20,0x6c,
    0x65,0x6e,0x67,0x74,0x68,0x28,0x68,0x61,0x6c,0x66,0x53,0x74,0x65,0x70,0x29,0x3b,
    0x0a,0x20,0x20,0x69,0x66,0x20,0x28,0x28,0x68,0x61,0x6c,0x66,0x4c,0x65,0x6e,0x20,
    0x3e,0x20,0x28,0x6d,0x61,0x78,0x53,0x74,0x65,0x70,0x20,0x2a,0x20,0x30,0x2e,0x35,
    0x66,0x29,0x29,0x29,0x20,0x7b,0x0a,0x20,0x20,0x20,0x20,0x68,0x61,0x6c,0x66,0x53,
    0x74,0x65,0x70,0x20,0x3d,0x20,0x28,0x68,0x61,0x6c,0x66,0x53,0x74,0x65,0x70,0x20,
    0x2a,0x20,0x28,0x28,0x6d,0x61,0x78,0x53,0x74,0x65,0x70,0x20,0x2a,0x20,0x30,0x2e,
    0x35,0x66,0x29,0x20,0x2f,0x20,0x68,0x61,0x6c,0x66,0x4c,0x65,0x6e,0x29,0x29,0x3b,
    0x0a,0x20,0x20,0x7d,0x0a,0x20,0x20,0x6c,0x65,0x74,0x20,0x78,0x5f,0x31,0x30,0x32,
    0x20,0x3d,0x20,0x70,0x6f,0x73,0x69,0x74,0x69,0x6f,0x6e,0x5f,0x31,0x3b,0x0a,0x20,
    0x20,0x6c,0x65,0x74,0x20,0x78,0x5f,0x31,0x30,0x33,0x20,0x3d,0x20,0x68,0x61,0x6c,
    0x66,0x53,0x74,0x65,0x70,0x3b,0x0a,0x20,0x20,0x6c,0x65,0x74,0x20,0x78,0x5f,0x31,
    0x30,0x35,0x20,0x3d,0x20,0x63,0x61,0x6e,0x76,0x61,0x73,0x3b,0x0a,0x20,0x20,0x6c,
    0x65,0x74,0x20,0x78,0x5f,0x31,0x30,0x38,0x20,0x3d,0x20,0x74,0x65,0x78,0x74,0x75,
    0x72,0x65,0x53,0x61,0x6d,0x70,0x6c,0x65,0x28,0x70,0x68,0x79,0x73,0x61,0x72,0x75,
    0x6d,0x56,0x65,0x6c,0x6f,0x63,0x69,0x74,0x79,0x54,0x65,0x78,0x2c,0x20,0x70,0x68,
    0x79,0x73,0x61,0x72,0x75,0x6d,0x56,0x65,0x6c,0x6f,0x63,0x69,0x74,0x79,0x53,0x6d,
    0x70,0x2c,0x20,0x66,0x72,0x61,0x63,0x74,0x28,0x28,0x28,0x78,0x5f,0x31,0x30,0x32,
    0x20,0x2b,0x20,0x78,0x5f,0x31,0x30,0x33,0x29,0x20,0x2f,0x20,0x78,0x5f,0x31,0x30,
    0x35,0x29,0x29,0x29,0x3b,0x0a,0x20,0x20,0x76,0x65,0x6c,0x6f,0x63,0x69,0x74,0x79,
    0x32,0x20,0x3d,0x20,0x78,0x5f,0x31,0x30,0x38,0x2e,0x78,0x79,0x3b,0x0a,0x20,0x20,
    0x73,0x74,0x65,0x70,0x50,0x78,0x20,0x3d,0x20,0x28,0x76,0x65,0x6c,0x6f,0x63,0x69,
    0x74,0x79,0x32,0x20,0x2a,0x20,0x73,0x74,0x65,0x70,0x53,0x63,0x61,0x6c,0x65,0x29,
    0x3b,0x0a,0x20,0x20,0x73,0x74,0x65,0x70,0x4c,0x65,0x6e,0x20,0x3d,0x20,0x6c,0x65,
    0x6e,0x67,0x74,0x68,0x28,0x73,0x74,0x65,0x70,0x50,0x78,0x29,0x3b,0x0a,0x20,0x20,
    0x69,0x66,0x20,0x28,0x28,0x73,0x74,0x65,0x70,0x4c,0x65,0x6e,0x20,0x3e,0x20,0x6d,
    0x61,0x78,0x53,0x74,0x65,0x70,0x29,0x29,0x20,0x7b,0x0a,0x20,0x20,0x20,0x20,0x73,
    0x74,0x65,0x70,0x50,0x78,0x20,0x3d,0x20,0x28,0x73,0x74,0x65,0x70,0x50,0x78,0x20,
    0x2a,0x20,0x28,0x6d,0x61,0x78,0x53,0x74,0x65,0x70,0x20,0x2f,0x20,0x73,0x74,0x65,
    0x70,0x4c,0x65,0x6e,0x29,0x29,0x3b,0x0a,0x20,0x20,0x7d,0x0a,0x20,0x20,0x64,0x69,
    0x73,0x70,0x6c,0x61,0x63,0x65,0x6d,0x65,0x6e,0x74,0x20,0x3d,0x20,0x28,0x64,0x69,
    0x73,0x70,0x6c,0x61,0x63,0x65,0x6d,0x65,0x6e,0x74,0x20,0x2b,0x20,0x73,0x74,0x65,
    0x70,0x50,0x78,0x29,0x3b,0x0a,0x20,0x20,0x73,0x68,0x6f,0x75,0x6c,0x64,0x4d,0x65,
    0x72,0x67,0x65,0x20,0x3d,0x20,0x73,0x74,0x65,0x70,0x28,0x32,0x30,0x2e,0x30,0x66,
    0x2c,0x20,0x64,0x6f,0x74,0x28,0x64,0x69,0x73,0x70,0x6c,0x61,0x63,0x65,0x6d,0x65,
    0x6e,0x74,0x2c,0x20,0x64,0x69,0x73,0x70,0x6c,0x61,0x63,0x65,0x6d,0x65,0x6e,0x74,
    0x29,0x29,0x3b,0x0a,0x20,0x20,0x61,0x62,0x73,0x6f,0x6c,0x75,0x74,0x65,0x20,0x3d,
    0x20,0x28,0x28,0x28,0x61,0x62,0x73,0x6f,0x6c,0x75,0x74,0x65,0x20,0x2b,0x20,0x28,
    0x64,0x69,0x73,0x70,0x6c,0x61,0x63,0x65,0x6d,0x65,0x6e,0x74,0x20,0x2a,0x20,0x73,
    0x68,0x6f,0x75,0x6c,0x64,0x4d,0x65,0x72,0x67,0x65,0x29,0x29,0x20,0x2b,0x20,0x63,
    0x61,0x6e,0x76,0x61,0x73,0x29,0x20,0x2d,0x20,0x28,0x63,0x61,0x6e,0x76,0x61,0x73,
    0x20,0x2a,0x20,0x66,0x6c,0x6f,0x6f,0x72,0x28,0x28,0x28,0x28,0x61,0x62,0x73,0x6f,
    0x6c,0x75,0x74,0x65,0x20,0x2b,0x20,0x28,0x64,0x69,0x73,0x70,0x6c,0x61,0x63,0x65,
    0x6d,0x65,0x6e,0x74,0x20,0x2a,0x20,0x73,0x68,0x6f,0x75,0x6c,0x64,0x4d,0x65,0x72,
    0x67,0x65,0x29,0x29,0x20,0x2b,0x20,0x63,0x61,0x6e,0x76,0x61,0x73,0x29,0x20,0x2f,
    0x20,0x63,0x61,0x6e,0x76,0x61,0x73,0x29,0x29,0x29,0x29,0x3b,0x0a,0x20,0x20,0x64,
    0x69,0x73,0x70,0x6c,0x61,0x63,0x65,0x6d,0x65,0x6e,0x74,0x20,0x3d,0x20,0x28,0x64,
    0x69,0x73,0x70,0x6c,0x61,0x63,0x65,0x6d,0x65,0x6e,0x74,0x20,0x2a,0x20,0x28,0x31,
    0x2e,0x30,0x66,0x20,0x2d,0x20,0x73,0x68,0x6f,0x75,0x6c,0x64,0x4d,0x65,0x72,0x67,
    0x65,0x29,0x29,0x3b,0x0a,0x20,0x20,0x61,0x64,0x76,0x65,0x63,0x74,0x65,0x64,0x20,
    0x3d,0x20,0x76,0x65,0x63,0x34,0x66,0x28,0x61,0x62,0x73,0x6f,0x6c,0x75,0x74,0x65,
    0x2e,0x78,0x2c,0x20,0x61,0x62,0x73,0x6f,0x6c,0x75,0x74,0x65,0x2e,0x79,0x2c,0x20,
    0x64,0x69,0x73,0x70,0x6c,0x61,0x63,0x65,0x6d,0x65,0x6e,0x74,0x2e,0x78,0x2c,0x20,
    0x64,0x69,0x73,0x70,0x6c,0x61,0x63,0x65,0x6d,0x65,0x6e,0x74,0x2e,0x79,0x29,0x3b,
    0x0a,0x20,0x20,0x6c,0x65,0x74,0x20,0x78,0x5f,0x31,0x36,0x33,0x20,0x3d,0x20,0x75,
    0x76,0x3b,0x0a,0x20,0x20,0x6c,0x65,0x74,0x20,0x78,0x5f,0x31,0x36,0x34,0x20,0x3d,
    0x20,0x74,0x65,0x78,0x74,0x75,0x72,0x65,0x53,0x61,0x6d,0x70,0x6c,0x65,0x28,0x70,
    0x68,0x79,0x73,0x61,0x72,0x75,0x6d,0x41,0x67,0x65,0x54,0x65,0x78,0x2c,0x20,0x70,
    0x68,0x79,0x73,0x61,0x72,0x75,0x6d,0x41,0x67,0x65,0x53,0x6d,0x70,0x2c,0x20,0x78,
    0x5f,0x31,0x36,0x33,0x29,0x3b,0x0a,0x20,0x20,0x61,0x67,0x65,0x20,0x3d,0x20,0x78,
    0x5f,0x31,0x36,0x34,0x2e,0x78,0x3b,0x0a,0x20,0x20,0x73,0x68,0x6f,0x75,0x6c,0x64,
    0x52,0x65,0x73,0x65,0x74,0x20,0x3d,0x20,0x28,0x31,0x2e,0x30,0x66,0x20,0x2d,0x20,
    0x73,0x74,0x65,0x70,0x28,0x30,0x2e,0x35,0x66,0x2c,0x20,0x61,0x67,0x65,0x29,0x29,
    0x3b,0x0a,0x20,0x20,0x6c,0x65,0x74,0x20,0x78,0x5f,0x31,0x37,0x32,0x20,0x3d,0x20,
    0x61,0x64,0x76,0x65,0x63,0x74,0x65,0x64,0x3b,0x0a,0x20,0x20,0x6c,0x65,0x74,0x20,
    0x78,0x5f,0x31,0x37,0x38,0x20,0x3d,0x20,0x75,0x76,0x3b,0x0a,0x20,0x20,0x6c,0x65,
    0x74,0x20,0x78,0x5f,0x31,0x37,0x39,0x20,0x3d,0x20,0x74,0x65,0x78,0x74,0x75,0x72,
    0x65,0x53,0x61,0x6d,0x70,0x6c,0x65,0x28,0x70,0x68,0x79,0x73,0x61,0x72,0x75,0x6d,
    0x49,0x6e,0x69,0x74,0x69,0x61,0x6c,0x54,0x65,0x78,0x2c,0x20,0x70,0x68,0x79,0x73,
    0x61,0x72,0x75,0x6d,0x49,0x6e,0x69,0x74,0x69,0x61,0x6c,0x53,0x6d,0x70,0x2c,0x20,
    0x78,0x5f,0x31,0x37,0x38,0x29,0x3b,0x0a,0x20,0x20,0x66,0x72,0x61,0x67,0x5f,0x63,
    0x6f,0x6c,0x6f,0x72,0x20,0x3d,0x20,0x6d,0x69,0x78,0x28,0x78,0x5f,0x31,0x37,0x32,
    0x2c,0x20,0x78,0x5f,0x31,0x37,0x39,0x2c,0x20,0x76,0x65,0x63,0x34,0x66,0x28,0x73,
    0x68,0x6f,0x75,0x6c,0x64,0x52,0x65,0x73,0x65,0x74,0x29,0x29,0x3b,0x0a,0x20,0x20,
    0x72,0x65,0x74,0x75,0x72,0x6e,0x3b,0x0a,0x7d,0x0a,0x0a,0x73,0x74,0x72,0x75,0x63,
    0x74,0x20,0x6d,0x61,0x69,0x6e,0x5f,0x6f,0x75,0x74,0x20,0x7b,0x0a,0x20,0x20,0x40,
    0x6c,0x6f,0x63,0x61,0x74,0x69,0x6f,0x6e,0x28,0x30,0x29,0x0a,0x20,0x20,0x66,0x72,
    0x61,0x67,0x5f,0x63,0x6f,0x6c,0x6f,0x72,0x5f,0x31,0x20,0x3a,0x20,0x76,0x65,0x63,
    0x34,0x66,0x2c,0x0a,0x7d,0x0a,0x0a,0x40,0x66,0x72,0x61,0x67,0x6d,0x65,0x6e,0x74,
    0x0a,0x66,0x6e,0x20,0x6d,0x61,0x69,0x6e,0x28,0x40,0x6c,0x6f,0x63,0x61,0x74,0x69,
    0x6f,0x6e,0x28,0x30,0x29,0x20,0x75,0x76,0x5f,0x70,0x61,0x72,0x61,0x6d,0x20,0x3a,
    0x20,0x76,0x65,0x63,0x32,0x66,0x29,0x20,0x2d,0x3e,0x20,0x6d,0x61,0x69,0x6e,0x5f,
    0x6f,0x75,0x74,0x20,0x7b,0x0a,0x20,0x20,0x75,0x76,0x20,0x3d,0x20,0x75,0x76,0x5f,
    0x70,0x61,0x72,0x61,0x6d,0x3b,0x0a,0x20,0x20,0x6d,0x61,0x69,0x6e,0x5f,0x31,0x28,
    0x29,0x3b,0x0a,0x20,0x20,0x72,0x65,0x74,0x75,0x72,0x6e,0x20,0x6d,0x61,0x69,0x6e,
    0x5f,0x6f,0x75,0x74,0x28,0x66,0x72,0x61,0x67,0x5f,0x63,0x6f,0x6c,0x6f,0x72,0x29,
    0x3b,0x0a,0x7d,0x0a,0x00,
};
/*
    diagnostic(off, derivative_uniformity);

    struct physarum_point_params {
      /_ @offset(0) _/
      color : vec4f,
      /_ @offset(16) _/
      resolution : vec4f,
      /_ @offset(32) _/
      texel : vec4f,
      /_ @offset(48) _/
      options : vec4f,
    }

    @binding(0) @group(1) var physarumPointStateTex : texture_2d<f32>;

    @binding(32) @group(1) var physarumPointStateSmp : sampler;

    var<private> lookup : vec2f;

    @binding(0) @group(0) var<uniform> x_45 : physarum_point_params;

    @binding(1) @group(1) var physarumPointVelocityTex : texture_2d<f32>;

    @binding(33) @group(1) var physarumPointVelocitySmp : sampler;

    @binding(2) @group(1) var physarumPointAgeTex : texture_2d<f32>;

    @binding(34) @group(1) var physarumPointAgeSmp : sampler;

    var<private> corner : vec2f;

    var<private> v_rgb : vec3f;

    var<private> v_alpha : f32;

    var<private> gl_Position : vec4f;

    fn physarum_point_hash_vf2_(p : ptr<function, vec2f>) -> f32 {
      let x_13 = *(p);
      return fract((sin(dot(x_13, vec2f(127.09999847412109375f, 311.70001220703125f))) * 43758.546875f));
    }

    fn main_1() {
      var state : vec4f;
      var canvas : vec2f;
      var pos : vec2f;
      var uvPos : vec2f;
      var velocity : vec2f;
      var age : f32;
      var seed : f32;
      var param : vec2f;
      var inkStrength : f32;
      var ageFraction : f32;
      var opacity : f32;
      var shade : f32;
      var param_1 : vec2f;
      var multiplier : f32;
      var alpha : f32;
      var pointSize : f32;
      var pixel : vec2f;
      var ndc : vec2f;
      state = textureSampleLevel(physarumPointStateTex, physarumPointStateSmp, lookup, 0.0f);
      canvas = max(x_45.resolution.xy, vec2f(1.0f));
      pos = (state.xy + state.zw);
      uvPos = fract((pos / canvas));
      velocity = textureSampleLevel(physarumPointVelocityTex, physarumPointVelocitySmp, uvPos, 0.0f).xy;
      age = textureSampleLevel(physarumPointAgeTex, physarumPointAgeSmp, lookup, 0.0f).x;
      param = (lookup + vec2f(0.12999999523162841797f, 0.70999997854232788086f));
      let x_94 = physarum_point_hash_vf2_(&(param));
      seed = x_94;
      inkStrength = clamp(x_45.options.y, 0.0f, 3.0f);
      ageFraction = clamp((age / max(x_45.options.z, 1.0f)), 0.0f, 1.0f);
      opacity = min((ageFraction * 10.0f), 1.0f);
      param_1 = (lookup + vec2f(seed, 0.40999999642372131348f));
      let x_125 = physarum_point_hash_vf2_(&(param_1));
      shade = mix(0.74000000953674316406f, 1.24000000953674316406f, x_125);
      multiplier = clamp(((dot(velocity, velocity) * 0.05000000074505805969f) + 0.69999998807907104492f), 0.0f, 1.0f);
      alpha = clamp(((((0.06400000303983688354f + (0.18999999761581420898f * multiplier)) * opacity) * shade) * inkStrength), 0.0f, 0.43999999761581420898f);
      pointSize = max(x_45.options.x, 0.75f);
      pixel = ((uvPos * canvas) + ((corner * pointSize) * 0.5f));
      ndc = (((pixel / canvas) * 2.0f) - vec2f(1.0f));
      ndc.y = -(ndc.y);
      v_rgb = x_45.color.xyz;
      v_alpha = (x_45.color.w * alpha);
      gl_Position = vec4f(ndc.x, ndc.y, 0.0f, 1.0f);
      return;
    }

    struct main_out {
      @location(0)
      v_rgb_1 : vec3f,
      @location(1)
      v_alpha_1 : f32,
      @builtin(position)
      gl_Position : vec4f,
    }

    @vertex
    fn main(@location(0) lookup_param : vec2f, @location(1) corner_param : vec2f) -> main_out {
      lookup = lookup_param;
      corner = corner_param;
      main_1();
      return main_out(v_rgb, v_alpha, gl_Position);
    }
*/
static const uint8_t physarum_deposit_vs_source_wgsl[3218] = {
    0x64,0x69,0x61,0x67,0x6e,0x6f,0x73,0x74,0x69,0x63,0x28,0x6f,0x66,0x66,0x2c,0x20,
    0x64,0x65,0x72,0x69,0x76,0x61,0x74,0x69,0x76,0x65,0x5f,0x75,0x6e,0x69,0x66,0x6f,
    0x72,0x6d,0x69,0x74,0x79,0x29,0x3b,0x0a,0x0a,0x73,0x74,0x72,0x75,0x63,0x74,0x20,
    0x70,0x68,0x79,0x73,0x61,0x72,0x75,0x6d,0x5f,0x70,0x6f,0x69,0x6e,0x74,0x5f,0x70,
    0x61,0x72,0x61,0x6d,0x73,0x20,0x7b,0x0a,0x20,0x20,0x2f,0x2a,0x20,0x40,0x6f,0x66,
    0x66,0x73,0x65,0x74,0x28,0x30,0x29,0x20,0x2a,0x2f,0x0a,0x20,0x20,0x63,0x6f,0x6c,
    0x6f,0x72,0x20,0x3a,0x20,0x76,0x65,0x63,0x34,0x66,0x2c,0x0a,0x20,0x20,0x2f,0x2a,
    0x20,0x40,0x6f,0x66,0x66,0x73,0x65,0x74,0x28,0x31,0x36,0x29,0x20,0x2a,0x2f,0x0a,
    0x20,0x20,0x72,0x65,0x73,0x6f,0x6c,0x75,0x74,0x69,0x6f,0x6e,0x20,0x3a,0x20,0x76,
    0x65,0x63,0x34,0x66,0x2c,0x0a,0x20,0x20,0x2f,0x2a,0x20,0x40,0x6f,0x66,0x66,0x73,
    0x65,0x74,0x28,0x33,0x32,0x29,0x20,0x2a,0x2f,0x0a,0x20,0x20,0x74,0x65,0x78,0x65,
    0x6c,0x20,0x3a,0x20,0x76,0x65,0x63,0x34,0x66,0x2c,0x0a,0x20,0x20,0x2f,0x2a,0x20,
    0x40,0x6f,0x66,0x66,0x73,0x65,0x74,0x28,0x34,0x38,0x29,0x20,0x2a,0x2f,0x0a,0x20,
    0x20,0x6f,0x70,0x74,0x69,0x6f,0x6e,0x73,0x20,0x3a,0x20,0x76,0x65,0x63,0x34,0x66,
    0x2c,0x0a,0x7d,0x0a,0x0a,0x40,0x62,0x69,0x6e,0x64,0x69,0x6e,0x67,0x28,0x30,0x29,
    0x20,0x40,0x67,0x72,0x6f,0x75,0x70,0x28,0x31,0x29,0x20,0x76,0x61,0x72,0x20,0x70,
    0x68,0x79,0x73,0x61,0x72,0x75,0x6d,0x50,0x6f,0x69,0x6e,0x74,0x53,0x74,0x61,0x74,
    0x65,0x54,0x65,0x78,0x20,0x3a,0x20,0x74,0x65,0x78,0x74,0x75,0x72,0x65,0x5f,0x32,
    0x64,0x3c,0x66,0x33,0x32,0x3e,0x3b,0x0a,0x0a,0x40,0x62,0x69,0x6e,0x64,0x69,0x6e,
    0x67,0x28,0x33,0x32,0x29,0x20,0x40,0x67,0x72,0x6f,0x75,0x70,0x28,0x31,0x29,0x20,
    0x76,0x61,0x72,0x20,0x70,0x68,0x79,0x73,0x61,0x72,0x75,0x6d,0x50,0x6f,0x69,0x6e,
    0x74,0x53,0x74,0x61,0x74,0x65,0x53,0x6d,0x70,0x20,0x3a,0x20,0x73,0x61,0x6d,0x70,
    0x6c,0x65,0x72,0x3b,0x0a,0x0a,0x76,0x61,0x72,0x3c,0x70,0x72,0x69,0x76,0x61,0x74,
    0x65,0x3e,0x20,0x6c,0x6f,0x6f,0x6b,0x75,0x70,0x20,0x3a,0x20,0x76,0x65,0x63,0x32,
    0x66,0x3b,0x0a,0x0a,0x40,0x62,0x69,0x6e,0x64,0x69,0x6e,0x67,0x28,0x30,0x29,0x20,
    0x40,0x67,0x72,0x6f,0x75,0x70,0x28,0x30,0x29,0x20,0x76,0x61,0x72,0x3c,0x75,0x6e,
    0x69,0x66,0x6f,0x72,0x6d,0x3e,0x20,0x78,0x5f,0x34,0x35,0x20,0x3a,0x20,0x70,0x68,
    0x79,0x73,0x61,0x72,0x75,0x6d,0x5f,0x70,0x6f,0x69,0x6e,0x74,0x5f,0x70,0x61,0x72,
    0x61,0x6d,0x73,0x3b,0x0a,0x0a,0x40,0x62,0x69,0x6e,0x64,0x69,0x6e,0x67,0x28,0x31,
    0x29,0x20,0x40,0x67,0x72,0x6f,0x75,0x70,0x28,0x31,0x29,0x20,0x76,0x61,0x72,0x20,
    0x70,0x68,0x79,0x73,0x61,0x72,0x75,0x6d,0x50,0x6f,0x69,0x6e,0x74,0x56,0x65,0x6c,
    0x6f,0x63,0x69,0x74,0x79,0x54,0x65,0x78,0x20,0x3a,0x20,0x74,0x65,0x78,0x74,0x75,
    0x72,0x65,0x5f,0x32,0x64,0x3c,0x66,0x33,0x32,0x3e,0x3b,0x0a,0x0a,0x40,0x62,0x69,
    0x6e,0x64,0x69,0x6e,0x67,0x28,0x33,0x33,0x29,0x20,0x40,0x67,0x72,0x6f,0x75,0x70,
    0x28,0x31,0x29,0x20,0x76,0x61,0x72,0x20,0x70,0x68,0x79,0x73,0x61,0x72,0x75,0x6d,
    0x50,0x6f,0x69,0x6e,0x74,0x56,0x65,0x6c,0x6f,0x63,0x69,0x74,0x79,0x53,0x6d,0x70,
    0x20,0x3a,0x20,0x73,0x61,0x6d,0x70,0x6c,0x65,0x72,0x3b,0x0a,0x0a,0x40,0x62,0x69,
    0x6e,0x64,0x69,0x6e,0x67,0x28,0x32,0x29,0x20,0x40,0x67,0x72,0x6f,0x75,0x70,0x28,
    0x31,0x29,0x20,0x76,0x61,0x72,0x20,0x70,0x68,0x79,0x73,0x61,0x72,0x75,0x6d,0x50,
    0x6f,0x69,0x6e,0x74,0x41,0x67,0x65,0x54,0x65,0x78,0x20,0x3a,0x20,0x74,0x65,0x78,
    0x74,0x75,0x72,0x65,0x5f,0x32,0x64,0x3c,0x66,0x33,0x32,0x3e,0x3b,0x0a,0x0a,0x40,
    0x62,0x69,0x6e,0x64,0x69,0x6e,0x67,0x28,0x33,0x34,0x29,0x20,0x40,0x67,0x72,0x6f,
    0x75,0x70,0x28,0x31,0x29,0x20,0x76,0x61,0x72,0x20,0x70,0x68,0x79,0x73,0x61,0x72,
    0x75,0x6d,0x50,0x6f,0x69,0x6e,0x74,0x41,0x67,0x65,0x53,0x6d,0x70,0x20,0x3a,0x20,
    0x73,0x61,0x6d,0x70,0x6c,0x65,0x72,0x3b,0x0a,0x0a,0x76,0x61,0x72,0x3c,0x70,0x72,
    0x69,0x76,0x61,0x74,0x65,0x3e,0x20,0x63,0x6f,0x72,0x6e,0x65,0x72,0x20,0x3a,0x20,
    0x76,0x65,0x63,0x32,0x66,0x3b,0x0a,0x0a,0x76,0x61,0x72,0x3c,0x70,0x72,0x69,0x76,
    0x61,0x74,0x65,0x3e,0x20,0x76,0x5f,0x72,0x67,0x62,0x20,0x3a,0x20,0x76,0x65,0x63,
    0x33,0x66,0x3b,0x0a,0x0a,0x76,0x61,0x72,0x3c,0x70,0x72,0x69,0x76,0x61,0x74,0x65,
    0x3e,0x20,0x76,0x5f,0x61,0x6c,0x70,0x68,0x61,0x20,0x3a,0x20,0x66,0x33,0x32,0x3b,
    0x0a,0x0a,0x76,0x61,0x72,0x3c,0x70,0x72,0x69,0x76,0x61,0x74,0x65,0x3e,0x20,0x67,
    0x6c,0x5f,0x50,0x6f,0x73,0x69,0x74,0x69,0x6f,0x6e,0x20,0x3a,0x20,0x76,0x65,0x63,
    0x34,0x66,0x3b,0x0a,0x0a,0x66,0x6e,0x20,0x70,0x68,0x79,0x73,0x61,0x72,0x75,0x6d,
    0x5f,0x70,0x6f,0x69,0x6e,0x74,0x5f,0x68,0x61,0x73,0x68,0x5f,0x76,0x66,0x32,0x5f,
    0x28,0x70,0x20,0x3a,0x20,0x70,0x74,0x72,0x3c,0x66,0x75,0x6e,0x63,0x74,0x69,0x6f,
    0x6e,0x2c,0x20,0x76,0x65,0x63,0x32,0x66,0x3e,0x29,0x20,0x2d,0x3e,0x20,0x66,0x33,
    0x32,0x20,0x7b,0x0a,0x20,0x20,0x6c,0x65,0x74,0x20,0x78,0x5f,0x31,0x33,0x20,0x3d,
    0x20,0x2a,0x28,0x70,0x29,0x3b,0x0a,0x20,0x20,0x72,0x65,0x74,0x75,0x72,0x6e,0x20,
    0x66,0x72,0x61,0x63,0x74,0x28,0x28,0x73,0x69,0x6e,0x28,0x64,0x6f,0x74,0x28,0x78,
    0x5f,0x31,0x33,0x2c,0x20,0x76,0x65,0x63,0x32,0x66,0x28,0x31,0x32,0x37,0x2e,0x30,
    0x39,0x39,0x39,0x39,0x38,0x34,0x37,0x34,0x31,0x32,0x31,0x30,0x39,0x33,0x37,0x35,
    0x66,0x2c,0x20,0x33,0x31,0x31,0x2e,0x37,0x30,0x30,0x30,0x31,0x32,0x32,0x30,0x37,
    0x30,0x33,0x31,0x32,0x35,0x66,0x29,0x29,0x29,0x20,0x2a,0x20,0x34,0x33,0x37,0x35,
    0x38,0x2e,0x35,0x34,0x36,0x38,0x37,0x35,0x66,0x29,0x29,0x3b,0x0a,0x7d,0x0a,0x0a,
    0x66,0x6e,0x20,0x6d,0x61,0x69,0x6e,0x5f,0x31,0x28,0x29,0x20,0x7b,0x0a,0x20,0x20,
    0x76,0x61,0x72,0x20,0x73,0x74,0x61,0x74,0x65,0x20,0x3a,0x20,0x76,0x65,0x63,0x34,
    0x66,0x3b,0x0a,0x20,0x20,0x76,0x61,0x72,0x20,0x63,0x61,0x6e,0x76,0x61,0x73,0x20,
    0x3a,0x20,0x76,0x65,0x63,0x32,0x66,0x3b,0x0a,0x20,0x20,0x76,0x61,0x72,0x20,0x70,
    0x6f,0x73,0x20,0x3a,0x20,0x76,0x65,0x63,0x32,0x66,0x3b,0x0a,0x20,0x20,0x76,0x61,
    0x72,0x20,0x75,0x76,0x50,0x6f,0x73,0x20,0x3a,0x20,0x76,0x65,0x63,0x32,0x66,0x3b,
    0x0a,0x20,0x20,0x76,0x61,0x72,0x20,0x76,0x65,0x6c,0x6f,0x63,0x69,0x74,0x79,0x20,
    0x3a,0x20,0x76,0x65,0x63,0x32,0x66,0x3b,0x0a,0x20,0x20,0x76,0x61,0x72,0x20,0x61,
    0x67,0x65,0x20,0x3a,0x20,0x66,0x33,0x32,0x3b,0x0a,0x20,0x20,0x76,0x61,0x72,0x20,
    0x73,0x65,0x65,0x64,0x20,0x3a,0x20,0x66,0x33,0x32,0x3b,0x0a,0x20,0x20,0x76,0x61,
    0x72,0x20,0x70,0x61,0x72,0x61,0x6d,0x20,0x3a,0x20,0x76,0x65,0x63,0x32,0x66,0x3b,
    0x0a,0x20,0x20,0x76,0x61,0x72,0x20,0x69,0x6e,0x6b,0x53,0x74,0x72,0x65,0x6e,0x67,
    0x74,0x68,0x20,0x3a,0x20,0x66,0x33,0x32,0x3b,0x0a,0x20,0x20,0x76,0x61,0x72,0x20,
    0x61,0x67,0x65,0x46,0x72,0x61,0x63,0x74,0x69,0x6f,0x6e,0x20,0x3a,0x20,0x66,0x33,
    0x32,0x3b,0x0a,0x20,0x20,0x76,0x61,0x72,0x20,0x6f,0x70,0x61,0x63,0x69,0x74,0x79,
    0x20,0x3a,0x20,0x66,0x33,0x32,0x3b,0x0a,0x20,0x20,0x76,0x61,0x72,0x20,0x73,0x68,
    0x61,0x64,0x65,0x20,0x3a,0x20,0x66,0x33,0x32,0x3b,0x0a,0x20,0x20,0x76,0x61,0x72,
    0x20,0x70,0x61,0x72,0x61,0x6d,0x5f,0x31,0x20,0x3a,0x20,0x76,0x65,0x63,0x32,0x66,
    0x3b,0x0a,0x20,0x20,0x76,0x61,0x72,0x20,0x6d,0x75,0x6c,0x74,0x69,0x70,0x6c,0x69,
    0x65,0x72,0x20,0x3a,0x20,0x66,0x33,0x32,0x3b,0x0a,0x20,0x20,0x76,0x61,0x72,0x20,
    0x61,0x6c,0x70,0x68,0x61,0x20,0x3a,0x20,0x66,0x33,0x32,0x3b,0x0a,0x20,0x20,0x76,
    0x61,0x72,0x20,0x70,0x6f,0x69,0x6e,0x74,0x53,0x69,0x7a,0x65,0x20,0x3a,0x20,0x66,
    0x33,0x32,0x3b,0x0a,0x20,0x20,0x76,0x61,0x72,0x20,0x70,0x69,0x78,0x65,0x6c,0x20,
    0x3a,0x20,0x76,0x65,0x63,0x32,0x66,0x3b,0x0a,0x20,0x20,0x76,0x61,0x72,0x20,0x6e,
    0x64,0x63,0x20,0x3a,0x20,0x76,0x65,0x63,0x32,0x66,0x3b,0x0a,0x20,0x20,0x73,0x74,
    0x61,0x74,0x65,0x20,0x3d,0x20,0x74,0x65,0x78,0x74,0x75,0x72,0x65,0x53,0x61,0x6d,
    0x70,0x6c,0x65,0x4c,0x65,0x76,0x65,0x6c,0x28,0x70,0x68,0x79,0x73,0x61,0x72,0x75,
    0x6d,0x50,0x6f,0x69,0x6e,0x74,0x53,0x74,0x61,0x74,0x65,0x54,0x65,0x78,0x2c,0x20,
    0x70,0x68,0x79,0x73,0x61,0x72,0x75,0x6d,0x50,0x6f,0x69,0x6e,0x74,0x53,0x74,0x61,
    0x74,0x65,0x53,0x6d,0x70,0x2c,0x20,0x6c,0x6f,0x6f,0x6b,0x75,0x70,0x2c,0x20,0x30,
    0x2e,0x30,0x66,0x29,0x3b,0x0a,0x20,0x20,0x63,0x61,0x6e,0x76,0x61,0x73,0x20,0x3d,
    0x20,0x6d,0x61,0x78,0x28,0x78,0x5f,0x34,0x35,0x2e,0x72,0x65,0x73,0x6f,0x6c,0x75,
    0x74,0x69,0x6f,0x6e,0x2e,0x78,0x79,0x2c,0x20,0x76,0x65,0x63,0x32,0x66,0x28,0x31,
    0x2e,0x30,0x66,0x29,0x29,0x3b,0x0a,0x20,0x20,0x70,0x6f,0x73,0x20,0x3d,0x20,0x28,
    0x73,0x74,0x61,0x74,0x65,0x2e,0x78,0x79,0x20,0x2b,0x20,0x73,0x74,0x61,0x74,0x65,
    0x2e,0x7a,0x77,0x29,0x3b,0x0a,0x20,0x20,0x75,0x76,0x50,0x6f,0x73,0x20,0x3d,0x20,
    0x66,0x72,0x61,0x63,0x74,0x28,0x28,0x70,0x6f,0x73,0x20,0x2f,0x20,0x63,0x61,0x6e,
    0x76,0x61,0x73,0x29,0x29,0x3b,0x0a,0x20,0x20,0x76,0x65,0x6c,0x6f,0x63,0x69,0x74,
    0x79,0x20,0x3d,0x20,0x74,0x65,0x78,0x74,0x75,0x72,0x65,0x53,0x61,0x6d,0x70,0x6c,
    0x65,0x4c,0x65,0x76,0x65,0x6c,0x28,0x70,0x68,0x79,0x73,0x61,0x72,0x75,0x6d,0x50,
    0x6f,0x69,0x6e,0x74,0x56,0x65,0x6c,0x6f,0x63,0x69,0x74,0x79,0x54,0x65,0x78,0x2c,
    0x20,0x70,0x68,0x79,0x73,0x61,0x72,0x75,0x6d,0x50,0x6f,0x69,0x6e,0x74,0x56,0x65,
    0x6c,0x6f,0x63,0x69,0x74,0x79,0x53,0x6d,0x70,0x2c,0x20,0x75,0x76,0x50,0x6f,0x73,
    0x2c,0x20,0x30,0x2e,0x30,0x66,0x29,0x2e,0x78,0x79,0x3b,0x0a,0x20,0x20,0x61,0x67,
    0x65,0x20,0x3d,0x20,0x74,0x65,0x78,0x74,0x75,0x72,0x65,0x53,0x61,0x6d,0x70,0x6c,
    0x65,0x4c,0x65,0x76,0x65,0x6c,0x28,0x70,0x68,0x79,0x73,0x61,0x72,0x75,0x6d,0x50,
    0x6f,0x69,0x6e,0x74,0x41,0x67,0x65,0x54,0x65,0x78,0x2c,0x20,0x70,0x68,0x79,0x73,
    0x61,0x72,0x75,0x6d,0x50,0x6f,0x69,0x6e,0x74,0x41,0x67,0x65,0x53,0x6d,0x70,0x2c,
    0x20,0x6c,0x6f,0x6f,0x6b,0x75,0x70,0x2c,0x20,0x30,0x2e,0x30,0x66,0x29,0x2e,0x78,
    0x3b,0x0a,0x20,0x20,0x70,0x61,0x72,0x61,0x6d,0x20,0x3d,0x20,0x28,0x6c,0x6f,0x6f,
    0x6b,0x75,0x70,0x20,0x2b,0x20,0x76,0x65,0x63,0x32,0x66,0x28,0x30,0x2e,0x31,0x32,
    0x39,0x39,0x39,0x39,0x39,0x39,0x35,0x32,0x33,0x31,0x36,0x32,0x38,0x34,0x31,0x37,
    0x39,0x37,0x66,0x2c,0x20,0x30,0x2e,0x37,0x30,0x39,0x39,0x39,0x39,0x39,0x37,0x38,
    0x35,0x34,0x32,0x33,0x32,0x37,0x38,0x38,0x30,0x38,0x36,0x66,0x29,0x29,0x3b,0x0a,
    0x20,0x20,0x6c,0x65,0x74,0x20,0x78,0x5f,0x39,0x34,0x20,0x3d,0x20,0x70,0x68,0x79,
    0x73,0x61,0x72,0x75,0x6d,0x5f,0x70,0x6f,0x69,0x6e,0x74,0x5f,0x68,0x61,0x73,0x68,
    0x5f,0x76,0x66,0x32,0x5f,0x28,0x26,0x28,0x70,0x61,0x72,0x61,0x6d,0x29,0x29,0x3b,
    0x0a,0x20,0x20,0x73,0x65,0x65,0x64,0x20,0x3d,0x20,0x78,0x5f,0x39,0x34,0x3b,0x0a,
    0x20,0x20,0x69,0x6e,0x6b,0x53,0x74,0x72,0x65,0x6e,0x67,0x74,0x68,0x20,0x3d,0x20,
    0x63,0x6c,0x61,0x6d,0x70,0x28,0x78,0x5f,0x34,0x35,0x2e,0x6f,0x70,0x74,0x69,0x6f,
    0x6e,0x73,0x2e,0x79,0x2c,0x20,0x30,0x2e,0x30,0x66,0x2c,0x20,0x33,0x2e,0x30,0x66,
    0x29,0x3b,0x0a,0x20,0x20,0x61,0x67,0x65,0x46,0x72,0x61,0x63,0x74,0x69,0x6f,0x6e,
    0x20,0x3d,0x20,0x63,0x6c,0x61,0x6d,0x70,0x28,0x28,0x61,0x67,0x65,0x20,0x2f,0x20,
    0x6d,0x61,0x78,0x28,0x78,0x5f,0x34,0x35,0x2e,0x6f,0x70,0x74,0x69,0x6f,0x6e,0x73,
    0x2e,0x7a,0x2c,0x20,0x31,0x2e,0x30,0x66,0x29,0x29,0x2c,0x20,0x30,0x2e,0x30,0x66,
    0x2c,0x20,0x31,0x2e,0x30,0x66,0x29,0x3b,0x0a,0x20,0x20,0x6f,0x70,0x61,0x63,0x69,
    0x74,0x79,0x20,0x3d,0x20,0x6d,0x69,0x6e,0x28,0x28,0x61,0x67,0x65,0x46,0x72,0x61,
    0x63,0x74,0x69,0x6f,0x6e,0x20,0x2a,0x20,0x31,0x30,0x2e,0x30,0x66,0x29,0x2c,0x20,
    0x31,0x2e,0x30,0x66,0x29,0x3b,0x0a,0x20,0x20,0x70,0x61,0x72,0x61,0x6d,0x5f,0x31,
    0x20,0x3d,0x20,0x28,0x6c,0x6f,0x6f,0x6b,0x75,0x70,0x20,0x2b,0x20,0x76,0x65,0x63,
    0x32,0x66,0x28,0x73,0x65,0x65,0x64,0x2c,0x20,0x30,0x2e,0x34,0x30,0x39,0x39,0x39,
    0x39,0x39,0x39,0x36,0x34,0x32,0x33,0x37,0x32,0x31,0x33,0x31,0x33,0x34,0x38,0x66,
    0x29,0x29,0x3b,0x0a,0x20,0x20,0x6c,0x65,0x74,0x20,0x78,0x5f,0x31,0x32,0x35,0x20,
    0x3d,0x20,0x70,0x68,0x79,0x73,0x61,0x72,0x75,0x6d,0x5f,0x70,0x6f,0x69,0x6e,0x74,
    0x5f,0x68,0x61,0x73,0x68,0x5f,0x76,0x66,0x32,0x5f,0x28,0x26,0x28,0x70,0x61,0x72,
    0x61,0x6d,0x5f,0x31,0x29,0x29,0x3b,0x0a,0x20,0x20,0x73,0x68,0x61,0x64,0x65,0x20,
    0x3d,0x20,0x6d,0x69,0x78,0x28,0x30,0x2e,0x37,0x34,0x30,0x30,0x30,0x30,0x30,0x30,
    0x39,0x35,0x33,0x36,0x37,0x34,0x33,0x31,0x36,0x34,0x30,0x36,0x66,0x2c,0x20,0x31,
    0x2e,0x32,0x34,0x30,0x30,0x30,0x30,0x30,0x30,0x39,0x35,0x33,0x36,0x37,0x34,0x33,
    0x31,0x36,0x34,0x30,0x36,0x66,0x2c,0x20,0x78,0x5f,0x31,0x32,0x35,0x29,0x3b,0x0a,
    0x20,0x20,0x6d,0x75,0x6c,0x74,0x69,0x70,0x6c,0x69,0x65,0x72,0x20,0x3d,0x20,0x63,
    0x6c,0x61,0x6d,0x70,0x28,0x28,0x28,0x64,0x6f,0x74,0x28,0x76,0x65,0x6c,0x6f,0x63,
    0x69,0x74,0x79,0x2c,0x20,0x76,0x65,0x6c,0x6f,0x63,0x69,0x74,0x79,0x29,0x20,0x2a,
    0x20,0x30,0x2e,0x30,0x35,0x30,0x30,0x30,0x30,0x30,0x30,0x30,0x37,0x34,0x35,0x30,
    0x35,0x38,0x30,0x35,0x39,0x36,0x39,0x66,0x29,0x20,0x2b,0x20,0x30,0x2e,0x36,0x39,
    0x39,0x39,0x39,0x39,0x39,0x38,0x38,0x30,0x37,0x39,0x30,0x37,0x31,0x30,0x34,0x34,
    0x39,0x32,0x66,0x29,0x2c,0x20,0x30,0x2e,0x30,0x66,0x2c,0x20,0x31,0x2e,0x30,0x66,
    0x29,0x3b,0x0a,0x20,0x20,0x61,0x6c,0x70,0x68,0x61,0x20,0x3d,0x20,0x63,0x6c,0x61,
    0x6d,0x70,0x28,0x28,0x28,0x28,0x28,0x30,0x2e,0x30,0x36,0x34,0x30,0x30,0x30,0x30,
    0x30,0x33,0x30,0x33,0x39,0x38,0x33,0x36,0x38,0x38,0x33,0x35,0x34,0x66,0x20,0x2b,
    0x20,0x28,0x30,0x2e,0x31,0x38,0x39,0x39,0x39,0x39,0x39,0x39,0x37,0x36,0x31,0x35,
    0x38,0x31,0x34,0x32,0x30,0x38,0x39,0x38,0x66,0x20,0x2a,0x20,0x6d,0x75,0x6c,0x74,
    0x69,0x70,0x6c,0x69,0x65,0x72,0x29,0x29,0x20,0x2a,0x20,0x6f,0x70,0x61,0x63,0x69,
    0x74,0x79,0x29,0x20,0x2a,0x20,0x73,0x68,0x61,0x64,0x65,0x29,0x20,0x2a,0x20,0x69,
    0x6e,0x6b,0x53,0x74,0x72,0x65,0x6e,0x67,0x74,0x68,0x29,0x2c,0x20,0x30,0x2e,0x30,
    0x66,0x2c,0x20,0x30,0x2e,0x34,0x33,0x39,0x39,0x39,0x39,0x39,0x39,0x37,0x36,0x31,
    0x35,0x38,0x31,0x34,0x32,0x30,0x38,0x39,0x38,0x66,0x29,0x3b,0x0a,0x20,0x20,0x70,
    0x6f,0x69,0x6e,0x74,0x53,0x69,0x7a,0x65,0x20,0x3d,0x20,0x6d,0x61,0x78,0x28,0x78,
    0x5f,0x34,0x35,0x2e,0x6f,0x70,0x74,0x69,0x6f,0x6e,0x73,0x2e,0x78,0x2c,0x20,0x30,
    0x2e,0x37,0x35,0x66,0x29,0x3b,0x0a,0x20,0x20,0x70,0x69,0x78,0x65,0x6c,0x20,0x3d,
    0x20,0x28,0x28,0x75,0x76,0x50,0x6f,0x73,0x20,0x2a,0x20,0x63,0x61,0x6e,0x76,0x61,
    0x73,0x29,0x20,0x2b,0x20,0x28,0x28,0x63,0x6f,0x72,0x6e,0x65,0x72,0x20,0x2a,0x20,
    0x70,0x6f,0x69,0x6e,0x74,0x53,0x69,0x7a,0x65,0x29,0x20,0x2a,0x20,0x30,0x2e,0x35,
    0x66,0x29,0x29,0x3b,0x0a,0x20,0x20,0x6e,0x64,0x63,0x20,0x3d,0x20,0x28,0x28,0x28,
    0x70,0x69,0x78,0x65,0x6c,0x20,0x2f,0x20,0x63,0x61,0x6e,0x76,0x61,0x73,0x29,0x20,
    0x2a,0x20,0x32,0x2e,0x30,0x66,0x29,0x20,0x2d,0x20,0x76,0x65,0x63,0x32,0x66,0x28,
    0x31,0x2e,0x30,0x66,0x29,0x29,0x3b,0x0a,0x20,0x20,0x6e,0x64,0x63,0x2e,0x79,0x20,
    0x3d,0x20,0x2d,0x28,0x6e,0x64,0x63,0x2e,0x79,0x29,0x3b,0x0a,0x20,0x20,0x76,0x5f,
    0x72,0x67,0x62,0x20,0x3d,0x20,0x78,0x5f,0x34,0x35,0x2e,0x63,0x6f,0x6c,0x6f,0x72,
    0x2e,0x78,0x79,0x7a,0x3b,0x0a,0x20,0x20,0x76,0x5f,0x61,0x6c,0x70,0x68,0x61,0x20,
    0x3d,0x20,0x28,0x78,0x5f,0x34,0x35,0x2e,0x63,0x6f,0x6c,0x6f,0x72,0x2e,0x77,0x20,
    0x2a,0x20,0x61,0x6c,0x70,0x68,0x61,0x29,0x3b,0x0a,0x20,0x20,0x67,0x6c,0x5f,0x50,
    0x6f,0x73,0x69,0x74,0x69,0x6f,0x6e,0x20,0x3d,0x20,0x76,0x65,0x63,0x34,0x66,0x28,
    0x6e,0x64,0x63,0x2e,0x78,0x2c,0x20,0x6e,0x64,0x63,0x2e,0x79,0x2c,0x20,0x30,0x2e,
    0x30,0x66,0x2c,0x20,0x31,0x2e,0x30,0x66,0x29,0x3b,0x0a,0x20,0x20,0x72,0x65,0x74,
    0x75,0x72,0x6e,0x3b,0x0a,0x7d,0x0a,0x0a,0x73,0x74,0x72,0x75,0x63,0x74,0x20,0x6d,
    0x61,0x69,0x6e,0x5f,0x6f,0x75,0x74,0x20,0x7b,0x0a,0x20,0x20,0x40,0x6c,0x6f,0x63,
    0x61,0x74,0x69,0x6f,0x6e,0x28,0x30,0x29,0x0a,0x20,0x20,0x76,0x5f,0x72,0x67,0x62,
    0x5f,0x31,0x20,0x3a,0x20,0x76,0x65,0x63,0x33,0x66,0x2c,0x0a,0x20,0x20,0x40,0x6c,
    0x6f,0x63,0x61,0x74,0x69,0x6f,0x6e,0x28,0x31,0x29,0x0a,0x20,0x20,0x76,0x5f,0x61,
    0x6c,0x70,0x68,0x61,0x5f,0x31,0x20,0x3a,0x20,0x66,0x33,0x32,0x2c,0x0a,0x20,0x20,
    0x40,0x62,0x75,0x69,0x6c,0x74,0x69,0x6e,0x28,0x70,0x6f,0x73,0x69,0x74,0x69,0x6f,
    0x6e,0x29,0x0a,0x20,0x20,0x67,0x6c,0x5f,0x50,0x6f,0x73,0x69,0x74,0x69,0x6f,0x6e,
    0x20,0x3a,0x20,0x76,0x65,0x63,0x34,0x66,0x2c,0x0a,0x7d,0x0a,0x0a,0x40,0x76,0x65,
    0x72,0x74,0x65,0x78,0x0a,0x66,0x6e,0x20,0x6d,0x61,0x69,0x6e,0x28,0x40,0x6c,0x6f,
    0x63,0x61,0x74,0x69,0x6f,0x6e,0x28,0x30,0x29,0x20,0x6c,0x6f,0x6f,0x6b,0x75,0x70,
    0x5f,0x70,0x61,0x72,0x61,0x6d,0x20,0x3a,0x20,0x76,0x65,0x63,0x32,0x66,0x2c,0x20,
    0x40,0x6c,0x6f,0x63,0x61,0x74,0x69,0x6f,0x6e,0x28,0x31,0x29,0x20,0x63,0x6f,0x72,
    0x6e,0x65,0x72,0x5f,0x70,0x61,0x72,0x61,0x6d,0x20,0x3a,0x20,0x76,0x65,0x63,0x32,
    0x66,0x29,0x20,0x2d,0x3e,0x20,0x6d,0x61,0x69,0x6e,0x5f,0x6f,0x75,0x74,0x20,0x7b,
    0x0a,0x20,0x20,0x6c,0x6f,0x6f,0x6b,0x75,0x70,0x20,0x3d,0x20,0x6c,0x6f,0x6f,0x6b,
    0x75,0x70,0x5f,0x70,0x61,0x72,0x61,0x6d,0x3b,0x0a,0x20,0x20,0x63,0x6f,0x72,0x6e,
    0x65,0x72,0x20,0x3d,0x20,0x63,0x6f,0x72,0x6e,0x65,0x72,0x5f,0x70,0x61,0x72,0x61,
    0x6d,0x3b,0x0a,0x20,0x20,0x6d,0x61,0x69,0x6e,0x5f,0x31,0x28,0x29,0x3b,0x0a,0x20,
    0x20,0x72,0x65,0x74,0x75,0x72,0x6e,0x20,0x6d,0x61,0x69,0x6e,0x5f,0x6f,0x75,0x74,
    0x28,0x76,0x5f,0x72,0x67,0x62,0x2c,0x20,0x76,0x5f,0x61,0x6c,0x70,0x68,0x61,0x2c,
    0x20,0x67,0x6c,0x5f,0x50,0x6f,0x73,0x69,0x74,0x69,0x6f,0x6e,0x29,0x3b,0x0a,0x7d,
    0x0a,0x00,
};
/*
    diagnostic(off, derivative_uniformity);

    var<private> frag_color : vec4f;

    var<private> v_rgb : vec3f;

    var<private> v_alpha : f32;

    fn main_1() {
      frag_color = vec4f(v_rgb.x, v_rgb.y, v_rgb.z, v_alpha);
      return;
    }

    struct main_out {
      @location(0)
      frag_color_1 : vec4f,
    }

    @fragment
    fn main(@location(0) v_rgb_param : vec3f, @location(1) v_alpha_param : f32) -> main_out {
      v_rgb = v_rgb_param;
      v_alpha = v_alpha_param;
      main_1();
      return main_out(frag_color);
    }
*/
static const uint8_t fs_physarum_deposit_source_wgsl[474] = {
    0x64,0x69,0x61,0x67,0x6e,0x6f,0x73,0x74,0x69,0x63,0x28,0x6f,0x66,0x66,0x2c,0x20,
    0x64,0x65,0x72,0x69,0x76,0x61,0x74,0x69,0x76,0x65,0x5f,0x75,0x6e,0x69,0x66,0x6f,
    0x72,0x6d,0x69,0x74,0x79,0x29,0x3b,0x0a,0x0a,0x76,0x61,0x72,0x3c,0x70,0x72,0x69,
    0x76,0x61,0x74,0x65,0x3e,0x20,0x66,0x72,0x61,0x67,0x5f,0x63,0x6f,0x6c,0x6f,0x72,
    0x20,0x3a,0x20,0x76,0x65,0x63,0x34,0x66,0x3b,0x0a,0x0a,0x76,0x61,0x72,0x3c,0x70,
    0x72,0x69,0x76,0x61,0x74,0x65,0x3e,0x20,0x76,0x5f,0x72,0x67,0x62,0x20,0x3a,0x20,
    0x76,0x65,0x63,0x33,0x66,0x3b,0x0a,0x0a,0x76,0x61,0x72,0x3c,0x70,0x72,0x69,0x76,
    0x61,0x74,0x65,0x3e,0x20,0x76,0x5f,0x61,0x6c,0x70,0x68,0x61,0x20,0x3a,0x20,0x66,
    0x33,0x32,0x3b,0x0a,0x0a,0x66,0x6e,0x20,0x6d,0x61,0x69,0x6e,0x5f,0x31,0x28,0x29,
    0x20,0x7b,0x0a,0x20,0x20,0x66,0x72,0x61,0x67,0x5f,0x63,0x6f,0x6c,0x6f,0x72,0x20,
    0x3d,0x20,0x76,0x65,0x63,0x34,0x66,0x28,0x76,0x5f,0x72,0x67,0x62,0x2e,0x78,0x2c,
    0x20,0x76,0x5f,0x72,0x67,0x62,0x2e,0x79,0x2c,0x20,0x76,0x5f,0x72,0x67,0x62,0x2e,
    0x7a,0x2c,0x20,0x76,0x5f,0x61,0x6c,0x70,0x68,0x61,0x29,0x3b,0x0a,0x20,0x20,0x72,
    0x65,0x74,0x75,0x72,0x6e,0x3b,0x0a,0x7d,0x0a,0x0a,0x73,0x74,0x72,0x75,0x63,0x74,
    0x20,0x6d,0x61,0x69,0x6e,0x5f,0x6f,0x75,0x74,0x20,0x7b,0x0a,0x20,0x20,0x40,0x6c,
    0x6f,0x63,0x61,0x74,0x69,0x6f,0x6e,0x28,0x30,0x29,0x0a,0x20,0x20,0x66,0x72,0x61,
    0x67,0x5f,0x63,0x6f,0x6c,0x6f,0x72,0x5f,0x31,0x20,0x3a,0x20,0x76,0x65,0x63,0x34,
    0x66,0x2c,0x0a,0x7d,0x0a,0x0a,0x40,0x66,0x72,0x61,0x67,0x6d,0x65,0x6e,0x74,0x0a,
    0x66,0x6e,0x20,0x6d,0x61,0x69,0x6e,0x28,0x40,0x6c,0x6f,0x63,0x61,0x74,0x69,0x6f,
    0x6e,0x28,0x30,0x29,0x20,0x76,0x5f,0x72,0x67,0x62,0x5f,0x70,0x61,0x72,0x61,0x6d,
    0x20,0x3a,0x20,0x76,0x65,0x63,0x33,0x66,0x2c,0x20,0x40,0x6c,0x6f,0x63,0x61,0x74,
    0x69,0x6f,0x6e,0x28,0x31,0x29,0x20,0x76,0x5f,0x61,0x6c,0x70,0x68,0x61,0x5f,0x70,
    0x61,0x72,0x61,0x6d,0x20,0x3a,0x20,0x66,0x33,0x32,0x29,0x20,0x2d,0x3e,0x20,0x6d,
    0x61,0x69,0x6e,0x5f,0x6f,0x75,0x74,0x20,0x7b,0x0a,0x20,0x20,0x76,0x5f,0x72,0x67,
    0x62,0x20,0x3d,0x20,0x76,0x5f,0x72,0x67,0x62,0x5f,0x70,0x61,0x72,0x61,0x6d,0x3b,
    0x0a,0x20,0x20,0x76,0x5f,0x61,0x6c,0x70,0x68,0x61,0x20,0x3d,0x20,0x76,0x5f,0x61,
    0x6c,0x70,0x68,0x61,0x5f,0x70,0x61,0x72,0x61,0x6d,0x3b,0x0a,0x20,0x20,0x6d,0x61,
    0x69,0x6e,0x5f,0x31,0x28,0x29,0x3b,0x0a,0x20,0x20,0x72,0x65,0x74,0x75,0x72,0x6e,
    0x20,0x6d,0x61,0x69,0x6e,0x5f,0x6f,0x75,0x74,0x28,0x66,0x72,0x61,0x67,0x5f,0x63,
    0x6f,0x6c,0x6f,0x72,0x29,0x3b,0x0a,0x7d,0x0a,0x00,
};
static inline const sg_shader_desc* tcx_flow_physarum_age_spawn_shader_desc(sg_backend backend) {
    if (backend == SG_BACKEND_GLES3) {
        static sg_shader_desc desc;
        static bool valid;
        if (!valid) {
            valid = true;
            desc.vertex_func.source = (const char*)physarum_fullscreen_vs_source_glsl300es;
            desc.vertex_func.entry = "main";
            desc.fragment_func.source = (const char*)fs_physarum_age_spawn_source_glsl300es;
            desc.fragment_func.entry = "main";
            desc.attrs[0].base_type = SG_SHADERATTRBASETYPE_FLOAT;
            desc.attrs[0].glsl_name = "position";
            desc.attrs[1].base_type = SG_SHADERATTRBASETYPE_FLOAT;
            desc.attrs[1].glsl_name = "texcoord0";
            desc.uniform_blocks[0].stage = SG_SHADERSTAGE_FRAGMENT;
            desc.uniform_blocks[0].layout = SG_UNIFORMLAYOUT_STD140;
            desc.uniform_blocks[0].size = 64;
            desc.uniform_blocks[0].glsl_uniforms[0].type = SG_UNIFORMTYPE_FLOAT4;
            desc.uniform_blocks[0].glsl_uniforms[0].array_count = 4;
            desc.uniform_blocks[0].glsl_uniforms[0].glsl_name = "physarum_params";
            desc.label = "tcx_flow_physarum_age_spawn_shader";
        }
        return &desc;
    }
    if (backend == SG_BACKEND_D3D11) {
        static sg_shader_desc desc;
        static bool valid;
        if (!valid) {
            valid = true;
            desc.vertex_func.source = (const char*)physarum_fullscreen_vs_source_hlsl5;
            desc.vertex_func.d3d11_target = "vs_5_0";
            desc.vertex_func.entry = "main";
            desc.fragment_func.source = (const char*)fs_physarum_age_spawn_source_hlsl5;
            desc.fragment_func.d3d11_target = "ps_5_0";
            desc.fragment_func.entry = "main";
            desc.attrs[0].base_type = SG_SHADERATTRBASETYPE_FLOAT;
            desc.attrs[0].hlsl_sem_name = "TEXCOORD";
            desc.attrs[0].hlsl_sem_index = 0;
            desc.attrs[1].base_type = SG_SHADERATTRBASETYPE_FLOAT;
            desc.attrs[1].hlsl_sem_name = "TEXCOORD";
            desc.attrs[1].hlsl_sem_index = 1;
            desc.uniform_blocks[0].stage = SG_SHADERSTAGE_FRAGMENT;
            desc.uniform_blocks[0].layout = SG_UNIFORMLAYOUT_STD140;
            desc.uniform_blocks[0].size = 64;
            desc.uniform_blocks[0].hlsl_register_b_n = 0;
            desc.label = "tcx_flow_physarum_age_spawn_shader";
        }
        return &desc;
    }
    if (backend == SG_BACKEND_METAL_MACOS) {
        static sg_shader_desc desc;
        static bool valid;
        if (!valid) {
            valid = true;
            desc.vertex_func.source = (const char*)physarum_fullscreen_vs_source_metal_macos;
            desc.vertex_func.entry = "main0";
            desc.fragment_func.source = (const char*)fs_physarum_age_spawn_source_metal_macos;
            desc.fragment_func.entry = "main0";
            desc.attrs[0].base_type = SG_SHADERATTRBASETYPE_FLOAT;
            desc.attrs[1].base_type = SG_SHADERATTRBASETYPE_FLOAT;
            desc.uniform_blocks[0].stage = SG_SHADERSTAGE_FRAGMENT;
            desc.uniform_blocks[0].layout = SG_UNIFORMLAYOUT_STD140;
            desc.uniform_blocks[0].size = 64;
            desc.uniform_blocks[0].msl_buffer_n = 0;
            desc.label = "tcx_flow_physarum_age_spawn_shader";
        }
        return &desc;
    }
    if (backend == SG_BACKEND_WGPU) {
        static sg_shader_desc desc;
        static bool valid;
        if (!valid) {
            valid = true;
            desc.vertex_func.source = (const char*)physarum_fullscreen_vs_source_wgsl;
            desc.vertex_func.entry = "main";
            desc.fragment_func.source = (const char*)fs_physarum_age_spawn_source_wgsl;
            desc.fragment_func.entry = "main";
            desc.attrs[0].base_type = SG_SHADERATTRBASETYPE_FLOAT;
            desc.attrs[1].base_type = SG_SHADERATTRBASETYPE_FLOAT;
            desc.uniform_blocks[0].stage = SG_SHADERSTAGE_FRAGMENT;
            desc.uniform_blocks[0].layout = SG_UNIFORMLAYOUT_STD140;
            desc.uniform_blocks[0].size = 64;
            desc.uniform_blocks[0].wgsl_group0_binding_n = 0;
            desc.label = "tcx_flow_physarum_age_spawn_shader";
        }
        return &desc;
    }
    return 0;
}
static inline const sg_shader_desc* tcx_flow_physarum_age_update_shader_desc(sg_backend backend) {
    if (backend == SG_BACKEND_GLES3) {
        static sg_shader_desc desc;
        static bool valid;
        if (!valid) {
            valid = true;
            desc.vertex_func.source = (const char*)physarum_fullscreen_vs_source_glsl300es;
            desc.vertex_func.entry = "main";
            desc.fragment_func.source = (const char*)fs_physarum_age_update_source_glsl300es;
            desc.fragment_func.entry = "main";
            desc.attrs[0].base_type = SG_SHADERATTRBASETYPE_FLOAT;
            desc.attrs[0].glsl_name = "position";
            desc.attrs[1].base_type = SG_SHADERATTRBASETYPE_FLOAT;
            desc.attrs[1].glsl_name = "texcoord0";
            desc.uniform_blocks[0].stage = SG_SHADERSTAGE_FRAGMENT;
            desc.uniform_blocks[0].layout = SG_UNIFORMLAYOUT_STD140;
            desc.uniform_blocks[0].size = 64;
            desc.uniform_blocks[0].glsl_uniforms[0].type = SG_UNIFORMTYPE_FLOAT4;
            desc.uniform_blocks[0].glsl_uniforms[0].array_count = 4;
            desc.uniform_blocks[0].glsl_uniforms[0].glsl_name = "physarum_params";
            desc.views[0].texture.stage = SG_SHADERSTAGE_FRAGMENT;
            desc.views[0].texture.image_type = SG_IMAGETYPE_2D;
            desc.views[0].texture.sample_type = SG_IMAGESAMPLETYPE_FLOAT;
            desc.views[0].texture.multisampled = false;
            desc.samplers[0].stage = SG_SHADERSTAGE_FRAGMENT;
            desc.samplers[0].sampler_type = SG_SAMPLERTYPE_FILTERING;
            desc.texture_sampler_pairs[0].stage = SG_SHADERSTAGE_FRAGMENT;
            desc.texture_sampler_pairs[0].view_slot = 0;
            desc.texture_sampler_pairs[0].sampler_slot = 0;
            desc.texture_sampler_pairs[0].glsl_name = "physarumAgeUpdateTex_physarumAgeUpdateSmp";
            desc.label = "tcx_flow_physarum_age_update_shader";
        }
        return &desc;
    }
    if (backend == SG_BACKEND_D3D11) {
        static sg_shader_desc desc;
        static bool valid;
        if (!valid) {
            valid = true;
            desc.vertex_func.source = (const char*)physarum_fullscreen_vs_source_hlsl5;
            desc.vertex_func.d3d11_target = "vs_5_0";
            desc.vertex_func.entry = "main";
            desc.fragment_func.source = (const char*)fs_physarum_age_update_source_hlsl5;
            desc.fragment_func.d3d11_target = "ps_5_0";
            desc.fragment_func.entry = "main";
            desc.attrs[0].base_type = SG_SHADERATTRBASETYPE_FLOAT;
            desc.attrs[0].hlsl_sem_name = "TEXCOORD";
            desc.attrs[0].hlsl_sem_index = 0;
            desc.attrs[1].base_type = SG_SHADERATTRBASETYPE_FLOAT;
            desc.attrs[1].hlsl_sem_name = "TEXCOORD";
            desc.attrs[1].hlsl_sem_index = 1;
            desc.uniform_blocks[0].stage = SG_SHADERSTAGE_FRAGMENT;
            desc.uniform_blocks[0].layout = SG_UNIFORMLAYOUT_STD140;
            desc.uniform_blocks[0].size = 64;
            desc.uniform_blocks[0].hlsl_register_b_n = 0;
            desc.views[0].texture.stage = SG_SHADERSTAGE_FRAGMENT;
            desc.views[0].texture.image_type = SG_IMAGETYPE_2D;
            desc.views[0].texture.sample_type = SG_IMAGESAMPLETYPE_FLOAT;
            desc.views[0].texture.multisampled = false;
            desc.views[0].texture.hlsl_register_t_n = 0;
            desc.samplers[0].stage = SG_SHADERSTAGE_FRAGMENT;
            desc.samplers[0].sampler_type = SG_SAMPLERTYPE_FILTERING;
            desc.samplers[0].hlsl_register_s_n = 0;
            desc.texture_sampler_pairs[0].stage = SG_SHADERSTAGE_FRAGMENT;
            desc.texture_sampler_pairs[0].view_slot = 0;
            desc.texture_sampler_pairs[0].sampler_slot = 0;
            desc.label = "tcx_flow_physarum_age_update_shader";
        }
        return &desc;
    }
    if (backend == SG_BACKEND_METAL_MACOS) {
        static sg_shader_desc desc;
        static bool valid;
        if (!valid) {
            valid = true;
            desc.vertex_func.source = (const char*)physarum_fullscreen_vs_source_metal_macos;
            desc.vertex_func.entry = "main0";
            desc.fragment_func.source = (const char*)fs_physarum_age_update_source_metal_macos;
            desc.fragment_func.entry = "main0";
            desc.attrs[0].base_type = SG_SHADERATTRBASETYPE_FLOAT;
            desc.attrs[1].base_type = SG_SHADERATTRBASETYPE_FLOAT;
            desc.uniform_blocks[0].stage = SG_SHADERSTAGE_FRAGMENT;
            desc.uniform_blocks[0].layout = SG_UNIFORMLAYOUT_STD140;
            desc.uniform_blocks[0].size = 64;
            desc.uniform_blocks[0].msl_buffer_n = 0;
            desc.views[0].texture.stage = SG_SHADERSTAGE_FRAGMENT;
            desc.views[0].texture.image_type = SG_IMAGETYPE_2D;
            desc.views[0].texture.sample_type = SG_IMAGESAMPLETYPE_FLOAT;
            desc.views[0].texture.multisampled = false;
            desc.views[0].texture.msl_texture_n = 0;
            desc.samplers[0].stage = SG_SHADERSTAGE_FRAGMENT;
            desc.samplers[0].sampler_type = SG_SAMPLERTYPE_FILTERING;
            desc.samplers[0].msl_sampler_n = 0;
            desc.texture_sampler_pairs[0].stage = SG_SHADERSTAGE_FRAGMENT;
            desc.texture_sampler_pairs[0].view_slot = 0;
            desc.texture_sampler_pairs[0].sampler_slot = 0;
            desc.label = "tcx_flow_physarum_age_update_shader";
        }
        return &desc;
    }
    if (backend == SG_BACKEND_WGPU) {
        static sg_shader_desc desc;
        static bool valid;
        if (!valid) {
            valid = true;
            desc.vertex_func.source = (const char*)physarum_fullscreen_vs_source_wgsl;
            desc.vertex_func.entry = "main";
            desc.fragment_func.source = (const char*)fs_physarum_age_update_source_wgsl;
            desc.fragment_func.entry = "main";
            desc.attrs[0].base_type = SG_SHADERATTRBASETYPE_FLOAT;
            desc.attrs[1].base_type = SG_SHADERATTRBASETYPE_FLOAT;
            desc.uniform_blocks[0].stage = SG_SHADERSTAGE_FRAGMENT;
            desc.uniform_blocks[0].layout = SG_UNIFORMLAYOUT_STD140;
            desc.uniform_blocks[0].size = 64;
            desc.uniform_blocks[0].wgsl_group0_binding_n = 0;
            desc.views[0].texture.stage = SG_SHADERSTAGE_FRAGMENT;
            desc.views[0].texture.image_type = SG_IMAGETYPE_2D;
            desc.views[0].texture.sample_type = SG_IMAGESAMPLETYPE_FLOAT;
            desc.views[0].texture.multisampled = false;
            desc.views[0].texture.wgsl_group1_binding_n = 0;
            desc.samplers[0].stage = SG_SHADERSTAGE_FRAGMENT;
            desc.samplers[0].sampler_type = SG_SAMPLERTYPE_FILTERING;
            desc.samplers[0].wgsl_group1_binding_n = 32;
            desc.texture_sampler_pairs[0].stage = SG_SHADERSTAGE_FRAGMENT;
            desc.texture_sampler_pairs[0].view_slot = 0;
            desc.texture_sampler_pairs[0].sampler_slot = 0;
            desc.label = "tcx_flow_physarum_age_update_shader";
        }
        return &desc;
    }
    return 0;
}
static inline const sg_shader_desc* tcx_flow_physarum_deposit_shader_desc(sg_backend backend) {
    if (backend == SG_BACKEND_GLES3) {
        static sg_shader_desc desc;
        static bool valid;
        if (!valid) {
            valid = true;
            desc.vertex_func.source = (const char*)physarum_deposit_vs_source_glsl300es;
            desc.vertex_func.entry = "main";
            desc.fragment_func.source = (const char*)fs_physarum_deposit_source_glsl300es;
            desc.fragment_func.entry = "main";
            desc.attrs[0].base_type = SG_SHADERATTRBASETYPE_FLOAT;
            desc.attrs[0].glsl_name = "lookup";
            desc.attrs[1].base_type = SG_SHADERATTRBASETYPE_FLOAT;
            desc.attrs[1].glsl_name = "corner";
            desc.uniform_blocks[0].stage = SG_SHADERSTAGE_VERTEX;
            desc.uniform_blocks[0].layout = SG_UNIFORMLAYOUT_STD140;
            desc.uniform_blocks[0].size = 64;
            desc.uniform_blocks[0].glsl_uniforms[0].type = SG_UNIFORMTYPE_FLOAT4;
            desc.uniform_blocks[0].glsl_uniforms[0].array_count = 4;
            desc.uniform_blocks[0].glsl_uniforms[0].glsl_name = "physarum_point_params";
            desc.views[0].texture.stage = SG_SHADERSTAGE_VERTEX;
            desc.views[0].texture.image_type = SG_IMAGETYPE_2D;
            desc.views[0].texture.sample_type = SG_IMAGESAMPLETYPE_FLOAT;
            desc.views[0].texture.multisampled = false;
            desc.views[1].texture.stage = SG_SHADERSTAGE_VERTEX;
            desc.views[1].texture.image_type = SG_IMAGETYPE_2D;
            desc.views[1].texture.sample_type = SG_IMAGESAMPLETYPE_FLOAT;
            desc.views[1].texture.multisampled = false;
            desc.views[2].texture.stage = SG_SHADERSTAGE_VERTEX;
            desc.views[2].texture.image_type = SG_IMAGETYPE_2D;
            desc.views[2].texture.sample_type = SG_IMAGESAMPLETYPE_FLOAT;
            desc.views[2].texture.multisampled = false;
            desc.samplers[0].stage = SG_SHADERSTAGE_VERTEX;
            desc.samplers[0].sampler_type = SG_SAMPLERTYPE_FILTERING;
            desc.samplers[1].stage = SG_SHADERSTAGE_VERTEX;
            desc.samplers[1].sampler_type = SG_SAMPLERTYPE_FILTERING;
            desc.samplers[2].stage = SG_SHADERSTAGE_VERTEX;
            desc.samplers[2].sampler_type = SG_SAMPLERTYPE_FILTERING;
            desc.texture_sampler_pairs[0].stage = SG_SHADERSTAGE_VERTEX;
            desc.texture_sampler_pairs[0].view_slot = 0;
            desc.texture_sampler_pairs[0].sampler_slot = 0;
            desc.texture_sampler_pairs[0].glsl_name = "physarumPointStateTex_physarumPointStateSmp";
            desc.texture_sampler_pairs[1].stage = SG_SHADERSTAGE_VERTEX;
            desc.texture_sampler_pairs[1].view_slot = 1;
            desc.texture_sampler_pairs[1].sampler_slot = 1;
            desc.texture_sampler_pairs[1].glsl_name = "physarumPointVelocityTex_physarumPointVelocitySmp";
            desc.texture_sampler_pairs[2].stage = SG_SHADERSTAGE_VERTEX;
            desc.texture_sampler_pairs[2].view_slot = 2;
            desc.texture_sampler_pairs[2].sampler_slot = 2;
            desc.texture_sampler_pairs[2].glsl_name = "physarumPointAgeTex_physarumPointAgeSmp";
            desc.label = "tcx_flow_physarum_deposit_shader";
        }
        return &desc;
    }
    if (backend == SG_BACKEND_D3D11) {
        static sg_shader_desc desc;
        static bool valid;
        if (!valid) {
            valid = true;
            desc.vertex_func.source = (const char*)physarum_deposit_vs_source_hlsl5;
            desc.vertex_func.d3d11_target = "vs_5_0";
            desc.vertex_func.entry = "main";
            desc.fragment_func.source = (const char*)fs_physarum_deposit_source_hlsl5;
            desc.fragment_func.d3d11_target = "ps_5_0";
            desc.fragment_func.entry = "main";
            desc.attrs[0].base_type = SG_SHADERATTRBASETYPE_FLOAT;
            desc.attrs[0].hlsl_sem_name = "TEXCOORD";
            desc.attrs[0].hlsl_sem_index = 0;
            desc.attrs[1].base_type = SG_SHADERATTRBASETYPE_FLOAT;
            desc.attrs[1].hlsl_sem_name = "TEXCOORD";
            desc.attrs[1].hlsl_sem_index = 1;
            desc.uniform_blocks[0].stage = SG_SHADERSTAGE_VERTEX;
            desc.uniform_blocks[0].layout = SG_UNIFORMLAYOUT_STD140;
            desc.uniform_blocks[0].size = 64;
            desc.uniform_blocks[0].hlsl_register_b_n = 0;
            desc.views[0].texture.stage = SG_SHADERSTAGE_VERTEX;
            desc.views[0].texture.image_type = SG_IMAGETYPE_2D;
            desc.views[0].texture.sample_type = SG_IMAGESAMPLETYPE_FLOAT;
            desc.views[0].texture.multisampled = false;
            desc.views[0].texture.hlsl_register_t_n = 0;
            desc.views[1].texture.stage = SG_SHADERSTAGE_VERTEX;
            desc.views[1].texture.image_type = SG_IMAGETYPE_2D;
            desc.views[1].texture.sample_type = SG_IMAGESAMPLETYPE_FLOAT;
            desc.views[1].texture.multisampled = false;
            desc.views[1].texture.hlsl_register_t_n = 1;
            desc.views[2].texture.stage = SG_SHADERSTAGE_VERTEX;
            desc.views[2].texture.image_type = SG_IMAGETYPE_2D;
            desc.views[2].texture.sample_type = SG_IMAGESAMPLETYPE_FLOAT;
            desc.views[2].texture.multisampled = false;
            desc.views[2].texture.hlsl_register_t_n = 2;
            desc.samplers[0].stage = SG_SHADERSTAGE_VERTEX;
            desc.samplers[0].sampler_type = SG_SAMPLERTYPE_FILTERING;
            desc.samplers[0].hlsl_register_s_n = 0;
            desc.samplers[1].stage = SG_SHADERSTAGE_VERTEX;
            desc.samplers[1].sampler_type = SG_SAMPLERTYPE_FILTERING;
            desc.samplers[1].hlsl_register_s_n = 1;
            desc.samplers[2].stage = SG_SHADERSTAGE_VERTEX;
            desc.samplers[2].sampler_type = SG_SAMPLERTYPE_FILTERING;
            desc.samplers[2].hlsl_register_s_n = 2;
            desc.texture_sampler_pairs[0].stage = SG_SHADERSTAGE_VERTEX;
            desc.texture_sampler_pairs[0].view_slot = 0;
            desc.texture_sampler_pairs[0].sampler_slot = 0;
            desc.texture_sampler_pairs[1].stage = SG_SHADERSTAGE_VERTEX;
            desc.texture_sampler_pairs[1].view_slot = 1;
            desc.texture_sampler_pairs[1].sampler_slot = 1;
            desc.texture_sampler_pairs[2].stage = SG_SHADERSTAGE_VERTEX;
            desc.texture_sampler_pairs[2].view_slot = 2;
            desc.texture_sampler_pairs[2].sampler_slot = 2;
            desc.label = "tcx_flow_physarum_deposit_shader";
        }
        return &desc;
    }
    if (backend == SG_BACKEND_METAL_MACOS) {
        static sg_shader_desc desc;
        static bool valid;
        if (!valid) {
            valid = true;
            desc.vertex_func.source = (const char*)physarum_deposit_vs_source_metal_macos;
            desc.vertex_func.entry = "main0";
            desc.fragment_func.source = (const char*)fs_physarum_deposit_source_metal_macos;
            desc.fragment_func.entry = "main0";
            desc.attrs[0].base_type = SG_SHADERATTRBASETYPE_FLOAT;
            desc.attrs[1].base_type = SG_SHADERATTRBASETYPE_FLOAT;
            desc.uniform_blocks[0].stage = SG_SHADERSTAGE_VERTEX;
            desc.uniform_blocks[0].layout = SG_UNIFORMLAYOUT_STD140;
            desc.uniform_blocks[0].size = 64;
            desc.uniform_blocks[0].msl_buffer_n = 0;
            desc.views[0].texture.stage = SG_SHADERSTAGE_VERTEX;
            desc.views[0].texture.image_type = SG_IMAGETYPE_2D;
            desc.views[0].texture.sample_type = SG_IMAGESAMPLETYPE_FLOAT;
            desc.views[0].texture.multisampled = false;
            desc.views[0].texture.msl_texture_n = 0;
            desc.views[1].texture.stage = SG_SHADERSTAGE_VERTEX;
            desc.views[1].texture.image_type = SG_IMAGETYPE_2D;
            desc.views[1].texture.sample_type = SG_IMAGESAMPLETYPE_FLOAT;
            desc.views[1].texture.multisampled = false;
            desc.views[1].texture.msl_texture_n = 1;
            desc.views[2].texture.stage = SG_SHADERSTAGE_VERTEX;
            desc.views[2].texture.image_type = SG_IMAGETYPE_2D;
            desc.views[2].texture.sample_type = SG_IMAGESAMPLETYPE_FLOAT;
            desc.views[2].texture.multisampled = false;
            desc.views[2].texture.msl_texture_n = 2;
            desc.samplers[0].stage = SG_SHADERSTAGE_VERTEX;
            desc.samplers[0].sampler_type = SG_SAMPLERTYPE_FILTERING;
            desc.samplers[0].msl_sampler_n = 0;
            desc.samplers[1].stage = SG_SHADERSTAGE_VERTEX;
            desc.samplers[1].sampler_type = SG_SAMPLERTYPE_FILTERING;
            desc.samplers[1].msl_sampler_n = 1;
            desc.samplers[2].stage = SG_SHADERSTAGE_VERTEX;
            desc.samplers[2].sampler_type = SG_SAMPLERTYPE_FILTERING;
            desc.samplers[2].msl_sampler_n = 2;
            desc.texture_sampler_pairs[0].stage = SG_SHADERSTAGE_VERTEX;
            desc.texture_sampler_pairs[0].view_slot = 0;
            desc.texture_sampler_pairs[0].sampler_slot = 0;
            desc.texture_sampler_pairs[1].stage = SG_SHADERSTAGE_VERTEX;
            desc.texture_sampler_pairs[1].view_slot = 1;
            desc.texture_sampler_pairs[1].sampler_slot = 1;
            desc.texture_sampler_pairs[2].stage = SG_SHADERSTAGE_VERTEX;
            desc.texture_sampler_pairs[2].view_slot = 2;
            desc.texture_sampler_pairs[2].sampler_slot = 2;
            desc.label = "tcx_flow_physarum_deposit_shader";
        }
        return &desc;
    }
    if (backend == SG_BACKEND_WGPU) {
        static sg_shader_desc desc;
        static bool valid;
        if (!valid) {
            valid = true;
            desc.vertex_func.source = (const char*)physarum_deposit_vs_source_wgsl;
            desc.vertex_func.entry = "main";
            desc.fragment_func.source = (const char*)fs_physarum_deposit_source_wgsl;
            desc.fragment_func.entry = "main";
            desc.attrs[0].base_type = SG_SHADERATTRBASETYPE_FLOAT;
            desc.attrs[1].base_type = SG_SHADERATTRBASETYPE_FLOAT;
            desc.uniform_blocks[0].stage = SG_SHADERSTAGE_VERTEX;
            desc.uniform_blocks[0].layout = SG_UNIFORMLAYOUT_STD140;
            desc.uniform_blocks[0].size = 64;
            desc.uniform_blocks[0].wgsl_group0_binding_n = 0;
            desc.views[0].texture.stage = SG_SHADERSTAGE_VERTEX;
            desc.views[0].texture.image_type = SG_IMAGETYPE_2D;
            desc.views[0].texture.sample_type = SG_IMAGESAMPLETYPE_FLOAT;
            desc.views[0].texture.multisampled = false;
            desc.views[0].texture.wgsl_group1_binding_n = 0;
            desc.views[1].texture.stage = SG_SHADERSTAGE_VERTEX;
            desc.views[1].texture.image_type = SG_IMAGETYPE_2D;
            desc.views[1].texture.sample_type = SG_IMAGESAMPLETYPE_FLOAT;
            desc.views[1].texture.multisampled = false;
            desc.views[1].texture.wgsl_group1_binding_n = 1;
            desc.views[2].texture.stage = SG_SHADERSTAGE_VERTEX;
            desc.views[2].texture.image_type = SG_IMAGETYPE_2D;
            desc.views[2].texture.sample_type = SG_IMAGESAMPLETYPE_FLOAT;
            desc.views[2].texture.multisampled = false;
            desc.views[2].texture.wgsl_group1_binding_n = 2;
            desc.samplers[0].stage = SG_SHADERSTAGE_VERTEX;
            desc.samplers[0].sampler_type = SG_SAMPLERTYPE_FILTERING;
            desc.samplers[0].wgsl_group1_binding_n = 32;
            desc.samplers[1].stage = SG_SHADERSTAGE_VERTEX;
            desc.samplers[1].sampler_type = SG_SAMPLERTYPE_FILTERING;
            desc.samplers[1].wgsl_group1_binding_n = 33;
            desc.samplers[2].stage = SG_SHADERSTAGE_VERTEX;
            desc.samplers[2].sampler_type = SG_SAMPLERTYPE_FILTERING;
            desc.samplers[2].wgsl_group1_binding_n = 34;
            desc.texture_sampler_pairs[0].stage = SG_SHADERSTAGE_VERTEX;
            desc.texture_sampler_pairs[0].view_slot = 0;
            desc.texture_sampler_pairs[0].sampler_slot = 0;
            desc.texture_sampler_pairs[1].stage = SG_SHADERSTAGE_VERTEX;
            desc.texture_sampler_pairs[1].view_slot = 1;
            desc.texture_sampler_pairs[1].sampler_slot = 1;
            desc.texture_sampler_pairs[2].stage = SG_SHADERSTAGE_VERTEX;
            desc.texture_sampler_pairs[2].view_slot = 2;
            desc.texture_sampler_pairs[2].sampler_slot = 2;
            desc.label = "tcx_flow_physarum_deposit_shader";
        }
        return &desc;
    }
    return 0;
}
static inline const sg_shader_desc* tcx_flow_physarum_spawn_shader_desc(sg_backend backend) {
    if (backend == SG_BACKEND_GLES3) {
        static sg_shader_desc desc;
        static bool valid;
        if (!valid) {
            valid = true;
            desc.vertex_func.source = (const char*)physarum_fullscreen_vs_source_glsl300es;
            desc.vertex_func.entry = "main";
            desc.fragment_func.source = (const char*)fs_physarum_spawn_source_glsl300es;
            desc.fragment_func.entry = "main";
            desc.attrs[0].base_type = SG_SHADERATTRBASETYPE_FLOAT;
            desc.attrs[0].glsl_name = "position";
            desc.attrs[1].base_type = SG_SHADERATTRBASETYPE_FLOAT;
            desc.attrs[1].glsl_name = "texcoord0";
            desc.uniform_blocks[0].stage = SG_SHADERSTAGE_FRAGMENT;
            desc.uniform_blocks[0].layout = SG_UNIFORMLAYOUT_STD140;
            desc.uniform_blocks[0].size = 64;
            desc.uniform_blocks[0].glsl_uniforms[0].type = SG_UNIFORMTYPE_FLOAT4;
            desc.uniform_blocks[0].glsl_uniforms[0].array_count = 4;
            desc.uniform_blocks[0].glsl_uniforms[0].glsl_name = "physarum_params";
            desc.label = "tcx_flow_physarum_spawn_shader";
        }
        return &desc;
    }
    if (backend == SG_BACKEND_D3D11) {
        static sg_shader_desc desc;
        static bool valid;
        if (!valid) {
            valid = true;
            desc.vertex_func.source = (const char*)physarum_fullscreen_vs_source_hlsl5;
            desc.vertex_func.d3d11_target = "vs_5_0";
            desc.vertex_func.entry = "main";
            desc.fragment_func.source = (const char*)fs_physarum_spawn_source_hlsl5;
            desc.fragment_func.d3d11_target = "ps_5_0";
            desc.fragment_func.entry = "main";
            desc.attrs[0].base_type = SG_SHADERATTRBASETYPE_FLOAT;
            desc.attrs[0].hlsl_sem_name = "TEXCOORD";
            desc.attrs[0].hlsl_sem_index = 0;
            desc.attrs[1].base_type = SG_SHADERATTRBASETYPE_FLOAT;
            desc.attrs[1].hlsl_sem_name = "TEXCOORD";
            desc.attrs[1].hlsl_sem_index = 1;
            desc.uniform_blocks[0].stage = SG_SHADERSTAGE_FRAGMENT;
            desc.uniform_blocks[0].layout = SG_UNIFORMLAYOUT_STD140;
            desc.uniform_blocks[0].size = 64;
            desc.uniform_blocks[0].hlsl_register_b_n = 0;
            desc.label = "tcx_flow_physarum_spawn_shader";
        }
        return &desc;
    }
    if (backend == SG_BACKEND_METAL_MACOS) {
        static sg_shader_desc desc;
        static bool valid;
        if (!valid) {
            valid = true;
            desc.vertex_func.source = (const char*)physarum_fullscreen_vs_source_metal_macos;
            desc.vertex_func.entry = "main0";
            desc.fragment_func.source = (const char*)fs_physarum_spawn_source_metal_macos;
            desc.fragment_func.entry = "main0";
            desc.attrs[0].base_type = SG_SHADERATTRBASETYPE_FLOAT;
            desc.attrs[1].base_type = SG_SHADERATTRBASETYPE_FLOAT;
            desc.uniform_blocks[0].stage = SG_SHADERSTAGE_FRAGMENT;
            desc.uniform_blocks[0].layout = SG_UNIFORMLAYOUT_STD140;
            desc.uniform_blocks[0].size = 64;
            desc.uniform_blocks[0].msl_buffer_n = 0;
            desc.label = "tcx_flow_physarum_spawn_shader";
        }
        return &desc;
    }
    if (backend == SG_BACKEND_WGPU) {
        static sg_shader_desc desc;
        static bool valid;
        if (!valid) {
            valid = true;
            desc.vertex_func.source = (const char*)physarum_fullscreen_vs_source_wgsl;
            desc.vertex_func.entry = "main";
            desc.fragment_func.source = (const char*)fs_physarum_spawn_source_wgsl;
            desc.fragment_func.entry = "main";
            desc.attrs[0].base_type = SG_SHADERATTRBASETYPE_FLOAT;
            desc.attrs[1].base_type = SG_SHADERATTRBASETYPE_FLOAT;
            desc.uniform_blocks[0].stage = SG_SHADERSTAGE_FRAGMENT;
            desc.uniform_blocks[0].layout = SG_UNIFORMLAYOUT_STD140;
            desc.uniform_blocks[0].size = 64;
            desc.uniform_blocks[0].wgsl_group0_binding_n = 0;
            desc.label = "tcx_flow_physarum_spawn_shader";
        }
        return &desc;
    }
    return 0;
}
static inline const sg_shader_desc* tcx_flow_physarum_update_shader_desc(sg_backend backend) {
    if (backend == SG_BACKEND_GLES3) {
        static sg_shader_desc desc;
        static bool valid;
        if (!valid) {
            valid = true;
            desc.vertex_func.source = (const char*)physarum_fullscreen_vs_source_glsl300es;
            desc.vertex_func.entry = "main";
            desc.fragment_func.source = (const char*)fs_physarum_update_source_glsl300es;
            desc.fragment_func.entry = "main";
            desc.attrs[0].base_type = SG_SHADERATTRBASETYPE_FLOAT;
            desc.attrs[0].glsl_name = "position";
            desc.attrs[1].base_type = SG_SHADERATTRBASETYPE_FLOAT;
            desc.attrs[1].glsl_name = "texcoord0";
            desc.uniform_blocks[0].stage = SG_SHADERSTAGE_FRAGMENT;
            desc.uniform_blocks[0].layout = SG_UNIFORMLAYOUT_STD140;
            desc.uniform_blocks[0].size = 64;
            desc.uniform_blocks[0].glsl_uniforms[0].type = SG_UNIFORMTYPE_FLOAT4;
            desc.uniform_blocks[0].glsl_uniforms[0].array_count = 4;
            desc.uniform_blocks[0].glsl_uniforms[0].glsl_name = "physarum_params";
            desc.views[0].texture.stage = SG_SHADERSTAGE_FRAGMENT;
            desc.views[0].texture.image_type = SG_IMAGETYPE_2D;
            desc.views[0].texture.sample_type = SG_IMAGESAMPLETYPE_FLOAT;
            desc.views[0].texture.multisampled = false;
            desc.views[1].texture.stage = SG_SHADERSTAGE_FRAGMENT;
            desc.views[1].texture.image_type = SG_IMAGETYPE_2D;
            desc.views[1].texture.sample_type = SG_IMAGESAMPLETYPE_FLOAT;
            desc.views[1].texture.multisampled = false;
            desc.views[2].texture.stage = SG_SHADERSTAGE_FRAGMENT;
            desc.views[2].texture.image_type = SG_IMAGETYPE_2D;
            desc.views[2].texture.sample_type = SG_IMAGESAMPLETYPE_FLOAT;
            desc.views[2].texture.multisampled = false;
            desc.views[3].texture.stage = SG_SHADERSTAGE_FRAGMENT;
            desc.views[3].texture.image_type = SG_IMAGETYPE_2D;
            desc.views[3].texture.sample_type = SG_IMAGESAMPLETYPE_FLOAT;
            desc.views[3].texture.multisampled = false;
            desc.samplers[0].stage = SG_SHADERSTAGE_FRAGMENT;
            desc.samplers[0].sampler_type = SG_SAMPLERTYPE_FILTERING;
            desc.samplers[1].stage = SG_SHADERSTAGE_FRAGMENT;
            desc.samplers[1].sampler_type = SG_SAMPLERTYPE_FILTERING;
            desc.samplers[2].stage = SG_SHADERSTAGE_FRAGMENT;
            desc.samplers[2].sampler_type = SG_SAMPLERTYPE_FILTERING;
            desc.samplers[3].stage = SG_SHADERSTAGE_FRAGMENT;
            desc.samplers[3].sampler_type = SG_SAMPLERTYPE_FILTERING;
            desc.texture_sampler_pairs[0].stage = SG_SHADERSTAGE_FRAGMENT;
            desc.texture_sampler_pairs[0].view_slot = 0;
            desc.texture_sampler_pairs[0].sampler_slot = 0;
            desc.texture_sampler_pairs[0].glsl_name = "physarumStateTex_physarumStateSmp";
            desc.texture_sampler_pairs[1].stage = SG_SHADERSTAGE_FRAGMENT;
            desc.texture_sampler_pairs[1].view_slot = 1;
            desc.texture_sampler_pairs[1].sampler_slot = 1;
            desc.texture_sampler_pairs[1].glsl_name = "physarumVelocityTex_physarumVelocitySmp";
            desc.texture_sampler_pairs[2].stage = SG_SHADERSTAGE_FRAGMENT;
            desc.texture_sampler_pairs[2].view_slot = 2;
            desc.texture_sampler_pairs[2].sampler_slot = 2;
            desc.texture_sampler_pairs[2].glsl_name = "physarumAgeTex_physarumAgeSmp";
            desc.texture_sampler_pairs[3].stage = SG_SHADERSTAGE_FRAGMENT;
            desc.texture_sampler_pairs[3].view_slot = 3;
            desc.texture_sampler_pairs[3].sampler_slot = 3;
            desc.texture_sampler_pairs[3].glsl_name = "physarumInitialTex_physarumInitialSmp";
            desc.label = "tcx_flow_physarum_update_shader";
        }
        return &desc;
    }
    if (backend == SG_BACKEND_D3D11) {
        static sg_shader_desc desc;
        static bool valid;
        if (!valid) {
            valid = true;
            desc.vertex_func.source = (const char*)physarum_fullscreen_vs_source_hlsl5;
            desc.vertex_func.d3d11_target = "vs_5_0";
            desc.vertex_func.entry = "main";
            desc.fragment_func.source = (const char*)fs_physarum_update_source_hlsl5;
            desc.fragment_func.d3d11_target = "ps_5_0";
            desc.fragment_func.entry = "main";
            desc.attrs[0].base_type = SG_SHADERATTRBASETYPE_FLOAT;
            desc.attrs[0].hlsl_sem_name = "TEXCOORD";
            desc.attrs[0].hlsl_sem_index = 0;
            desc.attrs[1].base_type = SG_SHADERATTRBASETYPE_FLOAT;
            desc.attrs[1].hlsl_sem_name = "TEXCOORD";
            desc.attrs[1].hlsl_sem_index = 1;
            desc.uniform_blocks[0].stage = SG_SHADERSTAGE_FRAGMENT;
            desc.uniform_blocks[0].layout = SG_UNIFORMLAYOUT_STD140;
            desc.uniform_blocks[0].size = 64;
            desc.uniform_blocks[0].hlsl_register_b_n = 0;
            desc.views[0].texture.stage = SG_SHADERSTAGE_FRAGMENT;
            desc.views[0].texture.image_type = SG_IMAGETYPE_2D;
            desc.views[0].texture.sample_type = SG_IMAGESAMPLETYPE_FLOAT;
            desc.views[0].texture.multisampled = false;
            desc.views[0].texture.hlsl_register_t_n = 0;
            desc.views[1].texture.stage = SG_SHADERSTAGE_FRAGMENT;
            desc.views[1].texture.image_type = SG_IMAGETYPE_2D;
            desc.views[1].texture.sample_type = SG_IMAGESAMPLETYPE_FLOAT;
            desc.views[1].texture.multisampled = false;
            desc.views[1].texture.hlsl_register_t_n = 1;
            desc.views[2].texture.stage = SG_SHADERSTAGE_FRAGMENT;
            desc.views[2].texture.image_type = SG_IMAGETYPE_2D;
            desc.views[2].texture.sample_type = SG_IMAGESAMPLETYPE_FLOAT;
            desc.views[2].texture.multisampled = false;
            desc.views[2].texture.hlsl_register_t_n = 2;
            desc.views[3].texture.stage = SG_SHADERSTAGE_FRAGMENT;
            desc.views[3].texture.image_type = SG_IMAGETYPE_2D;
            desc.views[3].texture.sample_type = SG_IMAGESAMPLETYPE_FLOAT;
            desc.views[3].texture.multisampled = false;
            desc.views[3].texture.hlsl_register_t_n = 3;
            desc.samplers[0].stage = SG_SHADERSTAGE_FRAGMENT;
            desc.samplers[0].sampler_type = SG_SAMPLERTYPE_FILTERING;
            desc.samplers[0].hlsl_register_s_n = 0;
            desc.samplers[1].stage = SG_SHADERSTAGE_FRAGMENT;
            desc.samplers[1].sampler_type = SG_SAMPLERTYPE_FILTERING;
            desc.samplers[1].hlsl_register_s_n = 1;
            desc.samplers[2].stage = SG_SHADERSTAGE_FRAGMENT;
            desc.samplers[2].sampler_type = SG_SAMPLERTYPE_FILTERING;
            desc.samplers[2].hlsl_register_s_n = 2;
            desc.samplers[3].stage = SG_SHADERSTAGE_FRAGMENT;
            desc.samplers[3].sampler_type = SG_SAMPLERTYPE_FILTERING;
            desc.samplers[3].hlsl_register_s_n = 3;
            desc.texture_sampler_pairs[0].stage = SG_SHADERSTAGE_FRAGMENT;
            desc.texture_sampler_pairs[0].view_slot = 0;
            desc.texture_sampler_pairs[0].sampler_slot = 0;
            desc.texture_sampler_pairs[1].stage = SG_SHADERSTAGE_FRAGMENT;
            desc.texture_sampler_pairs[1].view_slot = 1;
            desc.texture_sampler_pairs[1].sampler_slot = 1;
            desc.texture_sampler_pairs[2].stage = SG_SHADERSTAGE_FRAGMENT;
            desc.texture_sampler_pairs[2].view_slot = 2;
            desc.texture_sampler_pairs[2].sampler_slot = 2;
            desc.texture_sampler_pairs[3].stage = SG_SHADERSTAGE_FRAGMENT;
            desc.texture_sampler_pairs[3].view_slot = 3;
            desc.texture_sampler_pairs[3].sampler_slot = 3;
            desc.label = "tcx_flow_physarum_update_shader";
        }
        return &desc;
    }
    if (backend == SG_BACKEND_METAL_MACOS) {
        static sg_shader_desc desc;
        static bool valid;
        if (!valid) {
            valid = true;
            desc.vertex_func.source = (const char*)physarum_fullscreen_vs_source_metal_macos;
            desc.vertex_func.entry = "main0";
            desc.fragment_func.source = (const char*)fs_physarum_update_source_metal_macos;
            desc.fragment_func.entry = "main0";
            desc.attrs[0].base_type = SG_SHADERATTRBASETYPE_FLOAT;
            desc.attrs[1].base_type = SG_SHADERATTRBASETYPE_FLOAT;
            desc.uniform_blocks[0].stage = SG_SHADERSTAGE_FRAGMENT;
            desc.uniform_blocks[0].layout = SG_UNIFORMLAYOUT_STD140;
            desc.uniform_blocks[0].size = 64;
            desc.uniform_blocks[0].msl_buffer_n = 0;
            desc.views[0].texture.stage = SG_SHADERSTAGE_FRAGMENT;
            desc.views[0].texture.image_type = SG_IMAGETYPE_2D;
            desc.views[0].texture.sample_type = SG_IMAGESAMPLETYPE_FLOAT;
            desc.views[0].texture.multisampled = false;
            desc.views[0].texture.msl_texture_n = 0;
            desc.views[1].texture.stage = SG_SHADERSTAGE_FRAGMENT;
            desc.views[1].texture.image_type = SG_IMAGETYPE_2D;
            desc.views[1].texture.sample_type = SG_IMAGESAMPLETYPE_FLOAT;
            desc.views[1].texture.multisampled = false;
            desc.views[1].texture.msl_texture_n = 1;
            desc.views[2].texture.stage = SG_SHADERSTAGE_FRAGMENT;
            desc.views[2].texture.image_type = SG_IMAGETYPE_2D;
            desc.views[2].texture.sample_type = SG_IMAGESAMPLETYPE_FLOAT;
            desc.views[2].texture.multisampled = false;
            desc.views[2].texture.msl_texture_n = 2;
            desc.views[3].texture.stage = SG_SHADERSTAGE_FRAGMENT;
            desc.views[3].texture.image_type = SG_IMAGETYPE_2D;
            desc.views[3].texture.sample_type = SG_IMAGESAMPLETYPE_FLOAT;
            desc.views[3].texture.multisampled = false;
            desc.views[3].texture.msl_texture_n = 3;
            desc.samplers[0].stage = SG_SHADERSTAGE_FRAGMENT;
            desc.samplers[0].sampler_type = SG_SAMPLERTYPE_FILTERING;
            desc.samplers[0].msl_sampler_n = 0;
            desc.samplers[1].stage = SG_SHADERSTAGE_FRAGMENT;
            desc.samplers[1].sampler_type = SG_SAMPLERTYPE_FILTERING;
            desc.samplers[1].msl_sampler_n = 1;
            desc.samplers[2].stage = SG_SHADERSTAGE_FRAGMENT;
            desc.samplers[2].sampler_type = SG_SAMPLERTYPE_FILTERING;
            desc.samplers[2].msl_sampler_n = 2;
            desc.samplers[3].stage = SG_SHADERSTAGE_FRAGMENT;
            desc.samplers[3].sampler_type = SG_SAMPLERTYPE_FILTERING;
            desc.samplers[3].msl_sampler_n = 3;
            desc.texture_sampler_pairs[0].stage = SG_SHADERSTAGE_FRAGMENT;
            desc.texture_sampler_pairs[0].view_slot = 0;
            desc.texture_sampler_pairs[0].sampler_slot = 0;
            desc.texture_sampler_pairs[1].stage = SG_SHADERSTAGE_FRAGMENT;
            desc.texture_sampler_pairs[1].view_slot = 1;
            desc.texture_sampler_pairs[1].sampler_slot = 1;
            desc.texture_sampler_pairs[2].stage = SG_SHADERSTAGE_FRAGMENT;
            desc.texture_sampler_pairs[2].view_slot = 2;
            desc.texture_sampler_pairs[2].sampler_slot = 2;
            desc.texture_sampler_pairs[3].stage = SG_SHADERSTAGE_FRAGMENT;
            desc.texture_sampler_pairs[3].view_slot = 3;
            desc.texture_sampler_pairs[3].sampler_slot = 3;
            desc.label = "tcx_flow_physarum_update_shader";
        }
        return &desc;
    }
    if (backend == SG_BACKEND_WGPU) {
        static sg_shader_desc desc;
        static bool valid;
        if (!valid) {
            valid = true;
            desc.vertex_func.source = (const char*)physarum_fullscreen_vs_source_wgsl;
            desc.vertex_func.entry = "main";
            desc.fragment_func.source = (const char*)fs_physarum_update_source_wgsl;
            desc.fragment_func.entry = "main";
            desc.attrs[0].base_type = SG_SHADERATTRBASETYPE_FLOAT;
            desc.attrs[1].base_type = SG_SHADERATTRBASETYPE_FLOAT;
            desc.uniform_blocks[0].stage = SG_SHADERSTAGE_FRAGMENT;
            desc.uniform_blocks[0].layout = SG_UNIFORMLAYOUT_STD140;
            desc.uniform_blocks[0].size = 64;
            desc.uniform_blocks[0].wgsl_group0_binding_n = 0;
            desc.views[0].texture.stage = SG_SHADERSTAGE_FRAGMENT;
            desc.views[0].texture.image_type = SG_IMAGETYPE_2D;
            desc.views[0].texture.sample_type = SG_IMAGESAMPLETYPE_FLOAT;
            desc.views[0].texture.multisampled = false;
            desc.views[0].texture.wgsl_group1_binding_n = 0;
            desc.views[1].texture.stage = SG_SHADERSTAGE_FRAGMENT;
            desc.views[1].texture.image_type = SG_IMAGETYPE_2D;
            desc.views[1].texture.sample_type = SG_IMAGESAMPLETYPE_FLOAT;
            desc.views[1].texture.multisampled = false;
            desc.views[1].texture.wgsl_group1_binding_n = 1;
            desc.views[2].texture.stage = SG_SHADERSTAGE_FRAGMENT;
            desc.views[2].texture.image_type = SG_IMAGETYPE_2D;
            desc.views[2].texture.sample_type = SG_IMAGESAMPLETYPE_FLOAT;
            desc.views[2].texture.multisampled = false;
            desc.views[2].texture.wgsl_group1_binding_n = 2;
            desc.views[3].texture.stage = SG_SHADERSTAGE_FRAGMENT;
            desc.views[3].texture.image_type = SG_IMAGETYPE_2D;
            desc.views[3].texture.sample_type = SG_IMAGESAMPLETYPE_FLOAT;
            desc.views[3].texture.multisampled = false;
            desc.views[3].texture.wgsl_group1_binding_n = 3;
            desc.samplers[0].stage = SG_SHADERSTAGE_FRAGMENT;
            desc.samplers[0].sampler_type = SG_SAMPLERTYPE_FILTERING;
            desc.samplers[0].wgsl_group1_binding_n = 32;
            desc.samplers[1].stage = SG_SHADERSTAGE_FRAGMENT;
            desc.samplers[1].sampler_type = SG_SAMPLERTYPE_FILTERING;
            desc.samplers[1].wgsl_group1_binding_n = 33;
            desc.samplers[2].stage = SG_SHADERSTAGE_FRAGMENT;
            desc.samplers[2].sampler_type = SG_SAMPLERTYPE_FILTERING;
            desc.samplers[2].wgsl_group1_binding_n = 34;
            desc.samplers[3].stage = SG_SHADERSTAGE_FRAGMENT;
            desc.samplers[3].sampler_type = SG_SAMPLERTYPE_FILTERING;
            desc.samplers[3].wgsl_group1_binding_n = 35;
            desc.texture_sampler_pairs[0].stage = SG_SHADERSTAGE_FRAGMENT;
            desc.texture_sampler_pairs[0].view_slot = 0;
            desc.texture_sampler_pairs[0].sampler_slot = 0;
            desc.texture_sampler_pairs[1].stage = SG_SHADERSTAGE_FRAGMENT;
            desc.texture_sampler_pairs[1].view_slot = 1;
            desc.texture_sampler_pairs[1].sampler_slot = 1;
            desc.texture_sampler_pairs[2].stage = SG_SHADERSTAGE_FRAGMENT;
            desc.texture_sampler_pairs[2].view_slot = 2;
            desc.texture_sampler_pairs[2].sampler_slot = 2;
            desc.texture_sampler_pairs[3].stage = SG_SHADERSTAGE_FRAGMENT;
            desc.texture_sampler_pairs[3].view_slot = 3;
            desc.texture_sampler_pairs[3].sampler_slot = 3;
            desc.label = "tcx_flow_physarum_update_shader";
        }
        return &desc;
    }
    return 0;
}
